0	0.0125	0.025	0.0375	0.05	0.0625	0.075	0.0875	0.1	0.1125	0.125	0.1375	0.15	0.1625	0.175	0.1875	0.2	0.2125	0.225	0.2375	0.25	0.2625	0.275	0.2875	0.3	0.3125	0.325	0.3375	0.35	0.3625	0.375	0.3875	0.4	0.4125	0.425	0.4375	0.45	0.4625	0.475	0.4875	0.5	0.5125	0.525	0.5375	0.55	0.5625	0.575	0.5875	0.6	0.6125	0.625	0.6375	0.65	0.6625	0.675	0.6875	0.7	0.7125	0.725	0.7375	0.75	0.7625	0.775	0.7875	0.8	0.8125	0.825	0.8375	0.85	0.8625	0.875	0.8875	0.9	0.9125	0.925	0.9375	0.95	0.9625	0.975	0.9875	1	0.996875	0.99375	0.990625	0.9875	0.984375	0.98125	0.978125	0.975	0.971875	0.96875	0.965625	0.9625	0.959375	0.95625	0.953125	0.95	0.946875	0.94375	0.940625	0.9375	0.934375	0.93125	0.928125	0.925	0.921875	0.91875	0.915625	0.9125	0.909375	0.90625	0.903125	0.9	0.896875	0.89375	0.890625	0.8875	0.884375	0.88125	0.878125	0.875	0.871875	0.86875	0.865625	0.8625	0.859375	0.85625	0.853125	0.85	0.846875	0.84375	0.840625	0.8375	0.834375	0.83125	0.828125	0.825	0.821875	0.81875	0.815625	0.8125	0.809375	0.80625	0.803125	0.8	0.796875	0.79375	0.790625	0.7875	0.784375	0.78125	0.778125	0.775	0.771875	0.76875	0.765625	0.7625	0.759375	0.75625	0.753125	0.75	0.746875	0.74375	0.740625	0.7375	0.734375	0.73125	0.728125	0.725	0.721875	0.71875	0.715625	0.7125	0.709375	0.70625	0.703125	0.7	0.696875	0.69375	0.690625	0.6875	0.684375	0.68125	0.678125	0.675	0.671875	0.66875	0.665625	0.6625	0.659375	0.65625	0.653125	0.65	0.646875	0.64375	0.640625	0.6375	0.634375	0.63125	0.628125	0.625	0.621875	0.61875	0.615625	0.6125	0.609375	0.60625	0.603125	0.6	0.596875	0.59375	0.590625	0.5875	0.584375	0.58125	0.578125	0.575	0.571875	0.56875	0.565625	0.5625	0.559375	0.55625	0.553125	0.55	0.546875	0.54375	0.540625	0.5375	0.534375	0.53125	0.528125	0.525	0.521875	0.51875	0.515625	0.5125	0.509375	0.50625	0.503125	0.5	0.496875	0.49375	0.490625	0.4875	0.484375	0.48125	0.478125	0.475	0.471875	0.46875	0.465625	0.4625	0.459375	0.45625	0.453125	0.45	0.446875	0.44375	0.440625	0.4375	0.434375	0.43125	0.428125	0.425	0.421875	0.41875	0.415625	0.4125	0.409375	0.40625	0.403125	0.4	0.396875	0.39375	0.390625	0.3875	0.384375	0.38125	0.378125	0.375	0.371875	0.36875	0.365625	0.3625	0.359375	0.35625	0.353125	0.35	0.346875	0.34375	0.340625	0.3375	0.334375	0.33125	0.328125	0.325	0.321875	0.31875	0.315625	0.3125	0.309375	0.30625	0.303125	0.3	0.296875	0.29375	0.290625	0.2875	0.284375	0.28125	0.278125	0.275	0.271875	0.26875	0.265625	0.2625	0.259375	0.25625	0.253125	0.25	0.246875	0.24375	0.240625	0.2375	0.234375	0.23125	0.228125	0.225	0.221875	0.21875	0.215625	0.2125	0.209375	0.20625	0.203125	0.2	0.196875	0.19375	0.190625	0.1875	0.184375	0.18125	0.178125	0.175	0.171875	0.16875	0.165625	0.1625	0.159375	0.15625	0.153125	0.15	0.146875	0.14375	0.140625	0.1375	0.134375	0.13125	0.128125	0.125	0.121875	0.11875	0.115625	0.1125	0.109375	0.10625	0.103125	0.1	0.096875	0.09375	0.090625	0.0875	0.084375	0.08125	0.078125	0.075	0.071875	0.06875	0.065625	0.0625	0.059375	0.05625	0.053125	0.05	0.046875	0.04375	0.040625	0.0375	0.034375	0.03125	0.028125	0.025	0.021875	0.01875	0.015625	0.0125	0.009375	0.00625	0.003125	0
0	0.0125	0.025	0.0375	0.05	0.0625	0.075	0.0875	0.1	0.1125	0.125	0.1375	0.15	0.1625	0.175	0.1875	0.2	0.2125	0.225	0.2375	0.25	0.2625	0.275	0.2875	0.3	0.3125	0.325	0.3375	0.35	0.3625	0.375	0.3875	0.4	0.4125	0.425	0.4375	0.45	0.4625	0.475	0.4875	0.5	0.5125	0.525	0.5375	0.55	0.5625	0.575	0.5875	0.6	0.6125	0.625	0.6375	0.65	0.6625	0.675	0.6875	0.7	0.7125	0.725	0.7375	0.742188	0.746875	0.751562	0.75625	0.760937	0.765625	0.770312	0.775	0.779687	0.784375	0.789062	0.79375	0.798437	0.803125	0.807812	0.8125	0.817187	0.821875	0.826562	0.83125	0.835938	0.840625	0.845312	0.85	0.854687	0.859375	0.864062	0.86875	0.873437	0.878125	0.882812	0.8875	0.892187	0.896875	0.901562	0.90625	0.910937	0.915625	0.920312	0.925	0.929688	0.934375	0.93125	0.928125	0.925	0.921875	0.91875	0.915625	0.9125	0.909375	0.90625	0.903125	0.9	0.896875	0.89375	0.890625	0.8875	0.884375	0.88125	0.878125	0.875	0.871875	0.86875	0.865625	0.8625	0.859375	0.85625	0.853125	0.85	0.846875	0.84375	0.840625	0.8375	0.834375	0.83125	0.828125	0.825	0.821875	0.81875	0.815625	0.8125	0.809375	0.80625	0.803125	0.8	0.796875	0.79375	0.790625	0.7875	0.784375	0.78125	0.778125	0.775	0.771875	0.76875	0.765625	0.7625	0.759375	0.75625	0.753125	0.75	0.746875	0.74375	0.740625	0.7375	0.734375	0.73125	0.728125	0.725	0.721875	0.71875	0.715625	0.7125	0.709375	0.70625	0.703125	0.7	0.696875	0.69375	0.690625	0.6875	0.684375	0.68125	0.678125	0.675	0.671875	0.66875	0.665625	0.6625	0.659375	0.65625	0.653125	0.65	0.646875	0.64375	0.640625	0.6375	0.634375	0.63125	0.628125	0.625	0.621875	0.61875	0.615625	0.6125	0.609375	0.60625	0.603125	0.6	0.596875	0.59375	0.590625	0.5875	0.584375	0.58125	0.578125	0.575	0.571875	0.56875	0.565625	0.5625	0.559375	0.55625	0.553125	0.55	0.546875	0.54375	0.540625	0.5375	0.534375	0.53125	0.528125	0.525	0.521875	0.51875	0.515625	0.5125	0.509375	0.50625	0.503125	0.5	0.496875	0.49375	0.490625	0.4875	0.484375	0.48125	0.478125	0.475	0.471875	0.46875	0.465625	0.4625	0.459375	0.45625	0.453125	0.45	0.446875	0.44375	0.440625	0.4375	0.434375	0.43125	0.428125	0.425	0.421875	0.41875	0.415625	0.4125	0.409375	0.40625	0.403125	0.4	0.396875	0.39375	0.390625	0.3875	0.384375	0.38125	0.378125	0.375	0.371875	0.36875	0.365625	0.3625	0.359375	0.35625	0.353125	0.35	0.346875	0.34375	0.340625	0.3375	0.334375	0.33125	0.328125	0.325	0.321875	0.31875	0.315625	0.3125	0.309375	0.30625	0.303125	0.3	0.296875	0.29375	0.290625	0.2875	0.284375	0.28125	0.278125	0.275	0.271875	0.26875	0.265625	0.2625	0.259375	0.25625	0.253125	0.25	0.246875	0.24375	0.240625	0.2375	0.234375	0.23125	0.228125	0.225	0.221875	0.21875	0.215625	0.2125	0.209375	0.20625	0.203125	0.2	0.196875	0.19375	0.190625	0.1875	0.184375	0.18125	0.178125	0.175	0.171875	0.16875	0.165625	0.1625	0.159375	0.15625	0.153125	0.15	0.146875	0.14375	0.140625	0.1375	0.134375	0.13125	0.128125	0.125	0.121875	0.11875	0.115625	0.1125	0.109375	0.10625	0.103125	0.1	0.096875	0.09375	0.090625	0.0875	0.084375	0.08125	0.078125	0.075	0.071875	0.06875	0.065625	0.0625	0.059375	0.05625	0.053125	0.05	0.046875	0.04375	0.040625	0.0375	0.034375	0.03125	0.028125	0.025	0.021875	0.01875	0.015625	0.0125	0.009375	0.00625	0.003125	0
0	0.0125	0.025	0.0375	0.05	0.0625	0.075	0.0875	0.1	0.1125	0.125	0.1375	0.15	0.1625	0.175	0.1875	0.2	0.2125	0.225	0.2375	0.25	0.2625	0.275	0.2875	0.3	0.3125	0.325	0.3375	0.35	0.3625	0.375	0.3875	0.4	0.4125	0.425	0.4375	0.45	0.4625	0.475	0.4875	0.492188	0.496875	0.501562	0.50625	0.510937	0.515625	0.520312	0.525	0.529687	0.534375	0.539062	0.54375	0.548437	0.553125	0.557812	0.5625	0.567187	0.571875	0.576562	0.58125	0.585938	0.590625	0.595312	0.6	0.604687	0.609375	0.614062	0.61875	0.623437	0.628125	0.632812	0.6375	0.642187	0.646875	0.651562	0.65625	0.660937	0.665625	0.670312	0.675	0.679688	0.684375	0.689062	0.69375	0.698438	0.703125	0.707812	0.7125	0.717187	0.721875	0.726562	0.73125	0.735937	0.740625	0.745312	0.75	0.754687	0.759375	0.764062	0.76875	0.773438	0.778125	0.782813	0.7875	0.792188	0.796875	0.801563	0.80625	0.810938	0.815625	0.820313	0.825	0.829687	0.834375	0.839063	0.84375	0.848437	0.853125	0.857813	0.8625	0.867188	0.871875	0.86875	0.865625	0.8625	0.859375	0.85625	0.853125	0.85	0.846875	0.84375	0.840625	0.8375	0.834375	0.83125	0.828125	0.825	0.821875	0.81875	0.815625	0.8125	0.809375	0.80625	0.803125	0.8	0.796875	0.79375	0.790625	0.7875	0.784375	0.78125	0.778125	0.775	0.771875	0.76875	0.765625	0.7625	0.759375	0.75625	0.753125	0.75	0.746875	0.74375	0.740625	0.7375	0.734375	0.73125	0.728125	0.725	0.721875	0.71875	0.715625	0.7125	0.709375	0.70625	0.703125	0.7	0.696875	0.69375	0.690625	0.6875	0.684375	0.68125	0.678125	0.675	0.671875	0.66875	0.665625	0.6625	0.659375	0.65625	0.653125	0.65	0.646875	0.64375	0.640625	0.6375	0.634375	0.63125	0.628125	0.625	0.621875	0.61875	0.615625	0.6125	0.609375	0.60625	0.603125	0.6	0.596875	0.59375	0.590625	0.5875	0.584375	0.58125	0.578125	0.575	0.571875	0.56875	0.565625	0.5625	0.559375	0.55625	0.553125	0.55	0.546875	0.54375	0.540625	0.5375	0.534375	0.53125	0.528125	0.525	0.521875	0.51875	0.515625	0.5125	0.509375	0.50625	0.503125	0.5	0.496875	0.49375	0.490625	0.4875	0.484375	0.48125	0.478125	0.475	0.471875	0.46875	0.465625	0.4625	0.459375	0.45625	0.453125	0.45	0.446875	0.44375	0.440625	0.4375	0.434375	0.43125	0.428125	0.425	0.421875	0.41875	0.415625	0.4125	0.409375	0.40625	0.403125	0.4	0.396875	0.39375	0.390625	0.3875	0.384375	0.38125	0.378125	0.375	0.371875	0.36875	0.365625	0.3625	0.359375	0.35625	0.353125	0.35	0.346875	0.34375	0.340625	0.3375	0.334375	0.33125	0.328125	0.325	0.321875	0.31875	0.315625	0.3125	0.309375	0.30625	0.303125	0.3	0.296875	0.29375	0.290625	0.2875	0.284375	0.28125	0.278125	0.275	0.271875	0.26875	0.265625	0.2625	0.259375	0.25625	0.253125	0.25	0.246875	0.24375	0.240625	0.2375	0.234375	0.23125	0.228125	0.225	0.221875	0.21875	0.215625	0.2125	0.209375	0.20625	0.203125	0.2	0.196875	0.19375	0.190625	0.1875	0.184375	0.18125	0.178125	0.175	0.171875	0.16875	0.165625	0.1625	0.159375	0.15625	0.153125	0.15	0.146875	0.14375	0.140625	0.1375	0.134375	0.13125	0.128125	0.125	0.121875	0.11875	0.115625	0.1125	0.109375	0.10625	0.103125	0.1	0.096875	0.09375	0.090625	0.0875	0.084375	0.08125	0.078125	0.075	0.071875	0.06875	0.065625	0.0625	0.059375	0.05625	0.053125	0.05	0.046875	0.04375	0.040625	0.0375	0.034375	0.03125	0.028125	0.025	0.021875	0.01875	0.015625	0.0125	0.009375	0.00625	0.003125	0
0	0.0125	0.025	0.0375	0.05	0.0625	0.075	0.0875	0.1	0.1125	0.125	0.1375	0.15	0.1625	0.175	0.1875	0.2	0.2125	0.225	0.2375	0.242187	0.246875	0.251562	0.25625	0.260937	0.265625	0.270312	0.275	0.279687	0.284375	0.289062	0.29375	0.298437	0.303125	0.307812	0.3125	0.317187	0.321875	0.326562	0.33125	0.335938	0.340625	0.345312	0.35	0.354687	0.359375	0.364062	0.36875	0.373437	0.378125	0.382812	0.3875	0.392187	0.396875	0.401562	0.40625	0.410937	0.415625	0.420312	0.425	0.429688	0.434375	0.439062	0.44375	0.448437	0.453125	0.457812	0.4625	0.467187	0.471875	0.476562	0.48125	0.485937	0.490625	0.495312	0.5	0.504687	0.509375	0.514062	0.51875	0.523438	0.528125	0.532813	0.5375	0.542188	0.546875	0.551563	0.55625	0.560937	0.565625	0.570312	0.575	0.579687	0.584375	0.589062	0.59375	0.598437	0.603125	0.607812	0.6125	0.617188	0.621875	0.626563	0.63125	0.635938	0.640625	0.645313	0.65	0.654688	0.659375	0.664063	0.66875	0.673438	0.678125	0.682813	0.6875	0.692188	0.696875	0.701563	0.70625	0.710938	0.715625	0.720313	0.725	0.729688	0.734375	0.739063	0.74375	0.748438	0.753125	0.757813	0.7625	0.767188	0.771875	0.776563	0.78125	0.785938	0.790625	0.795313	0.8	0.804688	0.809375	0.80625	0.803125	0.8	0.796875	0.79375	0.790625	0.7875	0.784375	0.78125	0.778125	0.775	0.771875	0.76875	0.765625	0.7625	0.759375	0.75625	0.753125	0.75	0.746875	0.74375	0.740625	0.7375	0.734375	0.73125	0.728125	0.725	0.721875	0.71875	0.715625	0.7125	0.709375	0.70625	0.703125	0.7	0.696875	0.69375	0.690625	0.6875	0.684375	0.68125	0.678125	0.675	0.671875	0.66875	0.665625	0.6625	0.659375	0.65625	0.653125	0.65	0.646875	0.64375	0.640625	0.6375	0.634375	0.63125	0.628125	0.625	0.621875	0.61875	0.615625	0.6125	0.609375	0.60625	0.603125	0.6	0.596875	0.59375	0.590625	0.5875	0.584375	0.58125	0.578125	0.575	0.571875	0.56875	0.565625	0.5625	0.559375	0.55625	0.553125	0.55	0.546875	0.54375	0.540625	0.5375	0.534375	0.53125	0.528125	0.525	0.521875	0.51875	0.515625	0.5125	0.509375	0.50625	0.503125	0.5	0.496875	0.49375	0.490625	0.4875	0.484375	0.48125	0.478125	0.475	0.471875	0.46875	0.465625	0.4625	0.459375	0.45625	0.453125	0.45	0.446875	0.44375	0.440625	0.4375	0.434375	0.43125	0.428125	0.425	0.421875	0.41875	0.415625	0.4125	0.409375	0.40625	0.403125	0.4	0.396875	0.39375	0.390625	0.3875	0.384375	0.38125	0.378125	0.375	0.371875	0.36875	0.365625	0.3625	0.359375	0.35625	0.353125	0.35	0.346875	0.34375	0.340625	0.3375	0.334375	0.33125	0.328125	0.325	0.321875	0.31875	0.315625	0.3125	0.309375	0.30625	0.303125	0.3	0.296875	0.29375	0.290625	0.2875	0.284375	0.28125	0.278125	0.275	0.271875	0.26875	0.265625	0.2625	0.259375	0.25625	0.253125	0.25	0.246875	0.24375	0.240625	0.2375	0.234375	0.23125	0.228125	0.225	0.221875	0.21875	0.215625	0.2125	0.209375	0.20625	0.203125	0.2	0.196875	0.19375	0.190625	0.1875	0.184375	0.18125	0.178125	0.175	0.171875	0.16875	0.165625	0.1625	0.159375	0.15625	0.153125	0.15	0.146875	0.14375	0.140625	0.1375	0.134375	0.13125	0.128125	0.125	0.121875	0.11875	0.115625	0.1125	0.109375	0.10625	0.103125	0.1	0.096875	0.09375	0.090625	0.0875	0.084375	0.08125	0.078125	0.075	0.071875	0.06875	0.065625	0.0625	0.059375	0.05625	0.053125	0.05	0.046875	0.04375	0.040625	0.0375	0.034375	0.03125	0.028125	0.025	0.021875	0.01875	0.015625	0.0125	0.009375	0.00625	0.003125	0
0	-0.003125	0.0015625	0.00625	0.0109375	0.015625	0.0203125	0.025	0.0296875	0.034375	0.0390625	0.04375	0.0484375	0.053125	0.0578125	0.0625	0.0671875	0.071875	0.0765625	0.08125	0.0859375	0.090625	0.0953125	0.1	0.104687	0.109375	0.114062	0.11875	0.123437	0.128125	0.132812	0.1375	0.142188	0.146875	0.151562	0.15625	0.160937	0.165625	0.170312	0.175	0.179687	0.184375	0.189062	0.19375	0.198437	0.203125	0.207812	0.2125	0.217187	0.221875	0.226562	0.23125	0.235937	0.240625	0.245312	0.25	0.254687	0.259375	0.264062	0.26875	0.273438	0.278125	0.282813	0.2875	0.292188	0.296875	0.301563	0.30625	0.310938	0.315625	0.320313	0.325	0.329687	0.334375	0.339062	0.34375	0.348437	0.353125	0.357813	0.3625	0.367188	0.371875	0.376563	0.38125	0.385937	0.390625	0.395313	0.4	0.404687	0.409375	0.414063	0.41875	0.423438	0.428125	0.432813	0.4375	0.442188	0.446875	0.451562	0.45625	0.460938	0.465625	0.470313	0.475	0.479688	0.484375	0.489063	0.49375	0.498437	0.503125	0.507812	0.5125	0.517188	0.521875	0.526563	0.53125	0.535938	0.540625	0.545313	0.55	0.554688	0.559375	0.564063	0.56875	0.573438	0.578125	0.582813	0.5875	0.592188	0.596875	0.601563	0.60625	0.610938	0.615625	0.620313	0.625	0.629688	0.634375	0.639063	0.64375	0.648438	0.653125	0.657813	0.6625	0.667188	0.671875	0.676563	0.68125	0.685938	0.690625	0.695313	0.7	0.704688	0.709375	0.714063	0.71875	0.723438	0.728125	0.732813	0.7375	0.742188	0.746875	0.74375	0.740625	0.7375	0.734375	0.73125	0.728125	0.725	0.721875	0.71875	0.715625	0.7125	0.709375	0.70625	0.703125	0.7	0.696875	0.69375	0.690625	0.6875	0.684375	0.68125	0.678125	0.675	0.671875	0.66875	0.665625	0.6625	0.659375	0.65625	0.653125	0.65	0.646875	0.64375	0.640625	0.6375	0.634375	0.63125	0.628125	0.625	0.621875	0.61875	0.615625	0.6125	0.609375	0.60625	0.603125	0.6	0.596875	0.59375	0.590625	0.5875	0.584375	0.58125	0.578125	0.575	0.571875	0.56875	0.565625	0.5625	0.559375	0.55625	0.553125	0.55	0.546875	0.54375	0.540625	0.5375	0.534375	0.53125	0.528125	0.525	0.521875	0.51875	0.515625	0.5125	0.509375	0.50625	0.503125	0.5	0.496875	0.49375	0.490625	0.4875	0.484375	0.48125	0.478125	0.475	0.471875	0.46875	0.465625	0.4625	0.459375	0.45625	0.453125	0.45	0.446875	0.44375	0.440625	0.4375	0.434375	0.43125	0.428125	0.425	0.421875	0.41875	0.415625	0.4125	0.409375	0.40625	0.403125	0.4	0.396875	0.39375	0.390625	0.3875	0.384375	0.38125	0.378125	0.375	0.371875	0.36875	0.365625	0.3625	0.359375	0.35625	0.353125	0.35	0.346875	0.34375	0.340625	0.3375	0.334375	0.33125	0.328125	0.325	0.321875	0.31875	0.315625	0.3125	0.309375	0.30625	0.303125	0.3	0.296875	0.29375	0.290625	0.2875	0.284375	0.28125	0.278125	0.275	0.271875	0.26875	0.265625	0.2625	0.259375	0.25625	0.253125	0.25	0.246875	0.24375	0.240625	0.2375	0.234375	0.23125	0.228125	0.225	0.221875	0.21875	0.215625	0.2125	0.209375	0.20625	0.203125	0.2	0.196875	0.19375	0.190625	0.1875	0.184375	0.18125	0.178125	0.175	0.171875	0.16875	0.165625	0.1625	0.159375	0.15625	0.153125	0.15	0.146875	0.14375	0.140625	0.1375	0.134375	0.13125	0.128125	0.125	0.121875	0.11875	0.115625	0.1125	0.109375	0.10625	0.103125	0.1	0.096875	0.09375	0.090625	0.0875	0.084375	0.08125	0.078125	0.075	0.071875	0.06875	0.065625	0.0625	0.059375	0.05625	0.053125	0.05	0.046875	0.04375	0.040625	0.0375	0.034375	0.03125	0.028125	0.025	0.021875	0.01875	0.015625	0.0125	0.009375	0.00625	0.003125	0
0	-0.003125	-0.00625	-0.009375	-0.0125	-0.015625	-0.01875	-0.021875	-0.025	-0.028125	-0.03125	-0.034375	-0.0375	-0.040625	-0.04375	-0.046875	-0.05	-0.053125	-0.05625	-0.059375	-0.0625	-0.065625	-0.0609375	-0.05625	-0.0515625	-0.046875	-0.0421875	-0.0375	-0.0328125	-0.028125	-0.0234375	-0.01875	-0.0140625	-0.009375	-0.0046875	2.77556e-17	0.0046875	0.009375	0.0140625	0.01875	0.0234375	0.028125	0.0328125	0.0375	0.0421875	0.046875	0.0515625	0.05625	0.0609375	0.065625	0.0703125	0.075	0.0796875	0.084375	0.0890625	0.09375	0.0984375	0.103125	0.107813	0.1125	0.117187	0.121875	0.126563	0.13125	0.135937	0.140625	0.145313	0.15	0.154687	0.159375	0.164063	0.16875	0.173438	0.178125	0.182813	0.1875	0.192188	0.196875	0.201563	0.20625	0.210938	0.215625	0.220313	0.225	0.229688	0.234375	0.239063	0.24375	0.248438	0.253125	0.257813	0.2625	0.267188	0.271875	0.276563	0.28125	0.285938	0.290625	0.295313	0.3	0.304688	0.309375	0.314063	0.31875	0.323438	0.328125	0.332813	0.3375	0.342188	0.346875	0.351563	0.35625	0.360938	0.365625	0.370313	0.375	0.379688	0.384375	0.389063	0.39375	0.398438	0.403125	0.407813	0.4125	0.417188	0.421875	0.426563	0.43125	0.435938	0.440625	0.445313	0.45	0.454688	0.459375	0.464063	0.46875	0.473438	0.478125	0.482813	0.4875	0.492188	0.496875	0.501563	0.50625	0.510938	0.515625	0.520313	0.525	0.529688	0.534375	0.539063	0.54375	0.548438	0.553125	0.557813	0.5625	0.567188	0.571875	0.576563	0.58125	0.585938	0.590625	0.595313	0.6	0.604688	0.609375	0.614063	0.61875	0.623438	0.628125	0.632813	0.6375	0.642188	0.646875	0.651563	0.65625	0.660938	0.665625	0.670313	0.675	0.679688	0.684375	0.68125	0.678125	0.675	0.671875	0.66875	0.665625	0.6625	0.659375	0.65625	0.653125	0.65	0.646875	0.64375	0.640625	0.6375	0.634375	0.63125	0.628125	0.625	0.621875	0.61875	0.615625	0.6125	0.609375	0.60625	0.603125	0.6	0.596875	0.59375	0.590625	0.5875	0.584375	0.58125	0.578125	0.575	0.571875	0.56875	0.565625	0.5625	0.559375	0.55625	0.553125	0.55	0.546875	0.54375	0.540625	0.5375	0.534375	0.53125	0.528125	0.525	0.521875	0.51875	0.515625	0.5125	0.509375	0.50625	0.503125	0.5	0.496875	0.49375	0.490625	0.4875	0.484375	0.48125	0.478125	0.475	0.471875	0.46875	0.465625	0.4625	0.459375	0.45625	0.453125	0.45	0.446875	0.44375	0.440625	0.4375	0.434375	0.43125	0.428125	0.425	0.421875	0.41875	0.415625	0.4125	0.409375	0.40625	0.403125	0.4	0.396875	0.39375	0.390625	0.3875	0.384375	0.38125	0.378125	0.375	0.371875	0.36875	0.365625	0.3625	0.359375	0.35625	0.353125	0.35	0.346875	0.34375	0.340625	0.3375	0.334375	0.33125	0.328125	0.325	0.321875	0.31875	0.315625	0.3125	0.309375	0.30625	0.303125	0.3	0.296875	0.29375	0.290625	0.2875	0.284375	0.28125	0.278125	0.275	0.271875	0.26875	0.265625	0.2625	0.259375	0.25625	0.253125	0.25	0.246875	0.24375	0.240625	0.2375	0.234375	0.23125	0.228125	0.225	0.221875	0.21875	0.215625	0.2125	0.209375	0.20625	0.203125	0.2	0.196875	0.19375	0.190625	0.1875	0.184375	0.18125	0.178125	0.175	0.171875	0.16875	0.165625	0.1625	0.159375	0.15625	0.153125	0.15	0.146875	0.14375	0.140625	0.1375	0.134375	0.13125	0.128125	0.125	0.121875	0.11875	0.115625	0.1125	0.109375	0.10625	0.103125	0.1	0.096875	0.09375	0.090625	0.0875	0.084375	0.08125	0.078125	0.075	0.071875	0.06875	0.065625	0.0625	0.059375	0.05625	0.053125	0.05	0.046875	0.04375	0.040625	0.0375	0.034375	0.03125	0.028125	0.025	0.021875	0.01875	0.015625	0.0125	0.009375	0.00625	0.003125	0
0	-0.003125	-0.00625	-0.009375	-0.0125	-0.015625	-0.01875	-0.021875	-0.025	-0.028125	-0.03125	-0.034375	-0.0375	-0.040625	-0.04375	-0.046875	-0.05	-0.053125	-0.05625	-0.059375	-0.0625	-0.065625	-0.06875	-0.071875	-0.075	-0.078125	-0.08125	-0.084375	-0.0875	-0.090625	-0.09375	-0.096875	-0.1	-0.103125	-0.10625	-0.109375	-0.1125	-0.115625	-0.11875	-0.121875	-0.125	-0.128125	-0.123437	-0.11875	-0.114062	-0.109375	-0.104687	-0.1	-0.0953125	-0.090625	-0.0859375	-0.08125	-0.0765625	-0.071875	-0.0671875	-0.0625	-0.0578125	-0.053125	-0.0484375	-0.04375	-0.0390625	-0.034375	-0.0296875	-0.025	-0.0203125	-0.015625	-0.0109375	-0.00625	-0.0015625	0.003125	0.0078125	0.0125	0.0171875	0.021875	0.0265625	0.03125	0.0359375	0.040625	0.0453125	0.05	0.0546875	0.059375	0.0640625	0.06875	0.0734375	0.078125	0.0828125	0.0875	0.0921875	0.096875	0.101563	0.10625	0.110938	0.115625	0.120313	0.125	0.129688	0.134375	0.139063	0.14375	0.148438	0.153125	0.157813	0.1625	0.167188	0.171875	0.176563	0.18125	0.185938	0.190625	0.195313	0.2	0.204688	0.209375	0.214063	0.21875	0.223438	0.228125	0.232813	0.2375	0.242188	0.246875	0.251563	0.25625	0.260938	0.265625	0.270313	0.275	0.279688	0.284375	0.289063	0.29375	0.298438	0.303125	0.307813	0.3125	0.317188	0.321875	0.326563	0.33125	0.335938	0.340625	0.345313	0.35	0.354688	0.359375	0.364063	0.36875	0.373438	0.378125	0.382813	0.3875	0.392188	0.396875	0.401563	0.40625	0.410938	0.415625	0.420313	0.425	0.429688	0.434375	0.439063	0.44375	0.448438	0.453125	0.457813	0.4625	0.467188	0.471875	0.476563	0.48125	0.485938	0.490625	0.495313	0.5	0.504688	0.509375	0.514063	0.51875	0.523438	0.528125	0.532813	0.5375	0.542188	0.546875	0.551563	0.55625	0.560938	0.565625	0.570313	0.575	0.579688	0.584375	0.589063	0.59375	0.598438	0.603125	0.607813	0.6125	0.617188	0.621875	0.61875	0.615625	0.6125	0.609375	0.60625	0.603125	0.6	0.596875	0.59375	0.590625	0.5875	0.584375	0.58125	0.578125	0.575	0.571875	0.56875	0.565625	0.5625	0.559375	0.55625	0.553125	0.55	0.546875	0.54375	0.540625	0.5375	0.534375	0.53125	0.528125	0.525	0.521875	0.51875	0.515625	0.5125	0.509375	0.50625	0.503125	0.5	0.496875	0.49375	0.490625	0.4875	0.484375	0.48125	0.478125	0.475	0.471875	0.46875	0.465625	0.4625	0.459375	0.45625	0.453125	0.45	0.446875	0.44375	0.440625	0.4375	0.434375	0.43125	0.428125	0.425	0.421875	0.41875	0.415625	0.4125	0.409375	0.40625	0.403125	0.4	0.396875	0.39375	0.390625	0.3875	0.384375	0.38125	0.378125	0.375	0.371875	0.36875	0.365625	0.3625	0.359375	0.35625	0.353125	0.35	0.346875	0.34375	0.340625	0.3375	0.334375	0.33125	0.328125	0.325	0.321875	0.31875	0.315625	0.3125	0.309375	0.30625	0.303125	0.3	0.296875	0.29375	0.290625	0.2875	0.284375	0.28125	0.278125	0.275	0.271875	0.26875	0.265625	0.2625	0.259375	0.25625	0.253125	0.25	0.246875	0.24375	0.240625	0.2375	0.234375	0.23125	0.228125	0.225	0.221875	0.21875	0.215625	0.2125	0.209375	0.20625	0.203125	0.2	0.196875	0.19375	0.190625	0.1875	0.184375	0.18125	0.178125	0.175	0.171875	0.16875	0.165625	0.1625	0.159375	0.15625	0.153125	0.15	0.146875	0.14375	0.140625	0.1375	0.134375	0.13125	0.128125	0.125	0.121875	0.11875	0.115625	0.1125	0.109375	0.10625	0.103125	0.1	0.096875	0.09375	0.090625	0.0875	0.084375	0.08125	0.078125	0.075	0.071875	0.06875	0.065625	0.0625	0.059375	0.05625	0.053125	0.05	0.046875	0.04375	0.040625	0.0375	0.034375	0.03125	0.028125	0.025	0.021875	0.01875	0.015625	0.0125	0.009375	0.00625	0.003125	0
0	-0.003125	-0.00625	-0.009375	-0.0125	-0.015625	-0.01875	-0.021875	-0.025	-0.028125	-0.03125	-0.034375	-0.0375	-0.040625	-0.04375	-0.046875	-0.05	-0.053125	-0.05625	-0.059375	-0.0625	-0.065625	-0.06875	-0.071875	-0.075	-0.078125	-0.08125	-0.084375	-0.0875	-0.090625	-0.09375	-0.096875	-0.1	-0.103125	-0.10625	-0.109375	-0.1125	-0.115625	-0.11875	-0.121875	-0.125	-0.128125	-0.13125	-0.134375	-0.1375	-0.140625	-0.14375	-0.146875	-0.15	-0.153125	-0.15625	-0.159375	-0.1625	-0.165625	-0.16875	-0.171875	-0.175	-0.178125	-0.18125	-0.184375	-0.1875	-0.190625	-0.185937	-0.18125	-0.176562	-0.171875	-0.167187	-0.1625	-0.157812	-0.153125	-0.148437	-0.14375	-0.139062	-0.134375	-0.129687	-0.125	-0.120312	-0.115625	-0.110937	-0.10625	-0.101562	-0.096875	-0.0921875	-0.0875	-0.0828125	-0.078125	-0.0734375	-0.06875	-0.0640625	-0.059375	-0.0546875	-0.05	-0.0453125	-0.040625	-0.0359375	-0.03125	-0.0265625	-0.021875	-0.0171875	-0.0125	-0.0078125	-0.003125	0.0015625	0.00625	0.0109375	0.015625	0.0203125	0.025	0.0296875	0.034375	0.0390625	0.04375	0.0484375	0.053125	0.0578125	0.0625	0.0671875	0.071875	0.0765625	0.08125	0.0859375	0.090625	0.0953125	0.1	0.104688	0.109375	0.114063	0.11875	0.123438	0.128125	0.132813	0.1375	0.142188	0.146875	0.151563	0.15625	0.160938	0.165625	0.170313	0.175	0.179688	0.184375	0.189063	0.19375	0.198438	0.203125	0.207813	0.2125	0.217188	0.221875	0.226563	0.23125	0.235938	0.240625	0.245313	0.25	0.254688	0.259375	0.264063	0.26875	0.273438	0.278125	0.282813	0.2875	0.292188	0.296875	0.301563	0.30625	0.310938	0.315625	0.320313	0.325	0.329688	0.334375	0.339063	0.34375	0.348438	0.353125	0.357813	0.3625	0.367188	0.371875	0.376563	0.38125	0.385938	0.390625	0.395313	0.4	0.404688	0.409375	0.414063	0.41875	0.423438	0.428125	0.432813	0.4375	0.442188	0.446875	0.451563	0.45625	0.460938	0.465625	0.470313	0.475	0.479688	0.484375	0.489063	0.49375	0.498438	0.503125	0.507813	0.5125	0.517188	0.521875	0.526563	0.53125	0.535938	0.540625	0.545313	0.55	0.554688	0.559375	0.55625	0.553125	0.55	0.546875	0.54375	0.540625	0.5375	0.534375	0.53125	0.528125	0.525	0.521875	0.51875	0.515625	0.5125	0.509375	0.50625	0.503125	0.5	0.496875	0.49375	0.490625	0.4875	0.484375	0.48125	0.478125	0.475	0.471875	0.46875	0.465625	0.4625	0.459375	0.45625	0.453125	0.45	0.446875	0.44375	0.440625	0.4375	0.434375	0.43125	0.428125	0.425	0.421875	0.41875	0.415625	0.4125	0.409375	0.40625	0.403125	0.4	0.396875	0.39375	0.390625	0.3875	0.384375	0.38125	0.378125	0.375	0.371875	0.36875	0.365625	0.3625	0.359375	0.35625	0.353125	0.35	0.346875	0.34375	0.340625	0.3375	0.334375	0.33125	0.328125	0.325	0.321875	0.31875	0.315625	0.3125	0.309375	0.30625	0.303125	0.3	0.296875	0.29375	0.290625	0.2875	0.284375	0.28125	0.278125	0.275	0.271875	0.26875	0.265625	0.2625	0.259375	0.25625	0.253125	0.25	0.246875	0.24375	0.240625	0.2375	0.234375	0.23125	0.228125	0.225	0.221875	0.21875	0.215625	0.2125	0.209375	0.20625	0.203125	0.2	0.196875	0.19375	0.190625	0.1875	0.184375	0.18125	0.178125	0.175	0.171875	0.16875	0.165625	0.1625	0.159375	0.15625	0.153125	0.15	0.146875	0.14375	0.140625	0.1375	0.134375	0.13125	0.128125	0.125	0.121875	0.11875	0.115625	0.1125	0.109375	0.10625	0.103125	0.1	0.096875	0.09375	0.090625	0.0875	0.084375	0.08125	0.078125	0.075	0.071875	0.06875	0.065625	0.0625	0.059375	0.05625	0.053125	0.05	0.046875	0.04375	0.040625	0.0375	0.034375	0.03125	0.028125	0.025	0.021875	0.01875	0.015625	0.0125	0.009375	0.00625	0.003125	0
0	-0.003125	-0.00625	-0.009375	-0.0125	-0.015625	-0.01875	-0.021875	-0.025	-0.028125	-0.03125	-0.034375	-0.0375	-0.040625	-0.04375	-0.046875	-0.05	-0.053125	-0.05625	-0.059375	-0.0625	-0.065625	-0.06875	-0.071875	-0.075	-0.078125	-0.08125	-0.084375	-0.0875	-0.090625	-0.09375	-0.096875	-0.1	-0.103125	-0.10625	-0.109375	-0.1125	-0.115625	-0.11875	-0.121875	-0.125	-0.128125	-0.13125	-0.134375	-0.1375	-0.140625	-0.14375	-0.146875	-0.15	-0.153125	-0.15625	-0.159375	-0.1625	-0.165625	-0.16875	-0.171875	-0.175	-0.178125	-0.18125	-0.184375	-0.1875	-0.190625	-0.19375	-0.196875	-0.2	-0.203125	-0.20625	-0.209375	-0.2125	-0.215625	-0.21875	-0.221875	-0.225	-0.228125	-0.23125	-0.234375	-0.2375	-0.240625	-0.24375	-0.246875	-0.25	-0.253125	-0.248437	-0.24375	-0.239062	-0.234375	-0.229687	-0.225	-0.220312	-0.215625	-0.210937	-0.20625	-0.201562	-0.196875	-0.192187	-0.1875	-0.182812	-0.178125	-0.173437	-0.16875	-0.164062	-0.159375	-0.154687	-0.15	-0.145312	-0.140625	-0.135937	-0.13125	-0.126562	-0.121875	-0.117187	-0.1125	-0.107812	-0.103125	-0.0984375	-0.09375	-0.0890625	-0.084375	-0.0796875	-0.075	-0.0703125	-0.065625	-0.0609375	-0.05625	-0.0515625	-0.046875	-0.0421875	-0.0375	-0.0328125	-0.028125	-0.0234375	-0.01875	-0.0140625	-0.009375	-0.0046875	2.22045e-16	0.0046875	0.009375	0.0140625	0.01875	0.0234375	0.028125	0.0328125	0.0375	0.0421875	0.046875	0.0515625	0.05625	0.0609375	0.065625	0.0703125	0.075	0.0796875	0.084375	0.0890625	0.09375	0.0984375	0.103125	0.107813	0.1125	0.117188	0.121875	0.126563	0.13125	0.135938	0.140625	0.145313	0.15	0.154688	0.159375	0.164063	0.16875	0.173438	0.178125	0.182813	0.1875	0.192188	0.196875	0.201563	0.20625	0.210938	0.215625	0.220313	0.225	0.229688	0.234375	0.239063	0.24375	0.248438	0.253125	0.257813	0.2625	0.267188	0.271875	0.276563	0.28125	0.285938	0.290625	0.295313	0.3	0.304688	0.309375	0.314063	0.31875	0.323438	0.328125	0.332813	0.3375	0.342188	0.346875	0.351563	0.35625	0.360938	0.365625	0.370313	0.375	0.379688	0.384375	0.389063	0.39375	0.398438	0.403125	0.407813	0.4125	0.417188	0.421875	0.426563	0.43125	0.435938	0.440625	0.445313	0.45	0.454688	0.459375	0.464063	0.46875	0.473438	0.478125	0.482813	0.4875	0.492188	0.496875	0.49375	0.490625	0.4875	0.484375	0.48125	0.478125	0.475	0.471875	0.46875	0.465625	0.4625	0.459375	0.45625	0.453125	0.45	0.446875	0.44375	0.440625	0.4375	0.434375	0.43125	0.428125	0.425	0.421875	0.41875	0.415625	0.4125	0.409375	0.40625	0.403125	0.4	0.396875	0.39375	0.390625	0.3875	0.384375	0.38125	0.378125	0.375	0.371875	0.36875	0.365625	0.3625	0.359375	0.35625	0.353125	0.35	0.346875	0.34375	0.340625	0.3375	0.334375	0.33125	0.328125	0.325	0.321875	0.31875	0.315625	0.3125	0.309375	0.30625	0.303125	0.3	0.296875	0.29375	0.290625	0.2875	0.284375	0.28125	0.278125	0.275	0.271875	0.26875	0.265625	0.2625	0.259375	0.25625	0.253125	0.25	0.246875	0.24375	0.240625	0.2375	0.234375	0.23125	0.228125	0.225	0.221875	0.21875	0.215625	0.2125	0.209375	0.20625	0.203125	0.2	0.196875	0.19375	0.190625	0.1875	0.184375	0.18125	0.178125	0.175	0.171875	0.16875	0.165625	0.1625	0.159375	0.15625	0.153125	0.15	0.146875	0.14375	0.140625	0.1375	0.134375	0.13125	0.128125	0.125	0.121875	0.11875	0.115625	0.1125	0.109375	0.10625	0.103125	0.1	0.096875	0.09375	0.090625	0.0875	0.084375	0.08125	0.078125	0.075	0.071875	0.06875	0.065625	0.0625	0.059375	0.05625	0.053125	0.05	0.046875	0.04375	0.040625	0.0375	0.034375	0.03125	0.028125	0.025	0.021875	0.01875	0.015625	0.0125	0.009375	0.00625	0.003125	0
0	-0.003125	-0.00625	-0.009375	-0.0125	-0.015625	-0.01875	-0.021875	-0.025	-0.028125	-0.03125	-0.034375	-0.0375	-0.040625	-0.04375	-0.046875	-0.05	-0.053125	-0.05625	-0.059375	-0.0625	-0.065625	-0.06875	-0.071875	-0.075	-0.078125	-0.08125	-0.084375	-0.0875	-0.090625	-0.09375	-0.096875	-0.1	-0.103125	-0.10625	-0.109375	-0.1125	-0.115625	-0.11875	-0.121875	-0.125	-0.128125	-0.13125	-0.134375	-0.1375	-0.140625	-0.14375	-0.146875	-0.15	-0.153125	-0.15625	-0.159375	-0.1625	-0.165625	-0.16875	-0.171875	-0.175	-0.178125	-0.18125	-0.184375	-0.1875	-0.190625	-0.19375	-0.196875	-0.2	-0.203125	-0.20625	-0.209375	-0.2125	-0.215625	-0.21875	-0.221875	-0.225	-0.228125	-0.23125	-0.234375	-0.2375	-0.240625	-0.24375	-0.246875	-0.25	-0.253125	-0.25625	-0.259375	-0.2625	-0.265625	-0.26875	-0.271875	-0.275	-0.278125	-0.28125	-0.284375	-0.2875	-0.290625	-0.29375	-0.296875	-0.3	-0.303125	-0.30625	-0.309375	-0.3125	-0.315625	-0.310937	-0.30625	-0.301562	-0.296875	-0.292187	-0.2875	-0.282812	-0.278125	-0.273437	-0.26875	-0.264062	-0.259375	-0.254687	-0.25	-0.245312	-0.240625	-0.235937	-0.23125	-0.226562	-0.221875	-0.217187	-0.2125	-0.207812	-0.203125	-0.198437	-0.19375	-0.189062	-0.184375	-0.179687	-0.175	-0.170312	-0.165625	-0.160937	-0.15625	-0.151562	-0.146875	-0.142187	-0.1375	-0.132812	-0.128125	-0.123437	-0.11875	-0.114062	-0.109375	-0.104687	-0.1	-0.0953125	-0.090625	-0.0859375	-0.08125	-0.0765625	-0.071875	-0.0671875	-0.0625	-0.0578125	-0.053125	-0.0484375	-0.04375	-0.0390625	-0.034375	-0.0296875	-0.025	-0.0203125	-0.015625	-0.0109375	-0.00625	-0.0015625	0.003125	0.0078125	0.0125	0.0171875	0.021875	0.0265625	0.03125	0.0359375	0.040625	0.0453125	0.05	0.0546875	0.059375	0.0640625	0.06875	0.0734375	0.078125	0.0828125	0.0875	0.0921875	0.096875	0.101563	0.10625	0.110938	0.115625	0.120313	0.125	0.129688	0.134375	0.139063	0.14375	0.148438	0.153125	0.157813	0.1625	0.167188	0.171875	0.176563	0.18125	0.185938	0.190625	0.195313	0.2	0.204688	0.209375	0.214063	0.21875	0.223438	0.228125	0.232813	0.2375	0.242188	0.246875	0.251563	0.25625	0.260938	0.265625	0.270313	0.275	0.279688	0.284375	0.289063	0.29375	0.298438	0.303125	0.307813	0.3125	0.317188	0.321875	0.326563	0.33125	0.335938	0.340625	0.345313	0.35	0.354688	0.359375	0.364063	0.36875	0.373438	0.378125	0.382813	0.3875	0.392188	0.396875	0.401563	0.40625	0.410938	0.415625	0.420313	0.425	0.429688	0.434375	0.43125	0.428125	0.425	0.421875	0.41875	0.415625	0.4125	0.409375	0.40625	0.403125	0.4	0.396875	0.39375	0.390625	0.3875	0.384375	0.38125	0.378125	0.375	0.371875	0.36875	0.365625	0.3625	0.359375	0.35625	0.353125	0.35	0.346875	0.34375	0.340625	0.3375	0.334375	0.33125	0.328125	0.325	0.321875	0.31875	0.315625	0.3125	0.309375	0.30625	0.303125	0.3	0.296875	0.29375	0.290625	0.2875	0.284375	0.28125	0.278125	0.275	0.271875	0.26875	0.265625	0.2625	0.259375	0.25625	0.253125	0.25	0.246875	0.24375	0.240625	0.2375	0.234375	0.23125	0.228125	0.225	0.221875	0.21875	0.215625	0.2125	0.209375	0.20625	0.203125	0.2	0.196875	0.19375	0.190625	0.1875	0.184375	0.18125	0.178125	0.175	0.171875	0.16875	0.165625	0.1625	0.159375	0.15625	0.153125	0.15	0.146875	0.14375	0.140625	0.1375	0.134375	0.13125	0.128125	0.125	0.121875	0.11875	0.115625	0.1125	0.109375	0.10625	0.103125	0.1	0.096875	0.09375	0.090625	0.0875	0.084375	0.08125	0.078125	0.075	0.071875	0.06875	0.065625	0.0625	0.059375	0.05625	0.053125	0.05	0.046875	0.04375	0.040625	0.0375	0.034375	0.03125	0.028125	0.025	0.021875	0.01875	0.015625	0.0125	0.009375	0.00625	0.003125	0
0	-0.003125	-0.00625	-0.009375	-0.0125	-0.015625	-0.01875	-0.021875	-0.025	-0.028125	-0.03125	-0.034375	-0.0375	-0.040625	-0.04375	-0.046875	-0.05	-0.053125	-0.05625	-0.059375	-0.0625	-0.065625	-0.06875	-0.071875	-0.075	-0.078125	-0.08125	-0.084375	-0.0875	-0.090625	-0.09375	-0.096875	-0.1	-0.103125	-0.10625	-0.109375	-0.1125	-0.115625	-0.11875	-0.121875	-0.125	-0.128125	-0.13125	-0.134375	-0.1375	-0.140625	-0.14375	-0.146875	-0.15	-0.153125	-0.15625	-0.159375	-0.1625	-0.165625	-0.16875	-0.171875	-0.175	-0.178125	-0.18125	-0.184375	-0.1875	-0.190625	-0.19375	-0.196875	-0.2	-0.203125	-0.20625	-0.209375	-0.2125	-0.215625	-0.21875	-0.221875	-0.225	-0.228125	-0.23125	-0.234375	-0.2375	-0.240625	-0.24375	-0.246875	-0.25	-0.253125	-0.25625	-0.259375	-0.2625	-0.265625	-0.26875	-0.271875	-0.275	-0.278125	-0.28125	-0.284375	-0.2875	-0.290625	-0.29375	-0.296875	-0.3	-0.303125	-0.30625	-0.309375	-0.3125	-0.315625	-0.31875	-0.321875	-0.325	-0.328125	-0.33125	-0.334375	-0.3375	-0.340625	-0.34375	-0.346875	-0.35	-0.353125	-0.35625	-0.359375	-0.3625	-0.365625	-0.36875	-0.371875	-0.375	-0.378125	-0.373437	-0.36875	-0.364062	-0.359375	-0.354687	-0.35	-0.345312	-0.340625	-0.335937	-0.33125	-0.326562	-0.321875	-0.317187	-0.3125	-0.307812	-0.303125	-0.298437	-0.29375	-0.289062	-0.284375	-0.279687	-0.275	-0.270312	-0.265625	-0.260937	-0.25625	-0.251562	-0.246875	-0.242187	-0.2375	-0.232812	-0.228125	-0.223437	-0.21875	-0.214062	-0.209375	-0.204687	-0.2	-0.195312	-0.190625	-0.185937	-0.18125	-0.176562	-0.171875	-0.167187	-0.1625	-0.157812	-0.153125	-0.148437	-0.14375	-0.139062	-0.134375	-0.129687	-0.125	-0.120312	-0.115625	-0.110937	-0.10625	-0.101562	-0.096875	-0.0921875	-0.0875	-0.0828125	-0.078125	-0.0734375	-0.06875	-0.0640625	-0.059375	-0.0546875	-0.05	-0.0453125	-0.040625	-0.0359375	-0.03125	-0.0265625	-0.021875	-0.0171875	-0.0125	-0.0078125	-0.003125	0.0015625	0.00625	0.0109375	0.015625	0.0203125	0.025	0.0296875	0.034375	0.0390625	0.04375	0.0484375	0.053125	0.0578125	0.0625	0.0671875	0.071875	0.0765625	0.08125	0.0859375	0.090625	0.0953125	0.1	0.104688	0.109375	0.114063	0.11875	0.123438	0.128125	0.132813	0.1375	0.142188	0.146875	0.151563	0.15625	0.160938	0.165625	0.170313	0.175	0.179688	0.184375	0.189063	0.19375	0.198438	0.203125	0.207813	0.2125	0.217188	0.221875	0.226563	0.23125	0.235938	0.240625	0.245313	0.25	0.254688	0.259375	0.264063	0.26875	0.273438	0.278125	0.282813	0.2875	0.292188	0.296875	0.301563	0.30625	0.310938	0.315625	0.320313	0.325	0.329688	0.334375	0.339063	0.34375	0.348438	0.353125	0.357813	0.3625	0.367188	0.371875	0.36875	0.365625	0.3625	0.359375	0.35625	0.353125	0.35	0.346875	0.34375	0.340625	0.3375	0.334375	0.33125	0.328125	0.325	0.321875	0.31875	0.315625	0.3125	0.309375	0.30625	0.303125	0.3	0.296875	0.29375	0.290625	0.2875	0.284375	0.28125	0.278125	0.275	0.271875	0.26875	0.265625	0.2625	0.259375	0.25625	0.253125	0.25	0.246875	0.24375	0.240625	0.2375	0.234375	0.23125	0.228125	0.225	0.221875	0.21875	0.215625	0.2125	0.209375	0.20625	0.203125	0.2	0.196875	0.19375	0.190625	0.1875	0.184375	0.18125	0.178125	0.175	0.171875	0.16875	0.165625	0.1625	0.159375	0.15625	0.153125	0.15	0.146875	0.14375	0.140625	0.1375	0.134375	0.13125	0.128125	0.125	0.121875	0.11875	0.115625	0.1125	0.109375	0.10625	0.103125	0.1	0.096875	0.09375	0.090625	0.0875	0.084375	0.08125	0.078125	0.075	0.071875	0.06875	0.065625	0.0625	0.059375	0.05625	0.053125	0.05	0.046875	0.04375	0.040625	0.0375	0.034375	0.03125	0.028125	0.025	0.021875	0.01875	0.015625	0.0125	0.009375	0.00625	0.003125	0
0	-0.003125	-0.00625	-0.009375	-0.0125	-0.015625	-0.01875	-0.021875	-0.025	-0.028125	-0.03125	-0.034375	-0.0375	-0.040625	-0.04375	-0.046875	-0.05	-0.053125	-0.05625	-0.059375	-0.0625	-0.065625	-0.06875	-0.071875	-0.075	-0.078125	-0.08125	-0.084375	-0.0875	-0.090625	-0.09375	-0.096875	-0.1	-0.103125	-0.10625	-0.109375	-0.1125	-0.115625	-0.11875	-0.121875	-0.125	-0.128125	-0.13125	-0.134375	-0.1375	-0.140625	-0.14375	-0.146875	-0.15	-0.153125	-0.15625	-0.159375	-0.1625	-0.165625	-0.16875	-0.171875	-0.175	-0.178125	-0.18125	-0.184375	-0.1875	-0.190625	-0.19375	-0.196875	-0.2	-0.203125	-0.20625	-0.209375	-0.2125	-0.215625	-0.21875	-0.221875	-0.225	-0.228125	-0.23125	-0.234375	-0.2375	-0.240625	-0.24375	-0.246875	-0.25	-0.253125	-0.25625	-0.259375	-0.2625	-0.265625	-0.26875	-0.271875	-0.275	-0.278125	-0.28125	-0.284375	-0.2875	-0.290625	-0.29375	-0.296875	-0.3	-0.303125	-0.30625	-0.309375	-0.3125	-0.315625	-0.31875	-0.321875	-0.325	-0.328125	-0.33125	-0.334375	-0.3375	-0.340625	-0.34375	-0.346875	-0.35	-0.353125	-0.35625	-0.359375	-0.3625	-0.365625	-0.36875	-0.371875	-0.375	-0.378125	-0.38125	-0.384375	-0.3875	-0.390625	-0.39375	-0.396875	-0.4	-0.403125	-0.40625	-0.409375	-0.4125	-0.415625	-0.41875	-0.421875	-0.425	-0.428125	-0.43125	-0.434375	-0.4375	-0.440625	-0.435937	-0.43125	-0.426562	-0.421875	-0.417187	-0.4125	-0.407812	-0.403125	-0.398437	-0.39375	-0.389062	-0.384375	-0.379687	-0.375	-0.370312	-0.365625	-0.360937	-0.35625	-0.351562	-0.346875	-0.342187	-0.3375	-0.332812	-0.328125	-0.323437	-0.31875	-0.314062	-0.309375	-0.304687	-0.3	-0.295312	-0.290625	-0.285937	-0.28125	-0.276562	-0.271875	-0.267187	-0.2625	-0.257812	-0.253125	-0.248437	-0.24375	-0.239062	-0.234375	-0.229687	-0.225	-0.220312	-0.215625	-0.210937	-0.20625	-0.201562	-0.196875	-0.192187	-0.1875	-0.182812	-0.178125	-0.173437	-0.16875	-0.164062	-0.159375	-0.154687	-0.15	-0.145312	-0.140625	-0.135937	-0.13125	-0.126562	-0.121875	-0.117187	-0.1125	-0.107812	-0.103125	-0.0984375	-0.09375	-0.0890625	-0.084375	-0.0796875	-0.075	-0.0703125	-0.065625	-0.0609375	-0.05625	-0.0515625	-0.046875	-0.0421875	-0.0375	-0.0328125	-0.028125	-0.0234375	-0.01875	-0.0140625	-0.009375	-0.0046875	9.99201e-16	0.0046875	0.009375	0.0140625	0.01875	0.0234375	0.028125	0.0328125	0.0375	0.0421875	0.046875	0.0515625	0.05625	0.0609375	0.065625	0.0703125	0.075	0.0796875	0.084375	0.0890625	0.09375	0.0984375	0.103125	0.107813	0.1125	0.117188	0.121875	0.126563	0.13125	0.135938	0.140625	0.145313	0.15	0.154688	0.159375	0.164063	0.16875	0.173438	0.178125	0.182813	0.1875	0.192188	0.196875	0.201563	0.20625	0.210938	0.215625	0.220313	0.225	0.229688	0.234375	0.239063	0.24375	0.248438	0.253125	0.257813	0.2625	0.267188	0.271875	0.276563	0.28125	0.285938	0.290625	0.295313	0.3	0.304688	0.309375	0.30625	0.303125	0.3	0.296875	0.29375	0.290625	0.2875	0.284375	0.28125	0.278125	0.275	0.271875	0.26875	0.265625	0.2625	0.259375	0.25625	0.253125	0.25	0.246875	0.24375	0.240625	0.2375	0.234375	0.23125	0.228125	0.225	0.221875	0.21875	0.215625	0.2125	0.209375	0.20625	0.203125	0.2	0.196875	0.19375	0.190625	0.1875	0.184375	0.18125	0.178125	0.175	0.171875	0.16875	0.165625	0.1625	0.159375	0.15625	0.153125	0.15	0.146875	0.14375	0.140625	0.1375	0.134375	0.13125	0.128125	0.125	0.121875	0.11875	0.115625	0.1125	0.109375	0.10625	0.103125	0.1	0.096875	0.09375	0.090625	0.0875	0.084375	0.08125	0.078125	0.075	0.071875	0.06875	0.065625	0.0625	0.059375	0.05625	0.053125	0.05	0.046875	0.04375	0.040625	0.0375	0.034375	0.03125	0.028125	0.025	0.021875	0.01875	0.015625	0.0125	0.009375	0.00625	0.003125	0
0	-0.003125	-0.00625	-0.009375	-0.0125	-0.015625	-0.01875	-0.021875	-0.025	-0.028125	-0.03125	-0.034375	-0.0375	-0.040625	-0.04375	-0.046875	-0.05	-0.053125	-0.05625	-0.059375	-0.0625	-0.065625	-0.06875	-0.071875	-0.075	-0.078125	-0.08125	-0.084375	-0.0875	-0.090625	-0.09375	-0.096875	-0.1	-0.103125	-0.10625	-0.109375	-0.1125	-0.115625	-0.11875	-0.121875	-0.125	-0.128125	-0.13125	-0.134375	-0.1375	-0.140625	-0.14375	-0.146875	-0.15	-0.153125	-0.15625	-0.159375	-0.1625	-0.165625	-0.16875	-0.171875	-0.175	-0.178125	-0.18125	-0.184375	-0.1875	-0.190625	-0.19375	-0.196875	-0.2	-0.203125	-0.20625	-0.209375	-0.2125	-0.215625	-0.21875	-0.221875	-0.225	-0.228125	-0.23125	-0.234375	-0.2375	-0.240625	-0.24375	-0.246875	-0.25	-0.253125	-0.25625	-0.259375	-0.2625	-0.265625	-0.26875	-0.271875	-0.275	-0.278125	-0.28125	-0.284375	-0.2875	-0.290625	-0.29375	-0.296875	-0.3	-0.303125	-0.30625	-0.309375	-0.3125	-0.315625	-0.31875	-0.321875	-0.325	-0.328125	-0.33125	-0.334375	-0.3375	-0.340625	-0.34375	-0.346875	-0.35	-0.353125	-0.35625	-0.359375	-0.3625	-0.365625	-0.36875	-0.371875	-0.375	-0.378125	-0.38125	-0.384375	-0.3875	-0.390625	-0.39375	-0.396875	-0.4	-0.403125	-0.40625	-0.409375	-0.4125	-0.415625	-0.41875	-0.421875	-0.425	-0.428125	-0.43125	-0.434375	-0.4375	-0.440625	-0.44375	-0.446875	-0.45	-0.453125	-0.45625	-0.459375	-0.4625	-0.465625	-0.46875	-0.471875	-0.475	-0.478125	-0.48125	-0.484375	-0.4875	-0.490625	-0.49375	-0.496875	-0.5	-0.503125	-0.498437	-0.49375	-0.489062	-0.484375	-0.479687	-0.475	-0.470312	-0.465625	-0.460937	-0.45625	-0.451562	-0.446875	-0.442187	-0.4375	-0.432812	-0.428125	-0.423437	-0.41875	-0.414062	-0.409375	-0.404687	-0.4	-0.395312	-0.390625	-0.385937	-0.38125	-0.376562	-0.371875	-0.367187	-0.3625	-0.357812	-0.353125	-0.348437	-0.34375	-0.339062	-0.334375	-0.329687	-0.325	-0.320312	-0.315625	-0.310937	-0.30625	-0.301562	-0.296875	-0.292187	-0.2875	-0.282812	-0.278125	-0.273437	-0.26875	-0.264062	-0.259375	-0.254687	-0.25	-0.245312	-0.240625	-0.235937	-0.23125	-0.226562	-0.221875	-0.217187	-0.2125	-0.207812	-0.203125	-0.198437	-0.19375	-0.189062	-0.184375	-0.179687	-0.175	-0.170312	-0.165625	-0.160937	-0.15625	-0.151562	-0.146875	-0.142187	-0.1375	-0.132812	-0.128125	-0.123437	-0.11875	-0.114062	-0.109375	-0.104687	-0.1	-0.0953125	-0.090625	-0.0859375	-0.08125	-0.0765625	-0.071875	-0.0671875	-0.0625	-0.0578125	-0.053125	-0.0484375	-0.04375	-0.0390625	-0.034375	-0.0296875	-0.025	-0.0203125	-0.015625	-0.0109375	-0.00625	-0.0015625	0.003125	0.0078125	0.0125	0.0171875	0.021875	0.0265625	0.03125	0.0359375	0.040625	0.0453125	0.05	0.0546875	0.059375	0.0640625	0.06875	0.0734375	0.078125	0.0828125	0.0875	0.0921875	0.096875	0.101563	0.10625	0.110938	0.115625	0.120313	0.125	0.129688	0.134375	0.139063	0.14375	0.148438	0.153125	0.157813	0.1625	0.167188	0.171875	0.176563	0.18125	0.185938	0.190625	0.195313	0.2	0.204688	0.209375	0.214063	0.21875	0.223438	0.228125	0.232813	0.2375	0.242188	0.246875	0.24375	0.240625	0.2375	0.234375	0.23125	0.228125	0.225	0.221875	0.21875	0.215625	0.2125	0.209375	0.20625	0.203125	0.2	0.196875	0.19375	0.190625	0.1875	0.184375	0.18125	0.178125	0.175	0.171875	0.16875	0.165625	0.1625	0.159375	0.15625	0.153125	0.15	0.146875	0.14375	0.140625	0.1375	0.134375	0.13125	0.128125	0.125	0.121875	0.11875	0.115625	0.1125	0.109375	0.10625	0.103125	0.1	0.096875	0.09375	0.090625	0.0875	0.084375	0.08125	0.078125	0.075	0.071875	0.06875	0.065625	0.0625	0.059375	0.05625	0.053125	0.05	0.046875	0.04375	0.040625	0.0375	0.034375	0.03125	0.028125	0.025	0.021875	0.01875	0.015625	0.0125	0.009375	0.00625	0.003125	0
0	-0.003125	-0.00625	-0.009375	-0.0125	-0.015625	-0.01875	-0.021875	-0.025	-0.028125	-0.03125	-0.034375	-0.0375	-0.040625	-0.04375	-0.046875	-0.05	-0.053125	-0.05625	-0.059375	-0.0625	-0.065625	-0.06875	-0.071875	-0.075	-0.078125	-0.08125	-0.084375	-0.0875	-0.090625	-0.09375	-0.096875	-0.1	-0.103125	-0.10625	-0.109375	-0.1125	-0.115625	-0.11875	-0.121875	-0.125	-0.128125	-0.13125	-0.134375	-0.1375	-0.140625	-0.14375	-0.146875	-0.15	-0.153125	-0.15625	-0.159375	-0.1625	-0.165625	-0.16875	-0.171875	-0.175	-0.178125	-0.18125	-0.184375	-0.1875	-0.190625	-0.19375	-0.196875	-0.2	-0.203125	-0.20625	-0.209375	-0.2125	-0.215625	-0.21875	-0.221875	-0.225	-0.228125	-0.23125	-0.234375	-0.2375	-0.240625	-0.24375	-0.246875	-0.25	-0.253125	-0.25625	-0.259375	-0.2625	-0.265625	-0.26875	-0.271875	-0.275	-0.278125	-0.28125	-0.284375	-0.2875	-0.290625	-0.29375	-0.296875	-0.3	-0.303125	-0.30625	-0.309375	-0.3125	-0.315625	-0.31875	-0.321875	-0.325	-0.328125	-0.33125	-0.334375	-0.3375	-0.340625	-0.34375	-0.346875	-0.35	-0.353125	-0.35625	-0.359375	-0.3625	-0.365625	-0.36875	-0.371875	-0.375	-0.378125	-0.38125	-0.384375	-0.3875	-0.390625	-0.39375	-0.396875	-0.4	-0.403125	-0.40625	-0.409375	-0.4125	-0.415625	-0.41875	-0.421875	-0.425	-0.428125	-0.43125	-0.434375	-0.4375	-0.440625	-0.44375	-0.446875	-0.45	-0.453125	-0.45625	-0.459375	-0.4625	-0.465625	-0.46875	-0.471875	-0.475	-0.478125	-0.48125	-0.484375	-0.4875	-0.490625	-0.49375	-0.496875	-0.5	-0.503125	-0.50625	-0.509375	-0.5125	-0.515625	-0.51875	-0.521875	-0.525	-0.528125	-0.53125	-0.534375	-0.5375	-0.540625	-0.54375	-0.546875	-0.55	-0.553125	-0.55625	-0.559375	-0.5625	-0.565625	-0.560937	-0.55625	-0.551562	-0.546875	-0.542187	-0.5375	-0.532812	-0.528125	-0.523437	-0.51875	-0.514062	-0.509375	-0.504687	-0.5	-0.495312	-0.490625	-0.485937	-0.48125	-0.476562	-0.471875	-0.467187	-0.4625	-0.457812	-0.453125	-0.448437	-0.44375	-0.439062	-0.434375	-0.429687	-0.425	-0.420312	-0.415625	-0.410937	-0.40625	-0.401562	-0.396875	-0.392187	-0.3875	-0.382812	-0.378125	-0.373437	-0.36875	-0.364062	-0.359375	-0.354687	-0.35	-0.345312	-0.340625	-0.335937	-0.33125	-0.326562	-0.321875	-0.317187	-0.3125	-0.307812	-0.303125	-0.298437	-0.29375	-0.289062	-0.284375	-0.279687	-0.275	-0.270312	-0.265625	-0.260937	-0.25625	-0.251562	-0.246875	-0.242187	-0.2375	-0.232812	-0.228125	-0.223437	-0.21875	-0.214062	-0.209375	-0.204687	-0.2	-0.195312	-0.190625	-0.185937	-0.18125	-0.176562	-0.171875	-0.167187	-0.1625	-0.157812	-0.153125	-0.148437	-0.14375	-0.139062	-0.134375	-0.129687	-0.125	-0.120312	-0.115625	-0.110937	-0.10625	-0.101562	-0.096875	-0.0921875	-0.0875	-0.0828125	-0.078125	-0.0734375	-0.06875	-0.0640625	-0.059375	-0.0546875	-0.05	-0.0453125	-0.040625	-0.0359375	-0.03125	-0.0265625	-0.021875	-0.0171875	-0.0125	-0.0078125	-0.003125	0.0015625	0.00625	0.0109375	0.015625	0.0203125	0.025	0.0296875	0.034375	0.0390625	0.04375	0.0484375	0.053125	0.0578125	0.0625	0.0671875	0.071875	0.0765625	0.08125	0.0859375	0.090625	0.0953125	0.1	0.104688	0.109375	0.114062	0.11875	0.123438	0.128125	0.132812	0.1375	0.142187	0.146875	0.151563	0.15625	0.160938	0.165625	0.170313	0.175	0.179688	0.184375	0.18125	0.178125	0.175	0.171875	0.16875	0.165625	0.1625	0.159375	0.15625	0.153125	0.15	0.146875	0.14375	0.140625	0.1375	0.134375	0.13125	0.128125	0.125	0.121875	0.11875	0.115625	0.1125	0.109375	0.10625	0.103125	0.1	0.096875	0.09375	0.090625	0.0875	0.084375	0.08125	0.078125	0.075	0.071875	0.06875	0.065625	0.0625	0.059375	0.05625	0.053125	0.05	0.046875	0.04375	0.040625	0.0375	0.034375	0.03125	0.028125	0.025	0.021875	0.01875	0.015625	0.0125	0.009375	0.00625	0.003125	0
0	-0.003125	-0.00625	-0.009375	-0.0125	-0.015625	-0.01875	-0.021875	-0.025	-0.028125	-0.03125	-0.034375	-0.0375	-0.040625	-0.04375	-0.046875	-0.05	-0.053125	-0.05625	-0.059375	-0.0625	-0.065625	-0.06875	-0.071875	-0.075	-0.078125	-0.08125	-0.084375	-0.0875	-0.090625	-0.09375	-0.096875	-0.1	-0.103125	-0.10625	-0.109375	-0.1125	-0.115625	-0.11875	-0.121875	-0.125	-0.128125	-0.13125	-0.134375	-0.1375	-0.140625	-0.14375	-0.146875	-0.15	-0.153125	-0.15625	-0.159375	-0.1625	-0.165625	-0.16875	-0.171875	-0.175	-0.178125	-0.18125	-0.184375	-0.1875	-0.190625	-0.19375	-0.196875	-0.2	-0.203125	-0.20625	-0.209375	-0.2125	-0.215625	-0.21875	-0.221875	-0.225	-0.228125	-0.23125	-0.234375	-0.2375	-0.240625	-0.24375	-0.246875	-0.25	-0.253125	-0.25625	-0.259375	-0.2625	-0.265625	-0.26875	-0.271875	-0.275	-0.278125	-0.28125	-0.284375	-0.2875	-0.290625	-0.29375	-0.296875	-0.3	-0.303125	-0.30625	-0.309375	-0.3125	-0.315625	-0.31875	-0.321875	-0.325	-0.328125	-0.33125	-0.334375	-0.3375	-0.340625	-0.34375	-0.346875	-0.35	-0.353125	-0.35625	-0.359375	-0.3625	-0.365625	-0.36875	-0.371875	-0.375	-0.378125	-0.38125	-0.384375	-0.3875	-0.390625	-0.39375	-0.396875	-0.4	-0.403125	-0.40625	-0.409375	-0.4125	-0.415625	-0.41875	-0.421875	-0.425	-0.428125	-0.43125	-0.434375	-0.4375	-0.440625	-0.44375	-0.446875	-0.45	-0.453125	-0.45625	-0.459375	-0.4625	-0.465625	-0.46875	-0.471875	-0.475	-0.478125	-0.48125	-0.484375	-0.4875	-0.490625	-0.49375	-0.496875	-0.5	-0.503125	-0.50625	-0.509375	-0.5125	-0.515625	-0.51875	-0.521875	-0.525	-0.528125	-0.53125	-0.534375	-0.5375	-0.540625	-0.54375	-0.546875	-0.55	-0.553125	-0.55625	-0.559375	-0.5625	-0.565625	-0.56875	-0.571875	-0.575	-0.578125	-0.58125	-0.584375	-0.5875	-0.590625	-0.59375	-0.596875	-0.6	-0.603125	-0.60625	-0.609375	-0.6125	-0.615625	-0.61875	-0.621875	-0.625	-0.628125	-0.623437	-0.61875	-0.614062	-0.609375	-0.604687	-0.6	-0.595312	-0.590625	-0.585937	-0.58125	-0.576562	-0.571875	-0.567187	-0.5625	-0.557812	-0.553125	-0.548437	-0.54375	-0.539062	-0.534375	-0.529687	-0.525	-0.520312	-0.515625	-0.510937	-0.50625	-0.501562	-0.496875	-0.492187	-0.4875	-0.482812	-0.478125	-0.473437	-0.46875	-0.464062	-0.459375	-0.454687	-0.45	-0.445312	-0.440625	-0.435937	-0.43125	-0.426562	-0.421875	-0.417187	-0.4125	-0.407812	-0.403125	-0.398437	-0.39375	-0.389062	-0.384375	-0.379687	-0.375	-0.370312	-0.365625	-0.360937	-0.35625	-0.351562	-0.346875	-0.342187	-0.3375	-0.332812	-0.328125	-0.323437	-0.31875	-0.314062	-0.309375	-0.304687	-0.3	-0.295312	-0.290625	-0.285937	-0.28125	-0.276562	-0.271875	-0.267187	-0.2625	-0.257812	-0.253125	-0.248437	-0.24375	-0.239062	-0.234375	-0.229687	-0.225	-0.220312	-0.215625	-0.210937	-0.20625	-0.201562	-0.196875	-0.192187	-0.1875	-0.182812	-0.178125	-0.173437	-0.16875	-0.164062	-0.159375	-0.154688	-0.15	-0.145312	-0.140625	-0.135938	-0.13125	-0.126563	-0.121875	-0.117188	-0.1125	-0.107813	-0.103125	-0.0984375	-0.09375	-0.0890625	-0.084375	-0.0796875	-0.075	-0.0703125	-0.065625	-0.0609375	-0.05625	-0.0515625	-0.046875	-0.0421875	-0.0375	-0.0328125	-0.028125	-0.0234375	-0.01875	-0.0140625	-0.009375	-0.0046875	2.77556e-17	0.0046875	0.009375	0.0140625	0.01875	0.0234375	0.028125	0.0328125	0.0375	0.0421875	0.046875	0.0515625	0.05625	0.0609375	0.065625	0.0703125	0.075	0.0796875	0.084375	0.0890625	0.09375	0.0984375	0.103125	0.107813	0.1125	0.117187	0.121875	0.11875	0.115625	0.1125	0.109375	0.10625	0.103125	0.1	0.096875	0.09375	0.090625	0.0875	0.084375	0.08125	0.078125	0.075	0.071875	0.06875	0.065625	0.0625	0.059375	0.05625	0.053125	0.05	0.046875	0.04375	0.040625	0.0375	0.034375	0.03125	0.028125	0.025	0.021875	0.01875	0.015625	0.0125	0.009375	0.00625	0.003125	0
0	-0.003125	-0.00625	-0.009375	-0.0125	-0.015625	-0.01875	-0.021875	-0.025	-0.028125	-0.03125	-0.034375	-0.0375	-0.040625	-0.04375	-0.046875	-0.05	-0.053125	-0.05625	-0.059375	-0.0625	-0.065625	-0.06875	-0.071875	-0.075	-0.078125	-0.08125	-0.084375	-0.0875	-0.090625	-0.09375	-0.096875	-0.1	-0.103125	-0.10625	-0.109375	-0.1125	-0.115625	-0.11875	-0.121875	-0.125	-0.128125	-0.13125	-0.134375	-0.1375	-0.140625	-0.14375	-0.146875	-0.15	-0.153125	-0.15625	-0.159375	-0.1625	-0.165625	-0.16875	-0.171875	-0.175	-0.178125	-0.18125	-0.184375	-0.1875	-0.190625	-0.19375	-0.196875	-0.2	-0.203125	-0.20625	-0.209375	-0.2125	-0.215625	-0.21875	-0.221875	-0.225	-0.228125	-0.23125	-0.234375	-0.2375	-0.240625	-0.24375	-0.246875	-0.25	-0.253125	-0.25625	-0.259375	-0.2625	-0.265625	-0.26875	-0.271875	-0.275	-0.278125	-0.28125	-0.284375	-0.2875	-0.290625	-0.29375	-0.296875	-0.3	-0.303125	-0.30625	-0.309375	-0.3125	-0.315625	-0.31875	-0.321875	-0.325	-0.328125	-0.33125	-0.334375	-0.3375	-0.340625	-0.34375	-0.346875	-0.35	-0.353125	-0.35625	-0.359375	-0.3625	-0.365625	-0.36875	-0.371875	-0.375	-0.378125	-0.38125	-0.384375	-0.3875	-0.390625	-0.39375	-0.396875	-0.4	-0.403125	-0.40625	-0.409375	-0.4125	-0.415625	-0.41875	-0.421875	-0.425	-0.428125	-0.43125	-0.434375	-0.4375	-0.440625	-0.44375	-0.446875	-0.45	-0.453125	-0.45625	-0.459375	-0.4625	-0.465625	-0.46875	-0.471875	-0.475	-0.478125	-0.48125	-0.484375	-0.4875	-0.490625	-0.49375	-0.496875	-0.5	-0.503125	-0.50625	-0.509375	-0.5125	-0.515625	-0.51875	-0.521875	-0.525	-0.528125	-0.53125	-0.534375	-0.5375	-0.540625	-0.54375	-0.546875	-0.55	-0.553125	-0.55625	-0.559375	-0.5625	-0.565625	-0.56875	-0.571875	-0.575	-0.578125	-0.58125	-0.584375	-0.5875	-0.590625	-0.59375	-0.596875	-0.6	-0.603125	-0.60625	-0.609375	-0.6125	-0.615625	-0.61875	-0.621875	-0.625	-0.628125	-0.63125	-0.634375	-0.6375	-0.640625	-0.64375	-0.646875	-0.65	-0.653125	-0.65625	-0.659375	-0.6625	-0.665625	-0.66875	-0.671875	-0.675	-0.678125	-0.68125	-0.684375	-0.6875	-0.690625	-0.685937	-0.68125	-0.676563	-0.671875	-0.667188	-0.6625	-0.657813	-0.653125	-0.648438	-0.64375	-0.639062	-0.634375	-0.629687	-0.625	-0.620313	-0.615625	-0.610938	-0.60625	-0.601562	-0.596875	-0.592187	-0.5875	-0.582812	-0.578125	-0.573437	-0.56875	-0.564062	-0.559375	-0.554687	-0.55	-0.545312	-0.540625	-0.535937	-0.53125	-0.526562	-0.521875	-0.517187	-0.5125	-0.507812	-0.503125	-0.498437	-0.49375	-0.489062	-0.484375	-0.479687	-0.475	-0.470312	-0.465625	-0.460937	-0.45625	-0.451562	-0.446875	-0.442187	-0.4375	-0.432812	-0.428125	-0.423437	-0.41875	-0.414062	-0.409375	-0.404688	-0.4	-0.395312	-0.390625	-0.385938	-0.38125	-0.376562	-0.371875	-0.367188	-0.3625	-0.357813	-0.353125	-0.348437	-0.34375	-0.339062	-0.334375	-0.329687	-0.325	-0.320312	-0.315625	-0.310937	-0.30625	-0.301562	-0.296875	-0.292188	-0.2875	-0.282813	-0.278125	-0.273438	-0.26875	-0.264063	-0.259375	-0.254688	-0.25	-0.245313	-0.240625	-0.235938	-0.23125	-0.226563	-0.221875	-0.217188	-0.2125	-0.207813	-0.203125	-0.198438	-0.19375	-0.189062	-0.184375	-0.179688	-0.175	-0.170313	-0.165625	-0.160938	-0.15625	-0.151563	-0.146875	-0.142188	-0.1375	-0.132813	-0.128125	-0.123438	-0.11875	-0.114063	-0.109375	-0.104688	-0.1	-0.0953125	-0.090625	-0.0859375	-0.08125	-0.0765625	-0.071875	-0.0671875	-0.0625	-0.0578125	-0.053125	-0.0484375	-0.04375	-0.0390625	-0.034375	-0.0296875	-0.025	-0.0203125	-0.015625	-0.0109375	-0.00625	-0.0015625	0.003125	0.0078125	0.0125	0.0171875	0.021875	0.0265625	0.03125	0.0359375	0.040625	0.0453125	0.05	0.0546875	0.059375	0.05625	0.053125	0.05	0.046875	0.04375	0.040625	0.0375	0.034375	0.03125	0.028125	0.025	0.021875	0.01875	0.015625	0.0125	0.009375	0.00625	0.003125	0
0	-0.003125	-0.00625	-0.009375	-0.0125	-0.015625	-0.01875	-0.021875	-0.025	-0.028125	-0.03125	-0.034375	-0.0375	-0.040625	-0.04375	-0.046875	-0.05	-0.053125	-0.05625	-0.059375	-0.0625	-0.065625	-0.06875	-0.071875	-0.075	-0.078125	-0.08125	-0.084375	-0.0875	-0.090625	-0.09375	-0.096875	-0.1	-0.103125	-0.10625	-0.109375	-0.1125	-0.115625	-0.11875	-0.121875	-0.125	-0.128125	-0.13125	-0.134375	-0.1375	-0.140625	-0.14375	-0.146875	-0.15	-0.153125	-0.15625	-0.159375	-0.1625	-0.165625	-0.16875	-0.171875	-0.175	-0.178125	-0.18125	-0.184375	-0.1875	-0.190625	-0.19375	-0.196875	-0.2	-0.203125	-0.20625	-0.209375	-0.2125	-0.215625	-0.21875	-0.221875	-0.225	-0.228125	-0.23125	-0.234375	-0.2375	-0.240625	-0.24375	-0.246875	-0.25	-0.253125	-0.25625	-0.259375	-0.2625	-0.265625	-0.26875	-0.271875	-0.275	-0.278125	-0.28125	-0.284375	-0.2875	-0.290625	-0.29375	-0.296875	-0.3	-0.303125	-0.30625	-0.309375	-0.3125	-0.315625	-0.31875	-0.321875	-0.325	-0.328125	-0.33125	-0.334375	-0.3375	-0.340625	-0.34375	-0.346875	-0.35	-0.353125	-0.35625	-0.359375	-0.3625	-0.365625	-0.36875	-0.371875	-0.375	-0.378125	-0.38125	-0.384375	-0.3875	-0.390625	-0.39375	-0.396875	-0.4	-0.403125	-0.40625	-0.409375	-0.4125	-0.415625	-0.41875	-0.421875	-0.425	-0.428125	-0.43125	-0.434375	-0.4375	-0.440625	-0.44375	-0.446875	-0.45	-0.453125	-0.45625	-0.459375	-0.4625	-0.465625	-0.46875	-0.471875	-0.475	-0.478125	-0.48125	-0.484375	-0.4875	-0.490625	-0.49375	-0.496875	-0.5	-0.503125	-0.50625	-0.509375	-0.5125	-0.515625	-0.51875	-0.521875	-0.525	-0.528125	-0.53125	-0.534375	-0.5375	-0.540625	-0.54375	-0.546875	-0.55	-0.553125	-0.55625	-0.559375	-0.5625	-0.565625	-0.56875	-0.571875	-0.575	-0.578125	-0.58125	-0.584375	-0.5875	-0.590625	-0.59375	-0.596875	-0.6	-0.603125	-0.60625	-0.609375	-0.6125	-0.615625	-0.61875	-0.621875	-0.625	-0.628125	-0.63125	-0.634375	-0.6375	-0.640625	-0.64375	-0.646875	-0.65	-0.653125	-0.65625	-0.659375	-0.6625	-0.665625	-0.66875	-0.671875	-0.675	-0.678125	-0.68125	-0.684375	-0.6875	-0.690625	-0.69375	-0.696875	-0.7	-0.703125	-0.70625	-0.709375	-0.7125	-0.715625	-0.71875	-0.721875	-0.725	-0.728125	-0.73125	-0.734375	-0.7375	-0.740625	-0.74375	-0.746875	-0.75	-0.753125	-0.748437	-0.74375	-0.739062	-0.734375	-0.729688	-0.725	-0.720313	-0.715625	-0.710938	-0.70625	-0.701562	-0.696875	-0.692188	-0.6875	-0.682813	-0.678125	-0.673438	-0.66875	-0.664063	-0.659375	-0.654688	-0.65	-0.645313	-0.640625	-0.635938	-0.63125	-0.626563	-0.621875	-0.617188	-0.6125	-0.607813	-0.603125	-0.598438	-0.59375	-0.589063	-0.584375	-0.579688	-0.575	-0.570312	-0.565625	-0.560938	-0.55625	-0.551562	-0.546875	-0.542188	-0.5375	-0.532813	-0.528125	-0.523438	-0.51875	-0.514063	-0.509375	-0.504688	-0.5	-0.495313	-0.490625	-0.485938	-0.48125	-0.476563	-0.471875	-0.467188	-0.4625	-0.457813	-0.453125	-0.448438	-0.44375	-0.439062	-0.434375	-0.429688	-0.425	-0.420313	-0.415625	-0.410938	-0.40625	-0.401563	-0.396875	-0.392188	-0.3875	-0.382813	-0.378125	-0.373438	-0.36875	-0.364063	-0.359375	-0.354688	-0.35	-0.345313	-0.340625	-0.335937	-0.33125	-0.326563	-0.321875	-0.317187	-0.3125	-0.307813	-0.303125	-0.298438	-0.29375	-0.289062	-0.284375	-0.279687	-0.275	-0.270312	-0.265625	-0.260938	-0.25625	-0.251563	-0.246875	-0.242188	-0.2375	-0.232813	-0.228125	-0.223438	-0.21875	-0.214063	-0.209375	-0.204687	-0.2	-0.195313	-0.190625	-0.185938	-0.18125	-0.176563	-0.171875	-0.167188	-0.1625	-0.157812	-0.153125	-0.148438	-0.14375	-0.139063	-0.134375	-0.129688	-0.125	-0.120313	-0.115625	-0.110938	-0.10625	-0.101563	-0.096875	-0.0921875	-0.0875	-0.0828125	-0.078125	-0.0734375	-0.06875	-0.0640625	-0.059375	-0.0546875	-0.05	-0.0453125	-0.040625	-0.0359375	-0.03125	-0.0265625	-0.021875	-0.0171875	-0.0125	0
0	-0.003125	-0.00625	-0.009375	-0.0125	-0.015625	-0.01875	-0.021875	-0.025	-0.028125	-0.03125	-0.034375	-0.0375	-0.040625	-0.04375	-0.046875	-0.05	-0.053125	-0.05625	-0.059375	-0.0625	-0.065625	-0.06875	-0.071875	-0.075	-0.078125	-0.08125	-0.084375	-0.0875	-0.090625	-0.09375	-0.096875	-0.1	-0.103125	-0.10625	-0.109375	-0.1125	-0.115625	-0.11875	-0.121875	-0.125	-0.128125	-0.13125	-0.134375	-0.1375	-0.140625	-0.14375	-0.146875	-0.15	-0.153125	-0.15625	-0.159375	-0.1625	-0.165625	-0.16875	-0.171875	-0.175	-0.178125	-0.18125	-0.184375	-0.1875	-0.190625	-0.19375	-0.196875	-0.2	-0.203125	-0.20625	-0.209375	-0.2125	-0.215625	-0.21875	-0.221875	-0.225	-0.228125	-0.23125	-0.234375	-0.2375	-0.240625	-0.24375	-0.246875	-0.25	-0.253125	-0.25625	-0.259375	-0.2625	-0.265625	-0.26875	-0.271875	-0.275	-0.278125	-0.28125	-0.284375	-0.2875	-0.290625	-0.29375	-0.296875	-0.3	-0.303125	-0.30625	-0.309375	-0.3125	-0.315625	-0.31875	-0.321875	-0.325	-0.328125	-0.33125	-0.334375	-0.3375	-0.340625	-0.34375	-0.346875	-0.35	-0.353125	-0.35625	-0.359375	-0.3625	-0.365625	-0.36875	-0.371875	-0.375	-0.378125	-0.38125	-0.384375	-0.3875	-0.390625	-0.39375	-0.396875	-0.4	-0.403125	-0.40625	-0.409375	-0.4125	-0.415625	-0.41875	-0.421875	-0.425	-0.428125	-0.43125	-0.434375	-0.4375	-0.440625	-0.44375	-0.446875	-0.45	-0.453125	-0.45625	-0.459375	-0.4625	-0.465625	-0.46875	-0.471875	-0.475	-0.478125	-0.48125	-0.484375	-0.4875	-0.490625	-0.49375	-0.496875	-0.5	-0.503125	-0.50625	-0.509375	-0.5125	-0.515625	-0.51875	-0.521875	-0.525	-0.528125	-0.53125	-0.534375	-0.5375	-0.540625	-0.54375	-0.546875	-0.55	-0.553125	-0.55625	-0.559375	-0.5625	-0.565625	-0.56875	-0.571875	-0.575	-0.578125	-0.58125	-0.584375	-0.5875	-0.590625	-0.59375	-0.596875	-0.6	-0.603125	-0.60625	-0.609375	-0.6125	-0.615625	-0.61875	-0.621875	-0.625	-0.628125	-0.63125	-0.634375	-0.6375	-0.640625	-0.64375	-0.646875	-0.65	-0.653125	-0.65625	-0.659375	-0.6625	-0.665625	-0.66875	-0.671875	-0.675	-0.678125	-0.68125	-0.684375	-0.6875	-0.690625	-0.69375	-0.696875	-0.7	-0.703125	-0.70625	-0.709375	-0.7125	-0.715625	-0.71875	-0.721875	-0.725	-0.728125	-0.73125	-0.734375	-0.7375	-0.740625	-0.74375	-0.746875	-0.75	-0.753125	-0.75625	-0.759375	-0.7625	-0.765625	-0.76875	-0.771875	-0.775	-0.778125	-0.78125	-0.784375	-0.7875	-0.790625	-0.79375	-0.796875	-0.8	-0.803125	-0.80625	-0.809375	-0.8125	-0.815625	-0.810938	-0.80625	-0.801563	-0.796875	-0.792188	-0.7875	-0.782813	-0.778125	-0.773438	-0.76875	-0.764063	-0.759375	-0.754688	-0.75	-0.745313	-0.740625	-0.735938	-0.73125	-0.726563	-0.721875	-0.717188	-0.7125	-0.707813	-0.703125	-0.698438	-0.69375	-0.689063	-0.684375	-0.679688	-0.675	-0.670313	-0.665625	-0.660938	-0.65625	-0.651563	-0.646875	-0.642188	-0.6375	-0.632813	-0.628125	-0.623438	-0.61875	-0.614063	-0.609375	-0.604687	-0.6	-0.595313	-0.590625	-0.585937	-0.58125	-0.576562	-0.571875	-0.567187	-0.5625	-0.557812	-0.553125	-0.548437	-0.54375	-0.539062	-0.534375	-0.529687	-0.525	-0.520312	-0.515625	-0.510938	-0.50625	-0.501562	-0.496875	-0.492187	-0.4875	-0.482812	-0.478125	-0.473438	-0.46875	-0.464062	-0.459375	-0.454687	-0.45	-0.445312	-0.440625	-0.435938	-0.43125	-0.426563	-0.421875	-0.417188	-0.4125	-0.407812	-0.403125	-0.398437	-0.39375	-0.389062	-0.384375	-0.379687	-0.375	-0.370312	-0.365625	-0.360937	-0.35625	-0.351562	-0.346875	-0.342187	-0.3375	-0.332812	-0.328125	-0.323437	-0.31875	-0.314063	-0.309375	-0.304688	-0.3	-0.295312	-0.290625	-0.285938	-0.28125	-0.276562	-0.271875	-0.267187	-0.2625	-0.25	-0.2375	-0.225	-0.2125	-0.2	-0.1875	-0.175	-0.1625	-0.15	-0.1375	-0.125	-0.1125	-0.1	-0.0875	-0.075	-0.0625	-0.05	-0.0375	-0.025	-0.0125	0
0	-0.003125	-0.00625	-0.009375	-0.0125	-0.015625	-0.01875	-0.021875	-0.025	-0.028125	-0.03125	-0.034375	-0.0375	-0.040625	-0.04375	-0.046875	-0.05	-0.053125	-0.05625	-0.059375	-0.0625	-0.065625	-0.06875	-0.071875	-0.075	-0.078125	-0.08125	-0.084375	-0.0875	-0.090625	-0.09375	-0.096875	-0.1	-0.103125	-0.10625	-0.109375	-0.1125	-0.115625	-0.11875	-0.121875	-0.125	-0.128125	-0.13125	-0.134375	-0.1375	-0.140625	-0.14375	-0.146875	-0.15	-0.153125	-0.15625	-0.159375	-0.1625	-0.165625	-0.16875	-0.171875	-0.175	-0.178125	-0.18125	-0.184375	-0.1875	-0.190625	-0.19375	-0.196875	-0.2	-0.203125	-0.20625	-0.209375	-0.2125	-0.215625	-0.21875	-0.221875	-0.225	-0.228125	-0.23125	-0.234375	-0.2375	-0.240625	-0.24375	-0.246875	-0.25	-0.253125	-0.25625	-0.259375	-0.2625	-0.265625	-0.26875	-0.271875	-0.275	-0.278125	-0.28125	-0.284375	-0.2875	-0.290625	-0.29375	-0.296875	-0.3	-0.303125	-0.30625	-0.309375	-0.3125	-0.315625	-0.31875	-0.321875	-0.325	-0.328125	-0.33125	-0.334375	-0.3375	-0.340625	-0.34375	-0.346875	-0.35	-0.353125	-0.35625	-0.359375	-0.3625	-0.365625	-0.36875	-0.371875	-0.375	-0.378125	-0.38125	-0.384375	-0.3875	-0.390625	-0.39375	-0.396875	-0.4	-0.403125	-0.40625	-0.409375	-0.4125	-0.415625	-0.41875	-0.421875	-0.425	-0.428125	-0.43125	-0.434375	-0.4375	-0.440625	-0.44375	-0.446875	-0.45	-0.453125	-0.45625	-0.459375	-0.4625	-0.465625	-0.46875	-0.471875	-0.475	-0.478125	-0.48125	-0.484375	-0.4875	-0.490625	-0.49375	-0.496875	-0.5	-0.503125	-0.50625	-0.509375	-0.5125	-0.515625	-0.51875	-0.521875	-0.525	-0.528125	-0.53125	-0.534375	-0.5375	-0.540625	-0.54375	-0.546875	-0.55	-0.553125	-0.55625	-0.559375	-0.5625	-0.565625	-0.56875	-0.571875	-0.575	-0.578125	-0.58125	-0.584375	-0.5875	-0.590625	-0.59375	-0.596875	-0.6	-0.603125	-0.60625	-0.609375	-0.6125	-0.615625	-0.61875	-0.621875	-0.625	-0.628125	-0.63125	-0.634375	-0.6375	-0.640625	-0.64375	-0.646875	-0.65	-0.653125	-0.65625	-0.659375	-0.6625	-0.665625	-0.66875	-0.671875	-0.675	-0.678125	-0.68125	-0.684375	-0.6875	-0.690625	-0.69375	-0.696875	-0.7	-0.703125	-0.70625	-0.709375	-0.7125	-0.715625	-0.71875	-0.721875	-0.725	-0.728125	-0.73125	-0.734375	-0.7375	-0.740625	-0.74375	-0.746875	-0.75	-0.753125	-0.75625	-0.759375	-0.7625	-0.765625	-0.76875	-0.771875	-0.775	-0.778125	-0.78125	-0.784375	-0.7875	-0.790625	-0.79375	-0.796875	-0.8	-0.803125	-0.80625	-0.809375	-0.8125	-0.815625	-0.81875	-0.821875	-0.825	-0.828125	-0.83125	-0.834375	-0.8375	-0.840625	-0.84375	-0.846875	-0.85	-0.853125	-0.85625	-0.859375	-0.8625	-0.865625	-0.86875	-0.871875	-0.875	-0.878125	-0.873438	-0.86875	-0.864063	-0.859375	-0.854688	-0.85	-0.845313	-0.840625	-0.835938	-0.83125	-0.826563	-0.821875	-0.817188	-0.8125	-0.807813	-0.803125	-0.798438	-0.79375	-0.789063	-0.784375	-0.779687	-0.775	-0.770312	-0.765625	-0.760938	-0.75625	-0.751562	-0.746875	-0.742188	-0.7375	-0.732812	-0.728125	-0.723438	-0.71875	-0.714063	-0.709375	-0.704687	-0.7	-0.695312	-0.690625	-0.685938	-0.68125	-0.676562	-0.671875	-0.667187	-0.6625	-0.657812	-0.653125	-0.648438	-0.64375	-0.639062	-0.634375	-0.629687	-0.625	-0.620312	-0.615625	-0.610937	-0.60625	-0.601562	-0.596875	-0.592188	-0.5875	-0.582812	-0.578125	-0.573438	-0.56875	-0.564063	-0.559375	-0.554688	-0.55	-0.545313	-0.540625	-0.535938	-0.53125	-0.526562	-0.521875	-0.517187	-0.5125	-0.5	-0.4875	-0.475	-0.4625	-0.45	-0.4375	-0.425	-0.4125	-0.4	-0.3875	-0.375	-0.3625	-0.35	-0.3375	-0.325	-0.3125	-0.3	-0.2875	-0.275	-0.2625	-0.25	-0.2375	-0.225	-0.2125	-0.2	-0.1875	-0.175	-0.1625	-0.15	-0.1375	-0.125	-0.1125	-0.1	-0.0875	-0.075	-0.0625	-0.05	-0.0375	-0.025	-0.0125	0
0	-0.003125	-0.00625	-0.009375	-0.0125	-0.015625	-0.01875	-0.021875	-0.025	-0.028125	-0.03125	-0.034375	-0.0375	-0.040625	-0.04375	-0.046875	-0.05	-0.053125	-0.05625	-0.059375	-0.0625	-0.065625	-0.06875	-0.071875	-0.075	-0.078125	-0.08125	-0.084375	-0.0875	-0.090625	-0.09375	-0.096875	-0.1	-0.103125	-0.10625	-0.109375	-0.1125	-0.115625	-0.11875	-0.121875	-0.125	-0.128125	-0.13125	-0.134375	-0.1375	-0.140625	-0.14375	-0.146875	-0.15	-0.153125	-0.15625	-0.159375	-0.1625	-0.165625	-0.16875	-0.171875	-0.175	-0.178125	-0.18125	-0.184375	-0.1875	-0.190625	-0.19375	-0.196875	-0.2	-0.203125	-0.20625	-0.209375	-0.2125	-0.215625	-0.21875	-0.221875	-0.225	-0.228125	-0.23125	-0.234375	-0.2375	-0.240625	-0.24375	-0.246875	-0.25	-0.253125	-0.25625	-0.259375	-0.2625	-0.265625	-0.26875	-0.271875	-0.275	-0.278125	-0.28125	-0.284375	-0.2875	-0.290625	-0.29375	-0.296875	-0.3	-0.303125	-0.30625	-0.309375	-0.3125	-0.315625	-0.31875	-0.321875	-0.325	-0.328125	-0.33125	-0.334375	-0.3375	-0.340625	-0.34375	-0.346875	-0.35	-0.353125	-0.35625	-0.359375	-0.3625	-0.365625	-0.36875	-0.371875	-0.375	-0.378125	-0.38125	-0.384375	-0.3875	-0.390625	-0.39375	-0.396875	-0.4	-0.403125	-0.40625	-0.409375	-0.4125	-0.415625	-0.41875	-0.421875	-0.425	-0.428125	-0.43125	-0.434375	-0.4375	-0.440625	-0.44375	-0.446875	-0.45	-0.453125	-0.45625	-0.459375	-0.4625	-0.465625	-0.46875	-0.471875	-0.475	-0.478125	-0.48125	-0.484375	-0.4875	-0.490625	-0.49375	-0.496875	-0.5	-0.503125	-0.50625	-0.509375	-0.5125	-0.515625	-0.51875	-0.521875	-0.525	-0.528125	-0.53125	-0.534375	-0.5375	-0.540625	-0.54375	-0.546875	-0.55	-0.553125	-0.55625	-0.559375	-0.5625	-0.565625	-0.56875	-0.571875	-0.575	-0.578125	-0.58125	-0.584375	-0.5875	-0.590625	-0.59375	-0.596875	-0.6	-0.603125	-0.60625	-0.609375	-0.6125	-0.615625	-0.61875	-0.621875	-0.625	-0.628125	-0.63125	-0.634375	-0.6375	-0.640625	-0.64375	-0.646875	-0.65	-0.653125	-0.65625	-0.659375	-0.6625	-0.665625	-0.66875	-0.671875	-0.675	-0.678125	-0.68125	-0.684375	-0.6875	-0.690625	-0.69375	-0.696875	-0.7	-0.703125	-0.70625	-0.709375	-0.7125	-0.715625	-0.71875	-0.721875	-0.725	-0.728125	-0.73125	-0.734375	-0.7375	-0.740625	-0.74375	-0.746875	-0.75	-0.753125	-0.75625	-0.759375	-0.7625	-0.765625	-0.76875	-0.771875	-0.775	-0.778125	-0.78125	-0.784375	-0.7875	-0.790625	-0.79375	-0.796875	-0.8	-0.803125	-0.80625	-0.809375	-0.8125	-0.815625	-0.81875	-0.821875	-0.825	-0.828125	-0.83125	-0.834375	-0.8375	-0.840625	-0.84375	-0.846875	-0.85	-0.853125	-0.85625	-0.859375	-0.8625	-0.865625	-0.86875	-0.871875	-0.875	-0.878125	-0.88125	-0.884375	-0.8875	-0.890625	-0.89375	-0.896875	-0.9	-0.903125	-0.90625	-0.909375	-0.9125	-0.915625	-0.91875	-0.921875	-0.925	-0.928125	-0.93125	-0.934375	-0.9375	-0.940625	-0.935938	-0.93125	-0.926563	-0.921875	-0.917188	-0.9125	-0.907813	-0.903125	-0.898438	-0.89375	-0.889063	-0.884375	-0.879688	-0.875	-0.870313	-0.865625	-0.860938	-0.85625	-0.851563	-0.846875	-0.842188	-0.8375	-0.832812	-0.828125	-0.823437	-0.81875	-0.814063	-0.809375	-0.804688	-0.8	-0.795313	-0.790625	-0.785938	-0.78125	-0.776563	-0.771875	-0.767187	-0.7625	-0.75	-0.7375	-0.725	-0.7125	-0.7	-0.6875	-0.675	-0.6625	-0.65	-0.6375	-0.625	-0.6125	-0.6	-0.5875	-0.575	-0.5625	-0.55	-0.5375	-0.525	-0.5125	-0.5	-0.4875	-0.475	-0.4625	-0.45	-0.4375	-0.425	-0.4125	-0.4	-0.3875	-0.375	-0.3625	-0.35	-0.3375	-0.325	-0.3125	-0.3	-0.2875	-0.275	-0.2625	-0.25	-0.2375	-0.225	-0.2125	-0.2	-0.1875	-0.175	-0.1625	-0.15	-0.1375	-0.125	-0.1125	-0.1	-0.0875	-0.075	-0.0625	-0.05	-0.0375	-0.025	-0.0125	0
0	-0.003125	-0.00625	-0.009375	-0.0125	-0.015625	-0.01875	-0.021875	-0.025	-0.028125	-0.03125	-0.034375	-0.0375	-0.040625	-0.04375	-0.046875	-0.05	-0.053125	-0.05625	-0.059375	-0.0625	-0.065625	-0.06875	-0.071875	-0.075	-0.078125	-0.08125	-0.084375	-0.0875	-0.090625	-0.09375	-0.096875	-0.1	-0.103125	-0.10625	-0.109375	-0.1125	-0.115625	-0.11875	-0.121875	-0.125	-0.128125	-0.13125	-0.134375	-0.1375	-0.140625	-0.14375	-0.146875	-0.15	-0.153125	-0.15625	-0.159375	-0.1625	-0.165625	-0.16875	-0.171875	-0.175	-0.178125	-0.18125	-0.184375	-0.1875	-0.190625	-0.19375	-0.196875	-0.2	-0.203125	-0.20625	-0.209375	-0.2125	-0.215625	-0.21875	-0.221875	-0.225	-0.228125	-0.23125	-0.234375	-0.2375	-0.240625	-0.24375	-0.246875	-0.25	-0.253125	-0.25625	-0.259375	-0.2625	-0.265625	-0.26875	-0.271875	-0.275	-0.278125	-0.28125	-0.284375	-0.2875	-0.290625	-0.29375	-0.296875	-0.3	-0.303125	-0.30625	-0.309375	-0.3125	-0.315625	-0.31875	-0.321875	-0.325	-0.328125	-0.33125	-0.334375	-0.3375	-0.340625	-0.34375	-0.346875	-0.35	-0.353125	-0.35625	-0.359375	-0.3625	-0.365625	-0.36875	-0.371875	-0.375	-0.378125	-0.38125	-0.384375	-0.3875	-0.390625	-0.39375	-0.396875	-0.4	-0.403125	-0.40625	-0.409375	-0.4125	-0.415625	-0.41875	-0.421875	-0.425	-0.428125	-0.43125	-0.434375	-0.4375	-0.440625	-0.44375	-0.446875	-0.45	-0.453125	-0.45625	-0.459375	-0.4625	-0.465625	-0.46875	-0.471875	-0.475	-0.478125	-0.48125	-0.484375	-0.4875	-0.490625	-0.49375	-0.496875	-0.5	-0.503125	-0.50625	-0.509375	-0.5125	-0.515625	-0.51875	-0.521875	-0.525	-0.528125	-0.53125	-0.534375	-0.5375	-0.540625	-0.54375	-0.546875	-0.55	-0.553125	-0.55625	-0.559375	-0.5625	-0.565625	-0.56875	-0.571875	-0.575	-0.578125	-0.58125	-0.584375	-0.5875	-0.590625	-0.59375	-0.596875	-0.6	-0.603125	-0.60625	-0.609375	-0.6125	-0.615625	-0.61875	-0.621875	-0.625	-0.628125	-0.63125	-0.634375	-0.6375	-0.640625	-0.64375	-0.646875	-0.65	-0.653125	-0.65625	-0.659375	-0.6625	-0.665625	-0.66875	-0.671875	-0.675	-0.678125	-0.68125	-0.684375	-0.6875	-0.690625	-0.69375	-0.696875	-0.7	-0.703125	-0.70625	-0.709375	-0.7125	-0.715625	-0.71875	-0.721875	-0.725	-0.728125	-0.73125	-0.734375	-0.7375	-0.740625	-0.74375	-0.746875	-0.75	-0.753125	-0.75625	-0.759375	-0.7625	-0.765625	-0.76875	-0.771875	-0.775	-0.778125	-0.78125	-0.784375	-0.7875	-0.790625	-0.79375	-0.796875	-0.8	-0.803125	-0.80625	-0.809375	-0.8125	-0.815625	-0.81875	-0.821875	-0.825	-0.828125	-0.83125	-0.834375	-0.8375	-0.840625	-0.84375	-0.846875	-0.85	-0.853125	-0.85625	-0.859375	-0.8625	-0.865625	-0.86875	-0.871875	-0.875	-0.878125	-0.88125	-0.884375	-0.8875	-0.890625	-0.89375	-0.896875	-0.9	-0.903125	-0.90625	-0.909375	-0.9125	-0.915625	-0.91875	-0.921875	-0.925	-0.928125	-0.93125	-0.934375	-0.9375	-0.940625	-0.94375	-0.946875	-0.95	-0.953125	-0.95625	-0.959375	-0.9625	-0.965625	-0.96875	-0.971875	-0.975	-0.978125	-0.98125	-0.984375	-0.9875	-0.990625	-0.99375	-0.996875	-0.992188	-0.9875	-0.975	-0.9625	-0.95	-0.9375	-0.925	-0.9125	-0.9	-0.8875	-0.875	-0.8625	-0.85	-0.8375	-0.825	-0.8125	-0.8	-0.7875	-0.775	-0.7625	-0.75	-0.7375	-0.725	-0.7125	-0.7	-0.6875	-0.675	-0.6625	-0.65	-0.6375	-0.625	-0.6125	-0.6	-0.5875	-0.575	-0.5625	-0.55	-0.5375	-0.525	-0.5125	-0.5	-0.4875	-0.475	-0.4625	-0.45	-0.4375	-0.425	-0.4125	-0.4	-0.3875	-0.375	-0.3625	-0.35	-0.3375	-0.325	-0.3125	-0.3	-0.2875	-0.275	-0.2625	-0.25	-0.2375	-0.225	-0.2125	-0.2	-0.1875	-0.175	-0.1625	-0.15	-0.1375	-0.125	-0.1125	-0.1	-0.0875	-0.075	-0.0625	-0.05	-0.0375	-0.025	-0.0125	0
0	-0.003125	-0.00625	-0.009375	-0.0125	-0.015625	-0.01875	-0.021875	-0.025	-0.028125	-0.03125	-0.034375	-0.0375	-0.040625	-0.04375	-0.046875	-0.05	-0.053125	-0.05625	-0.059375	-0.0625	-0.065625	-0.06875	-0.071875	-0.075	-0.078125	-0.08125	-0.084375	-0.0875	-0.090625	-0.09375	-0.096875	-0.1	-0.103125	-0.10625	-0.109375	-0.1125	-0.115625	-0.11875	-0.121875	-0.125	-0.128125	-0.13125	-0.134375	-0.1375	-0.140625	-0.14375	-0.146875	-0.15	-0.153125	-0.15625	-0.159375	-0.1625	-0.165625	-0.16875	-0.171875	-0.175	-0.178125	-0.18125	-0.184375	-0.1875	-0.190625	-0.19375	-0.196875	-0.2	-0.203125	-0.20625	-0.209375	-0.2125	-0.215625	-0.21875	-0.221875	-0.225	-0.228125	-0.23125	-0.234375	-0.2375	-0.240625	-0.24375	-0.246875	-0.25	-0.253125	-0.25625	-0.259375	-0.2625	-0.265625	-0.26875	-0.271875	-0.275	-0.278125	-0.28125	-0.284375	-0.2875	-0.290625	-0.29375	-0.296875	-0.3	-0.303125	-0.30625	-0.309375	-0.3125	-0.315625	-0.31875	-0.321875	-0.325	-0.328125	-0.33125	-0.334375	-0.3375	-0.340625	-0.34375	-0.346875	-0.35	-0.353125	-0.35625	-0.359375	-0.3625	-0.365625	-0.36875	-0.371875	-0.375	-0.378125	-0.38125	-0.384375	-0.3875	-0.390625	-0.39375	-0.396875	-0.4	-0.403125	-0.40625	-0.409375	-0.4125	-0.415625	-0.41875	-0.421875	-0.425	-0.428125	-0.43125	-0.434375	-0.4375	-0.440625	-0.44375	-0.446875	-0.45	-0.453125	-0.45625	-0.459375	-0.4625	-0.465625	-0.46875	-0.471875	-0.475	-0.478125	-0.48125	-0.484375	-0.4875	-0.490625	-0.49375	-0.496875	-0.5	-0.503125	-0.50625	-0.509375	-0.5125	-0.515625	-0.51875	-0.521875	-0.525	-0.528125	-0.53125	-0.534375	-0.5375	-0.540625	-0.54375	-0.546875	-0.55	-0.553125	-0.55625	-0.559375	-0.5625	-0.565625	-0.56875	-0.571875	-0.575	-0.578125	-0.58125	-0.584375	-0.5875	-0.590625	-0.59375	-0.596875	-0.6	-0.603125	-0.60625	-0.609375	-0.6125	-0.615625	-0.61875	-0.621875	-0.625	-0.628125	-0.63125	-0.634375	-0.6375	-0.640625	-0.64375	-0.646875	-0.65	-0.653125	-0.65625	-0.659375	-0.6625	-0.665625	-0.66875	-0.671875	-0.675	-0.678125	-0.68125	-0.684375	-0.6875	-0.690625	-0.69375	-0.696875	-0.7	-0.703125	-0.70625	-0.709375	-0.7125	-0.715625	-0.71875	-0.721875	-0.725	-0.728125	-0.73125	-0.734375	-0.7375	-0.740625	-0.74375	-0.746875	-0.75	-0.753125	-0.75625	-0.759375	-0.7625	-0.765625	-0.76875	-0.771875	-0.775	-0.778125	-0.78125	-0.784375	-0.7875	-0.790625	-0.79375	-0.796875	-0.8	-0.803125	-0.80625	-0.809375	-0.8125	-0.815625	-0.81875	-0.821875	-0.825	-0.828125	-0.83125	-0.834375	-0.8375	-0.840625	-0.84375	-0.846875	-0.85	-0.853125	-0.85625	-0.859375	-0.8625	-0.865625	-0.86875	-0.871875	-0.875	-0.878125	-0.88125	-0.884375	-0.8875	-0.890625	-0.89375	-0.896875	-0.9	-0.903125	-0.90625	-0.909375	-0.9125	-0.915625	-0.91875	-0.921875	-0.925	-0.928125	-0.93125	-0.934375	-0.929688	-0.925	-0.920313	-0.915625	-0.910938	-0.90625	-0.901563	-0.896875	-0.892188	-0.8875	-0.882813	-0.878125	-0.873438	-0.86875	-0.864063	-0.859375	-0.854688	-0.85	-0.845313	-0.840625	-0.835938	-0.83125	-0.826563	-0.821875	-0.817188	-0.8125	-0.807813	-0.803125	-0.798438	-0.79375	-0.789063	-0.784375	-0.779688	-0.775	-0.770313	-0.765625	-0.760938	-0.75625	-0.751563	-0.746875	-0.742188	-0.7375	-0.725	-0.7125	-0.7	-0.6875	-0.675	-0.6625	-0.65	-0.6375	-0.625	-0.6125	-0.6	-0.5875	-0.575	-0.5625	-0.55	-0.5375	-0.525	-0.5125	-0.5	-0.4875	-0.475	-0.4625	-0.45	-0.4375	-0.425	-0.4125	-0.4	-0.3875	-0.375	-0.3625	-0.35	-0.3375	-0.325	-0.3125	-0.3	-0.2875	-0.275	-0.2625	-0.25	-0.2375	-0.225	-0.2125	-0.2	-0.1875	-0.175	-0.1625	-0.15	-0.1375	-0.125	-0.1125	-0.1	-0.0875	-0.075	-0.0625	-0.05	-0.0375	-0.025	-0.0125	0
0	-0.003125	-0.00625	-0.009375	-0.0125	-0.015625	-0.01875	-0.021875	-0.025	-0.028125	-0.03125	-0.034375	-0.0375	-0.040625	-0.04375	-0.046875	-0.05	-0.053125	-0.05625	-0.059375	-0.0625	-0.065625	-0.06875	-0.071875	-0.075	-0.078125	-0.08125	-0.084375	-0.0875	-0.090625	-0.09375	-0.096875	-0.1	-0.103125	-0.10625	-0.109375	-0.1125	-0.115625	-0.11875	-0.121875	-0.125	-0.128125	-0.13125	-0.134375	-0.1375	-0.140625	-0.14375	-0.146875	-0.15	-0.153125	-0.15625	-0.159375	-0.1625	-0.165625	-0.16875	-0.171875	-0.175	-0.178125	-0.18125	-0.184375	-0.1875	-0.190625	-0.19375	-0.196875	-0.2	-0.203125	-0.20625	-0.209375	-0.2125	-0.215625	-0.21875	-0.221875	-0.225	-0.228125	-0.23125	-0.234375	-0.2375	-0.240625	-0.24375	-0.246875	-0.25	-0.253125	-0.25625	-0.259375	-0.2625	-0.265625	-0.26875	-0.271875	-0.275	-0.278125	-0.28125	-0.284375	-0.2875	-0.290625	-0.29375	-0.296875	-0.3	-0.303125	-0.30625	-0.309375	-0.3125	-0.315625	-0.31875	-0.321875	-0.325	-0.328125	-0.33125	-0.334375	-0.3375	-0.340625	-0.34375	-0.346875	-0.35	-0.353125	-0.35625	-0.359375	-0.3625	-0.365625	-0.36875	-0.371875	-0.375	-0.378125	-0.38125	-0.384375	-0.3875	-0.390625	-0.39375	-0.396875	-0.4	-0.403125	-0.40625	-0.409375	-0.4125	-0.415625	-0.41875	-0.421875	-0.425	-0.428125	-0.43125	-0.434375	-0.4375	-0.440625	-0.44375	-0.446875	-0.45	-0.453125	-0.45625	-0.459375	-0.4625	-0.465625	-0.46875	-0.471875	-0.475	-0.478125	-0.48125	-0.484375	-0.4875	-0.490625	-0.49375	-0.496875	-0.5	-0.503125	-0.50625	-0.509375	-0.5125	-0.515625	-0.51875	-0.521875	-0.525	-0.528125	-0.53125	-0.534375	-0.5375	-0.540625	-0.54375	-0.546875	-0.55	-0.553125	-0.55625	-0.559375	-0.5625	-0.565625	-0.56875	-0.571875	-0.575	-0.578125	-0.58125	-0.584375	-0.5875	-0.590625	-0.59375	-0.596875	-0.6	-0.603125	-0.60625	-0.609375	-0.6125	-0.615625	-0.61875	-0.621875	-0.625	-0.628125	-0.63125	-0.634375	-0.6375	-0.640625	-0.64375	-0.646875	-0.65	-0.653125	-0.65625	-0.659375	-0.6625	-0.665625	-0.66875	-0.671875	-0.675	-0.678125	-0.68125	-0.684375	-0.6875	-0.690625	-0.69375	-0.696875	-0.7	-0.703125	-0.70625	-0.709375	-0.7125	-0.715625	-0.71875	-0.721875	-0.725	-0.728125	-0.73125	-0.734375	-0.7375	-0.740625	-0.74375	-0.746875	-0.75	-0.753125	-0.75625	-0.759375	-0.7625	-0.765625	-0.76875	-0.771875	-0.775	-0.778125	-0.78125	-0.784375	-0.7875	-0.790625	-0.79375	-0.796875	-0.8	-0.803125	-0.80625	-0.809375	-0.8125	-0.815625	-0.81875	-0.821875	-0.825	-0.828125	-0.83125	-0.834375	-0.8375	-0.840625	-0.84375	-0.846875	-0.85	-0.853125	-0.85625	-0.859375	-0.8625	-0.865625	-0.86875	-0.871875	-0.867188	-0.8625	-0.857813	-0.853125	-0.848438	-0.84375	-0.839063	-0.834375	-0.829688	-0.825	-0.820313	-0.815625	-0.810938	-0.80625	-0.801563	-0.796875	-0.792188	-0.7875	-0.782813	-0.778125	-0.773438	-0.76875	-0.764063	-0.759375	-0.754688	-0.75	-0.745313	-0.740625	-0.735938	-0.73125	-0.726563	-0.721875	-0.717188	-0.7125	-0.707813	-0.703125	-0.698438	-0.69375	-0.689063	-0.684375	-0.679688	-0.675	-0.670313	-0.665625	-0.660938	-0.65625	-0.651563	-0.646875	-0.642188	-0.6375	-0.632813	-0.628125	-0.623438	-0.61875	-0.614063	-0.609375	-0.604688	-0.6	-0.595313	-0.590625	-0.585938	-0.58125	-0.576563	-0.571875	-0.567188	-0.5625	-0.557813	-0.553125	-0.548438	-0.54375	-0.539063	-0.534375	-0.529688	-0.525	-0.520313	-0.515625	-0.510938	-0.50625	-0.501563	-0.496875	-0.492188	-0.4875	-0.475	-0.4625	-0.45	-0.4375	-0.425	-0.4125	-0.4	-0.3875	-0.375	-0.3625	-0.35	-0.3375	-0.325	-0.3125	-0.3	-0.2875	-0.275	-0.2625	-0.25	-0.2375	-0.225	-0.2125	-0.2	-0.1875	-0.175	-0.1625	-0.15	-0.1375	-0.125	-0.1125	-0.1	-0.0875	-0.075	-0.0625	-0.05	-0.0375	-0.025	-0.0125	0
0	-0.003125	-0.00625	-0.009375	-0.0125	-0.015625	-0.01875	-0.021875	-0.025	-0.028125	-0.03125	-0.034375	-0.0375	-0.040625	-0.04375	-0.046875	-0.05	-0.053125	-0.05625	-0.059375	-0.0625	-0.065625	-0.06875	-0.071875	-0.075	-0.078125	-0.08125	-0.084375	-0.0875	-0.090625	-0.09375	-0.096875	-0.1	-0.103125	-0.10625	-0.109375	-0.1125	-0.115625	-0.11875	-0.121875	-0.125	-0.128125	-0.13125	-0.134375	-0.1375	-0.140625	-0.14375	-0.146875	-0.15	-0.153125	-0.15625	-0.159375	-0.1625	-0.165625	-0.16875	-0.171875	-0.175	-0.178125	-0.18125	-0.184375	-0.1875	-0.190625	-0.19375	-0.196875	-0.2	-0.203125	-0.20625	-0.209375	-0.2125	-0.215625	-0.21875	-0.221875	-0.225	-0.228125	-0.23125	-0.234375	-0.2375	-0.240625	-0.24375	-0.246875	-0.25	-0.253125	-0.25625	-0.259375	-0.2625	-0.265625	-0.26875	-0.271875	-0.275	-0.278125	-0.28125	-0.284375	-0.2875	-0.290625	-0.29375	-0.296875	-0.3	-0.303125	-0.30625	-0.309375	-0.3125	-0.315625	-0.31875	-0.321875	-0.325	-0.328125	-0.33125	-0.334375	-0.3375	-0.340625	-0.34375	-0.346875	-0.35	-0.353125	-0.35625	-0.359375	-0.3625	-0.365625	-0.36875	-0.371875	-0.375	-0.378125	-0.38125	-0.384375	-0.3875	-0.390625	-0.39375	-0.396875	-0.4	-0.403125	-0.40625	-0.409375	-0.4125	-0.415625	-0.41875	-0.421875	-0.425	-0.428125	-0.43125	-0.434375	-0.4375	-0.440625	-0.44375	-0.446875	-0.45	-0.453125	-0.45625	-0.459375	-0.4625	-0.465625	-0.46875	-0.471875	-0.475	-0.478125	-0.48125	-0.484375	-0.4875	-0.490625	-0.49375	-0.496875	-0.5	-0.503125	-0.50625	-0.509375	-0.5125	-0.515625	-0.51875	-0.521875	-0.525	-0.528125	-0.53125	-0.534375	-0.5375	-0.540625	-0.54375	-0.546875	-0.55	-0.553125	-0.55625	-0.559375	-0.5625	-0.565625	-0.56875	-0.571875	-0.575	-0.578125	-0.58125	-0.584375	-0.5875	-0.590625	-0.59375	-0.596875	-0.6	-0.603125	-0.60625	-0.609375	-0.6125	-0.615625	-0.61875	-0.621875	-0.625	-0.628125	-0.63125	-0.634375	-0.6375	-0.640625	-0.64375	-0.646875	-0.65	-0.653125	-0.65625	-0.659375	-0.6625	-0.665625	-0.66875	-0.671875	-0.675	-0.678125	-0.68125	-0.684375	-0.6875	-0.690625	-0.69375	-0.696875	-0.7	-0.703125	-0.70625	-0.709375	-0.7125	-0.715625	-0.71875	-0.721875	-0.725	-0.728125	-0.73125	-0.734375	-0.7375	-0.740625	-0.74375	-0.746875	-0.75	-0.753125	-0.75625	-0.759375	-0.7625	-0.765625	-0.76875	-0.771875	-0.775	-0.778125	-0.78125	-0.784375	-0.7875	-0.790625	-0.79375	-0.796875	-0.8	-0.803125	-0.80625	-0.809375	-0.804688	-0.8	-0.795313	-0.790625	-0.785938	-0.78125	-0.776563	-0.771875	-0.767188	-0.7625	-0.757813	-0.753125	-0.748438	-0.74375	-0.739063	-0.734375	-0.729688	-0.725	-0.720313	-0.715625	-0.710938	-0.70625	-0.701563	-0.696875	-0.692188	-0.6875	-0.682813	-0.678125	-0.673438	-0.66875	-0.664063	-0.659375	-0.654688	-0.65	-0.645313	-0.640625	-0.635938	-0.63125	-0.626563	-0.621875	-0.617188	-0.6125	-0.607813	-0.603125	-0.598438	-0.59375	-0.589063	-0.584375	-0.579688	-0.575	-0.570313	-0.565625	-0.560938	-0.55625	-0.551563	-0.546875	-0.542188	-0.5375	-0.532813	-0.528125	-0.523438	-0.51875	-0.514063	-0.509375	-0.504688	-0.5	-0.495313	-0.490625	-0.485938	-0.48125	-0.476563	-0.471875	-0.467188	-0.4625	-0.457813	-0.453125	-0.448438	-0.44375	-0.439063	-0.434375	-0.429688	-0.425	-0.420313	-0.415625	-0.410938	-0.40625	-0.401563	-0.396875	-0.392188	-0.3875	-0.382813	-0.378125	-0.373438	-0.36875	-0.364063	-0.359375	-0.354688	-0.35	-0.345313	-0.340625	-0.335938	-0.33125	-0.326563	-0.321875	-0.317188	-0.3125	-0.307813	-0.303125	-0.298438	-0.29375	-0.289063	-0.284375	-0.279688	-0.275	-0.270313	-0.265625	-0.260938	-0.25625	-0.251563	-0.246875	-0.242188	-0.2375	-0.225	-0.2125	-0.2	-0.1875	-0.175	-0.1625	-0.15	-0.1375	-0.125	-0.1125	-0.1	-0.0875	-0.075	-0.0625	-0.05	-0.0375	-0.025	-0.0125	0
0	-0.003125	-0.00625	-0.009375	-0.0125	-0.015625	-0.01875	-0.021875	-0.025	-0.028125	-0.03125	-0.034375	-0.0375	-0.040625	-0.04375	-0.046875	-0.05	-0.053125	-0.05625	-0.059375	-0.0625	-0.065625	-0.06875	-0.071875	-0.075	-0.078125	-0.08125	-0.084375	-0.0875	-0.090625	-0.09375	-0.096875	-0.1	-0.103125	-0.10625	-0.109375	-0.1125	-0.115625	-0.11875	-0.121875	-0.125	-0.128125	-0.13125	-0.134375	-0.1375	-0.140625	-0.14375	-0.146875	-0.15	-0.153125	-0.15625	-0.159375	-0.1625	-0.165625	-0.16875	-0.171875	-0.175	-0.178125	-0.18125	-0.184375	-0.1875	-0.190625	-0.19375	-0.196875	-0.2	-0.203125	-0.20625	-0.209375	-0.2125	-0.215625	-0.21875	-0.221875	-0.225	-0.228125	-0.23125	-0.234375	-0.2375	-0.240625	-0.24375	-0.246875	-0.25	-0.253125	-0.25625	-0.259375	-0.2625	-0.265625	-0.26875	-0.271875	-0.275	-0.278125	-0.28125	-0.284375	-0.2875	-0.290625	-0.29375	-0.296875	-0.3	-0.303125	-0.30625	-0.309375	-0.3125	-0.315625	-0.31875	-0.321875	-0.325	-0.328125	-0.33125	-0.334375	-0.3375	-0.340625	-0.34375	-0.346875	-0.35	-0.353125	-0.35625	-0.359375	-0.3625	-0.365625	-0.36875	-0.371875	-0.375	-0.378125	-0.38125	-0.384375	-0.3875	-0.390625	-0.39375	-0.396875	-0.4	-0.403125	-0.40625	-0.409375	-0.4125	-0.415625	-0.41875	-0.421875	-0.425	-0.428125	-0.43125	-0.434375	-0.4375	-0.440625	-0.44375	-0.446875	-0.45	-0.453125	-0.45625	-0.459375	-0.4625	-0.465625	-0.46875	-0.471875	-0.475	-0.478125	-0.48125	-0.484375	-0.4875	-0.490625	-0.49375	-0.496875	-0.5	-0.503125	-0.50625	-0.509375	-0.5125	-0.515625	-0.51875	-0.521875	-0.525	-0.528125	-0.53125	-0.534375	-0.5375	-0.540625	-0.54375	-0.546875	-0.55	-0.553125	-0.55625	-0.559375	-0.5625	-0.565625	-0.56875	-0.571875	-0.575	-0.578125	-0.58125	-0.584375	-0.5875	-0.590625	-0.59375	-0.596875	-0.6	-0.603125	-0.60625	-0.609375	-0.6125	-0.615625	-0.61875	-0.621875	-0.625	-0.628125	-0.63125	-0.634375	-0.6375	-0.640625	-0.64375	-0.646875	-0.65	-0.653125	-0.65625	-0.659375	-0.6625	-0.665625	-0.66875	-0.671875	-0.675	-0.678125	-0.68125	-0.684375	-0.6875	-0.690625	-0.69375	-0.696875	-0.7	-0.703125	-0.70625	-0.709375	-0.7125	-0.715625	-0.71875	-0.721875	-0.725	-0.728125	-0.73125	-0.734375	-0.7375	-0.740625	-0.74375	-0.746875	-0.742188	-0.7375	-0.732813	-0.728125	-0.723438	-0.71875	-0.714063	-0.709375	-0.704688	-0.7	-0.695313	-0.690625	-0.685938	-0.68125	-0.676563	-0.671875	-0.667188	-0.6625	-0.657813	-0.653125	-0.648438	-0.64375	-0.639063	-0.634375	-0.629688	-0.625	-0.620313	-0.615625	-0.610938	-0.60625	-0.601563	-0.596875	-0.592188	-0.5875	-0.582813	-0.578125	-0.573438	-0.56875	-0.564063	-0.559375	-0.554688	-0.55	-0.545313	-0.540625	-0.535938	-0.53125	-0.526563	-0.521875	-0.517188	-0.5125	-0.507813	-0.503125	-0.498438	-0.49375	-0.489063	-0.484375	-0.479688	-0.475	-0.470313	-0.465625	-0.460938	-0.45625	-0.451563	-0.446875	-0.442188	-0.4375	-0.432813	-0.428125	-0.423438	-0.41875	-0.414063	-0.409375	-0.404688	-0.4	-0.395313	-0.390625	-0.385938	-0.38125	-0.376563	-0.371875	-0.367188	-0.3625	-0.357813	-0.353125	-0.348438	-0.34375	-0.339063	-0.334375	-0.329688	-0.325	-0.320313	-0.315625	-0.310938	-0.30625	-0.301563	-0.296875	-0.292188	-0.2875	-0.282813	-0.278125	-0.273438	-0.26875	-0.264063	-0.259375	-0.254688	-0.25	-0.245313	-0.240625	-0.235938	-0.23125	-0.226563	-0.221875	-0.217188	-0.2125	-0.207813	-0.203125	-0.198438	-0.19375	-0.189063	-0.184375	-0.179688	-0.175	-0.170313	-0.165625	-0.160938	-0.15625	-0.151563	-0.146875	-0.142188	-0.1375	-0.132813	-0.128125	-0.123438	-0.11875	-0.114063	-0.109375	-0.104688	-0.1	-0.0953125	-0.090625	-0.0859375	-0.08125	-0.0765625	-0.071875	-0.0671875	-0.0625	-0.0578125	-0.053125	-0.0484375	-0.04375	-0.0390625	-0.034375	-0.0296875	-0.025	-0.0203125	-0.015625	-0.0109375	-0.00625	-0.0015625	0.003125	0
0	-0.003125	-0.00625	-0.009375	-0.0125	-0.015625	-0.01875	-0.021875	-0.025	-0.028125	-0.03125	-0.034375	-0.0375	-0.040625	-0.04375	-0.046875	-0.05	-0.053125	-0.05625	-0.059375	-0.0625	-0.065625	-0.06875	-0.071875	-0.075	-0.078125	-0.08125	-0.084375	-0.0875	-0.090625	-0.09375	-0.096875	-0.1	-0.103125	-0.10625	-0.109375	-0.1125	-0.115625	-0.11875	-0.121875	-0.125	-0.128125	-0.13125	-0.134375	-0.1375	-0.140625	-0.14375	-0.146875	-0.15	-0.153125	-0.15625	-0.159375	-0.1625	-0.165625	-0.16875	-0.171875	-0.175	-0.178125	-0.18125	-0.184375	-0.1875	-0.190625	-0.19375	-0.196875	-0.2	-0.203125	-0.20625	-0.209375	-0.2125	-0.215625	-0.21875	-0.221875	-0.225	-0.228125	-0.23125	-0.234375	-0.2375	-0.240625	-0.24375	-0.246875	-0.25	-0.253125	-0.25625	-0.259375	-0.2625	-0.265625	-0.26875	-0.271875	-0.275	-0.278125	-0.28125	-0.284375	-0.2875	-0.290625	-0.29375	-0.296875	-0.3	-0.303125	-0.30625	-0.309375	-0.3125	-0.315625	-0.31875	-0.321875	-0.325	-0.328125	-0.33125	-0.334375	-0.3375	-0.340625	-0.34375	-0.346875	-0.35	-0.353125	-0.35625	-0.359375	-0.3625	-0.365625	-0.36875	-0.371875	-0.375	-0.378125	-0.38125	-0.384375	-0.3875	-0.390625	-0.39375	-0.396875	-0.4	-0.403125	-0.40625	-0.409375	-0.4125	-0.415625	-0.41875	-0.421875	-0.425	-0.428125	-0.43125	-0.434375	-0.4375	-0.440625	-0.44375	-0.446875	-0.45	-0.453125	-0.45625	-0.459375	-0.4625	-0.465625	-0.46875	-0.471875	-0.475	-0.478125	-0.48125	-0.484375	-0.4875	-0.490625	-0.49375	-0.496875	-0.5	-0.503125	-0.50625	-0.509375	-0.5125	-0.515625	-0.51875	-0.521875	-0.525	-0.528125	-0.53125	-0.534375	-0.5375	-0.540625	-0.54375	-0.546875	-0.55	-0.553125	-0.55625	-0.559375	-0.5625	-0.565625	-0.56875	-0.571875	-0.575	-0.578125	-0.58125	-0.584375	-0.5875	-0.590625	-0.59375	-0.596875	-0.6	-0.603125	-0.60625	-0.609375	-0.6125	-0.615625	-0.61875	-0.621875	-0.625	-0.628125	-0.63125	-0.634375	-0.6375	-0.640625	-0.64375	-0.646875	-0.65	-0.653125	-0.65625	-0.659375	-0.6625	-0.665625	-0.66875	-0.671875	-0.675	-0.678125	-0.68125	-0.684375	-0.679688	-0.675	-0.670313	-0.665625	-0.660938	-0.65625	-0.651563	-0.646875	-0.642188	-0.6375	-0.632813	-0.628125	-0.623438	-0.61875	-0.614063	-0.609375	-0.604688	-0.6	-0.595313	-0.590625	-0.585938	-0.58125	-0.576563	-0.571875	-0.567188	-0.5625	-0.557813	-0.553125	-0.548438	-0.54375	-0.539063	-0.534375	-0.529688	-0.525	-0.520313	-0.515625	-0.510938	-0.50625	-0.501563	-0.496875	-0.492188	-0.4875	-0.482813	-0.478125	-0.473438	-0.46875	-0.464063	-0.459375	-0.454688	-0.45	-0.445313	-0.440625	-0.435938	-0.43125	-0.426563	-0.421875	-0.417188	-0.4125	-0.407813	-0.403125	-0.398438	-0.39375	-0.389063	-0.384375	-0.379688	-0.375	-0.370313	-0.365625	-0.360938	-0.35625	-0.351563	-0.346875	-0.342188	-0.3375	-0.332813	-0.328125	-0.323438	-0.31875	-0.314063	-0.309375	-0.304688	-0.3	-0.295313	-0.290625	-0.285938	-0.28125	-0.276563	-0.271875	-0.267188	-0.2625	-0.257813	-0.253125	-0.248438	-0.24375	-0.239063	-0.234375	-0.229688	-0.225	-0.220313	-0.215625	-0.210938	-0.20625	-0.201563	-0.196875	-0.192188	-0.1875	-0.182813	-0.178125	-0.173438	-0.16875	-0.164063	-0.159375	-0.154688	-0.15	-0.145313	-0.140625	-0.135938	-0.13125	-0.126563	-0.121875	-0.117188	-0.1125	-0.107813	-0.103125	-0.0984375	-0.09375	-0.0890625	-0.084375	-0.0796875	-0.075	-0.0703125	-0.065625	-0.0609375	-0.05625	-0.0515625	-0.046875	-0.0421875	-0.0375	-0.0328125	-0.028125	-0.0234375	-0.01875	-0.0140625	-0.009375	-0.0046875	4.16334e-16	0.0046875	0.009375	0.0140625	0.01875	0.0234375	0.028125	0.0328125	0.0375	0.0421875	0.046875	0.0515625	0.05625	0.0609375	0.065625	0.0625	0.059375	0.05625	0.053125	0.05	0.046875	0.04375	0.040625	0.0375	0.034375	0.03125	0.028125	0.025	0.021875	0.01875	0.015625	0.0125	0.009375	0.00625	0.003125	0
0	-0.003125	-0.00625	-0.009375	-0.0125	-0.015625	-0.01875	-0.021875	-0.025	-0.028125	-0.03125	-0.034375	-0.0375	-0.040625	-0.04375	-0.046875	-0.05	-0.053125	-0.05625	-0.059375	-0.0625	-0.065625	-0.06875	-0.071875	-0.075	-0.078125	-0.08125	-0.084375	-0.0875	-0.090625	-0.09375	-0.096875	-0.1	-0.103125	-0.10625	-0.109375	-0.1125	-0.115625	-0.11875	-0.121875	-0.125	-0.128125	-0.13125	-0.134375	-0.1375	-0.140625	-0.14375	-0.146875	-0.15	-0.153125	-0.15625	-0.159375	-0.1625	-0.165625	-0.16875	-0.171875	-0.175	-0.178125	-0.18125	-0.184375	-0.1875	-0.190625	-0.19375	-0.196875	-0.2	-0.203125	-0.20625	-0.209375	-0.2125	-0.215625	-0.21875	-0.221875	-0.225	-0.228125	-0.23125	-0.234375	-0.2375	-0.240625	-0.24375	-0.246875	-0.25	-0.253125	-0.25625	-0.259375	-0.2625	-0.265625	-0.26875	-0.271875	-0.275	-0.278125	-0.28125	-0.284375	-0.2875	-0.290625	-0.29375	-0.296875	-0.3	-0.303125	-0.30625	-0.309375	-0.3125	-0.315625	-0.31875	-0.321875	-0.325	-0.328125	-0.33125	-0.334375	-0.3375	-0.340625	-0.34375	-0.346875	-0.35	-0.353125	-0.35625	-0.359375	-0.3625	-0.365625	-0.36875	-0.371875	-0.375	-0.378125	-0.38125	-0.384375	-0.3875	-0.390625	-0.39375	-0.396875	-0.4	-0.403125	-0.40625	-0.409375	-0.4125	-0.415625	-0.41875	-0.421875	-0.425	-0.428125	-0.43125	-0.434375	-0.4375	-0.440625	-0.44375	-0.446875	-0.45	-0.453125	-0.45625	-0.459375	-0.4625	-0.465625	-0.46875	-0.471875	-0.475	-0.478125	-0.48125	-0.484375	-0.4875	-0.490625	-0.49375	-0.496875	-0.5	-0.503125	-0.50625	-0.509375	-0.5125	-0.515625	-0.51875	-0.521875	-0.525	-0.528125	-0.53125	-0.534375	-0.5375	-0.540625	-0.54375	-0.546875	-0.55	-0.553125	-0.55625	-0.559375	-0.5625	-0.565625	-0.56875	-0.571875	-0.575	-0.578125	-0.58125	-0.584375	-0.5875	-0.590625	-0.59375	-0.596875	-0.6	-0.603125	-0.60625	-0.609375	-0.6125	-0.615625	-0.61875	-0.621875	-0.617188	-0.6125	-0.607813	-0.603125	-0.598438	-0.59375	-0.589063	-0.584375	-0.579688	-0.575	-0.570313	-0.565625	-0.560938	-0.55625	-0.551563	-0.546875	-0.542188	-0.5375	-0.532813	-0.528125	-0.523438	-0.51875	-0.514063	-0.509375	-0.504688	-0.5	-0.495313	-0.490625	-0.485938	-0.48125	-0.476563	-0.471875	-0.467188	-0.4625	-0.457813	-0.453125	-0.448438	-0.44375	-0.439063	-0.434375	-0.429688	-0.425	-0.420313	-0.415625	-0.410938	-0.40625	-0.401563	-0.396875	-0.392188	-0.3875	-0.382813	-0.378125	-0.373438	-0.36875	-0.364063	-0.359375	-0.354688	-0.35	-0.345313	-0.340625	-0.335938	-0.33125	-0.326563	-0.321875	-0.317188	-0.3125	-0.307813	-0.303125	-0.298438	-0.29375	-0.289063	-0.284375	-0.279688	-0.275	-0.270313	-0.265625	-0.260938	-0.25625	-0.251563	-0.246875	-0.242188	-0.2375	-0.232813	-0.228125	-0.223438	-0.21875	-0.214063	-0.209375	-0.204688	-0.2	-0.195313	-0.190625	-0.185938	-0.18125	-0.176563	-0.171875	-0.167188	-0.1625	-0.157813	-0.153125	-0.148438	-0.14375	-0.139063	-0.134375	-0.129688	-0.125	-0.120313	-0.115625	-0.110938	-0.10625	-0.101563	-0.096875	-0.0921875	-0.0875	-0.0828125	-0.078125	-0.0734375	-0.06875	-0.0640625	-0.059375	-0.0546875	-0.05	-0.0453125	-0.040625	-0.0359375	-0.03125	-0.0265625	-0.021875	-0.0171875	-0.0125	-0.0078125	-0.003125	0.0015625	0.00625	0.0109375	0.015625	0.0203125	0.025	0.0296875	0.034375	0.0390625	0.04375	0.0484375	0.053125	0.0578125	0.0625	0.0671875	0.071875	0.0765625	0.08125	0.0859375	0.090625	0.0953125	0.1	0.104688	0.109375	0.114063	0.11875	0.123437	0.128125	0.125	0.121875	0.11875	0.115625	0.1125	0.109375	0.10625	0.103125	0.1	0.096875	0.09375	0.090625	0.0875	0.084375	0.08125	0.078125	0.075	0.071875	0.06875	0.065625	0.0625	0.059375	0.05625	0.053125	0.05	0.046875	0.04375	0.040625	0.0375	0.034375	0.03125	0.028125	0.025	0.021875	0.01875	0.015625	0.0125	0.009375	0.00625	0.003125	0
0	-0.003125	-0.00625	-0.009375	-0.0125	-0.015625	-0.01875	-0.021875	-0.025	-0.028125	-0.03125	-0.034375	-0.0375	-0.040625	-0.04375	-0.046875	-0.05	-0.053125	-0.05625	-0.059375	-0.0625	-0.065625	-0.06875	-0.071875	-0.075	-0.078125	-0.08125	-0.084375	-0.0875	-0.090625	-0.09375	-0.096875	-0.1	-0.103125	-0.10625	-0.109375	-0.1125	-0.115625	-0.11875	-0.121875	-0.125	-0.128125	-0.13125	-0.134375	-0.1375	-0.140625	-0.14375	-0.146875	-0.15	-0.153125	-0.15625	-0.159375	-0.1625	-0.165625	-0.16875	-0.171875	-0.175	-0.178125	-0.18125	-0.184375	-0.1875	-0.190625	-0.19375	-0.196875	-0.2	-0.203125	-0.20625	-0.209375	-0.2125	-0.215625	-0.21875	-0.221875	-0.225	-0.228125	-0.23125	-0.234375	-0.2375	-0.240625	-0.24375	-0.246875	-0.25	-0.253125	-0.25625	-0.259375	-0.2625	-0.265625	-0.26875	-0.271875	-0.275	-0.278125	-0.28125	-0.284375	-0.2875	-0.290625	-0.29375	-0.296875	-0.3	-0.303125	-0.30625	-0.309375	-0.3125	-0.315625	-0.31875	-0.321875	-0.325	-0.328125	-0.33125	-0.334375	-0.3375	-0.340625	-0.34375	-0.346875	-0.35	-0.353125	-0.35625	-0.359375	-0.3625	-0.365625	-0.36875	-0.371875	-0.375	-0.378125	-0.38125	-0.384375	-0.3875	-0.390625	-0.39375	-0.396875	-0.4	-0.403125	-0.40625	-0.409375	-0.4125	-0.415625	-0.41875	-0.421875	-0.425	-0.428125	-0.43125	-0.434375	-0.4375	-0.440625	-0.44375	-0.446875	-0.45	-0.453125	-0.45625	-0.459375	-0.4625	-0.465625	-0.46875	-0.471875	-0.475	-0.478125	-0.48125	-0.484375	-0.4875	-0.490625	-0.49375	-0.496875	-0.5	-0.503125	-0.50625	-0.509375	-0.5125	-0.515625	-0.51875	-0.521875	-0.525	-0.528125	-0.53125	-0.534375	-0.5375	-0.540625	-0.54375	-0.546875	-0.55	-0.553125	-0.55625	-0.559375	-0.554688	-0.55	-0.545313	-0.540625	-0.535938	-0.53125	-0.526563	-0.521875	-0.517188	-0.5125	-0.507813	-0.503125	-0.498438	-0.49375	-0.489063	-0.484375	-0.479688	-0.475	-0.470313	-0.465625	-0.460938	-0.45625	-0.451563	-0.446875	-0.442188	-0.4375	-0.432813	-0.428125	-0.423438	-0.41875	-0.414063	-0.409375	-0.404688	-0.4	-0.395313	-0.390625	-0.385938	-0.38125	-0.376563	-0.371875	-0.367188	-0.3625	-0.357813	-0.353125	-0.348438	-0.34375	-0.339063	-0.334375	-0.329688	-0.325	-0.320313	-0.315625	-0.310938	-0.30625	-0.301563	-0.296875	-0.292188	-0.2875	-0.282813	-0.278125	-0.273438	-0.26875	-0.264063	-0.259375	-0.254688	-0.25	-0.245313	-0.240625	-0.235938	-0.23125	-0.226563	-0.221875	-0.217188	-0.2125	-0.207813	-0.203125	-0.198438	-0.19375	-0.189063	-0.184375	-0.179688	-0.175	-0.170313	-0.165625	-0.160938	-0.15625	-0.151563	-0.146875	-0.142188	-0.1375	-0.132813	-0.128125	-0.123438	-0.11875	-0.114063	-0.109375	-0.104688	-0.1	-0.0953125	-0.090625	-0.0859375	-0.08125	-0.0765625	-0.071875	-0.0671875	-0.0625	-0.0578125	-0.053125	-0.0484375	-0.04375	-0.0390625	-0.034375	-0.0296875	-0.025	-0.0203125	-0.015625	-0.0109375	-0.00625	-0.0015625	0.003125	0.0078125	0.0125	0.0171875	0.021875	0.0265625	0.03125	0.0359375	0.040625	0.0453125	0.05	0.0546875	0.059375	0.0640625	0.06875	0.0734375	0.078125	0.0828125	0.0875	0.0921875	0.096875	0.101562	0.10625	0.110938	0.115625	0.120312	0.125	0.129687	0.134375	0.139062	0.14375	0.148437	0.153125	0.157812	0.1625	0.167188	0.171875	0.176562	0.18125	0.185937	0.190625	0.1875	0.184375	0.18125	0.178125	0.175	0.171875	0.16875	0.165625	0.1625	0.159375	0.15625	0.153125	0.15	0.146875	0.14375	0.140625	0.1375	0.134375	0.13125	0.128125	0.125	0.121875	0.11875	0.115625	0.1125	0.109375	0.10625	0.103125	0.1	0.096875	0.09375	0.090625	0.0875	0.084375	0.08125	0.078125	0.075	0.071875	0.06875	0.065625	0.0625	0.059375	0.05625	0.053125	0.05	0.046875	0.04375	0.040625	0.0375	0.034375	0.03125	0.028125	0.025	0.021875	0.01875	0.015625	0.0125	0.009375	0.00625	0.003125	0
0	-0.003125	-0.00625	-0.009375	-0.0125	-0.015625	-0.01875	-0.021875	-0.025	-0.028125	-0.03125	-0.034375	-0.0375	-0.040625	-0.04375	-0.046875	-0.05	-0.053125	-0.05625	-0.059375	-0.0625	-0.065625	-0.06875	-0.071875	-0.075	-0.078125	-0.08125	-0.084375	-0.0875	-0.090625	-0.09375	-0.096875	-0.1	-0.103125	-0.10625	-0.109375	-0.1125	-0.115625	-0.11875	-0.121875	-0.125	-0.128125	-0.13125	-0.134375	-0.1375	-0.140625	-0.14375	-0.146875	-0.15	-0.153125	-0.15625	-0.159375	-0.1625	-0.165625	-0.16875	-0.171875	-0.175	-0.178125	-0.18125	-0.184375	-0.1875	-0.190625	-0.19375	-0.196875	-0.2	-0.203125	-0.20625	-0.209375	-0.2125	-0.215625	-0.21875	-0.221875	-0.225	-0.228125	-0.23125	-0.234375	-0.2375	-0.240625	-0.24375	-0.246875	-0.25	-0.253125	-0.25625	-0.259375	-0.2625	-0.265625	-0.26875	-0.271875	-0.275	-0.278125	-0.28125	-0.284375	-0.2875	-0.290625	-0.29375	-0.296875	-0.3	-0.303125	-0.30625	-0.309375	-0.3125	-0.315625	-0.31875	-0.321875	-0.325	-0.328125	-0.33125	-0.334375	-0.3375	-0.340625	-0.34375	-0.346875	-0.35	-0.353125	-0.35625	-0.359375	-0.3625	-0.365625	-0.36875	-0.371875	-0.375	-0.378125	-0.38125	-0.384375	-0.3875	-0.390625	-0.39375	-0.396875	-0.4	-0.403125	-0.40625	-0.409375	-0.4125	-0.415625	-0.41875	-0.421875	-0.425	-0.428125	-0.43125	-0.434375	-0.4375	-0.440625	-0.44375	-0.446875	-0.45	-0.453125	-0.45625	-0.459375	-0.4625	-0.465625	-0.46875	-0.471875	-0.475	-0.478125	-0.48125	-0.484375	-0.4875	-0.490625	-0.49375	-0.496875	-0.492188	-0.4875	-0.482813	-0.478125	-0.473438	-0.46875	-0.464063	-0.459375	-0.454688	-0.45	-0.445313	-0.440625	-0.435938	-0.43125	-0.426563	-0.421875	-0.417188	-0.4125	-0.407813	-0.403125	-0.398438	-0.39375	-0.389063	-0.384375	-0.379688	-0.375	-0.370313	-0.365625	-0.360938	-0.35625	-0.351563	-0.346875	-0.342188	-0.3375	-0.332813	-0.328125	-0.323438	-0.31875	-0.314063	-0.309375	-0.304688	-0.3	-0.295313	-0.290625	-0.285938	-0.28125	-0.276563	-0.271875	-0.267188	-0.2625	-0.257813	-0.253125	-0.248438	-0.24375	-0.239063	-0.234375	-0.229688	-0.225	-0.220313	-0.215625	-0.210938	-0.20625	-0.201563	-0.196875	-0.192188	-0.1875	-0.182813	-0.178125	-0.173438	-0.16875	-0.164063	-0.159375	-0.154688	-0.15	-0.145313	-0.140625	-0.135938	-0.13125	-0.126563	-0.121875	-0.117188	-0.1125	-0.107813	-0.103125	-0.0984375	-0.09375	-0.0890625	-0.084375	-0.0796875	-0.075	-0.0703125	-0.065625	-0.0609375	-0.05625	-0.0515625	-0.046875	-0.0421875	-0.0375	-0.0328125	-0.028125	-0.0234375	-0.01875	-0.0140625	-0.009375	-0.0046875	8.88178e-16	0.0046875	0.009375	0.0140625	0.01875	0.0234375	0.028125	0.0328125	0.0375	0.0421875	0.046875	0.0515625	0.05625	0.0609375	0.065625	0.0703125	0.075	0.0796875	0.084375	0.0890625	0.09375	0.0984375	0.103125	0.107812	0.1125	0.117187	0.121875	0.126562	0.13125	0.135937	0.140625	0.145312	0.15	0.154687	0.159375	0.164062	0.16875	0.173437	0.178125	0.182812	0.1875	0.192187	0.196875	0.201562	0.20625	0.210937	0.215625	0.220313	0.225	0.229688	0.234375	0.239062	0.24375	0.248437	0.253125	0.25	0.246875	0.24375	0.240625	0.2375	0.234375	0.23125	0.228125	0.225	0.221875	0.21875	0.215625	0.2125	0.209375	0.20625	0.203125	0.2	0.196875	0.19375	0.190625	0.1875	0.184375	0.18125	0.178125	0.175	0.171875	0.16875	0.165625	0.1625	0.159375	0.15625	0.153125	0.15	0.146875	0.14375	0.140625	0.1375	0.134375	0.13125	0.128125	0.125	0.121875	0.11875	0.115625	0.1125	0.109375	0.10625	0.103125	0.1	0.096875	0.09375	0.090625	0.0875	0.084375	0.08125	0.078125	0.075	0.071875	0.06875	0.065625	0.0625	0.059375	0.05625	0.053125	0.05	0.046875	0.04375	0.040625	0.0375	0.034375	0.03125	0.028125	0.025	0.021875	0.01875	0.015625	0.0125	0.009375	0.00625	0.003125	0
0	-0.003125	-0.00625	-0.009375	-0.0125	-0.015625	-0.01875	-0.021875	-0.025	-0.028125	-0.03125	-0.034375	-0.0375	-0.040625	-0.04375	-0.046875	-0.05	-0.053125	-0.05625	-0.059375	-0.0625	-0.065625	-0.06875	-0.071875	-0.075	-0.078125	-0.08125	-0.084375	-0.0875	-0.090625	-0.09375	-0.096875	-0.1	-0.103125	-0.10625	-0.109375	-0.1125	-0.115625	-0.11875	-0.121875	-0.125	-0.128125	-0.13125	-0.134375	-0.1375	-0.140625	-0.14375	-0.146875	-0.15	-0.153125	-0.15625	-0.159375	-0.1625	-0.165625	-0.16875	-0.171875	-0.175	-0.178125	-0.18125	-0.184375	-0.1875	-0.190625	-0.19375	-0.196875	-0.2	-0.203125	-0.20625	-0.209375	-0.2125	-0.215625	-0.21875	-0.221875	-0.225	-0.228125	-0.23125	-0.234375	-0.2375	-0.240625	-0.24375	-0.246875	-0.25	-0.253125	-0.25625	-0.259375	-0.2625	-0.265625	-0.26875	-0.271875	-0.275	-0.278125	-0.28125	-0.284375	-0.2875	-0.290625	-0.29375	-0.296875	-0.3	-0.303125	-0.30625	-0.309375	-0.3125	-0.315625	-0.31875	-0.321875	-0.325	-0.328125	-0.33125	-0.334375	-0.3375	-0.340625	-0.34375	-0.346875	-0.35	-0.353125	-0.35625	-0.359375	-0.3625	-0.365625	-0.36875	-0.371875	-0.375	-0.378125	-0.38125	-0.384375	-0.3875	-0.390625	-0.39375	-0.396875	-0.4	-0.403125	-0.40625	-0.409375	-0.4125	-0.415625	-0.41875	-0.421875	-0.425	-0.428125	-0.43125	-0.434375	-0.429688	-0.425	-0.420313	-0.415625	-0.410938	-0.40625	-0.401563	-0.396875	-0.392188	-0.3875	-0.382813	-0.378125	-0.373438	-0.36875	-0.364063	-0.359375	-0.354688	-0.35	-0.345313	-0.340625	-0.335938	-0.33125	-0.326563	-0.321875	-0.317188	-0.3125	-0.307813	-0.303125	-0.298438	-0.29375	-0.289063	-0.284375	-0.279688	-0.275	-0.270313	-0.265625	-0.260938	-0.25625	-0.251563	-0.246875	-0.242188	-0.2375	-0.232813	-0.228125	-0.223438	-0.21875	-0.214063	-0.209375	-0.204688	-0.2	-0.195313	-0.190625	-0.185938	-0.18125	-0.176563	-0.171875	-0.167188	-0.1625	-0.157813	-0.153125	-0.148438	-0.14375	-0.139063	-0.134375	-0.129688	-0.125	-0.120313	-0.115625	-0.110938	-0.10625	-0.101563	-0.096875	-0.0921875	-0.0875	-0.0828125	-0.078125	-0.0734375	-0.06875	-0.0640625	-0.059375	-0.0546875	-0.05	-0.0453125	-0.040625	-0.0359375	-0.03125	-0.0265625	-0.021875	-0.0171875	-0.0125	-0.0078125	-0.003125	0.0015625	0.00625	0.0109375	0.015625	0.0203125	0.025	0.0296875	0.034375	0.0390625	0.04375	0.0484375	0.053125	0.0578125	0.0625	0.0671875	0.071875	0.0765625	0.08125	0.0859375	0.090625	0.0953125	0.1	0.104687	0.109375	0.114062	0.11875	0.123437	0.128125	0.132812	0.1375	0.142187	0.146875	0.151562	0.15625	0.160937	0.165625	0.170312	0.175	0.179687	0.184375	0.189062	0.19375	0.198437	0.203125	0.207812	0.2125	0.217187	0.221875	0.226562	0.23125	0.235937	0.240625	0.245312	0.25	0.254687	0.259375	0.264062	0.26875	0.273437	0.278125	0.282812	0.2875	0.292187	0.296875	0.301562	0.30625	0.310937	0.315625	0.3125	0.309375	0.30625	0.303125	0.3	0.296875	0.29375	0.290625	0.2875	0.284375	0.28125	0.278125	0.275	0.271875	0.26875	0.265625	0.2625	0.259375	0.25625	0.253125	0.25	0.246875	0.24375	0.240625	0.2375	0.234375	0.23125	0.228125	0.225	0.221875	0.21875	0.215625	0.2125	0.209375	0.20625	0.203125	0.2	0.196875	0.19375	0.190625	0.1875	0.184375	0.18125	0.178125	0.175	0.171875	0.16875	0.165625	0.1625	0.159375	0.15625	0.153125	0.15	0.146875	0.14375	0.140625	0.1375	0.134375	0.13125	0.128125	0.125	0.121875	0.11875	0.115625	0.1125	0.109375	0.10625	0.103125	0.1	0.096875	0.09375	0.090625	0.0875	0.084375	0.08125	0.078125	0.075	0.071875	0.06875	0.065625	0.0625	0.059375	0.05625	0.053125	0.05	0.046875	0.04375	0.040625	0.0375	0.034375	0.03125	0.028125	0.025	0.021875	0.01875	0.015625	0.0125	0.009375	0.00625	0.003125	0
0	-0.003125	-0.00625	-0.009375	-0.0125	-0.015625	-0.01875	-0.021875	-0.025	-0.028125	-0.03125	-0.034375	-0.0375	-0.040625	-0.04375	-0.046875	-0.05	-0.053125	-0.05625	-0.059375	-0.0625	-0.065625	-0.06875	-0.071875	-0.075	-0.078125	-0.08125	-0.084375	-0.0875	-0.090625	-0.09375	-0.096875	-0.1	-0.103125	-0.10625	-0.109375	-0.1125	-0.115625	-0.11875	-0.121875	-0.125	-0.128125	-0.13125	-0.134375	-0.1375	-0.140625	-0.14375	-0.146875	-0.15	-0.153125	-0.15625	-0.159375	-0.1625	-0.165625	-0.16875	-0.171875	-0.175	-0.178125	-0.18125	-0.184375	-0.1875	-0.190625	-0.19375	-0.196875	-0.2	-0.203125	-0.20625	-0.209375	-0.2125	-0.215625	-0.21875	-0.221875	-0.225	-0.228125	-0.23125	-0.234375	-0.2375	-0.240625	-0.24375	-0.246875	-0.25	-0.253125	-0.25625	-0.259375	-0.2625	-0.265625	-0.26875	-0.271875	-0.275	-0.278125	-0.28125	-0.284375	-0.2875	-0.290625	-0.29375	-0.296875	-0.3	-0.303125	-0.30625	-0.309375	-0.3125	-0.315625	-0.31875	-0.321875	-0.325	-0.328125	-0.33125	-0.334375	-0.3375	-0.340625	-0.34375	-0.346875	-0.35	-0.353125	-0.35625	-0.359375	-0.3625	-0.365625	-0.36875	-0.371875	-0.367188	-0.3625	-0.357813	-0.353125	-0.348438	-0.34375	-0.339063	-0.334375	-0.329688	-0.325	-0.320313	-0.315625	-0.310938	-0.30625	-0.301563	-0.296875	-0.292188	-0.2875	-0.282813	-0.278125	-0.273438	-0.26875	-0.264063	-0.259375	-0.254688	-0.25	-0.245313	-0.240625	-0.235938	-0.23125	-0.226563	-0.221875	-0.217188	-0.2125	-0.207813	-0.203125	-0.198438	-0.19375	-0.189063	-0.184375	-0.179688	-0.175	-0.170313	-0.165625	-0.160938	-0.15625	-0.151563	-0.146875	-0.142188	-0.1375	-0.132813	-0.128125	-0.123438	-0.11875	-0.114063	-0.109375	-0.104688	-0.1	-0.0953125	-0.090625	-0.0859375	-0.08125	-0.0765625	-0.071875	-0.0671875	-0.0625	-0.0578125	-0.053125	-0.0484375	-0.04375	-0.0390625	-0.034375	-0.0296875	-0.025	-0.0203125	-0.015625	-0.0109375	-0.00625	-0.0015625	0.003125	0.0078125	0.0125	0.0171875	0.021875	0.0265625	0.03125	0.0359375	0.040625	0.0453125	0.05	0.0546875	0.059375	0.0640625	0.06875	0.0734375	0.078125	0.0828125	0.0875	0.0921875	0.096875	0.101562	0.10625	0.110937	0.115625	0.120312	0.125	0.129687	0.134375	0.139062	0.14375	0.148437	0.153125	0.157812	0.1625	0.167187	0.171875	0.176562	0.18125	0.185937	0.190625	0.195312	0.2	0.204687	0.209375	0.214062	0.21875	0.223437	0.228125	0.232812	0.2375	0.242187	0.246875	0.251562	0.25625	0.260937	0.265625	0.270312	0.275	0.279687	0.284375	0.289062	0.29375	0.298437	0.303125	0.307812	0.3125	0.317187	0.321875	0.326562	0.33125	0.335938	0.340625	0.345313	0.35	0.354688	0.359375	0.364062	0.36875	0.373437	0.378125	0.375	0.371875	0.36875	0.365625	0.3625	0.359375	0.35625	0.353125	0.35	0.346875	0.34375	0.340625	0.3375	0.334375	0.33125	0.328125	0.325	0.321875	0.31875	0.315625	0.3125	0.309375	0.30625	0.303125	0.3	0.296875	0.29375	0.290625	0.2875	0.284375	0.28125	0.278125	0.275	0.271875	0.26875	0.265625	0.2625	0.259375	0.25625	0.253125	0.25	0.246875	0.24375	0.240625	0.2375	0.234375	0.23125	0.228125	0.225	0.221875	0.21875	0.215625	0.2125	0.209375	0.20625	0.203125	0.2	0.196875	0.19375	0.190625	0.1875	0.184375	0.18125	0.178125	0.175	0.171875	0.16875	0.165625	0.1625	0.159375	0.15625	0.153125	0.15	0.146875	0.14375	0.140625	0.1375	0.134375	0.13125	0.128125	0.125	0.121875	0.11875	0.115625	0.1125	0.109375	0.10625	0.103125	0.1	0.096875	0.09375	0.090625	0.0875	0.084375	0.08125	0.078125	0.075	0.071875	0.06875	0.065625	0.0625	0.059375	0.05625	0.053125	0.05	0.046875	0.04375	0.040625	0.0375	0.034375	0.03125	0.028125	0.025	0.021875	0.01875	0.015625	0.0125	0.009375	0.00625	0.003125	0
0	-0.003125	-0.00625	-0.009375	-0.0125	-0.015625	-0.01875	-0.021875	-0.025	-0.028125	-0.03125	-0.034375	-0.0375	-0.040625	-0.04375	-0.046875	-0.05	-0.053125	-0.05625	-0.059375	-0.0625	-0.065625	-0.06875	-0.071875	-0.075	-0.078125	-0.08125	-0.084375	-0.0875	-0.090625	-0.09375	-0.096875	-0.1	-0.103125	-0.10625	-0.109375	-0.1125	-0.115625	-0.11875	-0.121875	-0.125	-0.128125	-0.13125	-0.134375	-0.1375	-0.140625	-0.14375	-0.146875	-0.15	-0.153125	-0.15625	-0.159375	-0.1625	-0.165625	-0.16875	-0.171875	-0.175	-0.178125	-0.18125	-0.184375	-0.1875	-0.190625	-0.19375	-0.196875	-0.2	-0.203125	-0.20625	-0.209375	-0.2125	-0.215625	-0.21875	-0.221875	-0.225	-0.228125	-0.23125	-0.234375	-0.2375	-0.240625	-0.24375	-0.246875	-0.25	-0.253125	-0.25625	-0.259375	-0.2625	-0.265625	-0.26875	-0.271875	-0.275	-0.278125	-0.28125	-0.284375	-0.2875	-0.290625	-0.29375	-0.296875	-0.3	-0.303125	-0.30625	-0.309375	-0.304688	-0.3	-0.295313	-0.290625	-0.285938	-0.28125	-0.276563	-0.271875	-0.267188	-0.2625	-0.257813	-0.253125	-0.248438	-0.24375	-0.239063	-0.234375	-0.229688	-0.225	-0.220313	-0.215625	-0.210938	-0.20625	-0.201563	-0.196875	-0.192188	-0.1875	-0.182813	-0.178125	-0.173438	-0.16875	-0.164063	-0.159375	-0.154688	-0.15	-0.145313	-0.140625	-0.135938	-0.13125	-0.126563	-0.121875	-0.117188	-0.1125	-0.107813	-0.103125	-0.0984375	-0.09375	-0.0890625	-0.084375	-0.0796875	-0.075	-0.0703125	-0.065625	-0.0609375	-0.05625	-0.0515625	-0.046875	-0.0421875	-0.0375	-0.0328125	-0.028125	-0.0234375	-0.01875	-0.0140625	-0.009375	-0.0046875	-5.55112e-16	0.0046875	0.009375	0.0140625	0.01875	0.0234375	0.028125	0.0328125	0.0375	0.0421875	0.046875	0.0515625	0.05625	0.0609375	0.065625	0.0703125	0.075	0.0796875	0.084375	0.0890625	0.09375	0.0984375	0.103125	0.107812	0.1125	0.117187	0.121875	0.126562	0.13125	0.135937	0.140625	0.145312	0.15	0.154687	0.159375	0.164062	0.16875	0.173437	0.178125	0.182812	0.1875	0.192187	0.196875	0.201562	0.20625	0.210937	0.215625	0.220312	0.225	0.229687	0.234375	0.239062	0.24375	0.248437	0.253125	0.257812	0.2625	0.267187	0.271875	0.276562	0.28125	0.285937	0.290625	0.295312	0.3	0.304687	0.309375	0.314062	0.31875	0.323437	0.328125	0.332812	0.3375	0.342187	0.346875	0.351562	0.35625	0.360937	0.365625	0.370312	0.375	0.379687	0.384375	0.389062	0.39375	0.398437	0.403125	0.407812	0.4125	0.417187	0.421875	0.426562	0.43125	0.435937	0.440625	0.4375	0.434375	0.43125	0.428125	0.425	0.421875	0.41875	0.415625	0.4125	0.409375	0.40625	0.403125	0.4	0.396875	0.39375	0.390625	0.3875	0.384375	0.38125	0.378125	0.375	0.371875	0.36875	0.365625	0.3625	0.359375	0.35625	0.353125	0.35	0.346875	0.34375	0.340625	0.3375	0.334375	0.33125	0.328125	0.325	0.321875	0.31875	0.315625	0.3125	0.309375	0.30625	0.303125	0.3	0.296875	0.29375	0.290625	0.2875	0.284375	0.28125	0.278125	0.275	0.271875	0.26875	0.265625	0.2625	0.259375	0.25625	0.253125	0.25	0.246875	0.24375	0.240625	0.2375	0.234375	0.23125	0.228125	0.225	0.221875	0.21875	0.215625	0.2125	0.209375	0.20625	0.203125	0.2	0.196875	0.19375	0.190625	0.1875	0.184375	0.18125	0.178125	0.175	0.171875	0.16875	0.165625	0.1625	0.159375	0.15625	0.153125	0.15	0.146875	0.14375	0.140625	0.1375	0.134375	0.13125	0.128125	0.125	0.121875	0.11875	0.115625	0.1125	0.109375	0.10625	0.103125	0.1	0.096875	0.09375	0.090625	0.0875	0.084375	0.08125	0.078125	0.075	0.071875	0.06875	0.065625	0.0625	0.059375	0.05625	0.053125	0.05	0.046875	0.04375	0.040625	0.0375	0.034375	0.03125	0.028125	0.025	0.021875	0.01875	0.015625	0.0125	0.009375	0.00625	0.003125	0
0	-0.003125	-0.00625	-0.009375	-0.0125	-0.015625	-0.01875	-0.021875	-0.025	-0.028125	-0.03125	-0.034375	-0.0375	-0.040625	-0.04375	-0.046875	-0.05	-0.053125	-0.05625	-0.059375	-0.0625	-0.065625	-0.06875	-0.071875	-0.075	-0.078125	-0.08125	-0.084375	-0.0875	-0.090625	-0.09375	-0.096875	-0.1	-0.103125	-0.10625	-0.109375	-0.1125	-0.115625	-0.11875	-0.121875	-0.125	-0.128125	-0.13125	-0.134375	-0.1375	-0.140625	-0.14375	-0.146875	-0.15	-0.153125	-0.15625	-0.159375	-0.1625	-0.165625	-0.16875	-0.171875	-0.175	-0.178125	-0.18125	-0.184375	-0.1875	-0.190625	-0.19375	-0.196875	-0.2	-0.203125	-0.20625	-0.209375	-0.2125	-0.215625	-0.21875	-0.221875	-0.225	-0.228125	-0.23125	-0.234375	-0.2375	-0.240625	-0.24375	-0.246875	-0.242188	-0.2375	-0.232813	-0.228125	-0.223438	-0.21875	-0.214063	-0.209375	-0.204688	-0.2	-0.195313	-0.190625	-0.185938	-0.18125	-0.176563	-0.171875	-0.167188	-0.1625	-0.157813	-0.153125	-0.148438	-0.14375	-0.139062	-0.134375	-0.129687	-0.125	-0.120313	-0.115625	-0.110938	-0.10625	-0.101563	-0.096875	-0.0921875	-0.0875	-0.0828125	-0.078125	-0.0734375	-0.06875	-0.0640625	-0.059375	-0.0546875	-0.05	-0.0453125	-0.040625	-0.0359375	-0.03125	-0.0265625	-0.021875	-0.0171875	-0.0125	-0.0078125	-0.003125	0.0015625	0.00625	0.0109375	0.015625	0.0203125	0.025	0.0296875	0.034375	0.0390625	0.04375	0.0484375	0.053125	0.0578125	0.0625	0.0671875	0.071875	0.0765625	0.08125	0.0859375	0.090625	0.0953125	0.1	0.104687	0.109375	0.114062	0.11875	0.123437	0.128125	0.132812	0.1375	0.142187	0.146875	0.151562	0.15625	0.160937	0.165625	0.170312	0.175	0.179687	0.184375	0.189062	0.19375	0.198437	0.203125	0.207812	0.2125	0.217187	0.221875	0.226562	0.23125	0.235937	0.240625	0.245312	0.25	0.254687	0.259375	0.264062	0.26875	0.273437	0.278125	0.282812	0.2875	0.292187	0.296875	0.301562	0.30625	0.310937	0.315625	0.320312	0.325	0.329687	0.334375	0.339062	0.34375	0.348437	0.353125	0.357812	0.3625	0.367187	0.371875	0.376562	0.38125	0.385937	0.390625	0.395312	0.4	0.404687	0.409375	0.414062	0.41875	0.423437	0.428125	0.432812	0.4375	0.442187	0.446875	0.451562	0.45625	0.460937	0.465625	0.470312	0.475	0.479687	0.484375	0.489062	0.49375	0.498437	0.503125	0.5	0.496875	0.49375	0.490625	0.4875	0.484375	0.48125	0.478125	0.475	0.471875	0.46875	0.465625	0.4625	0.459375	0.45625	0.453125	0.45	0.446875	0.44375	0.440625	0.4375	0.434375	0.43125	0.428125	0.425	0.421875	0.41875	0.415625	0.4125	0.409375	0.40625	0.403125	0.4	0.396875	0.39375	0.390625	0.3875	0.384375	0.38125	0.378125	0.375	0.371875	0.36875	0.365625	0.3625	0.359375	0.35625	0.353125	0.35	0.346875	0.34375	0.340625	0.3375	0.334375	0.33125	0.328125	0.325	0.321875	0.31875	0.315625	0.3125	0.309375	0.30625	0.303125	0.3	0.296875	0.29375	0.290625	0.2875	0.284375	0.28125	0.278125	0.275	0.271875	0.26875	0.265625	0.2625	0.259375	0.25625	0.253125	0.25	0.246875	0.24375	0.240625	0.2375	0.234375	0.23125	0.228125	0.225	0.221875	0.21875	0.215625	0.2125	0.209375	0.20625	0.203125	0.2	0.196875	0.19375	0.190625	0.1875	0.184375	0.18125	0.178125	0.175	0.171875	0.16875	0.165625	0.1625	0.159375	0.15625	0.153125	0.15	0.146875	0.14375	0.140625	0.1375	0.134375	0.13125	0.128125	0.125	0.121875	0.11875	0.115625	0.1125	0.109375	0.10625	0.103125	0.1	0.096875	0.09375	0.090625	0.0875	0.084375	0.08125	0.078125	0.075	0.071875	0.06875	0.065625	0.0625	0.059375	0.05625	0.053125	0.05	0.046875	0.04375	0.040625	0.0375	0.034375	0.03125	0.028125	0.025	0.021875	0.01875	0.015625	0.0125	0.009375	0.00625	0.003125	0
0	-0.003125	-0.00625	-0.009375	-0.0125	-0.015625	-0.01875	-0.021875	-0.025	-0.028125	-0.03125	-0.034375	-0.0375	-0.040625	-0.04375	-0.046875	-0.05	-0.053125	-0.05625	-0.059375	-0.0625	-0.065625	-0.06875	-0.071875	-0.075	-0.078125	-0.08125	-0.084375	-0.0875	-0.090625	-0.09375	-0.096875	-0.1	-0.103125	-0.10625	-0.109375	-0.1125	-0.115625	-0.11875	-0.121875	-0.125	-0.128125	-0.13125	-0.134375	-0.1375	-0.140625	-0.14375	-0.146875	-0.15	-0.153125	-0.15625	-0.159375	-0.1625	-0.165625	-0.16875	-0.171875	-0.175	-0.178125	-0.18125	-0.184375	-0.179687	-0.175	-0.170312	-0.165625	-0.160937	-0.15625	-0.151562	-0.146875	-0.142187	-0.1375	-0.132812	-0.128125	-0.123437	-0.11875	-0.114062	-0.109375	-0.104687	-0.1	-0.0953125	-0.090625	-0.0859375	-0.08125	-0.0765625	-0.071875	-0.0671875	-0.0625	-0.0578125	-0.053125	-0.0484375	-0.04375	-0.0390625	-0.034375	-0.0296875	-0.025	-0.0203125	-0.015625	-0.0109375	-0.00625	-0.0015625	0.003125	0.0078125	0.0125	0.0171875	0.021875	0.0265625	0.03125	0.0359375	0.040625	0.0453125	0.05	0.0546875	0.059375	0.0640625	0.06875	0.0734375	0.078125	0.0828125	0.0875	0.0921875	0.096875	0.101562	0.10625	0.110937	0.115625	0.120312	0.125	0.129687	0.134375	0.139062	0.14375	0.148437	0.153125	0.157812	0.1625	0.167187	0.171875	0.176562	0.18125	0.185937	0.190625	0.195312	0.2	0.204687	0.209375	0.214062	0.21875	0.223437	0.228125	0.232812	0.2375	0.242187	0.246875	0.251562	0.25625	0.260937	0.265625	0.270312	0.275	0.279687	0.284375	0.289062	0.29375	0.298437	0.303125	0.307812	0.3125	0.317187	0.321875	0.326562	0.33125	0.335937	0.340625	0.345312	0.35	0.354687	0.359375	0.364062	0.36875	0.373437	0.378125	0.382812	0.3875	0.392187	0.396875	0.401562	0.40625	0.410937	0.415625	0.420312	0.425	0.429687	0.434375	0.439062	0.44375	0.448437	0.453125	0.457812	0.4625	0.467187	0.471875	0.476562	0.48125	0.485937	0.490625	0.495312	0.5	0.504687	0.509375	0.514062	0.51875	0.523437	0.528125	0.532812	0.5375	0.542187	0.546875	0.551562	0.55625	0.560937	0.565625	0.5625	0.559375	0.55625	0.553125	0.55	0.546875	0.54375	0.540625	0.5375	0.534375	0.53125	0.528125	0.525	0.521875	0.51875	0.515625	0.5125	0.509375	0.50625	0.503125	0.5	0.496875	0.49375	0.490625	0.4875	0.484375	0.48125	0.478125	0.475	0.471875	0.46875	0.465625	0.4625	0.459375	0.45625	0.453125	0.45	0.446875	0.44375	0.440625	0.4375	0.434375	0.43125	0.428125	0.425	0.421875	0.41875	0.415625	0.4125	0.409375	0.40625	0.403125	0.4	0.396875	0.39375	0.390625	0.3875	0.384375	0.38125	0.378125	0.375	0.371875	0.36875	0.365625	0.3625	0.359375	0.35625	0.353125	0.35	0.346875	0.34375	0.340625	0.3375	0.334375	0.33125	0.328125	0.325	0.321875	0.31875	0.315625	0.3125	0.309375	0.30625	0.303125	0.3	0.296875	0.29375	0.290625	0.2875	0.284375	0.28125	0.278125	0.275	0.271875	0.26875	0.265625	0.2625	0.259375	0.25625	0.253125	0.25	0.246875	0.24375	0.240625	0.2375	0.234375	0.23125	0.228125	0.225	0.221875	0.21875	0.215625	0.2125	0.209375	0.20625	0.203125	0.2	0.196875	0.19375	0.190625	0.1875	0.184375	0.18125	0.178125	0.175	0.171875	0.16875	0.165625	0.1625	0.159375	0.15625	0.153125	0.15	0.146875	0.14375	0.140625	0.1375	0.134375	0.13125	0.128125	0.125	0.121875	0.11875	0.115625	0.1125	0.109375	0.10625	0.103125	0.1	0.096875	0.09375	0.090625	0.0875	0.084375	0.08125	0.078125	0.075	0.071875	0.06875	0.065625	0.0625	0.059375	0.05625	0.053125	0.05	0.046875	0.04375	0.040625	0.0375	0.034375	0.03125	0.028125	0.025	0.021875	0.01875	0.015625	0.0125	0.009375	0.00625	0.003125	0
0	-0.003125	-0.00625	-0.009375	-0.0125	-0.015625	-0.01875	-0.021875	-0.025	-0.028125	-0.03125	-0.034375	-0.0375	-0.040625	-0.04375	-0.046875	-0.05	-0.053125	-0.05625	-0.059375	-0.0625	-0.065625	-0.06875	-0.071875	-0.075	-0.078125	-0.08125	-0.084375	-0.0875	-0.090625	-0.09375	-0.096875	-0.1	-0.103125	-0.10625	-0.109375	-0.1125	-0.115625	-0.11875	-0.121875	-0.117187	-0.1125	-0.107812	-0.103125	-0.0984375	-0.09375	-0.0890625	-0.084375	-0.0796875	-0.075	-0.0703125	-0.065625	-0.0609375	-0.05625	-0.0515625	-0.046875	-0.0421875	-0.0375	-0.0328125	-0.028125	-0.0234375	-0.01875	-0.0140625	-0.009375	-0.0046875	-5.55112e-17	0.0046875	0.009375	0.0140625	0.01875	0.0234375	0.028125	0.0328125	0.0375	0.0421875	0.046875	0.0515625	0.05625	0.0609375	0.065625	0.0703125	0.075	0.0796875	0.084375	0.0890625	0.09375	0.0984375	0.103125	0.107813	0.1125	0.117188	0.121875	0.126563	0.13125	0.135938	0.140625	0.145313	0.15	0.154688	0.159375	0.164063	0.16875	0.173438	0.178125	0.182813	0.1875	0.192187	0.196875	0.201562	0.20625	0.210938	0.215625	0.220312	0.225	0.229687	0.234375	0.239062	0.24375	0.248437	0.253125	0.257812	0.2625	0.267187	0.271875	0.276562	0.28125	0.285937	0.290625	0.295312	0.3	0.304687	0.309375	0.314062	0.31875	0.323437	0.328125	0.332812	0.3375	0.342187	0.346875	0.351562	0.35625	0.360937	0.365625	0.370312	0.375	0.379687	0.384375	0.389062	0.39375	0.398437	0.403125	0.407812	0.4125	0.417187	0.421875	0.426562	0.43125	0.435937	0.440625	0.445312	0.45	0.454687	0.459375	0.464062	0.46875	0.473437	0.478125	0.482812	0.4875	0.492187	0.496875	0.501562	0.50625	0.510937	0.515625	0.520312	0.525	0.529687	0.534375	0.539063	0.54375	0.548438	0.553125	0.557813	0.5625	0.567188	0.571875	0.576562	0.58125	0.585937	0.590625	0.595313	0.6	0.604688	0.609375	0.614062	0.61875	0.623437	0.628125	0.625	0.621875	0.61875	0.615625	0.6125	0.609375	0.60625	0.603125	0.6	0.596875	0.59375	0.590625	0.5875	0.584375	0.58125	0.578125	0.575	0.571875	0.56875	0.565625	0.5625	0.559375	0.55625	0.553125	0.55	0.546875	0.54375	0.540625	0.5375	0.534375	0.53125	0.528125	0.525	0.521875	0.51875	0.515625	0.5125	0.509375	0.50625	0.503125	0.5	0.496875	0.49375	0.490625	0.4875	0.484375	0.48125	0.478125	0.475	0.471875	0.46875	0.465625	0.4625	0.459375	0.45625	0.453125	0.45	0.446875	0.44375	0.440625	0.4375	0.434375	0.43125	0.428125	0.425	0.421875	0.41875	0.415625	0.4125	0.409375	0.40625	0.403125	0.4	0.396875	0.39375	0.390625	0.3875	0.384375	0.38125	0.378125	0.375	0.371875	0.36875	0.365625	0.3625	0.359375	0.35625	0.353125	0.35	0.346875	0.34375	0.340625	0.3375	0.334375	0.33125	0.328125	0.325	0.321875	0.31875	0.315625	0.3125	0.309375	0.30625	0.303125	0.3	0.296875	0.29375	0.290625	0.2875	0.284375	0.28125	0.278125	0.275	0.271875	0.26875	0.265625	0.2625	0.259375	0.25625	0.253125	0.25	0.246875	0.24375	0.240625	0.2375	0.234375	0.23125	0.228125	0.225	0.221875	0.21875	0.215625	0.2125	0.209375	0.20625	0.203125	0.2	0.196875	0.19375	0.190625	0.1875	0.184375	0.18125	0.178125	0.175	0.171875	0.16875	0.165625	0.1625	0.159375	0.15625	0.153125	0.15	0.146875	0.14375	0.140625	0.1375	0.134375	0.13125	0.128125	0.125	0.121875	0.11875	0.115625	0.1125	0.109375	0.10625	0.103125	0.1	0.096875	0.09375	0.090625	0.0875	0.084375	0.08125	0.078125	0.075	0.071875	0.06875	0.065625	0.0625	0.059375	0.05625	0.053125	0.05	0.046875	0.04375	0.040625	0.0375	0.034375	0.03125	0.028125	0.025	0.021875	0.01875	0.015625	0.0125	0.009375	0.00625	0.003125	0
0	-0.003125	-0.00625	-0.009375	-0.0125	-0.015625	-0.01875	-0.021875	-0.025	-0.028125	-0.03125	-0.034375	-0.0375	-0.040625	-0.04375	-0.046875	-0.05	-0.053125	-0.05625	-0.059375	-0.0546875	-0.05	-0.0453125	-0.040625	-0.0359375	-0.03125	-0.0265625	-0.021875	-0.0171875	-0.0125	-0.0078125	-0.003125	0.0015625	0.00625	0.0109375	0.015625	0.0203125	0.025	0.0296875	0.034375	0.0390625	0.04375	0.0484375	0.053125	0.0578125	0.0625	0.0671875	0.071875	0.0765625	0.08125	0.0859375	0.090625	0.0953125	0.1	0.104688	0.109375	0.114063	0.11875	0.123438	0.128125	0.132813	0.1375	0.142188	0.146875	0.151563	0.15625	0.160938	0.165625	0.170313	0.175	0.179688	0.184375	0.189063	0.19375	0.198438	0.203125	0.207813	0.2125	0.217188	0.221875	0.226563	0.23125	0.235938	0.240625	0.245313	0.25	0.254688	0.259375	0.264063	0.26875	0.273438	0.278125	0.282813	0.2875	0.292188	0.296875	0.301563	0.30625	0.310938	0.315625	0.320312	0.325	0.329688	0.334375	0.339063	0.34375	0.348438	0.353125	0.357813	0.3625	0.367188	0.371875	0.376563	0.38125	0.385938	0.390625	0.395313	0.4	0.404688	0.409375	0.414062	0.41875	0.423437	0.428125	0.432812	0.4375	0.442187	0.446875	0.451562	0.45625	0.460937	0.465625	0.470312	0.475	0.479687	0.484375	0.489062	0.49375	0.498437	0.503125	0.507812	0.5125	0.517187	0.521875	0.526562	0.53125	0.535937	0.540625	0.545312	0.55	0.554687	0.559375	0.564062	0.56875	0.573437	0.578125	0.582812	0.5875	0.592187	0.596875	0.601562	0.60625	0.610938	0.615625	0.620313	0.625	0.629688	0.634375	0.639062	0.64375	0.648437	0.653125	0.657813	0.6625	0.667188	0.671875	0.676563	0.68125	0.685937	0.690625	0.6875	0.684375	0.68125	0.678125	0.675	0.671875	0.66875	0.665625	0.6625	0.659375	0.65625	0.653125	0.65	0.646875	0.64375	0.640625	0.6375	0.634375	0.63125	0.628125	0.625	0.621875	0.61875	0.615625	0.6125	0.609375	0.60625	0.603125	0.6	0.596875	0.59375	0.590625	0.5875	0.584375	0.58125	0.578125	0.575	0.571875	0.56875	0.565625	0.5625	0.559375	0.55625	0.553125	0.55	0.546875	0.54375	0.540625	0.5375	0.534375	0.53125	0.528125	0.525	0.521875	0.51875	0.515625	0.5125	0.509375	0.50625	0.503125	0.5	0.496875	0.49375	0.490625	0.4875	0.484375	0.48125	0.478125	0.475	0.471875	0.46875	0.465625	0.4625	0.459375	0.45625	0.453125	0.45	0.446875	0.44375	0.440625	0.4375	0.434375	0.43125	0.428125	0.425	0.421875	0.41875	0.415625	0.4125	0.409375	0.40625	0.403125	0.4	0.396875	0.39375	0.390625	0.3875	0.384375	0.38125	0.378125	0.375	0.371875	0.36875	0.365625	0.3625	0.359375	0.35625	0.353125	0.35	0.346875	0.34375	0.340625	0.3375	0.334375	0.33125	0.328125	0.325	0.321875	0.31875	0.315625	0.3125	0.309375	0.30625	0.303125	0.3	0.296875	0.29375	0.290625	0.2875	0.284375	0.28125	0.278125	0.275	0.271875	0.26875	0.265625	0.2625	0.259375	0.25625	0.253125	0.25	0.246875	0.24375	0.240625	0.2375	0.234375	0.23125	0.228125	0.225	0.221875	0.21875	0.215625	0.2125	0.209375	0.20625	0.203125	0.2	0.196875	0.19375	0.190625	0.1875	0.184375	0.18125	0.178125	0.175	0.171875	0.16875	0.165625	0.1625	0.159375	0.15625	0.153125	0.15	0.146875	0.14375	0.140625	0.1375	0.134375	0.13125	0.128125	0.125	0.121875	0.11875	0.115625	0.1125	0.109375	0.10625	0.103125	0.1	0.096875	0.09375	0.090625	0.0875	0.084375	0.08125	0.078125	0.075	0.071875	0.06875	0.065625	0.0625	0.059375	0.05625	0.053125	0.05	0.046875	0.04375	0.040625	0.0375	0.034375	0.03125	0.028125	0.025	0.021875	0.01875	0.015625	0.0125	0.009375	0.00625	0.003125	0
0	0.0125	0.0171875	0.021875	0.0265625	0.03125	0.0359375	0.040625	0.0453125	0.05	0.0546875	0.059375	0.0640625	0.06875	0.0734375	0.078125	0.0828125	0.0875	0.0921875	0.096875	0.101563	0.10625	0.110938	0.115625	0.120313	0.125	0.129688	0.134375	0.139063	0.14375	0.148438	0.153125	0.157813	0.1625	0.167188	0.171875	0.176563	0.18125	0.185938	0.190625	0.195313	0.2	0.204688	0.209375	0.214063	0.21875	0.223438	0.228125	0.232812	0.2375	0.242188	0.246875	0.251563	0.25625	0.260938	0.265625	0.270313	0.275	0.279687	0.284375	0.289063	0.29375	0.298438	0.303125	0.307813	0.3125	0.317187	0.321875	0.326563	0.33125	0.335938	0.340625	0.345313	0.35	0.354688	0.359375	0.364063	0.36875	0.373438	0.378125	0.382813	0.3875	0.392188	0.396875	0.401563	0.40625	0.410938	0.415625	0.420313	0.425	0.429688	0.434375	0.439063	0.44375	0.448438	0.453125	0.457813	0.4625	0.467187	0.471875	0.476563	0.48125	0.485938	0.490625	0.495313	0.5	0.504688	0.509375	0.514063	0.51875	0.523438	0.528125	0.532813	0.5375	0.542188	0.546875	0.551563	0.55625	0.560938	0.565625	0.570313	0.575	0.579688	0.584375	0.589063	0.59375	0.598438	0.603125	0.607813	0.6125	0.617188	0.621875	0.626563	0.63125	0.635937	0.640625	0.645313	0.65	0.654688	0.659375	0.664063	0.66875	0.673438	0.678125	0.682813	0.6875	0.692188	0.696875	0.701562	0.70625	0.710938	0.715625	0.720313	0.725	0.729688	0.734375	0.739062	0.74375	0.748437	0.753125	0.75	0.746875	0.74375	0.740625	0.7375	0.734375	0.73125	0.728125	0.725	0.721875	0.71875	0.715625	0.7125	0.709375	0.70625	0.703125	0.7	0.696875	0.69375	0.690625	0.6875	0.684375	0.68125	0.678125	0.675	0.671875	0.66875	0.665625	0.6625	0.659375	0.65625	0.653125	0.65	0.646875	0.64375	0.640625	0.6375	0.634375	0.63125	0.628125	0.625	0.621875	0.61875	0.615625	0.6125	0.609375	0.60625	0.603125	0.6	0.596875	0.59375	0.590625	0.5875	0.584375	0.58125	0.578125	0.575	0.571875	0.56875	0.565625	0.5625	0.559375	0.55625	0.553125	0.55	0.546875	0.54375	0.540625	0.5375	0.534375	0.53125	0.528125	0.525	0.521875	0.51875	0.515625	0.5125	0.509375	0.50625	0.503125	0.5	0.496875	0.49375	0.490625	0.4875	0.484375	0.48125	0.478125	0.475	0.471875	0.46875	0.465625	0.4625	0.459375	0.45625	0.453125	0.45	0.446875	0.44375	0.440625	0.4375	0.434375	0.43125	0.428125	0.425	0.421875	0.41875	0.415625	0.4125	0.409375	0.40625	0.403125	0.4	0.396875	0.39375	0.390625	0.3875	0.384375	0.38125	0.378125	0.375	0.371875	0.36875	0.365625	0.3625	0.359375	0.35625	0.353125	0.35	0.346875	0.34375	0.340625	0.3375	0.334375	0.33125	0.328125	0.325	0.321875	0.31875	0.315625	0.3125	0.309375	0.30625	0.303125	0.3	0.296875	0.29375	0.290625	0.2875	0.284375	0.28125	0.278125	0.275	0.271875	0.26875	0.265625	0.2625	0.259375	0.25625	0.253125	0.25	0.246875	0.24375	0.240625	0.2375	0.234375	0.23125	0.228125	0.225	0.221875	0.21875	0.215625	0.2125	0.209375	0.20625	0.203125	0.2	0.196875	0.19375	0.190625	0.1875	0.184375	0.18125	0.178125	0.175	0.171875	0.16875	0.165625	0.1625	0.159375	0.15625	0.153125	0.15	0.146875	0.14375	0.140625	0.1375	0.134375	0.13125	0.128125	0.125	0.121875	0.11875	0.115625	0.1125	0.109375	0.10625	0.103125	0.1	0.096875	0.09375	0.090625	0.0875	0.084375	0.08125	0.078125	0.075	0.071875	0.06875	0.065625	0.0625	0.059375	0.05625	0.053125	0.05	0.046875	0.04375	0.040625	0.0375	0.034375	0.03125	0.028125	0.025	0.021875	0.01875	0.015625	0.0125	0.009375	0.00625	0.003125	0
0	0.0125	0.025	0.0375	0.05	0.0625	0.075	0.0875	0.1	0.1125	0.125	0.1375	0.15	0.1625	0.175	0.1875	0.2	0.2125	0.225	0.2375	0.25	0.2625	0.267188	0.271875	0.276563	0.28125	0.285938	0.290625	0.295313	0.3	0.304688	0.309375	0.314063	0.31875	0.323438	0.328125	0.332813	0.3375	0.342188	0.346875	0.351563	0.35625	0.360938	0.365625	0.370313	0.375	0.379688	0.384375	0.389063	0.39375	0.398438	0.403125	0.407813	0.4125	0.417188	0.421875	0.426563	0.43125	0.435938	0.440625	0.445312	0.45	0.454687	0.459375	0.464063	0.46875	0.473438	0.478125	0.482813	0.4875	0.492188	0.496875	0.501563	0.50625	0.510938	0.515625	0.520313	0.525	0.529687	0.534375	0.539062	0.54375	0.548437	0.553125	0.557812	0.5625	0.567187	0.571875	0.576562	0.58125	0.585937	0.590625	0.595313	0.6	0.604687	0.609375	0.614063	0.61875	0.623438	0.628125	0.632813	0.6375	0.642188	0.646875	0.651563	0.65625	0.660938	0.665625	0.670313	0.675	0.679688	0.684375	0.689063	0.69375	0.698437	0.703125	0.707813	0.7125	0.717188	0.721875	0.726563	0.73125	0.735938	0.740625	0.745313	0.75	0.754688	0.759375	0.764063	0.76875	0.773438	0.778125	0.782813	0.7875	0.792188	0.796875	0.801563	0.80625	0.810938	0.815625	0.8125	0.809375	0.80625	0.803125	0.8	0.796875	0.79375	0.790625	0.7875	0.784375	0.78125	0.778125	0.775	0.771875	0.76875	0.765625	0.7625	0.759375	0.75625	0.753125	0.75	0.746875	0.74375	0.740625	0.7375	0.734375	0.73125	0.728125	0.725	0.721875	0.71875	0.715625	0.7125	0.709375	0.70625	0.703125	0.7	0.696875	0.69375	0.690625	0.6875	0.684375	0.68125	0.678125	0.675	0.671875	0.66875	0.665625	0.6625	0.659375	0.65625	0.653125	0.65	0.646875	0.64375	0.640625	0.6375	0.634375	0.63125	0.628125	0.625	0.621875	0.61875	0.615625	0.6125	0.609375	0.60625	0.603125	0.6	0.596875	0.59375	0.590625	0.5875	0.584375	0.58125	0.578125	0.575	0.571875	0.56875	0.565625	0.5625	0.559375	0.55625	0.553125	0.55	0.546875	0.54375	0.540625	0.5375	0.534375	0.53125	0.528125	0.525	0.521875	0.51875	0.515625	0.5125	0.509375	0.50625	0.503125	0.5	0.496875	0.49375	0.490625	0.4875	0.484375	0.48125	0.478125	0.475	0.471875	0.46875	0.465625	0.4625	0.459375	0.45625	0.453125	0.45	0.446875	0.44375	0.440625	0.4375	0.434375	0.43125	0.428125	0.425	0.421875	0.41875	0.415625	0.4125	0.409375	0.40625	0.403125	0.4	0.396875	0.39375	0.390625	0.3875	0.384375	0.38125	0.378125	0.375	0.371875	0.36875	0.365625	0.3625	0.359375	0.35625	0.353125	0.35	0.346875	0.34375	0.340625	0.3375	0.334375	0.33125	0.328125	0.325	0.321875	0.31875	0.315625	0.3125	0.309375	0.30625	0.303125	0.3	0.296875	0.29375	0.290625	0.2875	0.284375	0.28125	0.278125	0.275	0.271875	0.26875	0.265625	0.2625	0.259375	0.25625	0.253125	0.25	0.246875	0.24375	0.240625	0.2375	0.234375	0.23125	0.228125	0.225	0.221875	0.21875	0.215625	0.2125	0.209375	0.20625	0.203125	0.2	0.196875	0.19375	0.190625	0.1875	0.184375	0.18125	0.178125	0.175	0.171875	0.16875	0.165625	0.1625	0.159375	0.15625	0.153125	0.15	0.146875	0.14375	0.140625	0.1375	0.134375	0.13125	0.128125	0.125	0.121875	0.11875	0.115625	0.1125	0.109375	0.10625	0.103125	0.1	0.096875	0.09375	0.090625	0.0875	0.084375	0.08125	0.078125	0.075	0.071875	0.06875	0.065625	0.0625	0.059375	0.05625	0.053125	0.05	0.046875	0.04375	0.040625	0.0375	0.034375	0.03125	0.028125	0.025	0.021875	0.01875	0.015625	0.0125	0.009375	0.00625	0.003125	0
0	0.0125	0.025	0.0375	0.05	0.0625	0.075	0.0875	0.1	0.1125	0.125	0.1375	0.15	0.1625	0.175	0.1875	0.2	0.2125	0.225	0.2375	0.25	0.2625	0.275	0.2875	0.3	0.3125	0.325	0.3375	0.35	0.3625	0.375	0.3875	0.4	0.4125	0.425	0.4375	0.45	0.4625	0.475	0.4875	0.5	0.5125	0.517187	0.521875	0.526563	0.53125	0.535938	0.540625	0.545313	0.55	0.554688	0.559375	0.564063	0.56875	0.573438	0.578125	0.582813	0.5875	0.592188	0.596875	0.601563	0.60625	0.610938	0.615625	0.620313	0.625	0.629688	0.634375	0.639063	0.64375	0.648438	0.653125	0.657813	0.6625	0.667188	0.671875	0.676563	0.68125	0.685938	0.690625	0.695313	0.7	0.704688	0.709375	0.714063	0.71875	0.723438	0.728125	0.732813	0.7375	0.742188	0.746875	0.751563	0.75625	0.760937	0.765625	0.770312	0.775	0.779688	0.784375	0.789063	0.79375	0.798438	0.803125	0.807813	0.8125	0.817188	0.821875	0.826563	0.83125	0.835938	0.840625	0.845313	0.85	0.854688	0.859375	0.864063	0.86875	0.873438	0.878125	0.875	0.871875	0.86875	0.865625	0.8625	0.859375	0.85625	0.853125	0.85	0.846875	0.84375	0.840625	0.8375	0.834375	0.83125	0.828125	0.825	0.821875	0.81875	0.815625	0.8125	0.809375	0.80625	0.803125	0.8	0.796875	0.79375	0.790625	0.7875	0.784375	0.78125	0.778125	0.775	0.771875	0.76875	0.765625	0.7625	0.759375	0.75625	0.753125	0.75	0.746875	0.74375	0.740625	0.7375	0.734375	0.73125	0.728125	0.725	0.721875	0.71875	0.715625	0.7125	0.709375	0.70625	0.703125	0.7	0.696875	0.69375	0.690625	0.6875	0.684375	0.68125	0.678125	0.675	0.671875	0.66875	0.665625	0.6625	0.659375	0.65625	0.653125	0.65	0.646875	0.64375	0.640625	0.6375	0.634375	0.63125	0.628125	0.625	0.621875	0.61875	0.615625	0.6125	0.609375	0.60625	0.603125	0.6	0.596875	0.59375	0.590625	0.5875	0.584375	0.58125	0.578125	0.575	0.571875	0.56875	0.565625	0.5625	0.559375	0.55625	0.553125	0.55	0.546875	0.54375	0.540625	0.5375	0.534375	0.53125	0.528125	0.525	0.521875	0.51875	0.515625	0.5125	0.509375	0.50625	0.503125	0.5	0.496875	0.49375	0.490625	0.4875	0.484375	0.48125	0.478125	0.475	0.471875	0.46875	0.465625	0.4625	0.459375	0.45625	0.453125	0.45	0.446875	0.44375	0.440625	0.4375	0.434375	0.43125	0.428125	0.425	0.421875	0.41875	0.415625	0.4125	0.409375	0.40625	0.403125	0.4	0.396875	0.39375	0.390625	0.3875	0.384375	0.38125	0.378125	0.375	0.371875	0.36875	0.365625	0.3625	0.359375	0.35625	0.353125	0.35	0.346875	0.34375	0.340625	0.3375	0.334375	0.33125	0.328125	0.325	0.321875	0.31875	0.315625	0.3125	0.309375	0.30625	0.303125	0.3	0.296875	0.29375	0.290625	0.2875	0.284375	0.28125	0.278125	0.275	0.271875	0.26875	0.265625	0.2625	0.259375	0.25625	0.253125	0.25	0.246875	0.24375	0.240625	0.2375	0.234375	0.23125	0.228125	0.225	0.221875	0.21875	0.215625	0.2125	0.209375	0.20625	0.203125	0.2	0.196875	0.19375	0.190625	0.1875	0.184375	0.18125	0.178125	0.175	0.171875	0.16875	0.165625	0.1625	0.159375	0.15625	0.153125	0.15	0.146875	0.14375	0.140625	0.1375	0.134375	0.13125	0.128125	0.125	0.121875	0.11875	0.115625	0.1125	0.109375	0.10625	0.103125	0.1	0.096875	0.09375	0.090625	0.0875	0.084375	0.08125	0.078125	0.075	0.071875	0.06875	0.065625	0.0625	0.059375	0.05625	0.053125	0.05	0.046875	0.04375	0.040625	0.0375	0.034375	0.03125	0.028125	0.025	0.021875	0.01875	0.015625	0.0125	0.009375	0.00625	0.003125	0
0	0.0125	0.025	0.0375	0.05	0.0625	0.075	0.0875	0.1	0.1125	0.125	0.1375	0.15	0.1625	0.175	0.1875	0.2	0.2125	0.225	0.2375	0.25	0.2625	0.275	0.2875	0.3	0.3125	0.325	0.3375	0.35	0.3625	0.375	0.3875	0.4	0.4125	0.425	0.4375	0.45	0.4625	0.475	0.4875	0.5	0.5125	0.525	0.5375	0.55	0.5625	0.575	0.5875	0.6	0.6125	0.625	0.6375	0.65	0.6625	0.675	0.6875	0.7	0.7125	0.725	0.7375	0.75	0.7625	0.767188	0.771875	0.776563	0.78125	0.785938	0.790625	0.795313	0.8	0.804688	0.809375	0.814063	0.81875	0.823438	0.828125	0.832813	0.8375	0.842188	0.846875	0.851563	0.85625	0.860938	0.865625	0.870313	0.875	0.879688	0.884375	0.889063	0.89375	0.898438	0.903125	0.907813	0.9125	0.917188	0.921875	0.926563	0.93125	0.935938	0.940625	0.9375	0.934375	0.93125	0.928125	0.925	0.921875	0.91875	0.915625	0.9125	0.909375	0.90625	0.903125	0.9	0.896875	0.89375	0.890625	0.8875	0.884375	0.88125	0.878125	0.875	0.871875	0.86875	0.865625	0.8625	0.859375	0.85625	0.853125	0.85	0.846875	0.84375	0.840625	0.8375	0.834375	0.83125	0.828125	0.825	0.821875	0.81875	0.815625	0.8125	0.809375	0.80625	0.803125	0.8	0.796875	0.79375	0.790625	0.7875	0.784375	0.78125	0.778125	0.775	0.771875	0.76875	0.765625	0.7625	0.759375	0.75625	0.753125	0.75	0.746875	0.74375	0.740625	0.7375	0.734375	0.73125	0.728125	0.725	0.721875	0.71875	0.715625	0.7125	0.709375	0.70625	0.703125	0.7	0.696875	0.69375	0.690625	0.6875	0.684375	0.68125	0.678125	0.675	0.671875	0.66875	0.665625	0.6625	0.659375	0.65625	0.653125	0.65	0.646875	0.64375	0.640625	0.6375	0.634375	0.63125	0.628125	0.625	0.621875	0.61875	0.615625	0.6125	0.609375	0.60625	0.603125	0.6	0.596875	0.59375	0.590625	0.5875	0.584375	0.58125	0.578125	0.575	0.571875	0.56875	0.565625	0.5625	0.559375	0.55625	0.553125	0.55	0.546875	0.54375	0.540625	0.5375	0.534375	0.53125	0.528125	0.525	0.521875	0.51875	0.515625	0.5125	0.509375	0.50625	0.503125	0.5	0.496875	0.49375	0.490625	0.4875	0.484375	0.48125	0.478125	0.475	0.471875	0.46875	0.465625	0.4625	0.459375	0.45625	0.453125	0.45	0.446875	0.44375	0.440625	0.4375	0.434375	0.43125	0.428125	0.425	0.421875	0.41875	0.415625	0.4125	0.409375	0.40625	0.403125	0.4	0.396875	0.39375	0.390625	0.3875	0.384375	0.38125	0.378125	0.375	0.371875	0.36875	0.365625	0.3625	0.359375	0.35625	0.353125	0.35	0.346875	0.34375	0.340625	0.3375	0.334375	0.33125	0.328125	0.325	0.321875	0.31875	0.315625	0.3125	0.309375	0.30625	0.303125	0.3	0.296875	0.29375	0.290625	0.2875	0.284375	0.28125	0.278125	0.275	0.271875	0.26875	0.265625	0.2625	0.259375	0.25625	0.253125	0.25	0.246875	0.24375	0.240625	0.2375	0.234375	0.23125	0.228125	0.225	0.221875	0.21875	0.215625	0.2125	0.209375	0.20625	0.203125	0.2	0.196875	0.19375	0.190625	0.1875	0.184375	0.18125	0.178125	0.175	0.171875	0.16875	0.165625	0.1625	0.159375	0.15625	0.153125	0.15	0.146875	0.14375	0.140625	0.1375	0.134375	0.13125	0.128125	0.125	0.121875	0.11875	0.115625	0.1125	0.109375	0.10625	0.103125	0.1	0.096875	0.09375	0.090625	0.0875	0.084375	0.08125	0.078125	0.075	0.071875	0.06875	0.065625	0.0625	0.059375	0.05625	0.053125	0.05	0.046875	0.04375	0.040625	0.0375	0.034375	0.03125	0.028125	0.025	0.021875	0.01875	0.015625	0.0125	0.009375	0.00625	0.003125	0
0	0.0125	0.025	0.0375	0.05	0.0625	0.075	0.0875	0.1	0.1125	0.125	0.1375	0.15	0.1625	0.175	0.1875	0.2	0.2125	0.225	0.2375	0.25	0.2625	0.275	0.2875	0.3	0.3125	0.325	0.3375	0.35	0.3625	0.375	0.3875	0.4	0.4125	0.425	0.4375	0.45	0.4625	0.475	0.4875	0.5	0.5125	0.525	0.5375	0.55	0.5625	0.575	0.5875	0.6	0.6125	0.625	0.6375	0.65	0.6625	0.675	0.6875	0.7	0.7125	0.725	0.7375	0.75	0.7625	0.775	0.7875	0.8	0.8125	0.825	0.8375	0.85	0.8625	0.875	0.8875	0.9	0.9125	0.925	0.9375	0.95	0.9625	0.975	0.9875	0.992188	0.996875	0.99375	0.990625	0.9875	0.984375	0.98125	0.978125	0.975	0.971875	0.96875	0.965625	0.9625	0.959375	0.95625	0.953125	0.95	0.946875	0.94375	0.940625	0.9375	0.934375	0.93125	0.928125	0.925	0.921875	0.91875	0.915625	0.9125	0.909375	0.90625	0.903125	0.9	0.896875	0.89375	0.890625	0.8875	0.884375	0.88125	0.878125	0.875	0.871875	0.86875	0.865625	0.8625	0.859375	0.85625	0.853125	0.85	0.846875	0.84375	0.840625	0.8375	0.834375	0.83125	0.828125	0.825	0.821875	0.81875	0.815625	0.8125	0.809375	0.80625	0.803125	0.8	0.796875	0.79375	0.790625	0.7875	0.784375	0.78125	0.778125	0.775	0.771875	0.76875	0.765625	0.7625	0.759375	0.75625	0.753125	0.75	0.746875	0.74375	0.740625	0.7375	0.734375	0.73125	0.728125	0.725	0.721875	0.71875	0.715625	0.7125	0.709375	0.70625	0.703125	0.7	0.696875	0.69375	0.690625	0.6875	0.684375	0.68125	0.678125	0.675	0.671875	0.66875	0.665625	0.6625	0.659375	0.65625	0.653125	0.65	0.646875	0.64375	0.640625	0.6375	0.634375	0.63125	0.628125	0.625	0.621875	0.61875	0.615625	0.6125	0.609375	0.60625	0.603125	0.6	0.596875	0.59375	0.590625	0.5875	0.584375	0.58125	0.578125	0.575	0.571875	0.56875	0.565625	0.5625	0.559375	0.55625	0.553125	0.55	0.546875	0.54375	0.540625	0.5375	0.534375	0.53125	0.528125	0.525	0.521875	0.51875	0.515625	0.5125	0.509375	0.50625	0.503125	0.5	0.496875	0.49375	0.490625	0.4875	0.484375	0.48125	0.478125	0.475	0.471875	0.46875	0.465625	0.4625	0.459375	0.45625	0.453125	0.45	0.446875	0.44375	0.440625	0.4375	0.434375	0.43125	0.428125	0.425	0.421875	0.41875	0.415625	0.4125	0.409375	0.40625	0.403125	0.4	0.396875	0.39375	0.390625	0.3875	0.384375	0.38125	0.378125	0.375	0.371875	0.36875	0.365625	0.3625	0.359375	0.35625	0.353125	0.35	0.346875	0.34375	0.340625	0.3375	0.334375	0.33125	0.328125	0.325	0.321875	0.31875	0.315625	0.3125	0.309375	0.30625	0.303125	0.3	0.296875	0.29375	0.290625	0.2875	0.284375	0.28125	0.278125	0.275	0.271875	0.26875	0.265625	0.2625	0.259375	0.25625	0.253125	0.25	0.246875	0.24375	0.240625	0.2375	0.234375	0.23125	0.228125	0.225	0.221875	0.21875	0.215625	0.2125	0.209375	0.20625	0.203125	0.2	0.196875	0.19375	0.190625	0.1875	0.184375	0.18125	0.178125	0.175	0.171875	0.16875	0.165625	0.1625	0.159375	0.15625	0.153125	0.15	0.146875	0.14375	0.140625	0.1375	0.134375	0.13125	0.128125	0.125	0.121875	0.11875	0.115625	0.1125	0.109375	0.10625	0.103125	0.1	0.096875	0.09375	0.090625	0.0875	0.084375	0.08125	0.078125	0.075	0.071875	0.06875	0.065625	0.0625	0.059375	0.05625	0.053125	0.05	0.046875	0.04375	0.040625	0.0375	0.034375	0.03125	0.028125	0.025	0.021875	0.01875	0.015625	0.0125	0.009375	0.00625	0.003125	0
0	0.0125	0.025	0.0375	0.05	0.0625	0.075	0.0875	0.1	0.1125	0.125	0.1375	0.15	0.1625	0.175	0.1875	0.2	0.2125	0.225	0.2375	0.25	0.2625	0.275	0.2875	0.3	0.3125	0.325	0.3375	0.35	0.3625	0.375	0.3875	0.4	0.4125	0.425	0.4375	0.45	0.4625	0.475	0.4875	0.5	0.5125	0.525	0.5375	0.55	0.5625	0.575	0.5875	0.6	0.6125	0.625	0.6375	0.65	0.6625	0.675	0.6875	0.7	0.7125	0.725	0.7375	0.742188	0.746875	0.751563	0.75625	0.760938	0.765625	0.770313	0.775	0.779688	0.784375	0.789063	0.79375	0.798438	0.803125	0.807813	0.8125	0.817188	0.821875	0.826563	0.83125	0.835938	0.840625	0.845313	0.85	0.854688	0.859375	0.864063	0.86875	0.873438	0.878125	0.882813	0.8875	0.892188	0.896875	0.901563	0.90625	0.910938	0.915625	0.920313	0.925	0.929688	0.934375	0.93125	0.928125	0.925	0.921875	0.91875	0.915625	0.9125	0.909375	0.90625	0.903125	0.9	0.896875	0.89375	0.890625	0.8875	0.884375	0.88125	0.878125	0.875	0.871875	0.86875	0.865625	0.8625	0.859375	0.85625	0.853125	0.85	0.846875	0.84375	0.840625	0.8375	0.834375	0.83125	0.828125	0.825	0.821875	0.81875	0.815625	0.8125	0.809375	0.80625	0.803125	0.8	0.796875	0.79375	0.790625	0.7875	0.784375	0.78125	0.778125	0.775	0.771875	0.76875	0.765625	0.7625	0.759375	0.75625	0.753125	0.75	0.746875	0.74375	0.740625	0.7375	0.734375	0.73125	0.728125	0.725	0.721875	0.71875	0.715625	0.7125	0.709375	0.70625	0.703125	0.7	0.696875	0.69375	0.690625	0.6875	0.684375	0.68125	0.678125	0.675	0.671875	0.66875	0.665625	0.6625	0.659375	0.65625	0.653125	0.65	0.646875	0.64375	0.640625	0.6375	0.634375	0.63125	0.628125	0.625	0.621875	0.61875	0.615625	0.6125	0.609375	0.60625	0.603125	0.6	0.596875	0.59375	0.590625	0.5875	0.584375	0.58125	0.578125	0.575	0.571875	0.56875	0.565625	0.5625	0.559375	0.55625	0.553125	0.55	0.546875	0.54375	0.540625	0.5375	0.534375	0.53125	0.528125	0.525	0.521875	0.51875	0.515625	0.5125	0.509375	0.50625	0.503125	0.5	0.496875	0.49375	0.490625	0.4875	0.484375	0.48125	0.478125	0.475	0.471875	0.46875	0.465625	0.4625	0.459375	0.45625	0.453125	0.45	0.446875	0.44375	0.440625	0.4375	0.434375	0.43125	0.428125	0.425	0.421875	0.41875	0.415625	0.4125	0.409375	0.40625	0.403125	0.4	0.396875	0.39375	0.390625	0.3875	0.384375	0.38125	0.378125	0.375	0.371875	0.36875	0.365625	0.3625	0.359375	0.35625	0.353125	0.35	0.346875	0.34375	0.340625	0.3375	0.334375	0.33125	0.328125	0.325	0.321875	0.31875	0.315625	0.3125	0.309375	0.30625	0.303125	0.3	0.296875	0.29375	0.290625	0.2875	0.284375	0.28125	0.278125	0.275	0.271875	0.26875	0.265625	0.2625	0.259375	0.25625	0.253125	0.25	0.246875	0.24375	0.240625	0.2375	0.234375	0.23125	0.228125	0.225	0.221875	0.21875	0.215625	0.2125	0.209375	0.20625	0.203125	0.2	0.196875	0.19375	0.190625	0.1875	0.184375	0.18125	0.178125	0.175	0.171875	0.16875	0.165625	0.1625	0.159375	0.15625	0.153125	0.15	0.146875	0.14375	0.140625	0.1375	0.134375	0.13125	0.128125	0.125	0.121875	0.11875	0.115625	0.1125	0.109375	0.10625	0.103125	0.1	0.096875	0.09375	0.090625	0.0875	0.084375	0.08125	0.078125	0.075	0.071875	0.06875	0.065625	0.0625	0.059375	0.05625	0.053125	0.05	0.046875	0.04375	0.040625	0.0375	0.034375	0.03125	0.028125	0.025	0.021875	0.01875	0.015625	0.0125	0.009375	0.00625	0.003125	0
0	0.0125	0.025	0.0375	0.05	0.0625	0.075	0.0875	0.1	0.1125	0.125	0.1375	0.15	0.1625	0.175	0.1875	0.2	0.2125	0.225	0.2375	0.25	0.2625	0.275	0.2875	0.3	0.3125	0.325	0.3375	0.35	0.3625	0.375	0.3875	0.4	0.4125	0.425	0.4375	0.45	0.4625	0.475	0.4875	0.492188	0.496875	0.501563	0.50625	0.510938	0.515625	0.520313	0.525	0.529688	0.534375	0.539063	0.54375	0.548438	0.553125	0.557813	0.5625	0.567188	0.571875	0.576563	0.58125	0.585938	0.590625	0.595313	0.6	0.604688	0.609375	0.614063	0.61875	0.623438	0.628125	0.632813	0.6375	0.642188	0.646875	0.651563	0.65625	0.660938	0.665625	0.670313	0.675	0.679688	0.684375	0.689063	0.69375	0.698438	0.703125	0.707813	0.7125	0.717188	0.721875	0.726563	0.73125	0.735938	0.740625	0.745313	0.75	0.754688	0.759375	0.764063	0.76875	0.773438	0.778125	0.782813	0.7875	0.792188	0.796875	0.801563	0.80625	0.810938	0.815625	0.820313	0.825	0.829688	0.834375	0.839063	0.84375	0.848438	0.853125	0.857813	0.8625	0.867188	0.871875	0.86875	0.865625	0.8625	0.859375	0.85625	0.853125	0.85	0.846875	0.84375	0.840625	0.8375	0.834375	0.83125	0.828125	0.825	0.821875	0.81875	0.815625	0.8125	0.809375	0.80625	0.803125	0.8	0.796875	0.79375	0.790625	0.7875	0.784375	0.78125	0.778125	0.775	0.771875	0.76875	0.765625	0.7625	0.759375	0.75625	0.753125	0.75	0.746875	0.74375	0.740625	0.7375	0.734375	0.73125	0.728125	0.725	0.721875	0.71875	0.715625	0.7125	0.709375	0.70625	0.703125	0.7	0.696875	0.69375	0.690625	0.6875	0.684375	0.68125	0.678125	0.675	0.671875	0.66875	0.665625	0.6625	0.659375	0.65625	0.653125	0.65	0.646875	0.64375	0.640625	0.6375	0.634375	0.63125	0.628125	0.625	0.621875	0.61875	0.615625	0.6125	0.609375	0.60625	0.603125	0.6	0.596875	0.59375	0.590625	0.5875	0.584375	0.58125	0.578125	0.575	0.571875	0.56875	0.565625	0.5625	0.559375	0.55625	0.553125	0.55	0.546875	0.54375	0.540625	0.5375	0.534375	0.53125	0.528125	0.525	0.521875	0.51875	0.515625	0.5125	0.509375	0.50625	0.503125	0.5	0.496875	0.49375	0.490625	0.4875	0.484375	0.48125	0.478125	0.475	0.471875	0.46875	0.465625	0.4625	0.459375	0.45625	0.453125	0.45	0.446875	0.44375	0.440625	0.4375	0.434375	0.43125	0.428125	0.425	0.421875	0.41875	0.415625	0.4125	0.409375	0.40625	0.403125	0.4	0.396875	0.39375	0.390625	0.3875	0.384375	0.38125	0.378125	0.375	0.371875	0.36875	0.365625	0.3625	0.359375	0.35625	0.353125	0.35	0.346875	0.34375	0.340625	0.3375	0.334375	0.33125	0.328125	0.325	0.321875	0.31875	0.315625	0.3125	0.309375	0.30625	0.303125	0.3	0.296875	0.29375	0.290625	0.2875	0.284375	0.28125	0.278125	0.275	0.271875	0.26875	0.265625	0.2625	0.259375	0.25625	0.253125	0.25	0.246875	0.24375	0.240625	0.2375	0.234375	0.23125	0.228125	0.225	0.221875	0.21875	0.215625	0.2125	0.209375	0.20625	0.203125	0.2	0.196875	0.19375	0.190625	0.1875	0.184375	0.18125	0.178125	0.175	0.171875	0.16875	0.165625	0.1625	0.159375	0.15625	0.153125	0.15	0.146875	0.14375	0.140625	0.1375	0.134375	0.13125	0.128125	0.125	0.121875	0.11875	0.115625	0.1125	0.109375	0.10625	0.103125	0.1	0.096875	0.09375	0.090625	0.0875	0.084375	0.08125	0.078125	0.075	0.071875	0.06875	0.065625	0.0625	0.059375	0.05625	0.053125	0.05	0.046875	0.04375	0.040625	0.0375	0.034375	0.03125	0.028125	0.025	0.021875	0.01875	0.015625	0.0125	0.009375	0.00625	0.003125	0
0	0.0125	0.025	0.0375	0.05	0.0625	0.075	0.0875	0.1	0.1125	0.125	0.1375	0.15	0.1625	0.175	0.1875	0.2	0.2125	0.225	0.2375	0.242188	0.246875	0.251563	0.25625	0.260938	0.265625	0.270313	0.275	0.279688	0.284375	0.289063	0.29375	0.298438	0.303125	0.307813	0.3125	0.317188	0.321875	0.326563	0.33125	0.335938	0.340625	0.345313	0.35	0.354688	0.359375	0.364063	0.36875	0.373438	0.378125	0.382813	0.3875	0.392188	0.396875	0.401563	0.40625	0.410938	0.415625	0.420313	0.425	0.429688	0.434375	0.439063	0.44375	0.448438	0.453125	0.457813	0.4625	0.467188	0.471875	0.476563	0.48125	0.485938	0.490625	0.495313	0.5	0.504688	0.509375	0.514063	0.51875	0.523438	0.528125	0.532813	0.5375	0.542188	0.546875	0.551563	0.55625	0.560938	0.565625	0.570313	0.575	0.579688	0.584375	0.589063	0.59375	0.598438	0.603125	0.607813	0.6125	0.617188	0.621875	0.626563	0.63125	0.635938	0.640625	0.645313	0.65	0.654688	0.659375	0.664063	0.66875	0.673438	0.678125	0.682813	0.6875	0.692188	0.696875	0.701563	0.70625	0.710938	0.715625	0.720313	0.725	0.729688	0.734375	0.739063	0.74375	0.748438	0.753125	0.757813	0.7625	0.767188	0.771875	0.776563	0.78125	0.785938	0.790625	0.795313	0.8	0.804688	0.809375	0.80625	0.803125	0.8	0.796875	0.79375	0.790625	0.7875	0.784375	0.78125	0.778125	0.775	0.771875	0.76875	0.765625	0.7625	0.759375	0.75625	0.753125	0.75	0.746875	0.74375	0.740625	0.7375	0.734375	0.73125	0.728125	0.725	0.721875	0.71875	0.715625	0.7125	0.709375	0.70625	0.703125	0.7	0.696875	0.69375	0.690625	0.6875	0.684375	0.68125	0.678125	0.675	0.671875	0.66875	0.665625	0.6625	0.659375	0.65625	0.653125	0.65	0.646875	0.64375	0.640625	0.6375	0.634375	0.63125	0.628125	0.625	0.621875	0.61875	0.615625	0.6125	0.609375	0.60625	0.603125	0.6	0.596875	0.59375	0.590625	0.5875	0.584375	0.58125	0.578125	0.575	0.571875	0.56875	0.565625	0.5625	0.559375	0.55625	0.553125	0.55	0.546875	0.54375	0.540625	0.5375	0.534375	0.53125	0.528125	0.525	0.521875	0.51875	0.515625	0.5125	0.509375	0.50625	0.503125	0.5	0.496875	0.49375	0.490625	0.4875	0.484375	0.48125	0.478125	0.475	0.471875	0.46875	0.465625	0.4625	0.459375	0.45625	0.453125	0.45	0.446875	0.44375	0.440625	0.4375	0.434375	0.43125	0.428125	0.425	0.421875	0.41875	0.415625	0.4125	0.409375	0.40625	0.403125	0.4	0.396875	0.39375	0.390625	0.3875	0.384375	0.38125	0.378125	0.375	0.371875	0.36875	0.365625	0.3625	0.359375	0.35625	0.353125	0.35	0.346875	0.34375	0.340625	0.3375	0.334375	0.33125	0.328125	0.325	0.321875	0.31875	0.315625	0.3125	0.309375	0.30625	0.303125	0.3	0.296875	0.29375	0.290625	0.2875	0.284375	0.28125	0.278125	0.275	0.271875	0.26875	0.265625	0.2625	0.259375	0.25625	0.253125	0.25	0.246875	0.24375	0.240625	0.2375	0.234375	0.23125	0.228125	0.225	0.221875	0.21875	0.215625	0.2125	0.209375	0.20625	0.203125	0.2	0.196875	0.19375	0.190625	0.1875	0.184375	0.18125	0.178125	0.175	0.171875	0.16875	0.165625	0.1625	0.159375	0.15625	0.153125	0.15	0.146875	0.14375	0.140625	0.1375	0.134375	0.13125	0.128125	0.125	0.121875	0.11875	0.115625	0.1125	0.109375	0.10625	0.103125	0.1	0.096875	0.09375	0.090625	0.0875	0.084375	0.08125	0.078125	0.075	0.071875	0.06875	0.065625	0.0625	0.059375	0.05625	0.053125	0.05	0.046875	0.04375	0.040625	0.0375	0.034375	0.03125	0.028125	0.025	0.021875	0.01875	0.015625	0.0125	0.009375	0.00625	0.003125	0
0	-0.003125	0.0015625	0.00625	0.0109375	0.015625	0.0203125	0.025	0.0296875	0.034375	0.0390625	0.04375	0.0484375	0.053125	0.0578125	0.0625	0.0671875	0.071875	0.0765625	0.08125	0.0859375	0.090625	0.0953125	0.1	0.104688	0.109375	0.114063	0.11875	0.123438	0.128125	0.132813	0.1375	0.142188	0.146875	0.151563	0.15625	0.160938	0.165625	0.170313	0.175	0.179688	0.184375	0.189063	0.19375	0.198438	0.203125	0.207813	0.2125	0.217188	0.221875	0.226563	0.23125	0.235938	0.240625	0.245313	0.25	0.254688	0.259375	0.264063	0.26875	0.273438	0.278125	0.282813	0.2875	0.292188	0.296875	0.301563	0.30625	0.310938	0.315625	0.320313	0.325	0.329688	0.334375	0.339063	0.34375	0.348438	0.353125	0.357813	0.3625	0.367188	0.371875	0.376563	0.38125	0.385938	0.390625	0.395313	0.4	0.404688	0.409375	0.414063	0.41875	0.423438	0.428125	0.432813	0.4375	0.442188	0.446875	0.451563	0.45625	0.460938	0.465625	0.470313	0.475	0.479688	0.484375	0.489063	0.49375	0.498438	0.503125	0.507813	0.5125	0.517188	0.521875	0.526563	0.53125	0.535938	0.540625	0.545313	0.55	0.554688	0.559375	0.564063	0.56875	0.573438	0.578125	0.582813	0.5875	0.592188	0.596875	0.601563	0.60625	0.610938	0.615625	0.620313	0.625	0.629688	0.634375	0.639063	0.64375	0.648438	0.653125	0.657813	0.6625	0.667188	0.671875	0.676563	0.68125	0.685938	0.690625	0.695313	0.7	0.704688	0.709375	0.714063	0.71875	0.723438	0.728125	0.732813	0.7375	0.742188	0.746875	0.74375	0.740625	0.7375	0.734375	0.73125	0.728125	0.725	0.721875	0.71875	0.715625	0.7125	0.709375	0.70625	0.703125	0.7	0.696875	0.69375	0.690625	0.6875	0.684375	0.68125	0.678125	0.675	0.671875	0.66875	0.665625	0.6625	0.659375	0.65625	0.653125	0.65	0.646875	0.64375	0.640625	0.6375	0.634375	0.63125	0.628125	0.625	0.621875	0.61875	0.615625	0.6125	0.609375	0.60625	0.603125	0.6	0.596875	0.59375	0.590625	0.5875	0.584375	0.58125	0.578125	0.575	0.571875	0.56875	0.565625	0.5625	0.559375	0.55625	0.553125	0.55	0.546875	0.54375	0.540625	0.5375	0.534375	0.53125	0.528125	0.525	0.521875	0.51875	0.515625	0.5125	0.509375	0.50625	0.503125	0.5	0.496875	0.49375	0.490625	0.4875	0.484375	0.48125	0.478125	0.475	0.471875	0.46875	0.465625	0.4625	0.459375	0.45625	0.453125	0.45	0.446875	0.44375	0.440625	0.4375	0.434375	0.43125	0.428125	0.425	0.421875	0.41875	0.415625	0.4125	0.409375	0.40625	0.403125	0.4	0.396875	0.39375	0.390625	0.3875	0.384375	0.38125	0.378125	0.375	0.371875	0.36875	0.365625	0.3625	0.359375	0.35625	0.353125	0.35	0.346875	0.34375	0.340625	0.3375	0.334375	0.33125	0.328125	0.325	0.321875	0.31875	0.315625	0.3125	0.309375	0.30625	0.303125	0.3	0.296875	0.29375	0.290625	0.2875	0.284375	0.28125	0.278125	0.275	0.271875	0.26875	0.265625	0.2625	0.259375	0.25625	0.253125	0.25	0.246875	0.24375	0.240625	0.2375	0.234375	0.23125	0.228125	0.225	0.221875	0.21875	0.215625	0.2125	0.209375	0.20625	0.203125	0.2	0.196875	0.19375	0.190625	0.1875	0.184375	0.18125	0.178125	0.175	0.171875	0.16875	0.165625	0.1625	0.159375	0.15625	0.153125	0.15	0.146875	0.14375	0.140625	0.1375	0.134375	0.13125	0.128125	0.125	0.121875	0.11875	0.115625	0.1125	0.109375	0.10625	0.103125	0.1	0.096875	0.09375	0.090625	0.0875	0.084375	0.08125	0.078125	0.075	0.071875	0.06875	0.065625	0.0625	0.059375	0.05625	0.053125	0.05	0.046875	0.04375	0.040625	0.0375	0.034375	0.03125	0.028125	0.025	0.021875	0.01875	0.015625	0.0125	0.009375	0.00625	0.003125	0
0	-0.003125	-0.00625	-0.009375	-0.0125	-0.015625	-0.01875	-0.021875	-0.025	-0.028125	-0.03125	-0.034375	-0.0375	-0.040625	-0.04375	-0.046875	-0.05	-0.053125	-0.05625	-0.059375	-0.0625	-0.065625	-0.0609375	-0.05625	-0.0515625	-0.046875	-0.0421875	-0.0375	-0.0328125	-0.028125	-0.0234375	-0.01875	-0.0140625	-0.009375	-0.0046875	-1.11022e-16	0.0046875	0.009375	0.0140625	0.01875	0.0234375	0.028125	0.0328125	0.0375	0.0421875	0.046875	0.0515625	0.05625	0.0609375	0.065625	0.0703125	0.075	0.0796875	0.084375	0.0890625	0.09375	0.0984375	0.103125	0.107813	0.1125	0.117188	0.121875	0.126563	0.13125	0.135938	0.140625	0.145313	0.15	0.154688	0.159375	0.164063	0.16875	0.173438	0.178125	0.182813	0.1875	0.192188	0.196875	0.201563	0.20625	0.210938	0.215625	0.220313	0.225	0.229688	0.234375	0.239063	0.24375	0.248438	0.253125	0.257813	0.2625	0.267188	0.271875	0.276563	0.28125	0.285938	0.290625	0.295313	0.3	0.304688	0.309375	0.314063	0.31875	0.323438	0.328125	0.332813	0.3375	0.342188	0.346875	0.351563	0.35625	0.360938	0.365625	0.370313	0.375	0.379688	0.384375	0.389063	0.39375	0.398438	0.403125	0.407813	0.4125	0.417188	0.421875	0.426563	0.43125	0.435938	0.440625	0.445313	0.45	0.454688	0.459375	0.464063	0.46875	0.473438	0.478125	0.482813	0.4875	0.492188	0.496875	0.501563	0.50625	0.510938	0.515625	0.520313	0.525	0.529688	0.534375	0.539063	0.54375	0.548438	0.553125	0.557813	0.5625	0.567188	0.571875	0.576563	0.58125	0.585938	0.590625	0.595313	0.6	0.604688	0.609375	0.614063	0.61875	0.623438	0.628125	0.632813	0.6375	0.642188	0.646875	0.651563	0.65625	0.660938	0.665625	0.670313	0.675	0.679688	0.684375	0.68125	0.678125	0.675	0.671875	0.66875	0.665625	0.6625	0.659375	0.65625	0.653125	0.65	0.646875	0.64375	0.640625	0.6375	0.634375	0.63125	0.628125	0.625	0.621875	0.61875	0.615625	0.6125	0.609375	0.60625	0.603125	0.6	0.596875	0.59375	0.590625	0.5875	0.584375	0.58125	0.578125	0.575	0.571875	0.56875	0.565625	0.5625	0.559375	0.55625	0.553125	0.55	0.546875	0.54375	0.540625	0.5375	0.534375	0.53125	0.528125	0.525	0.521875	0.51875	0.515625	0.5125	0.509375	0.50625	0.503125	0.5	0.496875	0.49375	0.490625	0.4875	0.484375	0.48125	0.478125	0.475	0.471875	0.46875	0.465625	0.4625	0.459375	0.45625	0.453125	0.45	0.446875	0.44375	0.440625	0.4375	0.434375	0.43125	0.428125	0.425	0.421875	0.41875	0.415625	0.4125	0.409375	0.40625	0.403125	0.4	0.396875	0.39375	0.390625	0.3875	0.384375	0.38125	0.378125	0.375	0.371875	0.36875	0.365625	0.3625	0.359375	0.35625	0.353125	0.35	0.346875	0.34375	0.340625	0.3375	0.334375	0.33125	0.328125	0.325	0.321875	0.31875	0.315625	0.3125	0.309375	0.30625	0.303125	0.3	0.296875	0.29375	0.290625	0.2875	0.284375	0.28125	0.278125	0.275	0.271875	0.26875	0.265625	0.2625	0.259375	0.25625	0.253125	0.25	0.246875	0.24375	0.240625	0.2375	0.234375	0.23125	0.228125	0.225	0.221875	0.21875	0.215625	0.2125	0.209375	0.20625	0.203125	0.2	0.196875	0.19375	0.190625	0.1875	0.184375	0.18125	0.178125	0.175	0.171875	0.16875	0.165625	0.1625	0.159375	0.15625	0.153125	0.15	0.146875	0.14375	0.140625	0.1375	0.134375	0.13125	0.128125	0.125	0.121875	0.11875	0.115625	0.1125	0.109375	0.10625	0.103125	0.1	0.096875	0.09375	0.090625	0.0875	0.084375	0.08125	0.078125	0.075	0.071875	0.06875	0.065625	0.0625	0.059375	0.05625	0.053125	0.05	0.046875	0.04375	0.040625	0.0375	0.034375	0.03125	0.028125	0.025	0.021875	0.01875	0.015625	0.0125	0.009375	0.00625	0.003125	0
0	-0.003125	-0.00625	-0.009375	-0.0125	-0.015625	-0.01875	-0.021875	-0.025	-0.028125	-0.03125	-0.034375	-0.0375	-0.040625	-0.04375	-0.046875	-0.05	-0.053125	-0.05625	-0.059375	-0.0625	-0.065625	-0.06875	-0.071875	-0.075	-0.078125	-0.08125	-0.084375	-0.0875	-0.090625	-0.09375	-0.096875	-0.1	-0.103125	-0.10625	-0.109375	-0.1125	-0.115625	-0.11875	-0.121875	-0.125	-0.128125	-0.123437	-0.11875	-0.114062	-0.109375	-0.104688	-0.1	-0.0953125	-0.090625	-0.0859375	-0.08125	-0.0765625	-0.071875	-0.0671875	-0.0625	-0.0578125	-0.053125	-0.0484375	-0.04375	-0.0390625	-0.034375	-0.0296875	-0.025	-0.0203125	-0.015625	-0.0109375	-0.00625	-0.0015625	0.003125	0.0078125	0.0125	0.0171875	0.021875	0.0265625	0.03125	0.0359375	0.040625	0.0453125	0.05	0.0546875	0.059375	0.0640625	0.06875	0.0734375	0.078125	0.0828125	0.0875	0.0921875	0.096875	0.101563	0.10625	0.110938	0.115625	0.120313	0.125	0.129688	0.134375	0.139063	0.14375	0.148438	0.153125	0.157813	0.1625	0.167188	0.171875	0.176563	0.18125	0.185938	0.190625	0.195313	0.2	0.204688	0.209375	0.214063	0.21875	0.223438	0.228125	0.232813	0.2375	0.242188	0.246875	0.251563	0.25625	0.260938	0.265625	0.270313	0.275	0.279688	0.284375	0.289063	0.29375	0.298438	0.303125	0.307813	0.3125	0.317188	0.321875	0.326563	0.33125	0.335938	0.340625	0.345313	0.35	0.354688	0.359375	0.364063	0.36875	0.373438	0.378125	0.382813	0.3875	0.392188	0.396875	0.401563	0.40625	0.410938	0.415625	0.420313	0.425	0.429688	0.434375	0.439063	0.44375	0.448438	0.453125	0.457813	0.4625	0.467188	0.471875	0.476563	0.48125	0.485938	0.490625	0.495313	0.5	0.504688	0.509375	0.514063	0.51875	0.523438	0.528125	0.532813	0.5375	0.542188	0.546875	0.551563	0.55625	0.560938	0.565625	0.570313	0.575	0.579688	0.584375	0.589063	0.59375	0.598438	0.603125	0.607813	0.6125	0.617188	0.621875	0.61875	0.615625	0.6125	0.609375	0.60625	0.603125	0.6	0.596875	0.59375	0.590625	0.5875	0.584375	0.58125	0.578125	0.575	0.571875	0.56875	0.565625	0.5625	0.559375	0.55625	0.553125	0.55	0.546875	0.54375	0.540625	0.5375	0.534375	0.53125	0.528125	0.525	0.521875	0.51875	0.515625	0.5125	0.509375	0.50625	0.503125	0.5	0.496875	0.49375	0.490625	0.4875	0.484375	0.48125	0.478125	0.475	0.471875	0.46875	0.465625	0.4625	0.459375	0.45625	0.453125	0.45	0.446875	0.44375	0.440625	0.4375	0.434375	0.43125	0.428125	0.425	0.421875	0.41875	0.415625	0.4125	0.409375	0.40625	0.403125	0.4	0.396875	0.39375	0.390625	0.3875	0.384375	0.38125	0.378125	0.375	0.371875	0.36875	0.365625	0.3625	0.359375	0.35625	0.353125	0.35	0.346875	0.34375	0.340625	0.3375	0.334375	0.33125	0.328125	0.325	0.321875	0.31875	0.315625	0.3125	0.309375	0.30625	0.303125	0.3	0.296875	0.29375	0.290625	0.2875	0.284375	0.28125	0.278125	0.275	0.271875	0.26875	0.265625	0.2625	0.259375	0.25625	0.253125	0.25	0.246875	0.24375	0.240625	0.2375	0.234375	0.23125	0.228125	0.225	0.221875	0.21875	0.215625	0.2125	0.209375	0.20625	0.203125	0.2	0.196875	0.19375	0.190625	0.1875	0.184375	0.18125	0.178125	0.175	0.171875	0.16875	0.165625	0.1625	0.159375	0.15625	0.153125	0.15	0.146875	0.14375	0.140625	0.1375	0.134375	0.13125	0.128125	0.125	0.121875	0.11875	0.115625	0.1125	0.109375	0.10625	0.103125	0.1	0.096875	0.09375	0.090625	0.0875	0.084375	0.08125	0.078125	0.075	0.071875	0.06875	0.065625	0.0625	0.059375	0.05625	0.053125	0.05	0.046875	0.04375	0.040625	0.0375	0.034375	0.03125	0.028125	0.025	0.021875	0.01875	0.015625	0.0125	0.009375	0.00625	0.003125	0
0	-0.003125	-0.00625	-0.009375	-0.0125	-0.015625	-0.01875	-0.021875	-0.025	-0.028125	-0.03125	-0.034375	-0.0375	-0.040625	-0.04375	-0.046875	-0.05	-0.053125	-0.05625	-0.059375	-0.0625	-0.065625	-0.06875	-0.071875	-0.075	-0.078125	-0.08125	-0.084375	-0.0875	-0.090625	-0.09375	-0.096875	-0.1	-0.103125	-0.10625	-0.109375	-0.1125	-0.115625	-0.11875	-0.121875	-0.125	-0.128125	-0.13125	-0.134375	-0.1375	-0.140625	-0.14375	-0.146875	-0.15	-0.153125	-0.15625	-0.159375	-0.1625	-0.165625	-0.16875	-0.171875	-0.175	-0.178125	-0.18125	-0.184375	-0.1875	-0.190625	-0.185937	-0.18125	-0.176562	-0.171875	-0.167187	-0.1625	-0.157812	-0.153125	-0.148437	-0.14375	-0.139062	-0.134375	-0.129687	-0.125	-0.120312	-0.115625	-0.110937	-0.10625	-0.101562	-0.096875	-0.0921875	-0.0875	-0.0828125	-0.078125	-0.0734375	-0.06875	-0.0640625	-0.059375	-0.0546875	-0.05	-0.0453125	-0.040625	-0.0359375	-0.03125	-0.0265625	-0.021875	-0.0171875	-0.0125	-0.0078125	-0.003125	0.0015625	0.00625	0.0109375	0.015625	0.0203125	0.025	0.0296875	0.034375	0.0390625	0.04375	0.0484375	0.053125	0.0578125	0.0625	0.0671875	0.071875	0.0765625	0.08125	0.0859375	0.090625	0.0953125	0.1	0.104688	0.109375	0.114063	0.11875	0.123438	0.128125	0.132813	0.1375	0.142188	0.146875	0.151563	0.15625	0.160938	0.165625	0.170313	0.175	0.179688	0.184375	0.189063	0.19375	0.198438	0.203125	0.207813	0.2125	0.217188	0.221875	0.226563	0.23125	0.235938	0.240625	0.245313	0.25	0.254688	0.259375	0.264063	0.26875	0.273438	0.278125	0.282813	0.2875	0.292188	0.296875	0.301563	0.30625	0.310938	0.315625	0.320313	0.325	0.329688	0.334375	0.339063	0.34375	0.348438	0.353125	0.357813	0.3625	0.367188	0.371875	0.376563	0.38125	0.385938	0.390625	0.395313	0.4	0.404688	0.409375	0.414063	0.41875	0.423438	0.428125	0.432813	0.4375	0.442188	0.446875	0.451563	0.45625	0.460938	0.465625	0.470313	0.475	0.479688	0.484375	0.489063	0.49375	0.498438	0.503125	0.507813	0.5125	0.517188	0.521875	0.526563	0.53125	0.535938	0.540625	0.545313	0.55	0.554688	0.559375	0.55625	0.553125	0.55	0.546875	0.54375	0.540625	0.5375	0.534375	0.53125	0.528125	0.525	0.521875	0.51875	0.515625	0.5125	0.509375	0.50625	0.503125	0.5	0.496875	0.49375	0.490625	0.4875	0.484375	0.48125	0.478125	0.475	0.471875	0.46875	0.465625	0.4625	0.459375	0.45625	0.453125	0.45	0.446875	0.44375	0.440625	0.4375	0.434375	0.43125	0.428125	0.425	0.421875	0.41875	0.415625	0.4125	0.409375	0.40625	0.403125	0.4	0.396875	0.39375	0.390625	0.3875	0.384375	0.38125	0.378125	0.375	0.371875	0.36875	0.365625	0.3625	0.359375	0.35625	0.353125	0.35	0.346875	0.34375	0.340625	0.3375	0.334375	0.33125	0.328125	0.325	0.321875	0.31875	0.315625	0.3125	0.309375	0.30625	0.303125	0.3	0.296875	0.29375	0.290625	0.2875	0.284375	0.28125	0.278125	0.275	0.271875	0.26875	0.265625	0.2625	0.259375	0.25625	0.253125	0.25	0.246875	0.24375	0.240625	0.2375	0.234375	0.23125	0.228125	0.225	0.221875	0.21875	0.215625	0.2125	0.209375	0.20625	0.203125	0.2	0.196875	0.19375	0.190625	0.1875	0.184375	0.18125	0.178125	0.175	0.171875	0.16875	0.165625	0.1625	0.159375	0.15625	0.153125	0.15	0.146875	0.14375	0.140625	0.1375	0.134375	0.13125	0.128125	0.125	0.121875	0.11875	0.115625	0.1125	0.109375	0.10625	0.103125	0.1	0.096875	0.09375	0.090625	0.0875	0.084375	0.08125	0.078125	0.075	0.071875	0.06875	0.065625	0.0625	0.059375	0.05625	0.053125	0.05	0.046875	0.04375	0.040625	0.0375	0.034375	0.03125	0.028125	0.025	0.021875	0.01875	0.015625	0.0125	0.009375	0.00625	0.003125	0
0	-0.003125	-0.00625	-0.009375	-0.0125	-0.015625	-0.01875	-0.021875	-0.025	-0.028125	-0.03125	-0.034375	-0.0375	-0.040625	-0.04375	-0.046875	-0.05	-0.053125	-0.05625	-0.059375	-0.0625	-0.065625	-0.06875	-0.071875	-0.075	-0.078125	-0.08125	-0.084375	-0.0875	-0.090625	-0.09375	-0.096875	-0.1	-0.103125	-0.10625	-0.109375	-0.1125	-0.115625	-0.11875	-0.121875	-0.125	-0.128125	-0.13125	-0.134375	-0.1375	-0.140625	-0.14375	-0.146875	-0.15	-0.153125	-0.15625	-0.159375	-0.1625	-0.165625	-0.16875	-0.171875	-0.175	-0.178125	-0.18125	-0.184375	-0.1875	-0.190625	-0.19375	-0.196875	-0.2	-0.203125	-0.20625	-0.209375	-0.2125	-0.215625	-0.21875	-0.221875	-0.225	-0.228125	-0.23125	-0.234375	-0.2375	-0.240625	-0.24375	-0.246875	-0.25	-0.253125	-0.248437	-0.24375	-0.239062	-0.234375	-0.229687	-0.225	-0.220312	-0.215625	-0.210937	-0.20625	-0.201562	-0.196875	-0.192187	-0.1875	-0.182812	-0.178125	-0.173437	-0.16875	-0.164062	-0.159375	-0.154687	-0.15	-0.145312	-0.140625	-0.135937	-0.13125	-0.126562	-0.121875	-0.117187	-0.1125	-0.107812	-0.103125	-0.0984375	-0.09375	-0.0890625	-0.084375	-0.0796875	-0.075	-0.0703125	-0.065625	-0.0609375	-0.05625	-0.0515625	-0.046875	-0.0421875	-0.0375	-0.0328125	-0.028125	-0.0234375	-0.01875	-0.0140625	-0.009375	-0.0046875	0	0.0046875	0.009375	0.0140625	0.01875	0.0234375	0.028125	0.0328125	0.0375	0.0421875	0.046875	0.0515625	0.05625	0.0609375	0.065625	0.0703125	0.075	0.0796875	0.084375	0.0890625	0.09375	0.0984375	0.103125	0.107813	0.1125	0.117188	0.121875	0.126563	0.13125	0.135938	0.140625	0.145313	0.15	0.154688	0.159375	0.164063	0.16875	0.173438	0.178125	0.182813	0.1875	0.192188	0.196875	0.201563	0.20625	0.210938	0.215625	0.220313	0.225	0.229688	0.234375	0.239063	0.24375	0.248438	0.253125	0.257813	0.2625	0.267188	0.271875	0.276563	0.28125	0.285938	0.290625	0.295313	0.3	0.304688	0.309375	0.314063	0.31875	0.323438	0.328125	0.332813	0.3375	0.342188	0.346875	0.351563	0.35625	0.360938	0.365625	0.370313	0.375	0.379688	0.384375	0.389063	0.39375	0.398438	0.403125	0.407813	0.4125	0.417188	0.421875	0.426563	0.43125	0.435938	0.440625	0.445313	0.45	0.454688	0.459375	0.464063	0.46875	0.473438	0.478125	0.482813	0.4875	0.492188	0.496875	0.49375	0.490625	0.4875	0.484375	0.48125	0.478125	0.475	0.471875	0.46875	0.465625	0.4625	0.459375	0.45625	0.453125	0.45	0.446875	0.44375	0.440625	0.4375	0.434375	0.43125	0.428125	0.425	0.421875	0.41875	0.415625	0.4125	0.409375	0.40625	0.403125	0.4	0.396875	0.39375	0.390625	0.3875	0.384375	0.38125	0.378125	0.375	0.371875	0.36875	0.365625	0.3625	0.359375	0.35625	0.353125	0.35	0.346875	0.34375	0.340625	0.3375	0.334375	0.33125	0.328125	0.325	0.321875	0.31875	0.315625	0.3125	0.309375	0.30625	0.303125	0.3	0.296875	0.29375	0.290625	0.2875	0.284375	0.28125	0.278125	0.275	0.271875	0.26875	0.265625	0.2625	0.259375	0.25625	0.253125	0.25	0.246875	0.24375	0.240625	0.2375	0.234375	0.23125	0.228125	0.225	0.221875	0.21875	0.215625	0.2125	0.209375	0.20625	0.203125	0.2	0.196875	0.19375	0.190625	0.1875	0.184375	0.18125	0.178125	0.175	0.171875	0.16875	0.165625	0.1625	0.159375	0.15625	0.153125	0.15	0.146875	0.14375	0.140625	0.1375	0.134375	0.13125	0.128125	0.125	0.121875	0.11875	0.115625	0.1125	0.109375	0.10625	0.103125	0.1	0.096875	0.09375	0.090625	0.0875	0.084375	0.08125	0.078125	0.075	0.071875	0.06875	0.065625	0.0625	0.059375	0.05625	0.053125	0.05	0.046875	0.04375	0.040625	0.0375	0.034375	0.03125	0.028125	0.025	0.021875	0.01875	0.015625	0.0125	0.009375	0.00625	0.003125	0
0	-0.003125	-0.00625	-0.009375	-0.0125	-0.015625	-0.01875	-0.021875	-0.025	-0.028125	-0.03125	-0.034375	-0.0375	-0.040625	-0.04375	-0.046875	-0.05	-0.053125	-0.05625	-0.059375	-0.0625	-0.065625	-0.06875	-0.071875	-0.075	-0.078125	-0.08125	-0.084375	-0.0875	-0.090625	-0.09375	-0.096875	-0.1	-0.103125	-0.10625	-0.109375	-0.1125	-0.115625	-0.11875	-0.121875	-0.125	-0.128125	-0.13125	-0.134375	-0.1375	-0.140625	-0.14375	-0.146875	-0.15	-0.153125	-0.15625	-0.159375	-0.1625	-0.165625	-0.16875	-0.171875	-0.175	-0.178125	-0.18125	-0.184375	-0.1875	-0.190625	-0.19375	-0.196875	-0.2	-0.203125	-0.20625	-0.209375	-0.2125	-0.215625	-0.21875	-0.221875	-0.225	-0.228125	-0.23125	-0.234375	-0.2375	-0.240625	-0.24375	-0.246875	-0.25	-0.253125	-0.25625	-0.259375	-0.2625	-0.265625	-0.26875	-0.271875	-0.275	-0.278125	-0.28125	-0.284375	-0.2875	-0.290625	-0.29375	-0.296875	-0.3	-0.303125	-0.30625	-0.309375	-0.3125	-0.315625	-0.310937	-0.30625	-0.301562	-0.296875	-0.292187	-0.2875	-0.282812	-0.278125	-0.273437	-0.26875	-0.264062	-0.259375	-0.254687	-0.25	-0.245312	-0.240625	-0.235937	-0.23125	-0.226562	-0.221875	-0.217187	-0.2125	-0.207812	-0.203125	-0.198437	-0.19375	-0.189062	-0.184375	-0.179687	-0.175	-0.170312	-0.165625	-0.160937	-0.15625	-0.151562	-0.146875	-0.142187	-0.1375	-0.132812	-0.128125	-0.123437	-0.11875	-0.114062	-0.109375	-0.104687	-0.1	-0.0953125	-0.090625	-0.0859375	-0.08125	-0.0765625	-0.071875	-0.0671875	-0.0625	-0.0578125	-0.053125	-0.0484375	-0.04375	-0.0390625	-0.034375	-0.0296875	-0.025	-0.0203125	-0.015625	-0.0109375	-0.00625	-0.0015625	0.003125	0.0078125	0.0125	0.0171875	0.021875	0.0265625	0.03125	0.0359375	0.040625	0.0453125	0.05	0.0546875	0.059375	0.0640625	0.06875	0.0734375	0.078125	0.0828125	0.0875	0.0921875	0.096875	0.101563	0.10625	0.110938	0.115625	0.120313	0.125	0.129688	0.134375	0.139063	0.14375	0.148438	0.153125	0.157813	0.1625	0.167188	0.171875	0.176563	0.18125	0.185938	0.190625	0.195313	0.2	0.204688	0.209375	0.214063	0.21875	0.223438	0.228125	0.232813	0.2375	0.242188	0.246875	0.251563	0.25625	0.260938	0.265625	0.270313	0.275	0.279688	0.284375	0.289063	0.29375	0.298438	0.303125	0.307813	0.3125	0.317188	0.321875	0.326563	0.33125	0.335938	0.340625	0.345313	0.35	0.354688	0.359375	0.364063	0.36875	0.373438	0.378125	0.382813	0.3875	0.392188	0.396875	0.401563	0.40625	0.410938	0.415625	0.420313	0.425	0.429688	0.434375	0.43125	0.428125	0.425	0.421875	0.41875	0.415625	0.4125	0.409375	0.40625	0.403125	0.4	0.396875	0.39375	0.390625	0.3875	0.384375	0.38125	0.378125	0.375	0.371875	0.36875	0.365625	0.3625	0.359375	0.35625	0.353125	0.35	0.346875	0.34375	0.340625	0.3375	0.334375	0.33125	0.328125	0.325	0.321875	0.31875	0.315625	0.3125	0.309375	0.30625	0.303125	0.3	0.296875	0.29375	0.290625	0.2875	0.284375	0.28125	0.278125	0.275	0.271875	0.26875	0.265625	0.2625	0.259375	0.25625	0.253125	0.25	0.246875	0.24375	0.240625	0.2375	0.234375	0.23125	0.228125	0.225	0.221875	0.21875	0.215625	0.2125	0.209375	0.20625	0.203125	0.2	0.196875	0.19375	0.190625	0.1875	0.184375	0.18125	0.178125	0.175	0.171875	0.16875	0.165625	0.1625	0.159375	0.15625	0.153125	0.15	0.146875	0.14375	0.140625	0.1375	0.134375	0.13125	0.128125	0.125	0.121875	0.11875	0.115625	0.1125	0.109375	0.10625	0.103125	0.1	0.096875	0.09375	0.090625	0.0875	0.084375	0.08125	0.078125	0.075	0.071875	0.06875	0.065625	0.0625	0.059375	0.05625	0.053125	0.05	0.046875	0.04375	0.040625	0.0375	0.034375	0.03125	0.028125	0.025	0.021875	0.01875	0.015625	0.0125	0.009375	0.00625	0.003125	0
0	-0.003125	-0.00625	-0.009375	-0.0125	-0.015625	-0.01875	-0.021875	-0.025	-0.028125	-0.03125	-0.034375	-0.0375	-0.040625	-0.04375	-0.046875	-0.05	-0.053125	-0.05625	-0.059375	-0.0625	-0.065625	-0.06875	-0.071875	-0.075	-0.078125	-0.08125	-0.084375	-0.0875	-0.090625	-0.09375	-0.096875	-0.1	-0.103125	-0.10625	-0.109375	-0.1125	-0.115625	-0.11875	-0.121875	-0.125	-0.128125	-0.13125	-0.134375	-0.1375	-0.140625	-0.14375	-0.146875	-0.15	-0.153125	-0.15625	-0.159375	-0.1625	-0.165625	-0.16875	-0.171875	-0.175	-0.178125	-0.18125	-0.184375	-0.1875	-0.190625	-0.19375	-0.196875	-0.2	-0.203125	-0.20625	-0.209375	-0.2125	-0.215625	-0.21875	-0.221875	-0.225	-0.228125	-0.23125	-0.234375	-0.2375	-0.240625	-0.24375	-0.246875	-0.25	-0.253125	-0.25625	-0.259375	-0.2625	-0.265625	-0.26875	-0.271875	-0.275	-0.278125	-0.28125	-0.284375	-0.2875	-0.290625	-0.29375	-0.296875	-0.3	-0.303125	-0.30625	-0.309375	-0.3125	-0.315625	-0.31875	-0.321875	-0.325	-0.328125	-0.33125	-0.334375	-0.3375	-0.340625	-0.34375	-0.346875	-0.35	-0.353125	-0.35625	-0.359375	-0.3625	-0.365625	-0.36875	-0.371875	-0.375	-0.378125	-0.373437	-0.36875	-0.364062	-0.359375	-0.354687	-0.35	-0.345312	-0.340625	-0.335937	-0.33125	-0.326562	-0.321875	-0.317187	-0.3125	-0.307812	-0.303125	-0.298437	-0.29375	-0.289062	-0.284375	-0.279687	-0.275	-0.270312	-0.265625	-0.260937	-0.25625	-0.251562	-0.246875	-0.242187	-0.2375	-0.232812	-0.228125	-0.223437	-0.21875	-0.214062	-0.209375	-0.204687	-0.2	-0.195312	-0.190625	-0.185937	-0.18125	-0.176562	-0.171875	-0.167187	-0.1625	-0.157812	-0.153125	-0.148437	-0.14375	-0.139062	-0.134375	-0.129687	-0.125	-0.120312	-0.115625	-0.110937	-0.10625	-0.101562	-0.096875	-0.0921875	-0.0875	-0.0828125	-0.078125	-0.0734375	-0.06875	-0.0640625	-0.059375	-0.0546875	-0.05	-0.0453125	-0.040625	-0.0359375	-0.03125	-0.0265625	-0.021875	-0.0171875	-0.0125	-0.0078125	-0.003125	0.0015625	0.00625	0.0109375	0.015625	0.0203125	0.025	0.0296875	0.034375	0.0390625	0.04375	0.0484375	0.053125	0.0578125	0.0625	0.0671875	0.071875	0.0765625	0.08125	0.0859375	0.090625	0.0953125	0.1	0.104688	0.109375	0.114063	0.11875	0.123438	0.128125	0.132813	0.1375	0.142188	0.146875	0.151563	0.15625	0.160938	0.165625	0.170313	0.175	0.179688	0.184375	0.189063	0.19375	0.198438	0.203125	0.207813	0.2125	0.217188	0.221875	0.226563	0.23125	0.235938	0.240625	0.245313	0.25	0.254688	0.259375	0.264063	0.26875	0.273438	0.278125	0.282813	0.2875	0.292188	0.296875	0.301563	0.30625	0.310938	0.315625	0.320313	0.325	0.329688	0.334375	0.339063	0.34375	0.348438	0.353125	0.357813	0.3625	0.367188	0.371875	0.36875	0.365625	0.3625	0.359375	0.35625	0.353125	0.35	0.346875	0.34375	0.340625	0.3375	0.334375	0.33125	0.328125	0.325	0.321875	0.31875	0.315625	0.3125	0.309375	0.30625	0.303125	0.3	0.296875	0.29375	0.290625	0.2875	0.284375	0.28125	0.278125	0.275	0.271875	0.26875	0.265625	0.2625	0.259375	0.25625	0.253125	0.25	0.246875	0.24375	0.240625	0.2375	0.234375	0.23125	0.228125	0.225	0.221875	0.21875	0.215625	0.2125	0.209375	0.20625	0.203125	0.2	0.196875	0.19375	0.190625	0.1875	0.184375	0.18125	0.178125	0.175	0.171875	0.16875	0.165625	0.1625	0.159375	0.15625	0.153125	0.15	0.146875	0.14375	0.140625	0.1375	0.134375	0.13125	0.128125	0.125	0.121875	0.11875	0.115625	0.1125	0.109375	0.10625	0.103125	0.1	0.096875	0.09375	0.090625	0.0875	0.084375	0.08125	0.078125	0.075	0.071875	0.06875	0.065625	0.0625	0.059375	0.05625	0.053125	0.05	0.046875	0.04375	0.040625	0.0375	0.034375	0.03125	0.028125	0.025	0.021875	0.01875	0.015625	0.0125	0.009375	0.00625	0.003125	0
0	-0.003125	-0.00625	-0.009375	-0.0125	-0.015625	-0.01875	-0.021875	-0.025	-0.028125	-0.03125	-0.034375	-0.0375	-0.040625	-0.04375	-0.046875	-0.05	-0.053125	-0.05625	-0.059375	-0.0625	-0.065625	-0.06875	-0.071875	-0.075	-0.078125	-0.08125	-0.084375	-0.0875	-0.090625	-0.09375	-0.096875	-0.1	-0.103125	-0.10625	-0.109375	-0.1125	-0.115625	-0.11875	-0.121875	-0.125	-0.128125	-0.13125	-0.134375	-0.1375	-0.140625	-0.14375	-0.146875	-0.15	-0.153125	-0.15625	-0.159375	-0.1625	-0.165625	-0.16875	-0.171875	-0.175	-0.178125	-0.18125	-0.184375	-0.1875	-0.190625	-0.19375	-0.196875	-0.2	-0.203125	-0.20625	-0.209375	-0.2125	-0.215625	-0.21875	-0.221875	-0.225	-0.228125	-0.23125	-0.234375	-0.2375	-0.240625	-0.24375	-0.246875	-0.25	-0.253125	-0.25625	-0.259375	-0.2625	-0.265625	-0.26875	-0.271875	-0.275	-0.278125	-0.28125	-0.284375	-0.2875	-0.290625	-0.29375	-0.296875	-0.3	-0.303125	-0.30625	-0.309375	-0.3125	-0.315625	-0.31875	-0.321875	-0.325	-0.328125	-0.33125	-0.334375	-0.3375	-0.340625	-0.34375	-0.346875	-0.35	-0.353125	-0.35625	-0.359375	-0.3625	-0.365625	-0.36875	-0.371875	-0.375	-0.378125	-0.38125	-0.384375	-0.3875	-0.390625	-0.39375	-0.396875	-0.4	-0.403125	-0.40625	-0.409375	-0.4125	-0.415625	-0.41875	-0.421875	-0.425	-0.428125	-0.43125	-0.434375	-0.4375	-0.440625	-0.435937	-0.43125	-0.426562	-0.421875	-0.417187	-0.4125	-0.407812	-0.403125	-0.398437	-0.39375	-0.389062	-0.384375	-0.379687	-0.375	-0.370312	-0.365625	-0.360937	-0.35625	-0.351562	-0.346875	-0.342187	-0.3375	-0.332812	-0.328125	-0.323437	-0.31875	-0.314062	-0.309375	-0.304687	-0.3	-0.295312	-0.290625	-0.285937	-0.28125	-0.276562	-0.271875	-0.267187	-0.2625	-0.257812	-0.253125	-0.248437	-0.24375	-0.239062	-0.234375	-0.229687	-0.225	-0.220312	-0.215625	-0.210937	-0.20625	-0.201562	-0.196875	-0.192187	-0.1875	-0.182812	-0.178125	-0.173437	-0.16875	-0.164062	-0.159375	-0.154687	-0.15	-0.145312	-0.140625	-0.135937	-0.13125	-0.126562	-0.121875	-0.117187	-0.1125	-0.107812	-0.103125	-0.0984375	-0.09375	-0.0890625	-0.084375	-0.0796875	-0.075	-0.0703125	-0.065625	-0.0609375	-0.05625	-0.0515625	-0.046875	-0.0421875	-0.0375	-0.0328125	-0.028125	-0.0234375	-0.01875	-0.0140625	-0.009375	-0.0046875	1.88738e-15	0.0046875	0.009375	0.0140625	0.01875	0.0234375	0.028125	0.0328125	0.0375	0.0421875	0.046875	0.0515625	0.05625	0.0609375	0.065625	0.0703125	0.075	0.0796875	0.084375	0.0890625	0.09375	0.0984375	0.103125	0.107813	0.1125	0.117188	0.121875	0.126563	0.13125	0.135938	0.140625	0.145313	0.15	0.154688	0.159375	0.164063	0.16875	0.173438	0.178125	0.182813	0.1875	0.192188	0.196875	0.201563	0.20625	0.210938	0.215625	0.220313	0.225	0.229688	0.234375	0.239063	0.24375	0.248438	0.253125	0.257813	0.2625	0.267188	0.271875	0.276563	0.28125	0.285938	0.290625	0.295313	0.3	0.304688	0.309375	0.30625	0.303125	0.3	0.296875	0.29375	0.290625	0.2875	0.284375	0.28125	0.278125	0.275	0.271875	0.26875	0.265625	0.2625	0.259375	0.25625	0.253125	0.25	0.246875	0.24375	0.240625	0.2375	0.234375	0.23125	0.228125	0.225	0.221875	0.21875	0.215625	0.2125	0.209375	0.20625	0.203125	0.2	0.196875	0.19375	0.190625	0.1875	0.184375	0.18125	0.178125	0.175	0.171875	0.16875	0.165625	0.1625	0.159375	0.15625	0.153125	0.15	0.146875	0.14375	0.140625	0.1375	0.134375	0.13125	0.128125	0.125	0.121875	0.11875	0.115625	0.1125	0.109375	0.10625	0.103125	0.1	0.096875	0.09375	0.090625	0.0875	0.084375	0.08125	0.078125	0.075	0.071875	0.06875	0.065625	0.0625	0.059375	0.05625	0.053125	0.05	0.046875	0.04375	0.040625	0.0375	0.034375	0.03125	0.028125	0.025	0.021875	0.01875	0.015625	0.0125	0.009375	0.00625	0.003125	0
0	-0.003125	-0.00625	-0.009375	-0.0125	-0.015625	-0.01875	-0.021875	-0.025	-0.028125	-0.03125	-0.034375	-0.0375	-0.040625	-0.04375	-0.046875	-0.05	-0.053125	-0.05625	-0.059375	-0.0625	-0.065625	-0.06875	-0.071875	-0.075	-0.078125	-0.08125	-0.084375	-0.0875	-0.090625	-0.09375	-0.096875	-0.1	-0.103125	-0.10625	-0.109375	-0.1125	-0.115625	-0.11875	-0.121875	-0.125	-0.128125	-0.13125	-0.134375	-0.1375	-0.140625	-0.14375	-0.146875	-0.15	-0.153125	-0.15625	-0.159375	-0.1625	-0.165625	-0.16875	-0.171875	-0.175	-0.178125	-0.18125	-0.184375	-0.1875	-0.190625	-0.19375	-0.196875	-0.2	-0.203125	-0.20625	-0.209375	-0.2125	-0.215625	-0.21875	-0.221875	-0.225	-0.228125	-0.23125	-0.234375	-0.2375	-0.240625	-0.24375	-0.246875	-0.25	-0.253125	-0.25625	-0.259375	-0.2625	-0.265625	-0.26875	-0.271875	-0.275	-0.278125	-0.28125	-0.284375	-0.2875	-0.290625	-0.29375	-0.296875	-0.3	-0.303125	-0.30625	-0.309375	-0.3125	-0.315625	-0.31875	-0.321875	-0.325	-0.328125	-0.33125	-0.334375	-0.3375	-0.340625	-0.34375	-0.346875	-0.35	-0.353125	-0.35625	-0.359375	-0.3625	-0.365625	-0.36875	-0.371875	-0.375	-0.378125	-0.38125	-0.384375	-0.3875	-0.390625	-0.39375	-0.396875	-0.4	-0.403125	-0.40625	-0.409375	-0.4125	-0.415625	-0.41875	-0.421875	-0.425	-0.428125	-0.43125	-0.434375	-0.4375	-0.440625	-0.44375	-0.446875	-0.45	-0.453125	-0.45625	-0.459375	-0.4625	-0.465625	-0.46875	-0.471875	-0.475	-0.478125	-0.48125	-0.484375	-0.4875	-0.490625	-0.49375	-0.496875	-0.5	-0.503125	-0.498437	-0.49375	-0.489062	-0.484375	-0.479687	-0.475	-0.470312	-0.465625	-0.460937	-0.45625	-0.451562	-0.446875	-0.442187	-0.4375	-0.432812	-0.428125	-0.423437	-0.41875	-0.414062	-0.409375	-0.404687	-0.4	-0.395312	-0.390625	-0.385937	-0.38125	-0.376562	-0.371875	-0.367187	-0.3625	-0.357812	-0.353125	-0.348437	-0.34375	-0.339062	-0.334375	-0.329687	-0.325	-0.320312	-0.315625	-0.310937	-0.30625	-0.301562	-0.296875	-0.292187	-0.2875	-0.282812	-0.278125	-0.273437	-0.26875	-0.264062	-0.259375	-0.254687	-0.25	-0.245312	-0.240625	-0.235937	-0.23125	-0.226562	-0.221875	-0.217187	-0.2125	-0.207812	-0.203125	-0.198437	-0.19375	-0.189062	-0.184375	-0.179687	-0.175	-0.170312	-0.165625	-0.160937	-0.15625	-0.151562	-0.146875	-0.142187	-0.1375	-0.132812	-0.128125	-0.123437	-0.11875	-0.114062	-0.109375	-0.104687	-0.1	-0.0953125	-0.090625	-0.0859375	-0.08125	-0.0765625	-0.071875	-0.0671875	-0.0625	-0.0578125	-0.053125	-0.0484375	-0.04375	-0.0390625	-0.034375	-0.0296875	-0.025	-0.0203125	-0.015625	-0.0109375	-0.00625	-0.0015625	0.003125	0.0078125	0.0125	0.0171875	0.021875	0.0265625	0.03125	0.0359375	0.040625	0.0453125	0.05	0.0546875	0.059375	0.0640625	0.06875	0.0734375	0.078125	0.0828125	0.0875	0.0921875	0.096875	0.101563	0.10625	0.110938	0.115625	0.120313	0.125	0.129688	0.134375	0.139063	0.14375	0.148438	0.153125	0.157813	0.1625	0.167188	0.171875	0.176563	0.18125	0.185938	0.190625	0.195313	0.2	0.204688	0.209375	0.214063	0.21875	0.223438	0.228125	0.232813	0.2375	0.242188	0.246875	0.24375	0.240625	0.2375	0.234375	0.23125	0.228125	0.225	0.221875	0.21875	0.215625	0.2125	0.209375	0.20625	0.203125	0.2	0.196875	0.19375	0.190625	0.1875	0.184375	0.18125	0.178125	0.175	0.171875	0.16875	0.165625	0.1625	0.159375	0.15625	0.153125	0.15	0.146875	0.14375	0.140625	0.1375	0.134375	0.13125	0.128125	0.125	0.121875	0.11875	0.115625	0.1125	0.109375	0.10625	0.103125	0.1	0.096875	0.09375	0.090625	0.0875	0.084375	0.08125	0.078125	0.075	0.071875	0.06875	0.065625	0.0625	0.059375	0.05625	0.053125	0.05	0.046875	0.04375	0.040625	0.0375	0.034375	0.03125	0.028125	0.025	0.021875	0.01875	0.015625	0.0125	0.009375	0.00625	0.003125	0
0	-0.003125	-0.00625	-0.009375	-0.0125	-0.015625	-0.01875	-0.021875	-0.025	-0.028125	-0.03125	-0.034375	-0.0375	-0.040625	-0.04375	-0.046875	-0.05	-0.053125	-0.05625	-0.059375	-0.0625	-0.065625	-0.06875	-0.071875	-0.075	-0.078125	-0.08125	-0.084375	-0.0875	-0.090625	-0.09375	-0.096875	-0.1	-0.103125	-0.10625	-0.109375	-0.1125	-0.115625	-0.11875	-0.121875	-0.125	-0.128125	-0.13125	-0.134375	-0.1375	-0.140625	-0.14375	-0.146875	-0.15	-0.153125	-0.15625	-0.159375	-0.1625	-0.165625	-0.16875	-0.171875	-0.175	-0.178125	-0.18125	-0.184375	-0.1875	-0.190625	-0.19375	-0.196875	-0.2	-0.203125	-0.20625	-0.209375	-0.2125	-0.215625	-0.21875	-0.221875	-0.225	-0.228125	-0.23125	-0.234375	-0.2375	-0.240625	-0.24375	-0.246875	-0.25	-0.253125	-0.25625	-0.259375	-0.2625	-0.265625	-0.26875	-0.271875	-0.275	-0.278125	-0.28125	-0.284375	-0.2875	-0.290625	-0.29375	-0.296875	-0.3	-0.303125	-0.30625	-0.309375	-0.3125	-0.315625	-0.31875	-0.321875	-0.325	-0.328125	-0.33125	-0.334375	-0.3375	-0.340625	-0.34375	-0.346875	-0.35	-0.353125	-0.35625	-0.359375	-0.3625	-0.365625	-0.36875	-0.371875	-0.375	-0.378125	-0.38125	-0.384375	-0.3875	-0.390625	-0.39375	-0.396875	-0.4	-0.403125	-0.40625	-0.409375	-0.4125	-0.415625	-0.41875	-0.421875	-0.425	-0.428125	-0.43125	-0.434375	-0.4375	-0.440625	-0.44375	-0.446875	-0.45	-0.453125	-0.45625	-0.459375	-0.4625	-0.465625	-0.46875	-0.471875	-0.475	-0.478125	-0.48125	-0.484375	-0.4875	-0.490625	-0.49375	-0.496875	-0.5	-0.503125	-0.50625	-0.509375	-0.5125	-0.515625	-0.51875	-0.521875	-0.525	-0.528125	-0.53125	-0.534375	-0.5375	-0.540625	-0.54375	-0.546875	-0.55	-0.553125	-0.55625	-0.559375	-0.5625	-0.565625	-0.560937	-0.55625	-0.551562	-0.546875	-0.542187	-0.5375	-0.532812	-0.528125	-0.523437	-0.51875	-0.514062	-0.509375	-0.504687	-0.5	-0.495312	-0.490625	-0.485937	-0.48125	-0.476562	-0.471875	-0.467187	-0.4625	-0.457812	-0.453125	-0.448437	-0.44375	-0.439062	-0.434375	-0.429687	-0.425	-0.420312	-0.415625	-0.410937	-0.40625	-0.401562	-0.396875	-0.392187	-0.3875	-0.382812	-0.378125	-0.373437	-0.36875	-0.364062	-0.359375	-0.354687	-0.35	-0.345312	-0.340625	-0.335937	-0.33125	-0.326562	-0.321875	-0.317187	-0.3125	-0.307812	-0.303125	-0.298437	-0.29375	-0.289062	-0.284375	-0.279687	-0.275	-0.270312	-0.265625	-0.260937	-0.25625	-0.251562	-0.246875	-0.242187	-0.2375	-0.232812	-0.228125	-0.223437	-0.21875	-0.214062	-0.209375	-0.204687	-0.2	-0.195312	-0.190625	-0.185937	-0.18125	-0.176562	-0.171875	-0.167187	-0.1625	-0.157812	-0.153125	-0.148437	-0.14375	-0.139062	-0.134375	-0.129687	-0.125	-0.120312	-0.115625	-0.110937	-0.10625	-0.101562	-0.096875	-0.0921875	-0.0875	-0.0828125	-0.078125	-0.0734375	-0.06875	-0.0640625	-0.059375	-0.0546875	-0.05	-0.0453125	-0.040625	-0.0359375	-0.03125	-0.0265625	-0.021875	-0.0171875	-0.0125	-0.0078125	-0.003125	0.0015625	0.00625	0.0109375	0.015625	0.0203125	0.025	0.0296875	0.034375	0.0390625	0.04375	0.0484375	0.053125	0.0578125	0.0625	0.0671875	0.071875	0.0765625	0.08125	0.0859375	0.090625	0.0953125	0.1	0.104688	0.109375	0.114063	0.11875	0.123438	0.128125	0.132813	0.1375	0.142188	0.146875	0.151563	0.15625	0.160938	0.165625	0.170313	0.175	0.179688	0.184375	0.18125	0.178125	0.175	0.171875	0.16875	0.165625	0.1625	0.159375	0.15625	0.153125	0.15	0.146875	0.14375	0.140625	0.1375	0.134375	0.13125	0.128125	0.125	0.121875	0.11875	0.115625	0.1125	0.109375	0.10625	0.103125	0.1	0.096875	0.09375	0.090625	0.0875	0.084375	0.08125	0.078125	0.075	0.071875	0.06875	0.065625	0.0625	0.059375	0.05625	0.053125	0.05	0.046875	0.04375	0.040625	0.0375	0.034375	0.03125	0.028125	0.025	0.021875	0.01875	0.015625	0.0125	0.009375	0.00625	0.003125	0
0	-0.003125	-0.00625	-0.009375	-0.0125	-0.015625	-0.01875	-0.021875	-0.025	-0.028125	-0.03125	-0.034375	-0.0375	-0.040625	-0.04375	-0.046875	-0.05	-0.053125	-0.05625	-0.059375	-0.0625	-0.065625	-0.06875	-0.071875	-0.075	-0.078125	-0.08125	-0.084375	-0.0875	-0.090625	-0.09375	-0.096875	-0.1	-0.103125	-0.10625	-0.109375	-0.1125	-0.115625	-0.11875	-0.121875	-0.125	-0.128125	-0.13125	-0.134375	-0.1375	-0.140625	-0.14375	-0.146875	-0.15	-0.153125	-0.15625	-0.159375	-0.1625	-0.165625	-0.16875	-0.171875	-0.175	-0.178125	-0.18125	-0.184375	-0.1875	-0.190625	-0.19375	-0.196875	-0.2	-0.203125	-0.20625	-0.209375	-0.2125	-0.215625	-0.21875	-0.221875	-0.225	-0.228125	-0.23125	-0.234375	-0.2375	-0.240625	-0.24375	-0.246875	-0.25	-0.253125	-0.25625	-0.259375	-0.2625	-0.265625	-0.26875	-0.271875	-0.275	-0.278125	-0.28125	-0.284375	-0.2875	-0.290625	-0.29375	-0.296875	-0.3	-0.303125	-0.30625	-0.309375	-0.3125	-0.315625	-0.31875	-0.321875	-0.325	-0.328125	-0.33125	-0.334375	-0.3375	-0.340625	-0.34375	-0.346875	-0.35	-0.353125	-0.35625	-0.359375	-0.3625	-0.365625	-0.36875	-0.371875	-0.375	-0.378125	-0.38125	-0.384375	-0.3875	-0.390625	-0.39375	-0.396875	-0.4	-0.403125	-0.40625	-0.409375	-0.4125	-0.415625	-0.41875	-0.421875	-0.425	-0.428125	-0.43125	-0.434375	-0.4375	-0.440625	-0.44375	-0.446875	-0.45	-0.453125	-0.45625	-0.459375	-0.4625	-0.465625	-0.46875	-0.471875	-0.475	-0.478125	-0.48125	-0.484375	-0.4875	-0.490625	-0.49375	-0.496875	-0.5	-0.503125	-0.50625	-0.509375	-0.5125	-0.515625	-0.51875	-0.521875	-0.525	-0.528125	-0.53125	-0.534375	-0.5375	-0.540625	-0.54375	-0.546875	-0.55	-0.553125	-0.55625	-0.559375	-0.5625	-0.565625	-0.56875	-0.571875	-0.575	-0.578125	-0.58125	-0.584375	-0.5875	-0.590625	-0.59375	-0.596875	-0.6	-0.603125	-0.60625	-0.609375	-0.6125	-0.615625	-0.61875	-0.621875	-0.625	-0.628125	-0.623437	-0.61875	-0.614062	-0.609375	-0.604687	-0.6	-0.595312	-0.590625	-0.585937	-0.58125	-0.576562	-0.571875	-0.567187	-0.5625	-0.557812	-0.553125	-0.548437	-0.54375	-0.539062	-0.534375	-0.529687	-0.525	-0.520312	-0.515625	-0.510937	-0.50625	-0.501562	-0.496875	-0.492187	-0.4875	-0.482812	-0.478125	-0.473437	-0.46875	-0.464062	-0.459375	-0.454687	-0.45	-0.445312	-0.440625	-0.435937	-0.43125	-0.426562	-0.421875	-0.417187	-0.4125	-0.407812	-0.403125	-0.398437	-0.39375	-0.389062	-0.384375	-0.379687	-0.375	-0.370312	-0.365625	-0.360937	-0.35625	-0.351562	-0.346875	-0.342187	-0.3375	-0.332812	-0.328125	-0.323437	-0.31875	-0.314062	-0.309375	-0.304687	-0.3	-0.295312	-0.290625	-0.285937	-0.28125	-0.276562	-0.271875	-0.267187	-0.2625	-0.257812	-0.253125	-0.248437	-0.24375	-0.239062	-0.234375	-0.229687	-0.225	-0.220312	-0.215625	-0.210937	-0.20625	-0.201562	-0.196875	-0.192187	-0.1875	-0.182812	-0.178125	-0.173437	-0.16875	-0.164062	-0.159375	-0.154687	-0.15	-0.145312	-0.140625	-0.135937	-0.13125	-0.126562	-0.121875	-0.117187	-0.1125	-0.107812	-0.103125	-0.0984375	-0.09375	-0.0890625	-0.084375	-0.0796875	-0.075	-0.0703125	-0.065625	-0.0609375	-0.05625	-0.0515625	-0.046875	-0.0421875	-0.0375	-0.0328125	-0.028125	-0.0234375	-0.01875	-0.0140625	-0.009375	-0.0046875	8.32667e-16	0.0046875	0.009375	0.0140625	0.01875	0.0234375	0.028125	0.0328125	0.0375	0.0421875	0.046875	0.0515625	0.05625	0.0609375	0.065625	0.0703125	0.075	0.0796875	0.084375	0.0890625	0.09375	0.0984375	0.103125	0.107813	0.1125	0.117188	0.121875	0.11875	0.115625	0.1125	0.109375	0.10625	0.103125	0.1	0.096875	0.09375	0.090625	0.0875	0.084375	0.08125	0.078125	0.075	0.071875	0.06875	0.065625	0.0625	0.059375	0.05625	0.053125	0.05	0.046875	0.04375	0.040625	0.0375	0.034375	0.03125	0.028125	0.025	0.021875	0.01875	0.015625	0.0125	0.009375	0.00625	0.003125	0
0	-0.003125	-0.00625	-0.009375	-0.0125	-0.015625	-0.01875	-0.021875	-0.025	-0.028125	-0.03125	-0.034375	-0.0375	-0.040625	-0.04375	-0.046875	-0.05	-0.053125	-0.05625	-0.059375	-0.0625	-0.065625	-0.06875	-0.071875	-0.075	-0.078125	-0.08125	-0.084375	-0.0875	-0.090625	-0.09375	-0.096875	-0.1	-0.103125	-0.10625	-0.109375	-0.1125	-0.115625	-0.11875	-0.121875	-0.125	-0.128125	-0.13125	-0.134375	-0.1375	-0.140625	-0.14375	-0.146875	-0.15	-0.153125	-0.15625	-0.159375	-0.1625	-0.165625	-0.16875	-0.171875	-0.175	-0.178125	-0.18125	-0.184375	-0.1875	-0.190625	-0.19375	-0.196875	-0.2	-0.203125	-0.20625	-0.209375	-0.2125	-0.215625	-0.21875	-0.221875	-0.225	-0.228125	-0.23125	-0.234375	-0.2375	-0.240625	-0.24375	-0.246875	-0.25	-0.253125	-0.25625	-0.259375	-0.2625	-0.265625	-0.26875	-0.271875	-0.275	-0.278125	-0.28125	-0.284375	-0.2875	-0.290625	-0.29375	-0.296875	-0.3	-0.303125	-0.30625	-0.309375	-0.3125	-0.315625	-0.31875	-0.321875	-0.325	-0.328125	-0.33125	-0.334375	-0.3375	-0.340625	-0.34375	-0.346875	-0.35	-0.353125	-0.35625	-0.359375	-0.3625	-0.365625	-0.36875	-0.371875	-0.375	-0.378125	-0.38125	-0.384375	-0.3875	-0.390625	-0.39375	-0.396875	-0.4	-0.403125	-0.40625	-0.409375	-0.4125	-0.415625	-0.41875	-0.421875	-0.425	-0.428125	-0.43125	-0.434375	-0.4375	-0.440625	-0.44375	-0.446875	-0.45	-0.453125	-0.45625	-0.459375	-0.4625	-0.465625	-0.46875	-0.471875	-0.475	-0.478125	-0.48125	-0.484375	-0.4875	-0.490625	-0.49375	-0.496875	-0.5	-0.503125	-0.50625	-0.509375	-0.5125	-0.515625	-0.51875	-0.521875	-0.525	-0.528125	-0.53125	-0.534375	-0.5375	-0.540625	-0.54375	-0.546875	-0.55	-0.553125	-0.55625	-0.559375	-0.5625	-0.565625	-0.56875	-0.571875	-0.575	-0.578125	-0.58125	-0.584375	-0.5875	-0.590625	-0.59375	-0.596875	-0.6	-0.603125	-0.60625	-0.609375	-0.6125	-0.615625	-0.61875	-0.621875	-0.625	-0.628125	-0.63125	-0.634375	-0.6375	-0.640625	-0.64375	-0.646875	-0.65	-0.653125	-0.65625	-0.659375	-0.6625	-0.665625	-0.66875	-0.671875	-0.675	-0.678125	-0.68125	-0.684375	-0.6875	-0.690625	-0.685937	-0.68125	-0.676562	-0.671875	-0.667188	-0.6625	-0.657812	-0.653125	-0.648437	-0.64375	-0.639062	-0.634375	-0.629687	-0.625	-0.620313	-0.615625	-0.610938	-0.60625	-0.601562	-0.596875	-0.592187	-0.5875	-0.582812	-0.578125	-0.573437	-0.56875	-0.564062	-0.559375	-0.554687	-0.55	-0.545312	-0.540625	-0.535937	-0.53125	-0.526562	-0.521875	-0.517187	-0.5125	-0.507812	-0.503125	-0.498437	-0.49375	-0.489062	-0.484375	-0.479687	-0.475	-0.470312	-0.465625	-0.460937	-0.45625	-0.451562	-0.446875	-0.442187	-0.4375	-0.432812	-0.428125	-0.423437	-0.41875	-0.414062	-0.409375	-0.404687	-0.4	-0.395312	-0.390625	-0.385938	-0.38125	-0.376563	-0.371875	-0.367188	-0.3625	-0.357813	-0.353125	-0.348437	-0.34375	-0.339062	-0.334375	-0.329687	-0.325	-0.320312	-0.315625	-0.310937	-0.30625	-0.301562	-0.296875	-0.292187	-0.2875	-0.282812	-0.278125	-0.273437	-0.26875	-0.264062	-0.259375	-0.254687	-0.25	-0.245312	-0.240625	-0.235937	-0.23125	-0.226562	-0.221875	-0.217187	-0.2125	-0.207812	-0.203125	-0.198437	-0.19375	-0.189062	-0.184375	-0.179687	-0.175	-0.170312	-0.165625	-0.160937	-0.15625	-0.151562	-0.146875	-0.142187	-0.1375	-0.132812	-0.128125	-0.123437	-0.11875	-0.114062	-0.109375	-0.104687	-0.1	-0.0953125	-0.090625	-0.0859375	-0.08125	-0.0765625	-0.071875	-0.0671875	-0.0625	-0.0578125	-0.053125	-0.0484375	-0.04375	-0.0390625	-0.034375	-0.0296875	-0.025	-0.0203125	-0.015625	-0.0109375	-0.00625	-0.0015625	0.003125	0.0078125	0.0125	0.0171875	0.021875	0.0265625	0.03125	0.0359375	0.040625	0.0453125	0.05	0.0546875	0.059375	0.05625	0.053125	0.05	0.046875	0.04375	0.040625	0.0375	0.034375	0.03125	0.028125	0.025	0.021875	0.01875	0.015625	0.0125	0.009375	0.00625	0.003125	0
0	-0.003125	-0.00625	-0.009375	-0.0125	-0.015625	-0.01875	-0.021875	-0.025	-0.028125	-0.03125	-0.034375	-0.0375	-0.040625	-0.04375	-0.046875	-0.05	-0.053125	-0.05625	-0.059375	-0.0625	-0.065625	-0.06875	-0.071875	-0.075	-0.078125	-0.08125	-0.084375	-0.0875	-0.090625	-0.09375	-0.096875	-0.1	-0.103125	-0.10625	-0.109375	-0.1125	-0.115625	-0.11875	-0.121875	-0.125	-0.128125	-0.13125	-0.134375	-0.1375	-0.140625	-0.14375	-0.146875	-0.15	-0.153125	-0.15625	-0.159375	-0.1625	-0.165625	-0.16875	-0.171875	-0.175	-0.178125	-0.18125	-0.184375	-0.1875	-0.190625	-0.19375	-0.196875	-0.2	-0.203125	-0.20625	-0.209375	-0.2125	-0.215625	-0.21875	-0.221875	-0.225	-0.228125	-0.23125	-0.234375	-0.2375	-0.240625	-0.24375	-0.246875	-0.25	-0.253125	-0.25625	-0.259375	-0.2625	-0.265625	-0.26875	-0.271875	-0.275	-0.278125	-0.28125	-0.284375	-0.2875	-0.290625	-0.29375	-0.296875	-0.3	-0.303125	-0.30625	-0.309375	-0.3125	-0.315625	-0.31875	-0.321875	-0.325	-0.328125	-0.33125	-0.334375	-0.3375	-0.340625	-0.34375	-0.346875	-0.35	-0.353125	-0.35625	-0.359375	-0.3625	-0.365625	-0.36875	-0.371875	-0.375	-0.378125	-0.38125	-0.384375	-0.3875	-0.390625	-0.39375	-0.396875	-0.4	-0.403125	-0.40625	-0.409375	-0.4125	-0.415625	-0.41875	-0.421875	-0.425	-0.428125	-0.43125	-0.434375	-0.4375	-0.440625	-0.44375	-0.446875	-0.45	-0.453125	-0.45625	-0.459375	-0.4625	-0.465625	-0.46875	-0.471875	-0.475	-0.478125	-0.48125	-0.484375	-0.4875	-0.490625	-0.49375	-0.496875	-0.5	-0.503125	-0.50625	-0.509375	-0.5125	-0.515625	-0.51875	-0.521875	-0.525	-0.528125	-0.53125	-0.534375	-0.5375	-0.540625	-0.54375	-0.546875	-0.55	-0.553125	-0.55625	-0.559375	-0.5625	-0.565625	-0.56875	-0.571875	-0.575	-0.578125	-0.58125	-0.584375	-0.5875	-0.590625	-0.59375	-0.596875	-0.6	-0.603125	-0.60625	-0.609375	-0.6125	-0.615625	-0.61875	-0.621875	-0.625	-0.628125	-0.63125	-0.634375	-0.6375	-0.640625	-0.64375	-0.646875	-0.65	-0.653125	-0.65625	-0.659375	-0.6625	-0.665625	-0.66875	-0.671875	-0.675	-0.678125	-0.68125	-0.684375	-0.6875	-0.690625	-0.69375	-0.696875	-0.7	-0.703125	-0.70625	-0.709375	-0.7125	-0.715625	-0.71875	-0.721875	-0.725	-0.728125	-0.73125	-0.734375	-0.7375	-0.740625	-0.74375	-0.746875	-0.75	-0.753125	-0.748437	-0.74375	-0.739062	-0.734375	-0.729687	-0.725	-0.720312	-0.715625	-0.710937	-0.70625	-0.701562	-0.696875	-0.692188	-0.6875	-0.682813	-0.678125	-0.673438	-0.66875	-0.664063	-0.659375	-0.654688	-0.65	-0.645312	-0.640625	-0.635937	-0.63125	-0.626563	-0.621875	-0.617188	-0.6125	-0.607813	-0.603125	-0.598438	-0.59375	-0.589063	-0.584375	-0.579688	-0.575	-0.570313	-0.565625	-0.560938	-0.55625	-0.551562	-0.546875	-0.542187	-0.5375	-0.532813	-0.528125	-0.523437	-0.51875	-0.514062	-0.509375	-0.504687	-0.5	-0.495312	-0.490625	-0.485937	-0.48125	-0.476562	-0.471875	-0.467187	-0.4625	-0.457813	-0.453125	-0.448438	-0.44375	-0.439063	-0.434375	-0.429688	-0.425	-0.420312	-0.415625	-0.410937	-0.40625	-0.401562	-0.396875	-0.392187	-0.3875	-0.382812	-0.378125	-0.373437	-0.36875	-0.364062	-0.359375	-0.354687	-0.35	-0.345312	-0.340625	-0.335937	-0.33125	-0.326562	-0.321875	-0.317187	-0.3125	-0.307812	-0.303125	-0.298437	-0.29375	-0.289062	-0.284375	-0.279687	-0.275	-0.270312	-0.265625	-0.260937	-0.25625	-0.251562	-0.246875	-0.242187	-0.2375	-0.232812	-0.228125	-0.223437	-0.21875	-0.214062	-0.209375	-0.204687	-0.2	-0.195312	-0.190625	-0.185937	-0.18125	-0.176562	-0.171875	-0.167187	-0.1625	-0.157812	-0.153125	-0.148437	-0.14375	-0.139062	-0.134375	-0.129688	-0.125	-0.120312	-0.115625	-0.110937	-0.10625	-0.101563	-0.096875	-0.0921875	-0.0875	-0.0828125	-0.078125	-0.0734375	-0.06875	-0.0640625	-0.059375	-0.0546875	-0.05	-0.0453125	-0.040625	-0.0359375	-0.03125	-0.0265625	-0.021875	-0.0171875	-0.0125	0
0	-0.003125	-0.00625	-0.009375	-0.0125	-0.015625	-0.01875	-0.021875	-0.025	-0.028125	-0.03125	-0.034375	-0.0375	-0.040625	-0.04375	-0.046875	-0.05	-0.053125	-0.05625	-0.059375	-0.0625	-0.065625	-0.06875	-0.071875	-0.075	-0.078125	-0.08125	-0.084375	-0.0875	-0.090625	-0.09375	-0.096875	-0.1	-0.103125	-0.10625	-0.109375	-0.1125	-0.115625	-0.11875	-0.121875	-0.125	-0.128125	-0.13125	-0.134375	-0.1375	-0.140625	-0.14375	-0.146875	-0.15	-0.153125	-0.15625	-0.159375	-0.1625	-0.165625	-0.16875	-0.171875	-0.175	-0.178125	-0.18125	-0.184375	-0.1875	-0.190625	-0.19375	-0.196875	-0.2	-0.203125	-0.20625	-0.209375	-0.2125	-0.215625	-0.21875	-0.221875	-0.225	-0.228125	-0.23125	-0.234375	-0.2375	-0.240625	-0.24375	-0.246875	-0.25	-0.253125	-0.25625	-0.259375	-0.2625	-0.265625	-0.26875	-0.271875	-0.275	-0.278125	-0.28125	-0.284375	-0.2875	-0.290625	-0.29375	-0.296875	-0.3	-0.303125	-0.30625	-0.309375	-0.3125	-0.315625	-0.31875	-0.321875	-0.325	-0.328125	-0.33125	-0.334375	-0.3375	-0.340625	-0.34375	-0.346875	-0.35	-0.353125	-0.35625	-0.359375	-0.3625	-0.365625	-0.36875	-0.371875	-0.375	-0.378125	-0.38125	-0.384375	-0.3875	-0.390625	-0.39375	-0.396875	-0.4	-0.403125	-0.40625	-0.409375	-0.4125	-0.415625	-0.41875	-0.421875	-0.425	-0.428125	-0.43125	-0.434375	-0.4375	-0.440625	-0.44375	-0.446875	-0.45	-0.453125	-0.45625	-0.459375	-0.4625	-0.465625	-0.46875	-0.471875	-0.475	-0.478125	-0.48125	-0.484375	-0.4875	-0.490625	-0.49375	-0.496875	-0.5	-0.503125	-0.50625	-0.509375	-0.5125	-0.515625	-0.51875	-0.521875	-0.525	-0.528125	-0.53125	-0.534375	-0.5375	-0.540625	-0.54375	-0.546875	-0.55	-0.553125	-0.55625	-0.559375	-0.5625	-0.565625	-0.56875	-0.571875	-0.575	-0.578125	-0.58125	-0.584375	-0.5875	-0.590625	-0.59375	-0.596875	-0.6	-0.603125	-0.60625	-0.609375	-0.6125	-0.615625	-0.61875	-0.621875	-0.625	-0.628125	-0.63125	-0.634375	-0.6375	-0.640625	-0.64375	-0.646875	-0.65	-0.653125	-0.65625	-0.659375	-0.6625	-0.665625	-0.66875	-0.671875	-0.675	-0.678125	-0.68125	-0.684375	-0.6875	-0.690625	-0.69375	-0.696875	-0.7	-0.703125	-0.70625	-0.709375	-0.7125	-0.715625	-0.71875	-0.721875	-0.725	-0.728125	-0.73125	-0.734375	-0.7375	-0.740625	-0.74375	-0.746875	-0.75	-0.753125	-0.75625	-0.759375	-0.7625	-0.765625	-0.76875	-0.771875	-0.775	-0.778125	-0.78125	-0.784375	-0.7875	-0.790625	-0.79375	-0.796875	-0.8	-0.803125	-0.80625	-0.809375	-0.8125	-0.815625	-0.810938	-0.80625	-0.801563	-0.796875	-0.792188	-0.7875	-0.782813	-0.778125	-0.773438	-0.76875	-0.764063	-0.759375	-0.754688	-0.75	-0.745313	-0.740625	-0.735938	-0.73125	-0.726563	-0.721875	-0.717188	-0.7125	-0.707812	-0.703125	-0.698437	-0.69375	-0.689063	-0.684375	-0.679688	-0.675	-0.670313	-0.665625	-0.660938	-0.65625	-0.651563	-0.646875	-0.642188	-0.6375	-0.632813	-0.628125	-0.623438	-0.61875	-0.614063	-0.609375	-0.604687	-0.6	-0.595312	-0.590625	-0.585937	-0.58125	-0.576562	-0.571875	-0.567187	-0.5625	-0.557812	-0.553125	-0.548437	-0.54375	-0.539062	-0.534375	-0.529687	-0.525	-0.520312	-0.515625	-0.510938	-0.50625	-0.501563	-0.496875	-0.492187	-0.4875	-0.482812	-0.478125	-0.473437	-0.46875	-0.464062	-0.459375	-0.454687	-0.45	-0.445312	-0.440625	-0.435937	-0.43125	-0.426562	-0.421875	-0.417187	-0.4125	-0.407812	-0.403125	-0.398437	-0.39375	-0.389062	-0.384375	-0.379687	-0.375	-0.370312	-0.365625	-0.360937	-0.35625	-0.351562	-0.346875	-0.342188	-0.3375	-0.332812	-0.328125	-0.323437	-0.31875	-0.314062	-0.309375	-0.304688	-0.3	-0.295312	-0.290625	-0.285938	-0.28125	-0.276562	-0.271875	-0.267187	-0.2625	-0.25	-0.2375	-0.225	-0.2125	-0.2	-0.1875	-0.175	-0.1625	-0.15	-0.1375	-0.125	-0.1125	-0.1	-0.0875	-0.075	-0.0625	-0.05	-0.0375	-0.025	-0.0125	0
0	-0.003125	-0.00625	-0.009375	-0.0125	-0.015625	-0.01875	-0.021875	-0.025	-0.028125	-0.03125	-0.034375	-0.0375	-0.040625	-0.04375	-0.046875	-0.05	-0.053125	-0.05625	-0.059375	-0.0625	-0.065625	-0.06875	-0.071875	-0.075	-0.078125	-0.08125	-0.084375	-0.0875	-0.090625	-0.09375	-0.096875	-0.1	-0.103125	-0.10625	-0.109375	-0.1125	-0.115625	-0.11875	-0.121875	-0.125	-0.128125	-0.13125	-0.134375	-0.1375	-0.140625	-0.14375	-0.146875	-0.15	-0.153125	-0.15625	-0.159375	-0.1625	-0.165625	-0.16875	-0.171875	-0.175	-0.178125	-0.18125	-0.184375	-0.1875	-0.190625	-0.19375	-0.196875	-0.2	-0.203125	-0.20625	-0.209375	-0.2125	-0.215625	-0.21875	-0.221875	-0.225	-0.228125	-0.23125	-0.234375	-0.2375	-0.240625	-0.24375	-0.246875	-0.25	-0.253125	-0.25625	-0.259375	-0.2625	-0.265625	-0.26875	-0.271875	-0.275	-0.278125	-0.28125	-0.284375	-0.2875	-0.290625	-0.29375	-0.296875	-0.3	-0.303125	-0.30625	-0.309375	-0.3125	-0.315625	-0.31875	-0.321875	-0.325	-0.328125	-0.33125	-0.334375	-0.3375	-0.340625	-0.34375	-0.346875	-0.35	-0.353125	-0.35625	-0.359375	-0.3625	-0.365625	-0.36875	-0.371875	-0.375	-0.378125	-0.38125	-0.384375	-0.3875	-0.390625	-0.39375	-0.396875	-0.4	-0.403125	-0.40625	-0.409375	-0.4125	-0.415625	-0.41875	-0.421875	-0.425	-0.428125	-0.43125	-0.434375	-0.4375	-0.440625	-0.44375	-0.446875	-0.45	-0.453125	-0.45625	-0.459375	-0.4625	-0.465625	-0.46875	-0.471875	-0.475	-0.478125	-0.48125	-0.484375	-0.4875	-0.490625	-0.49375	-0.496875	-0.5	-0.503125	-0.50625	-0.509375	-0.5125	-0.515625	-0.51875	-0.521875	-0.525	-0.528125	-0.53125	-0.534375	-0.5375	-0.540625	-0.54375	-0.546875	-0.55	-0.553125	-0.55625	-0.559375	-0.5625	-0.565625	-0.56875	-0.571875	-0.575	-0.578125	-0.58125	-0.584375	-0.5875	-0.590625	-0.59375	-0.596875	-0.6	-0.603125	-0.60625	-0.609375	-0.6125	-0.615625	-0.61875	-0.621875	-0.625	-0.628125	-0.63125	-0.634375	-0.6375	-0.640625	-0.64375	-0.646875	-0.65	-0.653125	-0.65625	-0.659375	-0.6625	-0.665625	-0.66875	-0.671875	-0.675	-0.678125	-0.68125	-0.684375	-0.6875	-0.690625	-0.69375	-0.696875	-0.7	-0.703125	-0.70625	-0.709375	-0.7125	-0.715625	-0.71875	-0.721875	-0.725	-0.728125	-0.73125	-0.734375	-0.7375	-0.740625	-0.74375	-0.746875	-0.75	-0.753125	-0.75625	-0.759375	-0.7625	-0.765625	-0.76875	-0.771875	-0.775	-0.778125	-0.78125	-0.784375	-0.7875	-0.790625	-0.79375	-0.796875	-0.8	-0.803125	-0.80625	-0.809375	-0.8125	-0.815625	-0.81875	-0.821875	-0.825	-0.828125	-0.83125	-0.834375	-0.8375	-0.840625	-0.84375	-0.846875	-0.85	-0.853125	-0.85625	-0.859375	-0.8625	-0.865625	-0.86875	-0.871875	-0.875	-0.878125	-0.873438	-0.86875	-0.864063	-0.859375	-0.854688	-0.85	-0.845313	-0.840625	-0.835938	-0.83125	-0.826563	-0.821875	-0.817188	-0.8125	-0.807813	-0.803125	-0.798438	-0.79375	-0.789063	-0.784375	-0.779688	-0.775	-0.770313	-0.765625	-0.760937	-0.75625	-0.751563	-0.746875	-0.742188	-0.7375	-0.732813	-0.728125	-0.723438	-0.71875	-0.714063	-0.709375	-0.704688	-0.7	-0.695313	-0.690625	-0.685938	-0.68125	-0.676563	-0.671875	-0.667188	-0.6625	-0.657813	-0.653125	-0.648438	-0.64375	-0.639062	-0.634375	-0.629688	-0.625	-0.620313	-0.615625	-0.610938	-0.60625	-0.601563	-0.596875	-0.592188	-0.5875	-0.582813	-0.578125	-0.573438	-0.56875	-0.564063	-0.559375	-0.554688	-0.55	-0.545313	-0.540625	-0.535938	-0.53125	-0.526563	-0.521875	-0.517187	-0.5125	-0.5	-0.4875	-0.475	-0.4625	-0.45	-0.4375	-0.425	-0.4125	-0.4	-0.3875	-0.375	-0.3625	-0.35	-0.3375	-0.325	-0.3125	-0.3	-0.2875	-0.275	-0.2625	-0.25	-0.2375	-0.225	-0.2125	-0.2	-0.1875	-0.175	-0.1625	-0.15	-0.1375	-0.125	-0.1125	-0.1	-0.0875	-0.075	-0.0625	-0.05	-0.0375	-0.025	-0.0125	0
0	-0.003125	-0.00625	-0.009375	-0.0125	-0.015625	-0.01875	-0.021875	-0.025	-0.028125	-0.03125	-0.034375	-0.0375	-0.040625	-0.04375	-0.046875	-0.05	-0.053125	-0.05625	-0.059375	-0.0625	-0.065625	-0.06875	-0.071875	-0.075	-0.078125	-0.08125	-0.084375	-0.0875	-0.090625	-0.09375	-0.096875	-0.1	-0.103125	-0.10625	-0.109375	-0.1125	-0.115625	-0.11875	-0.121875	-0.125	-0.128125	-0.13125	-0.134375	-0.1375	-0.140625	-0.14375	-0.146875	-0.15	-0.153125	-0.15625	-0.159375	-0.1625	-0.165625	-0.16875	-0.171875	-0.175	-0.178125	-0.18125	-0.184375	-0.1875	-0.190625	-0.19375	-0.196875	-0.2	-0.203125	-0.20625	-0.209375	-0.2125	-0.215625	-0.21875	-0.221875	-0.225	-0.228125	-0.23125	-0.234375	-0.2375	-0.240625	-0.24375	-0.246875	-0.25	-0.253125	-0.25625	-0.259375	-0.2625	-0.265625	-0.26875	-0.271875	-0.275	-0.278125	-0.28125	-0.284375	-0.2875	-0.290625	-0.29375	-0.296875	-0.3	-0.303125	-0.30625	-0.309375	-0.3125	-0.315625	-0.31875	-0.321875	-0.325	-0.328125	-0.33125	-0.334375	-0.3375	-0.340625	-0.34375	-0.346875	-0.35	-0.353125	-0.35625	-0.359375	-0.3625	-0.365625	-0.36875	-0.371875	-0.375	-0.378125	-0.38125	-0.384375	-0.3875	-0.390625	-0.39375	-0.396875	-0.4	-0.403125	-0.40625	-0.409375	-0.4125	-0.415625	-0.41875	-0.421875	-0.425	-0.428125	-0.43125	-0.434375	-0.4375	-0.440625	-0.44375	-0.446875	-0.45	-0.453125	-0.45625	-0.459375	-0.4625	-0.465625	-0.46875	-0.471875	-0.475	-0.478125	-0.48125	-0.484375	-0.4875	-0.490625	-0.49375	-0.496875	-0.5	-0.503125	-0.50625	-0.509375	-0.5125	-0.515625	-0.51875	-0.521875	-0.525	-0.528125	-0.53125	-0.534375	-0.5375	-0.540625	-0.54375	-0.546875	-0.55	-0.553125	-0.55625	-0.559375	-0.5625	-0.565625	-0.56875	-0.571875	-0.575	-0.578125	-0.58125	-0.584375	-0.5875	-0.590625	-0.59375	-0.596875	-0.6	-0.603125	-0.60625	-0.609375	-0.6125	-0.615625	-0.61875	-0.621875	-0.625	-0.628125	-0.63125	-0.634375	-0.6375	-0.640625	-0.64375	-0.646875	-0.65	-0.653125	-0.65625	-0.659375	-0.6625	-0.665625	-0.66875	-0.671875	-0.675	-0.678125	-0.68125	-0.684375	-0.6875	-0.690625	-0.69375	-0.696875	-0.7	-0.703125	-0.70625	-0.709375	-0.7125	-0.715625	-0.71875	-0.721875	-0.725	-0.728125	-0.73125	-0.734375	-0.7375	-0.740625	-0.74375	-0.746875	-0.75	-0.753125	-0.75625	-0.759375	-0.7625	-0.765625	-0.76875	-0.771875	-0.775	-0.778125	-0.78125	-0.784375	-0.7875	-0.790625	-0.79375	-0.796875	-0.8	-0.803125	-0.80625	-0.809375	-0.8125	-0.815625	-0.81875	-0.821875	-0.825	-0.828125	-0.83125	-0.834375	-0.8375	-0.840625	-0.84375	-0.846875	-0.85	-0.853125	-0.85625	-0.859375	-0.8625	-0.865625	-0.86875	-0.871875	-0.875	-0.878125	-0.88125	-0.884375	-0.8875	-0.890625	-0.89375	-0.896875	-0.9	-0.903125	-0.90625	-0.909375	-0.9125	-0.915625	-0.91875	-0.921875	-0.925	-0.928125	-0.93125	-0.934375	-0.9375	-0.940625	-0.935938	-0.93125	-0.926563	-0.921875	-0.917188	-0.9125	-0.907813	-0.903125	-0.898438	-0.89375	-0.889063	-0.884375	-0.879688	-0.875	-0.870313	-0.865625	-0.860938	-0.85625	-0.851563	-0.846875	-0.842188	-0.8375	-0.832813	-0.828125	-0.823438	-0.81875	-0.814063	-0.809375	-0.804688	-0.8	-0.795313	-0.790625	-0.785938	-0.78125	-0.776563	-0.771875	-0.767188	-0.7625	-0.75	-0.7375	-0.725	-0.7125	-0.7	-0.6875	-0.675	-0.6625	-0.65	-0.6375	-0.625	-0.6125	-0.6	-0.5875	-0.575	-0.5625	-0.55	-0.5375	-0.525	-0.5125	-0.5	-0.4875	-0.475	-0.4625	-0.45	-0.4375	-0.425	-0.4125	-0.4	-0.3875	-0.375	-0.3625	-0.35	-0.3375	-0.325	-0.3125	-0.3	-0.2875	-0.275	-0.2625	-0.25	-0.2375	-0.225	-0.2125	-0.2	-0.1875	-0.175	-0.1625	-0.15	-0.1375	-0.125	-0.1125	-0.1	-0.0875	-0.075	-0.0625	-0.05	-0.0375	-0.025	-0.0125	0
0	-0.003125	-0.00625	-0.009375	-0.0125	-0.015625	-0.01875	-0.021875	-0.025	-0.028125	-0.03125	-0.034375	-0.0375	-0.040625	-0.04375	-0.046875	-0.05	-0.053125	-0.05625	-0.059375	-0.0625	-0.065625	-0.06875	-0.071875	-0.075	-0.078125	-0.08125	-0.084375	-0.0875	-0.090625	-0.09375	-0.096875	-0.1	-0.103125	-0.10625	-0.109375	-0.1125	-0.115625	-0.11875	-0.121875	-0.125	-0.128125	-0.13125	-0.134375	-0.1375	-0.140625	-0.14375	-0.146875	-0.15	-0.153125	-0.15625	-0.159375	-0.1625	-0.165625	-0.16875	-0.171875	-0.175	-0.178125	-0.18125	-0.184375	-0.1875	-0.190625	-0.19375	-0.196875	-0.2	-0.203125	-0.20625	-0.209375	-0.2125	-0.215625	-0.21875	-0.221875	-0.225	-0.228125	-0.23125	-0.234375	-0.2375	-0.240625	-0.24375	-0.246875	-0.25	-0.253125	-0.25625	-0.259375	-0.2625	-0.265625	-0.26875	-0.271875	-0.275	-0.278125	-0.28125	-0.284375	-0.2875	-0.290625	-0.29375	-0.296875	-0.3	-0.303125	-0.30625	-0.309375	-0.3125	-0.315625	-0.31875	-0.321875	-0.325	-0.328125	-0.33125	-0.334375	-0.3375	-0.340625	-0.34375	-0.346875	-0.35	-0.353125	-0.35625	-0.359375	-0.3625	-0.365625	-0.36875	-0.371875	-0.375	-0.378125	-0.38125	-0.384375	-0.3875	-0.390625	-0.39375	-0.396875	-0.4	-0.403125	-0.40625	-0.409375	-0.4125	-0.415625	-0.41875	-0.421875	-0.425	-0.428125	-0.43125	-0.434375	-0.4375	-0.440625	-0.44375	-0.446875	-0.45	-0.453125	-0.45625	-0.459375	-0.4625	-0.465625	-0.46875	-0.471875	-0.475	-0.478125	-0.48125	-0.484375	-0.4875	-0.490625	-0.49375	-0.496875	-0.5	-0.503125	-0.50625	-0.509375	-0.5125	-0.515625	-0.51875	-0.521875	-0.525	-0.528125	-0.53125	-0.534375	-0.5375	-0.540625	-0.54375	-0.546875	-0.55	-0.553125	-0.55625	-0.559375	-0.5625	-0.565625	-0.56875	-0.571875	-0.575	-0.578125	-0.58125	-0.584375	-0.5875	-0.590625	-0.59375	-0.596875	-0.6	-0.603125	-0.60625	-0.609375	-0.6125	-0.615625	-0.61875	-0.621875	-0.625	-0.628125	-0.63125	-0.634375	-0.6375	-0.640625	-0.64375	-0.646875	-0.65	-0.653125	-0.65625	-0.659375	-0.6625	-0.665625	-0.66875	-0.671875	-0.675	-0.678125	-0.68125	-0.684375	-0.6875	-0.690625	-0.69375	-0.696875	-0.7	-0.703125	-0.70625	-0.709375	-0.7125	-0.715625	-0.71875	-0.721875	-0.725	-0.728125	-0.73125	-0.734375	-0.7375	-0.740625	-0.74375	-0.746875	-0.75	-0.753125	-0.75625	-0.759375	-0.7625	-0.765625	-0.76875	-0.771875	-0.775	-0.778125	-0.78125	-0.784375	-0.7875	-0.790625	-0.79375	-0.796875	-0.8	-0.803125	-0.80625	-0.809375	-0.8125	-0.815625	-0.81875	-0.821875	-0.825	-0.828125	-0.83125	-0.834375	-0.8375	-0.840625	-0.84375	-0.846875	-0.85	-0.853125	-0.85625	-0.859375	-0.8625	-0.865625	-0.86875	-0.871875	-0.875	-0.878125	-0.88125	-0.884375	-0.8875	-0.890625	-0.89375	-0.896875	-0.9	-0.903125	-0.90625	-0.909375	-0.9125	-0.915625	-0.91875	-0.921875	-0.925	-0.928125	-0.93125	-0.934375	-0.9375	-0.940625	-0.94375	-0.946875	-0.95	-0.953125	-0.95625	-0.959375	-0.9625	-0.965625	-0.96875	-0.971875	-0.975	-0.978125	-0.98125	-0.984375	-0.9875	-0.990625	-0.99375	-0.996875	-0.992188	-0.9875	-0.975	-0.9625	-0.95	-0.9375	-0.925	-0.9125	-0.9	-0.8875	-0.875	-0.8625	-0.85	-0.8375	-0.825	-0.8125	-0.8	-0.7875	-0.775	-0.7625	-0.75	-0.7375	-0.725	-0.7125	-0.7	-0.6875	-0.675	-0.6625	-0.65	-0.6375	-0.625	-0.6125	-0.6	-0.5875	-0.575	-0.5625	-0.55	-0.5375	-0.525	-0.5125	-0.5	-0.4875	-0.475	-0.4625	-0.45	-0.4375	-0.425	-0.4125	-0.4	-0.3875	-0.375	-0.3625	-0.35	-0.3375	-0.325	-0.3125	-0.3	-0.2875	-0.275	-0.2625	-0.25	-0.2375	-0.225	-0.2125	-0.2	-0.1875	-0.175	-0.1625	-0.15	-0.1375	-0.125	-0.1125	-0.1	-0.0875	-0.075	-0.0625	-0.05	-0.0375	-0.025	-0.0125	0
0	-0.003125	-0.00625	-0.009375	-0.0125	-0.015625	-0.01875	-0.021875	-0.025	-0.028125	-0.03125	-0.034375	-0.0375	-0.040625	-0.04375	-0.046875	-0.05	-0.053125	-0.05625	-0.059375	-0.0625	-0.065625	-0.06875	-0.071875	-0.075	-0.078125	-0.08125	-0.084375	-0.0875	-0.090625	-0.09375	-0.096875	-0.1	-0.103125	-0.10625	-0.109375	-0.1125	-0.115625	-0.11875	-0.121875	-0.125	-0.128125	-0.13125	-0.134375	-0.1375	-0.140625	-0.14375	-0.146875	-0.15	-0.153125	-0.15625	-0.159375	-0.1625	-0.165625	-0.16875	-0.171875	-0.175	-0.178125	-0.18125	-0.184375	-0.1875	-0.190625	-0.19375	-0.196875	-0.2	-0.203125	-0.20625	-0.209375	-0.2125	-0.215625	-0.21875	-0.221875	-0.225	-0.228125	-0.23125	-0.234375	-0.2375	-0.240625	-0.24375	-0.246875	-0.25	-0.253125	-0.25625	-0.259375	-0.2625	-0.265625	-0.26875	-0.271875	-0.275	-0.278125	-0.28125	-0.284375	-0.2875	-0.290625	-0.29375	-0.296875	-0.3	-0.303125	-0.30625	-0.309375	-0.3125	-0.315625	-0.31875	-0.321875	-0.325	-0.328125	-0.33125	-0.334375	-0.3375	-0.340625	-0.34375	-0.346875	-0.35	-0.353125	-0.35625	-0.359375	-0.3625	-0.365625	-0.36875	-0.371875	-0.375	-0.378125	-0.38125	-0.384375	-0.3875	-0.390625	-0.39375	-0.396875	-0.4	-0.403125	-0.40625	-0.409375	-0.4125	-0.415625	-0.41875	-0.421875	-0.425	-0.428125	-0.43125	-0.434375	-0.4375	-0.440625	-0.44375	-0.446875	-0.45	-0.453125	-0.45625	-0.459375	-0.4625	-0.465625	-0.46875	-0.471875	-0.475	-0.478125	-0.48125	-0.484375	-0.4875	-0.490625	-0.49375	-0.496875	-0.5	-0.503125	-0.50625	-0.509375	-0.5125	-0.515625	-0.51875	-0.521875	-0.525	-0.528125	-0.53125	-0.534375	-0.5375	-0.540625	-0.54375	-0.546875	-0.55	-0.553125	-0.55625	-0.559375	-0.5625	-0.565625	-0.56875	-0.571875	-0.575	-0.578125	-0.58125	-0.584375	-0.5875	-0.590625	-0.59375	-0.596875	-0.6	-0.603125	-0.60625	-0.609375	-0.6125	-0.615625	-0.61875	-0.621875	-0.625	-0.628125	-0.63125	-0.634375	-0.6375	-0.640625	-0.64375	-0.646875	-0.65	-0.653125	-0.65625	-0.659375	-0.6625	-0.665625	-0.66875	-0.671875	-0.675	-0.678125	-0.68125	-0.684375	-0.6875	-0.690625	-0.69375	-0.696875	-0.7	-0.703125	-0.70625	-0.709375	-0.7125	-0.715625	-0.71875	-0.721875	-0.725	-0.728125	-0.73125	-0.734375	-0.7375	-0.740625	-0.74375	-0.746875	-0.75	-0.753125	-0.75625	-0.759375	-0.7625	-0.765625	-0.76875	-0.771875	-0.775	-0.778125	-0.78125	-0.784375	-0.7875	-0.790625	-0.79375	-0.796875	-0.8	-0.803125	-0.80625	-0.809375	-0.8125	-0.815625	-0.81875	-0.821875	-0.825	-0.828125	-0.83125	-0.834375	-0.8375	-0.840625	-0.84375	-0.846875	-0.85	-0.853125	-0.85625	-0.859375	-0.8625	-0.865625	-0.86875	-0.871875	-0.875	-0.878125	-0.88125	-0.884375	-0.8875	-0.890625	-0.89375	-0.896875	-0.9	-0.903125	-0.90625	-0.909375	-0.9125	-0.915625	-0.91875	-0.921875	-0.925	-0.928125	-0.93125	-0.934375	-0.929688	-0.925	-0.920313	-0.915625	-0.910938	-0.90625	-0.901563	-0.896875	-0.892188	-0.8875	-0.882813	-0.878125	-0.873438	-0.86875	-0.864063	-0.859375	-0.854688	-0.85	-0.845313	-0.840625	-0.835938	-0.83125	-0.826563	-0.821875	-0.817188	-0.8125	-0.807813	-0.803125	-0.798438	-0.79375	-0.789063	-0.784375	-0.779688	-0.775	-0.770313	-0.765625	-0.760938	-0.75625	-0.751563	-0.746875	-0.742188	-0.7375	-0.725	-0.7125	-0.7	-0.6875	-0.675	-0.6625	-0.65	-0.6375	-0.625	-0.6125	-0.6	-0.5875	-0.575	-0.5625	-0.55	-0.5375	-0.525	-0.5125	-0.5	-0.4875	-0.475	-0.4625	-0.45	-0.4375	-0.425	-0.4125	-0.4	-0.3875	-0.375	-0.3625	-0.35	-0.3375	-0.325	-0.3125	-0.3	-0.2875	-0.275	-0.2625	-0.25	-0.2375	-0.225	-0.2125	-0.2	-0.1875	-0.175	-0.1625	-0.15	-0.1375	-0.125	-0.1125	-0.1	-0.0875	-0.075	-0.0625	-0.05	-0.0375	-0.025	-0.0125	0
0	-0.003125	-0.00625	-0.009375	-0.0125	-0.015625	-0.01875	-0.021875	-0.025	-0.028125	-0.03125	-0.034375	-0.0375	-0.040625	-0.04375	-0.046875	-0.05	-0.053125	-0.05625	-0.059375	-0.0625	-0.065625	-0.06875	-0.071875	-0.075	-0.078125	-0.08125	-0.084375	-0.0875	-0.090625	-0.09375	-0.096875	-0.1	-0.103125	-0.10625	-0.109375	-0.1125	-0.115625	-0.11875	-0.121875	-0.125	-0.128125	-0.13125	-0.134375	-0.1375	-0.140625	-0.14375	-0.146875	-0.15	-0.153125	-0.15625	-0.159375	-0.1625	-0.165625	-0.16875	-0.171875	-0.175	-0.178125	-0.18125	-0.184375	-0.1875	-0.190625	-0.19375	-0.196875	-0.2	-0.203125	-0.20625	-0.209375	-0.2125	-0.215625	-0.21875	-0.221875	-0.225	-0.228125	-0.23125	-0.234375	-0.2375	-0.240625	-0.24375	-0.246875	-0.25	-0.253125	-0.25625	-0.259375	-0.2625	-0.265625	-0.26875	-0.271875	-0.275	-0.278125	-0.28125	-0.284375	-0.2875	-0.290625	-0.29375	-0.296875	-0.3	-0.303125	-0.30625	-0.309375	-0.3125	-0.315625	-0.31875	-0.321875	-0.325	-0.328125	-0.33125	-0.334375	-0.3375	-0.340625	-0.34375	-0.346875	-0.35	-0.353125	-0.35625	-0.359375	-0.3625	-0.365625	-0.36875	-0.371875	-0.375	-0.378125	-0.38125	-0.384375	-0.3875	-0.390625	-0.39375	-0.396875	-0.4	-0.403125	-0.40625	-0.409375	-0.4125	-0.415625	-0.41875	-0.421875	-0.425	-0.428125	-0.43125	-0.434375	-0.4375	-0.440625	-0.44375	-0.446875	-0.45	-0.453125	-0.45625	-0.459375	-0.4625	-0.465625	-0.46875	-0.471875	-0.475	-0.478125	-0.48125	-0.484375	-0.4875	-0.490625	-0.49375	-0.496875	-0.5	-0.503125	-0.50625	-0.509375	-0.5125	-0.515625	-0.51875	-0.521875	-0.525	-0.528125	-0.53125	-0.534375	-0.5375	-0.540625	-0.54375	-0.546875	-0.55	-0.553125	-0.55625	-0.559375	-0.5625	-0.565625	-0.56875	-0.571875	-0.575	-0.578125	-0.58125	-0.584375	-0.5875	-0.590625	-0.59375	-0.596875	-0.6	-0.603125	-0.60625	-0.609375	-0.6125	-0.615625	-0.61875	-0.621875	-0.625	-0.628125	-0.63125	-0.634375	-0.6375	-0.640625	-0.64375	-0.646875	-0.65	-0.653125	-0.65625	-0.659375	-0.6625	-0.665625	-0.66875	-0.671875	-0.675	-0.678125	-0.68125	-0.684375	-0.6875	-0.690625	-0.69375	-0.696875	-0.7	-0.703125	-0.70625	-0.709375	-0.7125	-0.715625	-0.71875	-0.721875	-0.725	-0.728125	-0.73125	-0.734375	-0.7375	-0.740625	-0.74375	-0.746875	-0.75	-0.753125	-0.75625	-0.759375	-0.7625	-0.765625	-0.76875	-0.771875	-0.775	-0.778125	-0.78125	-0.784375	-0.7875	-0.790625	-0.79375	-0.796875	-0.8	-0.803125	-0.80625	-0.809375	-0.8125	-0.815625	-0.81875	-0.821875	-0.825	-0.828125	-0.83125	-0.834375	-0.8375	-0.840625	-0.84375	-0.846875	-0.85	-0.853125	-0.85625	-0.859375	-0.8625	-0.865625	-0.86875	-0.871875	-0.867188	-0.8625	-0.857813	-0.853125	-0.848438	-0.84375	-0.839063	-0.834375	-0.829688	-0.825	-0.820313	-0.815625	-0.810938	-0.80625	-0.801563	-0.796875	-0.792188	-0.7875	-0.782813	-0.778125	-0.773438	-0.76875	-0.764063	-0.759375	-0.754688	-0.75	-0.745313	-0.740625	-0.735938	-0.73125	-0.726563	-0.721875	-0.717188	-0.7125	-0.707813	-0.703125	-0.698438	-0.69375	-0.689063	-0.684375	-0.679688	-0.675	-0.670313	-0.665625	-0.660938	-0.65625	-0.651563	-0.646875	-0.642188	-0.6375	-0.632813	-0.628125	-0.623438	-0.61875	-0.614063	-0.609375	-0.604688	-0.6	-0.595313	-0.590625	-0.585938	-0.58125	-0.576563	-0.571875	-0.567188	-0.5625	-0.557813	-0.553125	-0.548438	-0.54375	-0.539063	-0.534375	-0.529688	-0.525	-0.520313	-0.515625	-0.510938	-0.50625	-0.501563	-0.496875	-0.492188	-0.4875	-0.475	-0.4625	-0.45	-0.4375	-0.425	-0.4125	-0.4	-0.3875	-0.375	-0.3625	-0.35	-0.3375	-0.325	-0.3125	-0.3	-0.2875	-0.275	-0.2625	-0.25	-0.2375	-0.225	-0.2125	-0.2	-0.1875	-0.175	-0.1625	-0.15	-0.1375	-0.125	-0.1125	-0.1	-0.0875	-0.075	-0.0625	-0.05	-0.0375	-0.025	-0.0125	0
0	-0.003125	-0.00625	-0.009375	-0.0125	-0.015625	-0.01875	-0.021875	-0.025	-0.028125	-0.03125	-0.034375	-0.0375	-0.040625	-0.04375	-0.046875	-0.05	-0.053125	-0.05625	-0.059375	-0.0625	-0.065625	-0.06875	-0.071875	-0.075	-0.078125	-0.08125	-0.084375	-0.0875	-0.090625	-0.09375	-0.096875	-0.1	-0.103125	-0.10625	-0.109375	-0.1125	-0.115625	-0.11875	-0.121875	-0.125	-0.128125	-0.13125	-0.134375	-0.1375	-0.140625	-0.14375	-0.146875	-0.15	-0.153125	-0.15625	-0.159375	-0.1625	-0.165625	-0.16875	-0.171875	-0.175	-0.178125	-0.18125	-0.184375	-0.1875	-0.190625	-0.19375	-0.196875	-0.2	-0.203125	-0.20625	-0.209375	-0.2125	-0.215625	-0.21875	-0.221875	-0.225	-0.228125	-0.23125	-0.234375	-0.2375	-0.240625	-0.24375	-0.246875	-0.25	-0.253125	-0.25625	-0.259375	-0.2625	-0.265625	-0.26875	-0.271875	-0.275	-0.278125	-0.28125	-0.284375	-0.2875	-0.290625	-0.29375	-0.296875	-0.3	-0.303125	-0.30625	-0.309375	-0.3125	-0.315625	-0.31875	-0.321875	-0.325	-0.328125	-0.33125	-0.334375	-0.3375	-0.340625	-0.34375	-0.346875	-0.35	-0.353125	-0.35625	-0.359375	-0.3625	-0.365625	-0.36875	-0.371875	-0.375	-0.378125	-0.38125	-0.384375	-0.3875	-0.390625	-0.39375	-0.396875	-0.4	-0.403125	-0.40625	-0.409375	-0.4125	-0.415625	-0.41875	-0.421875	-0.425	-0.428125	-0.43125	-0.434375	-0.4375	-0.440625	-0.44375	-0.446875	-0.45	-0.453125	-0.45625	-0.459375	-0.4625	-0.465625	-0.46875	-0.471875	-0.475	-0.478125	-0.48125	-0.484375	-0.4875	-0.490625	-0.49375	-0.496875	-0.5	-0.503125	-0.50625	-0.509375	-0.5125	-0.515625	-0.51875	-0.521875	-0.525	-0.528125	-0.53125	-0.534375	-0.5375	-0.540625	-0.54375	-0.546875	-0.55	-0.553125	-0.55625	-0.559375	-0.5625	-0.565625	-0.56875	-0.571875	-0.575	-0.578125	-0.58125	-0.584375	-0.5875	-0.590625	-0.59375	-0.596875	-0.6	-0.603125	-0.60625	-0.609375	-0.6125	-0.615625	-0.61875	-0.621875	-0.625	-0.628125	-0.63125	-0.634375	-0.6375	-0.640625	-0.64375	-0.646875	-0.65	-0.653125	-0.65625	-0.659375	-0.6625	-0.665625	-0.66875	-0.671875	-0.675	-0.678125	-0.68125	-0.684375	-0.6875	-0.690625	-0.69375	-0.696875	-0.7	-0.703125	-0.70625	-0.709375	-0.7125	-0.715625	-0.71875	-0.721875	-0.725	-0.728125	-0.73125	-0.734375	-0.7375	-0.740625	-0.74375	-0.746875	-0.75	-0.753125	-0.75625	-0.759375	-0.7625	-0.765625	-0.76875	-0.771875	-0.775	-0.778125	-0.78125	-0.784375	-0.7875	-0.790625	-0.79375	-0.796875	-0.8	-0.803125	-0.80625	-0.809375	-0.804688	-0.8	-0.795313	-0.790625	-0.785938	-0.78125	-0.776563	-0.771875	-0.767188	-0.7625	-0.757813	-0.753125	-0.748438	-0.74375	-0.739063	-0.734375	-0.729688	-0.725	-0.720313	-0.715625	-0.710938	-0.70625	-0.701563	-0.696875	-0.692188	-0.6875	-0.682813	-0.678125	-0.673438	-0.66875	-0.664063	-0.659375	-0.654688	-0.65	-0.645313	-0.640625	-0.635938	-0.63125	-0.626563	-0.621875	-0.617188	-0.6125	-0.607813	-0.603125	-0.598438	-0.59375	-0.589063	-0.584375	-0.579688	-0.575	-0.570313	-0.565625	-0.560938	-0.55625	-0.551563	-0.546875	-0.542188	-0.5375	-0.532813	-0.528125	-0.523438	-0.51875	-0.514063	-0.509375	-0.504688	-0.5	-0.495313	-0.490625	-0.485938	-0.48125	-0.476563	-0.471875	-0.467188	-0.4625	-0.457813	-0.453125	-0.448438	-0.44375	-0.439063	-0.434375	-0.429688	-0.425	-0.420313	-0.415625	-0.410938	-0.40625	-0.401563	-0.396875	-0.392188	-0.3875	-0.382813	-0.378125	-0.373438	-0.36875	-0.364063	-0.359375	-0.354688	-0.35	-0.345313	-0.340625	-0.335938	-0.33125	-0.326563	-0.321875	-0.317188	-0.3125	-0.307813	-0.303125	-0.298438	-0.29375	-0.289063	-0.284375	-0.279688	-0.275	-0.270313	-0.265625	-0.260938	-0.25625	-0.251563	-0.246875	-0.242188	-0.2375	-0.225	-0.2125	-0.2	-0.1875	-0.175	-0.1625	-0.15	-0.1375	-0.125	-0.1125	-0.1	-0.0875	-0.075	-0.0625	-0.05	-0.0375	-0.025	-0.0125	0
0	-0.003125	-0.00625	-0.009375	-0.0125	-0.015625	-0.01875	-0.021875	-0.025	-0.028125	-0.03125	-0.034375	-0.0375	-0.040625	-0.04375	-0.046875	-0.05	-0.053125	-0.05625	-0.059375	-0.0625	-0.065625	-0.06875	-0.071875	-0.075	-0.078125	-0.08125	-0.084375	-0.0875	-0.090625	-0.09375	-0.096875	-0.1	-0.103125	-0.10625	-0.109375	-0.1125	-0.115625	-0.11875	-0.121875	-0.125	-0.128125	-0.13125	-0.134375	-0.1375	-0.140625	-0.14375	-0.146875	-0.15	-0.153125	-0.15625	-0.159375	-0.1625	-0.165625	-0.16875	-0.171875	-0.175	-0.178125	-0.18125	-0.184375	-0.1875	-0.190625	-0.19375	-0.196875	-0.2	-0.203125	-0.20625	-0.209375	-0.2125	-0.215625	-0.21875	-0.221875	-0.225	-0.228125	-0.23125	-0.234375	-0.2375	-0.240625	-0.24375	-0.246875	-0.25	-0.253125	-0.25625	-0.259375	-0.2625	-0.265625	-0.26875	-0.271875	-0.275	-0.278125	-0.28125	-0.284375	-0.2875	-0.290625	-0.29375	-0.296875	-0.3	-0.303125	-0.30625	-0.309375	-0.3125	-0.315625	-0.31875	-0.321875	-0.325	-0.328125	-0.33125	-0.334375	-0.3375	-0.340625	-0.34375	-0.346875	-0.35	-0.353125	-0.35625	-0.359375	-0.3625	-0.365625	-0.36875	-0.371875	-0.375	-0.378125	-0.38125	-0.384375	-0.3875	-0.390625	-0.39375	-0.396875	-0.4	-0.403125	-0.40625	-0.409375	-0.4125	-0.415625	-0.41875	-0.421875	-0.425	-0.428125	-0.43125	-0.434375	-0.4375	-0.440625	-0.44375	-0.446875	-0.45	-0.453125	-0.45625	-0.459375	-0.4625	-0.465625	-0.46875	-0.471875	-0.475	-0.478125	-0.48125	-0.484375	-0.4875	-0.490625	-0.49375	-0.496875	-0.5	-0.503125	-0.50625	-0.509375	-0.5125	-0.515625	-0.51875	-0.521875	-0.525	-0.528125	-0.53125	-0.534375	-0.5375	-0.540625	-0.54375	-0.546875	-0.55	-0.553125	-0.55625	-0.559375	-0.5625	-0.565625	-0.56875	-0.571875	-0.575	-0.578125	-0.58125	-0.584375	-0.5875	-0.590625	-0.59375	-0.596875	-0.6	-0.603125	-0.60625	-0.609375	-0.6125	-0.615625	-0.61875	-0.621875	-0.625	-0.628125	-0.63125	-0.634375	-0.6375	-0.640625	-0.64375	-0.646875	-0.65	-0.653125	-0.65625	-0.659375	-0.6625	-0.665625	-0.66875	-0.671875	-0.675	-0.678125	-0.68125	-0.684375	-0.6875	-0.690625	-0.69375	-0.696875	-0.7	-0.703125	-0.70625	-0.709375	-0.7125	-0.715625	-0.71875	-0.721875	-0.725	-0.728125	-0.73125	-0.734375	-0.7375	-0.740625	-0.74375	-0.746875	-0.742188	-0.7375	-0.732813	-0.728125	-0.723438	-0.71875	-0.714063	-0.709375	-0.704688	-0.7	-0.695313	-0.690625	-0.685938	-0.68125	-0.676563	-0.671875	-0.667188	-0.6625	-0.657813	-0.653125	-0.648438	-0.64375	-0.639063	-0.634375	-0.629688	-0.625	-0.620313	-0.615625	-0.610938	-0.60625	-0.601563	-0.596875	-0.592188	-0.5875	-0.582813	-0.578125	-0.573438	-0.56875	-0.564063	-0.559375	-0.554688	-0.55	-0.545313	-0.540625	-0.535938	-0.53125	-0.526563	-0.521875	-0.517188	-0.5125	-0.507813	-0.503125	-0.498438	-0.49375	-0.489063	-0.484375	-0.479688	-0.475	-0.470313	-0.465625	-0.460938	-0.45625	-0.451563	-0.446875	-0.442188	-0.4375	-0.432813	-0.428125	-0.423438	-0.41875	-0.414063	-0.409375	-0.404688	-0.4	-0.395313	-0.390625	-0.385938	-0.38125	-0.376563	-0.371875	-0.367188	-0.3625	-0.357813	-0.353125	-0.348438	-0.34375	-0.339063	-0.334375	-0.329688	-0.325	-0.320313	-0.315625	-0.310938	-0.30625	-0.301563	-0.296875	-0.292188	-0.2875	-0.282813	-0.278125	-0.273438	-0.26875	-0.264063	-0.259375	-0.254688	-0.25	-0.245313	-0.240625	-0.235938	-0.23125	-0.226563	-0.221875	-0.217188	-0.2125	-0.207813	-0.203125	-0.198438	-0.19375	-0.189063	-0.184375	-0.179688	-0.175	-0.170313	-0.165625	-0.160938	-0.15625	-0.151563	-0.146875	-0.142188	-0.1375	-0.132813	-0.128125	-0.123438	-0.11875	-0.114063	-0.109375	-0.104688	-0.1	-0.0953125	-0.090625	-0.0859375	-0.08125	-0.0765625	-0.071875	-0.0671875	-0.0625	-0.0578125	-0.053125	-0.0484375	-0.04375	-0.0390625	-0.034375	-0.0296875	-0.025	-0.0203125	-0.015625	-0.0109375	-0.00625	-0.0015625	0.003125	0
0	-0.003125	-0.00625	-0.009375	-0.0125	-0.015625	-0.01875	-0.021875	-0.025	-0.028125	-0.03125	-0.034375	-0.0375	-0.040625	-0.04375	-0.046875	-0.05	-0.053125	-0.05625	-0.059375	-0.0625	-0.065625	-0.06875	-0.071875	-0.075	-0.078125	-0.08125	-0.084375	-0.0875	-0.090625	-0.09375	-0.096875	-0.1	-0.103125	-0.10625	-0.109375	-0.1125	-0.115625	-0.11875	-0.121875	-0.125	-0.128125	-0.13125	-0.134375	-0.1375	-0.140625	-0.14375	-0.146875	-0.15	-0.153125	-0.15625	-0.159375	-0.1625	-0.165625	-0.16875	-0.171875	-0.175	-0.178125	-0.18125	-0.184375	-0.1875	-0.190625	-0.19375	-0.196875	-0.2	-0.203125	-0.20625	-0.209375	-0.2125	-0.215625	-0.21875	-0.221875	-0.225	-0.228125	-0.23125	-0.234375	-0.2375	-0.240625	-0.24375	-0.246875	-0.25	-0.253125	-0.25625	-0.259375	-0.2625	-0.265625	-0.26875	-0.271875	-0.275	-0.278125	-0.28125	-0.284375	-0.2875	-0.290625	-0.29375	-0.296875	-0.3	-0.303125	-0.30625	-0.309375	-0.3125	-0.315625	-0.31875	-0.321875	-0.325	-0.328125	-0.33125	-0.334375	-0.3375	-0.340625	-0.34375	-0.346875	-0.35	-0.353125	-0.35625	-0.359375	-0.3625	-0.365625	-0.36875	-0.371875	-0.375	-0.378125	-0.38125	-0.384375	-0.3875	-0.390625	-0.39375	-0.396875	-0.4	-0.403125	-0.40625	-0.409375	-0.4125	-0.415625	-0.41875	-0.421875	-0.425	-0.428125	-0.43125	-0.434375	-0.4375	-0.440625	-0.44375	-0.446875	-0.45	-0.453125	-0.45625	-0.459375	-0.4625	-0.465625	-0.46875	-0.471875	-0.475	-0.478125	-0.48125	-0.484375	-0.4875	-0.490625	-0.49375	-0.496875	-0.5	-0.503125	-0.50625	-0.509375	-0.5125	-0.515625	-0.51875	-0.521875	-0.525	-0.528125	-0.53125	-0.534375	-0.5375	-0.540625	-0.54375	-0.546875	-0.55	-0.553125	-0.55625	-0.559375	-0.5625	-0.565625	-0.56875	-0.571875	-0.575	-0.578125	-0.58125	-0.584375	-0.5875	-0.590625	-0.59375	-0.596875	-0.6	-0.603125	-0.60625	-0.609375	-0.6125	-0.615625	-0.61875	-0.621875	-0.625	-0.628125	-0.63125	-0.634375	-0.6375	-0.640625	-0.64375	-0.646875	-0.65	-0.653125	-0.65625	-0.659375	-0.6625	-0.665625	-0.66875	-0.671875	-0.675	-0.678125	-0.68125	-0.684375	-0.679688	-0.675	-0.670313	-0.665625	-0.660938	-0.65625	-0.651563	-0.646875	-0.642188	-0.6375	-0.632813	-0.628125	-0.623438	-0.61875	-0.614063	-0.609375	-0.604688	-0.6	-0.595313	-0.590625	-0.585938	-0.58125	-0.576563	-0.571875	-0.567188	-0.5625	-0.557813	-0.553125	-0.548438	-0.54375	-0.539063	-0.534375	-0.529688	-0.525	-0.520313	-0.515625	-0.510938	-0.50625	-0.501563	-0.496875	-0.492188	-0.4875	-0.482813	-0.478125	-0.473438	-0.46875	-0.464063	-0.459375	-0.454688	-0.45	-0.445313	-0.440625	-0.435938	-0.43125	-0.426563	-0.421875	-0.417188	-0.4125	-0.407813	-0.403125	-0.398438	-0.39375	-0.389063	-0.384375	-0.379688	-0.375	-0.370313	-0.365625	-0.360938	-0.35625	-0.351563	-0.346875	-0.342188	-0.3375	-0.332813	-0.328125	-0.323438	-0.31875	-0.314063	-0.309375	-0.304688	-0.3	-0.295313	-0.290625	-0.285938	-0.28125	-0.276563	-0.271875	-0.267188	-0.2625	-0.257813	-0.253125	-0.248438	-0.24375	-0.239063	-0.234375	-0.229688	-0.225	-0.220313	-0.215625	-0.210938	-0.20625	-0.201563	-0.196875	-0.192188	-0.1875	-0.182813	-0.178125	-0.173438	-0.16875	-0.164063	-0.159375	-0.154688	-0.15	-0.145313	-0.140625	-0.135938	-0.13125	-0.126563	-0.121875	-0.117188	-0.1125	-0.107813	-0.103125	-0.0984375	-0.09375	-0.0890625	-0.084375	-0.0796875	-0.075	-0.0703125	-0.065625	-0.0609375	-0.05625	-0.0515625	-0.046875	-0.0421875	-0.0375	-0.0328125	-0.028125	-0.0234375	-0.01875	-0.0140625	-0.009375	-0.0046875	2.22045e-16	0.0046875	0.009375	0.0140625	0.01875	0.0234375	0.028125	0.0328125	0.0375	0.0421875	0.046875	0.0515625	0.05625	0.0609375	0.065625	0.0625	0.059375	0.05625	0.053125	0.05	0.046875	0.04375	0.040625	0.0375	0.034375	0.03125	0.028125	0.025	0.021875	0.01875	0.015625	0.0125	0.009375	0.00625	0.003125	0
0	-0.003125	-0.00625	-0.009375	-0.0125	-0.015625	-0.01875	-0.021875	-0.025	-0.028125	-0.03125	-0.034375	-0.0375	-0.040625	-0.04375	-0.046875	-0.05	-0.053125	-0.05625	-0.059375	-0.0625	-0.065625	-0.06875	-0.071875	-0.075	-0.078125	-0.08125	-0.084375	-0.0875	-0.090625	-0.09375	-0.096875	-0.1	-0.103125	-0.10625	-0.109375	-0.1125	-0.115625	-0.11875	-0.121875	-0.125	-0.128125	-0.13125	-0.134375	-0.1375	-0.140625	-0.14375	-0.146875	-0.15	-0.153125	-0.15625	-0.159375	-0.1625	-0.165625	-0.16875	-0.171875	-0.175	-0.178125	-0.18125	-0.184375	-0.1875	-0.190625	-0.19375	-0.196875	-0.2	-0.203125	-0.20625	-0.209375	-0.2125	-0.215625	-0.21875	-0.221875	-0.225	-0.228125	-0.23125	-0.234375	-0.2375	-0.240625	-0.24375	-0.246875	-0.25	-0.253125	-0.25625	-0.259375	-0.2625	-0.265625	-0.26875	-0.271875	-0.275	-0.278125	-0.28125	-0.284375	-0.2875	-0.290625	-0.29375	-0.296875	-0.3	-0.303125	-0.30625	-0.309375	-0.3125	-0.315625	-0.31875	-0.321875	-0.325	-0.328125	-0.33125	-0.334375	-0.3375	-0.340625	-0.34375	-0.346875	-0.35	-0.353125	-0.35625	-0.359375	-0.3625	-0.365625	-0.36875	-0.371875	-0.375	-0.378125	-0.38125	-0.384375	-0.3875	-0.390625	-0.39375	-0.396875	-0.4	-0.403125	-0.40625	-0.409375	-0.4125	-0.415625	-0.41875	-0.421875	-0.425	-0.428125	-0.43125	-0.434375	-0.4375	-0.440625	-0.44375	-0.446875	-0.45	-0.453125	-0.45625	-0.459375	-0.4625	-0.465625	-0.46875	-0.471875	-0.475	-0.478125	-0.48125	-0.484375	-0.4875	-0.490625	-0.49375	-0.496875	-0.5	-0.503125	-0.50625	-0.509375	-0.5125	-0.515625	-0.51875	-0.521875	-0.525	-0.528125	-0.53125	-0.534375	-0.5375	-0.540625	-0.54375	-0.546875	-0.55	-0.553125	-0.55625	-0.559375	-0.5625	-0.565625	-0.56875	-0.571875	-0.575	-0.578125	-0.58125	-0.584375	-0.5875	-0.590625	-0.59375	-0.596875	-0.6	-0.603125	-0.60625	-0.609375	-0.6125	-0.615625	-0.61875	-0.621875	-0.617188	-0.6125	-0.607813	-0.603125	-0.598438	-0.59375	-0.589063	-0.584375	-0.579688	-0.575	-0.570313	-0.565625	-0.560938	-0.55625	-0.551563	-0.546875	-0.542188	-0.5375	-0.532813	-0.528125	-0.523438	-0.51875	-0.514063	-0.509375	-0.504688	-0.5	-0.495313	-0.490625	-0.485938	-0.48125	-0.476563	-0.471875	-0.467188	-0.4625	-0.457813	-0.453125	-0.448438	-0.44375	-0.439063	-0.434375	-0.429688	-0.425	-0.420313	-0.415625	-0.410938	-0.40625	-0.401563	-0.396875	-0.392188	-0.3875	-0.382813	-0.378125	-0.373438	-0.36875	-0.364063	-0.359375	-0.354688	-0.35	-0.345313	-0.340625	-0.335938	-0.33125	-0.326563	-0.321875	-0.317188	-0.3125	-0.307813	-0.303125	-0.298438	-0.29375	-0.289063	-0.284375	-0.279688	-0.275	-0.270313	-0.265625	-0.260938	-0.25625	-0.251563	-0.246875	-0.242188	-0.2375	-0.232813	-0.228125	-0.223438	-0.21875	-0.214063	-0.209375	-0.204688	-0.2	-0.195313	-0.190625	-0.185938	-0.18125	-0.176563	-0.171875	-0.167188	-0.1625	-0.157813	-0.153125	-0.148438	-0.14375	-0.139063	-0.134375	-0.129688	-0.125	-0.120313	-0.115625	-0.110938	-0.10625	-0.101563	-0.096875	-0.0921875	-0.0875	-0.0828125	-0.078125	-0.0734375	-0.06875	-0.0640625	-0.059375	-0.0546875	-0.05	-0.0453125	-0.040625	-0.0359375	-0.03125	-0.0265625	-0.021875	-0.0171875	-0.0125	-0.0078125	-0.003125	0.0015625	0.00625	0.0109375	0.015625	0.0203125	0.025	0.0296875	0.034375	0.0390625	0.04375	0.0484375	0.053125	0.0578125	0.0625	0.0671875	0.071875	0.0765625	0.08125	0.0859375	0.090625	0.0953125	0.1	0.104687	0.109375	0.114062	0.11875	0.123437	0.128125	0.125	0.121875	0.11875	0.115625	0.1125	0.109375	0.10625	0.103125	0.1	0.096875	0.09375	0.090625	0.0875	0.084375	0.08125	0.078125	0.075	0.071875	0.06875	0.065625	0.0625	0.059375	0.05625	0.053125	0.05	0.046875	0.04375	0.040625	0.0375	0.034375	0.03125	0.028125	0.025	0.021875	0.01875	0.015625	0.0125	0.009375	0.00625	0.003125	0
0	-0.003125	-0.00625	-0.009375	-0.0125	-0.015625	-0.01875	-0.021875	-0.025	-0.028125	-0.03125	-0.034375	-0.0375	-0.040625	-0.04375	-0.046875	-0.05	-0.053125	-0.05625	-0.059375	-0.0625	-0.065625	-0.06875	-0.071875	-0.075	-0.078125	-0.08125	-0.084375	-0.0875	-0.090625	-0.09375	-0.096875	-0.1	-0.103125	-0.10625	-0.109375	-0.1125	-0.115625	-0.11875	-0.121875	-0.125	-0.128125	-0.13125	-0.134375	-0.1375	-0.140625	-0.14375	-0.146875	-0.15	-0.153125	-0.15625	-0.159375	-0.1625	-0.165625	-0.16875	-0.171875	-0.175	-0.178125	-0.18125	-0.184375	-0.1875	-0.190625	-0.19375	-0.196875	-0.2	-0.203125	-0.20625	-0.209375	-0.2125	-0.215625	-0.21875	-0.221875	-0.225	-0.228125	-0.23125	-0.234375	-0.2375	-0.240625	-0.24375	-0.246875	-0.25	-0.253125	-0.25625	-0.259375	-0.2625	-0.265625	-0.26875	-0.271875	-0.275	-0.278125	-0.28125	-0.284375	-0.2875	-0.290625	-0.29375	-0.296875	-0.3	-0.303125	-0.30625	-0.309375	-0.3125	-0.315625	-0.31875	-0.321875	-0.325	-0.328125	-0.33125	-0.334375	-0.3375	-0.340625	-0.34375	-0.346875	-0.35	-0.353125	-0.35625	-0.359375	-0.3625	-0.365625	-0.36875	-0.371875	-0.375	-0.378125	-0.38125	-0.384375	-0.3875	-0.390625	-0.39375	-0.396875	-0.4	-0.403125	-0.40625	-0.409375	-0.4125	-0.415625	-0.41875	-0.421875	-0.425	-0.428125	-0.43125	-0.434375	-0.4375	-0.440625	-0.44375	-0.446875	-0.45	-0.453125	-0.45625	-0.459375	-0.4625	-0.465625	-0.46875	-0.471875	-0.475	-0.478125	-0.48125	-0.484375	-0.4875	-0.490625	-0.49375	-0.496875	-0.5	-0.503125	-0.50625	-0.509375	-0.5125	-0.515625	-0.51875	-0.521875	-0.525	-0.528125	-0.53125	-0.534375	-0.5375	-0.540625	-0.54375	-0.546875	-0.55	-0.553125	-0.55625	-0.559375	-0.554688	-0.55	-0.545313	-0.540625	-0.535938	-0.53125	-0.526563	-0.521875	-0.517188	-0.5125	-0.507813	-0.503125	-0.498438	-0.49375	-0.489063	-0.484375	-0.479688	-0.475	-0.470313	-0.465625	-0.460938	-0.45625	-0.451563	-0.446875	-0.442188	-0.4375	-0.432813	-0.428125	-0.423438	-0.41875	-0.414063	-0.409375	-0.404688	-0.4	-0.395313	-0.390625	-0.385938	-0.38125	-0.376563	-0.371875	-0.367188	-0.3625	-0.357813	-0.353125	-0.348438	-0.34375	-0.339063	-0.334375	-0.329688	-0.325	-0.320313	-0.315625	-0.310938	-0.30625	-0.301563	-0.296875	-0.292188	-0.2875	-0.282813	-0.278125	-0.273438	-0.26875	-0.264063	-0.259375	-0.254688	-0.25	-0.245313	-0.240625	-0.235938	-0.23125	-0.226563	-0.221875	-0.217188	-0.2125	-0.207813	-0.203125	-0.198438	-0.19375	-0.189063	-0.184375	-0.179688	-0.175	-0.170313	-0.165625	-0.160938	-0.15625	-0.151563	-0.146875	-0.142188	-0.1375	-0.132813	-0.128125	-0.123438	-0.11875	-0.114063	-0.109375	-0.104688	-0.1	-0.0953125	-0.090625	-0.0859375	-0.08125	-0.0765625	-0.071875	-0.0671875	-0.0625	-0.0578125	-0.053125	-0.0484375	-0.04375	-0.0390625	-0.034375	-0.0296875	-0.025	-0.0203125	-0.015625	-0.0109375	-0.00625	-0.0015625	0.003125	0.0078125	0.0125	0.0171875	0.021875	0.0265625	0.03125	0.0359375	0.040625	0.0453125	0.05	0.0546875	0.059375	0.0640625	0.06875	0.0734375	0.078125	0.0828125	0.0875	0.0921875	0.096875	0.101562	0.10625	0.110937	0.115625	0.120312	0.125	0.129687	0.134375	0.139062	0.14375	0.148437	0.153125	0.157812	0.1625	0.167187	0.171875	0.176562	0.18125	0.185937	0.190625	0.1875	0.184375	0.18125	0.178125	0.175	0.171875	0.16875	0.165625	0.1625	0.159375	0.15625	0.153125	0.15	0.146875	0.14375	0.140625	0.1375	0.134375	0.13125	0.128125	0.125	0.121875	0.11875	0.115625	0.1125	0.109375	0.10625	0.103125	0.1	0.096875	0.09375	0.090625	0.0875	0.084375	0.08125	0.078125	0.075	0.071875	0.06875	0.065625	0.0625	0.059375	0.05625	0.053125	0.05	0.046875	0.04375	0.040625	0.0375	0.034375	0.03125	0.028125	0.025	0.021875	0.01875	0.015625	0.0125	0.009375	0.00625	0.003125	0
0	-0.003125	-0.00625	-0.009375	-0.0125	-0.015625	-0.01875	-0.021875	-0.025	-0.028125	-0.03125	-0.034375	-0.0375	-0.040625	-0.04375	-0.046875	-0.05	-0.053125	-0.05625	-0.059375	-0.0625	-0.065625	-0.06875	-0.071875	-0.075	-0.078125	-0.08125	-0.084375	-0.0875	-0.090625	-0.09375	-0.096875	-0.1	-0.103125	-0.10625	-0.109375	-0.1125	-0.115625	-0.11875	-0.121875	-0.125	-0.128125	-0.13125	-0.134375	-0.1375	-0.140625	-0.14375	-0.146875	-0.15	-0.153125	-0.15625	-0.159375	-0.1625	-0.165625	-0.16875	-0.171875	-0.175	-0.178125	-0.18125	-0.184375	-0.1875	-0.190625	-0.19375	-0.196875	-0.2	-0.203125	-0.20625	-0.209375	-0.2125	-0.215625	-0.21875	-0.221875	-0.225	-0.228125	-0.23125	-0.234375	-0.2375	-0.240625	-0.24375	-0.246875	-0.25	-0.253125	-0.25625	-0.259375	-0.2625	-0.265625	-0.26875	-0.271875	-0.275	-0.278125	-0.28125	-0.284375	-0.2875	-0.290625	-0.29375	-0.296875	-0.3	-0.303125	-0.30625	-0.309375	-0.3125	-0.315625	-0.31875	-0.321875	-0.325	-0.328125	-0.33125	-0.334375	-0.3375	-0.340625	-0.34375	-0.346875	-0.35	-0.353125	-0.35625	-0.359375	-0.3625	-0.365625	-0.36875	-0.371875	-0.375	-0.378125	-0.38125	-0.384375	-0.3875	-0.390625	-0.39375	-0.396875	-0.4	-0.403125	-0.40625	-0.409375	-0.4125	-0.415625	-0.41875	-0.421875	-0.425	-0.428125	-0.43125	-0.434375	-0.4375	-0.440625	-0.44375	-0.446875	-0.45	-0.453125	-0.45625	-0.459375	-0.4625	-0.465625	-0.46875	-0.471875	-0.475	-0.478125	-0.48125	-0.484375	-0.4875	-0.490625	-0.49375	-0.496875	-0.492188	-0.4875	-0.482813	-0.478125	-0.473438	-0.46875	-0.464063	-0.459375	-0.454688	-0.45	-0.445313	-0.440625	-0.435938	-0.43125	-0.426563	-0.421875	-0.417188	-0.4125	-0.407813	-0.403125	-0.398438	-0.39375	-0.389063	-0.384375	-0.379688	-0.375	-0.370313	-0.365625	-0.360938	-0.35625	-0.351563	-0.346875	-0.342188	-0.3375	-0.332813	-0.328125	-0.323438	-0.31875	-0.314063	-0.309375	-0.304688	-0.3	-0.295313	-0.290625	-0.285938	-0.28125	-0.276563	-0.271875	-0.267188	-0.2625	-0.257813	-0.253125	-0.248438	-0.24375	-0.239063	-0.234375	-0.229688	-0.225	-0.220313	-0.215625	-0.210938	-0.20625	-0.201563	-0.196875	-0.192188	-0.1875	-0.182813	-0.178125	-0.173438	-0.16875	-0.164063	-0.159375	-0.154688	-0.15	-0.145313	-0.140625	-0.135938	-0.13125	-0.126563	-0.121875	-0.117188	-0.1125	-0.107813	-0.103125	-0.0984375	-0.09375	-0.0890625	-0.084375	-0.0796875	-0.075	-0.0703125	-0.065625	-0.0609375	-0.05625	-0.0515625	-0.046875	-0.0421875	-0.0375	-0.0328125	-0.028125	-0.0234375	-0.01875	-0.0140625	-0.009375	-0.0046875	1.11022e-16	0.0046875	0.009375	0.0140625	0.01875	0.0234375	0.028125	0.0328125	0.0375	0.0421875	0.046875	0.0515625	0.05625	0.0609375	0.065625	0.0703125	0.075	0.0796875	0.084375	0.0890625	0.09375	0.0984375	0.103125	0.107812	0.1125	0.117187	0.121875	0.126562	0.13125	0.135937	0.140625	0.145312	0.15	0.154687	0.159375	0.164062	0.16875	0.173437	0.178125	0.182812	0.1875	0.192187	0.196875	0.201562	0.20625	0.210937	0.215625	0.220312	0.225	0.229687	0.234375	0.239062	0.24375	0.248437	0.253125	0.25	0.246875	0.24375	0.240625	0.2375	0.234375	0.23125	0.228125	0.225	0.221875	0.21875	0.215625	0.2125	0.209375	0.20625	0.203125	0.2	0.196875	0.19375	0.190625	0.1875	0.184375	0.18125	0.178125	0.175	0.171875	0.16875	0.165625	0.1625	0.159375	0.15625	0.153125	0.15	0.146875	0.14375	0.140625	0.1375	0.134375	0.13125	0.128125	0.125	0.121875	0.11875	0.115625	0.1125	0.109375	0.10625	0.103125	0.1	0.096875	0.09375	0.090625	0.0875	0.084375	0.08125	0.078125	0.075	0.071875	0.06875	0.065625	0.0625	0.059375	0.05625	0.053125	0.05	0.046875	0.04375	0.040625	0.0375	0.034375	0.03125	0.028125	0.025	0.021875	0.01875	0.015625	0.0125	0.009375	0.00625	0.003125	0
0	-0.003125	-0.00625	-0.009375	-0.0125	-0.015625	-0.01875	-0.021875	-0.025	-0.028125	-0.03125	-0.034375	-0.0375	-0.040625	-0.04375	-0.046875	-0.05	-0.053125	-0.05625	-0.059375	-0.0625	-0.065625	-0.06875	-0.071875	-0.075	-0.078125	-0.08125	-0.084375	-0.0875	-0.090625	-0.09375	-0.096875	-0.1	-0.103125	-0.10625	-0.109375	-0.1125	-0.115625	-0.11875	-0.121875	-0.125	-0.128125	-0.13125	-0.134375	-0.1375	-0.140625	-0.14375	-0.146875	-0.15	-0.153125	-0.15625	-0.159375	-0.1625	-0.165625	-0.16875	-0.171875	-0.175	-0.178125	-0.18125	-0.184375	-0.1875	-0.190625	-0.19375	-0.196875	-0.2	-0.203125	-0.20625	-0.209375	-0.2125	-0.215625	-0.21875	-0.221875	-0.225	-0.228125	-0.23125	-0.234375	-0.2375	-0.240625	-0.24375	-0.246875	-0.25	-0.253125	-0.25625	-0.259375	-0.2625	-0.265625	-0.26875	-0.271875	-0.275	-0.278125	-0.28125	-0.284375	-0.2875	-0.290625	-0.29375	-0.296875	-0.3	-0.303125	-0.30625	-0.309375	-0.3125	-0.315625	-0.31875	-0.321875	-0.325	-0.328125	-0.33125	-0.334375	-0.3375	-0.340625	-0.34375	-0.346875	-0.35	-0.353125	-0.35625	-0.359375	-0.3625	-0.365625	-0.36875	-0.371875	-0.375	-0.378125	-0.38125	-0.384375	-0.3875	-0.390625	-0.39375	-0.396875	-0.4	-0.403125	-0.40625	-0.409375	-0.4125	-0.415625	-0.41875	-0.421875	-0.425	-0.428125	-0.43125	-0.434375	-0.429688	-0.425	-0.420313	-0.415625	-0.410938	-0.40625	-0.401563	-0.396875	-0.392188	-0.3875	-0.382813	-0.378125	-0.373438	-0.36875	-0.364063	-0.359375	-0.354688	-0.35	-0.345313	-0.340625	-0.335938	-0.33125	-0.326563	-0.321875	-0.317188	-0.3125	-0.307813	-0.303125	-0.298438	-0.29375	-0.289063	-0.284375	-0.279688	-0.275	-0.270313	-0.265625	-0.260938	-0.25625	-0.251563	-0.246875	-0.242188	-0.2375	-0.232813	-0.228125	-0.223438	-0.21875	-0.214063	-0.209375	-0.204688	-0.2	-0.195313	-0.190625	-0.185938	-0.18125	-0.176563	-0.171875	-0.167188	-0.1625	-0.157813	-0.153125	-0.148438	-0.14375	-0.139063	-0.134375	-0.129688	-0.125	-0.120313	-0.115625	-0.110938	-0.10625	-0.101563	-0.096875	-0.0921875	-0.0875	-0.0828125	-0.078125	-0.0734375	-0.06875	-0.0640625	-0.059375	-0.0546875	-0.05	-0.0453125	-0.040625	-0.0359375	-0.03125	-0.0265625	-0.021875	-0.0171875	-0.0125	-0.0078125	-0.003125	0.0015625	0.00625	0.0109375	0.015625	0.0203125	0.025	0.0296875	0.034375	0.0390625	0.04375	0.0484375	0.053125	0.0578125	0.0625	0.0671875	0.071875	0.0765625	0.08125	0.0859375	0.090625	0.0953125	0.1	0.104687	0.109375	0.114062	0.11875	0.123437	0.128125	0.132812	0.1375	0.142187	0.146875	0.151562	0.15625	0.160937	0.165625	0.170312	0.175	0.179687	0.184375	0.189062	0.19375	0.198437	0.203125	0.207812	0.2125	0.217187	0.221875	0.226562	0.23125	0.235937	0.240625	0.245312	0.25	0.254687	0.259375	0.264062	0.26875	0.273437	0.278125	0.282812	0.2875	0.292187	0.296875	0.301562	0.30625	0.310937	0.315625	0.3125	0.309375	0.30625	0.303125	0.3	0.296875	0.29375	0.290625	0.2875	0.284375	0.28125	0.278125	0.275	0.271875	0.26875	0.265625	0.2625	0.259375	0.25625	0.253125	0.25	0.246875	0.24375	0.240625	0.2375	0.234375	0.23125	0.228125	0.225	0.221875	0.21875	0.215625	0.2125	0.209375	0.20625	0.203125	0.2	0.196875	0.19375	0.190625	0.1875	0.184375	0.18125	0.178125	0.175	0.171875	0.16875	0.165625	0.1625	0.159375	0.15625	0.153125	0.15	0.146875	0.14375	0.140625	0.1375	0.134375	0.13125	0.128125	0.125	0.121875	0.11875	0.115625	0.1125	0.109375	0.10625	0.103125	0.1	0.096875	0.09375	0.090625	0.0875	0.084375	0.08125	0.078125	0.075	0.071875	0.06875	0.065625	0.0625	0.059375	0.05625	0.053125	0.05	0.046875	0.04375	0.040625	0.0375	0.034375	0.03125	0.028125	0.025	0.021875	0.01875	0.015625	0.0125	0.009375	0.00625	0.003125	0
0	-0.003125	-0.00625	-0.009375	-0.0125	-0.015625	-0.01875	-0.021875	-0.025	-0.028125	-0.03125	-0.034375	-0.0375	-0.040625	-0.04375	-0.046875	-0.05	-0.053125	-0.05625	-0.059375	-0.0625	-0.065625	-0.06875	-0.071875	-0.075	-0.078125	-0.08125	-0.084375	-0.0875	-0.090625	-0.09375	-0.096875	-0.1	-0.103125	-0.10625	-0.109375	-0.1125	-0.115625	-0.11875	-0.121875	-0.125	-0.128125	-0.13125	-0.134375	-0.1375	-0.140625	-0.14375	-0.146875	-0.15	-0.153125	-0.15625	-0.159375	-0.1625	-0.165625	-0.16875	-0.171875	-0.175	-0.178125	-0.18125	-0.184375	-0.1875	-0.190625	-0.19375	-0.196875	-0.2	-0.203125	-0.20625	-0.209375	-0.2125	-0.215625	-0.21875	-0.221875	-0.225	-0.228125	-0.23125	-0.234375	-0.2375	-0.240625	-0.24375	-0.246875	-0.25	-0.253125	-0.25625	-0.259375	-0.2625	-0.265625	-0.26875	-0.271875	-0.275	-0.278125	-0.28125	-0.284375	-0.2875	-0.290625	-0.29375	-0.296875	-0.3	-0.303125	-0.30625	-0.309375	-0.3125	-0.315625	-0.31875	-0.321875	-0.325	-0.328125	-0.33125	-0.334375	-0.3375	-0.340625	-0.34375	-0.346875	-0.35	-0.353125	-0.35625	-0.359375	-0.3625	-0.365625	-0.36875	-0.371875	-0.367188	-0.3625	-0.357813	-0.353125	-0.348438	-0.34375	-0.339063	-0.334375	-0.329688	-0.325	-0.320313	-0.315625	-0.310938	-0.30625	-0.301563	-0.296875	-0.292188	-0.2875	-0.282813	-0.278125	-0.273438	-0.26875	-0.264063	-0.259375	-0.254688	-0.25	-0.245313	-0.240625	-0.235938	-0.23125	-0.226563	-0.221875	-0.217188	-0.2125	-0.207813	-0.203125	-0.198438	-0.19375	-0.189063	-0.184375	-0.179688	-0.175	-0.170313	-0.165625	-0.160938	-0.15625	-0.151563	-0.146875	-0.142188	-0.1375	-0.132813	-0.128125	-0.123438	-0.11875	-0.114063	-0.109375	-0.104688	-0.1	-0.0953125	-0.090625	-0.0859375	-0.08125	-0.0765625	-0.071875	-0.0671875	-0.0625	-0.0578125	-0.053125	-0.0484375	-0.04375	-0.0390625	-0.034375	-0.0296875	-0.025	-0.0203125	-0.015625	-0.0109375	-0.00625	-0.0015625	0.003125	0.0078125	0.0125	0.0171875	0.021875	0.0265625	0.03125	0.0359375	0.040625	0.0453125	0.05	0.0546875	0.059375	0.0640625	0.06875	0.0734375	0.078125	0.0828125	0.0875	0.0921875	0.096875	0.101562	0.10625	0.110937	0.115625	0.120312	0.125	0.129687	0.134375	0.139062	0.14375	0.148437	0.153125	0.157812	0.1625	0.167187	0.171875	0.176562	0.18125	0.185937	0.190625	0.195312	0.2	0.204687	0.209375	0.214062	0.21875	0.223437	0.228125	0.232812	0.2375	0.242187	0.246875	0.251562	0.25625	0.260937	0.265625	0.270312	0.275	0.279687	0.284375	0.289062	0.29375	0.298437	0.303125	0.307812	0.3125	0.317187	0.321875	0.326562	0.33125	0.335937	0.340625	0.345312	0.35	0.354687	0.359375	0.364062	0.36875	0.373437	0.378125	0.375	0.371875	0.36875	0.365625	0.3625	0.359375	0.35625	0.353125	0.35	0.346875	0.34375	0.340625	0.3375	0.334375	0.33125	0.328125	0.325	0.321875	0.31875	0.315625	0.3125	0.309375	0.30625	0.303125	0.3	0.296875	0.29375	0.290625	0.2875	0.284375	0.28125	0.278125	0.275	0.271875	0.26875	0.265625	0.2625	0.259375	0.25625	0.253125	0.25	0.246875	0.24375	0.240625	0.2375	0.234375	0.23125	0.228125	0.225	0.221875	0.21875	0.215625	0.2125	0.209375	0.20625	0.203125	0.2	0.196875	0.19375	0.190625	0.1875	0.184375	0.18125	0.178125	0.175	0.171875	0.16875	0.165625	0.1625	0.159375	0.15625	0.153125	0.15	0.146875	0.14375	0.140625	0.1375	0.134375	0.13125	0.128125	0.125	0.121875	0.11875	0.115625	0.1125	0.109375	0.10625	0.103125	0.1	0.096875	0.09375	0.090625	0.0875	0.084375	0.08125	0.078125	0.075	0.071875	0.06875	0.065625	0.0625	0.059375	0.05625	0.053125	0.05	0.046875	0.04375	0.040625	0.0375	0.034375	0.03125	0.028125	0.025	0.021875	0.01875	0.015625	0.0125	0.009375	0.00625	0.003125	0
0	-0.003125	-0.00625	-0.009375	-0.0125	-0.015625	-0.01875	-0.021875	-0.025	-0.028125	-0.03125	-0.034375	-0.0375	-0.040625	-0.04375	-0.046875	-0.05	-0.053125	-0.05625	-0.059375	-0.0625	-0.065625	-0.06875	-0.071875	-0.075	-0.078125	-0.08125	-0.084375	-0.0875	-0.090625	-0.09375	-0.096875	-0.1	-0.103125	-0.10625	-0.109375	-0.1125	-0.115625	-0.11875	-0.121875	-0.125	-0.128125	-0.13125	-0.134375	-0.1375	-0.140625	-0.14375	-0.146875	-0.15	-0.153125	-0.15625	-0.159375	-0.1625	-0.165625	-0.16875	-0.171875	-0.175	-0.178125	-0.18125	-0.184375	-0.1875	-0.190625	-0.19375	-0.196875	-0.2	-0.203125	-0.20625	-0.209375	-0.2125	-0.215625	-0.21875	-0.221875	-0.225	-0.228125	-0.23125	-0.234375	-0.2375	-0.240625	-0.24375	-0.246875	-0.25	-0.253125	-0.25625	-0.259375	-0.2625	-0.265625	-0.26875	-0.271875	-0.275	-0.278125	-0.28125	-0.284375	-0.2875	-0.290625	-0.29375	-0.296875	-0.3	-0.303125	-0.30625	-0.309375	-0.304688	-0.3	-0.295313	-0.290625	-0.285938	-0.28125	-0.276563	-0.271875	-0.267188	-0.2625	-0.257813	-0.253125	-0.248438	-0.24375	-0.239063	-0.234375	-0.229688	-0.225	-0.220313	-0.215625	-0.210938	-0.20625	-0.201563	-0.196875	-0.192188	-0.1875	-0.182813	-0.178125	-0.173438	-0.16875	-0.164063	-0.159375	-0.154688	-0.15	-0.145313	-0.140625	-0.135938	-0.13125	-0.126563	-0.121875	-0.117188	-0.1125	-0.107813	-0.103125	-0.0984375	-0.09375	-0.0890625	-0.084375	-0.0796875	-0.075	-0.0703125	-0.065625	-0.0609375	-0.05625	-0.0515625	-0.046875	-0.0421875	-0.0375	-0.0328125	-0.028125	-0.0234375	-0.01875	-0.0140625	-0.009375	-0.0046875	-1.77636e-15	0.0046875	0.009375	0.0140625	0.01875	0.0234375	0.028125	0.0328125	0.0375	0.0421875	0.046875	0.0515625	0.05625	0.0609375	0.065625	0.0703125	0.075	0.0796875	0.084375	0.0890625	0.09375	0.0984375	0.103125	0.107812	0.1125	0.117187	0.121875	0.126562	0.13125	0.135937	0.140625	0.145312	0.15	0.154687	0.159375	0.164062	0.16875	0.173437	0.178125	0.182812	0.1875	0.192187	0.196875	0.201562	0.20625	0.210937	0.215625	0.220312	0.225	0.229687	0.234375	0.239062	0.24375	0.248437	0.253125	0.257812	0.2625	0.267187	0.271875	0.276562	0.28125	0.285937	0.290625	0.295312	0.3	0.304687	0.309375	0.314062	0.31875	0.323437	0.328125	0.332812	0.3375	0.342187	0.346875	0.351562	0.35625	0.360937	0.365625	0.370312	0.375	0.379687	0.384375	0.389062	0.39375	0.398437	0.403125	0.407812	0.4125	0.417187	0.421875	0.426562	0.43125	0.435937	0.440625	0.4375	0.434375	0.43125	0.428125	0.425	0.421875	0.41875	0.415625	0.4125	0.409375	0.40625	0.403125	0.4	0.396875	0.39375	0.390625	0.3875	0.384375	0.38125	0.378125	0.375	0.371875	0.36875	0.365625	0.3625	0.359375	0.35625	0.353125	0.35	0.346875	0.34375	0.340625	0.3375	0.334375	0.33125	0.328125	0.325	0.321875	0.31875	0.315625	0.3125	0.309375	0.30625	0.303125	0.3	0.296875	0.29375	0.290625	0.2875	0.284375	0.28125	0.278125	0.275	0.271875	0.26875	0.265625	0.2625	0.259375	0.25625	0.253125	0.25	0.246875	0.24375	0.240625	0.2375	0.234375	0.23125	0.228125	0.225	0.221875	0.21875	0.215625	0.2125	0.209375	0.20625	0.203125	0.2	0.196875	0.19375	0.190625	0.1875	0.184375	0.18125	0.178125	0.175	0.171875	0.16875	0.165625	0.1625	0.159375	0.15625	0.153125	0.15	0.146875	0.14375	0.140625	0.1375	0.134375	0.13125	0.128125	0.125	0.121875	0.11875	0.115625	0.1125	0.109375	0.10625	0.103125	0.1	0.096875	0.09375	0.090625	0.0875	0.084375	0.08125	0.078125	0.075	0.071875	0.06875	0.065625	0.0625	0.059375	0.05625	0.053125	0.05	0.046875	0.04375	0.040625	0.0375	0.034375	0.03125	0.028125	0.025	0.021875	0.01875	0.015625	0.0125	0.009375	0.00625	0.003125	0
0	-0.003125	-0.00625	-0.009375	-0.0125	-0.015625	-0.01875	-0.021875	-0.025	-0.028125	-0.03125	-0.034375	-0.0375	-0.040625	-0.04375	-0.046875	-0.05	-0.053125	-0.05625	-0.059375	-0.0625	-0.065625	-0.06875	-0.071875	-0.075	-0.078125	-0.08125	-0.084375	-0.0875	-0.090625	-0.09375	-0.096875	-0.1	-0.103125	-0.10625	-0.109375	-0.1125	-0.115625	-0.11875	-0.121875	-0.125	-0.128125	-0.13125	-0.134375	-0.1375	-0.140625	-0.14375	-0.146875	-0.15	-0.153125	-0.15625	-0.159375	-0.1625	-0.165625	-0.16875	-0.171875	-0.175	-0.178125	-0.18125	-0.184375	-0.1875	-0.190625	-0.19375	-0.196875	-0.2	-0.203125	-0.20625	-0.209375	-0.2125	-0.215625	-0.21875	-0.221875	-0.225	-0.228125	-0.23125	-0.234375	-0.2375	-0.240625	-0.24375	-0.246875	-0.242188	-0.2375	-0.232813	-0.228125	-0.223438	-0.21875	-0.214063	-0.209375	-0.204688	-0.2	-0.195313	-0.190625	-0.185938	-0.18125	-0.176563	-0.171875	-0.167188	-0.1625	-0.157813	-0.153125	-0.148438	-0.14375	-0.139063	-0.134375	-0.129688	-0.125	-0.120313	-0.115625	-0.110938	-0.10625	-0.101563	-0.096875	-0.0921875	-0.0875	-0.0828125	-0.078125	-0.0734375	-0.06875	-0.0640625	-0.059375	-0.0546875	-0.05	-0.0453125	-0.040625	-0.0359375	-0.03125	-0.0265625	-0.021875	-0.0171875	-0.0125	-0.0078125	-0.003125	0.0015625	0.00625	0.0109375	0.015625	0.0203125	0.025	0.0296875	0.034375	0.0390625	0.04375	0.0484375	0.053125	0.0578125	0.0625	0.0671875	0.071875	0.0765625	0.08125	0.0859375	0.090625	0.0953125	0.1	0.104687	0.109375	0.114062	0.11875	0.123437	0.128125	0.132812	0.1375	0.142187	0.146875	0.151562	0.15625	0.160937	0.165625	0.170312	0.175	0.179687	0.184375	0.189062	0.19375	0.198437	0.203125	0.207812	0.2125	0.217187	0.221875	0.226562	0.23125	0.235937	0.240625	0.245312	0.25	0.254687	0.259375	0.264062	0.26875	0.273437	0.278125	0.282812	0.2875	0.292187	0.296875	0.301562	0.30625	0.310937	0.315625	0.320312	0.325	0.329687	0.334375	0.339062	0.34375	0.348437	0.353125	0.357812	0.3625	0.367187	0.371875	0.376562	0.38125	0.385937	0.390625	0.395312	0.4	0.404687	0.409375	0.414062	0.41875	0.423437	0.428125	0.432812	0.4375	0.442187	0.446875	0.451562	0.45625	0.460937	0.465625	0.470312	0.475	0.479687	0.484375	0.489062	0.49375	0.498437	0.503125	0.5	0.496875	0.49375	0.490625	0.4875	0.484375	0.48125	0.478125	0.475	0.471875	0.46875	0.465625	0.4625	0.459375	0.45625	0.453125	0.45	0.446875	0.44375	0.440625	0.4375	0.434375	0.43125	0.428125	0.425	0.421875	0.41875	0.415625	0.4125	0.409375	0.40625	0.403125	0.4	0.396875	0.39375	0.390625	0.3875	0.384375	0.38125	0.378125	0.375	0.371875	0.36875	0.365625	0.3625	0.359375	0.35625	0.353125	0.35	0.346875	0.34375	0.340625	0.3375	0.334375	0.33125	0.328125	0.325	0.321875	0.31875	0.315625	0.3125	0.309375	0.30625	0.303125	0.3	0.296875	0.29375	0.290625	0.2875	0.284375	0.28125	0.278125	0.275	0.271875	0.26875	0.265625	0.2625	0.259375	0.25625	0.253125	0.25	0.246875	0.24375	0.240625	0.2375	0.234375	0.23125	0.228125	0.225	0.221875	0.21875	0.215625	0.2125	0.209375	0.20625	0.203125	0.2	0.196875	0.19375	0.190625	0.1875	0.184375	0.18125	0.178125	0.175	0.171875	0.16875	0.165625	0.1625	0.159375	0.15625	0.153125	0.15	0.146875	0.14375	0.140625	0.1375	0.134375	0.13125	0.128125	0.125	0.121875	0.11875	0.115625	0.1125	0.109375	0.10625	0.103125	0.1	0.096875	0.09375	0.090625	0.0875	0.084375	0.08125	0.078125	0.075	0.071875	0.06875	0.065625	0.0625	0.059375	0.05625	0.053125	0.05	0.046875	0.04375	0.040625	0.0375	0.034375	0.03125	0.028125	0.025	0.021875	0.01875	0.015625	0.0125	0.009375	0.00625	0.003125	0
0	-0.003125	-0.00625	-0.009375	-0.0125	-0.015625	-0.01875	-0.021875	-0.025	-0.028125	-0.03125	-0.034375	-0.0375	-0.040625	-0.04375	-0.046875	-0.05	-0.053125	-0.05625	-0.059375	-0.0625	-0.065625	-0.06875	-0.071875	-0.075	-0.078125	-0.08125	-0.084375	-0.0875	-0.090625	-0.09375	-0.096875	-0.1	-0.103125	-0.10625	-0.109375	-0.1125	-0.115625	-0.11875	-0.121875	-0.125	-0.128125	-0.13125	-0.134375	-0.1375	-0.140625	-0.14375	-0.146875	-0.15	-0.153125	-0.15625	-0.159375	-0.1625	-0.165625	-0.16875	-0.171875	-0.175	-0.178125	-0.18125	-0.184375	-0.179688	-0.175	-0.170313	-0.165625	-0.160938	-0.15625	-0.151563	-0.146875	-0.142188	-0.1375	-0.132813	-0.128125	-0.123438	-0.11875	-0.114063	-0.109375	-0.104688	-0.1	-0.0953125	-0.090625	-0.0859375	-0.08125	-0.0765625	-0.071875	-0.0671875	-0.0625	-0.0578125	-0.053125	-0.0484375	-0.04375	-0.0390625	-0.034375	-0.0296875	-0.025	-0.0203125	-0.015625	-0.0109375	-0.00625	-0.0015625	0.003125	0.0078125	0.0125	0.0171875	0.021875	0.0265625	0.03125	0.0359375	0.040625	0.0453125	0.05	0.0546875	0.059375	0.0640625	0.06875	0.0734375	0.078125	0.0828125	0.0875	0.0921875	0.096875	0.101562	0.10625	0.110937	0.115625	0.120312	0.125	0.129687	0.134375	0.139062	0.14375	0.148437	0.153125	0.157812	0.1625	0.167187	0.171875	0.176562	0.18125	0.185937	0.190625	0.195312	0.2	0.204687	0.209375	0.214062	0.21875	0.223437	0.228125	0.232812	0.2375	0.242187	0.246875	0.251562	0.25625	0.260937	0.265625	0.270312	0.275	0.279687	0.284375	0.289062	0.29375	0.298437	0.303125	0.307812	0.3125	0.317187	0.321875	0.326562	0.33125	0.335937	0.340625	0.345312	0.35	0.354687	0.359375	0.364062	0.36875	0.373437	0.378125	0.382812	0.3875	0.392187	0.396875	0.401562	0.40625	0.410937	0.415625	0.420312	0.425	0.429687	0.434375	0.439062	0.44375	0.448437	0.453125	0.457812	0.4625	0.467187	0.471875	0.476562	0.48125	0.485937	0.490625	0.495312	0.5	0.504687	0.509375	0.514062	0.51875	0.523437	0.528125	0.532812	0.5375	0.542187	0.546875	0.551562	0.55625	0.560937	0.565625	0.5625	0.559375	0.55625	0.553125	0.55	0.546875	0.54375	0.540625	0.5375	0.534375	0.53125	0.528125	0.525	0.521875	0.51875	0.515625	0.5125	0.509375	0.50625	0.503125	0.5	0.496875	0.49375	0.490625	0.4875	0.484375	0.48125	0.478125	0.475	0.471875	0.46875	0.465625	0.4625	0.459375	0.45625	0.453125	0.45	0.446875	0.44375	0.440625	0.4375	0.434375	0.43125	0.428125	0.425	0.421875	0.41875	0.415625	0.4125	0.409375	0.40625	0.403125	0.4	0.396875	0.39375	0.390625	0.3875	0.384375	0.38125	0.378125	0.375	0.371875	0.36875	0.365625	0.3625	0.359375	0.35625	0.353125	0.35	0.346875	0.34375	0.340625	0.3375	0.334375	0.33125	0.328125	0.325	0.321875	0.31875	0.315625	0.3125	0.309375	0.30625	0.303125	0.3	0.296875	0.29375	0.290625	0.2875	0.284375	0.28125	0.278125	0.275	0.271875	0.26875	0.265625	0.2625	0.259375	0.25625	0.253125	0.25	0.246875	0.24375	0.240625	0.2375	0.234375	0.23125	0.228125	0.225	0.221875	0.21875	0.215625	0.2125	0.209375	0.20625	0.203125	0.2	0.196875	0.19375	0.190625	0.1875	0.184375	0.18125	0.178125	0.175	0.171875	0.16875	0.165625	0.1625	0.159375	0.15625	0.153125	0.15	0.146875	0.14375	0.140625	0.1375	0.134375	0.13125	0.128125	0.125	0.121875	0.11875	0.115625	0.1125	0.109375	0.10625	0.103125	0.1	0.096875	0.09375	0.090625	0.0875	0.084375	0.08125	0.078125	0.075	0.071875	0.06875	0.065625	0.0625	0.059375	0.05625	0.053125	0.05	0.046875	0.04375	0.040625	0.0375	0.034375	0.03125	0.028125	0.025	0.021875	0.01875	0.015625	0.0125	0.009375	0.00625	0.003125	0
0	-0.003125	-0.00625	-0.009375	-0.0125	-0.015625	-0.01875	-0.021875	-0.025	-0.028125	-0.03125	-0.034375	-0.0375	-0.040625	-0.04375	-0.046875	-0.05	-0.053125	-0.05625	-0.059375	-0.0625	-0.065625	-0.06875	-0.071875	-0.075	-0.078125	-0.08125	-0.084375	-0.0875	-0.090625	-0.09375	-0.096875	-0.1	-0.103125	-0.10625	-0.109375	-0.1125	-0.115625	-0.11875	-0.121875	-0.117188	-0.1125	-0.107813	-0.103125	-0.0984375	-0.09375	-0.0890625	-0.084375	-0.0796875	-0.075	-0.0703125	-0.065625	-0.0609375	-0.05625	-0.0515625	-0.046875	-0.0421875	-0.0375	-0.0328125	-0.028125	-0.0234375	-0.01875	-0.0140625	-0.009375	-0.0046875	-7.77156e-16	0.0046875	0.009375	0.0140625	0.01875	0.0234375	0.028125	0.0328125	0.0375	0.0421875	0.046875	0.0515625	0.05625	0.0609375	0.065625	0.0703125	0.075	0.0796875	0.084375	0.0890625	0.09375	0.0984375	0.103125	0.107812	0.1125	0.117187	0.121875	0.126562	0.13125	0.135937	0.140625	0.145312	0.15	0.154687	0.159375	0.164062	0.16875	0.173437	0.178125	0.182812	0.1875	0.192187	0.196875	0.201562	0.20625	0.210937	0.215625	0.220312	0.225	0.229687	0.234375	0.239062	0.24375	0.248437	0.253125	0.257812	0.2625	0.267187	0.271875	0.276562	0.28125	0.285937	0.290625	0.295312	0.3	0.304687	0.309375	0.314062	0.31875	0.323437	0.328125	0.332812	0.3375	0.342187	0.346875	0.351562	0.35625	0.360937	0.365625	0.370312	0.375	0.379687	0.384375	0.389062	0.39375	0.398437	0.403125	0.407812	0.4125	0.417187	0.421875	0.426562	0.43125	0.435937	0.440625	0.445312	0.45	0.454687	0.459375	0.464062	0.46875	0.473437	0.478125	0.482812	0.4875	0.492187	0.496875	0.501562	0.50625	0.510937	0.515625	0.520312	0.525	0.529687	0.534375	0.539062	0.54375	0.548437	0.553125	0.557812	0.5625	0.567187	0.571875	0.576562	0.58125	0.585937	0.590625	0.595312	0.6	0.604687	0.609375	0.614062	0.61875	0.623437	0.628125	0.625	0.621875	0.61875	0.615625	0.6125	0.609375	0.60625	0.603125	0.6	0.596875	0.59375	0.590625	0.5875	0.584375	0.58125	0.578125	0.575	0.571875	0.56875	0.565625	0.5625	0.559375	0.55625	0.553125	0.55	0.546875	0.54375	0.540625	0.5375	0.534375	0.53125	0.528125	0.525	0.521875	0.51875	0.515625	0.5125	0.509375	0.50625	0.503125	0.5	0.496875	0.49375	0.490625	0.4875	0.484375	0.48125	0.478125	0.475	0.471875	0.46875	0.465625	0.4625	0.459375	0.45625	0.453125	0.45	0.446875	0.44375	0.440625	0.4375	0.434375	0.43125	0.428125	0.425	0.421875	0.41875	0.415625	0.4125	0.409375	0.40625	0.403125	0.4	0.396875	0.39375	0.390625	0.3875	0.384375	0.38125	0.378125	0.375	0.371875	0.36875	0.365625	0.3625	0.359375	0.35625	0.353125	0.35	0.346875	0.34375	0.340625	0.3375	0.334375	0.33125	0.328125	0.325	0.321875	0.31875	0.315625	0.3125	0.309375	0.30625	0.303125	0.3	0.296875	0.29375	0.290625	0.2875	0.284375	0.28125	0.278125	0.275	0.271875	0.26875	0.265625	0.2625	0.259375	0.25625	0.253125	0.25	0.246875	0.24375	0.240625	0.2375	0.234375	0.23125	0.228125	0.225	0.221875	0.21875	0.215625	0.2125	0.209375	0.20625	0.203125	0.2	0.196875	0.19375	0.190625	0.1875	0.184375	0.18125	0.178125	0.175	0.171875	0.16875	0.165625	0.1625	0.159375	0.15625	0.153125	0.15	0.146875	0.14375	0.140625	0.1375	0.134375	0.13125	0.128125	0.125	0.121875	0.11875	0.115625	0.1125	0.109375	0.10625	0.103125	0.1	0.096875	0.09375	0.090625	0.0875	0.084375	0.08125	0.078125	0.075	0.071875	0.06875	0.065625	0.0625	0.059375	0.05625	0.053125	0.05	0.046875	0.04375	0.040625	0.0375	0.034375	0.03125	0.028125	0.025	0.021875	0.01875	0.015625	0.0125	0.009375	0.00625	0.003125	0
0	-0.003125	-0.00625	-0.009375	-0.0125	-0.015625	-0.01875	-0.021875	-0.025	-0.028125	-0.03125	-0.034375	-0.0375	-0.040625	-0.04375	-0.046875	-0.05	-0.053125	-0.05625	-0.059375	-0.0546875	-0.05	-0.0453125	-0.040625	-0.0359375	-0.03125	-0.0265625	-0.021875	-0.0171875	-0.0125	-0.0078125	-0.003125	0.0015625	0.00625	0.0109375	0.015625	0.0203125	0.025	0.0296875	0.034375	0.0390625	0.04375	0.0484375	0.053125	0.0578125	0.0625	0.0671875	0.071875	0.0765625	0.08125	0.0859375	0.090625	0.0953125	0.1	0.104687	0.109375	0.114062	0.11875	0.123437	0.128125	0.132812	0.1375	0.142187	0.146875	0.151562	0.15625	0.160937	0.165625	0.170312	0.175	0.179687	0.184375	0.189062	0.19375	0.198437	0.203125	0.207812	0.2125	0.217187	0.221875	0.226562	0.23125	0.235937	0.240625	0.245312	0.25	0.254687	0.259375	0.264062	0.26875	0.273437	0.278125	0.282812	0.2875	0.292187	0.296875	0.301562	0.30625	0.310937	0.315625	0.320312	0.325	0.329687	0.334375	0.339062	0.34375	0.348437	0.353125	0.357812	0.3625	0.367187	0.371875	0.376562	0.38125	0.385937	0.390625	0.395312	0.4	0.404687	0.409375	0.414062	0.41875	0.423437	0.428125	0.432812	0.4375	0.442187	0.446875	0.451562	0.45625	0.460937	0.465625	0.470312	0.475	0.479687	0.484375	0.489062	0.49375	0.498437	0.503125	0.507812	0.5125	0.517187	0.521875	0.526562	0.53125	0.535937	0.540625	0.545312	0.55	0.554687	0.559375	0.564062	0.56875	0.573437	0.578125	0.582812	0.5875	0.592187	0.596875	0.601562	0.60625	0.610938	0.615625	0.620312	0.625	0.629687	0.634375	0.639062	0.64375	0.648437	0.653125	0.657812	0.6625	0.667187	0.671875	0.676562	0.68125	0.685937	0.690625	0.6875	0.684375	0.68125	0.678125	0.675	0.671875	0.66875	0.665625	0.6625	0.659375	0.65625	0.653125	0.65	0.646875	0.64375	0.640625	0.6375	0.634375	0.63125	0.628125	0.625	0.621875	0.61875	0.615625	0.6125	0.609375	0.60625	0.603125	0.6	0.596875	0.59375	0.590625	0.5875	0.584375	0.58125	0.578125	0.575	0.571875	0.56875	0.565625	0.5625	0.559375	0.55625	0.553125	0.55	0.546875	0.54375	0.540625	0.5375	0.534375	0.53125	0.528125	0.525	0.521875	0.51875	0.515625	0.5125	0.509375	0.50625	0.503125	0.5	0.496875	0.49375	0.490625	0.4875	0.484375	0.48125	0.478125	0.475	0.471875	0.46875	0.465625	0.4625	0.459375	0.45625	0.453125	0.45	0.446875	0.44375	0.440625	0.4375	0.434375	0.43125	0.428125	0.425	0.421875	0.41875	0.415625	0.4125	0.409375	0.40625	0.403125	0.4	0.396875	0.39375	0.390625	0.3875	0.384375	0.38125	0.378125	0.375	0.371875	0.36875	0.365625	0.3625	0.359375	0.35625	0.353125	0.35	0.346875	0.34375	0.340625	0.3375	0.334375	0.33125	0.328125	0.325	0.321875	0.31875	0.315625	0.3125	0.309375	0.30625	0.303125	0.3	0.296875	0.29375	0.290625	0.2875	0.284375	0.28125	0.278125	0.275	0.271875	0.26875	0.265625	0.2625	0.259375	0.25625	0.253125	0.25	0.246875	0.24375	0.240625	0.2375	0.234375	0.23125	0.228125	0.225	0.221875	0.21875	0.215625	0.2125	0.209375	0.20625	0.203125	0.2	0.196875	0.19375	0.190625	0.1875	0.184375	0.18125	0.178125	0.175	0.171875	0.16875	0.165625	0.1625	0.159375	0.15625	0.153125	0.15	0.146875	0.14375	0.140625	0.1375	0.134375	0.13125	0.128125	0.125	0.121875	0.11875	0.115625	0.1125	0.109375	0.10625	0.103125	0.1	0.096875	0.09375	0.090625	0.0875	0.084375	0.08125	0.078125	0.075	0.071875	0.06875	0.065625	0.0625	0.059375	0.05625	0.053125	0.05	0.046875	0.04375	0.040625	0.0375	0.034375	0.03125	0.028125	0.025	0.021875	0.01875	0.015625	0.0125	0.009375	0.00625	0.003125	0
0	0.0125	0.0171875	0.021875	0.0265625	0.03125	0.0359375	0.040625	0.0453125	0.05	0.0546875	0.059375	0.0640625	0.06875	0.0734375	0.078125	0.0828125	0.0875	0.0921875	0.096875	0.101562	0.10625	0.110937	0.115625	0.120312	0.125	0.129687	0.134375	0.139062	0.14375	0.148437	0.153125	0.157812	0.1625	0.167187	0.171875	0.176562	0.18125	0.185937	0.190625	0.195312	0.2	0.204687	0.209375	0.214062	0.21875	0.223437	0.228125	0.232812	0.2375	0.242187	0.246875	0.251562	0.25625	0.260937	0.265625	0.270312	0.275	0.279687	0.284375	0.289062	0.29375	0.298437	0.303125	0.307812	0.3125	0.317187	0.321875	0.326562	0.33125	0.335937	0.340625	0.345312	0.35	0.354687	0.359375	0.364062	0.36875	0.373437	0.378125	0.382812	0.3875	0.392187	0.396875	0.401562	0.40625	0.410937	0.415625	0.420312	0.425	0.429687	0.434375	0.439062	0.44375	0.448437	0.453125	0.457812	0.4625	0.467187	0.471875	0.476562	0.48125	0.485937	0.490625	0.495312	0.5	0.504687	0.509375	0.514062	0.51875	0.523437	0.528125	0.532812	0.5375	0.542187	0.546875	0.551562	0.55625	0.560937	0.565625	0.570312	0.575	0.579688	0.584375	0.589063	0.59375	0.598438	0.603125	0.607813	0.6125	0.617188	0.621875	0.626562	0.63125	0.635937	0.640625	0.645312	0.65	0.654687	0.659375	0.664062	0.66875	0.673438	0.678125	0.682813	0.6875	0.692187	0.696875	0.701562	0.70625	0.710937	0.715625	0.720312	0.725	0.729687	0.734375	0.739062	0.74375	0.748437	0.753125	0.75	0.746875	0.74375	0.740625	0.7375	0.734375	0.73125	0.728125	0.725	0.721875	0.71875	0.715625	0.7125	0.709375	0.70625	0.703125	0.7	0.696875	0.69375	0.690625	0.6875	0.684375	0.68125	0.678125	0.675	0.671875	0.66875	0.665625	0.6625	0.659375	0.65625	0.653125	0.65	0.646875	0.64375	0.640625	0.6375	0.634375	0.63125	0.628125	0.625	0.621875	0.61875	0.615625	0.6125	0.609375	0.60625	0.603125	0.6	0.596875	0.59375	0.590625	0.5875	0.584375	0.58125	0.578125	0.575	0.571875	0.56875	0.565625	0.5625	0.559375	0.55625	0.553125	0.55	0.546875	0.54375	0.540625	0.5375	0.534375	0.53125	0.528125	0.525	0.521875	0.51875	0.515625	0.5125	0.509375	0.50625	0.503125	0.5	0.496875	0.49375	0.490625	0.4875	0.484375	0.48125	0.478125	0.475	0.471875	0.46875	0.465625	0.4625	0.459375	0.45625	0.453125	0.45	0.446875	0.44375	0.440625	0.4375	0.434375	0.43125	0.428125	0.425	0.421875	0.41875	0.415625	0.4125	0.409375	0.40625	0.403125	0.4	0.396875	0.39375	0.390625	0.3875	0.384375	0.38125	0.378125	0.375	0.371875	0.36875	0.365625	0.3625	0.359375	0.35625	0.353125	0.35	0.346875	0.34375	0.340625	0.3375	0.334375	0.33125	0.328125	0.325	0.321875	0.31875	0.315625	0.3125	0.309375	0.30625	0.303125	0.3	0.296875	0.29375	0.290625	0.2875	0.284375	0.28125	0.278125	0.275	0.271875	0.26875	0.265625	0.2625	0.259375	0.25625	0.253125	0.25	0.246875	0.24375	0.240625	0.2375	0.234375	0.23125	0.228125	0.225	0.221875	0.21875	0.215625	0.2125	0.209375	0.20625	0.203125	0.2	0.196875	0.19375	0.190625	0.1875	0.184375	0.18125	0.178125	0.175	0.171875	0.16875	0.165625	0.1625	0.159375	0.15625	0.153125	0.15	0.146875	0.14375	0.140625	0.1375	0.134375	0.13125	0.128125	0.125	0.121875	0.11875	0.115625	0.1125	0.109375	0.10625	0.103125	0.1	0.096875	0.09375	0.090625	0.0875	0.084375	0.08125	0.078125	0.075	0.071875	0.06875	0.065625	0.0625	0.059375	0.05625	0.053125	0.05	0.046875	0.04375	0.040625	0.0375	0.034375	0.03125	0.028125	0.025	0.021875	0.01875	0.015625	0.0125	0.009375	0.00625	0.003125	0
0	0.0125	0.025	0.0375	0.05	0.0625	0.075	0.0875	0.1	0.1125	0.125	0.1375	0.15	0.1625	0.175	0.1875	0.2	0.2125	0.225	0.2375	0.25	0.2625	0.267187	0.271875	0.276562	0.28125	0.285937	0.290625	0.295312	0.3	0.304688	0.309375	0.314062	0.31875	0.323437	0.328125	0.332812	0.3375	0.342187	0.346875	0.351562	0.35625	0.360937	0.365625	0.370312	0.375	0.379687	0.384375	0.389062	0.39375	0.398437	0.403125	0.407812	0.4125	0.417187	0.421875	0.426562	0.43125	0.435937	0.440625	0.445312	0.45	0.454687	0.459375	0.464062	0.46875	0.473437	0.478125	0.482812	0.4875	0.492187	0.496875	0.501563	0.50625	0.510938	0.515625	0.520312	0.525	0.529687	0.534375	0.539062	0.54375	0.548437	0.553125	0.557812	0.5625	0.567187	0.571875	0.576562	0.58125	0.585937	0.590625	0.595312	0.6	0.604687	0.609375	0.614063	0.61875	0.623438	0.628125	0.632813	0.6375	0.642188	0.646875	0.651563	0.65625	0.660938	0.665625	0.670313	0.675	0.679688	0.684375	0.689062	0.69375	0.698437	0.703125	0.707812	0.7125	0.717188	0.721875	0.726563	0.73125	0.735938	0.740625	0.745313	0.75	0.754688	0.759375	0.764063	0.76875	0.773438	0.778125	0.782813	0.7875	0.792188	0.796875	0.801563	0.80625	0.810938	0.815625	0.8125	0.809375	0.80625	0.803125	0.8	0.796875	0.79375	0.790625	0.7875	0.784375	0.78125	0.778125	0.775	0.771875	0.76875	0.765625	0.7625	0.759375	0.75625	0.753125	0.75	0.746875	0.74375	0.740625	0.7375	0.734375	0.73125	0.728125	0.725	0.721875	0.71875	0.715625	0.7125	0.709375	0.70625	0.703125	0.7	0.696875	0.69375	0.690625	0.6875	0.684375	0.68125	0.678125	0.675	0.671875	0.66875	0.665625	0.6625	0.659375	0.65625	0.653125	0.65	0.646875	0.64375	0.640625	0.6375	0.634375	0.63125	0.628125	0.625	0.621875	0.61875	0.615625	0.6125	0.609375	0.60625	0.603125	0.6	0.596875	0.59375	0.590625	0.5875	0.584375	0.58125	0.578125	0.575	0.571875	0.56875	0.565625	0.5625	0.559375	0.55625	0.553125	0.55	0.546875	0.54375	0.540625	0.5375	0.534375	0.53125	0.528125	0.525	0.521875	0.51875	0.515625	0.5125	0.509375	0.50625	0.503125	0.5	0.496875	0.49375	0.490625	0.4875	0.484375	0.48125	0.478125	0.475	0.471875	0.46875	0.465625	0.4625	0.459375	0.45625	0.453125	0.45	0.446875	0.44375	0.440625	0.4375	0.434375	0.43125	0.428125	0.425	0.421875	0.41875	0.415625	0.4125	0.409375	0.40625	0.403125	0.4	0.396875	0.39375	0.390625	0.3875	0.384375	0.38125	0.378125	0.375	0.371875	0.36875	0.365625	0.3625	0.359375	0.35625	0.353125	0.35	0.346875	0.34375	0.340625	0.3375	0.334375	0.33125	0.328125	0.325	0.321875	0.31875	0.315625	0.3125	0.309375	0.30625	0.303125	0.3	0.296875	0.29375	0.290625	0.2875	0.284375	0.28125	0.278125	0.275	0.271875	0.26875	0.265625	0.2625	0.259375	0.25625	0.253125	0.25	0.246875	0.24375	0.240625	0.2375	0.234375	0.23125	0.228125	0.225	0.221875	0.21875	0.215625	0.2125	0.209375	0.20625	0.203125	0.2	0.196875	0.19375	0.190625	0.1875	0.184375	0.18125	0.178125	0.175	0.171875	0.16875	0.165625	0.1625	0.159375	0.15625	0.153125	0.15	0.146875	0.14375	0.140625	0.1375	0.134375	0.13125	0.128125	0.125	0.121875	0.11875	0.115625	0.1125	0.109375	0.10625	0.103125	0.1	0.096875	0.09375	0.090625	0.0875	0.084375	0.08125	0.078125	0.075	0.071875	0.06875	0.065625	0.0625	0.059375	0.05625	0.053125	0.05	0.046875	0.04375	0.040625	0.0375	0.034375	0.03125	0.028125	0.025	0.021875	0.01875	0.015625	0.0125	0.009375	0.00625	0.003125	0
0	0.0125	0.025	0.0375	0.05	0.0625	0.075	0.0875	0.1	0.1125	0.125	0.1375	0.15	0.1625	0.175	0.1875	0.2	0.2125	0.225	0.2375	0.25	0.2625	0.275	0.2875	0.3	0.3125	0.325	0.3375	0.35	0.3625	0.375	0.3875	0.4	0.4125	0.425	0.4375	0.45	0.4625	0.475	0.4875	0.5	0.5125	0.517187	0.521875	0.526563	0.53125	0.535938	0.540625	0.545313	0.55	0.554688	0.559375	0.564063	0.56875	0.573438	0.578125	0.582813	0.5875	0.592188	0.596875	0.601563	0.60625	0.610938	0.615625	0.620312	0.625	0.629688	0.634375	0.639062	0.64375	0.648438	0.653125	0.657812	0.6625	0.667188	0.671875	0.676562	0.68125	0.685938	0.690625	0.695313	0.7	0.704688	0.709375	0.714063	0.71875	0.723438	0.728125	0.732813	0.7375	0.742188	0.746875	0.751563	0.75625	0.760937	0.765625	0.770312	0.775	0.779687	0.784375	0.789063	0.79375	0.798438	0.803125	0.807813	0.8125	0.817188	0.821875	0.826563	0.83125	0.835938	0.840625	0.845313	0.85	0.854688	0.859375	0.864063	0.86875	0.873438	0.878125	0.875	0.871875	0.86875	0.865625	0.8625	0.859375	0.85625	0.853125	0.85	0.846875	0.84375	0.840625	0.8375	0.834375	0.83125	0.828125	0.825	0.821875	0.81875	0.815625	0.8125	0.809375	0.80625	0.803125	0.8	0.796875	0.79375	0.790625	0.7875	0.784375	0.78125	0.778125	0.775	0.771875	0.76875	0.765625	0.7625	0.759375	0.75625	0.753125	0.75	0.746875	0.74375	0.740625	0.7375	0.734375	0.73125	0.728125	0.725	0.721875	0.71875	0.715625	0.7125	0.709375	0.70625	0.703125	0.7	0.696875	0.69375	0.690625	0.6875	0.684375	0.68125	0.678125	0.675	0.671875	0.66875	0.665625	0.6625	0.659375	0.65625	0.653125	0.65	0.646875	0.64375	0.640625	0.6375	0.634375	0.63125	0.628125	0.625	0.621875	0.61875	0.615625	0.6125	0.609375	0.60625	0.603125	0.6	0.596875	0.59375	0.590625	0.5875	0.584375	0.58125	0.578125	0.575	0.571875	0.56875	0.565625	0.5625	0.559375	0.55625	0.553125	0.55	0.546875	0.54375	0.540625	0.5375	0.534375	0.53125	0.528125	0.525	0.521875	0.51875	0.515625	0.5125	0.509375	0.50625	0.503125	0.5	0.496875	0.49375	0.490625	0.4875	0.484375	0.48125	0.478125	0.475	0.471875	0.46875	0.465625	0.4625	0.459375	0.45625	0.453125	0.45	0.446875	0.44375	0.440625	0.4375	0.434375	0.43125	0.428125	0.425	0.421875	0.41875	0.415625	0.4125	0.409375	0.40625	0.403125	0.4	0.396875	0.39375	0.390625	0.3875	0.384375	0.38125	0.378125	0.375	0.371875	0.36875	0.365625	0.3625	0.359375	0.35625	0.353125	0.35	0.346875	0.34375	0.340625	0.3375	0.334375	0.33125	0.328125	0.325	0.321875	0.31875	0.315625	0.3125	0.309375	0.30625	0.303125	0.3	0.296875	0.29375	0.290625	0.2875	0.284375	0.28125	0.278125	0.275	0.271875	0.26875	0.265625	0.2625	0.259375	0.25625	0.253125	0.25	0.246875	0.24375	0.240625	0.2375	0.234375	0.23125	0.228125	0.225	0.221875	0.21875	0.215625	0.2125	0.209375	0.20625	0.203125	0.2	0.196875	0.19375	0.190625	0.1875	0.184375	0.18125	0.178125	0.175	0.171875	0.16875	0.165625	0.1625	0.159375	0.15625	0.153125	0.15	0.146875	0.14375	0.140625	0.1375	0.134375	0.13125	0.128125	0.125	0.121875	0.11875	0.115625	0.1125	0.109375	0.10625	0.103125	0.1	0.096875	0.09375	0.090625	0.0875	0.084375	0.08125	0.078125	0.075	0.071875	0.06875	0.065625	0.0625	0.059375	0.05625	0.053125	0.05	0.046875	0.04375	0.040625	0.0375	0.034375	0.03125	0.028125	0.025	0.021875	0.01875	0.015625	0.0125	0.009375	0.00625	0.003125	0
0	0.0125	0.025	0.0375	0.05	0.0625	0.075	0.0875	0.1	0.1125	0.125	0.1375	0.15	0.1625	0.175	0.1875	0.2	0.2125	0.225	0.2375	0.25	0.2625	0.275	0.2875	0.3	0.3125	0.325	0.3375	0.35	0.3625	0.375	0.3875	0.4	0.4125	0.425	0.4375	0.45	0.4625	0.475	0.4875	0.5	0.5125	0.525	0.5375	0.55	0.5625	0.575	0.5875	0.6	0.6125	0.625	0.6375	0.65	0.6625	0.675	0.6875	0.7	0.7125	0.725	0.7375	0.75	0.7625	0.767188	0.771875	0.776563	0.78125	0.785938	0.790625	0.795313	0.8	0.804688	0.809375	0.814063	0.81875	0.823438	0.828125	0.832813	0.8375	0.842188	0.846875	0.851563	0.85625	0.860938	0.865625	0.870313	0.875	0.879688	0.884375	0.889063	0.89375	0.898438	0.903125	0.907813	0.9125	0.917188	0.921875	0.926563	0.93125	0.935938	0.940625	0.9375	0.934375	0.93125	0.928125	0.925	0.921875	0.91875	0.915625	0.9125	0.909375	0.90625	0.903125	0.9	0.896875	0.89375	0.890625	0.8875	0.884375	0.88125	0.878125	0.875	0.871875	0.86875	0.865625	0.8625	0.859375	0.85625	0.853125	0.85	0.846875	0.84375	0.840625	0.8375	0.834375	0.83125	0.828125	0.825	0.821875	0.81875	0.815625	0.8125	0.809375	0.80625	0.803125	0.8	0.796875	0.79375	0.790625	0.7875	0.784375	0.78125	0.778125	0.775	0.771875	0.76875	0.765625	0.7625	0.759375	0.75625	0.753125	0.75	0.746875	0.74375	0.740625	0.7375	0.734375	0.73125	0.728125	0.725	0.721875	0.71875	0.715625	0.7125	0.709375	0.70625	0.703125	0.7	0.696875	0.69375	0.690625	0.6875	0.684375	0.68125	0.678125	0.675	0.671875	0.66875	0.665625	0.6625	0.659375	0.65625	0.653125	0.65	0.646875	0.64375	0.640625	0.6375	0.634375	0.63125	0.628125	0.625	0.621875	0.61875	0.615625	0.6125	0.609375	0.60625	0.603125	0.6	0.596875	0.59375	0.590625	0.5875	0.584375	0.58125	0.578125	0.575	0.571875	0.56875	0.565625	0.5625	0.559375	0.55625	0.553125	0.55	0.546875	0.54375	0.540625	0.5375	0.534375	0.53125	0.528125	0.525	0.521875	0.51875	0.515625	0.5125	0.509375	0.50625	0.503125	0.5	0.496875	0.49375	0.490625	0.4875	0.484375	0.48125	0.478125	0.475	0.471875	0.46875	0.465625	0.4625	0.459375	0.45625	0.453125	0.45	0.446875	0.44375	0.440625	0.4375	0.434375	0.43125	0.428125	0.425	0.421875	0.41875	0.415625	0.4125	0.409375	0.40625	0.403125	0.4	0.396875	0.39375	0.390625	0.3875	0.384375	0.38125	0.378125	0.375	0.371875	0.36875	0.365625	0.3625	0.359375	0.35625	0.353125	0.35	0.346875	0.34375	0.340625	0.3375	0.334375	0.33125	0.328125	0.325	0.321875	0.31875	0.315625	0.3125	0.309375	0.30625	0.303125	0.3	0.296875	0.29375	0.290625	0.2875	0.284375	0.28125	0.278125	0.275	0.271875	0.26875	0.265625	0.2625	0.259375	0.25625	0.253125	0.25	0.246875	0.24375	0.240625	0.2375	0.234375	0.23125	0.228125	0.225	0.221875	0.21875	0.215625	0.2125	0.209375	0.20625	0.203125	0.2	0.196875	0.19375	0.190625	0.1875	0.184375	0.18125	0.178125	0.175	0.171875	0.16875	0.165625	0.1625	0.159375	0.15625	0.153125	0.15	0.146875	0.14375	0.140625	0.1375	0.134375	0.13125	0.128125	0.125	0.121875	0.11875	0.115625	0.1125	0.109375	0.10625	0.103125	0.1	0.096875	0.09375	0.090625	0.0875	0.084375	0.08125	0.078125	0.075	0.071875	0.06875	0.065625	0.0625	0.059375	0.05625	0.053125	0.05	0.046875	0.04375	0.040625	0.0375	0.034375	0.03125	0.028125	0.025	0.021875	0.01875	0.015625	0.0125	0.009375	0.00625	0.003125	0
0	0.0125	0.025	0.0375	0.05	0.0625	0.075	0.0875	0.1	0.1125	0.125	0.1375	0.15	0.1625	0.175	0.1875	0.2	0.2125	0.225	0.2375	0.25	0.2625	0.275	0.2875	0.3	0.3125	0.325	0.3375	0.35	0.3625	0.375	0.3875	0.4	0.4125	0.425	0.4375	0.45	0.4625	0.475	0.4875	0.5	0.5125	0.525	0.5375	0.55	0.5625	0.575	0.5875	0.6	0.6125	0.625	0.6375	0.65	0.6625	0.675	0.6875	0.7	0.7125	0.725	0.7375	0.75	0.7625	0.775	0.7875	0.8	0.8125	0.825	0.8375	0.85	0.8625	0.875	0.8875	0.9	0.9125	0.925	0.9375	0.95	0.9625	0.975	0.9875	0.992188	0.996875	0.99375	0.990625	0.9875	0.984375	0.98125	0.978125	0.975	0.971875	0.96875	0.965625	0.9625	0.959375	0.95625	0.953125	0.95	0.946875	0.94375	0.940625	0.9375	0.934375	0.93125	0.928125	0.925	0.921875	0.91875	0.915625	0.9125	0.909375	0.90625	0.903125	0.9	0.896875	0.89375	0.890625	0.8875	0.884375	0.88125	0.878125	0.875	0.871875	0.86875	0.865625	0.8625	0.859375	0.85625	0.853125	0.85	0.846875	0.84375	0.840625	0.8375	0.834375	0.83125	0.828125	0.825	0.821875	0.81875	0.815625	0.8125	0.809375	0.80625	0.803125	0.8	0.796875	0.79375	0.790625	0.7875	0.784375	0.78125	0.778125	0.775	0.771875	0.76875	0.765625	0.7625	0.759375	0.75625	0.753125	0.75	0.746875	0.74375	0.740625	0.7375	0.734375	0.73125	0.728125	0.725	0.721875	0.71875	0.715625	0.7125	0.709375	0.70625	0.703125	0.7	0.696875	0.69375	0.690625	0.6875	0.684375	0.68125	0.678125	0.675	0.671875	0.66875	0.665625	0.6625	0.659375	0.65625	0.653125	0.65	0.646875	0.64375	0.640625	0.6375	0.634375	0.63125	0.628125	0.625	0.621875	0.61875	0.615625	0.6125	0.609375	0.60625	0.603125	0.6	0.596875	0.59375	0.590625	0.5875	0.584375	0.58125	0.578125	0.575	0.571875	0.56875	0.565625	0.5625	0.559375	0.55625	0.553125	0.55	0.546875	0.54375	0.540625	0.5375	0.534375	0.53125	0.528125	0.525	0.521875	0.51875	0.515625	0.5125	0.509375	0.50625	0.503125	0.5	0.496875	0.49375	0.490625	0.4875	0.484375	0.48125	0.478125	0.475	0.471875	0.46875	0.465625	0.4625	0.459375	0.45625	0.453125	0.45	0.446875	0.44375	0.440625	0.4375	0.434375	0.43125	0.428125	0.425	0.421875	0.41875	0.415625	0.4125	0.409375	0.40625	0.403125	0.4	0.396875	0.39375	0.390625	0.3875	0.384375	0.38125	0.378125	0.375	0.371875	0.36875	0.365625	0.3625	0.359375	0.35625	0.353125	0.35	0.346875	0.34375	0.340625	0.3375	0.334375	0.33125	0.328125	0.325	0.321875	0.31875	0.315625	0.3125	0.309375	0.30625	0.303125	0.3	0.296875	0.29375	0.290625	0.2875	0.284375	0.28125	0.278125	0.275	0.271875	0.26875	0.265625	0.2625	0.259375	0.25625	0.253125	0.25	0.246875	0.24375	0.240625	0.2375	0.234375	0.23125	0.228125	0.225	0.221875	0.21875	0.215625	0.2125	0.209375	0.20625	0.203125	0.2	0.196875	0.19375	0.190625	0.1875	0.184375	0.18125	0.178125	0.175	0.171875	0.16875	0.165625	0.1625	0.159375	0.15625	0.153125	0.15	0.146875	0.14375	0.140625	0.1375	0.134375	0.13125	0.128125	0.125	0.121875	0.11875	0.115625	0.1125	0.109375	0.10625	0.103125	0.1	0.096875	0.09375	0.090625	0.0875	0.084375	0.08125	0.078125	0.075	0.071875	0.06875	0.065625	0.0625	0.059375	0.05625	0.053125	0.05	0.046875	0.04375	0.040625	0.0375	0.034375	0.03125	0.028125	0.025	0.021875	0.01875	0.015625	0.0125	0.009375	0.00625	0.003125	0
0	0.0125	0.025	0.0375	0.05	0.0625	0.075	0.0875	0.1	0.1125	0.125	0.1375	0.15	0.1625	0.175	0.1875	0.2	0.2125	0.225	0.2375	0.25	0.2625	0.275	0.2875	0.3	0.3125	0.325	0.3375	0.35	0.3625	0.375	0.3875	0.4	0.4125	0.425	0.4375	0.45	0.4625	0.475	0.4875	0.5	0.5125	0.525	0.5375	0.55	0.5625	0.575	0.5875	0.6	0.6125	0.625	0.6375	0.65	0.6625	0.675	0.6875	0.7	0.7125	0.725	0.7375	0.742188	0.746875	0.751563	0.75625	0.760938	0.765625	0.770313	0.775	0.779688	0.784375	0.789063	0.79375	0.798438	0.803125	0.807813	0.8125	0.817188	0.821875	0.826563	0.83125	0.835938	0.840625	0.845313	0.85	0.854688	0.859375	0.864063	0.86875	0.873438	0.878125	0.882813	0.8875	0.892188	0.896875	0.901563	0.90625	0.910938	0.915625	0.920313	0.925	0.929688	0.934375	0.93125	0.928125	0.925	0.921875	0.91875	0.915625	0.9125	0.909375	0.90625	0.903125	0.9	0.896875	0.89375	0.890625	0.8875	0.884375	0.88125	0.878125	0.875	0.871875	0.86875	0.865625	0.8625	0.859375	0.85625	0.853125	0.85	0.846875	0.84375	0.840625	0.8375	0.834375	0.83125	0.828125	0.825	0.821875	0.81875	0.815625	0.8125	0.809375	0.80625	0.803125	0.8	0.796875	0.79375	0.790625	0.7875	0.784375	0.78125	0.778125	0.775	0.771875	0.76875	0.765625	0.7625	0.759375	0.75625	0.753125	0.75	0.746875	0.74375	0.740625	0.7375	0.734375	0.73125	0.728125	0.725	0.721875	0.71875	0.715625	0.7125	0.709375	0.70625	0.703125	0.7	0.696875	0.69375	0.690625	0.6875	0.684375	0.68125	0.678125	0.675	0.671875	0.66875	0.665625	0.6625	0.659375	0.65625	0.653125	0.65	0.646875	0.64375	0.640625	0.6375	0.634375	0.63125	0.628125	0.625	0.621875	0.61875	0.615625	0.6125	0.609375	0.60625	0.603125	0.6	0.596875	0.59375	0.590625	0.5875	0.584375	0.58125	0.578125	0.575	0.571875	0.56875	0.565625	0.5625	0.559375	0.55625	0.553125	0.55	0.546875	0.54375	0.540625	0.5375	0.534375	0.53125	0.528125	0.525	0.521875	0.51875	0.515625	0.5125	0.509375	0.50625	0.503125	0.5	0.496875	0.49375	0.490625	0.4875	0.484375	0.48125	0.478125	0.475	0.471875	0.46875	0.465625	0.4625	0.459375	0.45625	0.453125	0.45	0.446875	0.44375	0.440625	0.4375	0.434375	0.43125	0.428125	0.425	0.421875	0.41875	0.415625	0.4125	0.409375	0.40625	0.403125	0.4	0.396875	0.39375	0.390625	0.3875	0.384375	0.38125	0.378125	0.375	0.371875	0.36875	0.365625	0.3625	0.359375	0.35625	0.353125	0.35	0.346875	0.34375	0.340625	0.3375	0.334375	0.33125	0.328125	0.325	0.321875	0.31875	0.315625	0.3125	0.309375	0.30625	0.303125	0.3	0.296875	0.29375	0.290625	0.2875	0.284375	0.28125	0.278125	0.275	0.271875	0.26875	0.265625	0.2625	0.259375	0.25625	0.253125	0.25	0.246875	0.24375	0.240625	0.2375	0.234375	0.23125	0.228125	0.225	0.221875	0.21875	0.215625	0.2125	0.209375	0.20625	0.203125	0.2	0.196875	0.19375	0.190625	0.1875	0.184375	0.18125	0.178125	0.175	0.171875	0.16875	0.165625	0.1625	0.159375	0.15625	0.153125	0.15	0.146875	0.14375	0.140625	0.1375	0.134375	0.13125	0.128125	0.125	0.121875	0.11875	0.115625	0.1125	0.109375	0.10625	0.103125	0.1	0.096875	0.09375	0.090625	0.0875	0.084375	0.08125	0.078125	0.075	0.071875	0.06875	0.065625	0.0625	0.059375	0.05625	0.053125	0.05	0.046875	0.04375	0.040625	0.0375	0.034375	0.03125	0.028125	0.025	0.021875	0.01875	0.015625	0.0125	0.009375	0.00625	0.003125	0
0	0.0125	0.025	0.0375	0.05	0.0625	0.075	0.0875	0.1	0.1125	0.125	0.1375	0.15	0.1625	0.175	0.1875	0.2	0.2125	0.225	0.2375	0.25	0.2625	0.275	0.2875	0.3	0.3125	0.325	0.3375	0.35	0.3625	0.375	0.3875	0.4	0.4125	0.425	0.4375	0.45	0.4625	0.475	0.4875	0.492188	0.496875	0.501563	0.50625	0.510938	0.515625	0.520313	0.525	0.529688	0.534375	0.539063	0.54375	0.548438	0.553125	0.557813	0.5625	0.567188	0.571875	0.576563	0.58125	0.585938	0.590625	0.595313	0.6	0.604688	0.609375	0.614063	0.61875	0.623438	0.628125	0.632813	0.6375	0.642188	0.646875	0.651563	0.65625	0.660938	0.665625	0.670313	0.675	0.679688	0.684375	0.689063	0.69375	0.698438	0.703125	0.707813	0.7125	0.717188	0.721875	0.726563	0.73125	0.735938	0.740625	0.745313	0.75	0.754688	0.759375	0.764063	0.76875	0.773438	0.778125	0.782813	0.7875	0.792188	0.796875	0.801563	0.80625	0.810938	0.815625	0.820313	0.825	0.829688	0.834375	0.839063	0.84375	0.848438	0.853125	0.857813	0.8625	0.867188	0.871875	0.86875	0.865625	0.8625	0.859375	0.85625	0.853125	0.85	0.846875	0.84375	0.840625	0.8375	0.834375	0.83125	0.828125	0.825	0.821875	0.81875	0.815625	0.8125	0.809375	0.80625	0.803125	0.8	0.796875	0.79375	0.790625	0.7875	0.784375	0.78125	0.778125	0.775	0.771875	0.76875	0.765625	0.7625	0.759375	0.75625	0.753125	0.75	0.746875	0.74375	0.740625	0.7375	0.734375	0.73125	0.728125	0.725	0.721875	0.71875	0.715625	0.7125	0.709375	0.70625	0.703125	0.7	0.696875	0.69375	0.690625	0.6875	0.684375	0.68125	0.678125	0.675	0.671875	0.66875	0.665625	0.6625	0.659375	0.65625	0.653125	0.65	0.646875	0.64375	0.640625	0.6375	0.634375	0.63125	0.628125	0.625	0.621875	0.61875	0.615625	0.6125	0.609375	0.60625	0.603125	0.6	0.596875	0.59375	0.590625	0.5875	0.584375	0.58125	0.578125	0.575	0.571875	0.56875	0.565625	0.5625	0.559375	0.55625	0.553125	0.55	0.546875	0.54375	0.540625	0.5375	0.534375	0.53125	0.528125	0.525	0.521875	0.51875	0.515625	0.5125	0.509375	0.50625	0.503125	0.5	0.496875	0.49375	0.490625	0.4875	0.484375	0.48125	0.478125	0.475	0.471875	0.46875	0.465625	0.4625	0.459375	0.45625	0.453125	0.45	0.446875	0.44375	0.440625	0.4375	0.434375	0.43125	0.428125	0.425	0.421875	0.41875	0.415625	0.4125	0.409375	0.40625	0.403125	0.4	0.396875	0.39375	0.390625	0.3875	0.384375	0.38125	0.378125	0.375	0.371875	0.36875	0.365625	0.3625	0.359375	0.35625	0.353125	0.35	0.346875	0.34375	0.340625	0.3375	0.334375	0.33125	0.328125	0.325	0.321875	0.31875	0.315625	0.3125	0.309375	0.30625	0.303125	0.3	0.296875	0.29375	0.290625	0.2875	0.284375	0.28125	0.278125	0.275	0.271875	0.26875	0.265625	0.2625	0.259375	0.25625	0.253125	0.25	0.246875	0.24375	0.240625	0.2375	0.234375	0.23125	0.228125	0.225	0.221875	0.21875	0.215625	0.2125	0.209375	0.20625	0.203125	0.2	0.196875	0.19375	0.190625	0.1875	0.184375	0.18125	0.178125	0.175	0.171875	0.16875	0.165625	0.1625	0.159375	0.15625	0.153125	0.15	0.146875	0.14375	0.140625	0.1375	0.134375	0.13125	0.128125	0.125	0.121875	0.11875	0.115625	0.1125	0.109375	0.10625	0.103125	0.1	0.096875	0.09375	0.090625	0.0875	0.084375	0.08125	0.078125	0.075	0.071875	0.06875	0.065625	0.0625	0.059375	0.05625	0.053125	0.05	0.046875	0.04375	0.040625	0.0375	0.034375	0.03125	0.028125	0.025	0.021875	0.01875	0.015625	0.0125	0.009375	0.00625	0.003125	0
0	0.0125	0.025	0.0375	0.05	0.0625	0.075	0.0875	0.1	0.1125	0.125	0.1375	0.15	0.1625	0.175	0.1875	0.2	0.2125	0.225	0.2375	0.242188	0.246875	0.251563	0.25625	0.260938	0.265625	0.270313	0.275	0.279688	0.284375	0.289063	0.29375	0.298438	0.303125	0.307813	0.3125	0.317188	0.321875	0.326563	0.33125	0.335938	0.340625	0.345313	0.35	0.354688	0.359375	0.364063	0.36875	0.373438	0.378125	0.382813	0.3875	0.392188	0.396875	0.401563	0.40625	0.410938	0.415625	0.420313	0.425	0.429688	0.434375	0.439063	0.44375	0.448438	0.453125	0.457813	0.4625	0.467188	0.471875	0.476563	0.48125	0.485938	0.490625	0.495313	0.5	0.504688	0.509375	0.514063	0.51875	0.523438	0.528125	0.532813	0.5375	0.542188	0.546875	0.551563	0.55625	0.560938	0.565625	0.570313	0.575	0.579688	0.584375	0.589063	0.59375	0.598438	0.603125	0.607813	0.6125	0.617188	0.621875	0.626563	0.63125	0.635938	0.640625	0.645313	0.65	0.654688	0.659375	0.664063	0.66875	0.673438	0.678125	0.682813	0.6875	0.692188	0.696875	0.701563	0.70625	0.710938	0.715625	0.720313	0.725	0.729688	0.734375	0.739063	0.74375	0.748438	0.753125	0.757813	0.7625	0.767188	0.771875	0.776563	0.78125	0.785938	0.790625	0.795313	0.8	0.804688	0.809375	0.80625	0.803125	0.8	0.796875	0.79375	0.790625	0.7875	0.784375	0.78125	0.778125	0.775	0.771875	0.76875	0.765625	0.7625	0.759375	0.75625	0.753125	0.75	0.746875	0.74375	0.740625	0.7375	0.734375	0.73125	0.728125	0.725	0.721875	0.71875	0.715625	0.7125	0.709375	0.70625	0.703125	0.7	0.696875	0.69375	0.690625	0.6875	0.684375	0.68125	0.678125	0.675	0.671875	0.66875	0.665625	0.6625	0.659375	0.65625	0.653125	0.65	0.646875	0.64375	0.640625	0.6375	0.634375	0.63125	0.628125	0.625	0.621875	0.61875	0.615625	0.6125	0.609375	0.60625	0.603125	0.6	0.596875	0.59375	0.590625	0.5875	0.584375	0.58125	0.578125	0.575	0.571875	0.56875	0.565625	0.5625	0.559375	0.55625	0.553125	0.55	0.546875	0.54375	0.540625	0.5375	0.534375	0.53125	0.528125	0.525	0.521875	0.51875	0.515625	0.5125	0.509375	0.50625	0.503125	0.5	0.496875	0.49375	0.490625	0.4875	0.484375	0.48125	0.478125	0.475	0.471875	0.46875	0.465625	0.4625	0.459375	0.45625	0.453125	0.45	0.446875	0.44375	0.440625	0.4375	0.434375	0.43125	0.428125	0.425	0.421875	0.41875	0.415625	0.4125	0.409375	0.40625	0.403125	0.4	0.396875	0.39375	0.390625	0.3875	0.384375	0.38125	0.378125	0.375	0.371875	0.36875	0.365625	0.3625	0.359375	0.35625	0.353125	0.35	0.346875	0.34375	0.340625	0.3375	0.334375	0.33125	0.328125	0.325	0.321875	0.31875	0.315625	0.3125	0.309375	0.30625	0.303125	0.3	0.296875	0.29375	0.290625	0.2875	0.284375	0.28125	0.278125	0.275	0.271875	0.26875	0.265625	0.2625	0.259375	0.25625	0.253125	0.25	0.246875	0.24375	0.240625	0.2375	0.234375	0.23125	0.228125	0.225	0.221875	0.21875	0.215625	0.2125	0.209375	0.20625	0.203125	0.2	0.196875	0.19375	0.190625	0.1875	0.184375	0.18125	0.178125	0.175	0.171875	0.16875	0.165625	0.1625	0.159375	0.15625	0.153125	0.15	0.146875	0.14375	0.140625	0.1375	0.134375	0.13125	0.128125	0.125	0.121875	0.11875	0.115625	0.1125	0.109375	0.10625	0.103125	0.1	0.096875	0.09375	0.090625	0.0875	0.084375	0.08125	0.078125	0.075	0.071875	0.06875	0.065625	0.0625	0.059375	0.05625	0.053125	0.05	0.046875	0.04375	0.040625	0.0375	0.034375	0.03125	0.028125	0.025	0.021875	0.01875	0.015625	0.0125	0.009375	0.00625	0.003125	0
0	-0.003125	0.0015625	0.00625	0.0109375	0.015625	0.0203125	0.025	0.0296875	0.034375	0.0390625	0.04375	0.0484375	0.053125	0.0578125	0.0625	0.0671875	0.071875	0.0765625	0.08125	0.0859375	0.090625	0.0953125	0.1	0.104688	0.109375	0.114063	0.11875	0.123438	0.128125	0.132813	0.1375	0.142188	0.146875	0.151563	0.15625	0.160938	0.165625	0.170313	0.175	0.179688	0.184375	0.189063	0.19375	0.198438	0.203125	0.207813	0.2125	0.217188	0.221875	0.226563	0.23125	0.235938	0.240625	0.245313	0.25	0.254688	0.259375	0.264063	0.26875	0.273438	0.278125	0.282813	0.2875	0.292188	0.296875	0.301563	0.30625	0.310938	0.315625	0.320313	0.325	0.329688	0.334375	0.339063	0.34375	0.348438	0.353125	0.357813	0.3625	0.367188	0.371875	0.376563	0.38125	0.385938	0.390625	0.395313	0.4	0.404688	0.409375	0.414063	0.41875	0.423438	0.428125	0.432813	0.4375	0.442188	0.446875	0.451563	0.45625	0.460938	0.465625	0.470313	0.475	0.479688	0.484375	0.489063	0.49375	0.498438	0.503125	0.507813	0.5125	0.517188	0.521875	0.526563	0.53125	0.535938	0.540625	0.545313	0.55	0.554688	0.559375	0.564063	0.56875	0.573438	0.578125	0.582813	0.5875	0.592188	0.596875	0.601563	0.60625	0.610938	0.615625	0.620313	0.625	0.629688	0.634375	0.639063	0.64375	0.648438	0.653125	0.657813	0.6625	0.667188	0.671875	0.676563	0.68125	0.685938	0.690625	0.695313	0.7	0.704688	0.709375	0.714063	0.71875	0.723438	0.728125	0.732813	0.7375	0.742188	0.746875	0.74375	0.740625	0.7375	0.734375	0.73125	0.728125	0.725	0.721875	0.71875	0.715625	0.7125	0.709375	0.70625	0.703125	0.7	0.696875	0.69375	0.690625	0.6875	0.684375	0.68125	0.678125	0.675	0.671875	0.66875	0.665625	0.6625	0.659375	0.65625	0.653125	0.65	0.646875	0.64375	0.640625	0.6375	0.634375	0.63125	0.628125	0.625	0.621875	0.61875	0.615625	0.6125	0.609375	0.60625	0.603125	0.6	0.596875	0.59375	0.590625	0.5875	0.584375	0.58125	0.578125	0.575	0.571875	0.56875	0.565625	0.5625	0.559375	0.55625	0.553125	0.55	0.546875	0.54375	0.540625	0.5375	0.534375	0.53125	0.528125	0.525	0.521875	0.51875	0.515625	0.5125	0.509375	0.50625	0.503125	0.5	0.496875	0.49375	0.490625	0.4875	0.484375	0.48125	0.478125	0.475	0.471875	0.46875	0.465625	0.4625	0.459375	0.45625	0.453125	0.45	0.446875	0.44375	0.440625	0.4375	0.434375	0.43125	0.428125	0.425	0.421875	0.41875	0.415625	0.4125	0.409375	0.40625	0.403125	0.4	0.396875	0.39375	0.390625	0.3875	0.384375	0.38125	0.378125	0.375	0.371875	0.36875	0.365625	0.3625	0.359375	0.35625	0.353125	0.35	0.346875	0.34375	0.340625	0.3375	0.334375	0.33125	0.328125	0.325	0.321875	0.31875	0.315625	0.3125	0.309375	0.30625	0.303125	0.3	0.296875	0.29375	0.290625	0.2875	0.284375	0.28125	0.278125	0.275	0.271875	0.26875	0.265625	0.2625	0.259375	0.25625	0.253125	0.25	0.246875	0.24375	0.240625	0.2375	0.234375	0.23125	0.228125	0.225	0.221875	0.21875	0.215625	0.2125	0.209375	0.20625	0.203125	0.2	0.196875	0.19375	0.190625	0.1875	0.184375	0.18125	0.178125	0.175	0.171875	0.16875	0.165625	0.1625	0.159375	0.15625	0.153125	0.15	0.146875	0.14375	0.140625	0.1375	0.134375	0.13125	0.128125	0.125	0.121875	0.11875	0.115625	0.1125	0.109375	0.10625	0.103125	0.1	0.096875	0.09375	0.090625	0.0875	0.084375	0.08125	0.078125	0.075	0.071875	0.06875	0.065625	0.0625	0.059375	0.05625	0.053125	0.05	0.046875	0.04375	0.040625	0.0375	0.034375	0.03125	0.028125	0.025	0.021875	0.01875	0.015625	0.0125	0.009375	0.00625	0.003125	0
0	-0.003125	-0.00625	-0.009375	-0.0125	-0.015625	-0.01875	-0.021875	-0.025	-0.028125	-0.03125	-0.034375	-0.0375	-0.040625	-0.04375	-0.046875	-0.05	-0.053125	-0.05625	-0.059375	-0.0625	-0.065625	-0.0609375	-0.05625	-0.0515625	-0.046875	-0.0421875	-0.0375	-0.0328125	-0.028125	-0.0234375	-0.01875	-0.0140625	-0.009375	-0.0046875	-2.22045e-16	0.0046875	0.009375	0.0140625	0.01875	0.0234375	0.028125	0.0328125	0.0375	0.0421875	0.046875	0.0515625	0.05625	0.0609375	0.065625	0.0703125	0.075	0.0796875	0.084375	0.0890625	0.09375	0.0984375	0.103125	0.107813	0.1125	0.117188	0.121875	0.126563	0.13125	0.135938	0.140625	0.145313	0.15	0.154688	0.159375	0.164063	0.16875	0.173438	0.178125	0.182813	0.1875	0.192188	0.196875	0.201563	0.20625	0.210938	0.215625	0.220313	0.225	0.229688	0.234375	0.239063	0.24375	0.248438	0.253125	0.257813	0.2625	0.267188	0.271875	0.276563	0.28125	0.285938	0.290625	0.295313	0.3	0.304688	0.309375	0.314063	0.31875	0.323438	0.328125	0.332813	0.3375	0.342188	0.346875	0.351563	0.35625	0.360938	0.365625	0.370313	0.375	0.379688	0.384375	0.389063	0.39375	0.398438	0.403125	0.407813	0.4125	0.417188	0.421875	0.426563	0.43125	0.435938	0.440625	0.445313	0.45	0.454688	0.459375	0.464063	0.46875	0.473438	0.478125	0.482813	0.4875	0.492188	0.496875	0.501563	0.50625	0.510938	0.515625	0.520313	0.525	0.529688	0.534375	0.539063	0.54375	0.548438	0.553125	0.557813	0.5625	0.567188	0.571875	0.576563	0.58125	0.585938	0.590625	0.595313	0.6	0.604688	0.609375	0.614063	0.61875	0.623438	0.628125	0.632813	0.6375	0.642188	0.646875	0.651563	0.65625	0.660938	0.665625	0.670313	0.675	0.679688	0.684375	0.68125	0.678125	0.675	0.671875	0.66875	0.665625	0.6625	0.659375	0.65625	0.653125	0.65	0.646875	0.64375	0.640625	0.6375	0.634375	0.63125	0.628125	0.625	0.621875	0.61875	0.615625	0.6125	0.609375	0.60625	0.603125	0.6	0.596875	0.59375	0.590625	0.5875	0.584375	0.58125	0.578125	0.575	0.571875	0.56875	0.565625	0.5625	0.559375	0.55625	0.553125	0.55	0.546875	0.54375	0.540625	0.5375	0.534375	0.53125	0.528125	0.525	0.521875	0.51875	0.515625	0.5125	0.509375	0.50625	0.503125	0.5	0.496875	0.49375	0.490625	0.4875	0.484375	0.48125	0.478125	0.475	0.471875	0.46875	0.465625	0.4625	0.459375	0.45625	0.453125	0.45	0.446875	0.44375	0.440625	0.4375	0.434375	0.43125	0.428125	0.425	0.421875	0.41875	0.415625	0.4125	0.409375	0.40625	0.403125	0.4	0.396875	0.39375	0.390625	0.3875	0.384375	0.38125	0.378125	0.375	0.371875	0.36875	0.365625	0.3625	0.359375	0.35625	0.353125	0.35	0.346875	0.34375	0.340625	0.3375	0.334375	0.33125	0.328125	0.325	0.321875	0.31875	0.315625	0.3125	0.309375	0.30625	0.303125	0.3	0.296875	0.29375	0.290625	0.2875	0.284375	0.28125	0.278125	0.275	0.271875	0.26875	0.265625	0.2625	0.259375	0.25625	0.253125	0.25	0.246875	0.24375	0.240625	0.2375	0.234375	0.23125	0.228125	0.225	0.221875	0.21875	0.215625	0.2125	0.209375	0.20625	0.203125	0.2	0.196875	0.19375	0.190625	0.1875	0.184375	0.18125	0.178125	0.175	0.171875	0.16875	0.165625	0.1625	0.159375	0.15625	0.153125	0.15	0.146875	0.14375	0.140625	0.1375	0.134375	0.13125	0.128125	0.125	0.121875	0.11875	0.115625	0.1125	0.109375	0.10625	0.103125	0.1	0.096875	0.09375	0.090625	0.0875	0.084375	0.08125	0.078125	0.075	0.071875	0.06875	0.065625	0.0625	0.059375	0.05625	0.053125	0.05	0.046875	0.04375	0.040625	0.0375	0.034375	0.03125	0.028125	0.025	0.021875	0.01875	0.015625	0.0125	0.009375	0.00625	0.003125	0
0	-0.003125	-0.00625	-0.009375	-0.0125	-0.015625	-0.01875	-0.021875	-0.025	-0.028125	-0.03125	-0.034375	-0.0375	-0.040625	-0.04375	-0.046875	-0.05	-0.053125	-0.05625	-0.059375	-0.0625	-0.065625	-0.06875	-0.071875	-0.075	-0.078125	-0.08125	-0.084375	-0.0875	-0.090625	-0.09375	-0.096875	-0.1	-0.103125	-0.10625	-0.109375	-0.1125	-0.115625	-0.11875	-0.121875	-0.125	-0.128125	-0.123437	-0.11875	-0.114062	-0.109375	-0.104687	-0.1	-0.0953125	-0.090625	-0.0859375	-0.08125	-0.0765625	-0.071875	-0.0671875	-0.0625	-0.0578125	-0.053125	-0.0484375	-0.04375	-0.0390625	-0.034375	-0.0296875	-0.025	-0.0203125	-0.015625	-0.0109375	-0.00625	-0.0015625	0.003125	0.0078125	0.0125	0.0171875	0.021875	0.0265625	0.03125	0.0359375	0.040625	0.0453125	0.05	0.0546875	0.059375	0.0640625	0.06875	0.0734375	0.078125	0.0828125	0.0875	0.0921875	0.096875	0.101563	0.10625	0.110938	0.115625	0.120313	0.125	0.129688	0.134375	0.139063	0.14375	0.148438	0.153125	0.157813	0.1625	0.167188	0.171875	0.176563	0.18125	0.185938	0.190625	0.195313	0.2	0.204688	0.209375	0.214063	0.21875	0.223438	0.228125	0.232813	0.2375	0.242188	0.246875	0.251563	0.25625	0.260938	0.265625	0.270313	0.275	0.279688	0.284375	0.289063	0.29375	0.298438	0.303125	0.307813	0.3125	0.317188	0.321875	0.326563	0.33125	0.335938	0.340625	0.345313	0.35	0.354688	0.359375	0.364063	0.36875	0.373438	0.378125	0.382813	0.3875	0.392188	0.396875	0.401563	0.40625	0.410938	0.415625	0.420313	0.425	0.429688	0.434375	0.439063	0.44375	0.448438	0.453125	0.457813	0.4625	0.467188	0.471875	0.476563	0.48125	0.485938	0.490625	0.495313	0.5	0.504688	0.509375	0.514063	0.51875	0.523438	0.528125	0.532813	0.5375	0.542188	0.546875	0.551563	0.55625	0.560938	0.565625	0.570313	0.575	0.579688	0.584375	0.589063	0.59375	0.598438	0.603125	0.607813	0.6125	0.617188	0.621875	0.61875	0.615625	0.6125	0.609375	0.60625	0.603125	0.6	0.596875	0.59375	0.590625	0.5875	0.584375	0.58125	0.578125	0.575	0.571875	0.56875	0.565625	0.5625	0.559375	0.55625	0.553125	0.55	0.546875	0.54375	0.540625	0.5375	0.534375	0.53125	0.528125	0.525	0.521875	0.51875	0.515625	0.5125	0.509375	0.50625	0.503125	0.5	0.496875	0.49375	0.490625	0.4875	0.484375	0.48125	0.478125	0.475	0.471875	0.46875	0.465625	0.4625	0.459375	0.45625	0.453125	0.45	0.446875	0.44375	0.440625	0.4375	0.434375	0.43125	0.428125	0.425	0.421875	0.41875	0.415625	0.4125	0.409375	0.40625	0.403125	0.4	0.396875	0.39375	0.390625	0.3875	0.384375	0.38125	0.378125	0.375	0.371875	0.36875	0.365625	0.3625	0.359375	0.35625	0.353125	0.35	0.346875	0.34375	0.340625	0.3375	0.334375	0.33125	0.328125	0.325	0.321875	0.31875	0.315625	0.3125	0.309375	0.30625	0.303125	0.3	0.296875	0.29375	0.290625	0.2875	0.284375	0.28125	0.278125	0.275	0.271875	0.26875	0.265625	0.2625	0.259375	0.25625	0.253125	0.25	0.246875	0.24375	0.240625	0.2375	0.234375	0.23125	0.228125	0.225	0.221875	0.21875	0.215625	0.2125	0.209375	0.20625	0.203125	0.2	0.196875	0.19375	0.190625	0.1875	0.184375	0.18125	0.178125	0.175	0.171875	0.16875	0.165625	0.1625	0.159375	0.15625	0.153125	0.15	0.146875	0.14375	0.140625	0.1375	0.134375	0.13125	0.128125	0.125	0.121875	0.11875	0.115625	0.1125	0.109375	0.10625	0.103125	0.1	0.096875	0.09375	0.090625	0.0875	0.084375	0.08125	0.078125	0.075	0.071875	0.06875	0.065625	0.0625	0.059375	0.05625	0.053125	0.05	0.046875	0.04375	0.040625	0.0375	0.034375	0.03125	0.028125	0.025	0.021875	0.01875	0.015625	0.0125	0.009375	0.00625	0.003125	0
0	-0.003125	-0.00625	-0.009375	-0.0125	-0.015625	-0.01875	-0.021875	-0.025	-0.028125	-0.03125	-0.034375	-0.0375	-0.040625	-0.04375	-0.046875	-0.05	-0.053125	-0.05625	-0.059375	-0.0625	-0.065625	-0.06875	-0.071875	-0.075	-0.078125	-0.08125	-0.084375	-0.0875	-0.090625	-0.09375	-0.096875	-0.1	-0.103125	-0.10625	-0.109375	-0.1125	-0.115625	-0.11875	-0.121875	-0.125	-0.128125	-0.13125	-0.134375	-0.1375	-0.140625	-0.14375	-0.146875	-0.15	-0.153125	-0.15625	-0.159375	-0.1625	-0.165625	-0.16875	-0.171875	-0.175	-0.178125	-0.18125	-0.184375	-0.1875	-0.190625	-0.185937	-0.18125	-0.176562	-0.171875	-0.167187	-0.1625	-0.157812	-0.153125	-0.148437	-0.14375	-0.139062	-0.134375	-0.129687	-0.125	-0.120312	-0.115625	-0.110937	-0.10625	-0.101562	-0.096875	-0.0921875	-0.0875	-0.0828125	-0.078125	-0.0734375	-0.06875	-0.0640625	-0.059375	-0.0546875	-0.05	-0.0453125	-0.040625	-0.0359375	-0.03125	-0.0265625	-0.021875	-0.0171875	-0.0125	-0.0078125	-0.003125	0.0015625	0.00625	0.0109375	0.015625	0.0203125	0.025	0.0296875	0.034375	0.0390625	0.04375	0.0484375	0.053125	0.0578125	0.0625	0.0671875	0.071875	0.0765625	0.08125	0.0859375	0.090625	0.0953125	0.1	0.104688	0.109375	0.114063	0.11875	0.123438	0.128125	0.132813	0.1375	0.142188	0.146875	0.151563	0.15625	0.160938	0.165625	0.170313	0.175	0.179688	0.184375	0.189063	0.19375	0.198438	0.203125	0.207813	0.2125	0.217188	0.221875	0.226563	0.23125	0.235938	0.240625	0.245313	0.25	0.254688	0.259375	0.264063	0.26875	0.273438	0.278125	0.282813	0.2875	0.292188	0.296875	0.301563	0.30625	0.310938	0.315625	0.320313	0.325	0.329688	0.334375	0.339063	0.34375	0.348438	0.353125	0.357813	0.3625	0.367188	0.371875	0.376563	0.38125	0.385938	0.390625	0.395313	0.4	0.404688	0.409375	0.414063	0.41875	0.423438	0.428125	0.432813	0.4375	0.442188	0.446875	0.451563	0.45625	0.460938	0.465625	0.470313	0.475	0.479688	0.484375	0.489063	0.49375	0.498438	0.503125	0.507813	0.5125	0.517188	0.521875	0.526563	0.53125	0.535938	0.540625	0.545313	0.55	0.554688	0.559375	0.55625	0.553125	0.55	0.546875	0.54375	0.540625	0.5375	0.534375	0.53125	0.528125	0.525	0.521875	0.51875	0.515625	0.5125	0.509375	0.50625	0.503125	0.5	0.496875	0.49375	0.490625	0.4875	0.484375	0.48125	0.478125	0.475	0.471875	0.46875	0.465625	0.4625	0.459375	0.45625	0.453125	0.45	0.446875	0.44375	0.440625	0.4375	0.434375	0.43125	0.428125	0.425	0.421875	0.41875	0.415625	0.4125	0.409375	0.40625	0.403125	0.4	0.396875	0.39375	0.390625	0.3875	0.384375	0.38125	0.378125	0.375	0.371875	0.36875	0.365625	0.3625	0.359375	0.35625	0.353125	0.35	0.346875	0.34375	0.340625	0.3375	0.334375	0.33125	0.328125	0.325	0.321875	0.31875	0.315625	0.3125	0.309375	0.30625	0.303125	0.3	0.296875	0.29375	0.290625	0.2875	0.284375	0.28125	0.278125	0.275	0.271875	0.26875	0.265625	0.2625	0.259375	0.25625	0.253125	0.25	0.246875	0.24375	0.240625	0.2375	0.234375	0.23125	0.228125	0.225	0.221875	0.21875	0.215625	0.2125	0.209375	0.20625	0.203125	0.2	0.196875	0.19375	0.190625	0.1875	0.184375	0.18125	0.178125	0.175	0.171875	0.16875	0.165625	0.1625	0.159375	0.15625	0.153125	0.15	0.146875	0.14375	0.140625	0.1375	0.134375	0.13125	0.128125	0.125	0.121875	0.11875	0.115625	0.1125	0.109375	0.10625	0.103125	0.1	0.096875	0.09375	0.090625	0.0875	0.084375	0.08125	0.078125	0.075	0.071875	0.06875	0.065625	0.0625	0.059375	0.05625	0.053125	0.05	0.046875	0.04375	0.040625	0.0375	0.034375	0.03125	0.028125	0.025	0.021875	0.01875	0.015625	0.0125	0.009375	0.00625	0.003125	0
0	-0.003125	-0.00625	-0.009375	-0.0125	-0.015625	-0.01875	-0.021875	-0.025	-0.028125	-0.03125	-0.034375	-0.0375	-0.040625	-0.04375	-0.046875	-0.05	-0.053125	-0.05625	-0.059375	-0.0625	-0.065625	-0.06875	-0.071875	-0.075	-0.078125	-0.08125	-0.084375	-0.0875	-0.090625	-0.09375	-0.096875	-0.1	-0.103125	-0.10625	-0.109375	-0.1125	-0.115625	-0.11875	-0.121875	-0.125	-0.128125	-0.13125	-0.134375	-0.1375	-0.140625	-0.14375	-0.146875	-0.15	-0.153125	-0.15625	-0.159375	-0.1625	-0.165625	-0.16875	-0.171875	-0.175	-0.178125	-0.18125	-0.184375	-0.1875	-0.190625	-0.19375	-0.196875	-0.2	-0.203125	-0.20625	-0.209375	-0.2125	-0.215625	-0.21875	-0.221875	-0.225	-0.228125	-0.23125	-0.234375	-0.2375	-0.240625	-0.24375	-0.246875	-0.25	-0.253125	-0.248437	-0.24375	-0.239062	-0.234375	-0.229687	-0.225	-0.220312	-0.215625	-0.210937	-0.20625	-0.201562	-0.196875	-0.192187	-0.1875	-0.182812	-0.178125	-0.173437	-0.16875	-0.164062	-0.159375	-0.154687	-0.15	-0.145312	-0.140625	-0.135937	-0.13125	-0.126562	-0.121875	-0.117187	-0.1125	-0.107812	-0.103125	-0.0984375	-0.09375	-0.0890625	-0.084375	-0.0796875	-0.075	-0.0703125	-0.065625	-0.0609375	-0.05625	-0.0515625	-0.046875	-0.0421875	-0.0375	-0.0328125	-0.028125	-0.0234375	-0.01875	-0.0140625	-0.009375	-0.0046875	-1.11022e-16	0.0046875	0.009375	0.0140625	0.01875	0.0234375	0.028125	0.0328125	0.0375	0.0421875	0.046875	0.0515625	0.05625	0.0609375	0.065625	0.0703125	0.075	0.0796875	0.084375	0.0890625	0.09375	0.0984375	0.103125	0.107813	0.1125	0.117188	0.121875	0.126563	0.13125	0.135938	0.140625	0.145313	0.15	0.154688	0.159375	0.164063	0.16875	0.173438	0.178125	0.182813	0.1875	0.192188	0.196875	0.201563	0.20625	0.210938	0.215625	0.220313	0.225	0.229688	0.234375	0.239063	0.24375	0.248438	0.253125	0.257813	0.2625	0.267188	0.271875	0.276563	0.28125	0.285938	0.290625	0.295313	0.3	0.304688	0.309375	0.314063	0.31875	0.323438	0.328125	0.332813	0.3375	0.342188	0.346875	0.351563	0.35625	0.360938	0.365625	0.370313	0.375	0.379688	0.384375	0.389063	0.39375	0.398438	0.403125	0.407813	0.4125	0.417188	0.421875	0.426563	0.43125	0.435938	0.440625	0.445313	0.45	0.454688	0.459375	0.464063	0.46875	0.473438	0.478125	0.482813	0.4875	0.492188	0.496875	0.49375	0.490625	0.4875	0.484375	0.48125	0.478125	0.475	0.471875	0.46875	0.465625	0.4625	0.459375	0.45625	0.453125	0.45	0.446875	0.44375	0.440625	0.4375	0.434375	0.43125	0.428125	0.425	0.421875	0.41875	0.415625	0.4125	0.409375	0.40625	0.403125	0.4	0.396875	0.39375	0.390625	0.3875	0.384375	0.38125	0.378125	0.375	0.371875	0.36875	0.365625	0.3625	0.359375	0.35625	0.353125	0.35	0.346875	0.34375	0.340625	0.3375	0.334375	0.33125	0.328125	0.325	0.321875	0.31875	0.315625	0.3125	0.309375	0.30625	0.303125	0.3	0.296875	0.29375	0.290625	0.2875	0.284375	0.28125	0.278125	0.275	0.271875	0.26875	0.265625	0.2625	0.259375	0.25625	0.253125	0.25	0.246875	0.24375	0.240625	0.2375	0.234375	0.23125	0.228125	0.225	0.221875	0.21875	0.215625	0.2125	0.209375	0.20625	0.203125	0.2	0.196875	0.19375	0.190625	0.1875	0.184375	0.18125	0.178125	0.175	0.171875	0.16875	0.165625	0.1625	0.159375	0.15625	0.153125	0.15	0.146875	0.14375	0.140625	0.1375	0.134375	0.13125	0.128125	0.125	0.121875	0.11875	0.115625	0.1125	0.109375	0.10625	0.103125	0.1	0.096875	0.09375	0.090625	0.0875	0.084375	0.08125	0.078125	0.075	0.071875	0.06875	0.065625	0.0625	0.059375	0.05625	0.053125	0.05	0.046875	0.04375	0.040625	0.0375	0.034375	0.03125	0.028125	0.025	0.021875	0.01875	0.015625	0.0125	0.009375	0.00625	0.003125	0
0	-0.003125	-0.00625	-0.009375	-0.0125	-0.015625	-0.01875	-0.021875	-0.025	-0.028125	-0.03125	-0.034375	-0.0375	-0.040625	-0.04375	-0.046875	-0.05	-0.053125	-0.05625	-0.059375	-0.0625	-0.065625	-0.06875	-0.071875	-0.075	-0.078125	-0.08125	-0.084375	-0.0875	-0.090625	-0.09375	-0.096875	-0.1	-0.103125	-0.10625	-0.109375	-0.1125	-0.115625	-0.11875	-0.121875	-0.125	-0.128125	-0.13125	-0.134375	-0.1375	-0.140625	-0.14375	-0.146875	-0.15	-0.153125	-0.15625	-0.159375	-0.1625	-0.165625	-0.16875	-0.171875	-0.175	-0.178125	-0.18125	-0.184375	-0.1875	-0.190625	-0.19375	-0.196875	-0.2	-0.203125	-0.20625	-0.209375	-0.2125	-0.215625	-0.21875	-0.221875	-0.225	-0.228125	-0.23125	-0.234375	-0.2375	-0.240625	-0.24375	-0.246875	-0.25	-0.253125	-0.25625	-0.259375	-0.2625	-0.265625	-0.26875	-0.271875	-0.275	-0.278125	-0.28125	-0.284375	-0.2875	-0.290625	-0.29375	-0.296875	-0.3	-0.303125	-0.30625	-0.309375	-0.3125	-0.315625	-0.310937	-0.30625	-0.301562	-0.296875	-0.292187	-0.2875	-0.282812	-0.278125	-0.273437	-0.26875	-0.264062	-0.259375	-0.254687	-0.25	-0.245312	-0.240625	-0.235937	-0.23125	-0.226562	-0.221875	-0.217187	-0.2125	-0.207812	-0.203125	-0.198437	-0.19375	-0.189062	-0.184375	-0.179687	-0.175	-0.170312	-0.165625	-0.160937	-0.15625	-0.151562	-0.146875	-0.142187	-0.1375	-0.132812	-0.128125	-0.123437	-0.11875	-0.114062	-0.109375	-0.104687	-0.1	-0.0953125	-0.090625	-0.0859375	-0.08125	-0.0765625	-0.071875	-0.0671875	-0.0625	-0.0578125	-0.053125	-0.0484375	-0.04375	-0.0390625	-0.034375	-0.0296875	-0.025	-0.0203125	-0.015625	-0.0109375	-0.00625	-0.0015625	0.003125	0.0078125	0.0125	0.0171875	0.021875	0.0265625	0.03125	0.0359375	0.040625	0.0453125	0.05	0.0546875	0.059375	0.0640625	0.06875	0.0734375	0.078125	0.0828125	0.0875	0.0921875	0.096875	0.101563	0.10625	0.110938	0.115625	0.120313	0.125	0.129688	0.134375	0.139063	0.14375	0.148438	0.153125	0.157813	0.1625	0.167188	0.171875	0.176563	0.18125	0.185938	0.190625	0.195313	0.2	0.204688	0.209375	0.214063	0.21875	0.223438	0.228125	0.232813	0.2375	0.242188	0.246875	0.251563	0.25625	0.260938	0.265625	0.270313	0.275	0.279688	0.284375	0.289063	0.29375	0.298438	0.303125	0.307813	0.3125	0.317188	0.321875	0.326563	0.33125	0.335938	0.340625	0.345313	0.35	0.354688	0.359375	0.364063	0.36875	0.373438	0.378125	0.382813	0.3875	0.392188	0.396875	0.401563	0.40625	0.410938	0.415625	0.420313	0.425	0.429688	0.434375	0.43125	0.428125	0.425	0.421875	0.41875	0.415625	0.4125	0.409375	0.40625	0.403125	0.4	0.396875	0.39375	0.390625	0.3875	0.384375	0.38125	0.378125	0.375	0.371875	0.36875	0.365625	0.3625	0.359375	0.35625	0.353125	0.35	0.346875	0.34375	0.340625	0.3375	0.334375	0.33125	0.328125	0.325	0.321875	0.31875	0.315625	0.3125	0.309375	0.30625	0.303125	0.3	0.296875	0.29375	0.290625	0.2875	0.284375	0.28125	0.278125	0.275	0.271875	0.26875	0.265625	0.2625	0.259375	0.25625	0.253125	0.25	0.246875	0.24375	0.240625	0.2375	0.234375	0.23125	0.228125	0.225	0.221875	0.21875	0.215625	0.2125	0.209375	0.20625	0.203125	0.2	0.196875	0.19375	0.190625	0.1875	0.184375	0.18125	0.178125	0.175	0.171875	0.16875	0.165625	0.1625	0.159375	0.15625	0.153125	0.15	0.146875	0.14375	0.140625	0.1375	0.134375	0.13125	0.128125	0.125	0.121875	0.11875	0.115625	0.1125	0.109375	0.10625	0.103125	0.1	0.096875	0.09375	0.090625	0.0875	0.084375	0.08125	0.078125	0.075	0.071875	0.06875	0.065625	0.0625	0.059375	0.05625	0.053125	0.05	0.046875	0.04375	0.040625	0.0375	0.034375	0.03125	0.028125	0.025	0.021875	0.01875	0.015625	0.0125	0.009375	0.00625	0.003125	0
0	-0.003125	-0.00625	-0.009375	-0.0125	-0.015625	-0.01875	-0.021875	-0.025	-0.028125	-0.03125	-0.034375	-0.0375	-0.040625	-0.04375	-0.046875	-0.05	-0.053125	-0.05625	-0.059375	-0.0625	-0.065625	-0.06875	-0.071875	-0.075	-0.078125	-0.08125	-0.084375	-0.0875	-0.090625	-0.09375	-0.096875	-0.1	-0.103125	-0.10625	-0.109375	-0.1125	-0.115625	-0.11875	-0.121875	-0.125	-0.128125	-0.13125	-0.134375	-0.1375	-0.140625	-0.14375	-0.146875	-0.15	-0.153125	-0.15625	-0.159375	-0.1625	-0.165625	-0.16875	-0.171875	-0.175	-0.178125	-0.18125	-0.184375	-0.1875	-0.190625	-0.19375	-0.196875	-0.2	-0.203125	-0.20625	-0.209375	-0.2125	-0.215625	-0.21875	-0.221875	-0.225	-0.228125	-0.23125	-0.234375	-0.2375	-0.240625	-0.24375	-0.246875	-0.25	-0.253125	-0.25625	-0.259375	-0.2625	-0.265625	-0.26875	-0.271875	-0.275	-0.278125	-0.28125	-0.284375	-0.2875	-0.290625	-0.29375	-0.296875	-0.3	-0.303125	-0.30625	-0.309375	-0.3125	-0.315625	-0.31875	-0.321875	-0.325	-0.328125	-0.33125	-0.334375	-0.3375	-0.340625	-0.34375	-0.346875	-0.35	-0.353125	-0.35625	-0.359375	-0.3625	-0.365625	-0.36875	-0.371875	-0.375	-0.378125	-0.373437	-0.36875	-0.364062	-0.359375	-0.354687	-0.35	-0.345312	-0.340625	-0.335937	-0.33125	-0.326562	-0.321875	-0.317187	-0.3125	-0.307812	-0.303125	-0.298437	-0.29375	-0.289062	-0.284375	-0.279687	-0.275	-0.270312	-0.265625	-0.260937	-0.25625	-0.251562	-0.246875	-0.242187	-0.2375	-0.232812	-0.228125	-0.223437	-0.21875	-0.214062	-0.209375	-0.204687	-0.2	-0.195312	-0.190625	-0.185937	-0.18125	-0.176562	-0.171875	-0.167187	-0.1625	-0.157812	-0.153125	-0.148437	-0.14375	-0.139062	-0.134375	-0.129687	-0.125	-0.120312	-0.115625	-0.110937	-0.10625	-0.101562	-0.096875	-0.0921875	-0.0875	-0.0828125	-0.078125	-0.0734375	-0.06875	-0.0640625	-0.059375	-0.0546875	-0.05	-0.0453125	-0.040625	-0.0359375	-0.03125	-0.0265625	-0.021875	-0.0171875	-0.0125	-0.0078125	-0.003125	0.0015625	0.00625	0.0109375	0.015625	0.0203125	0.025	0.0296875	0.034375	0.0390625	0.04375	0.0484375	0.053125	0.0578125	0.0625	0.0671875	0.071875	0.0765625	0.08125	0.0859375	0.090625	0.0953125	0.1	0.104688	0.109375	0.114063	0.11875	0.123438	0.128125	0.132813	0.1375	0.142188	0.146875	0.151563	0.15625	0.160938	0.165625	0.170313	0.175	0.179688	0.184375	0.189063	0.19375	0.198438	0.203125	0.207813	0.2125	0.217188	0.221875	0.226563	0.23125	0.235938	0.240625	0.245313	0.25	0.254688	0.259375	0.264063	0.26875	0.273438	0.278125	0.282813	0.2875	0.292188	0.296875	0.301563	0.30625	0.310938	0.315625	0.320313	0.325	0.329688	0.334375	0.339063	0.34375	0.348438	0.353125	0.357813	0.3625	0.367188	0.371875	0.36875	0.365625	0.3625	0.359375	0.35625	0.353125	0.35	0.346875	0.34375	0.340625	0.3375	0.334375	0.33125	0.328125	0.325	0.321875	0.31875	0.315625	0.3125	0.309375	0.30625	0.303125	0.3	0.296875	0.29375	0.290625	0.2875	0.284375	0.28125	0.278125	0.275	0.271875	0.26875	0.265625	0.2625	0.259375	0.25625	0.253125	0.25	0.246875	0.24375	0.240625	0.2375	0.234375	0.23125	0.228125	0.225	0.221875	0.21875	0.215625	0.2125	0.209375	0.20625	0.203125	0.2	0.196875	0.19375	0.190625	0.1875	0.184375	0.18125	0.178125	0.175	0.171875	0.16875	0.165625	0.1625	0.159375	0.15625	0.153125	0.15	0.146875	0.14375	0.140625	0.1375	0.134375	0.13125	0.128125	0.125	0.121875	0.11875	0.115625	0.1125	0.109375	0.10625	0.103125	0.1	0.096875	0.09375	0.090625	0.0875	0.084375	0.08125	0.078125	0.075	0.071875	0.06875	0.065625	0.0625	0.059375	0.05625	0.053125	0.05	0.046875	0.04375	0.040625	0.0375	0.034375	0.03125	0.028125	0.025	0.021875	0.01875	0.015625	0.0125	0.009375	0.00625	0.003125	0
0	-0.003125	-0.00625	-0.009375	-0.0125	-0.015625	-0.01875	-0.021875	-0.025	-0.028125	-0.03125	-0.034375	-0.0375	-0.040625	-0.04375	-0.046875	-0.05	-0.053125	-0.05625	-0.059375	-0.0625	-0.065625	-0.06875	-0.071875	-0.075	-0.078125	-0.08125	-0.084375	-0.0875	-0.090625	-0.09375	-0.096875	-0.1	-0.103125	-0.10625	-0.109375	-0.1125	-0.115625	-0.11875	-0.121875	-0.125	-0.128125	-0.13125	-0.134375	-0.1375	-0.140625	-0.14375	-0.146875	-0.15	-0.153125	-0.15625	-0.159375	-0.1625	-0.165625	-0.16875	-0.171875	-0.175	-0.178125	-0.18125	-0.184375	-0.1875	-0.190625	-0.19375	-0.196875	-0.2	-0.203125	-0.20625	-0.209375	-0.2125	-0.215625	-0.21875	-0.221875	-0.225	-0.228125	-0.23125	-0.234375	-0.2375	-0.240625	-0.24375	-0.246875	-0.25	-0.253125	-0.25625	-0.259375	-0.2625	-0.265625	-0.26875	-0.271875	-0.275	-0.278125	-0.28125	-0.284375	-0.2875	-0.290625	-0.29375	-0.296875	-0.3	-0.303125	-0.30625	-0.309375	-0.3125	-0.315625	-0.31875	-0.321875	-0.325	-0.328125	-0.33125	-0.334375	-0.3375	-0.340625	-0.34375	-0.346875	-0.35	-0.353125	-0.35625	-0.359375	-0.3625	-0.365625	-0.36875	-0.371875	-0.375	-0.378125	-0.38125	-0.384375	-0.3875	-0.390625	-0.39375	-0.396875	-0.4	-0.403125	-0.40625	-0.409375	-0.4125	-0.415625	-0.41875	-0.421875	-0.425	-0.428125	-0.43125	-0.434375	-0.4375	-0.440625	-0.435937	-0.43125	-0.426562	-0.421875	-0.417187	-0.4125	-0.407812	-0.403125	-0.398437	-0.39375	-0.389062	-0.384375	-0.379687	-0.375	-0.370312	-0.365625	-0.360937	-0.35625	-0.351562	-0.346875	-0.342187	-0.3375	-0.332812	-0.328125	-0.323437	-0.31875	-0.314062	-0.309375	-0.304687	-0.3	-0.295312	-0.290625	-0.285937	-0.28125	-0.276562	-0.271875	-0.267187	-0.2625	-0.257812	-0.253125	-0.248437	-0.24375	-0.239062	-0.234375	-0.229687	-0.225	-0.220312	-0.215625	-0.210937	-0.20625	-0.201562	-0.196875	-0.192187	-0.1875	-0.182812	-0.178125	-0.173437	-0.16875	-0.164062	-0.159375	-0.154687	-0.15	-0.145312	-0.140625	-0.135937	-0.13125	-0.126562	-0.121875	-0.117187	-0.1125	-0.107812	-0.103125	-0.0984375	-0.09375	-0.0890625	-0.084375	-0.0796875	-0.075	-0.0703125	-0.065625	-0.0609375	-0.05625	-0.0515625	-0.046875	-0.0421875	-0.0375	-0.0328125	-0.028125	-0.0234375	-0.01875	-0.0140625	-0.009375	-0.0046875	1.77636e-15	0.0046875	0.009375	0.0140625	0.01875	0.0234375	0.028125	0.0328125	0.0375	0.0421875	0.046875	0.0515625	0.05625	0.0609375	0.065625	0.0703125	0.075	0.0796875	0.084375	0.0890625	0.09375	0.0984375	0.103125	0.107813	0.1125	0.117188	0.121875	0.126563	0.13125	0.135938	0.140625	0.145313	0.15	0.154688	0.159375	0.164063	0.16875	0.173438	0.178125	0.182813	0.1875	0.192188	0.196875	0.201563	0.20625	0.210938	0.215625	0.220313	0.225	0.229688	0.234375	0.239063	0.24375	0.248438	0.253125	0.257813	0.2625	0.267188	0.271875	0.276563	0.28125	0.285938	0.290625	0.295313	0.3	0.304688	0.309375	0.30625	0.303125	0.3	0.296875	0.29375	0.290625	0.2875	0.284375	0.28125	0.278125	0.275	0.271875	0.26875	0.265625	0.2625	0.259375	0.25625	0.253125	0.25	0.246875	0.24375	0.240625	0.2375	0.234375	0.23125	0.228125	0.225	0.221875	0.21875	0.215625	0.2125	0.209375	0.20625	0.203125	0.2	0.196875	0.19375	0.190625	0.1875	0.184375	0.18125	0.178125	0.175	0.171875	0.16875	0.165625	0.1625	0.159375	0.15625	0.153125	0.15	0.146875	0.14375	0.140625	0.1375	0.134375	0.13125	0.128125	0.125	0.121875	0.11875	0.115625	0.1125	0.109375	0.10625	0.103125	0.1	0.096875	0.09375	0.090625	0.0875	0.084375	0.08125	0.078125	0.075	0.071875	0.06875	0.065625	0.0625	0.059375	0.05625	0.053125	0.05	0.046875	0.04375	0.040625	0.0375	0.034375	0.03125	0.028125	0.025	0.021875	0.01875	0.015625	0.0125	0.009375	0.00625	0.003125	0
0	-0.003125	-0.00625	-0.009375	-0.0125	-0.015625	-0.01875	-0.021875	-0.025	-0.028125	-0.03125	-0.034375	-0.0375	-0.040625	-0.04375	-0.046875	-0.05	-0.053125	-0.05625	-0.059375	-0.0625	-0.065625	-0.06875	-0.071875	-0.075	-0.078125	-0.08125	-0.084375	-0.0875	-0.090625	-0.09375	-0.096875	-0.1	-0.103125	-0.10625	-0.109375	-0.1125	-0.115625	-0.11875	-0.121875	-0.125	-0.128125	-0.13125	-0.134375	-0.1375	-0.140625	-0.14375	-0.146875	-0.15	-0.153125	-0.15625	-0.159375	-0.1625	-0.165625	-0.16875	-0.171875	-0.175	-0.178125	-0.18125	-0.184375	-0.1875	-0.190625	-0.19375	-0.196875	-0.2	-0.203125	-0.20625	-0.209375	-0.2125	-0.215625	-0.21875	-0.221875	-0.225	-0.228125	-0.23125	-0.234375	-0.2375	-0.240625	-0.24375	-0.246875	-0.25	-0.253125	-0.25625	-0.259375	-0.2625	-0.265625	-0.26875	-0.271875	-0.275	-0.278125	-0.28125	-0.284375	-0.2875	-0.290625	-0.29375	-0.296875	-0.3	-0.303125	-0.30625	-0.309375	-0.3125	-0.315625	-0.31875	-0.321875	-0.325	-0.328125	-0.33125	-0.334375	-0.3375	-0.340625	-0.34375	-0.346875	-0.35	-0.353125	-0.35625	-0.359375	-0.3625	-0.365625	-0.36875	-0.371875	-0.375	-0.378125	-0.38125	-0.384375	-0.3875	-0.390625	-0.39375	-0.396875	-0.4	-0.403125	-0.40625	-0.409375	-0.4125	-0.415625	-0.41875	-0.421875	-0.425	-0.428125	-0.43125	-0.434375	-0.4375	-0.440625	-0.44375	-0.446875	-0.45	-0.453125	-0.45625	-0.459375	-0.4625	-0.465625	-0.46875	-0.471875	-0.475	-0.478125	-0.48125	-0.484375	-0.4875	-0.490625	-0.49375	-0.496875	-0.5	-0.503125	-0.498437	-0.49375	-0.489062	-0.484375	-0.479687	-0.475	-0.470312	-0.465625	-0.460937	-0.45625	-0.451562	-0.446875	-0.442187	-0.4375	-0.432812	-0.428125	-0.423437	-0.41875	-0.414062	-0.409375	-0.404687	-0.4	-0.395312	-0.390625	-0.385937	-0.38125	-0.376562	-0.371875	-0.367187	-0.3625	-0.357812	-0.353125	-0.348437	-0.34375	-0.339062	-0.334375	-0.329687	-0.325	-0.320312	-0.315625	-0.310937	-0.30625	-0.301562	-0.296875	-0.292187	-0.2875	-0.282812	-0.278125	-0.273437	-0.26875	-0.264062	-0.259375	-0.254687	-0.25	-0.245312	-0.240625	-0.235937	-0.23125	-0.226562	-0.221875	-0.217187	-0.2125	-0.207812	-0.203125	-0.198437	-0.19375	-0.189062	-0.184375	-0.179687	-0.175	-0.170312	-0.165625	-0.160937	-0.15625	-0.151562	-0.146875	-0.142187	-0.1375	-0.132812	-0.128125	-0.123437	-0.11875	-0.114062	-0.109375	-0.104687	-0.1	-0.0953125	-0.090625	-0.0859375	-0.08125	-0.0765625	-0.071875	-0.0671875	-0.0625	-0.0578125	-0.053125	-0.0484375	-0.04375	-0.0390625	-0.034375	-0.0296875	-0.025	-0.0203125	-0.015625	-0.0109375	-0.00625	-0.0015625	0.003125	0.0078125	0.0125	0.0171875	0.021875	0.0265625	0.03125	0.0359375	0.040625	0.0453125	0.05	0.0546875	0.059375	0.0640625	0.06875	0.0734375	0.078125	0.0828125	0.0875	0.0921875	0.096875	0.101563	0.10625	0.110938	0.115625	0.120313	0.125	0.129688	0.134375	0.139063	0.14375	0.148438	0.153125	0.157813	0.1625	0.167188	0.171875	0.176563	0.18125	0.185938	0.190625	0.195313	0.2	0.204688	0.209375	0.214063	0.21875	0.223438	0.228125	0.232813	0.2375	0.242188	0.246875	0.24375	0.240625	0.2375	0.234375	0.23125	0.228125	0.225	0.221875	0.21875	0.215625	0.2125	0.209375	0.20625	0.203125	0.2	0.196875	0.19375	0.190625	0.1875	0.184375	0.18125	0.178125	0.175	0.171875	0.16875	0.165625	0.1625	0.159375	0.15625	0.153125	0.15	0.146875	0.14375	0.140625	0.1375	0.134375	0.13125	0.128125	0.125	0.121875	0.11875	0.115625	0.1125	0.109375	0.10625	0.103125	0.1	0.096875	0.09375	0.090625	0.0875	0.084375	0.08125	0.078125	0.075	0.071875	0.06875	0.065625	0.0625	0.059375	0.05625	0.053125	0.05	0.046875	0.04375	0.040625	0.0375	0.034375	0.03125	0.028125	0.025	0.021875	0.01875	0.015625	0.0125	0.009375	0.00625	0.003125	0
0	-0.003125	-0.00625	-0.009375	-0.0125	-0.015625	-0.01875	-0.021875	-0.025	-0.028125	-0.03125	-0.034375	-0.0375	-0.040625	-0.04375	-0.046875	-0.05	-0.053125	-0.05625	-0.059375	-0.0625	-0.065625	-0.06875	-0.071875	-0.075	-0.078125	-0.08125	-0.084375	-0.0875	-0.090625	-0.09375	-0.096875	-0.1	-0.103125	-0.10625	-0.109375	-0.1125	-0.115625	-0.11875	-0.121875	-0.125	-0.128125	-0.13125	-0.134375	-0.1375	-0.140625	-0.14375	-0.146875	-0.15	-0.153125	-0.15625	-0.159375	-0.1625	-0.165625	-0.16875	-0.171875	-0.175	-0.178125	-0.18125	-0.184375	-0.1875	-0.190625	-0.19375	-0.196875	-0.2	-0.203125	-0.20625	-0.209375	-0.2125	-0.215625	-0.21875	-0.221875	-0.225	-0.228125	-0.23125	-0.234375	-0.2375	-0.240625	-0.24375	-0.246875	-0.25	-0.253125	-0.25625	-0.259375	-0.2625	-0.265625	-0.26875	-0.271875	-0.275	-0.278125	-0.28125	-0.284375	-0.2875	-0.290625	-0.29375	-0.296875	-0.3	-0.303125	-0.30625	-0.309375	-0.3125	-0.315625	-0.31875	-0.321875	-0.325	-0.328125	-0.33125	-0.334375	-0.3375	-0.340625	-0.34375	-0.346875	-0.35	-0.353125	-0.35625	-0.359375	-0.3625	-0.365625	-0.36875	-0.371875	-0.375	-0.378125	-0.38125	-0.384375	-0.3875	-0.390625	-0.39375	-0.396875	-0.4	-0.403125	-0.40625	-0.409375	-0.4125	-0.415625	-0.41875	-0.421875	-0.425	-0.428125	-0.43125	-0.434375	-0.4375	-0.440625	-0.44375	-0.446875	-0.45	-0.453125	-0.45625	-0.459375	-0.4625	-0.465625	-0.46875	-0.471875	-0.475	-0.478125	-0.48125	-0.484375	-0.4875	-0.490625	-0.49375	-0.496875	-0.5	-0.503125	-0.50625	-0.509375	-0.5125	-0.515625	-0.51875	-0.521875	-0.525	-0.528125	-0.53125	-0.534375	-0.5375	-0.540625	-0.54375	-0.546875	-0.55	-0.553125	-0.55625	-0.559375	-0.5625	-0.565625	-0.560937	-0.55625	-0.551562	-0.546875	-0.542187	-0.5375	-0.532812	-0.528125	-0.523437	-0.51875	-0.514062	-0.509375	-0.504687	-0.5	-0.495312	-0.490625	-0.485937	-0.48125	-0.476562	-0.471875	-0.467187	-0.4625	-0.457812	-0.453125	-0.448437	-0.44375	-0.439062	-0.434375	-0.429687	-0.425	-0.420312	-0.415625	-0.410937	-0.40625	-0.401562	-0.396875	-0.392187	-0.3875	-0.382812	-0.378125	-0.373437	-0.36875	-0.364062	-0.359375	-0.354687	-0.35	-0.345312	-0.340625	-0.335937	-0.33125	-0.326562	-0.321875	-0.317187	-0.3125	-0.307812	-0.303125	-0.298437	-0.29375	-0.289062	-0.284375	-0.279687	-0.275	-0.270312	-0.265625	-0.260937	-0.25625	-0.251562	-0.246875	-0.242187	-0.2375	-0.232812	-0.228125	-0.223437	-0.21875	-0.214062	-0.209375	-0.204687	-0.2	-0.195312	-0.190625	-0.185937	-0.18125	-0.176562	-0.171875	-0.167187	-0.1625	-0.157812	-0.153125	-0.148437	-0.14375	-0.139062	-0.134375	-0.129687	-0.125	-0.120312	-0.115625	-0.110937	-0.10625	-0.101562	-0.096875	-0.0921875	-0.0875	-0.0828125	-0.078125	-0.0734375	-0.06875	-0.0640625	-0.059375	-0.0546875	-0.05	-0.0453125	-0.040625	-0.0359375	-0.03125	-0.0265625	-0.021875	-0.0171875	-0.0125	-0.0078125	-0.003125	0.0015625	0.00625	0.0109375	0.015625	0.0203125	0.025	0.0296875	0.034375	0.0390625	0.04375	0.0484375	0.053125	0.0578125	0.0625	0.0671875	0.071875	0.0765625	0.08125	0.0859375	0.090625	0.0953125	0.1	0.104688	0.109375	0.114063	0.11875	0.123438	0.128125	0.132813	0.1375	0.142188	0.146875	0.151563	0.15625	0.160938	0.165625	0.170313	0.175	0.179688	0.184375	0.18125	0.178125	0.175	0.171875	0.16875	0.165625	0.1625	0.159375	0.15625	0.153125	0.15	0.146875	0.14375	0.140625	0.1375	0.134375	0.13125	0.128125	0.125	0.121875	0.11875	0.115625	0.1125	0.109375	0.10625	0.103125	0.1	0.096875	0.09375	0.090625	0.0875	0.084375	0.08125	0.078125	0.075	0.071875	0.06875	0.065625	0.0625	0.059375	0.05625	0.053125	0.05	0.046875	0.04375	0.040625	0.0375	0.034375	0.03125	0.028125	0.025	0.021875	0.01875	0.015625	0.0125	0.009375	0.00625	0.003125	0
0	-0.003125	-0.00625	-0.009375	-0.0125	-0.015625	-0.01875	-0.021875	-0.025	-0.028125	-0.03125	-0.034375	-0.0375	-0.040625	-0.04375	-0.046875	-0.05	-0.053125	-0.05625	-0.059375	-0.0625	-0.065625	-0.06875	-0.071875	-0.075	-0.078125	-0.08125	-0.084375	-0.0875	-0.090625	-0.09375	-0.096875	-0.1	-0.103125	-0.10625	-0.109375	-0.1125	-0.115625	-0.11875	-0.121875	-0.125	-0.128125	-0.13125	-0.134375	-0.1375	-0.140625	-0.14375	-0.146875	-0.15	-0.153125	-0.15625	-0.159375	-0.1625	-0.165625	-0.16875	-0.171875	-0.175	-0.178125	-0.18125	-0.184375	-0.1875	-0.190625	-0.19375	-0.196875	-0.2	-0.203125	-0.20625	-0.209375	-0.2125	-0.215625	-0.21875	-0.221875	-0.225	-0.228125	-0.23125	-0.234375	-0.2375	-0.240625	-0.24375	-0.246875	-0.25	-0.253125	-0.25625	-0.259375	-0.2625	-0.265625	-0.26875	-0.271875	-0.275	-0.278125	-0.28125	-0.284375	-0.2875	-0.290625	-0.29375	-0.296875	-0.3	-0.303125	-0.30625	-0.309375	-0.3125	-0.315625	-0.31875	-0.321875	-0.325	-0.328125	-0.33125	-0.334375	-0.3375	-0.340625	-0.34375	-0.346875	-0.35	-0.353125	-0.35625	-0.359375	-0.3625	-0.365625	-0.36875	-0.371875	-0.375	-0.378125	-0.38125	-0.384375	-0.3875	-0.390625	-0.39375	-0.396875	-0.4	-0.403125	-0.40625	-0.409375	-0.4125	-0.415625	-0.41875	-0.421875	-0.425	-0.428125	-0.43125	-0.434375	-0.4375	-0.440625	-0.44375	-0.446875	-0.45	-0.453125	-0.45625	-0.459375	-0.4625	-0.465625	-0.46875	-0.471875	-0.475	-0.478125	-0.48125	-0.484375	-0.4875	-0.490625	-0.49375	-0.496875	-0.5	-0.503125	-0.50625	-0.509375	-0.5125	-0.515625	-0.51875	-0.521875	-0.525	-0.528125	-0.53125	-0.534375	-0.5375	-0.540625	-0.54375	-0.546875	-0.55	-0.553125	-0.55625	-0.559375	-0.5625	-0.565625	-0.56875	-0.571875	-0.575	-0.578125	-0.58125	-0.584375	-0.5875	-0.590625	-0.59375	-0.596875	-0.6	-0.603125	-0.60625	-0.609375	-0.6125	-0.615625	-0.61875	-0.621875	-0.625	-0.628125	-0.623437	-0.61875	-0.614062	-0.609375	-0.604687	-0.6	-0.595312	-0.590625	-0.585937	-0.58125	-0.576562	-0.571875	-0.567187	-0.5625	-0.557812	-0.553125	-0.548437	-0.54375	-0.539062	-0.534375	-0.529687	-0.525	-0.520312	-0.515625	-0.510937	-0.50625	-0.501562	-0.496875	-0.492187	-0.4875	-0.482812	-0.478125	-0.473437	-0.46875	-0.464062	-0.459375	-0.454687	-0.45	-0.445312	-0.440625	-0.435937	-0.43125	-0.426562	-0.421875	-0.417187	-0.4125	-0.407812	-0.403125	-0.398437	-0.39375	-0.389062	-0.384375	-0.379687	-0.375	-0.370312	-0.365625	-0.360937	-0.35625	-0.351562	-0.346875	-0.342187	-0.3375	-0.332812	-0.328125	-0.323437	-0.31875	-0.314062	-0.309375	-0.304687	-0.3	-0.295312	-0.290625	-0.285937	-0.28125	-0.276562	-0.271875	-0.267187	-0.2625	-0.257812	-0.253125	-0.248437	-0.24375	-0.239062	-0.234375	-0.229687	-0.225	-0.220312	-0.215625	-0.210937	-0.20625	-0.201562	-0.196875	-0.192187	-0.1875	-0.182812	-0.178125	-0.173437	-0.16875	-0.164062	-0.159375	-0.154687	-0.15	-0.145312	-0.140625	-0.135937	-0.13125	-0.126562	-0.121875	-0.117187	-0.1125	-0.107812	-0.103125	-0.0984375	-0.09375	-0.0890625	-0.084375	-0.0796875	-0.075	-0.0703125	-0.065625	-0.0609375	-0.05625	-0.0515625	-0.046875	-0.0421875	-0.0375	-0.0328125	-0.028125	-0.0234375	-0.01875	-0.0140625	-0.009375	-0.0046875	7.77156e-16	0.0046875	0.009375	0.0140625	0.01875	0.0234375	0.028125	0.0328125	0.0375	0.0421875	0.046875	0.0515625	0.05625	0.0609375	0.065625	0.0703125	0.075	0.0796875	0.084375	0.0890625	0.09375	0.0984375	0.103125	0.107813	0.1125	0.117188	0.121875	0.11875	0.115625	0.1125	0.109375	0.10625	0.103125	0.1	0.096875	0.09375	0.090625	0.0875	0.084375	0.08125	0.078125	0.075	0.071875	0.06875	0.065625	0.0625	0.059375	0.05625	0.053125	0.05	0.046875	0.04375	0.040625	0.0375	0.034375	0.03125	0.028125	0.025	0.021875	0.01875	0.015625	0.0125	0.009375	0.00625	0.003125	0
0	-0.003125	-0.00625	-0.009375	-0.0125	-0.015625	-0.01875	-0.021875	-0.025	-0.028125	-0.03125	-0.034375	-0.0375	-0.040625	-0.04375	-0.046875	-0.05	-0.053125	-0.05625	-0.059375	-0.0625	-0.065625	-0.06875	-0.071875	-0.075	-0.078125	-0.08125	-0.084375	-0.0875	-0.090625	-0.09375	-0.096875	-0.1	-0.103125	-0.10625	-0.109375	-0.1125	-0.115625	-0.11875	-0.121875	-0.125	-0.128125	-0.13125	-0.134375	-0.1375	-0.140625	-0.14375	-0.146875	-0.15	-0.153125	-0.15625	-0.159375	-0.1625	-0.165625	-0.16875	-0.171875	-0.175	-0.178125	-0.18125	-0.184375	-0.1875	-0.190625	-0.19375	-0.196875	-0.2	-0.203125	-0.20625	-0.209375	-0.2125	-0.215625	-0.21875	-0.221875	-0.225	-0.228125	-0.23125	-0.234375	-0.2375	-0.240625	-0.24375	-0.246875	-0.25	-0.253125	-0.25625	-0.259375	-0.2625	-0.265625	-0.26875	-0.271875	-0.275	-0.278125	-0.28125	-0.284375	-0.2875	-0.290625	-0.29375	-0.296875	-0.3	-0.303125	-0.30625	-0.309375	-0.3125	-0.315625	-0.31875	-0.321875	-0.325	-0.328125	-0.33125	-0.334375	-0.3375	-0.340625	-0.34375	-0.346875	-0.35	-0.353125	-0.35625	-0.359375	-0.3625	-0.365625	-0.36875	-0.371875	-0.375	-0.378125	-0.38125	-0.384375	-0.3875	-0.390625	-0.39375	-0.396875	-0.4	-0.403125	-0.40625	-0.409375	-0.4125	-0.415625	-0.41875	-0.421875	-0.425	-0.428125	-0.43125	-0.434375	-0.4375	-0.440625	-0.44375	-0.446875	-0.45	-0.453125	-0.45625	-0.459375	-0.4625	-0.465625	-0.46875	-0.471875	-0.475	-0.478125	-0.48125	-0.484375	-0.4875	-0.490625	-0.49375	-0.496875	-0.5	-0.503125	-0.50625	-0.509375	-0.5125	-0.515625	-0.51875	-0.521875	-0.525	-0.528125	-0.53125	-0.534375	-0.5375	-0.540625	-0.54375	-0.546875	-0.55	-0.553125	-0.55625	-0.559375	-0.5625	-0.565625	-0.56875	-0.571875	-0.575	-0.578125	-0.58125	-0.584375	-0.5875	-0.590625	-0.59375	-0.596875	-0.6	-0.603125	-0.60625	-0.609375	-0.6125	-0.615625	-0.61875	-0.621875	-0.625	-0.628125	-0.63125	-0.634375	-0.6375	-0.640625	-0.64375	-0.646875	-0.65	-0.653125	-0.65625	-0.659375	-0.6625	-0.665625	-0.66875	-0.671875	-0.675	-0.678125	-0.68125	-0.684375	-0.6875	-0.690625	-0.685937	-0.68125	-0.676562	-0.671875	-0.667187	-0.6625	-0.657812	-0.653125	-0.648437	-0.64375	-0.639062	-0.634375	-0.629687	-0.625	-0.620312	-0.615625	-0.610937	-0.60625	-0.601562	-0.596875	-0.592187	-0.5875	-0.582812	-0.578125	-0.573437	-0.56875	-0.564062	-0.559375	-0.554687	-0.55	-0.545312	-0.540625	-0.535937	-0.53125	-0.526562	-0.521875	-0.517187	-0.5125	-0.507812	-0.503125	-0.498437	-0.49375	-0.489062	-0.484375	-0.479687	-0.475	-0.470312	-0.465625	-0.460937	-0.45625	-0.451562	-0.446875	-0.442187	-0.4375	-0.432812	-0.428125	-0.423437	-0.41875	-0.414062	-0.409375	-0.404687	-0.4	-0.395312	-0.390625	-0.385937	-0.38125	-0.376562	-0.371875	-0.367187	-0.3625	-0.357812	-0.353125	-0.348437	-0.34375	-0.339062	-0.334375	-0.329687	-0.325	-0.320312	-0.315625	-0.310937	-0.30625	-0.301562	-0.296875	-0.292187	-0.2875	-0.282812	-0.278125	-0.273437	-0.26875	-0.264062	-0.259375	-0.254687	-0.25	-0.245312	-0.240625	-0.235937	-0.23125	-0.226562	-0.221875	-0.217187	-0.2125	-0.207812	-0.203125	-0.198437	-0.19375	-0.189062	-0.184375	-0.179687	-0.175	-0.170312	-0.165625	-0.160937	-0.15625	-0.151562	-0.146875	-0.142187	-0.1375	-0.132812	-0.128125	-0.123437	-0.11875	-0.114062	-0.109375	-0.104687	-0.1	-0.0953125	-0.090625	-0.0859375	-0.08125	-0.0765625	-0.071875	-0.0671875	-0.0625	-0.0578125	-0.053125	-0.0484375	-0.04375	-0.0390625	-0.034375	-0.0296875	-0.025	-0.0203125	-0.015625	-0.0109375	-0.00625	-0.0015625	0.003125	0.0078125	0.0125	0.0171875	0.021875	0.0265625	0.03125	0.0359375	0.040625	0.0453125	0.05	0.0546875	0.059375	0.05625	0.053125	0.05	0.046875	0.04375	0.040625	0.0375	0.034375	0.03125	0.028125	0.025	0.021875	0.01875	0.015625	0.0125	0.009375	0.00625	0.003125	0
0	-0.003125	-0.00625	-0.009375	-0.0125	-0.015625	-0.01875	-0.021875	-0.025	-0.028125	-0.03125	-0.034375	-0.0375	-0.040625	-0.04375	-0.046875	-0.05	-0.053125	-0.05625	-0.059375	-0.0625	-0.065625	-0.06875	-0.071875	-0.075	-0.078125	-0.08125	-0.084375	-0.0875	-0.090625	-0.09375	-0.096875	-0.1	-0.103125	-0.10625	-0.109375	-0.1125	-0.115625	-0.11875	-0.121875	-0.125	-0.128125	-0.13125	-0.134375	-0.1375	-0.140625	-0.14375	-0.146875	-0.15	-0.153125	-0.15625	-0.159375	-0.1625	-0.165625	-0.16875	-0.171875	-0.175	-0.178125	-0.18125	-0.184375	-0.1875	-0.190625	-0.19375	-0.196875	-0.2	-0.203125	-0.20625	-0.209375	-0.2125	-0.215625	-0.21875	-0.221875	-0.225	-0.228125	-0.23125	-0.234375	-0.2375	-0.240625	-0.24375	-0.246875	-0.25	-0.253125	-0.25625	-0.259375	-0.2625	-0.265625	-0.26875	-0.271875	-0.275	-0.278125	-0.28125	-0.284375	-0.2875	-0.290625	-0.29375	-0.296875	-0.3	-0.303125	-0.30625	-0.309375	-0.3125	-0.315625	-0.31875	-0.321875	-0.325	-0.328125	-0.33125	-0.334375	-0.3375	-0.340625	-0.34375	-0.346875	-0.35	-0.353125	-0.35625	-0.359375	-0.3625	-0.365625	-0.36875	-0.371875	-0.375	-0.378125	-0.38125	-0.384375	-0.3875	-0.390625	-0.39375	-0.396875	-0.4	-0.403125	-0.40625	-0.409375	-0.4125	-0.415625	-0.41875	-0.421875	-0.425	-0.428125	-0.43125	-0.434375	-0.4375	-0.440625	-0.44375	-0.446875	-0.45	-0.453125	-0.45625	-0.459375	-0.4625	-0.465625	-0.46875	-0.471875	-0.475	-0.478125	-0.48125	-0.484375	-0.4875	-0.490625	-0.49375	-0.496875	-0.5	-0.503125	-0.50625	-0.509375	-0.5125	-0.515625	-0.51875	-0.521875	-0.525	-0.528125	-0.53125	-0.534375	-0.5375	-0.540625	-0.54375	-0.546875	-0.55	-0.553125	-0.55625	-0.559375	-0.5625	-0.565625	-0.56875	-0.571875	-0.575	-0.578125	-0.58125	-0.584375	-0.5875	-0.590625	-0.59375	-0.596875	-0.6	-0.603125	-0.60625	-0.609375	-0.6125	-0.615625	-0.61875	-0.621875	-0.625	-0.628125	-0.63125	-0.634375	-0.6375	-0.640625	-0.64375	-0.646875	-0.65	-0.653125	-0.65625	-0.659375	-0.6625	-0.665625	-0.66875	-0.671875	-0.675	-0.678125	-0.68125	-0.684375	-0.6875	-0.690625	-0.69375	-0.696875	-0.7	-0.703125	-0.70625	-0.709375	-0.7125	-0.715625	-0.71875	-0.721875	-0.725	-0.728125	-0.73125	-0.734375	-0.7375	-0.740625	-0.74375	-0.746875	-0.75	-0.753125	-0.748437	-0.74375	-0.739062	-0.734375	-0.729687	-0.725	-0.720312	-0.715625	-0.710937	-0.70625	-0.701562	-0.696875	-0.692187	-0.6875	-0.682812	-0.678125	-0.673437	-0.66875	-0.664062	-0.659375	-0.654687	-0.65	-0.645312	-0.640625	-0.635937	-0.63125	-0.626562	-0.621875	-0.617188	-0.6125	-0.607813	-0.603125	-0.598438	-0.59375	-0.589062	-0.584375	-0.579687	-0.575	-0.570312	-0.565625	-0.560937	-0.55625	-0.551562	-0.546875	-0.542187	-0.5375	-0.532812	-0.528125	-0.523437	-0.51875	-0.514062	-0.509375	-0.504687	-0.5	-0.495312	-0.490625	-0.485937	-0.48125	-0.476562	-0.471875	-0.467187	-0.4625	-0.457812	-0.453125	-0.448437	-0.44375	-0.439062	-0.434375	-0.429687	-0.425	-0.420312	-0.415625	-0.410937	-0.40625	-0.401562	-0.396875	-0.392187	-0.3875	-0.382812	-0.378125	-0.373437	-0.36875	-0.364062	-0.359375	-0.354687	-0.35	-0.345312	-0.340625	-0.335937	-0.33125	-0.326562	-0.321875	-0.317187	-0.3125	-0.307812	-0.303125	-0.298437	-0.29375	-0.289062	-0.284375	-0.279687	-0.275	-0.270312	-0.265625	-0.260937	-0.25625	-0.251562	-0.246875	-0.242187	-0.2375	-0.232812	-0.228125	-0.223437	-0.21875	-0.214062	-0.209375	-0.204687	-0.2	-0.195312	-0.190625	-0.185937	-0.18125	-0.176562	-0.171875	-0.167187	-0.1625	-0.157812	-0.153125	-0.148437	-0.14375	-0.139062	-0.134375	-0.129687	-0.125	-0.120312	-0.115625	-0.110937	-0.10625	-0.101562	-0.096875	-0.0921875	-0.0875	-0.0828125	-0.078125	-0.0734375	-0.06875	-0.0640625	-0.059375	-0.0546875	-0.05	-0.0453125	-0.040625	-0.0359375	-0.03125	-0.0265625	-0.021875	-0.0171875	-0.0125	0
0	-0.003125	-0.00625	-0.009375	-0.0125	-0.015625	-0.01875	-0.021875	-0.025	-0.028125	-0.03125	-0.034375	-0.0375	-0.040625	-0.04375	-0.046875	-0.05	-0.053125	-0.05625	-0.059375	-0.0625	-0.065625	-0.06875	-0.071875	-0.075	-0.078125	-0.08125	-0.084375	-0.0875	-0.090625	-0.09375	-0.096875	-0.1	-0.103125	-0.10625	-0.109375	-0.1125	-0.115625	-0.11875	-0.121875	-0.125	-0.128125	-0.13125	-0.134375	-0.1375	-0.140625	-0.14375	-0.146875	-0.15	-0.153125	-0.15625	-0.159375	-0.1625	-0.165625	-0.16875	-0.171875	-0.175	-0.178125	-0.18125	-0.184375	-0.1875	-0.190625	-0.19375	-0.196875	-0.2	-0.203125	-0.20625	-0.209375	-0.2125	-0.215625	-0.21875	-0.221875	-0.225	-0.228125	-0.23125	-0.234375	-0.2375	-0.240625	-0.24375	-0.246875	-0.25	-0.253125	-0.25625	-0.259375	-0.2625	-0.265625	-0.26875	-0.271875	-0.275	-0.278125	-0.28125	-0.284375	-0.2875	-0.290625	-0.29375	-0.296875	-0.3	-0.303125	-0.30625	-0.309375	-0.3125	-0.315625	-0.31875	-0.321875	-0.325	-0.328125	-0.33125	-0.334375	-0.3375	-0.340625	-0.34375	-0.346875	-0.35	-0.353125	-0.35625	-0.359375	-0.3625	-0.365625	-0.36875	-0.371875	-0.375	-0.378125	-0.38125	-0.384375	-0.3875	-0.390625	-0.39375	-0.396875	-0.4	-0.403125	-0.40625	-0.409375	-0.4125	-0.415625	-0.41875	-0.421875	-0.425	-0.428125	-0.43125	-0.434375	-0.4375	-0.440625	-0.44375	-0.446875	-0.45	-0.453125	-0.45625	-0.459375	-0.4625	-0.465625	-0.46875	-0.471875	-0.475	-0.478125	-0.48125	-0.484375	-0.4875	-0.490625	-0.49375	-0.496875	-0.5	-0.503125	-0.50625	-0.509375	-0.5125	-0.515625	-0.51875	-0.521875	-0.525	-0.528125	-0.53125	-0.534375	-0.5375	-0.540625	-0.54375	-0.546875	-0.55	-0.553125	-0.55625	-0.559375	-0.5625	-0.565625	-0.56875	-0.571875	-0.575	-0.578125	-0.58125	-0.584375	-0.5875	-0.590625	-0.59375	-0.596875	-0.6	-0.603125	-0.60625	-0.609375	-0.6125	-0.615625	-0.61875	-0.621875	-0.625	-0.628125	-0.63125	-0.634375	-0.6375	-0.640625	-0.64375	-0.646875	-0.65	-0.653125	-0.65625	-0.659375	-0.6625	-0.665625	-0.66875	-0.671875	-0.675	-0.678125	-0.68125	-0.684375	-0.6875	-0.690625	-0.69375	-0.696875	-0.7	-0.703125	-0.70625	-0.709375	-0.7125	-0.715625	-0.71875	-0.721875	-0.725	-0.728125	-0.73125	-0.734375	-0.7375	-0.740625	-0.74375	-0.746875	-0.75	-0.753125	-0.75625	-0.759375	-0.7625	-0.765625	-0.76875	-0.771875	-0.775	-0.778125	-0.78125	-0.784375	-0.7875	-0.790625	-0.79375	-0.796875	-0.8	-0.803125	-0.80625	-0.809375	-0.8125	-0.815625	-0.810938	-0.80625	-0.801563	-0.796875	-0.792188	-0.7875	-0.782813	-0.778125	-0.773438	-0.76875	-0.764063	-0.759375	-0.754688	-0.75	-0.745313	-0.740625	-0.735938	-0.73125	-0.726563	-0.721875	-0.717187	-0.7125	-0.707812	-0.703125	-0.698437	-0.69375	-0.689062	-0.684375	-0.679688	-0.675	-0.670312	-0.665625	-0.660937	-0.65625	-0.651562	-0.646875	-0.642187	-0.6375	-0.632813	-0.628125	-0.623437	-0.61875	-0.614062	-0.609375	-0.604687	-0.6	-0.595312	-0.590625	-0.585937	-0.58125	-0.576562	-0.571875	-0.567187	-0.5625	-0.557812	-0.553125	-0.548437	-0.54375	-0.539062	-0.534375	-0.529687	-0.525	-0.520312	-0.515625	-0.510937	-0.50625	-0.501562	-0.496875	-0.492187	-0.4875	-0.482812	-0.478125	-0.473437	-0.46875	-0.464062	-0.459375	-0.454687	-0.45	-0.445312	-0.440625	-0.435937	-0.43125	-0.426562	-0.421875	-0.417187	-0.4125	-0.407812	-0.403125	-0.398437	-0.39375	-0.389062	-0.384375	-0.379687	-0.375	-0.370312	-0.365625	-0.360937	-0.35625	-0.351562	-0.346875	-0.342187	-0.3375	-0.332812	-0.328125	-0.323437	-0.31875	-0.314062	-0.309375	-0.304687	-0.3	-0.295312	-0.290625	-0.285937	-0.28125	-0.276562	-0.271875	-0.267187	-0.2625	-0.25	-0.2375	-0.225	-0.2125	-0.2	-0.1875	-0.175	-0.1625	-0.15	-0.1375	-0.125	-0.1125	-0.1	-0.0875	-0.075	-0.0625	-0.05	-0.0375	-0.025	-0.0125	0
0	-0.003125	-0.00625	-0.009375	-0.0125	-0.015625	-0.01875	-0.021875	-0.025	-0.028125	-0.03125	-0.034375	-0.0375	-0.040625	-0.04375	-0.046875	-0.05	-0.053125	-0.05625	-0.059375	-0.0625	-0.065625	-0.06875	-0.071875	-0.075	-0.078125	-0.08125	-0.084375	-0.0875	-0.090625	-0.09375	-0.096875	-0.1	-0.103125	-0.10625	-0.109375	-0.1125	-0.115625	-0.11875	-0.121875	-0.125	-0.128125	-0.13125	-0.134375	-0.1375	-0.140625	-0.14375	-0.146875	-0.15	-0.153125	-0.15625	-0.159375	-0.1625	-0.165625	-0.16875	-0.171875	-0.175	-0.178125	-0.18125	-0.184375	-0.1875	-0.190625	-0.19375	-0.196875	-0.2	-0.203125	-0.20625	-0.209375	-0.2125	-0.215625	-0.21875	-0.221875	-0.225	-0.228125	-0.23125	-0.234375	-0.2375	-0.240625	-0.24375	-0.246875	-0.25	-0.253125	-0.25625	-0.259375	-0.2625	-0.265625	-0.26875	-0.271875	-0.275	-0.278125	-0.28125	-0.284375	-0.2875	-0.290625	-0.29375	-0.296875	-0.3	-0.303125	-0.30625	-0.309375	-0.3125	-0.315625	-0.31875	-0.321875	-0.325	-0.328125	-0.33125	-0.334375	-0.3375	-0.340625	-0.34375	-0.346875	-0.35	-0.353125	-0.35625	-0.359375	-0.3625	-0.365625	-0.36875	-0.371875	-0.375	-0.378125	-0.38125	-0.384375	-0.3875	-0.390625	-0.39375	-0.396875	-0.4	-0.403125	-0.40625	-0.409375	-0.4125	-0.415625	-0.41875	-0.421875	-0.425	-0.428125	-0.43125	-0.434375	-0.4375	-0.440625	-0.44375	-0.446875	-0.45	-0.453125	-0.45625	-0.459375	-0.4625	-0.465625	-0.46875	-0.471875	-0.475	-0.478125	-0.48125	-0.484375	-0.4875	-0.490625	-0.49375	-0.496875	-0.5	-0.503125	-0.50625	-0.509375	-0.5125	-0.515625	-0.51875	-0.521875	-0.525	-0.528125	-0.53125	-0.534375	-0.5375	-0.540625	-0.54375	-0.546875	-0.55	-0.553125	-0.55625	-0.559375	-0.5625	-0.565625	-0.56875	-0.571875	-0.575	-0.578125	-0.58125	-0.584375	-0.5875	-0.590625	-0.59375	-0.596875	-0.6	-0.603125	-0.60625	-0.609375	-0.6125	-0.615625	-0.61875	-0.621875	-0.625	-0.628125	-0.63125	-0.634375	-0.6375	-0.640625	-0.64375	-0.646875	-0.65	-0.653125	-0.65625	-0.659375	-0.6625	-0.665625	-0.66875	-0.671875	-0.675	-0.678125	-0.68125	-0.684375	-0.6875	-0.690625	-0.69375	-0.696875	-0.7	-0.703125	-0.70625	-0.709375	-0.7125	-0.715625	-0.71875	-0.721875	-0.725	-0.728125	-0.73125	-0.734375	-0.7375	-0.740625	-0.74375	-0.746875	-0.75	-0.753125	-0.75625	-0.759375	-0.7625	-0.765625	-0.76875	-0.771875	-0.775	-0.778125	-0.78125	-0.784375	-0.7875	-0.790625	-0.79375	-0.796875	-0.8	-0.803125	-0.80625	-0.809375	-0.8125	-0.815625	-0.81875	-0.821875	-0.825	-0.828125	-0.83125	-0.834375	-0.8375	-0.840625	-0.84375	-0.846875	-0.85	-0.853125	-0.85625	-0.859375	-0.8625	-0.865625	-0.86875	-0.871875	-0.875	-0.878125	-0.873438	-0.86875	-0.864063	-0.859375	-0.854688	-0.85	-0.845313	-0.840625	-0.835938	-0.83125	-0.826563	-0.821875	-0.817187	-0.8125	-0.807813	-0.803125	-0.798438	-0.79375	-0.789063	-0.784375	-0.779687	-0.775	-0.770312	-0.765625	-0.760937	-0.75625	-0.751562	-0.746875	-0.742188	-0.7375	-0.732813	-0.728125	-0.723438	-0.71875	-0.714062	-0.709375	-0.704687	-0.7	-0.695313	-0.690625	-0.685938	-0.68125	-0.676562	-0.671875	-0.667187	-0.6625	-0.657812	-0.653125	-0.648437	-0.64375	-0.639062	-0.634375	-0.629687	-0.625	-0.620312	-0.615625	-0.610937	-0.60625	-0.601562	-0.596875	-0.592188	-0.5875	-0.582812	-0.578125	-0.573438	-0.56875	-0.564063	-0.559375	-0.554688	-0.55	-0.545313	-0.540625	-0.535938	-0.53125	-0.526562	-0.521875	-0.517187	-0.5125	-0.5	-0.4875	-0.475	-0.4625	-0.45	-0.4375	-0.425	-0.4125	-0.4	-0.3875	-0.375	-0.3625	-0.35	-0.3375	-0.325	-0.3125	-0.3	-0.2875	-0.275	-0.2625	-0.25	-0.2375	-0.225	-0.2125	-0.2	-0.1875	-0.175	-0.1625	-0.15	-0.1375	-0.125	-0.1125	-0.1	-0.0875	-0.075	-0.0625	-0.05	-0.0375	-0.025	-0.0125	0
0	-0.003125	-0.00625	-0.009375	-0.0125	-0.015625	-0.01875	-0.021875	-0.025	-0.028125	-0.03125	-0.034375	-0.0375	-0.040625	-0.04375	-0.046875	-0.05	-0.053125	-0.05625	-0.059375	-0.0625	-0.065625	-0.06875	-0.071875	-0.075	-0.078125	-0.08125	-0.084375	-0.0875	-0.090625	-0.09375	-0.096875	-0.1	-0.103125	-0.10625	-0.109375	-0.1125	-0.115625	-0.11875	-0.121875	-0.125	-0.128125	-0.13125	-0.134375	-0.1375	-0.140625	-0.14375	-0.146875	-0.15	-0.153125	-0.15625	-0.159375	-0.1625	-0.165625	-0.16875	-0.171875	-0.175	-0.178125	-0.18125	-0.184375	-0.1875	-0.190625	-0.19375	-0.196875	-0.2	-0.203125	-0.20625	-0.209375	-0.2125	-0.215625	-0.21875	-0.221875	-0.225	-0.228125	-0.23125	-0.234375	-0.2375	-0.240625	-0.24375	-0.246875	-0.25	-0.253125	-0.25625	-0.259375	-0.2625	-0.265625	-0.26875	-0.271875	-0.275	-0.278125	-0.28125	-0.284375	-0.2875	-0.290625	-0.29375	-0.296875	-0.3	-0.303125	-0.30625	-0.309375	-0.3125	-0.315625	-0.31875	-0.321875	-0.325	-0.328125	-0.33125	-0.334375	-0.3375	-0.340625	-0.34375	-0.346875	-0.35	-0.353125	-0.35625	-0.359375	-0.3625	-0.365625	-0.36875	-0.371875	-0.375	-0.378125	-0.38125	-0.384375	-0.3875	-0.390625	-0.39375	-0.396875	-0.4	-0.403125	-0.40625	-0.409375	-0.4125	-0.415625	-0.41875	-0.421875	-0.425	-0.428125	-0.43125	-0.434375	-0.4375	-0.440625	-0.44375	-0.446875	-0.45	-0.453125	-0.45625	-0.459375	-0.4625	-0.465625	-0.46875	-0.471875	-0.475	-0.478125	-0.48125	-0.484375	-0.4875	-0.490625	-0.49375	-0.496875	-0.5	-0.503125	-0.50625	-0.509375	-0.5125	-0.515625	-0.51875	-0.521875	-0.525	-0.528125	-0.53125	-0.534375	-0.5375	-0.540625	-0.54375	-0.546875	-0.55	-0.553125	-0.55625	-0.559375	-0.5625	-0.565625	-0.56875	-0.571875	-0.575	-0.578125	-0.58125	-0.584375	-0.5875	-0.590625	-0.59375	-0.596875	-0.6	-0.603125	-0.60625	-0.609375	-0.6125	-0.615625	-0.61875	-0.621875	-0.625	-0.628125	-0.63125	-0.634375	-0.6375	-0.640625	-0.64375	-0.646875	-0.65	-0.653125	-0.65625	-0.659375	-0.6625	-0.665625	-0.66875	-0.671875	-0.675	-0.678125	-0.68125	-0.684375	-0.6875	-0.690625	-0.69375	-0.696875	-0.7	-0.703125	-0.70625	-0.709375	-0.7125	-0.715625	-0.71875	-0.721875	-0.725	-0.728125	-0.73125	-0.734375	-0.7375	-0.740625	-0.74375	-0.746875	-0.75	-0.753125	-0.75625	-0.759375	-0.7625	-0.765625	-0.76875	-0.771875	-0.775	-0.778125	-0.78125	-0.784375	-0.7875	-0.790625	-0.79375	-0.796875	-0.8	-0.803125	-0.80625	-0.809375	-0.8125	-0.815625	-0.81875	-0.821875	-0.825	-0.828125	-0.83125	-0.834375	-0.8375	-0.840625	-0.84375	-0.846875	-0.85	-0.853125	-0.85625	-0.859375	-0.8625	-0.865625	-0.86875	-0.871875	-0.875	-0.878125	-0.88125	-0.884375	-0.8875	-0.890625	-0.89375	-0.896875	-0.9	-0.903125	-0.90625	-0.909375	-0.9125	-0.915625	-0.91875	-0.921875	-0.925	-0.928125	-0.93125	-0.934375	-0.9375	-0.940625	-0.935938	-0.93125	-0.926563	-0.921875	-0.917188	-0.9125	-0.907813	-0.903125	-0.898438	-0.89375	-0.889063	-0.884375	-0.879688	-0.875	-0.870313	-0.865625	-0.860938	-0.85625	-0.851563	-0.846875	-0.842188	-0.8375	-0.832813	-0.828125	-0.823437	-0.81875	-0.814063	-0.809375	-0.804688	-0.8	-0.795313	-0.790625	-0.785938	-0.78125	-0.776563	-0.771875	-0.767188	-0.7625	-0.75	-0.7375	-0.725	-0.7125	-0.7	-0.6875	-0.675	-0.6625	-0.65	-0.6375	-0.625	-0.6125	-0.6	-0.5875	-0.575	-0.5625	-0.55	-0.5375	-0.525	-0.5125	-0.5	-0.4875	-0.475	-0.4625	-0.45	-0.4375	-0.425	-0.4125	-0.4	-0.3875	-0.375	-0.3625	-0.35	-0.3375	-0.325	-0.3125	-0.3	-0.2875	-0.275	-0.2625	-0.25	-0.2375	-0.225	-0.2125	-0.2	-0.1875	-0.175	-0.1625	-0.15	-0.1375	-0.125	-0.1125	-0.1	-0.0875	-0.075	-0.0625	-0.05	-0.0375	-0.025	-0.0125	0
0	-0.003125	-0.00625	-0.009375	-0.0125	-0.015625	-0.01875	-0.021875	-0.025	-0.028125	-0.03125	-0.034375	-0.0375	-0.040625	-0.04375	-0.046875	-0.05	-0.053125	-0.05625	-0.059375	-0.0625	-0.065625	-0.06875	-0.071875	-0.075	-0.078125	-0.08125	-0.084375	-0.0875	-0.090625	-0.09375	-0.096875	-0.1	-0.103125	-0.10625	-0.109375	-0.1125	-0.115625	-0.11875	-0.121875	-0.125	-0.128125	-0.13125	-0.134375	-0.1375	-0.140625	-0.14375	-0.146875	-0.15	-0.153125	-0.15625	-0.159375	-0.1625	-0.165625	-0.16875	-0.171875	-0.175	-0.178125	-0.18125	-0.184375	-0.1875	-0.190625	-0.19375	-0.196875	-0.2	-0.203125	-0.20625	-0.209375	-0.2125	-0.215625	-0.21875	-0.221875	-0.225	-0.228125	-0.23125	-0.234375	-0.2375	-0.240625	-0.24375	-0.246875	-0.25	-0.253125	-0.25625	-0.259375	-0.2625	-0.265625	-0.26875	-0.271875	-0.275	-0.278125	-0.28125	-0.284375	-0.2875	-0.290625	-0.29375	-0.296875	-0.3	-0.303125	-0.30625	-0.309375	-0.3125	-0.315625	-0.31875	-0.321875	-0.325	-0.328125	-0.33125	-0.334375	-0.3375	-0.340625	-0.34375	-0.346875	-0.35	-0.353125	-0.35625	-0.359375	-0.3625	-0.365625	-0.36875	-0.371875	-0.375	-0.378125	-0.38125	-0.384375	-0.3875	-0.390625	-0.39375	-0.396875	-0.4	-0.403125	-0.40625	-0.409375	-0.4125	-0.415625	-0.41875	-0.421875	-0.425	-0.428125	-0.43125	-0.434375	-0.4375	-0.440625	-0.44375	-0.446875	-0.45	-0.453125	-0.45625	-0.459375	-0.4625	-0.465625	-0.46875	-0.471875	-0.475	-0.478125	-0.48125	-0.484375	-0.4875	-0.490625	-0.49375	-0.496875	-0.5	-0.503125	-0.50625	-0.509375	-0.5125	-0.515625	-0.51875	-0.521875	-0.525	-0.528125	-0.53125	-0.534375	-0.5375	-0.540625	-0.54375	-0.546875	-0.55	-0.553125	-0.55625	-0.559375	-0.5625	-0.565625	-0.56875	-0.571875	-0.575	-0.578125	-0.58125	-0.584375	-0.5875	-0.590625	-0.59375	-0.596875	-0.6	-0.603125	-0.60625	-0.609375	-0.6125	-0.615625	-0.61875	-0.621875	-0.625	-0.628125	-0.63125	-0.634375	-0.6375	-0.640625	-0.64375	-0.646875	-0.65	-0.653125	-0.65625	-0.659375	-0.6625	-0.665625	-0.66875	-0.671875	-0.675	-0.678125	-0.68125	-0.684375	-0.6875	-0.690625	-0.69375	-0.696875	-0.7	-0.703125	-0.70625	-0.709375	-0.7125	-0.715625	-0.71875	-0.721875	-0.725	-0.728125	-0.73125	-0.734375	-0.7375	-0.740625	-0.74375	-0.746875	-0.75	-0.753125	-0.75625	-0.759375	-0.7625	-0.765625	-0.76875	-0.771875	-0.775	-0.778125	-0.78125	-0.784375	-0.7875	-0.790625	-0.79375	-0.796875	-0.8	-0.803125	-0.80625	-0.809375	-0.8125	-0.815625	-0.81875	-0.821875	-0.825	-0.828125	-0.83125	-0.834375	-0.8375	-0.840625	-0.84375	-0.846875	-0.85	-0.853125	-0.85625	-0.859375	-0.8625	-0.865625	-0.86875	-0.871875	-0.875	-0.878125	-0.88125	-0.884375	-0.8875	-0.890625	-0.89375	-0.896875	-0.9	-0.903125	-0.90625	-0.909375	-0.9125	-0.915625	-0.91875	-0.921875	-0.925	-0.928125	-0.93125	-0.934375	-0.9375	-0.940625	-0.94375	-0.946875	-0.95	-0.953125	-0.95625	-0.959375	-0.9625	-0.965625	-0.96875	-0.971875	-0.975	-0.978125	-0.98125	-0.984375	-0.9875	-0.990625	-0.99375	-0.996875	-0.992188	-0.9875	-0.975	-0.9625	-0.95	-0.9375	-0.925	-0.9125	-0.9	-0.8875	-0.875	-0.8625	-0.85	-0.8375	-0.825	-0.8125	-0.8	-0.7875	-0.775	-0.7625	-0.75	-0.7375	-0.725	-0.7125	-0.7	-0.6875	-0.675	-0.6625	-0.65	-0.6375	-0.625	-0.6125	-0.6	-0.5875	-0.575	-0.5625	-0.55	-0.5375	-0.525	-0.5125	-0.5	-0.4875	-0.475	-0.4625	-0.45	-0.4375	-0.425	-0.4125	-0.4	-0.3875	-0.375	-0.3625	-0.35	-0.3375	-0.325	-0.3125	-0.3	-0.2875	-0.275	-0.2625	-0.25	-0.2375	-0.225	-0.2125	-0.2	-0.1875	-0.175	-0.1625	-0.15	-0.1375	-0.125	-0.1125	-0.1	-0.0875	-0.075	-0.0625	-0.05	-0.0375	-0.025	-0.0125	0
0	-0.003125	-0.00625	-0.009375	-0.0125	-0.015625	-0.01875	-0.021875	-0.025	-0.028125	-0.03125	-0.034375	-0.0375	-0.040625	-0.04375	-0.046875	-0.05	-0.053125	-0.05625	-0.059375	-0.0625	-0.065625	-0.06875	-0.071875	-0.075	-0.078125	-0.08125	-0.084375	-0.0875	-0.090625	-0.09375	-0.096875	-0.1	-0.103125	-0.10625	-0.109375	-0.1125	-0.115625	-0.11875	-0.121875	-0.125	-0.128125	-0.13125	-0.134375	-0.1375	-0.140625	-0.14375	-0.146875	-0.15	-0.153125	-0.15625	-0.159375	-0.1625	-0.165625	-0.16875	-0.171875	-0.175	-0.178125	-0.18125	-0.184375	-0.1875	-0.190625	-0.19375	-0.196875	-0.2	-0.203125	-0.20625	-0.209375	-0.2125	-0.215625	-0.21875	-0.221875	-0.225	-0.228125	-0.23125	-0.234375	-0.2375	-0.240625	-0.24375	-0.246875	-0.25	-0.253125	-0.25625	-0.259375	-0.2625	-0.265625	-0.26875	-0.271875	-0.275	-0.278125	-0.28125	-0.284375	-0.2875	-0.290625	-0.29375	-0.296875	-0.3	-0.303125	-0.30625	-0.309375	-0.3125	-0.315625	-0.31875	-0.321875	-0.325	-0.328125	-0.33125	-0.334375	-0.3375	-0.340625	-0.34375	-0.346875	-0.35	-0.353125	-0.35625	-0.359375	-0.3625	-0.365625	-0.36875	-0.371875	-0.375	-0.378125	-0.38125	-0.384375	-0.3875	-0.390625	-0.39375	-0.396875	-0.4	-0.403125	-0.40625	-0.409375	-0.4125	-0.415625	-0.41875	-0.421875	-0.425	-0.428125	-0.43125	-0.434375	-0.4375	-0.440625	-0.44375	-0.446875	-0.45	-0.453125	-0.45625	-0.459375	-0.4625	-0.465625	-0.46875	-0.471875	-0.475	-0.478125	-0.48125	-0.484375	-0.4875	-0.490625	-0.49375	-0.496875	-0.5	-0.503125	-0.50625	-0.509375	-0.5125	-0.515625	-0.51875	-0.521875	-0.525	-0.528125	-0.53125	-0.534375	-0.5375	-0.540625	-0.54375	-0.546875	-0.55	-0.553125	-0.55625	-0.559375	-0.5625	-0.565625	-0.56875	-0.571875	-0.575	-0.578125	-0.58125	-0.584375	-0.5875	-0.590625	-0.59375	-0.596875	-0.6	-0.603125	-0.60625	-0.609375	-0.6125	-0.615625	-0.61875	-0.621875	-0.625	-0.628125	-0.63125	-0.634375	-0.6375	-0.640625	-0.64375	-0.646875	-0.65	-0.653125	-0.65625	-0.659375	-0.6625	-0.665625	-0.66875	-0.671875	-0.675	-0.678125	-0.68125	-0.684375	-0.6875	-0.690625	-0.69375	-0.696875	-0.7	-0.703125	-0.70625	-0.709375	-0.7125	-0.715625	-0.71875	-0.721875	-0.725	-0.728125	-0.73125	-0.734375	-0.7375	-0.740625	-0.74375	-0.746875	-0.75	-0.753125	-0.75625	-0.759375	-0.7625	-0.765625	-0.76875	-0.771875	-0.775	-0.778125	-0.78125	-0.784375	-0.7875	-0.790625	-0.79375	-0.796875	-0.8	-0.803125	-0.80625	-0.809375	-0.8125	-0.815625	-0.81875	-0.821875	-0.825	-0.828125	-0.83125	-0.834375	-0.8375	-0.840625	-0.84375	-0.846875	-0.85	-0.853125	-0.85625	-0.859375	-0.8625	-0.865625	-0.86875	-0.871875	-0.875	-0.878125	-0.88125	-0.884375	-0.8875	-0.890625	-0.89375	-0.896875	-0.9	-0.903125	-0.90625	-0.909375	-0.9125	-0.915625	-0.91875	-0.921875	-0.925	-0.928125	-0.93125	-0.934375	-0.929688	-0.925	-0.920313	-0.915625	-0.910938	-0.90625	-0.901563	-0.896875	-0.892188	-0.8875	-0.882813	-0.878125	-0.873438	-0.86875	-0.864063	-0.859375	-0.854688	-0.85	-0.845313	-0.840625	-0.835938	-0.83125	-0.826563	-0.821875	-0.817188	-0.8125	-0.807813	-0.803125	-0.798438	-0.79375	-0.789063	-0.784375	-0.779688	-0.775	-0.770313	-0.765625	-0.760938	-0.75625	-0.751563	-0.746875	-0.742188	-0.7375	-0.725	-0.7125	-0.7	-0.6875	-0.675	-0.6625	-0.65	-0.6375	-0.625	-0.6125	-0.6	-0.5875	-0.575	-0.5625	-0.55	-0.5375	-0.525	-0.5125	-0.5	-0.4875	-0.475	-0.4625	-0.45	-0.4375	-0.425	-0.4125	-0.4	-0.3875	-0.375	-0.3625	-0.35	-0.3375	-0.325	-0.3125	-0.3	-0.2875	-0.275	-0.2625	-0.25	-0.2375	-0.225	-0.2125	-0.2	-0.1875	-0.175	-0.1625	-0.15	-0.1375	-0.125	-0.1125	-0.1	-0.0875	-0.075	-0.0625	-0.05	-0.0375	-0.025	-0.0125	0
0	-0.003125	-0.00625	-0.009375	-0.0125	-0.015625	-0.01875	-0.021875	-0.025	-0.028125	-0.03125	-0.034375	-0.0375	-0.040625	-0.04375	-0.046875	-0.05	-0.053125	-0.05625	-0.059375	-0.0625	-0.065625	-0.06875	-0.071875	-0.075	-0.078125	-0.08125	-0.084375	-0.0875	-0.090625	-0.09375	-0.096875	-0.1	-0.103125	-0.10625	-0.109375	-0.1125	-0.115625	-0.11875	-0.121875	-0.125	-0.128125	-0.13125	-0.134375	-0.1375	-0.140625	-0.14375	-0.146875	-0.15	-0.153125	-0.15625	-0.159375	-0.1625	-0.165625	-0.16875	-0.171875	-0.175	-0.178125	-0.18125	-0.184375	-0.1875	-0.190625	-0.19375	-0.196875	-0.2	-0.203125	-0.20625	-0.209375	-0.2125	-0.215625	-0.21875	-0.221875	-0.225	-0.228125	-0.23125	-0.234375	-0.2375	-0.240625	-0.24375	-0.246875	-0.25	-0.253125	-0.25625	-0.259375	-0.2625	-0.265625	-0.26875	-0.271875	-0.275	-0.278125	-0.28125	-0.284375	-0.2875	-0.290625	-0.29375	-0.296875	-0.3	-0.303125	-0.30625	-0.309375	-0.3125	-0.315625	-0.31875	-0.321875	-0.325	-0.328125	-0.33125	-0.334375	-0.3375	-0.340625	-0.34375	-0.346875	-0.35	-0.353125	-0.35625	-0.359375	-0.3625	-0.365625	-0.36875	-0.371875	-0.375	-0.378125	-0.38125	-0.384375	-0.3875	-0.390625	-0.39375	-0.396875	-0.4	-0.403125	-0.40625	-0.409375	-0.4125	-0.415625	-0.41875	-0.421875	-0.425	-0.428125	-0.43125	-0.434375	-0.4375	-0.440625	-0.44375	-0.446875	-0.45	-0.453125	-0.45625	-0.459375	-0.4625	-0.465625	-0.46875	-0.471875	-0.475	-0.478125	-0.48125	-0.484375	-0.4875	-0.490625	-0.49375	-0.496875	-0.5	-0.503125	-0.50625	-0.509375	-0.5125	-0.515625	-0.51875	-0.521875	-0.525	-0.528125	-0.53125	-0.534375	-0.5375	-0.540625	-0.54375	-0.546875	-0.55	-0.553125	-0.55625	-0.559375	-0.5625	-0.565625	-0.56875	-0.571875	-0.575	-0.578125	-0.58125	-0.584375	-0.5875	-0.590625	-0.59375	-0.596875	-0.6	-0.603125	-0.60625	-0.609375	-0.6125	-0.615625	-0.61875	-0.621875	-0.625	-0.628125	-0.63125	-0.634375	-0.6375	-0.640625	-0.64375	-0.646875	-0.65	-0.653125	-0.65625	-0.659375	-0.6625	-0.665625	-0.66875	-0.671875	-0.675	-0.678125	-0.68125	-0.684375	-0.6875	-0.690625	-0.69375	-0.696875	-0.7	-0.703125	-0.70625	-0.709375	-0.7125	-0.715625	-0.71875	-0.721875	-0.725	-0.728125	-0.73125	-0.734375	-0.7375	-0.740625	-0.74375	-0.746875	-0.75	-0.753125	-0.75625	-0.759375	-0.7625	-0.765625	-0.76875	-0.771875	-0.775	-0.778125	-0.78125	-0.784375	-0.7875	-0.790625	-0.79375	-0.796875	-0.8	-0.803125	-0.80625	-0.809375	-0.8125	-0.815625	-0.81875	-0.821875	-0.825	-0.828125	-0.83125	-0.834375	-0.8375	-0.840625	-0.84375	-0.846875	-0.85	-0.853125	-0.85625	-0.859375	-0.8625	-0.865625	-0.86875	-0.871875	-0.867188	-0.8625	-0.857813	-0.853125	-0.848438	-0.84375	-0.839063	-0.834375	-0.829688	-0.825	-0.820313	-0.815625	-0.810938	-0.80625	-0.801563	-0.796875	-0.792188	-0.7875	-0.782813	-0.778125	-0.773438	-0.76875	-0.764063	-0.759375	-0.754688	-0.75	-0.745313	-0.740625	-0.735938	-0.73125	-0.726563	-0.721875	-0.717188	-0.7125	-0.707813	-0.703125	-0.698438	-0.69375	-0.689063	-0.684375	-0.679688	-0.675	-0.670313	-0.665625	-0.660938	-0.65625	-0.651563	-0.646875	-0.642188	-0.6375	-0.632813	-0.628125	-0.623438	-0.61875	-0.614063	-0.609375	-0.604688	-0.6	-0.595313	-0.590625	-0.585938	-0.58125	-0.576563	-0.571875	-0.567188	-0.5625	-0.557813	-0.553125	-0.548438	-0.54375	-0.539063	-0.534375	-0.529688	-0.525	-0.520313	-0.515625	-0.510938	-0.50625	-0.501563	-0.496875	-0.492188	-0.4875	-0.475	-0.4625	-0.45	-0.4375	-0.425	-0.4125	-0.4	-0.3875	-0.375	-0.3625	-0.35	-0.3375	-0.325	-0.3125	-0.3	-0.2875	-0.275	-0.2625	-0.25	-0.2375	-0.225	-0.2125	-0.2	-0.1875	-0.175	-0.1625	-0.15	-0.1375	-0.125	-0.1125	-0.1	-0.0875	-0.075	-0.0625	-0.05	-0.0375	-0.025	-0.0125	0
0	-0.003125	-0.00625	-0.009375	-0.0125	-0.015625	-0.01875	-0.021875	-0.025	-0.028125	-0.03125	-0.034375	-0.0375	-0.040625	-0.04375	-0.046875	-0.05	-0.053125	-0.05625	-0.059375	-0.0625	-0.065625	-0.06875	-0.071875	-0.075	-0.078125	-0.08125	-0.084375	-0.0875	-0.090625	-0.09375	-0.096875	-0.1	-0.103125	-0.10625	-0.109375	-0.1125	-0.115625	-0.11875	-0.121875	-0.125	-0.128125	-0.13125	-0.134375	-0.1375	-0.140625	-0.14375	-0.146875	-0.15	-0.153125	-0.15625	-0.159375	-0.1625	-0.165625	-0.16875	-0.171875	-0.175	-0.178125	-0.18125	-0.184375	-0.1875	-0.190625	-0.19375	-0.196875	-0.2	-0.203125	-0.20625	-0.209375	-0.2125	-0.215625	-0.21875	-0.221875	-0.225	-0.228125	-0.23125	-0.234375	-0.2375	-0.240625	-0.24375	-0.246875	-0.25	-0.253125	-0.25625	-0.259375	-0.2625	-0.265625	-0.26875	-0.271875	-0.275	-0.278125	-0.28125	-0.284375	-0.2875	-0.290625	-0.29375	-0.296875	-0.3	-0.303125	-0.30625	-0.309375	-0.3125	-0.315625	-0.31875	-0.321875	-0.325	-0.328125	-0.33125	-0.334375	-0.3375	-0.340625	-0.34375	-0.346875	-0.35	-0.353125	-0.35625	-0.359375	-0.3625	-0.365625	-0.36875	-0.371875	-0.375	-0.378125	-0.38125	-0.384375	-0.3875	-0.390625	-0.39375	-0.396875	-0.4	-0.403125	-0.40625	-0.409375	-0.4125	-0.415625	-0.41875	-0.421875	-0.425	-0.428125	-0.43125	-0.434375	-0.4375	-0.440625	-0.44375	-0.446875	-0.45	-0.453125	-0.45625	-0.459375	-0.4625	-0.465625	-0.46875	-0.471875	-0.475	-0.478125	-0.48125	-0.484375	-0.4875	-0.490625	-0.49375	-0.496875	-0.5	-0.503125	-0.50625	-0.509375	-0.5125	-0.515625	-0.51875	-0.521875	-0.525	-0.528125	-0.53125	-0.534375	-0.5375	-0.540625	-0.54375	-0.546875	-0.55	-0.553125	-0.55625	-0.559375	-0.5625	-0.565625	-0.56875	-0.571875	-0.575	-0.578125	-0.58125	-0.584375	-0.5875	-0.590625	-0.59375	-0.596875	-0.6	-0.603125	-0.60625	-0.609375	-0.6125	-0.615625	-0.61875	-0.621875	-0.625	-0.628125	-0.63125	-0.634375	-0.6375	-0.640625	-0.64375	-0.646875	-0.65	-0.653125	-0.65625	-0.659375	-0.6625	-0.665625	-0.66875	-0.671875	-0.675	-0.678125	-0.68125	-0.684375	-0.6875	-0.690625	-0.69375	-0.696875	-0.7	-0.703125	-0.70625	-0.709375	-0.7125	-0.715625	-0.71875	-0.721875	-0.725	-0.728125	-0.73125	-0.734375	-0.7375	-0.740625	-0.74375	-0.746875	-0.75	-0.753125	-0.75625	-0.759375	-0.7625	-0.765625	-0.76875	-0.771875	-0.775	-0.778125	-0.78125	-0.784375	-0.7875	-0.790625	-0.79375	-0.796875	-0.8	-0.803125	-0.80625	-0.809375	-0.804688	-0.8	-0.795313	-0.790625	-0.785938	-0.78125	-0.776563	-0.771875	-0.767188	-0.7625	-0.757813	-0.753125	-0.748438	-0.74375	-0.739063	-0.734375	-0.729688	-0.725	-0.720313	-0.715625	-0.710938	-0.70625	-0.701563	-0.696875	-0.692188	-0.6875	-0.682813	-0.678125	-0.673438	-0.66875	-0.664063	-0.659375	-0.654688	-0.65	-0.645313	-0.640625	-0.635938	-0.63125	-0.626563	-0.621875	-0.617188	-0.6125	-0.607813	-0.603125	-0.598438	-0.59375	-0.589063	-0.584375	-0.579688	-0.575	-0.570313	-0.565625	-0.560938	-0.55625	-0.551563	-0.546875	-0.542188	-0.5375	-0.532813	-0.528125	-0.523438	-0.51875	-0.514063	-0.509375	-0.504688	-0.5	-0.495313	-0.490625	-0.485938	-0.48125	-0.476563	-0.471875	-0.467188	-0.4625	-0.457813	-0.453125	-0.448438	-0.44375	-0.439063	-0.434375	-0.429688	-0.425	-0.420313	-0.415625	-0.410938	-0.40625	-0.401563	-0.396875	-0.392188	-0.3875	-0.382813	-0.378125	-0.373438	-0.36875	-0.364063	-0.359375	-0.354688	-0.35	-0.345313	-0.340625	-0.335938	-0.33125	-0.326563	-0.321875	-0.317188	-0.3125	-0.307813	-0.303125	-0.298438	-0.29375	-0.289063	-0.284375	-0.279688	-0.275	-0.270313	-0.265625	-0.260938	-0.25625	-0.251563	-0.246875	-0.242188	-0.2375	-0.225	-0.2125	-0.2	-0.1875	-0.175	-0.1625	-0.15	-0.1375	-0.125	-0.1125	-0.1	-0.0875	-0.075	-0.0625	-0.05	-0.0375	-0.025	-0.0125	0
0	-0.003125	-0.00625	-0.009375	-0.0125	-0.015625	-0.01875	-0.021875	-0.025	-0.028125	-0.03125	-0.034375	-0.0375	-0.040625	-0.04375	-0.046875	-0.05	-0.053125	-0.05625	-0.059375	-0.0625	-0.065625	-0.06875	-0.071875	-0.075	-0.078125	-0.08125	-0.084375	-0.0875	-0.090625	-0.09375	-0.096875	-0.1	-0.103125	-0.10625	-0.109375	-0.1125	-0.115625	-0.11875	-0.121875	-0.125	-0.128125	-0.13125	-0.134375	-0.1375	-0.140625	-0.14375	-0.146875	-0.15	-0.153125	-0.15625	-0.159375	-0.1625	-0.165625	-0.16875	-0.171875	-0.175	-0.178125	-0.18125	-0.184375	-0.1875	-0.190625	-0.19375	-0.196875	-0.2	-0.203125	-0.20625	-0.209375	-0.2125	-0.215625	-0.21875	-0.221875	-0.225	-0.228125	-0.23125	-0.234375	-0.2375	-0.240625	-0.24375	-0.246875	-0.25	-0.253125	-0.25625	-0.259375	-0.2625	-0.265625	-0.26875	-0.271875	-0.275	-0.278125	-0.28125	-0.284375	-0.2875	-0.290625	-0.29375	-0.296875	-0.3	-0.303125	-0.30625	-0.309375	-0.3125	-0.315625	-0.31875	-0.321875	-0.325	-0.328125	-0.33125	-0.334375	-0.3375	-0.340625	-0.34375	-0.346875	-0.35	-0.353125	-0.35625	-0.359375	-0.3625	-0.365625	-0.36875	-0.371875	-0.375	-0.378125	-0.38125	-0.384375	-0.3875	-0.390625	-0.39375	-0.396875	-0.4	-0.403125	-0.40625	-0.409375	-0.4125	-0.415625	-0.41875	-0.421875	-0.425	-0.428125	-0.43125	-0.434375	-0.4375	-0.440625	-0.44375	-0.446875	-0.45	-0.453125	-0.45625	-0.459375	-0.4625	-0.465625	-0.46875	-0.471875	-0.475	-0.478125	-0.48125	-0.484375	-0.4875	-0.490625	-0.49375	-0.496875	-0.5	-0.503125	-0.50625	-0.509375	-0.5125	-0.515625	-0.51875	-0.521875	-0.525	-0.528125	-0.53125	-0.534375	-0.5375	-0.540625	-0.54375	-0.546875	-0.55	-0.553125	-0.55625	-0.559375	-0.5625	-0.565625	-0.56875	-0.571875	-0.575	-0.578125	-0.58125	-0.584375	-0.5875	-0.590625	-0.59375	-0.596875	-0.6	-0.603125	-0.60625	-0.609375	-0.6125	-0.615625	-0.61875	-0.621875	-0.625	-0.628125	-0.63125	-0.634375	-0.6375	-0.640625	-0.64375	-0.646875	-0.65	-0.653125	-0.65625	-0.659375	-0.6625	-0.665625	-0.66875	-0.671875	-0.675	-0.678125	-0.68125	-0.684375	-0.6875	-0.690625	-0.69375	-0.696875	-0.7	-0.703125	-0.70625	-0.709375	-0.7125	-0.715625	-0.71875	-0.721875	-0.725	-0.728125	-0.73125	-0.734375	-0.7375	-0.740625	-0.74375	-0.746875	-0.742188	-0.7375	-0.732813	-0.728125	-0.723438	-0.71875	-0.714063	-0.709375	-0.704688	-0.7	-0.695313	-0.690625	-0.685938	-0.68125	-0.676563	-0.671875	-0.667188	-0.6625	-0.657813	-0.653125	-0.648438	-0.64375	-0.639063	-0.634375	-0.629688	-0.625	-0.620313	-0.615625	-0.610938	-0.60625	-0.601563	-0.596875	-0.592188	-0.5875	-0.582813	-0.578125	-0.573438	-0.56875	-0.564063	-0.559375	-0.554688	-0.55	-0.545313	-0.540625	-0.535938	-0.53125	-0.526563	-0.521875	-0.517188	-0.5125	-0.507813	-0.503125	-0.498438	-0.49375	-0.489063	-0.484375	-0.479688	-0.475	-0.470313	-0.465625	-0.460938	-0.45625	-0.451563	-0.446875	-0.442188	-0.4375	-0.432813	-0.428125	-0.423438	-0.41875	-0.414063	-0.409375	-0.404688	-0.4	-0.395313	-0.390625	-0.385938	-0.38125	-0.376563	-0.371875	-0.367188	-0.3625	-0.357813	-0.353125	-0.348438	-0.34375	-0.339063	-0.334375	-0.329688	-0.325	-0.320313	-0.315625	-0.310938	-0.30625	-0.301563	-0.296875	-0.292188	-0.2875	-0.282813	-0.278125	-0.273438	-0.26875	-0.264063	-0.259375	-0.254688	-0.25	-0.245313	-0.240625	-0.235938	-0.23125	-0.226563	-0.221875	-0.217188	-0.2125	-0.207813	-0.203125	-0.198438	-0.19375	-0.189063	-0.184375	-0.179688	-0.175	-0.170313	-0.165625	-0.160938	-0.15625	-0.151563	-0.146875	-0.142188	-0.1375	-0.132813	-0.128125	-0.123438	-0.11875	-0.114063	-0.109375	-0.104688	-0.1	-0.0953125	-0.090625	-0.0859375	-0.08125	-0.0765625	-0.071875	-0.0671875	-0.0625	-0.0578125	-0.053125	-0.0484375	-0.04375	-0.0390625	-0.034375	-0.0296875	-0.025	-0.0203125	-0.015625	-0.0109375	-0.00625	-0.0015625	0.003125	0
0	-0.003125	-0.00625	-0.009375	-0.0125	-0.015625	-0.01875	-0.021875	-0.025	-0.028125	-0.03125	-0.034375	-0.0375	-0.040625	-0.04375	-0.046875	-0.05	-0.053125	-0.05625	-0.059375	-0.0625	-0.065625	-0.06875	-0.071875	-0.075	-0.078125	-0.08125	-0.084375	-0.0875	-0.090625	-0.09375	-0.096875	-0.1	-0.103125	-0.10625	-0.109375	-0.1125	-0.115625	-0.11875	-0.121875	-0.125	-0.128125	-0.13125	-0.134375	-0.1375	-0.140625	-0.14375	-0.146875	-0.15	-0.153125	-0.15625	-0.159375	-0.1625	-0.165625	-0.16875	-0.171875	-0.175	-0.178125	-0.18125	-0.184375	-0.1875	-0.190625	-0.19375	-0.196875	-0.2	-0.203125	-0.20625	-0.209375	-0.2125	-0.215625	-0.21875	-0.221875	-0.225	-0.228125	-0.23125	-0.234375	-0.2375	-0.240625	-0.24375	-0.246875	-0.25	-0.253125	-0.25625	-0.259375	-0.2625	-0.265625	-0.26875	-0.271875	-0.275	-0.278125	-0.28125	-0.284375	-0.2875	-0.290625	-0.29375	-0.296875	-0.3	-0.303125	-0.30625	-0.309375	-0.3125	-0.315625	-0.31875	-0.321875	-0.325	-0.328125	-0.33125	-0.334375	-0.3375	-0.340625	-0.34375	-0.346875	-0.35	-0.353125	-0.35625	-0.359375	-0.3625	-0.365625	-0.36875	-0.371875	-0.375	-0.378125	-0.38125	-0.384375	-0.3875	-0.390625	-0.39375	-0.396875	-0.4	-0.403125	-0.40625	-0.409375	-0.4125	-0.415625	-0.41875	-0.421875	-0.425	-0.428125	-0.43125	-0.434375	-0.4375	-0.440625	-0.44375	-0.446875	-0.45	-0.453125	-0.45625	-0.459375	-0.4625	-0.465625	-0.46875	-0.471875	-0.475	-0.478125	-0.48125	-0.484375	-0.4875	-0.490625	-0.49375	-0.496875	-0.5	-0.503125	-0.50625	-0.509375	-0.5125	-0.515625	-0.51875	-0.521875	-0.525	-0.528125	-0.53125	-0.534375	-0.5375	-0.540625	-0.54375	-0.546875	-0.55	-0.553125	-0.55625	-0.559375	-0.5625	-0.565625	-0.56875	-0.571875	-0.575	-0.578125	-0.58125	-0.584375	-0.5875	-0.590625	-0.59375	-0.596875	-0.6	-0.603125	-0.60625	-0.609375	-0.6125	-0.615625	-0.61875	-0.621875	-0.625	-0.628125	-0.63125	-0.634375	-0.6375	-0.640625	-0.64375	-0.646875	-0.65	-0.653125	-0.65625	-0.659375	-0.6625	-0.665625	-0.66875	-0.671875	-0.675	-0.678125	-0.68125	-0.684375	-0.679688	-0.675	-0.670313	-0.665625	-0.660938	-0.65625	-0.651563	-0.646875	-0.642188	-0.6375	-0.632813	-0.628125	-0.623438	-0.61875	-0.614063	-0.609375	-0.604688	-0.6	-0.595313	-0.590625	-0.585938	-0.58125	-0.576563	-0.571875	-0.567188	-0.5625	-0.557813	-0.553125	-0.548438	-0.54375	-0.539063	-0.534375	-0.529688	-0.525	-0.520313	-0.515625	-0.510938	-0.50625	-0.501563	-0.496875	-0.492188	-0.4875	-0.482813	-0.478125	-0.473438	-0.46875	-0.464063	-0.459375	-0.454688	-0.45	-0.445313	-0.440625	-0.435938	-0.43125	-0.426563	-0.421875	-0.417188	-0.4125	-0.407813	-0.403125	-0.398438	-0.39375	-0.389063	-0.384375	-0.379688	-0.375	-0.370313	-0.365625	-0.360938	-0.35625	-0.351563	-0.346875	-0.342188	-0.3375	-0.332813	-0.328125	-0.323438	-0.31875	-0.314063	-0.309375	-0.304688	-0.3	-0.295313	-0.290625	-0.285938	-0.28125	-0.276563	-0.271875	-0.267188	-0.2625	-0.257813	-0.253125	-0.248438	-0.24375	-0.239063	-0.234375	-0.229688	-0.225	-0.220313	-0.215625	-0.210938	-0.20625	-0.201563	-0.196875	-0.192188	-0.1875	-0.182813	-0.178125	-0.173438	-0.16875	-0.164063	-0.159375	-0.154688	-0.15	-0.145313	-0.140625	-0.135938	-0.13125	-0.126563	-0.121875	-0.117188	-0.1125	-0.107813	-0.103125	-0.0984375	-0.09375	-0.0890625	-0.084375	-0.0796875	-0.075	-0.0703125	-0.065625	-0.0609375	-0.05625	-0.0515625	-0.046875	-0.0421875	-0.0375	-0.0328125	-0.028125	-0.0234375	-0.01875	-0.0140625	-0.009375	-0.0046875	1.11022e-16	0.0046875	0.009375	0.0140625	0.01875	0.0234375	0.028125	0.0328125	0.0375	0.0421875	0.046875	0.0515625	0.05625	0.0609375	0.065625	0.0625	0.059375	0.05625	0.053125	0.05	0.046875	0.04375	0.040625	0.0375	0.034375	0.03125	0.028125	0.025	0.021875	0.01875	0.015625	0.0125	0.009375	0.00625	0.003125	0
0	-0.003125	-0.00625	-0.009375	-0.0125	-0.015625	-0.01875	-0.021875	-0.025	-0.028125	-0.03125	-0.034375	-0.0375	-0.040625	-0.04375	-0.046875	-0.05	-0.053125	-0.05625	-0.059375	-0.0625	-0.065625	-0.06875	-0.071875	-0.075	-0.078125	-0.08125	-0.084375	-0.0875	-0.090625	-0.09375	-0.096875	-0.1	-0.103125	-0.10625	-0.109375	-0.1125	-0.115625	-0.11875	-0.121875	-0.125	-0.128125	-0.13125	-0.134375	-0.1375	-0.140625	-0.14375	-0.146875	-0.15	-0.153125	-0.15625	-0.159375	-0.1625	-0.165625	-0.16875	-0.171875	-0.175	-0.178125	-0.18125	-0.184375	-0.1875	-0.190625	-0.19375	-0.196875	-0.2	-0.203125	-0.20625	-0.209375	-0.2125	-0.215625	-0.21875	-0.221875	-0.225	-0.228125	-0.23125	-0.234375	-0.2375	-0.240625	-0.24375	-0.246875	-0.25	-0.253125	-0.25625	-0.259375	-0.2625	-0.265625	-0.26875	-0.271875	-0.275	-0.278125	-0.28125	-0.284375	-0.2875	-0.290625	-0.29375	-0.296875	-0.3	-0.303125	-0.30625	-0.309375	-0.3125	-0.315625	-0.31875	-0.321875	-0.325	-0.328125	-0.33125	-0.334375	-0.3375	-0.340625	-0.34375	-0.346875	-0.35	-0.353125	-0.35625	-0.359375	-0.3625	-0.365625	-0.36875	-0.371875	-0.375	-0.378125	-0.38125	-0.384375	-0.3875	-0.390625	-0.39375	-0.396875	-0.4	-0.403125	-0.40625	-0.409375	-0.4125	-0.415625	-0.41875	-0.421875	-0.425	-0.428125	-0.43125	-0.434375	-0.4375	-0.440625	-0.44375	-0.446875	-0.45	-0.453125	-0.45625	-0.459375	-0.4625	-0.465625	-0.46875	-0.471875	-0.475	-0.478125	-0.48125	-0.484375	-0.4875	-0.490625	-0.49375	-0.496875	-0.5	-0.503125	-0.50625	-0.509375	-0.5125	-0.515625	-0.51875	-0.521875	-0.525	-0.528125	-0.53125	-0.534375	-0.5375	-0.540625	-0.54375	-0.546875	-0.55	-0.553125	-0.55625	-0.559375	-0.5625	-0.565625	-0.56875	-0.571875	-0.575	-0.578125	-0.58125	-0.584375	-0.5875	-0.590625	-0.59375	-0.596875	-0.6	-0.603125	-0.60625	-0.609375	-0.6125	-0.615625	-0.61875	-0.621875	-0.617188	-0.6125	-0.607813	-0.603125	-0.598438	-0.59375	-0.589063	-0.584375	-0.579688	-0.575	-0.570313	-0.565625	-0.560938	-0.55625	-0.551563	-0.546875	-0.542188	-0.5375	-0.532813	-0.528125	-0.523438	-0.51875	-0.514063	-0.509375	-0.504688	-0.5	-0.495313	-0.490625	-0.485938	-0.48125	-0.476563	-0.471875	-0.467188	-0.4625	-0.457813	-0.453125	-0.448438	-0.44375	-0.439063	-0.434375	-0.429688	-0.425	-0.420313	-0.415625	-0.410938	-0.40625	-0.401563	-0.396875	-0.392188	-0.3875	-0.382813	-0.378125	-0.373438	-0.36875	-0.364063	-0.359375	-0.354688	-0.35	-0.345313	-0.340625	-0.335938	-0.33125	-0.326563	-0.321875	-0.317188	-0.3125	-0.307813	-0.303125	-0.298438	-0.29375	-0.289063	-0.284375	-0.279688	-0.275	-0.270313	-0.265625	-0.260938	-0.25625	-0.251563	-0.246875	-0.242188	-0.2375	-0.232813	-0.228125	-0.223438	-0.21875	-0.214063	-0.209375	-0.204688	-0.2	-0.195313	-0.190625	-0.185938	-0.18125	-0.176563	-0.171875	-0.167188	-0.1625	-0.157813	-0.153125	-0.148438	-0.14375	-0.139063	-0.134375	-0.129688	-0.125	-0.120313	-0.115625	-0.110938	-0.10625	-0.101563	-0.096875	-0.0921875	-0.0875	-0.0828125	-0.078125	-0.0734375	-0.06875	-0.0640625	-0.059375	-0.0546875	-0.05	-0.0453125	-0.040625	-0.0359375	-0.03125	-0.0265625	-0.021875	-0.0171875	-0.0125	-0.0078125	-0.003125	0.0015625	0.00625	0.0109375	0.015625	0.0203125	0.025	0.0296875	0.034375	0.0390625	0.04375	0.0484375	0.053125	0.0578125	0.0625	0.0671875	0.071875	0.0765625	0.08125	0.0859375	0.090625	0.0953125	0.1	0.104688	0.109375	0.114062	0.11875	0.123437	0.128125	0.125	0.121875	0.11875	0.115625	0.1125	0.109375	0.10625	0.103125	0.1	0.096875	0.09375	0.090625	0.0875	0.084375	0.08125	0.078125	0.075	0.071875	0.06875	0.065625	0.0625	0.059375	0.05625	0.053125	0.05	0.046875	0.04375	0.040625	0.0375	0.034375	0.03125	0.028125	0.025	0.021875	0.01875	0.015625	0.0125	0.009375	0.00625	0.003125	0
0	-0.003125	-0.00625	-0.009375	-0.0125	-0.015625	-0.01875	-0.021875	-0.025	-0.028125	-0.03125	-0.034375	-0.0375	-0.040625	-0.04375	-0.046875	-0.05	-0.053125	-0.05625	-0.059375	-0.0625	-0.065625	-0.06875	-0.071875	-0.075	-0.078125	-0.08125	-0.084375	-0.0875	-0.090625	-0.09375	-0.096875	-0.1	-0.103125	-0.10625	-0.109375	-0.1125	-0.115625	-0.11875	-0.121875	-0.125	-0.128125	-0.13125	-0.134375	-0.1375	-0.140625	-0.14375	-0.146875	-0.15	-0.153125	-0.15625	-0.159375	-0.1625	-0.165625	-0.16875	-0.171875	-0.175	-0.178125	-0.18125	-0.184375	-0.1875	-0.190625	-0.19375	-0.196875	-0.2	-0.203125	-0.20625	-0.209375	-0.2125	-0.215625	-0.21875	-0.221875	-0.225	-0.228125	-0.23125	-0.234375	-0.2375	-0.240625	-0.24375	-0.246875	-0.25	-0.253125	-0.25625	-0.259375	-0.2625	-0.265625	-0.26875	-0.271875	-0.275	-0.278125	-0.28125	-0.284375	-0.2875	-0.290625	-0.29375	-0.296875	-0.3	-0.303125	-0.30625	-0.309375	-0.3125	-0.315625	-0.31875	-0.321875	-0.325	-0.328125	-0.33125	-0.334375	-0.3375	-0.340625	-0.34375	-0.346875	-0.35	-0.353125	-0.35625	-0.359375	-0.3625	-0.365625	-0.36875	-0.371875	-0.375	-0.378125	-0.38125	-0.384375	-0.3875	-0.390625	-0.39375	-0.396875	-0.4	-0.403125	-0.40625	-0.409375	-0.4125	-0.415625	-0.41875	-0.421875	-0.425	-0.428125	-0.43125	-0.434375	-0.4375	-0.440625	-0.44375	-0.446875	-0.45	-0.453125	-0.45625	-0.459375	-0.4625	-0.465625	-0.46875	-0.471875	-0.475	-0.478125	-0.48125	-0.484375	-0.4875	-0.490625	-0.49375	-0.496875	-0.5	-0.503125	-0.50625	-0.509375	-0.5125	-0.515625	-0.51875	-0.521875	-0.525	-0.528125	-0.53125	-0.534375	-0.5375	-0.540625	-0.54375	-0.546875	-0.55	-0.553125	-0.55625	-0.559375	-0.554688	-0.55	-0.545313	-0.540625	-0.535938	-0.53125	-0.526563	-0.521875	-0.517188	-0.5125	-0.507813	-0.503125	-0.498438	-0.49375	-0.489063	-0.484375	-0.479688	-0.475	-0.470313	-0.465625	-0.460938	-0.45625	-0.451563	-0.446875	-0.442188	-0.4375	-0.432813	-0.428125	-0.423438	-0.41875	-0.414063	-0.409375	-0.404688	-0.4	-0.395313	-0.390625	-0.385938	-0.38125	-0.376563	-0.371875	-0.367188	-0.3625	-0.357813	-0.353125	-0.348438	-0.34375	-0.339063	-0.334375	-0.329688	-0.325	-0.320313	-0.315625	-0.310938	-0.30625	-0.301563	-0.296875	-0.292188	-0.2875	-0.282813	-0.278125	-0.273438	-0.26875	-0.264063	-0.259375	-0.254688	-0.25	-0.245313	-0.240625	-0.235938	-0.23125	-0.226563	-0.221875	-0.217188	-0.2125	-0.207813	-0.203125	-0.198438	-0.19375	-0.189063	-0.184375	-0.179688	-0.175	-0.170313	-0.165625	-0.160938	-0.15625	-0.151563	-0.146875	-0.142188	-0.1375	-0.132813	-0.128125	-0.123438	-0.11875	-0.114063	-0.109375	-0.104688	-0.1	-0.0953125	-0.090625	-0.0859375	-0.08125	-0.0765625	-0.071875	-0.0671875	-0.0625	-0.0578125	-0.053125	-0.0484375	-0.04375	-0.0390625	-0.034375	-0.0296875	-0.025	-0.0203125	-0.015625	-0.0109375	-0.00625	-0.0015625	0.003125	0.0078125	0.0125	0.0171875	0.021875	0.0265625	0.03125	0.0359375	0.040625	0.0453125	0.05	0.0546875	0.059375	0.0640625	0.06875	0.0734375	0.078125	0.0828125	0.0875	0.0921875	0.096875	0.101562	0.10625	0.110937	0.115625	0.120312	0.125	0.129687	0.134375	0.139062	0.14375	0.148437	0.153125	0.157812	0.1625	0.167187	0.171875	0.176562	0.18125	0.185937	0.190625	0.1875	0.184375	0.18125	0.178125	0.175	0.171875	0.16875	0.165625	0.1625	0.159375	0.15625	0.153125	0.15	0.146875	0.14375	0.140625	0.1375	0.134375	0.13125	0.128125	0.125	0.121875	0.11875	0.115625	0.1125	0.109375	0.10625	0.103125	0.1	0.096875	0.09375	0.090625	0.0875	0.084375	0.08125	0.078125	0.075	0.071875	0.06875	0.065625	0.0625	0.059375	0.05625	0.053125	0.05	0.046875	0.04375	0.040625	0.0375	0.034375	0.03125	0.028125	0.025	0.021875	0.01875	0.015625	0.0125	0.009375	0.00625	0.003125	0
0	-0.003125	-0.00625	-0.009375	-0.0125	-0.015625	-0.01875	-0.021875	-0.025	-0.028125	-0.03125	-0.034375	-0.0375	-0.040625	-0.04375	-0.046875	-0.05	-0.053125	-0.05625	-0.059375	-0.0625	-0.065625	-0.06875	-0.071875	-0.075	-0.078125	-0.08125	-0.084375	-0.0875	-0.090625	-0.09375	-0.096875	-0.1	-0.103125	-0.10625	-0.109375	-0.1125	-0.115625	-0.11875	-0.121875	-0.125	-0.128125	-0.13125	-0.134375	-0.1375	-0.140625	-0.14375	-0.146875	-0.15	-0.153125	-0.15625	-0.159375	-0.1625	-0.165625	-0.16875	-0.171875	-0.175	-0.178125	-0.18125	-0.184375	-0.1875	-0.190625	-0.19375	-0.196875	-0.2	-0.203125	-0.20625	-0.209375	-0.2125	-0.215625	-0.21875	-0.221875	-0.225	-0.228125	-0.23125	-0.234375	-0.2375	-0.240625	-0.24375	-0.246875	-0.25	-0.253125	-0.25625	-0.259375	-0.2625	-0.265625	-0.26875	-0.271875	-0.275	-0.278125	-0.28125	-0.284375	-0.2875	-0.290625	-0.29375	-0.296875	-0.3	-0.303125	-0.30625	-0.309375	-0.3125	-0.315625	-0.31875	-0.321875	-0.325	-0.328125	-0.33125	-0.334375	-0.3375	-0.340625	-0.34375	-0.346875	-0.35	-0.353125	-0.35625	-0.359375	-0.3625	-0.365625	-0.36875	-0.371875	-0.375	-0.378125	-0.38125	-0.384375	-0.3875	-0.390625	-0.39375	-0.396875	-0.4	-0.403125	-0.40625	-0.409375	-0.4125	-0.415625	-0.41875	-0.421875	-0.425	-0.428125	-0.43125	-0.434375	-0.4375	-0.440625	-0.44375	-0.446875	-0.45	-0.453125	-0.45625	-0.459375	-0.4625	-0.465625	-0.46875	-0.471875	-0.475	-0.478125	-0.48125	-0.484375	-0.4875	-0.490625	-0.49375	-0.496875	-0.492188	-0.4875	-0.482813	-0.478125	-0.473438	-0.46875	-0.464063	-0.459375	-0.454688	-0.45	-0.445313	-0.440625	-0.435938	-0.43125	-0.426563	-0.421875	-0.417188	-0.4125	-0.407813	-0.403125	-0.398438	-0.39375	-0.389063	-0.384375	-0.379688	-0.375	-0.370313	-0.365625	-0.360938	-0.35625	-0.351563	-0.346875	-0.342188	-0.3375	-0.332813	-0.328125	-0.323438	-0.31875	-0.314063	-0.309375	-0.304688	-0.3	-0.295313	-0.290625	-0.285938	-0.28125	-0.276563	-0.271875	-0.267188	-0.2625	-0.257813	-0.253125	-0.248438	-0.24375	-0.239063	-0.234375	-0.229688	-0.225	-0.220313	-0.215625	-0.210938	-0.20625	-0.201563	-0.196875	-0.192188	-0.1875	-0.182813	-0.178125	-0.173438	-0.16875	-0.164063	-0.159375	-0.154688	-0.15	-0.145313	-0.140625	-0.135938	-0.13125	-0.126563	-0.121875	-0.117188	-0.1125	-0.107813	-0.103125	-0.0984375	-0.09375	-0.0890625	-0.084375	-0.0796875	-0.075	-0.0703125	-0.065625	-0.0609375	-0.05625	-0.0515625	-0.046875	-0.0421875	-0.0375	-0.0328125	-0.028125	-0.0234375	-0.01875	-0.0140625	-0.009375	-0.0046875	0	0.0046875	0.009375	0.0140625	0.01875	0.0234375	0.028125	0.0328125	0.0375	0.0421875	0.046875	0.0515625	0.05625	0.0609375	0.065625	0.0703125	0.075	0.0796875	0.084375	0.0890625	0.09375	0.0984375	0.103125	0.107812	0.1125	0.117187	0.121875	0.126562	0.13125	0.135937	0.140625	0.145312	0.15	0.154687	0.159375	0.164062	0.16875	0.173437	0.178125	0.182812	0.1875	0.192187	0.196875	0.201562	0.20625	0.210937	0.215625	0.220312	0.225	0.229687	0.234375	0.239062	0.24375	0.248437	0.253125	0.25	0.246875	0.24375	0.240625	0.2375	0.234375	0.23125	0.228125	0.225	0.221875	0.21875	0.215625	0.2125	0.209375	0.20625	0.203125	0.2	0.196875	0.19375	0.190625	0.1875	0.184375	0.18125	0.178125	0.175	0.171875	0.16875	0.165625	0.1625	0.159375	0.15625	0.153125	0.15	0.146875	0.14375	0.140625	0.1375	0.134375	0.13125	0.128125	0.125	0.121875	0.11875	0.115625	0.1125	0.109375	0.10625	0.103125	0.1	0.096875	0.09375	0.090625	0.0875	0.084375	0.08125	0.078125	0.075	0.071875	0.06875	0.065625	0.0625	0.059375	0.05625	0.053125	0.05	0.046875	0.04375	0.040625	0.0375	0.034375	0.03125	0.028125	0.025	0.021875	0.01875	0.015625	0.0125	0.009375	0.00625	0.003125	0
0	-0.003125	-0.00625	-0.009375	-0.0125	-0.015625	-0.01875	-0.021875	-0.025	-0.028125	-0.03125	-0.034375	-0.0375	-0.040625	-0.04375	-0.046875	-0.05	-0.053125	-0.05625	-0.059375	-0.0625	-0.065625	-0.06875	-0.071875	-0.075	-0.078125	-0.08125	-0.084375	-0.0875	-0.090625	-0.09375	-0.096875	-0.1	-0.103125	-0.10625	-0.109375	-0.1125	-0.115625	-0.11875	-0.121875	-0.125	-0.128125	-0.13125	-0.134375	-0.1375	-0.140625	-0.14375	-0.146875	-0.15	-0.153125	-0.15625	-0.159375	-0.1625	-0.165625	-0.16875	-0.171875	-0.175	-0.178125	-0.18125	-0.184375	-0.1875	-0.190625	-0.19375	-0.196875	-0.2	-0.203125	-0.20625	-0.209375	-0.2125	-0.215625	-0.21875	-0.221875	-0.225	-0.228125	-0.23125	-0.234375	-0.2375	-0.240625	-0.24375	-0.246875	-0.25	-0.253125	-0.25625	-0.259375	-0.2625	-0.265625	-0.26875	-0.271875	-0.275	-0.278125	-0.28125	-0.284375	-0.2875	-0.290625	-0.29375	-0.296875	-0.3	-0.303125	-0.30625	-0.309375	-0.3125	-0.315625	-0.31875	-0.321875	-0.325	-0.328125	-0.33125	-0.334375	-0.3375	-0.340625	-0.34375	-0.346875	-0.35	-0.353125	-0.35625	-0.359375	-0.3625	-0.365625	-0.36875	-0.371875	-0.375	-0.378125	-0.38125	-0.384375	-0.3875	-0.390625	-0.39375	-0.396875	-0.4	-0.403125	-0.40625	-0.409375	-0.4125	-0.415625	-0.41875	-0.421875	-0.425	-0.428125	-0.43125	-0.434375	-0.429688	-0.425	-0.420313	-0.415625	-0.410938	-0.40625	-0.401563	-0.396875	-0.392188	-0.3875	-0.382813	-0.378125	-0.373438	-0.36875	-0.364063	-0.359375	-0.354688	-0.35	-0.345313	-0.340625	-0.335938	-0.33125	-0.326563	-0.321875	-0.317188	-0.3125	-0.307813	-0.303125	-0.298438	-0.29375	-0.289063	-0.284375	-0.279688	-0.275	-0.270313	-0.265625	-0.260938	-0.25625	-0.251563	-0.246875	-0.242188	-0.2375	-0.232813	-0.228125	-0.223438	-0.21875	-0.214063	-0.209375	-0.204688	-0.2	-0.195313	-0.190625	-0.185938	-0.18125	-0.176563	-0.171875	-0.167188	-0.1625	-0.157813	-0.153125	-0.148438	-0.14375	-0.139063	-0.134375	-0.129688	-0.125	-0.120313	-0.115625	-0.110938	-0.10625	-0.101563	-0.096875	-0.0921875	-0.0875	-0.0828125	-0.078125	-0.0734375	-0.06875	-0.0640625	-0.059375	-0.0546875	-0.05	-0.0453125	-0.040625	-0.0359375	-0.03125	-0.0265625	-0.021875	-0.0171875	-0.0125	-0.0078125	-0.003125	0.0015625	0.00625	0.0109375	0.015625	0.0203125	0.025	0.0296875	0.034375	0.0390625	0.04375	0.0484375	0.053125	0.0578125	0.0625	0.0671875	0.071875	0.0765625	0.08125	0.0859375	0.090625	0.0953125	0.1	0.104687	0.109375	0.114062	0.11875	0.123437	0.128125	0.132812	0.1375	0.142187	0.146875	0.151562	0.15625	0.160937	0.165625	0.170312	0.175	0.179687	0.184375	0.189062	0.19375	0.198437	0.203125	0.207812	0.2125	0.217187	0.221875	0.226562	0.23125	0.235937	0.240625	0.245312	0.25	0.254687	0.259375	0.264062	0.26875	0.273437	0.278125	0.282812	0.2875	0.292187	0.296875	0.301562	0.30625	0.310937	0.315625	0.3125	0.309375	0.30625	0.303125	0.3	0.296875	0.29375	0.290625	0.2875	0.284375	0.28125	0.278125	0.275	0.271875	0.26875	0.265625	0.2625	0.259375	0.25625	0.253125	0.25	0.246875	0.24375	0.240625	0.2375	0.234375	0.23125	0.228125	0.225	0.221875	0.21875	0.215625	0.2125	0.209375	0.20625	0.203125	0.2	0.196875	0.19375	0.190625	0.1875	0.184375	0.18125	0.178125	0.175	0.171875	0.16875	0.165625	0.1625	0.159375	0.15625	0.153125	0.15	0.146875	0.14375	0.140625	0.1375	0.134375	0.13125	0.128125	0.125	0.121875	0.11875	0.115625	0.1125	0.109375	0.10625	0.103125	0.1	0.096875	0.09375	0.090625	0.0875	0.084375	0.08125	0.078125	0.075	0.071875	0.06875	0.065625	0.0625	0.059375	0.05625	0.053125	0.05	0.046875	0.04375	0.040625	0.0375	0.034375	0.03125	0.028125	0.025	0.021875	0.01875	0.015625	0.0125	0.009375	0.00625	0.003125	0
0	-0.003125	-0.00625	-0.009375	-0.0125	-0.015625	-0.01875	-0.021875	-0.025	-0.028125	-0.03125	-0.034375	-0.0375	-0.040625	-0.04375	-0.046875	-0.05	-0.053125	-0.05625	-0.059375	-0.0625	-0.065625	-0.06875	-0.071875	-0.075	-0.078125	-0.08125	-0.084375	-0.0875	-0.090625	-0.09375	-0.096875	-0.1	-0.103125	-0.10625	-0.109375	-0.1125	-0.115625	-0.11875	-0.121875	-0.125	-0.128125	-0.13125	-0.134375	-0.1375	-0.140625	-0.14375	-0.146875	-0.15	-0.153125	-0.15625	-0.159375	-0.1625	-0.165625	-0.16875	-0.171875	-0.175	-0.178125	-0.18125	-0.184375	-0.1875	-0.190625	-0.19375	-0.196875	-0.2	-0.203125	-0.20625	-0.209375	-0.2125	-0.215625	-0.21875	-0.221875	-0.225	-0.228125	-0.23125	-0.234375	-0.2375	-0.240625	-0.24375	-0.246875	-0.25	-0.253125	-0.25625	-0.259375	-0.2625	-0.265625	-0.26875	-0.271875	-0.275	-0.278125	-0.28125	-0.284375	-0.2875	-0.290625	-0.29375	-0.296875	-0.3	-0.303125	-0.30625	-0.309375	-0.3125	-0.315625	-0.31875	-0.321875	-0.325	-0.328125	-0.33125	-0.334375	-0.3375	-0.340625	-0.34375	-0.346875	-0.35	-0.353125	-0.35625	-0.359375	-0.3625	-0.365625	-0.36875	-0.371875	-0.367188	-0.3625	-0.357813	-0.353125	-0.348438	-0.34375	-0.339063	-0.334375	-0.329688	-0.325	-0.320313	-0.315625	-0.310938	-0.30625	-0.301563	-0.296875	-0.292188	-0.2875	-0.282813	-0.278125	-0.273438	-0.26875	-0.264063	-0.259375	-0.254688	-0.25	-0.245313	-0.240625	-0.235938	-0.23125	-0.226563	-0.221875	-0.217188	-0.2125	-0.207813	-0.203125	-0.198438	-0.19375	-0.189063	-0.184375	-0.179688	-0.175	-0.170313	-0.165625	-0.160938	-0.15625	-0.151563	-0.146875	-0.142188	-0.1375	-0.132813	-0.128125	-0.123438	-0.11875	-0.114063	-0.109375	-0.104688	-0.1	-0.0953125	-0.090625	-0.0859375	-0.08125	-0.0765625	-0.071875	-0.0671875	-0.0625	-0.0578125	-0.053125	-0.0484375	-0.04375	-0.0390625	-0.034375	-0.0296875	-0.025	-0.0203125	-0.015625	-0.0109375	-0.00625	-0.0015625	0.003125	0.0078125	0.0125	0.0171875	0.021875	0.0265625	0.03125	0.0359375	0.040625	0.0453125	0.05	0.0546875	0.059375	0.0640625	0.06875	0.0734375	0.078125	0.0828125	0.0875	0.0921875	0.096875	0.101562	0.10625	0.110937	0.115625	0.120312	0.125	0.129687	0.134375	0.139062	0.14375	0.148437	0.153125	0.157812	0.1625	0.167187	0.171875	0.176562	0.18125	0.185937	0.190625	0.195312	0.2	0.204687	0.209375	0.214062	0.21875	0.223437	0.228125	0.232812	0.2375	0.242187	0.246875	0.251562	0.25625	0.260937	0.265625	0.270312	0.275	0.279687	0.284375	0.289062	0.29375	0.298437	0.303125	0.307812	0.3125	0.317187	0.321875	0.326562	0.33125	0.335937	0.340625	0.345312	0.35	0.354687	0.359375	0.364062	0.36875	0.373437	0.378125	0.375	0.371875	0.36875	0.365625	0.3625	0.359375	0.35625	0.353125	0.35	0.346875	0.34375	0.340625	0.3375	0.334375	0.33125	0.328125	0.325	0.321875	0.31875	0.315625	0.3125	0.309375	0.30625	0.303125	0.3	0.296875	0.29375	0.290625	0.2875	0.284375	0.28125	0.278125	0.275	0.271875	0.26875	0.265625	0.2625	0.259375	0.25625	0.253125	0.25	0.246875	0.24375	0.240625	0.2375	0.234375	0.23125	0.228125	0.225	0.221875	0.21875	0.215625	0.2125	0.209375	0.20625	0.203125	0.2	0.196875	0.19375	0.190625	0.1875	0.184375	0.18125	0.178125	0.175	0.171875	0.16875	0.165625	0.1625	0.159375	0.15625	0.153125	0.15	0.146875	0.14375	0.140625	0.1375	0.134375	0.13125	0.128125	0.125	0.121875	0.11875	0.115625	0.1125	0.109375	0.10625	0.103125	0.1	0.096875	0.09375	0.090625	0.0875	0.084375	0.08125	0.078125	0.075	0.071875	0.06875	0.065625	0.0625	0.059375	0.05625	0.053125	0.05	0.046875	0.04375	0.040625	0.0375	0.034375	0.03125	0.028125	0.025	0.021875	0.01875	0.015625	0.0125	0.009375	0.00625	0.003125	0
0	-0.003125	-0.00625	-0.009375	-0.0125	-0.015625	-0.01875	-0.021875	-0.025	-0.028125	-0.03125	-0.034375	-0.0375	-0.040625	-0.04375	-0.046875	-0.05	-0.053125	-0.05625	-0.059375	-0.0625	-0.065625	-0.06875	-0.071875	-0.075	-0.078125	-0.08125	-0.084375	-0.0875	-0.090625	-0.09375	-0.096875	-0.1	-0.103125	-0.10625	-0.109375	-0.1125	-0.115625	-0.11875	-0.121875	-0.125	-0.128125	-0.13125	-0.134375	-0.1375	-0.140625	-0.14375	-0.146875	-0.15	-0.153125	-0.15625	-0.159375	-0.1625	-0.165625	-0.16875	-0.171875	-0.175	-0.178125	-0.18125	-0.184375	-0.1875	-0.190625	-0.19375	-0.196875	-0.2	-0.203125	-0.20625	-0.209375	-0.2125	-0.215625	-0.21875	-0.221875	-0.225	-0.228125	-0.23125	-0.234375	-0.2375	-0.240625	-0.24375	-0.246875	-0.25	-0.253125	-0.25625	-0.259375	-0.2625	-0.265625	-0.26875	-0.271875	-0.275	-0.278125	-0.28125	-0.284375	-0.2875	-0.290625	-0.29375	-0.296875	-0.3	-0.303125	-0.30625	-0.309375	-0.304688	-0.3	-0.295313	-0.290625	-0.285938	-0.28125	-0.276563	-0.271875	-0.267188	-0.2625	-0.257813	-0.253125	-0.248438	-0.24375	-0.239063	-0.234375	-0.229688	-0.225	-0.220313	-0.215625	-0.210938	-0.20625	-0.201563	-0.196875	-0.192188	-0.1875	-0.182813	-0.178125	-0.173438	-0.16875	-0.164063	-0.159375	-0.154688	-0.15	-0.145313	-0.140625	-0.135938	-0.13125	-0.126563	-0.121875	-0.117188	-0.1125	-0.107813	-0.103125	-0.0984375	-0.09375	-0.0890625	-0.084375	-0.0796875	-0.075	-0.0703125	-0.065625	-0.0609375	-0.05625	-0.0515625	-0.046875	-0.0421875	-0.0375	-0.0328125	-0.028125	-0.0234375	-0.01875	-0.0140625	-0.009375	-0.0046875	-1.88738e-15	0.0046875	0.009375	0.0140625	0.01875	0.0234375	0.028125	0.0328125	0.0375	0.0421875	0.046875	0.0515625	0.05625	0.0609375	0.065625	0.0703125	0.075	0.0796875	0.084375	0.0890625	0.09375	0.0984375	0.103125	0.107812	0.1125	0.117187	0.121875	0.126562	0.13125	0.135937	0.140625	0.145312	0.15	0.154687	0.159375	0.164062	0.16875	0.173437	0.178125	0.182812	0.1875	0.192187	0.196875	0.201562	0.20625	0.210937	0.215625	0.220312	0.225	0.229687	0.234375	0.239062	0.24375	0.248437	0.253125	0.257812	0.2625	0.267187	0.271875	0.276562	0.28125	0.285937	0.290625	0.295312	0.3	0.304687	0.309375	0.314062	0.31875	0.323437	0.328125	0.332812	0.3375	0.342187	0.346875	0.351562	0.35625	0.360937	0.365625	0.370312	0.375	0.379687	0.384375	0.389062	0.39375	0.398437	0.403125	0.407812	0.4125	0.417187	0.421875	0.426562	0.43125	0.435937	0.440625	0.4375	0.434375	0.43125	0.428125	0.425	0.421875	0.41875	0.415625	0.4125	0.409375	0.40625	0.403125	0.4	0.396875	0.39375	0.390625	0.3875	0.384375	0.38125	0.378125	0.375	0.371875	0.36875	0.365625	0.3625	0.359375	0.35625	0.353125	0.35	0.346875	0.34375	0.340625	0.3375	0.334375	0.33125	0.328125	0.325	0.321875	0.31875	0.315625	0.3125	0.309375	0.30625	0.303125	0.3	0.296875	0.29375	0.290625	0.2875	0.284375	0.28125	0.278125	0.275	0.271875	0.26875	0.265625	0.2625	0.259375	0.25625	0.253125	0.25	0.246875	0.24375	0.240625	0.2375	0.234375	0.23125	0.228125	0.225	0.221875	0.21875	0.215625	0.2125	0.209375	0.20625	0.203125	0.2	0.196875	0.19375	0.190625	0.1875	0.184375	0.18125	0.178125	0.175	0.171875	0.16875	0.165625	0.1625	0.159375	0.15625	0.153125	0.15	0.146875	0.14375	0.140625	0.1375	0.134375	0.13125	0.128125	0.125	0.121875	0.11875	0.115625	0.1125	0.109375	0.10625	0.103125	0.1	0.096875	0.09375	0.090625	0.0875	0.084375	0.08125	0.078125	0.075	0.071875	0.06875	0.065625	0.0625	0.059375	0.05625	0.053125	0.05	0.046875	0.04375	0.040625	0.0375	0.034375	0.03125	0.028125	0.025	0.021875	0.01875	0.015625	0.0125	0.009375	0.00625	0.003125	0
0	-0.003125	-0.00625	-0.009375	-0.0125	-0.015625	-0.01875	-0.021875	-0.025	-0.028125	-0.03125	-0.034375	-0.0375	-0.040625	-0.04375	-0.046875	-0.05	-0.053125	-0.05625	-0.059375	-0.0625	-0.065625	-0.06875	-0.071875	-0.075	-0.078125	-0.08125	-0.084375	-0.0875	-0.090625	-0.09375	-0.096875	-0.1	-0.103125	-0.10625	-0.109375	-0.1125	-0.115625	-0.11875	-0.121875	-0.125	-0.128125	-0.13125	-0.134375	-0.1375	-0.140625	-0.14375	-0.146875	-0.15	-0.153125	-0.15625	-0.159375	-0.1625	-0.165625	-0.16875	-0.171875	-0.175	-0.178125	-0.18125	-0.184375	-0.1875	-0.190625	-0.19375	-0.196875	-0.2	-0.203125	-0.20625	-0.209375	-0.2125	-0.215625	-0.21875	-0.221875	-0.225	-0.228125	-0.23125	-0.234375	-0.2375	-0.240625	-0.24375	-0.246875	-0.242188	-0.2375	-0.232813	-0.228125	-0.223438	-0.21875	-0.214063	-0.209375	-0.204688	-0.2	-0.195313	-0.190625	-0.185938	-0.18125	-0.176563	-0.171875	-0.167188	-0.1625	-0.157813	-0.153125	-0.148438	-0.14375	-0.139063	-0.134375	-0.129688	-0.125	-0.120313	-0.115625	-0.110938	-0.10625	-0.101563	-0.096875	-0.0921875	-0.0875	-0.0828125	-0.078125	-0.0734375	-0.06875	-0.0640625	-0.059375	-0.0546875	-0.05	-0.0453125	-0.040625	-0.0359375	-0.03125	-0.0265625	-0.021875	-0.0171875	-0.0125	-0.0078125	-0.003125	0.0015625	0.00625	0.0109375	0.015625	0.0203125	0.025	0.0296875	0.034375	0.0390625	0.04375	0.0484375	0.053125	0.0578125	0.0625	0.0671875	0.071875	0.0765625	0.08125	0.0859375	0.090625	0.0953125	0.1	0.104687	0.109375	0.114062	0.11875	0.123437	0.128125	0.132812	0.1375	0.142187	0.146875	0.151562	0.15625	0.160937	0.165625	0.170312	0.175	0.179687	0.184375	0.189062	0.19375	0.198437	0.203125	0.207812	0.2125	0.217187	0.221875	0.226562	0.23125	0.235937	0.240625	0.245312	0.25	0.254687	0.259375	0.264062	0.26875	0.273437	0.278125	0.282812	0.2875	0.292187	0.296875	0.301562	0.30625	0.310937	0.315625	0.320312	0.325	0.329687	0.334375	0.339062	0.34375	0.348437	0.353125	0.357812	0.3625	0.367187	0.371875	0.376562	0.38125	0.385937	0.390625	0.395312	0.4	0.404687	0.409375	0.414062	0.41875	0.423437	0.428125	0.432812	0.4375	0.442187	0.446875	0.451562	0.45625	0.460937	0.465625	0.470312	0.475	0.479687	0.484375	0.489062	0.49375	0.498437	0.503125	0.5	0.496875	0.49375	0.490625	0.4875	0.484375	0.48125	0.478125	0.475	0.471875	0.46875	0.465625	0.4625	0.459375	0.45625	0.453125	0.45	0.446875	0.44375	0.440625	0.4375	0.434375	0.43125	0.428125	0.425	0.421875	0.41875	0.415625	0.4125	0.409375	0.40625	0.403125	0.4	0.396875	0.39375	0.390625	0.3875	0.384375	0.38125	0.378125	0.375	0.371875	0.36875	0.365625	0.3625	0.359375	0.35625	0.353125	0.35	0.346875	0.34375	0.340625	0.3375	0.334375	0.33125	0.328125	0.325	0.321875	0.31875	0.315625	0.3125	0.309375	0.30625	0.303125	0.3	0.296875	0.29375	0.290625	0.2875	0.284375	0.28125	0.278125	0.275	0.271875	0.26875	0.265625	0.2625	0.259375	0.25625	0.253125	0.25	0.246875	0.24375	0.240625	0.2375	0.234375	0.23125	0.228125	0.225	0.221875	0.21875	0.215625	0.2125	0.209375	0.20625	0.203125	0.2	0.196875	0.19375	0.190625	0.1875	0.184375	0.18125	0.178125	0.175	0.171875	0.16875	0.165625	0.1625	0.159375	0.15625	0.153125	0.15	0.146875	0.14375	0.140625	0.1375	0.134375	0.13125	0.128125	0.125	0.121875	0.11875	0.115625	0.1125	0.109375	0.10625	0.103125	0.1	0.096875	0.09375	0.090625	0.0875	0.084375	0.08125	0.078125	0.075	0.071875	0.06875	0.065625	0.0625	0.059375	0.05625	0.053125	0.05	0.046875	0.04375	0.040625	0.0375	0.034375	0.03125	0.028125	0.025	0.021875	0.01875	0.015625	0.0125	0.009375	0.00625	0.003125	0
0	-0.003125	-0.00625	-0.009375	-0.0125	-0.015625	-0.01875	-0.021875	-0.025	-0.028125	-0.03125	-0.034375	-0.0375	-0.040625	-0.04375	-0.046875	-0.05	-0.053125	-0.05625	-0.059375	-0.0625	-0.065625	-0.06875	-0.071875	-0.075	-0.078125	-0.08125	-0.084375	-0.0875	-0.090625	-0.09375	-0.096875	-0.1	-0.103125	-0.10625	-0.109375	-0.1125	-0.115625	-0.11875	-0.121875	-0.125	-0.128125	-0.13125	-0.134375	-0.1375	-0.140625	-0.14375	-0.146875	-0.15	-0.153125	-0.15625	-0.159375	-0.1625	-0.165625	-0.16875	-0.171875	-0.175	-0.178125	-0.18125	-0.184375	-0.179688	-0.175	-0.170313	-0.165625	-0.160938	-0.15625	-0.151563	-0.146875	-0.142188	-0.1375	-0.132813	-0.128125	-0.123438	-0.11875	-0.114063	-0.109375	-0.104688	-0.1	-0.0953125	-0.090625	-0.0859375	-0.08125	-0.0765625	-0.071875	-0.0671875	-0.0625	-0.0578125	-0.053125	-0.0484375	-0.04375	-0.0390625	-0.034375	-0.0296875	-0.025	-0.0203125	-0.015625	-0.0109375	-0.00625	-0.0015625	0.003125	0.0078125	0.0125	0.0171875	0.021875	0.0265625	0.03125	0.0359375	0.040625	0.0453125	0.05	0.0546875	0.059375	0.0640625	0.06875	0.0734375	0.078125	0.0828125	0.0875	0.0921875	0.096875	0.101562	0.10625	0.110937	0.115625	0.120312	0.125	0.129687	0.134375	0.139062	0.14375	0.148437	0.153125	0.157812	0.1625	0.167187	0.171875	0.176562	0.18125	0.185937	0.190625	0.195312	0.2	0.204687	0.209375	0.214062	0.21875	0.223437	0.228125	0.232812	0.2375	0.242187	0.246875	0.251562	0.25625	0.260937	0.265625	0.270312	0.275	0.279687	0.284375	0.289062	0.29375	0.298437	0.303125	0.307812	0.3125	0.317187	0.321875	0.326562	0.33125	0.335937	0.340625	0.345312	0.35	0.354687	0.359375	0.364062	0.36875	0.373437	0.378125	0.382812	0.3875	0.392187	0.396875	0.401562	0.40625	0.410937	0.415625	0.420312	0.425	0.429687	0.434375	0.439062	0.44375	0.448437	0.453125	0.457812	0.4625	0.467187	0.471875	0.476562	0.48125	0.485937	0.490625	0.495312	0.5	0.504687	0.509375	0.514062	0.51875	0.523437	0.528125	0.532812	0.5375	0.542187	0.546875	0.551562	0.55625	0.560937	0.565625	0.5625	0.559375	0.55625	0.553125	0.55	0.546875	0.54375	0.540625	0.5375	0.534375	0.53125	0.528125	0.525	0.521875	0.51875	0.515625	0.5125	0.509375	0.50625	0.503125	0.5	0.496875	0.49375	0.490625	0.4875	0.484375	0.48125	0.478125	0.475	0.471875	0.46875	0.465625	0.4625	0.459375	0.45625	0.453125	0.45	0.446875	0.44375	0.440625	0.4375	0.434375	0.43125	0.428125	0.425	0.421875	0.41875	0.415625	0.4125	0.409375	0.40625	0.403125	0.4	0.396875	0.39375	0.390625	0.3875	0.384375	0.38125	0.378125	0.375	0.371875	0.36875	0.365625	0.3625	0.359375	0.35625	0.353125	0.35	0.346875	0.34375	0.340625	0.3375	0.334375	0.33125	0.328125	0.325	0.321875	0.31875	0.315625	0.3125	0.309375	0.30625	0.303125	0.3	0.296875	0.29375	0.290625	0.2875	0.284375	0.28125	0.278125	0.275	0.271875	0.26875	0.265625	0.2625	0.259375	0.25625	0.253125	0.25	0.246875	0.24375	0.240625	0.2375	0.234375	0.23125	0.228125	0.225	0.221875	0.21875	0.215625	0.2125	0.209375	0.20625	0.203125	0.2	0.196875	0.19375	0.190625	0.1875	0.184375	0.18125	0.178125	0.175	0.171875	0.16875	0.165625	0.1625	0.159375	0.15625	0.153125	0.15	0.146875	0.14375	0.140625	0.1375	0.134375	0.13125	0.128125	0.125	0.121875	0.11875	0.115625	0.1125	0.109375	0.10625	0.103125	0.1	0.096875	0.09375	0.090625	0.0875	0.084375	0.08125	0.078125	0.075	0.071875	0.06875	0.065625	0.0625	0.059375	0.05625	0.053125	0.05	0.046875	0.04375	0.040625	0.0375	0.034375	0.03125	0.028125	0.025	0.021875	0.01875	0.015625	0.0125	0.009375	0.00625	0.003125	0
0	-0.003125	-0.00625	-0.009375	-0.0125	-0.015625	-0.01875	-0.021875	-0.025	-0.028125	-0.03125	-0.034375	-0.0375	-0.040625	-0.04375	-0.046875	-0.05	-0.053125	-0.05625	-0.059375	-0.0625	-0.065625	-0.06875	-0.071875	-0.075	-0.078125	-0.08125	-0.084375	-0.0875	-0.090625	-0.09375	-0.096875	-0.1	-0.103125	-0.10625	-0.109375	-0.1125	-0.115625	-0.11875	-0.121875	-0.117188	-0.1125	-0.107813	-0.103125	-0.0984375	-0.09375	-0.0890625	-0.084375	-0.0796875	-0.075	-0.0703125	-0.065625	-0.0609375	-0.05625	-0.0515625	-0.046875	-0.0421875	-0.0375	-0.0328125	-0.028125	-0.0234375	-0.01875	-0.0140625	-0.009375	-0.0046875	-8.88178e-16	0.0046875	0.009375	0.0140625	0.01875	0.0234375	0.028125	0.0328125	0.0375	0.0421875	0.046875	0.0515625	0.05625	0.0609375	0.065625	0.0703125	0.075	0.0796875	0.084375	0.0890625	0.09375	0.0984375	0.103125	0.107812	0.1125	0.117187	0.121875	0.126562	0.13125	0.135937	0.140625	0.145312	0.15	0.154687	0.159375	0.164062	0.16875	0.173437	0.178125	0.182812	0.1875	0.192187	0.196875	0.201562	0.20625	0.210937	0.215625	0.220312	0.225	0.229687	0.234375	0.239062	0.24375	0.248437	0.253125	0.257812	0.2625	0.267187	0.271875	0.276562	0.28125	0.285937	0.290625	0.295312	0.3	0.304687	0.309375	0.314062	0.31875	0.323437	0.328125	0.332812	0.3375	0.342187	0.346875	0.351562	0.35625	0.360937	0.365625	0.370312	0.375	0.379687	0.384375	0.389062	0.39375	0.398437	0.403125	0.407812	0.4125	0.417187	0.421875	0.426562	0.43125	0.435937	0.440625	0.445312	0.45	0.454687	0.459375	0.464062	0.46875	0.473437	0.478125	0.482812	0.4875	0.492187	0.496875	0.501562	0.50625	0.510937	0.515625	0.520312	0.525	0.529687	0.534375	0.539062	0.54375	0.548437	0.553125	0.557812	0.5625	0.567187	0.571875	0.576562	0.58125	0.585937	0.590625	0.595312	0.6	0.604687	0.609375	0.614062	0.61875	0.623437	0.628125	0.625	0.621875	0.61875	0.615625	0.6125	0.609375	0.60625	0.603125	0.6	0.596875	0.59375	0.590625	0.5875	0.584375	0.58125	0.578125	0.575	0.571875	0.56875	0.565625	0.5625	0.559375	0.55625	0.553125	0.55	0.546875	0.54375	0.540625	0.5375	0.534375	0.53125	0.528125	0.525	0.521875	0.51875	0.515625	0.5125	0.509375	0.50625	0.503125	0.5	0.496875	0.49375	0.490625	0.4875	0.484375	0.48125	0.478125	0.475	0.471875	0.46875	0.465625	0.4625	0.459375	0.45625	0.453125	0.45	0.446875	0.44375	0.440625	0.4375	0.434375	0.43125	0.428125	0.425	0.421875	0.41875	0.415625	0.4125	0.409375	0.40625	0.403125	0.4	0.396875	0.39375	0.390625	0.3875	0.384375	0.38125	0.378125	0.375	0.371875	0.36875	0.365625	0.3625	0.359375	0.35625	0.353125	0.35	0.346875	0.34375	0.340625	0.3375	0.334375	0.33125	0.328125	0.325	0.321875	0.31875	0.315625	0.3125	0.309375	0.30625	0.303125	0.3	0.296875	0.29375	0.290625	0.2875	0.284375	0.28125	0.278125	0.275	0.271875	0.26875	0.265625	0.2625	0.259375	0.25625	0.253125	0.25	0.246875	0.24375	0.240625	0.2375	0.234375	0.23125	0.228125	0.225	0.221875	0.21875	0.215625	0.2125	0.209375	0.20625	0.203125	0.2	0.196875	0.19375	0.190625	0.1875	0.184375	0.18125	0.178125	0.175	0.171875	0.16875	0.165625	0.1625	0.159375	0.15625	0.153125	0.15	0.146875	0.14375	0.140625	0.1375	0.134375	0.13125	0.128125	0.125	0.121875	0.11875	0.115625	0.1125	0.109375	0.10625	0.103125	0.1	0.096875	0.09375	0.090625	0.0875	0.084375	0.08125	0.078125	0.075	0.071875	0.06875	0.065625	0.0625	0.059375	0.05625	0.053125	0.05	0.046875	0.04375	0.040625	0.0375	0.034375	0.03125	0.028125	0.025	0.021875	0.01875	0.015625	0.0125	0.009375	0.00625	0.003125	0
0	-0.003125	-0.00625	-0.009375	-0.0125	-0.015625	-0.01875	-0.021875	-0.025	-0.028125	-0.03125	-0.034375	-0.0375	-0.040625	-0.04375	-0.046875	-0.05	-0.053125	-0.05625	-0.059375	-0.0546875	-0.05	-0.0453125	-0.040625	-0.0359375	-0.03125	-0.0265625	-0.021875	-0.0171875	-0.0125	-0.0078125	-0.003125	0.0015625	0.00625	0.0109375	0.015625	0.0203125	0.025	0.0296875	0.034375	0.0390625	0.04375	0.0484375	0.053125	0.0578125	0.0625	0.0671875	0.071875	0.0765625	0.08125	0.0859375	0.090625	0.0953125	0.1	0.104687	0.109375	0.114062	0.11875	0.123437	0.128125	0.132812	0.1375	0.142187	0.146875	0.151562	0.15625	0.160937	0.165625	0.170312	0.175	0.179687	0.184375	0.189062	0.19375	0.198437	0.203125	0.207812	0.2125	0.217187	0.221875	0.226562	0.23125	0.235937	0.240625	0.245312	0.25	0.254687	0.259375	0.264062	0.26875	0.273437	0.278125	0.282812	0.2875	0.292187	0.296875	0.301562	0.30625	0.310937	0.315625	0.320312	0.325	0.329687	0.334375	0.339062	0.34375	0.348437	0.353125	0.357813	0.3625	0.367187	0.371875	0.376562	0.38125	0.385937	0.390625	0.395312	0.4	0.404687	0.409375	0.414062	0.41875	0.423437	0.428125	0.432812	0.4375	0.442187	0.446875	0.451562	0.45625	0.460937	0.465625	0.470312	0.475	0.479687	0.484375	0.489062	0.49375	0.498437	0.503125	0.507812	0.5125	0.517187	0.521875	0.526562	0.53125	0.535937	0.540625	0.545312	0.55	0.554687	0.559375	0.564062	0.56875	0.573437	0.578125	0.582812	0.5875	0.592187	0.596875	0.601562	0.60625	0.610938	0.615625	0.620313	0.625	0.629687	0.634375	0.639062	0.64375	0.648437	0.653125	0.657812	0.6625	0.667188	0.671875	0.676562	0.68125	0.685937	0.690625	0.6875	0.684375	0.68125	0.678125	0.675	0.671875	0.66875	0.665625	0.6625	0.659375	0.65625	0.653125	0.65	0.646875	0.64375	0.640625	0.6375	0.634375	0.63125	0.628125	0.625	0.621875	0.61875	0.615625	0.6125	0.609375	0.60625	0.603125	0.6	0.596875	0.59375	0.590625	0.5875	0.584375	0.58125	0.578125	0.575	0.571875	0.56875	0.565625	0.5625	0.559375	0.55625	0.553125	0.55	0.546875	0.54375	0.540625	0.5375	0.534375	0.53125	0.528125	0.525	0.521875	0.51875	0.515625	0.5125	0.509375	0.50625	0.503125	0.5	0.496875	0.49375	0.490625	0.4875	0.484375	0.48125	0.478125	0.475	0.471875	0.46875	0.465625	0.4625	0.459375	0.45625	0.453125	0.45	0.446875	0.44375	0.440625	0.4375	0.434375	0.43125	0.428125	0.425	0.421875	0.41875	0.415625	0.4125	0.409375	0.40625	0.403125	0.4	0.396875	0.39375	0.390625	0.3875	0.384375	0.38125	0.378125	0.375	0.371875	0.36875	0.365625	0.3625	0.359375	0.35625	0.353125	0.35	0.346875	0.34375	0.340625	0.3375	0.334375	0.33125	0.328125	0.325	0.321875	0.31875	0.315625	0.3125	0.309375	0.30625	0.303125	0.3	0.296875	0.29375	0.290625	0.2875	0.284375	0.28125	0.278125	0.275	0.271875	0.26875	0.265625	0.2625	0.259375	0.25625	0.253125	0.25	0.246875	0.24375	0.240625	0.2375	0.234375	0.23125	0.228125	0.225	0.221875	0.21875	0.215625	0.2125	0.209375	0.20625	0.203125	0.2	0.196875	0.19375	0.190625	0.1875	0.184375	0.18125	0.178125	0.175	0.171875	0.16875	0.165625	0.1625	0.159375	0.15625	0.153125	0.15	0.146875	0.14375	0.140625	0.1375	0.134375	0.13125	0.128125	0.125	0.121875	0.11875	0.115625	0.1125	0.109375	0.10625	0.103125	0.1	0.096875	0.09375	0.090625	0.0875	0.084375	0.08125	0.078125	0.075	0.071875	0.06875	0.065625	0.0625	0.059375	0.05625	0.053125	0.05	0.046875	0.04375	0.040625	0.0375	0.034375	0.03125	0.028125	0.025	0.021875	0.01875	0.015625	0.0125	0.009375	0.00625	0.003125	0
0	0.0125	0.0171875	0.021875	0.0265625	0.03125	0.0359375	0.040625	0.0453125	0.05	0.0546875	0.059375	0.0640625	0.06875	0.0734375	0.078125	0.0828125	0.0875	0.0921875	0.096875	0.101562	0.10625	0.110937	0.115625	0.120312	0.125	0.129687	0.134375	0.139062	0.14375	0.148437	0.153125	0.157812	0.1625	0.167187	0.171875	0.176562	0.18125	0.185937	0.190625	0.195312	0.2	0.204687	0.209375	0.214062	0.21875	0.223437	0.228125	0.232812	0.2375	0.242187	0.246875	0.251562	0.25625	0.260937	0.265625	0.270312	0.275	0.279687	0.284375	0.289062	0.29375	0.298437	0.303125	0.307812	0.3125	0.317187	0.321875	0.326562	0.33125	0.335937	0.340625	0.345312	0.35	0.354687	0.359375	0.364062	0.36875	0.373437	0.378125	0.382812	0.3875	0.392187	0.396875	0.401562	0.40625	0.410937	0.415625	0.420312	0.425	0.429687	0.434375	0.439062	0.44375	0.448438	0.453125	0.457812	0.4625	0.467187	0.471875	0.476563	0.48125	0.485937	0.490625	0.495313	0.5	0.504687	0.509375	0.514062	0.51875	0.523437	0.528125	0.532813	0.5375	0.542187	0.546875	0.551562	0.55625	0.560938	0.565625	0.570313	0.575	0.579688	0.584375	0.589063	0.59375	0.598438	0.603125	0.607813	0.6125	0.617188	0.621875	0.626563	0.63125	0.635937	0.640625	0.645312	0.65	0.654688	0.659375	0.664063	0.66875	0.673438	0.678125	0.682813	0.6875	0.692188	0.696875	0.701562	0.70625	0.710937	0.715625	0.720312	0.725	0.729687	0.734375	0.739062	0.74375	0.748437	0.753125	0.75	0.746875	0.74375	0.740625	0.7375	0.734375	0.73125	0.728125	0.725	0.721875	0.71875	0.715625	0.7125	0.709375	0.70625	0.703125	0.7	0.696875	0.69375	0.690625	0.6875	0.684375	0.68125	0.678125	0.675	0.671875	0.66875	0.665625	0.6625	0.659375	0.65625	0.653125	0.65	0.646875	0.64375	0.640625	0.6375	0.634375	0.63125	0.628125	0.625	0.621875	0.61875	0.615625	0.6125	0.609375	0.60625	0.603125	0.6	0.596875	0.59375	0.590625	0.5875	0.584375	0.58125	0.578125	0.575	0.571875	0.56875	0.565625	0.5625	0.559375	0.55625	0.553125	0.55	0.546875	0.54375	0.540625	0.5375	0.534375	0.53125	0.528125	0.525	0.521875	0.51875	0.515625	0.5125	0.509375	0.50625	0.503125	0.5	0.496875	0.49375	0.490625	0.4875	0.484375	0.48125	0.478125	0.475	0.471875	0.46875	0.465625	0.4625	0.459375	0.45625	0.453125	0.45	0.446875	0.44375	0.440625	0.4375	0.434375	0.43125	0.428125	0.425	0.421875	0.41875	0.415625	0.4125	0.409375	0.40625	0.403125	0.4	0.396875	0.39375	0.390625	0.3875	0.384375	0.38125	0.378125	0.375	0.371875	0.36875	0.365625	0.3625	0.359375	0.35625	0.353125	0.35	0.346875	0.34375	0.340625	0.3375	0.334375	0.33125	0.328125	0.325	0.321875	0.31875	0.315625	0.3125	0.309375	0.30625	0.303125	0.3	0.296875	0.29375	0.290625	0.2875	0.284375	0.28125	0.278125	0.275	0.271875	0.26875	0.265625	0.2625	0.259375	0.25625	0.253125	0.25	0.246875	0.24375	0.240625	0.2375	0.234375	0.23125	0.228125	0.225	0.221875	0.21875	0.215625	0.2125	0.209375	0.20625	0.203125	0.2	0.196875	0.19375	0.190625	0.1875	0.184375	0.18125	0.178125	0.175	0.171875	0.16875	0.165625	0.1625	0.159375	0.15625	0.153125	0.15	0.146875	0.14375	0.140625	0.1375	0.134375	0.13125	0.128125	0.125	0.121875	0.11875	0.115625	0.1125	0.109375	0.10625	0.103125	0.1	0.096875	0.09375	0.090625	0.0875	0.084375	0.08125	0.078125	0.075	0.071875	0.06875	0.065625	0.0625	0.059375	0.05625	0.053125	0.05	0.046875	0.04375	0.040625	0.0375	0.034375	0.03125	0.028125	0.025	0.021875	0.01875	0.015625	0.0125	0.009375	0.00625	0.003125	0
0	0.0125	0.025	0.0375	0.05	0.0625	0.075	0.0875	0.1	0.1125	0.125	0.1375	0.15	0.1625	0.175	0.1875	0.2	0.2125	0.225	0.2375	0.25	0.2625	0.267187	0.271875	0.276562	0.28125	0.285938	0.290625	0.295312	0.3	0.304688	0.309375	0.314062	0.31875	0.323437	0.328125	0.332812	0.3375	0.342187	0.346875	0.351562	0.35625	0.360937	0.365625	0.370312	0.375	0.379687	0.384375	0.389062	0.39375	0.398437	0.403125	0.407812	0.4125	0.417187	0.421875	0.426562	0.43125	0.435937	0.440625	0.445312	0.45	0.454687	0.459375	0.464062	0.46875	0.473437	0.478125	0.482812	0.4875	0.492188	0.496875	0.501563	0.50625	0.510938	0.515625	0.520312	0.525	0.529687	0.534375	0.539062	0.54375	0.548437	0.553125	0.557812	0.5625	0.567187	0.571875	0.576562	0.58125	0.585937	0.590625	0.595312	0.6	0.604687	0.609375	0.614063	0.61875	0.623438	0.628125	0.632813	0.6375	0.642188	0.646875	0.651563	0.65625	0.660938	0.665625	0.670313	0.675	0.679688	0.684375	0.689063	0.69375	0.698437	0.703125	0.707812	0.7125	0.717188	0.721875	0.726563	0.73125	0.735938	0.740625	0.745313	0.75	0.754688	0.759375	0.764063	0.76875	0.773438	0.778125	0.782813	0.7875	0.792188	0.796875	0.801563	0.80625	0.810938	0.815625	0.8125	0.809375	0.80625	0.803125	0.8	0.796875	0.79375	0.790625	0.7875	0.784375	0.78125	0.778125	0.775	0.771875	0.76875	0.765625	0.7625	0.759375	0.75625	0.753125	0.75	0.746875	0.74375	0.740625	0.7375	0.734375	0.73125	0.728125	0.725	0.721875	0.71875	0.715625	0.7125	0.709375	0.70625	0.703125	0.7	0.696875	0.69375	0.690625	0.6875	0.684375	0.68125	0.678125	0.675	0.671875	0.66875	0.665625	0.6625	0.659375	0.65625	0.653125	0.65	0.646875	0.64375	0.640625	0.6375	0.634375	0.63125	0.628125	0.625	0.621875	0.61875	0.615625	0.6125	0.609375	0.60625	0.603125	0.6	0.596875	0.59375	0.590625	0.5875	0.584375	0.58125	0.578125	0.575	0.571875	0.56875	0.565625	0.5625	0.559375	0.55625	0.553125	0.55	0.546875	0.54375	0.540625	0.5375	0.534375	0.53125	0.528125	0.525	0.521875	0.51875	0.515625	0.5125	0.509375	0.50625	0.503125	0.5	0.496875	0.49375	0.490625	0.4875	0.484375	0.48125	0.478125	0.475	0.471875	0.46875	0.465625	0.4625	0.459375	0.45625	0.453125	0.45	0.446875	0.44375	0.440625	0.4375	0.434375	0.43125	0.428125	0.425	0.421875	0.41875	0.415625	0.4125	0.409375	0.40625	0.403125	0.4	0.396875	0.39375	0.390625	0.3875	0.384375	0.38125	0.378125	0.375	0.371875	0.36875	0.365625	0.3625	0.359375	0.35625	0.353125	0.35	0.346875	0.34375	0.340625	0.3375	0.334375	0.33125	0.328125	0.325	0.321875	0.31875	0.315625	0.3125	0.309375	0.30625	0.303125	0.3	0.296875	0.29375	0.290625	0.2875	0.284375	0.28125	0.278125	0.275	0.271875	0.26875	0.265625	0.2625	0.259375	0.25625	0.253125	0.25	0.246875	0.24375	0.240625	0.2375	0.234375	0.23125	0.228125	0.225	0.221875	0.21875	0.215625	0.2125	0.209375	0.20625	0.203125	0.2	0.196875	0.19375	0.190625	0.1875	0.184375	0.18125	0.178125	0.175	0.171875	0.16875	0.165625	0.1625	0.159375	0.15625	0.153125	0.15	0.146875	0.14375	0.140625	0.1375	0.134375	0.13125	0.128125	0.125	0.121875	0.11875	0.115625	0.1125	0.109375	0.10625	0.103125	0.1	0.096875	0.09375	0.090625	0.0875	0.084375	0.08125	0.078125	0.075	0.071875	0.06875	0.065625	0.0625	0.059375	0.05625	0.053125	0.05	0.046875	0.04375	0.040625	0.0375	0.034375	0.03125	0.028125	0.025	0.021875	0.01875	0.015625	0.0125	0.009375	0.00625	0.003125	0
0	0.0125	0.025	0.0375	0.05	0.0625	0.075	0.0875	0.1	0.1125	0.125	0.1375	0.15	0.1625	0.175	0.1875	0.2	0.2125	0.225	0.2375	0.25	0.2625	0.275	0.2875	0.3	0.3125	0.325	0.3375	0.35	0.3625	0.375	0.3875	0.4	0.4125	0.425	0.4375	0.45	0.4625	0.475	0.4875	0.5	0.5125	0.517187	0.521875	0.526563	0.53125	0.535938	0.540625	0.545313	0.55	0.554688	0.559375	0.564063	0.56875	0.573438	0.578125	0.582813	0.5875	0.592188	0.596875	0.601563	0.60625	0.610938	0.615625	0.620313	0.625	0.629688	0.634375	0.639062	0.64375	0.648438	0.653125	0.657813	0.6625	0.667188	0.671875	0.676563	0.68125	0.685938	0.690625	0.695313	0.7	0.704688	0.709375	0.714063	0.71875	0.723438	0.728125	0.732813	0.7375	0.742188	0.746875	0.751563	0.75625	0.760937	0.765625	0.770313	0.775	0.779688	0.784375	0.789063	0.79375	0.798438	0.803125	0.807813	0.8125	0.817188	0.821875	0.826563	0.83125	0.835938	0.840625	0.845313	0.85	0.854688	0.859375	0.864063	0.86875	0.873438	0.878125	0.875	0.871875	0.86875	0.865625	0.8625	0.859375	0.85625	0.853125	0.85	0.846875	0.84375	0.840625	0.8375	0.834375	0.83125	0.828125	0.825	0.821875	0.81875	0.815625	0.8125	0.809375	0.80625	0.803125	0.8	0.796875	0.79375	0.790625	0.7875	0.784375	0.78125	0.778125	0.775	0.771875	0.76875	0.765625	0.7625	0.759375	0.75625	0.753125	0.75	0.746875	0.74375	0.740625	0.7375	0.734375	0.73125	0.728125	0.725	0.721875	0.71875	0.715625	0.7125	0.709375	0.70625	0.703125	0.7	0.696875	0.69375	0.690625	0.6875	0.684375	0.68125	0.678125	0.675	0.671875	0.66875	0.665625	0.6625	0.659375	0.65625	0.653125	0.65	0.646875	0.64375	0.640625	0.6375	0.634375	0.63125	0.628125	0.625	0.621875	0.61875	0.615625	0.6125	0.609375	0.60625	0.603125	0.6	0.596875	0.59375	0.590625	0.5875	0.584375	0.58125	0.578125	0.575	0.571875	0.56875	0.565625	0.5625	0.559375	0.55625	0.553125	0.55	0.546875	0.54375	0.540625	0.5375	0.534375	0.53125	0.528125	0.525	0.521875	0.51875	0.515625	0.5125	0.509375	0.50625	0.503125	0.5	0.496875	0.49375	0.490625	0.4875	0.484375	0.48125	0.478125	0.475	0.471875	0.46875	0.465625	0.4625	0.459375	0.45625	0.453125	0.45	0.446875	0.44375	0.440625	0.4375	0.434375	0.43125	0.428125	0.425	0.421875	0.41875	0.415625	0.4125	0.409375	0.40625	0.403125	0.4	0.396875	0.39375	0.390625	0.3875	0.384375	0.38125	0.378125	0.375	0.371875	0.36875	0.365625	0.3625	0.359375	0.35625	0.353125	0.35	0.346875	0.34375	0.340625	0.3375	0.334375	0.33125	0.328125	0.325	0.321875	0.31875	0.315625	0.3125	0.309375	0.30625	0.303125	0.3	0.296875	0.29375	0.290625	0.2875	0.284375	0.28125	0.278125	0.275	0.271875	0.26875	0.265625	0.2625	0.259375	0.25625	0.253125	0.25	0.246875	0.24375	0.240625	0.2375	0.234375	0.23125	0.228125	0.225	0.221875	0.21875	0.215625	0.2125	0.209375	0.20625	0.203125	0.2	0.196875	0.19375	0.190625	0.1875	0.184375	0.18125	0.178125	0.175	0.171875	0.16875	0.165625	0.1625	0.159375	0.15625	0.153125	0.15	0.146875	0.14375	0.140625	0.1375	0.134375	0.13125	0.128125	0.125	0.121875	0.11875	0.115625	0.1125	0.109375	0.10625	0.103125	0.1	0.096875	0.09375	0.090625	0.0875	0.084375	0.08125	0.078125	0.075	0.071875	0.06875	0.065625	0.0625	0.059375	0.05625	0.053125	0.05	0.046875	0.04375	0.040625	0.0375	0.034375	0.03125	0.028125	0.025	0.021875	0.01875	0.015625	0.0125	0.009375	0.00625	0.003125	0
0	0.0125	0.025	0.0375	0.05	0.0625	0.075	0.0875	0.1	0.1125	0.125	0.1375	0.15	0.1625	0.175	0.1875	0.2	0.2125	0.225	0.2375	0.25	0.2625	0.275	0.2875	0.3	0.3125	0.325	0.3375	0.35	0.3625	0.375	0.3875	0.4	0.4125	0.425	0.4375	0.45	0.4625	0.475	0.4875	0.5	0.5125	0.525	0.5375	0.55	0.5625	0.575	0.5875	0.6	0.6125	0.625	0.6375	0.65	0.6625	0.675	0.6875	0.7	0.7125	0.725	0.7375	0.75	0.7625	0.767188	0.771875	0.776563	0.78125	0.785938	0.790625	0.795313	0.8	0.804688	0.809375	0.814063	0.81875	0.823438	0.828125	0.832813	0.8375	0.842188	0.846875	0.851563	0.85625	0.860938	0.865625	0.870313	0.875	0.879688	0.884375	0.889063	0.89375	0.898438	0.903125	0.907813	0.9125	0.917188	0.921875	0.926563	0.93125	0.935938	0.940625	0.9375	0.934375	0.93125	0.928125	0.925	0.921875	0.91875	0.915625	0.9125	0.909375	0.90625	0.903125	0.9	0.896875	0.89375	0.890625	0.8875	0.884375	0.88125	0.878125	0.875	0.871875	0.86875	0.865625	0.8625	0.859375	0.85625	0.853125	0.85	0.846875	0.84375	0.840625	0.8375	0.834375	0.83125	0.828125	0.825	0.821875	0.81875	0.815625	0.8125	0.809375	0.80625	0.803125	0.8	0.796875	0.79375	0.790625	0.7875	0.784375	0.78125	0.778125	0.775	0.771875	0.76875	0.765625	0.7625	0.759375	0.75625	0.753125	0.75	0.746875	0.74375	0.740625	0.7375	0.734375	0.73125	0.728125	0.725	0.721875	0.71875	0.715625	0.7125	0.709375	0.70625	0.703125	0.7	0.696875	0.69375	0.690625	0.6875	0.684375	0.68125	0.678125	0.675	0.671875	0.66875	0.665625	0.6625	0.659375	0.65625	0.653125	0.65	0.646875	0.64375	0.640625	0.6375	0.634375	0.63125	0.628125	0.625	0.621875	0.61875	0.615625	0.6125	0.609375	0.60625	0.603125	0.6	0.596875	0.59375	0.590625	0.5875	0.584375	0.58125	0.578125	0.575	0.571875	0.56875	0.565625	0.5625	0.559375	0.55625	0.553125	0.55	0.546875	0.54375	0.540625	0.5375	0.534375	0.53125	0.528125	0.525	0.521875	0.51875	0.515625	0.5125	0.509375	0.50625	0.503125	0.5	0.496875	0.49375	0.490625	0.4875	0.484375	0.48125	0.478125	0.475	0.471875	0.46875	0.465625	0.4625	0.459375	0.45625	0.453125	0.45	0.446875	0.44375	0.440625	0.4375	0.434375	0.43125	0.428125	0.425	0.421875	0.41875	0.415625	0.4125	0.409375	0.40625	0.403125	0.4	0.396875	0.39375	0.390625	0.3875	0.384375	0.38125	0.378125	0.375	0.371875	0.36875	0.365625	0.3625	0.359375	0.35625	0.353125	0.35	0.346875	0.34375	0.340625	0.3375	0.334375	0.33125	0.328125	0.325	0.321875	0.31875	0.315625	0.3125	0.309375	0.30625	0.303125	0.3	0.296875	0.29375	0.290625	0.2875	0.284375	0.28125	0.278125	0.275	0.271875	0.26875	0.265625	0.2625	0.259375	0.25625	0.253125	0.25	0.246875	0.24375	0.240625	0.2375	0.234375	0.23125	0.228125	0.225	0.221875	0.21875	0.215625	0.2125	0.209375	0.20625	0.203125	0.2	0.196875	0.19375	0.190625	0.1875	0.184375	0.18125	0.178125	0.175	0.171875	0.16875	0.165625	0.1625	0.159375	0.15625	0.153125	0.15	0.146875	0.14375	0.140625	0.1375	0.134375	0.13125	0.128125	0.125	0.121875	0.11875	0.115625	0.1125	0.109375	0.10625	0.103125	0.1	0.096875	0.09375	0.090625	0.0875	0.084375	0.08125	0.078125	0.075	0.071875	0.06875	0.065625	0.0625	0.059375	0.05625	0.053125	0.05	0.046875	0.04375	0.040625	0.0375	0.034375	0.03125	0.028125	0.025	0.021875	0.01875	0.015625	0.0125	0.009375	0.00625	0.003125	0
0	0.0125	0.025	0.0375	0.05	0.0625	0.075	0.0875	0.1	0.1125	0.125	0.1375	0.15	0.1625	0.175	0.1875	0.2	0.2125	0.225	0.2375	0.25	0.2625	0.275	0.2875	0.3	0.3125	0.325	0.3375	0.35	0.3625	0.375	0.3875	0.4	0.4125	0.425	0.4375	0.45	0.4625	0.475	0.4875	0.5	0.5125	0.525	0.5375	0.55	0.5625	0.575	0.5875	0.6	0.6125	0.625	0.6375	0.65	0.6625	0.675	0.6875	0.7	0.7125	0.725	0.7375	0.75	0.7625	0.775	0.7875	0.8	0.8125	0.825	0.8375	0.85	0.8625	0.875	0.8875	0.9	0.9125	0.925	0.9375	0.95	0.9625	0.975	0.9875	0.992188	0.996875	0.99375	0.990625	0.9875	0.984375	0.98125	0.978125	0.975	0.971875	0.96875	0.965625	0.9625	0.959375	0.95625	0.953125	0.95	0.946875	0.94375	0.940625	0.9375	0.934375	0.93125	0.928125	0.925	0.921875	0.91875	0.915625	0.9125	0.909375	0.90625	0.903125	0.9	0.896875	0.89375	0.890625	0.8875	0.884375	0.88125	0.878125	0.875	0.871875	0.86875	0.865625	0.8625	0.859375	0.85625	0.853125	0.85	0.846875	0.84375	0.840625	0.8375	0.834375	0.83125	0.828125	0.825	0.821875	0.81875	0.815625	0.8125	0.809375	0.80625	0.803125	0.8	0.796875	0.79375	0.790625	0.7875	0.784375	0.78125	0.778125	0.775	0.771875	0.76875	0.765625	0.7625	0.759375	0.75625	0.753125	0.75	0.746875	0.74375	0.740625	0.7375	0.734375	0.73125	0.728125	0.725	0.721875	0.71875	0.715625	0.7125	0.709375	0.70625	0.703125	0.7	0.696875	0.69375	0.690625	0.6875	0.684375	0.68125	0.678125	0.675	0.671875	0.66875	0.665625	0.6625	0.659375	0.65625	0.653125	0.65	0.646875	0.64375	0.640625	0.6375	0.634375	0.63125	0.628125	0.625	0.621875	0.61875	0.615625	0.6125	0.609375	0.60625	0.603125	0.6	0.596875	0.59375	0.590625	0.5875	0.584375	0.58125	0.578125	0.575	0.571875	0.56875	0.565625	0.5625	0.559375	0.55625	0.553125	0.55	0.546875	0.54375	0.540625	0.5375	0.534375	0.53125	0.528125	0.525	0.521875	0.51875	0.515625	0.5125	0.509375	0.50625	0.503125	0.5	0.496875	0.49375	0.490625	0.4875	0.484375	0.48125	0.478125	0.475	0.471875	0.46875	0.465625	0.4625	0.459375	0.45625	0.453125	0.45	0.446875	0.44375	0.440625	0.4375	0.434375	0.43125	0.428125	0.425	0.421875	0.41875	0.415625	0.4125	0.409375	0.40625	0.403125	0.4	0.396875	0.39375	0.390625	0.3875	0.384375	0.38125	0.378125	0.375	0.371875	0.36875	0.365625	0.3625	0.359375	0.35625	0.353125	0.35	0.346875	0.34375	0.340625	0.3375	0.334375	0.33125	0.328125	0.325	0.321875	0.31875	0.315625	0.3125	0.309375	0.30625	0.303125	0.3	0.296875	0.29375	0.290625	0.2875	0.284375	0.28125	0.278125	0.275	0.271875	0.26875	0.265625	0.2625	0.259375	0.25625	0.253125	0.25	0.246875	0.24375	0.240625	0.2375	0.234375	0.23125	0.228125	0.225	0.221875	0.21875	0.215625	0.2125	0.209375	0.20625	0.203125	0.2	0.196875	0.19375	0.190625	0.1875	0.184375	0.18125	0.178125	0.175	0.171875	0.16875	0.165625	0.1625	0.159375	0.15625	0.153125	0.15	0.146875	0.14375	0.140625	0.1375	0.134375	0.13125	0.128125	0.125	0.121875	0.11875	0.115625	0.1125	0.109375	0.10625	0.103125	0.1	0.096875	0.09375	0.090625	0.0875	0.084375	0.08125	0.078125	0.075	0.071875	0.06875	0.065625	0.0625	0.059375	0.05625	0.053125	0.05	0.046875	0.04375	0.040625	0.0375	0.034375	0.03125	0.028125	0.025	0.021875	0.01875	0.015625	0.0125	0.009375	0.00625	0.003125	0
0	0.0125	0.025	0.0375	0.05	0.0625	0.075	0.0875	0.1	0.1125	0.125	0.1375	0.15	0.1625	0.175	0.1875	0.2	0.2125	0.225	0.2375	0.25	0.2625	0.275	0.2875	0.3	0.3125	0.325	0.3375	0.35	0.3625	0.375	0.3875	0.4	0.4125	0.425	0.4375	0.45	0.4625	0.475	0.4875	0.5	0.5125	0.525	0.5375	0.55	0.5625	0.575	0.5875	0.6	0.6125	0.625	0.6375	0.65	0.6625	0.675	0.6875	0.7	0.7125	0.725	0.7375	0.742188	0.746875	0.751563	0.75625	0.760938	0.765625	0.770313	0.775	0.779688	0.784375	0.789063	0.79375	0.798438	0.803125	0.807813	0.8125	0.817188	0.821875	0.826563	0.83125	0.835938	0.840625	0.845313	0.85	0.854688	0.859375	0.864063	0.86875	0.873438	0.878125	0.882813	0.8875	0.892188	0.896875	0.901563	0.90625	0.910938	0.915625	0.920313	0.925	0.929688	0.934375	0.93125	0.928125	0.925	0.921875	0.91875	0.915625	0.9125	0.909375	0.90625	0.903125	0.9	0.896875	0.89375	0.890625	0.8875	0.884375	0.88125	0.878125	0.875	0.871875	0.86875	0.865625	0.8625	0.859375	0.85625	0.853125	0.85	0.846875	0.84375	0.840625	0.8375	0.834375	0.83125	0.828125	0.825	0.821875	0.81875	0.815625	0.8125	0.809375	0.80625	0.803125	0.8	0.796875	0.79375	0.790625	0.7875	0.784375	0.78125	0.778125	0.775	0.771875	0.76875	0.765625	0.7625	0.759375	0.75625	0.753125	0.75	0.746875	0.74375	0.740625	0.7375	0.734375	0.73125	0.728125	0.725	0.721875	0.71875	0.715625	0.7125	0.709375	0.70625	0.703125	0.7	0.696875	0.69375	0.690625	0.6875	0.684375	0.68125	0.678125	0.675	0.671875	0.66875	0.665625	0.6625	0.659375	0.65625	0.653125	0.65	0.646875	0.64375	0.640625	0.6375	0.634375	0.63125	0.628125	0.625	0.621875	0.61875	0.615625	0.6125	0.609375	0.60625	0.603125	0.6	0.596875	0.59375	0.590625	0.5875	0.584375	0.58125	0.578125	0.575	0.571875	0.56875	0.565625	0.5625	0.559375	0.55625	0.553125	0.55	0.546875	0.54375	0.540625	0.5375	0.534375	0.53125	0.528125	0.525	0.521875	0.51875	0.515625	0.5125	0.509375	0.50625	0.503125	0.5	0.496875	0.49375	0.490625	0.4875	0.484375	0.48125	0.478125	0.475	0.471875	0.46875	0.465625	0.4625	0.459375	0.45625	0.453125	0.45	0.446875	0.44375	0.440625	0.4375	0.434375	0.43125	0.428125	0.425	0.421875	0.41875	0.415625	0.4125	0.409375	0.40625	0.403125	0.4	0.396875	0.39375	0.390625	0.3875	0.384375	0.38125	0.378125	0.375	0.371875	0.36875	0.365625	0.3625	0.359375	0.35625	0.353125	0.35	0.346875	0.34375	0.340625	0.3375	0.334375	0.33125	0.328125	0.325	0.321875	0.31875	0.315625	0.3125	0.309375	0.30625	0.303125	0.3	0.296875	0.29375	0.290625	0.2875	0.284375	0.28125	0.278125	0.275	0.271875	0.26875	0.265625	0.2625	0.259375	0.25625	0.253125	0.25	0.246875	0.24375	0.240625	0.2375	0.234375	0.23125	0.228125	0.225	0.221875	0.21875	0.215625	0.2125	0.209375	0.20625	0.203125	0.2	0.196875	0.19375	0.190625	0.1875	0.184375	0.18125	0.178125	0.175	0.171875	0.16875	0.165625	0.1625	0.159375	0.15625	0.153125	0.15	0.146875	0.14375	0.140625	0.1375	0.134375	0.13125	0.128125	0.125	0.121875	0.11875	0.115625	0.1125	0.109375	0.10625	0.103125	0.1	0.096875	0.09375	0.090625	0.0875	0.084375	0.08125	0.078125	0.075	0.071875	0.06875	0.065625	0.0625	0.059375	0.05625	0.053125	0.05	0.046875	0.04375	0.040625	0.0375	0.034375	0.03125	0.028125	0.025	0.021875	0.01875	0.015625	0.0125	0.009375	0.00625	0.003125	0
0	0.0125	0.025	0.0375	0.05	0.0625	0.075	0.0875	0.1	0.1125	0.125	0.1375	0.15	0.1625	0.175	0.1875	0.2	0.2125	0.225	0.2375	0.25	0.2625	0.275	0.2875	0.3	0.3125	0.325	0.3375	0.35	0.3625	0.375	0.3875	0.4	0.4125	0.425	0.4375	0.45	0.4625	0.475	0.4875	0.492188	0.496875	0.501563	0.50625	0.510938	0.515625	0.520313	0.525	0.529688	0.534375	0.539063	0.54375	0.548438	0.553125	0.557813	0.5625	0.567188	0.571875	0.576563	0.58125	0.585938	0.590625	0.595313	0.6	0.604688	0.609375	0.614063	0.61875	0.623438	0.628125	0.632813	0.6375	0.642188	0.646875	0.651563	0.65625	0.660938	0.665625	0.670313	0.675	0.679688	0.684375	0.689063	0.69375	0.698438	0.703125	0.707813	0.7125	0.717188	0.721875	0.726563	0.73125	0.735938	0.740625	0.745313	0.75	0.754688	0.759375	0.764063	0.76875	0.773438	0.778125	0.782813	0.7875	0.792188	0.796875	0.801563	0.80625	0.810938	0.815625	0.820313	0.825	0.829688	0.834375	0.839063	0.84375	0.848438	0.853125	0.857813	0.8625	0.867188	0.871875	0.86875	0.865625	0.8625	0.859375	0.85625	0.853125	0.85	0.846875	0.84375	0.840625	0.8375	0.834375	0.83125	0.828125	0.825	0.821875	0.81875	0.815625	0.8125	0.809375	0.80625	0.803125	0.8	0.796875	0.79375	0.790625	0.7875	0.784375	0.78125	0.778125	0.775	0.771875	0.76875	0.765625	0.7625	0.759375	0.75625	0.753125	0.75	0.746875	0.74375	0.740625	0.7375	0.734375	0.73125	0.728125	0.725	0.721875	0.71875	0.715625	0.7125	0.709375	0.70625	0.703125	0.7	0.696875	0.69375	0.690625	0.6875	0.684375	0.68125	0.678125	0.675	0.671875	0.66875	0.665625	0.6625	0.659375	0.65625	0.653125	0.65	0.646875	0.64375	0.640625	0.6375	0.634375	0.63125	0.628125	0.625	0.621875	0.61875	0.615625	0.6125	0.609375	0.60625	0.603125	0.6	0.596875	0.59375	0.590625	0.5875	0.584375	0.58125	0.578125	0.575	0.571875	0.56875	0.565625	0.5625	0.559375	0.55625	0.553125	0.55	0.546875	0.54375	0.540625	0.5375	0.534375	0.53125	0.528125	0.525	0.521875	0.51875	0.515625	0.5125	0.509375	0.50625	0.503125	0.5	0.496875	0.49375	0.490625	0.4875	0.484375	0.48125	0.478125	0.475	0.471875	0.46875	0.465625	0.4625	0.459375	0.45625	0.453125	0.45	0.446875	0.44375	0.440625	0.4375	0.434375	0.43125	0.428125	0.425	0.421875	0.41875	0.415625	0.4125	0.409375	0.40625	0.403125	0.4	0.396875	0.39375	0.390625	0.3875	0.384375	0.38125	0.378125	0.375	0.371875	0.36875	0.365625	0.3625	0.359375	0.35625	0.353125	0.35	0.346875	0.34375	0.340625	0.3375	0.334375	0.33125	0.328125	0.325	0.321875	0.31875	0.315625	0.3125	0.309375	0.30625	0.303125	0.3	0.296875	0.29375	0.290625	0.2875	0.284375	0.28125	0.278125	0.275	0.271875	0.26875	0.265625	0.2625	0.259375	0.25625	0.253125	0.25	0.246875	0.24375	0.240625	0.2375	0.234375	0.23125	0.228125	0.225	0.221875	0.21875	0.215625	0.2125	0.209375	0.20625	0.203125	0.2	0.196875	0.19375	0.190625	0.1875	0.184375	0.18125	0.178125	0.175	0.171875	0.16875	0.165625	0.1625	0.159375	0.15625	0.153125	0.15	0.146875	0.14375	0.140625	0.1375	0.134375	0.13125	0.128125	0.125	0.121875	0.11875	0.115625	0.1125	0.109375	0.10625	0.103125	0.1	0.096875	0.09375	0.090625	0.0875	0.084375	0.08125	0.078125	0.075	0.071875	0.06875	0.065625	0.0625	0.059375	0.05625	0.053125	0.05	0.046875	0.04375	0.040625	0.0375	0.034375	0.03125	0.028125	0.025	0.021875	0.01875	0.015625	0.0125	0.009375	0.00625	0.003125	0
0	0.0125	0.025	0.0375	0.05	0.0625	0.075	0.0875	0.1	0.1125	0.125	0.1375	0.15	0.1625	0.175	0.1875	0.2	0.2125	0.225	0.2375	0.242188	0.246875	0.251563	0.25625	0.260938	0.265625	0.270313	0.275	0.279688	0.284375	0.289063	0.29375	0.298438	0.303125	0.307813	0.3125	0.317188	0.321875	0.326563	0.33125	0.335938	0.340625	0.345313	0.35	0.354688	0.359375	0.364063	0.36875	0.373438	0.378125	0.382813	0.3875	0.392188	0.396875	0.401563	0.40625	0.410938	0.415625	0.420313	0.425	0.429688	0.434375	0.439063	0.44375	0.448438	0.453125	0.457813	0.4625	0.467188	0.471875	0.476563	0.48125	0.485938	0.490625	0.495313	0.5	0.504688	0.509375	0.514063	0.51875	0.523438	0.528125	0.532813	0.5375	0.542188	0.546875	0.551563	0.55625	0.560938	0.565625	0.570313	0.575	0.579688	0.584375	0.589063	0.59375	0.598438	0.603125	0.607813	0.6125	0.617188	0.621875	0.626563	0.63125	0.635938	0.640625	0.645313	0.65	0.654688	0.659375	0.664063	0.66875	0.673438	0.678125	0.682813	0.6875	0.692188	0.696875	0.701563	0.70625	0.710938	0.715625	0.720313	0.725	0.729688	0.734375	0.739063	0.74375	0.748438	0.753125	0.757813	0.7625	0.767188	0.771875	0.776563	0.78125	0.785938	0.790625	0.795313	0.8	0.804688	0.809375	0.80625	0.803125	0.8	0.796875	0.79375	0.790625	0.7875	0.784375	0.78125	0.778125	0.775	0.771875	0.76875	0.765625	0.7625	0.759375	0.75625	0.753125	0.75	0.746875	0.74375	0.740625	0.7375	0.734375	0.73125	0.728125	0.725	0.721875	0.71875	0.715625	0.7125	0.709375	0.70625	0.703125	0.7	0.696875	0.69375	0.690625	0.6875	0.684375	0.68125	0.678125	0.675	0.671875	0.66875	0.665625	0.6625	0.659375	0.65625	0.653125	0.65	0.646875	0.64375	0.640625	0.6375	0.634375	0.63125	0.628125	0.625	0.621875	0.61875	0.615625	0.6125	0.609375	0.60625	0.603125	0.6	0.596875	0.59375	0.590625	0.5875	0.584375	0.58125	0.578125	0.575	0.571875	0.56875	0.565625	0.5625	0.559375	0.55625	0.553125	0.55	0.546875	0.54375	0.540625	0.5375	0.534375	0.53125	0.528125	0.525	0.521875	0.51875	0.515625	0.5125	0.509375	0.50625	0.503125	0.5	0.496875	0.49375	0.490625	0.4875	0.484375	0.48125	0.478125	0.475	0.471875	0.46875	0.465625	0.4625	0.459375	0.45625	0.453125	0.45	0.446875	0.44375	0.440625	0.4375	0.434375	0.43125	0.428125	0.425	0.421875	0.41875	0.415625	0.4125	0.409375	0.40625	0.403125	0.4	0.396875	0.39375	0.390625	0.3875	0.384375	0.38125	0.378125	0.375	0.371875	0.36875	0.365625	0.3625	0.359375	0.35625	0.353125	0.35	0.346875	0.34375	0.340625	0.3375	0.334375	0.33125	0.328125	0.325	0.321875	0.31875	0.315625	0.3125	0.309375	0.30625	0.303125	0.3	0.296875	0.29375	0.290625	0.2875	0.284375	0.28125	0.278125	0.275	0.271875	0.26875	0.265625	0.2625	0.259375	0.25625	0.253125	0.25	0.246875	0.24375	0.240625	0.2375	0.234375	0.23125	0.228125	0.225	0.221875	0.21875	0.215625	0.2125	0.209375	0.20625	0.203125	0.2	0.196875	0.19375	0.190625	0.1875	0.184375	0.18125	0.178125	0.175	0.171875	0.16875	0.165625	0.1625	0.159375	0.15625	0.153125	0.15	0.146875	0.14375	0.140625	0.1375	0.134375	0.13125	0.128125	0.125	0.121875	0.11875	0.115625	0.1125	0.109375	0.10625	0.103125	0.1	0.096875	0.09375	0.090625	0.0875	0.084375	0.08125	0.078125	0.075	0.071875	0.06875	0.065625	0.0625	0.059375	0.05625	0.053125	0.05	0.046875	0.04375	0.040625	0.0375	0.034375	0.03125	0.028125	0.025	0.021875	0.01875	0.015625	0.0125	0.009375	0.00625	0.003125	0
0	-0.003125	0.0015625	0.00625	0.0109375	0.015625	0.0203125	0.025	0.0296875	0.034375	0.0390625	0.04375	0.0484375	0.053125	0.0578125	0.0625	0.0671875	0.071875	0.0765625	0.08125	0.0859375	0.090625	0.0953125	0.1	0.104688	0.109375	0.114063	0.11875	0.123438	0.128125	0.132813	0.1375	0.142188	0.146875	0.151563	0.15625	0.160938	0.165625	0.170313	0.175	0.179688	0.184375	0.189063	0.19375	0.198438	0.203125	0.207813	0.2125	0.217188	0.221875	0.226563	0.23125	0.235938	0.240625	0.245313	0.25	0.254688	0.259375	0.264063	0.26875	0.273438	0.278125	0.282813	0.2875	0.292188	0.296875	0.301563	0.30625	0.310938	0.315625	0.320313	0.325	0.329688	0.334375	0.339063	0.34375	0.348438	0.353125	0.357813	0.3625	0.367188	0.371875	0.376563	0.38125	0.385938	0.390625	0.395313	0.4	0.404688	0.409375	0.414063	0.41875	0.423438	0.428125	0.432813	0.4375	0.442188	0.446875	0.451563	0.45625	0.460938	0.465625	0.470313	0.475	0.479688	0.484375	0.489063	0.49375	0.498438	0.503125	0.507813	0.5125	0.517188	0.521875	0.526563	0.53125	0.535938	0.540625	0.545313	0.55	0.554688	0.559375	0.564063	0.56875	0.573438	0.578125	0.582813	0.5875	0.592188	0.596875	0.601563	0.60625	0.610938	0.615625	0.620313	0.625	0.629688	0.634375	0.639063	0.64375	0.648438	0.653125	0.657813	0.6625	0.667188	0.671875	0.676563	0.68125	0.685938	0.690625	0.695313	0.7	0.704688	0.709375	0.714063	0.71875	0.723438	0.728125	0.732813	0.7375	0.742188	0.746875	0.74375	0.740625	0.7375	0.734375	0.73125	0.728125	0.725	0.721875	0.71875	0.715625	0.7125	0.709375	0.70625	0.703125	0.7	0.696875	0.69375	0.690625	0.6875	0.684375	0.68125	0.678125	0.675	0.671875	0.66875	0.665625	0.6625	0.659375	0.65625	0.653125	0.65	0.646875	0.64375	0.640625	0.6375	0.634375	0.63125	0.628125	0.625	0.621875	0.61875	0.615625	0.6125	0.609375	0.60625	0.603125	0.6	0.596875	0.59375	0.590625	0.5875	0.584375	0.58125	0.578125	0.575	0.571875	0.56875	0.565625	0.5625	0.559375	0.55625	0.553125	0.55	0.546875	0.54375	0.540625	0.5375	0.534375	0.53125	0.528125	0.525	0.521875	0.51875	0.515625	0.5125	0.509375	0.50625	0.503125	0.5	0.496875	0.49375	0.490625	0.4875	0.484375	0.48125	0.478125	0.475	0.471875	0.46875	0.465625	0.4625	0.459375	0.45625	0.453125	0.45	0.446875	0.44375	0.440625	0.4375	0.434375	0.43125	0.428125	0.425	0.421875	0.41875	0.415625	0.4125	0.409375	0.40625	0.403125	0.4	0.396875	0.39375	0.390625	0.3875	0.384375	0.38125	0.378125	0.375	0.371875	0.36875	0.365625	0.3625	0.359375	0.35625	0.353125	0.35	0.346875	0.34375	0.340625	0.3375	0.334375	0.33125	0.328125	0.325	0.321875	0.31875	0.315625	0.3125	0.309375	0.30625	0.303125	0.3	0.296875	0.29375	0.290625	0.2875	0.284375	0.28125	0.278125	0.275	0.271875	0.26875	0.265625	0.2625	0.259375	0.25625	0.253125	0.25	0.246875	0.24375	0.240625	0.2375	0.234375	0.23125	0.228125	0.225	0.221875	0.21875	0.215625	0.2125	0.209375	0.20625	0.203125	0.2	0.196875	0.19375	0.190625	0.1875	0.184375	0.18125	0.178125	0.175	0.171875	0.16875	0.165625	0.1625	0.159375	0.15625	0.153125	0.15	0.146875	0.14375	0.140625	0.1375	0.134375	0.13125	0.128125	0.125	0.121875	0.11875	0.115625	0.1125	0.109375	0.10625	0.103125	0.1	0.096875	0.09375	0.090625	0.0875	0.084375	0.08125	0.078125	0.075	0.071875	0.06875	0.065625	0.0625	0.059375	0.05625	0.053125	0.05	0.046875	0.04375	0.040625	0.0375	0.034375	0.03125	0.028125	0.025	0.021875	0.01875	0.015625	0.0125	0.009375	0.00625	0.003125	0
0	-0.003125	-0.00625	-0.009375	-0.0125	-0.015625	-0.01875	-0.021875	-0.025	-0.028125	-0.03125	-0.034375	-0.0375	-0.040625	-0.04375	-0.046875	-0.05	-0.053125	-0.05625	-0.059375	-0.0625	-0.065625	-0.0609375	-0.05625	-0.0515625	-0.046875	-0.0421875	-0.0375	-0.0328125	-0.028125	-0.0234375	-0.01875	-0.0140625	-0.009375	-0.0046875	-1.11022e-16	0.0046875	0.009375	0.0140625	0.01875	0.0234375	0.028125	0.0328125	0.0375	0.0421875	0.046875	0.0515625	0.05625	0.0609375	0.065625	0.0703125	0.075	0.0796875	0.084375	0.0890625	0.09375	0.0984375	0.103125	0.107813	0.1125	0.117188	0.121875	0.126563	0.13125	0.135938	0.140625	0.145313	0.15	0.154688	0.159375	0.164063	0.16875	0.173438	0.178125	0.182813	0.1875	0.192188	0.196875	0.201563	0.20625	0.210938	0.215625	0.220313	0.225	0.229688	0.234375	0.239063	0.24375	0.248438	0.253125	0.257813	0.2625	0.267188	0.271875	0.276563	0.28125	0.285938	0.290625	0.295313	0.3	0.304688	0.309375	0.314063	0.31875	0.323438	0.328125	0.332813	0.3375	0.342188	0.346875	0.351563	0.35625	0.360938	0.365625	0.370313	0.375	0.379688	0.384375	0.389063	0.39375	0.398438	0.403125	0.407813	0.4125	0.417188	0.421875	0.426563	0.43125	0.435938	0.440625	0.445313	0.45	0.454688	0.459375	0.464063	0.46875	0.473438	0.478125	0.482813	0.4875	0.492188	0.496875	0.501563	0.50625	0.510938	0.515625	0.520313	0.525	0.529688	0.534375	0.539063	0.54375	0.548438	0.553125	0.557813	0.5625	0.567188	0.571875	0.576563	0.58125	0.585938	0.590625	0.595313	0.6	0.604688	0.609375	0.614063	0.61875	0.623438	0.628125	0.632813	0.6375	0.642188	0.646875	0.651563	0.65625	0.660938	0.665625	0.670313	0.675	0.679688	0.684375	0.68125	0.678125	0.675	0.671875	0.66875	0.665625	0.6625	0.659375	0.65625	0.653125	0.65	0.646875	0.64375	0.640625	0.6375	0.634375	0.63125	0.628125	0.625	0.621875	0.61875	0.615625	0.6125	0.609375	0.60625	0.603125	0.6	0.596875	0.59375	0.590625	0.5875	0.584375	0.58125	0.578125	0.575	0.571875	0.56875	0.565625	0.5625	0.559375	0.55625	0.553125	0.55	0.546875	0.54375	0.540625	0.5375	0.534375	0.53125	0.528125	0.525	0.521875	0.51875	0.515625	0.5125	0.509375	0.50625	0.503125	0.5	0.496875	0.49375	0.490625	0.4875	0.484375	0.48125	0.478125	0.475	0.471875	0.46875	0.465625	0.4625	0.459375	0.45625	0.453125	0.45	0.446875	0.44375	0.440625	0.4375	0.434375	0.43125	0.428125	0.425	0.421875	0.41875	0.415625	0.4125	0.409375	0.40625	0.403125	0.4	0.396875	0.39375	0.390625	0.3875	0.384375	0.38125	0.378125	0.375	0.371875	0.36875	0.365625	0.3625	0.359375	0.35625	0.353125	0.35	0.346875	0.34375	0.340625	0.3375	0.334375	0.33125	0.328125	0.325	0.321875	0.31875	0.315625	0.3125	0.309375	0.30625	0.303125	0.3	0.296875	0.29375	0.290625	0.2875	0.284375	0.28125	0.278125	0.275	0.271875	0.26875	0.265625	0.2625	0.259375	0.25625	0.253125	0.25	0.246875	0.24375	0.240625	0.2375	0.234375	0.23125	0.228125	0.225	0.221875	0.21875	0.215625	0.2125	0.209375	0.20625	0.203125	0.2	0.196875	0.19375	0.190625	0.1875	0.184375	0.18125	0.178125	0.175	0.171875	0.16875	0.165625	0.1625	0.159375	0.15625	0.153125	0.15	0.146875	0.14375	0.140625	0.1375	0.134375	0.13125	0.128125	0.125	0.121875	0.11875	0.115625	0.1125	0.109375	0.10625	0.103125	0.1	0.096875	0.09375	0.090625	0.0875	0.084375	0.08125	0.078125	0.075	0.071875	0.06875	0.065625	0.0625	0.059375	0.05625	0.053125	0.05	0.046875	0.04375	0.040625	0.0375	0.034375	0.03125	0.028125	0.025	0.021875	0.01875	0.015625	0.0125	0.009375	0.00625	0.003125	0
0	-0.003125	-0.00625	-0.009375	-0.0125	-0.015625	-0.01875	-0.021875	-0.025	-0.028125	-0.03125	-0.034375	-0.0375	-0.040625	-0.04375	-0.046875	-0.05	-0.053125	-0.05625	-0.059375	-0.0625	-0.065625	-0.06875	-0.071875	-0.075	-0.078125	-0.08125	-0.084375	-0.0875	-0.090625	-0.09375	-0.096875	-0.1	-0.103125	-0.10625	-0.109375	-0.1125	-0.115625	-0.11875	-0.121875	-0.125	-0.128125	-0.123437	-0.11875	-0.114062	-0.109375	-0.104687	-0.1	-0.0953125	-0.090625	-0.0859375	-0.08125	-0.0765625	-0.071875	-0.0671875	-0.0625	-0.0578125	-0.053125	-0.0484375	-0.04375	-0.0390625	-0.034375	-0.0296875	-0.025	-0.0203125	-0.015625	-0.0109375	-0.00625	-0.0015625	0.003125	0.0078125	0.0125	0.0171875	0.021875	0.0265625	0.03125	0.0359375	0.040625	0.0453125	0.05	0.0546875	0.059375	0.0640625	0.06875	0.0734375	0.078125	0.0828125	0.0875	0.0921875	0.096875	0.101563	0.10625	0.110938	0.115625	0.120313	0.125	0.129688	0.134375	0.139063	0.14375	0.148438	0.153125	0.157813	0.1625	0.167188	0.171875	0.176563	0.18125	0.185938	0.190625	0.195313	0.2	0.204688	0.209375	0.214063	0.21875	0.223438	0.228125	0.232813	0.2375	0.242188	0.246875	0.251563	0.25625	0.260938	0.265625	0.270313	0.275	0.279688	0.284375	0.289063	0.29375	0.298438	0.303125	0.307813	0.3125	0.317188	0.321875	0.326563	0.33125	0.335938	0.340625	0.345313	0.35	0.354688	0.359375	0.364063	0.36875	0.373438	0.378125	0.382813	0.3875	0.392188	0.396875	0.401563	0.40625	0.410938	0.415625	0.420313	0.425	0.429688	0.434375	0.439063	0.44375	0.448438	0.453125	0.457813	0.4625	0.467188	0.471875	0.476563	0.48125	0.485938	0.490625	0.495313	0.5	0.504688	0.509375	0.514063	0.51875	0.523438	0.528125	0.532813	0.5375	0.542188	0.546875	0.551563	0.55625	0.560938	0.565625	0.570313	0.575	0.579688	0.584375	0.589063	0.59375	0.598438	0.603125	0.607813	0.6125	0.617188	0.621875	0.61875	0.615625	0.6125	0.609375	0.60625	0.603125	0.6	0.596875	0.59375	0.590625	0.5875	0.584375	0.58125	0.578125	0.575	0.571875	0.56875	0.565625	0.5625	0.559375	0.55625	0.553125	0.55	0.546875	0.54375	0.540625	0.5375	0.534375	0.53125	0.528125	0.525	0.521875	0.51875	0.515625	0.5125	0.509375	0.50625	0.503125	0.5	0.496875	0.49375	0.490625	0.4875	0.484375	0.48125	0.478125	0.475	0.471875	0.46875	0.465625	0.4625	0.459375	0.45625	0.453125	0.45	0.446875	0.44375	0.440625	0.4375	0.434375	0.43125	0.428125	0.425	0.421875	0.41875	0.415625	0.4125	0.409375	0.40625	0.403125	0.4	0.396875	0.39375	0.390625	0.3875	0.384375	0.38125	0.378125	0.375	0.371875	0.36875	0.365625	0.3625	0.359375	0.35625	0.353125	0.35	0.346875	0.34375	0.340625	0.3375	0.334375	0.33125	0.328125	0.325	0.321875	0.31875	0.315625	0.3125	0.309375	0.30625	0.303125	0.3	0.296875	0.29375	0.290625	0.2875	0.284375	0.28125	0.278125	0.275	0.271875	0.26875	0.265625	0.2625	0.259375	0.25625	0.253125	0.25	0.246875	0.24375	0.240625	0.2375	0.234375	0.23125	0.228125	0.225	0.221875	0.21875	0.215625	0.2125	0.209375	0.20625	0.203125	0.2	0.196875	0.19375	0.190625	0.1875	0.184375	0.18125	0.178125	0.175	0.171875	0.16875	0.165625	0.1625	0.159375	0.15625	0.153125	0.15	0.146875	0.14375	0.140625	0.1375	0.134375	0.13125	0.128125	0.125	0.121875	0.11875	0.115625	0.1125	0.109375	0.10625	0.103125	0.1	0.096875	0.09375	0.090625	0.0875	0.084375	0.08125	0.078125	0.075	0.071875	0.06875	0.065625	0.0625	0.059375	0.05625	0.053125	0.05	0.046875	0.04375	0.040625	0.0375	0.034375	0.03125	0.028125	0.025	0.021875	0.01875	0.015625	0.0125	0.009375	0.00625	0.003125	0
