0	0.0298432	0.0596746	0.0894826	0.119256	0.148982	0.178649	0.208246	0.237762	0.267184	0.296502	0.325703	0.354776	0.38371	0.412494	0.441116	0.469565	0.49783	0.5259	0.553764	0.581411	0.608831	0.636013	0.662946	0.689621	0.716026	0.742151	0.767987	0.793524	0.818751	0.843659	0.868239	0.892482	0.916378	0.939917	0.963092	0.985893	1.00831	1.03034	1.05197	1.0732	1.094	1.11439	1.13435	1.15387	1.17295	1.19157	1.20974	1.22744	1.24468	1.26143	1.27771	1.2935	1.30879	1.32359	1.33788	1.35166	1.36493	1.37769	1.38992	1.40163	1.41281	1.42346	1.43357	1.44314	1.45218	1.46067	1.46861	1.47601	1.48286	1.48916	1.4949	1.5001	1.50474	1.50882	1.51235	1.51533	1.51775	1.51962	1.52093	1.52169	1.5219	1.52156	1.52067	1.51924	1.51726	1.51473	1.51167	1.50807	1.50394	1.49927	1.49408	1.48836	1.48213	1.47537	1.46811	1.46033	1.45206	1.44329	1.43402	1.42426	1.41403	1.40331	1.39213	1.38048	1.36837	1.35581	1.34281	1.32936	1.31549	1.30119	1.28647	1.27134	1.25581	1.23988	1.22357	1.20687	1.18981	1.17238	1.1546	1.13647	1.118	1.0992	1.08009	1.06066	1.04093	1.02091	1.00061	0.980027	0.959182	0.938082	0.916736	0.895153	0.873344	0.851318	0.829084	0.806654	0.784036	0.76124	0.738277	0.715156	0.691888	0.668483	0.64495	0.621299	0.597542	0.573687	0.549745	0.525726	0.50164	0.477497	0.453307	0.42908	0.404825	0.380554	0.356275	0.331999	0.307735	0.283493	0.259283	0.235114	0.210996	0.186938	0.162949	0.13904	0.115218	0.0914937	0.0678756	0.0443725	0.0209934	-0.00225308	-0.0253583	-0.0483137	-0.071111	-0.0937419	-0.116198	-0.138472	-0.160556	-0.182441	-0.204121	-0.225587	-0.246833	-0.267851	-0.288634	-0.309176	-0.329469	-0.349508	-0.369285	-0.388795	-0.408031	-0.426987	-0.445659	-0.464039	-0.482123	-0.499906	-0.517382	-0.534547	-0.551395	-0.567923	-0.584126	-0.6	-0.615541	-0.630745	-0.645608	-0.660128	-0.6743	-0.688123	-0.701592	-0.714706	-0.727461	-0.739856	-0.751889	-0.763558	-0.77486	-0.785794	-0.79636	-0.806556	-0.81638	-0.825833	-0.834913	-0.843621	-0.851955	-0.859917	-0.867505	-0.874721	-0.881565	-0.888038	-0.89414	-0.899872	-0.905237	-0.910234	-0.914866	-0.919135	-0.923042	-0.926589	-0.929779	-0.932614	-0.935096	-0.937229	-0.939015	-0.940456	-0.941557	-0.942321	-0.94275	-0.942849	-0.942621	-0.94207	-0.9412	-0.940015	-0.938519	-0.936717	-0.934613	-0.932211	-0.929517	-0.926535	-0.92327	-0.919727	-0.915911	-0.911827	-0.907481	-0.902878	-0.898023	-0.892921	-0.887579	-0.882002	-0.876196	-0.870166	-0.863919	-0.85746	-0.850796	-0.843931	-0.836873	-0.829627	-0.8222	-0.814597	-0.806825	-0.798891	-0.790799	-0.782557	-0.774171	-0.765646	-0.75699	-0.748209	-0.739308	-0.730294	-0.721174	-0.711953	-0.702638	-0.693235	-0.68375	-0.674189	-0.664559	-0.654865	-0.645113	-0.63531	-0.625461	-0.615572	-0.60565	-0.595699	-0.585726	-0.575736	-0.565735	-0.555728	-0.545721	-0.535719	-0.525727	-0.515751	-0.505796	-0.495866	-0.485968	-0.476104	-0.466281	-0.456503	-0.446775	-0.4371	-0.427484	-0.41793	-0.408443	-0.399027	-0.389686	-0.380423	-0.371242	-0.362146	-0.35314	-0.344226	-0.335408	-0.326689	-0.318071	-0.309558	-0.301152	-0.292856	-0.284672	-0.276603	-0.26865	-0.260816	-0.253103	-0.245512	-0.238045	-0.230704	-0.22349	-0.216404	-0.209447	-0.202621	-0.195926	-0.189363	-0.182933	-0.176635	-0.170471	-0.16444	-0.158543	-0.152779	-0.147149	-0.141651	-0.136286	-0.131052	-0.12595	-0.120979	-0.116137	-0.111423	-0.106836	-0.102375	-0.0980386	-0.0938251	-0.0897329	-0.0857602	-0.0819051	-0.0781656	-0.0745398	-0.0710254	-0.0676202	-0.0643217	-0.0611275	-0.0580351	-0.0550417	-0.0521447	-0.0493413	-0.0466285	-0.0440033	-0.0414627	-0.0390036	-0.0366227	-0.0343168	-0.0320825	-0.0299164	-0.0278152	-0.0257751	-0.0237928	-0.0218645	-0.0199867	-0.0181555	-0.0163672	-0.0146182	-0.0129044	-0.0112222	-0.00956757	-0.00793666	-0.00632553	-0.00473026	-0.00314689	-0.00157146	-2.44929e-17
0	0.0273009	0.0545913	0.0818605	0.109098	0.136293	0.163436	0.190515	0.21752	0.244442	0.271268	0.29799	0.324597	0.351078	0.377423	0.403622	0.429666	0.455543	0.481245	0.50676	0.532081	0.557196	0.582096	0.606772	0.631214	0.655413	0.67936	0.703046	0.726462	0.749598	0.772447	0.794999	0.817247	0.839181	0.860795	0.882078	0.903025	0.923627	0.943876	0.963765	0.983287	1.00243	1.0212	1.03958	1.05756	1.07514	1.09232	1.10908	1.12542	1.14134	1.15683	1.17188	1.18649	1.20065	1.21436	1.22762	1.24042	1.25275	1.26462	1.27602	1.28694	1.29738	1.30734	1.31681	1.3258	1.3343	1.34231	1.34982	1.35684	1.36336	1.36938	1.3749	1.37992	1.38443	1.38845	1.39196	1.39497	1.39747	1.39948	1.40098	1.40197	1.40247	1.40247	1.40197	1.40097	1.39948	1.39749	1.39502	1.39205	1.3886	1.38466	1.38025	1.37536	1.36999	1.36415	1.35785	1.35108	1.34385	1.33617	1.32804	1.31946	1.31045	1.30099	1.29111	1.2808	1.27007	1.25893	1.24738	1.23543	1.22308	1.21034	1.19721	1.18371	1.16984	1.15561	1.14101	1.12607	1.11079	1.09517	1.07922	1.06295	1.04637	1.02949	1.01231	0.994836	0.977084	0.959059	0.94077	0.922224	0.903431	0.884398	0.865134	0.845647	0.825947	0.806041	0.78594	0.765651	0.745183	0.724545	0.703746	0.682796	0.661702	0.640475	0.619122	0.597654	0.576078	0.554405	0.532642	0.5108	0.488887	0.466912	0.444884	0.422812	0.400706	0.378573	0.356423	0.334264	0.312106	0.289957	0.267827	0.245722	0.223653	0.201627	0.179653	0.15774	0.135896	0.114128	0.092446	0.070857	0.0493692	0.0279905	0.0067288	-0.0144083	-0.0354132	-0.0562783	-0.0769963	-0.09756	-0.117962	-0.138195	-0.158253	-0.178129	-0.197815	-0.217306	-0.236595	-0.255675	-0.274541	-0.293187	-0.311606	-0.329793	-0.347742	-0.365448	-0.382905	-0.400109	-0.417054	-0.433736	-0.450149	-0.466289	-0.482153	-0.497735	-0.513031	-0.528038	-0.542752	-0.557169	-0.571286	-0.5851	-0.598607	-0.611805	-0.62469	-0.637261	-0.649514	-0.661449	-0.673061	-0.68435	-0.695314	-0.705951	-0.71626	-0.726239	-0.735888	-0.745205	-0.75419	-0.762842	-0.77116	-0.779145	-0.786797	-0.794114	-0.801099	-0.80775	-0.814069	-0.820055	-0.825711	-0.831037	-0.836034	-0.840703	-0.845046	-0.849065	-0.852761	-0.856136	-0.859192	-0.861931	-0.864355	-0.866468	-0.868271	-0.869767	-0.87096	-0.871851	-0.872444	-0.872742	-0.872749	-0.872468	-0.871902	-0.871055	-0.869931	-0.868533	-0.866866	-0.864934	-0.86274	-0.860289	-0.857585	-0.854633	-0.851438	-0.848002	-0.844333	-0.840433	-0.836308	-0.831962	-0.827401	-0.822629	-0.817652	-0.812475	-0.807102	-0.801539	-0.795791	-0.789863	-0.783761	-0.777489	-0.771054	-0.76446	-0.757713	-0.750819	-0.743782	-0.736608	-0.729303	-0.721872	-0.71432	-0.706653	-0.698877	-0.690996	-0.683016	-0.674943	-0.666782	-0.658538	-0.650217	-0.641824	-0.633364	-0.624842	-0.616264	-0.607634	-0.598959	-0.590242	-0.58149	-0.572706	-0.563896	-0.555065	-0.546218	-0.537358	-0.528492	-0.519623	-0.510756	-0.501895	-0.493046	-0.484211	-0.475396	-0.466604	-0.45784	-0.449108	-0.440411	-0.431753	-0.423138	-0.41457	-0.406052	-0.397587	-0.389179	-0.380831	-0.372546	-0.364327	-0.356177	-0.348099	-0.340096	-0.332169	-0.324323	-0.316558	-0.308878	-0.301283	-0.293778	-0.286363	-0.279039	-0.27181	-0.264677	-0.25764	-0.250701	-0.243862	-0.237124	-0.230487	-0.223953	-0.217523	-0.211196	-0.204974	-0.198857	-0.192846	-0.18694	-0.18114	-0.175446	-0.169857	-0.164374	-0.158996	-0.153722	-0.148553	-0.143487	-0.138524	-0.133663	-0.128903	-0.124243	-0.119682	-0.115218	-0.110851	-0.106578	-0.102399	-0.098311	-0.0943132	-0.0904037	-0.0865805	-0.0828418	-0.0791854	-0.0756092	-0.0721112	-0.068689	-0.0653404	-0.0620628	-0.058854	-0.0557113	-0.0526322	-0.0496141	-0.0466542	-0.0437498	-0.0408981	-0.0380963	-0.0353414	-0.0326306	-0.0299608	-0.0273291	-0.0247323	-0.0221675	-0.0196315	-0.0171211	-0.0146333	-0.0121648	-0.00971243	-0.00727299	-0.00484326	-0.00242001	0
0	0.020598	0.0411885	0.0617638	0.0823165	0.102839	0.123324	0.143763	0.16415	0.184476	0.204735	0.224919	0.24502	0.265032	0.284946	0.304756	0.324454	0.344034	0.363488	0.382808	0.401989	0.421023	0.439903	0.458622	0.477174	0.495552	0.513749	0.531758	0.549575	0.56719	0.5846	0.601797	0.618775	0.635529	0.652052	0.668339	0.684383	0.70018	0.715723	0.731008	0.746029	0.76078	0.775257	0.789455	0.803369	0.816994	0.830326	0.84336	0.856092	0.868517	0.880632	0.892432	0.903914	0.915074	0.925909	0.936414	0.946587	0.956425	0.965924	0.975082	0.983896	0.992363	1.00048	1.00825	1.01566	1.02272	1.02942	1.03576	1.04174	1.04736	1.05261	1.0575	1.06202	1.06618	1.06997	1.07339	1.07645	1.07914	1.08145	1.0834	1.08499	1.0862	1.08705	1.08753	1.08764	1.08739	1.08678	1.0858	1.08446	1.08276	1.08071	1.07829	1.07553	1.07241	1.06894	1.06512	1.06096	1.05645	1.05161	1.04642	1.04091	1.03506	1.02888	1.02238	1.01556	1.00842	1.00096	0.993197	0.985126	0.976754	0.968083	0.959118	0.949864	0.940325	0.930505	0.92041	0.910043	0.89941	0.888516	0.877365	0.865962	0.854314	0.842425	0.8303	0.817945	0.805365	0.792566	0.779553	0.766332	0.752909	0.73929	0.725479	0.711484	0.697311	0.682964	0.66845	0.653776	0.638947	0.623969	0.608849	0.593593	0.578207	0.562697	0.547069	0.53133	0.515487	0.499544	0.48351	0.467389	0.451189	0.434915	0.418574	0.402173	0.385717	0.369213	0.352667	0.336085	0.319474	0.30284	0.286189	0.269527	0.252861	0.236196	0.219538	0.202894	0.18627	0.169671	0.153103	0.136573	0.120085	0.103647	0.0872622	0.070938	0.0546793	0.0384918	0.0223809	0.00635197	-0.00958973	-0.0254389	-0.0411905	-0.0568392	-0.0723803	-0.0878086	-0.103119	-0.118308	-0.133369	-0.148299	-0.163093	-0.177746	-0.192254	-0.206613	-0.220819	-0.234868	-0.248755	-0.262477	-0.27603	-0.289411	-0.302615	-0.31564	-0.328482	-0.341137	-0.353603	-0.365877	-0.377956	-0.389836	-0.401515	-0.412991	-0.42426	-0.435322	-0.446172	-0.45681	-0.467232	-0.477438	-0.487424	-0.497191	-0.506735	-0.516055	-0.52515	-0.534018	-0.542659	-0.551072	-0.559254	-0.567206	-0.574927	-0.582415	-0.589671	-0.596694	-0.603484	-0.61004	-0.616363	-0.622452	-0.628307	-0.633929	-0.639318	-0.644474	-0.649398	-0.65409	-0.658552	-0.662783	-0.666785	-0.670558	-0.674104	-0.677424	-0.68052	-0.683391	-0.68604	-0.688469	-0.690679	-0.692671	-0.694447	-0.69601	-0.697361	-0.698501	-0.699434	-0.70016	-0.700683	-0.701005	-0.701127	-0.701053	-0.700785	-0.700324	-0.699674	-0.698838	-0.697818	-0.696616	-0.695236	-0.693681	-0.691952	-0.690054	-0.687988	-0.685759	-0.683369	-0.68082	-0.678118	-0.675263	-0.67226	-0.669111	-0.665821	-0.662391	-0.658826	-0.655128	-0.651301	-0.647349	-0.643274	-0.639079	-0.634769	-0.630346	-0.625814	-0.621176	-0.616435	-0.611596	-0.60666	-0.601631	-0.596514	-0.59131	-0.586024	-0.580658	-0.575216	-0.569701	-0.564116	-0.558464	-0.552749	-0.546974	-0.541142	-0.535256	-0.529319	-0.523334	-0.517303	-0.511231	-0.50512	-0.498972	-0.492791	-0.486579	-0.48034	-0.474075	-0.467788	-0.461481	-0.455157	-0.448817	-0.442466	-0.436105	-0.429736	-0.423362	-0.416984	-0.410607	-0.40423	-0.397857	-0.391489	-0.385129	-0.378778	-0.372439	-0.366112	-0.3598	-0.353505	-0.347227	-0.340969	-0.334732	-0.328518	-0.322327	-0.316161	-0.310021	-0.303909	-0.297826	-0.291772	-0.285748	-0.279756	-0.273796	-0.267869	-0.261976	-0.256117	-0.250293	-0.244504	-0.238752	-0.233035	-0.227356	-0.221713	-0.216107	-0.210539	-0.205007	-0.199514	-0.194057	-0.188638	-0.183256	-0.17791	-0.172602	-0.167329	-0.162093	-0.156892	-0.151727	-0.146595	-0.141498	-0.136435	-0.131404	-0.126405	-0.121437	-0.1165	-0.111593	-0.106715	-0.101864	-0.0970407	-0.0922431	-0.0874706	-0.0827221	-0.0779964	-0.0732925	-0.0686093	-0.0639456	-0.0593001	-0.0546717	-0.0500592	-0.0454614	-0.0408768	-0.0363043	-0.0317426	-0.0271903	-0.0226462	-0.0181088	-0.0135768	-0.00904894	-0.00452379	0
0	0.0109136	0.0218239	0.0327276	0.0436216	0.0545024	0.065367	0.0762119	0.0870339	0.0978299	0.108597	0.119331	0.130029	0.140688	0.151306	0.161878	0.172401	0.182873	0.19329	0.203649	0.213948	0.224182	0.23435	0.244447	0.254472	0.26442	0.274289	0.284077	0.29378	0.303395	0.31292	0.322352	0.331688	0.340925	0.35006	0.359092	0.368017	0.376832	0.385536	0.394125	0.402598	0.410951	0.419183	0.427291	0.435272	0.443125	0.450847	0.458436	0.465889	0.473206	0.480383	0.487419	0.494312	0.501059	0.50766	0.514111	0.520413	0.526562	0.532557	0.538396	0.544078	0.549602	0.554966	0.560169	0.565208	0.570084	0.574794	0.579338	0.583714	0.587922	0.59196	0.595827	0.599523	0.603047	0.606397	0.609574	0.612576	0.615402	0.618053	0.620528	0.622826	0.624947	0.62689	0.628656	0.630244	0.631654	0.632885	0.633938	0.634813	0.63551	0.636029	0.636369	0.636532	0.636518	0.636326	0.635958	0.635414	0.634693	0.633798	0.632728	0.631484	0.630067	0.628477	0.626716	0.624783	0.622681	0.620411	0.617972	0.615366	0.612595	0.609659	0.60656	0.603299	0.599878	0.596296	0.592557	0.588662	0.584611	0.580407	0.576051	0.571545	0.56689	0.562088	0.557141	0.55205	0.546818	0.541446	0.535937	0.530291	0.524512	0.5186	0.512559	0.50639	0.500095	0.493677	0.487137	0.480478	0.473702	0.466811	0.459808	0.452694	0.445473	0.438146	0.430716	0.423186	0.415557	0.407832	0.400014	0.392105	0.384107	0.376024	0.367857	0.35961	0.351284	0.342883	0.334408	0.325864	0.317251	0.308573	0.299832	0.291032	0.282174	0.273261	0.264296	0.255282	0.246222	0.237117	0.227971	0.218786	0.209565	0.200311	0.191026	0.181713	0.172375	0.163014	0.153633	0.144235	0.134821	0.125396	0.115961	0.106519	0.097073	0.087625	0.0781779	0.0687341	0.0592963	0.049867	0.0404487	0.0310439	0.0216551	0.0122847	0.0029353	-0.00639077	-0.0156911	-0.0249632	-0.0342048	-0.0434134	-0.0525869	-0.0617228	-0.0708188	-0.0798728	-0.0888824	-0.0978455	-0.10676	-0.115623	-0.124434	-0.133189	-0.141887	-0.150525	-0.159103	-0.167617	-0.176065	-0.184447	-0.192759	-0.201	-0.209168	-0.217262	-0.225279	-0.233218	-0.241076	-0.248854	-0.256547	-0.264156	-0.271678	-0.279112	-0.286457	-0.29371	-0.300871	-0.307937	-0.314908	-0.321783	-0.328559	-0.335236	-0.341812	-0.348286	-0.354657	-0.360924	-0.367086	-0.373141	-0.379088	-0.384928	-0.390657	-0.396277	-0.401785	-0.407181	-0.412464	-0.417633	-0.422687	-0.427626	-0.43245	-0.437156	-0.441745	-0.446217	-0.45057	-0.454804	-0.458918	-0.462913	-0.466787	-0.47054	-0.474173	-0.477684	-0.481073	-0.48434	-0.487486	-0.490508	-0.493408	-0.496186	-0.49884	-0.501372	-0.503781	-0.506067	-0.50823	-0.51027	-0.512187	-0.513981	-0.515653	-0.517203	-0.51863	-0.519935	-0.521119	-0.52218	-0.523121	-0.523941	-0.52464	-0.525219	-0.525678	-0.526018	-0.526239	-0.526341	-0.526326	-0.526193	-0.525942	-0.525576	-0.525094	-0.524496	-0.523784	-0.522958	-0.522018	-0.520966	-0.519802	-0.518527	-0.517141	-0.515645	-0.51404	-0.512328	-0.510507	-0.50858	-0.506548	-0.50441	-0.502168	-0.499823	-0.497376	-0.494827	-0.492178	-0.489429	-0.486582	-0.483637	-0.480595	-0.477457	-0.474225	-0.470899	-0.46748	-0.463969	-0.460368	-0.456677	-0.452898	-0.44903	-0.445077	-0.441037	-0.436914	-0.432707	-0.428418	-0.424048	-0.419597	-0.415068	-0.410461	-0.405778	-0.401019	-0.396185	-0.391278	-0.3863	-0.38125	-0.37613	-0.370942	-0.365686	-0.360363	-0.354976	-0.349524	-0.34401	-0.338434	-0.332797	-0.327101	-0.321347	-0.315536	-0.309669	-0.303747	-0.297772	-0.291745	-0.285666	-0.279538	-0.273361	-0.267137	-0.260866	-0.25455	-0.24819	-0.241787	-0.235343	-0.228858	-0.222334	-0.215772	-0.209174	-0.202539	-0.195871	-0.189169	-0.182435	-0.17567	-0.168876	-0.162053	-0.155202	-0.148326	-0.141425	-0.1345	-0.127553	-0.120584	-0.113595	-0.106587	-0.0995613	-0.0925191	-0.0854614	-0.0783896	-0.0713047	-0.064208	-0.0571006	-0.0499837	-0.0428586	-0.0357264	-0.0285882	-0.0214453	-0.0142988	-0.00715001	0
0	-6.51609e-05	-0.000128861	-0.000189642	-0.000246045	-0.000296618	-0.000339911	-0.000374481	-0.000398893	-0.000411717	-0.000411535	-0.000396939	-0.000366532	-0.000318928	-0.000252758	-0.000166666	-5.93119e-05	7.06274e-05	0.000224456	0.000403461	0.000608905	0.000842035	0.00110407	0.00139621	0.00171963	0.00207548	0.00246488	0.00288892	0.00334868	0.0038452	0.00437947	0.00495248	0.00556517	0.00621846	0.00691323	0.00765033	0.00843055	0.00925469	0.0101235	0.0110376	0.0119978	0.0130046	0.0140586	0.0151604	0.0163105	0.0175093	0.0187573	0.0200549	0.0214024	0.0228	0.0242481	0.0257469	0.0272965	0.0288971	0.0305486	0.0322513	0.034005	0.0358097	0.0376653	0.0395716	0.0415285	0.0435357	0.0455929	0.0476998	0.049856	0.0520611	0.0543147	0.0566161	0.0589649	0.0613604	0.063802	0.0662889	0.0688205	0.071396	0.0740144	0.076675	0.0793769	0.0821189	0.0849002	0.0877197	0.0905763	0.0934689	0.0963962	0.0993572	0.10235	0.105375	0.108429	0.111511	0.11462	0.117754	0.120913	0.124094	0.127296	0.130517	0.133756	0.137011	0.14028	0.143562	0.146855	0.150156	0.153466	0.15678	0.160099	0.163419	0.166738	0.170056	0.17337	0.176678	0.179978	0.183268	0.186546	0.18981	0.193058	0.196288	0.199498	0.202685	0.205848	0.208985	0.212093	0.215171	0.218216	0.221225	0.224198	0.227132	0.230024	0.232873	0.235677	0.238433	0.241139	0.243793	0.246394	0.248938	0.251425	0.253851	0.256216	0.258516	0.260749	0.262915	0.265011	0.267034	0.268983	0.270857	0.272652	0.274368	0.276002	0.277553	0.279019	0.280398	0.281688	0.282888	0.283996	0.285011	0.285931	0.286753	0.287478	0.288103	0.288627	0.289049	0.289367	0.289579	0.289686	0.289685	0.289575	0.289356	0.289025	0.288583	0.288028	0.287359	0.286576	0.285677	0.284662	0.283531	0.282281	0.280914	0.279428	0.277823	0.276098	0.274254	0.272289	0.270204	0.267998	0.265671	0.263224	0.260656	0.257967	0.255157	0.252227	0.249177	0.246007	0.242717	0.239308	0.23578	0.232134	0.228371	0.224491	0.220495	0.216383	0.212157	0.207818	0.203366	0.198803	0.194129	0.189346	0.184455	0.179457	0.174355	0.169148	0.163839	0.158428	0.152919	0.147312	0.141609	0.135811	0.129922	0.123941	0.117873	0.111717	0.105477	0.0991548	0.092752	0.0862711	0.0797142	0.0730837	0.0663819	0.0596112	0.0527741	0.0458729	0.0389103	0.0318887	0.0248108	0.0176793	0.0104967	0.00326595	-0.00401034	-0.0113293	-0.0186882	-0.0260841	-0.0335141	-0.0409752	-0.0484646	-0.0559793	-0.0635161	-0.0710722	-0.0786443	-0.0862295	-0.0938247	-0.101427	-0.109032	-0.116638	-0.124242	-0.131839	-0.139428	-0.147004	-0.154565	-0.162107	-0.169627	-0.177122	-0.184588	-0.192023	-0.199422	-0.206784	-0.214104	-0.22138	-0.228607	-0.235784	-0.242906	-0.24997	-0.256974	-0.263914	-0.270787	-0.27759	-0.284319	-0.290972	-0.297546	-0.304037	-0.310442	-0.316759	-0.322985	-0.329116	-0.335149	-0.341082	-0.346913	-0.352637	-0.358252	-0.363757	-0.369147	-0.37442	-0.379574	-0.384606	-0.389514	-0.394294	-0.398946	-0.403465	-0.407851	-0.412101	-0.416211	-0.420182	-0.424009	-0.427692	-0.431228	-0.434615	-0.437852	-0.440936	-0.443866	-0.44664	-0.449257	-0.451715	-0.454012	-0.456148	-0.45812	-0.459927	-0.461569	-0.463044	-0.464351	-0.465489	-0.466457	-0.467255	-0.46788	-0.468334	-0.468614	-0.468722	-0.468655	-0.468414	-0.467998	-0.467407	-0.466641	-0.465699	-0.464583	-0.463291	-0.461824	-0.460182	-0.458365	-0.456374	-0.454209	-0.451871	-0.44936	-0.446677	-0.443822	-0.440797	-0.437602	-0.434239	-0.430707	-0.42701	-0.423146	-0.419119	-0.414929	-0.410577	-0.406066	-0.401396	-0.396569	-0.391588	-0.386453	-0.381167	-0.375731	-0.370147	-0.364419	-0.358546	-0.352533	-0.34638	-0.340091	-0.333667	-0.327112	-0.320427	-0.313615	-0.306679	-0.299621	-0.292444	-0.285151	-0.277745	-0.270228	-0.262604	-0.254875	-0.247044	-0.239115	-0.23109	-0.222973	-0.214767	-0.206476	-0.198101	-0.189648	-0.181118	-0.172516	-0.163845	-0.155108	-0.146309	-0.137451	-0.128539	-0.119574	-0.110562	-0.101505	-0.0924076	-0.083273	-0.0741049	-0.0649071	-0.0556832	-0.0464369	-0.0371719	-0.027892	-0.0186009	-0.00930233	0
0	-0.010475	-0.0209443	-0.031402	-0.0418426	-0.0522603	-0.0626493	-0.073004	-0.0833187	-0.0935878	-0.103806	-0.113966	-0.124065	-0.134095	-0.144053	-0.153931	-0.163725	-0.173429	-0.183038	-0.192547	-0.20195	-0.211243	-0.22042	-0.229476	-0.238407	-0.247207	-0.255872	-0.264397	-0.272776	-0.281007	-0.289084	-0.297002	-0.304758	-0.312346	-0.319764	-0.327007	-0.334071	-0.340952	-0.347646	-0.35415	-0.360461	-0.366574	-0.372486	-0.378195	-0.383696	-0.388988	-0.394067	-0.398931	-0.403576	-0.408	-0.412202	-0.416177	-0.419926	-0.423445	-0.426732	-0.429786	-0.432605	-0.435188	-0.437533	-0.439639	-0.441504	-0.443129	-0.444511	-0.445651	-0.446547	-0.4472	-0.447608	-0.447772	-0.447692	-0.447368	-0.446799	-0.445987	-0.444931	-0.443633	-0.442093	-0.440312	-0.438291	-0.436031	-0.433533	-0.4308	-0.427832	-0.424631	-0.421199	-0.417538	-0.41365	-0.409536	-0.4052	-0.400644	-0.395871	-0.390882	-0.385681	-0.38027	-0.374654	-0.368834	-0.362814	-0.356598	-0.350188	-0.343589	-0.336804	-0.329837	-0.322692	-0.315372	-0.307882	-0.300227	-0.292409	-0.284434	-0.276305	-0.268028	-0.259607	-0.251047	-0.242352	-0.233528	-0.224579	-0.215509	-0.206325	-0.197031	-0.187632	-0.178134	-0.168542	-0.158861	-0.149096	-0.139253	-0.129337	-0.119354	-0.109309	-0.0992085	-0.0890571	-0.0788606	-0.0686248	-0.0583553	-0.0480577	-0.0377378	-0.0274012	-0.0170536	-0.00670074	0.00365164	0.0139979	0.0243322	0.034649	0.0449426	0.0552073	0.0654374	0.0756272	0.0857713	0.095864	0.1059	0.115873	0.125778	0.13561	0.145363	0.155032	0.164612	0.174096	0.183481	0.19276	0.20193	0.210984	0.219918	0.228727	0.237406	0.24595	0.254354	0.262615	0.270727	0.278687	0.286489	0.294129	0.301604	0.308909	0.31604	0.322993	0.329765	0.336352	0.342749	0.348955	0.354965	0.360776	0.366385	0.371789	0.376984	0.381969	0.386741	0.391296	0.395633	0.399749	0.403641	0.407309	0.410749	0.41396	0.416941	0.419689	0.422204	0.424483	0.426527	0.428333	0.4299	0.431229	0.432318	0.433167	0.433775	0.434142	0.434268	0.434153	0.433798	0.433201	0.432365	0.431289	0.429974	0.428421	0.42663	0.424604	0.422342	0.419847	0.41712	0.414162	0.410975	0.407561	0.403922	0.400061	0.395978	0.391677	0.38716	0.38243	0.377489	0.37234	0.366987	0.361431	0.355677	0.349727	0.343585	0.337255	0.33074	0.324043	0.317169	0.310121	0.302903	0.29552	0.287975	0.280273	0.272418	0.264415	0.256267	0.247981	0.23956	0.231008	0.222332	0.213535	0.204623	0.195601	0.186473	0.177246	0.167923	0.15851	0.149014	0.139437	0.129788	0.120069	0.110288	0.10045	0.0905592	0.0806222	0.0706445	0.0606315	0.0505888	0.0405221	0.030437	0.0203392	0.0102342	0.000127701	-0.00997459	-0.0200671	-0.0301441	-0.0402	-0.0502292	-0.0602262	-0.0701852	-0.0801008	-0.0899675	-0.0997796	-0.109532	-0.119219	-0.128835	-0.138375	-0.147833	-0.157205	-0.166484	-0.175667	-0.184747	-0.19372	-0.202581	-0.211325	-0.219946	-0.22844	-0.236803	-0.24503	-0.253116	-0.261056	-0.268847	-0.276483	-0.283962	-0.291277	-0.298427	-0.305405	-0.31221	-0.318836	-0.32528	-0.331539	-0.337609	-0.343487	-0.349169	-0.354653	-0.359935	-0.365012	-0.369882	-0.374542	-0.37899	-0.383222	-0.387237	-0.391032	-0.394605	-0.397955	-0.401079	-0.403976	-0.406644	-0.409082	-0.411288	-0.413262	-0.415001	-0.416506	-0.417775	-0.418808	-0.419604	-0.420163	-0.420485	-0.420568	-0.420414	-0.420023	-0.419394	-0.418529	-0.417427	-0.416089	-0.414517	-0.41271	-0.410671	-0.4084	-0.405898	-0.403168	-0.400209	-0.397026	-0.393618	-0.389988	-0.386138	-0.382071	-0.377788	-0.373292	-0.368586	-0.363672	-0.358553	-0.353232	-0.347712	-0.341996	-0.336087	-0.329989	-0.323705	-0.317238	-0.310593	-0.303773	-0.296782	-0.289624	-0.282302	-0.274822	-0.267186	-0.259401	-0.251469	-0.243396	-0.235185	-0.226843	-0.218372	-0.209779	-0.201067	-0.192242	-0.18331	-0.174273	-0.165139	-0.155912	-0.146597	-0.1372	-0.127725	-0.118178	-0.108565	-0.0988912	-0.0891614	-0.0793814	-0.0695568	-0.0596929	-0.0497955	-0.0398701	-0.0299222	-0.0199575	-0.00998156	0
0	-0.0186311	-0.0372533	-0.0558581	-0.0744365	-0.0929799	-0.11148	-0.129927	-0.148313	-0.166629	-0.184866	-0.203017	-0.221072	-0.239024	-0.256862	-0.27458	-0.292169	-0.309621	-0.326927	-0.344079	-0.36107	-0.377891	-0.394534	-0.410993	-0.427259	-0.443324	-0.459181	-0.474823	-0.490243	-0.505433	-0.520387	-0.535096	-0.549556	-0.563759	-0.577698	-0.591367	-0.60476	-0.617871	-0.630694	-0.643223	-0.655452	-0.667376	-0.67899	-0.690288	-0.701265	-0.711916	-0.722238	-0.732224	-0.741871	-0.751174	-0.760131	-0.768735	-0.776985	-0.784876	-0.792406	-0.79957	-0.806367	-0.812792	-0.818845	-0.824522	-0.829821	-0.83474	-0.839278	-0.843432	-0.847202	-0.850586	-0.853582	-0.856191	-0.858411	-0.860242	-0.861684	-0.862737	-0.8634	-0.863675	-0.863561	-0.863059	-0.86217	-0.860896	-0.859237	-0.857196	-0.854773	-0.85197	-0.84879	-0.845235	-0.841306	-0.837008	-0.832342	-0.827311	-0.821919	-0.816169	-0.810064	-0.803608	-0.796805	-0.789659	-0.782174	-0.774353	-0.766203	-0.757727	-0.74893	-0.739817	-0.730393	-0.720664	-0.710635	-0.700311	-0.689697	-0.678801	-0.667628	-0.656183	-0.644473	-0.632505	-0.620284	-0.607818	-0.595113	-0.582176	-0.569013	-0.555631	-0.542039	-0.528242	-0.514249	-0.500066	-0.4857	-0.47116	-0.456453	-0.441587	-0.426569	-0.411407	-0.396109	-0.380683	-0.365136	-0.349477	-0.333714	-0.317855	-0.301907	-0.28588	-0.26978	-0.253617	-0.237398	-0.221131	-0.204826	-0.188489	-0.172129	-0.155755	-0.139374	-0.122995	-0.106625	-0.0902729	-0.0739468	-0.0576546	-0.0414043	-0.0252038	-0.00906103	0.00701611	0.0230198	0.0389424	0.0547761	0.0705133	0.0861465	0.101668	0.117071	0.132348	0.147491	0.162493	0.177348	0.192049	0.206587	0.220958	0.235154	0.249168	0.262995	0.276627	0.290059	0.303285	0.316298	0.329094	0.341665	0.354007	0.366115	0.377982	0.389604	0.400976	0.412094	0.422951	0.433544	0.443869	0.453921	0.463696	0.473191	0.482401	0.491323	0.499953	0.508289	0.516327	0.524064	0.531498	0.538626	0.545445	0.551954	0.55815	0.564031	0.569596	0.574844	0.579772	0.58438	0.588667	0.592632	0.596273	0.599592	0.602588	0.605259	0.607608	0.609633	0.611335	0.612715	0.613773	0.614512	0.61493	0.615031	0.614815	0.614285	0.613441	0.612286	0.610821	0.609051	0.606975	0.604599	0.601923	0.598951	0.595687	0.592133	0.588293	0.58417	0.579768	0.575091	0.570143	0.564928	0.559451	0.553715	0.547725	0.541485	0.535002	0.528279	0.521321	0.514134	0.506722	0.499092	0.491248	0.483197	0.474943	0.466493	0.457853	0.449027	0.440023	0.430847	0.421504	0.412001	0.402345	0.39254	0.382595	0.372516	0.362309	0.35198	0.341537	0.330986	0.320334	0.309587	0.298753	0.287839	0.27685	0.265795	0.254679	0.243511	0.232296	0.221042	0.209756	0.198444	0.187114	0.175773	0.164426	0.153082	0.141747	0.130427	0.11913	0.107863	0.0966317	0.085443	0.0743036	0.0632202	0.0521991	0.0412469	0.0303699	0.0195744	0.00886679	-0.00174688	-0.0122605	-0.0226679	-0.0329634	-0.0431409	-0.0531949	-0.0631194	-0.0729091	-0.0825585	-0.0920621	-0.101415	-0.110611	-0.119646	-0.128516	-0.137214	-0.145736	-0.154079	-0.162237	-0.170205	-0.177981	-0.185559	-0.192937	-0.200109	-0.207073	-0.213825	-0.220361	-0.226678	-0.232774	-0.238645	-0.244289	-0.249702	-0.254883	-0.259829	-0.264538	-0.269007	-0.273236	-0.277222	-0.280963	-0.284459	-0.287708	-0.290709	-0.293461	-0.295963	-0.298216	-0.300217	-0.301967	-0.303466	-0.304715	-0.305712	-0.306458	-0.306955	-0.307202	-0.307201	-0.306953	-0.306458	-0.305717	-0.304734	-0.303508	-0.302042	-0.300338	-0.298397	-0.296223	-0.293817	-0.291181	-0.288319	-0.285234	-0.281927	-0.278403	-0.274664	-0.270715	-0.266557	-0.262195	-0.257633	-0.252874	-0.247923	-0.242783	-0.237459	-0.231955	-0.226276	-0.220425	-0.214408	-0.20823	-0.201895	-0.195408	-0.188775	-0.182	-0.175088	-0.168046	-0.160878	-0.153589	-0.146186	-0.138674	-0.131059	-0.123346	-0.115542	-0.107651	-0.0996802	-0.0916355	-0.0835228	-0.075348	-0.0671174	-0.0588369	-0.0505129	-0.0421514	-0.0337586	-0.0253409	-0.0169044	-0.00845531	0
0	-0.0233368	-0.0466636	-0.0699703	-0.0932469	-0.116483	-0.13967	-0.162796	-0.185852	-0.208828	-0.231715	-0.254501	-0.277178	-0.299737	-0.322166	-0.344456	-0.366599	-0.388585	-0.410403	-0.432045	-0.453502	-0.474764	-0.495823	-0.516669	-0.537294	-0.557689	-0.577845	-0.597754	-0.617407	-0.636796	-0.655913	-0.674751	-0.6933	-0.711553	-0.729504	-0.747143	-0.764465	-0.781461	-0.798125	-0.81445	-0.83043	-0.846057	-0.861326	-0.876231	-0.890764	-0.904921	-0.918696	-0.932084	-0.945078	-0.957675	-0.969869	-0.981656	-0.99303	-1.00399	-1.01453	-1.02464	-1.03433	-1.04358	-1.0524	-1.06078	-1.06872	-1.07622	-1.08327	-1.08987	-1.09602	-1.10172	-1.10697	-1.11176	-1.1161	-1.11998	-1.1234	-1.12636	-1.12886	-1.1309	-1.13249	-1.13361	-1.13428	-1.13449	-1.13424	-1.13354	-1.13238	-1.13077	-1.12871	-1.12621	-1.12325	-1.11985	-1.11601	-1.11173	-1.10701	-1.10187	-1.09629	-1.09028	-1.08386	-1.07702	-1.06976	-1.06209	-1.05402	-1.04555	-1.03668	-1.02742	-1.01778	-1.00776	-0.997361	-0.986595	-0.975467	-0.963982	-0.952146	-0.939966	-0.927448	-0.914599	-0.901426	-0.887935	-0.874134	-0.860029	-0.845629	-0.830939	-0.815968	-0.800724	-0.785214	-0.769445	-0.753427	-0.737166	-0.720672	-0.703951	-0.687013	-0.669866	-0.652517	-0.634977	-0.617253	-0.599354	-0.581288	-0.563064	-0.544692	-0.52618	-0.507536	-0.48877	-0.46989	-0.450906	-0.431827	-0.41266	-0.393417	-0.374104	-0.354732	-0.33531	-0.315846	-0.296349	-0.276828	-0.257293	-0.237752	-0.218214	-0.198687	-0.179181	-0.159705	-0.140267	-0.120875	-0.101539	-0.0822671	-0.0630672	-0.0439481	-0.0249181	-0.00598545	0.0128417	0.0315552	0.0501472	0.0686096	0.0869347	0.105115	0.123142	0.14101	0.15871	0.176235	0.193578	0.210732	0.227691	0.244447	0.260993	0.277324	0.293433	0.309314	0.32496	0.340365	0.355525	0.370432	0.385083	0.39947	0.41359	0.427437	0.441007	0.454294	0.467294	0.480002	0.492416	0.50453	0.516341	0.527844	0.539037	0.549917	0.56048	0.570722	0.580642	0.590237	0.599504	0.608442	0.617047	0.625318	0.633254	0.640853	0.648114	0.655035	0.661616	0.667855	0.673753	0.679309	0.684522	0.689392	0.693921	0.698107	0.701952	0.705456	0.70862	0.711445	0.713933	0.716084	0.7179	0.719383	0.720535	0.721358	0.721854	0.722025	0.721875	0.721405	0.720619	0.719519	0.718109	0.716392	0.714372	0.712052	0.709436	0.706528	0.703331	0.699851	0.696091	0.692055	0.687749	0.683177	0.678344	0.673255	0.667914	0.662327	0.656499	0.650435	0.644142	0.637623	0.630886	0.623935	0.616777	0.609418	0.601863	0.594118	0.586189	0.578084	0.569807	0.561365	0.552765	0.544013	0.535115	0.526078	0.516908	0.507612	0.498197	0.488669	0.479034	0.4693	0.459473	0.449559	0.439566	0.4295	0.419368	0.409176	0.398931	0.38864	0.37831	0.367946	0.357556	0.347145	0.336722	0.326292	0.315861	0.305436	0.295024	0.28463	0.274261	0.263923	0.253623	0.243365	0.233157	0.223004	0.212912	0.202887	0.192934	0.18306	0.173268	0.163566	0.153958	0.14445	0.135046	0.125752	0.116572	0.107512	0.0985758	0.0897681	0.0810935	0.0725564	0.0641608	0.0559109	0.0478107	0.039864	0.0320746	0.0244459	0.0169815	0.00968465	0.00255854	-0.0043938	-0.0111695	-0.0177657	-0.02418	-0.0304097	-0.0364526	-0.0423065	-0.0479694	-0.0534393	-0.0587146	-0.0637937	-0.068675	-0.0733574	-0.0778397	-0.0821209	-0.0862002	-0.0900768	-0.0937503	-0.0972202	-0.100486	-0.103549	-0.106407	-0.109062	-0.111514	-0.113763	-0.11581	-0.117655	-0.119301	-0.120747	-0.121995	-0.123047	-0.123903	-0.124566	-0.125038	-0.12532	-0.125414	-0.125323	-0.125049	-0.124594	-0.123961	-0.123153	-0.122172	-0.121022	-0.119706	-0.118226	-0.116587	-0.114791	-0.112842	-0.110743	-0.1085	-0.106114	-0.103591	-0.100934	-0.0981473	-0.0952355	-0.0922026	-0.089053	-0.0857913	-0.082422	-0.0789497	-0.0753792	-0.0717151	-0.0679624	-0.0641258	-0.0602105	-0.0562213	-0.0521634	-0.0480418	-0.0438617	-0.0396283	-0.0353468	-0.0310225	-0.0266606	-0.0222665	-0.0178455	-0.013403	-0.00894432	-0.00447486	0
0	-0.0240882	-0.0481669	-0.0722268	-0.0962586	-0.120253	-0.1442	-0.168091	-0.191916	-0.215666	-0.239332	-0.262905	-0.286375	-0.309734	-0.332972	-0.35608	-0.379049	-0.40187	-0.424535	-0.447035	-0.46936	-0.491504	-0.513456	-0.535208	-0.556752	-0.578081	-0.599185	-0.620056	-0.640687	-0.66107	-0.681197	-0.701061	-0.720653	-0.739966	-0.758994	-0.777729	-0.796164	-0.814293	-0.832108	-0.849602	-0.86677	-0.883606	-0.900102	-0.916253	-0.932053	-0.947497	-0.962579	-0.977293	-0.991634	-1.0056	-1.01918	-1.03237	-1.04517	-1.05758	-1.06958	-1.08118	-1.09238	-1.10316	-1.11352	-1.12347	-1.13299	-1.14209	-1.15076	-1.159	-1.16681	-1.17419	-1.18112	-1.18762	-1.19368	-1.1993	-1.20447	-1.2092	-1.21349	-1.21733	-1.22072	-1.22367	-1.22618	-1.22823	-1.22984	-1.23101	-1.23173	-1.23201	-1.23184	-1.23123	-1.23018	-1.2287	-1.22678	-1.22442	-1.22163	-1.21841	-1.21476	-1.21068	-1.20619	-1.20127	-1.19594	-1.1902	-1.18404	-1.17749	-1.17053	-1.16317	-1.15542	-1.14728	-1.13875	-1.12985	-1.12057	-1.11091	-1.1009	-1.09052	-1.07979	-1.06871	-1.05729	-1.04553	-1.03344	-1.02102	-1.00828	-0.995231	-0.981872	-0.968213	-0.95426	-0.940019	-0.925497	-0.910702	-0.89564	-0.880318	-0.864743	-0.848923	-0.832865	-0.816576	-0.800064	-0.783336	-0.766399	-0.749262	-0.731932	-0.714417	-0.696724	-0.678862	-0.660838	-0.64266	-0.624336	-0.605875	-0.587283	-0.56857	-0.549742	-0.530809	-0.511778	-0.492658	-0.473456	-0.45418	-0.434839	-0.41544	-0.395992	-0.376502	-0.35698	-0.337431	-0.317865	-0.29829	-0.278712	-0.259141	-0.239584	-0.220049	-0.200542	-0.181073	-0.161648	-0.142276	-0.122963	-0.103717	-0.0845449	-0.0654546	-0.0464529	-0.0275471	-0.00874394	0.00994947	0.0285264	0.04698	0.0653037	0.0834909	0.101535	0.11943	0.13717	0.154748	0.172158	0.189395	0.206452	0.223325	0.240007	0.256493	0.272777	0.288855	0.304722	0.320372	0.335801	0.351004	0.365977	0.380715	0.395214	0.409469	0.423478	0.437235	0.450738	0.463983	0.476967	0.489685	0.502136	0.514316	0.526222	0.537852	0.549203	0.560273	0.57106	0.581561	0.591775	0.6017	0.611334	0.620676	0.629725	0.638479	0.646938	0.6551	0.662965	0.670533	0.677803	0.684774	0.691447	0.697821	0.703897	0.709676	0.715157	0.720341	0.725229	0.729822	0.73412	0.738126	0.74184	0.745264	0.748399	0.751247	0.75381	0.75609	0.758088	0.759808	0.76125	0.762419	0.763315	0.763943	0.764304	0.764402	0.764239	0.763819	0.763145	0.762219	0.761046	0.75963	0.757972	0.756078	0.753951	0.751594	0.749012	0.746209	0.743188	0.739954	0.736511	0.732863	0.729015	0.724971	0.720736	0.716313	0.711708	0.706925	0.701968	0.696843	0.691554	0.686106	0.680504	0.674753	0.668856	0.66282	0.656649	0.650349	0.643923	0.637377	0.630716	0.623945	0.617068	0.610092	0.60302	0.595857	0.58861	0.581281	0.573878	0.566403	0.558863	0.551261	0.543603	0.535894	0.528138	0.52034	0.512505	0.504637	0.496742	0.488822	0.480883	0.47293	0.464967	0.456997	0.449026	0.441058	0.433096	0.425145	0.417209	0.409291	0.401396	0.393527	0.385689	0.377884	0.370117	0.36239	0.354708	0.347073	0.339488	0.331958	0.324484	0.317071	0.30972	0.302434	0.295217	0.28807	0.280996	0.273998	0.267078	0.260238	0.25348	0.246807	0.240219	0.233719	0.227308	0.220988	0.214761	0.208628	0.20259	0.196647	0.190803	0.185056	0.179409	0.173861	0.168413	0.163067	0.157822	0.152678	0.147637	0.142697	0.13786	0.133124	0.12849	0.123957	0.119525	0.115194	0.110963	0.106831	0.102798	0.0988616	0.0950222	0.0912785	0.0876291	0.0840729	0.0806086	0.0772347	0.0739498	0.0707523	0.0676405	0.0646127	0.0616672	0.0588019	0.056015	0.0533044	0.0506681	0.0481039	0.0456095	0.0431827	0.0408211	0.0385223	0.0362839	0.0341032	0.0319779	0.0299052	0.0278824	0.025907	0.023976	0.0220868	0.0202365	0.0184223	0.0166412	0.0148903	0.0131667	0.0114675	0.00978951	0.00812987	0.00648552	0.00485342	0.0032305	0.00161372	0
0	-0.021132	-0.0422568	-0.0633675	-0.0844569	-0.105518	-0.126543	-0.147526	-0.16846	-0.189337	-0.21015	-0.230893	-0.251558	-0.272139	-0.292629	-0.31302	-0.333307	-0.353481	-0.373538	-0.393469	-0.413268	-0.432929	-0.452446	-0.471811	-0.491018	-0.510061	-0.528934	-0.54763	-0.566143	-0.584468	-0.602598	-0.620527	-0.63825	-0.65576	-0.673053	-0.690121	-0.706961	-0.723566	-0.739932	-0.756052	-0.771922	-0.787537	-0.802891	-0.817981	-0.8328	-0.847346	-0.861612	-0.875595	-0.88929	-0.902694	-0.915801	-0.928608	-0.941112	-0.953308	-0.965193	-0.976763	-0.988015	-0.998946	-1.00955	-1.01983	-1.02978	-1.03939	-1.04867	-1.05761	-1.06621	-1.07447	-1.08238	-1.08995	-1.09716	-1.10403	-1.11054	-1.1167	-1.1225	-1.12795	-1.13304	-1.13777	-1.14214	-1.14615	-1.14981	-1.1531	-1.15602	-1.15859	-1.1608	-1.16264	-1.16413	-1.16525	-1.16601	-1.16642	-1.16646	-1.16615	-1.16548	-1.16445	-1.16307	-1.16133	-1.15925	-1.15681	-1.15403	-1.1509	-1.14742	-1.1436	-1.13945	-1.13495	-1.13012	-1.12495	-1.11946	-1.11364	-1.10749	-1.10103	-1.09424	-1.08714	-1.07973	-1.07201	-1.06399	-1.05566	-1.04704	-1.03812	-1.02891	-1.01942	-1.00965	-0.999597	-0.989272	-0.978679	-0.967821	-0.956704	-0.945331	-0.933707	-0.921837	-0.909727	-0.897379	-0.884801	-0.871995	-0.858969	-0.845726	-0.832272	-0.818612	-0.804751	-0.790695	-0.776448	-0.762017	-0.747407	-0.732623	-0.717671	-0.702556	-0.687284	-0.671861	-0.656291	-0.640582	-0.624738	-0.608765	-0.592669	-0.576456	-0.560131	-0.5437	-0.52717	-0.510545	-0.493831	-0.477035	-0.460162	-0.443218	-0.426209	-0.409139	-0.392016	-0.374845	-0.357632	-0.340381	-0.3231	-0.305793	-0.288467	-0.271126	-0.253778	-0.236426	-0.219076	-0.201735	-0.184407	-0.167098	-0.149814	-0.132559	-0.115339	-0.0981593	-0.0810248	-0.0639409	-0.0469126	-0.0299449	-0.0130428	0.00378879	0.0205449	0.0372209	0.0538118	0.0703131	0.0867202	0.103028	0.119233	0.135331	0.151316	0.167184	0.182933	0.198556	0.214051	0.229413	0.244639	0.259724	0.274664	0.289457	0.304099	0.318586	0.332914	0.347081	0.361082	0.374916	0.388578	0.402066	0.415377	0.428509	0.441457	0.45422	0.466796	0.479181	0.491373	0.503371	0.515171	0.526772	0.538171	0.549367	0.560359	0.571143	0.581718	0.592084	0.602238	0.612179	0.621905	0.631416	0.640711	0.649787	0.658645	0.667283	0.675701	0.683898	0.691873	0.699626	0.707156	0.714463	0.721546	0.728406	0.735043	0.741455	0.747644	0.75361	0.759352	0.76487	0.770166	0.77524	0.780091	0.784721	0.789131	0.79332	0.79729	0.801042	0.804576	0.807893	0.810995	0.813883	0.816557	0.819018	0.821269	0.823311	0.825144	0.826771	0.828192	0.82941	0.830425	0.83124	0.831856	0.832275	0.832499	0.832529	0.832368	0.832017	0.831478	0.830753	0.829845	0.828754	0.827484	0.826036	0.824413	0.822616	0.820649	0.818512	0.816208	0.813741	0.81111	0.80832	0.805373	0.80227	0.799014	0.795608	0.792053	0.788353	0.784509	0.780524	0.776401	0.772141	0.767747	0.763222	0.758567	0.753787	0.748881	0.743854	0.738708	0.733444	0.728066	0.722575	0.716974	0.711266	0.705452	0.699536	0.693518	0.687403	0.681191	0.674885	0.668488	0.662001	0.655428	0.648769	0.642027	0.635205	0.628305	0.621327	0.614276	0.607152	0.599958	0.592695	0.585366	0.577972	0.570516	0.563	0.555424	0.547792	0.540104	0.532363	0.52457	0.516727	0.508836	0.500897	0.492914	0.484887	0.476818	0.468709	0.46056	0.452374	0.444152	0.435894	0.427604	0.41928	0.410926	0.402543	0.39413	0.38569	0.377224	0.368733	0.360218	0.35168	0.34312	0.334539	0.325938	0.317318	0.30868	0.300024	0.291352	0.282664	0.273961	0.265244	0.256514	0.24777	0.239015	0.230249	0.221471	0.212684	0.203887	0.195081	0.186267	0.177444	0.168614	0.159778	0.150935	0.142085	0.133231	0.124371	0.115506	0.106637	0.0977642	0.0888877	0.0800079	0.0711253	0.0622401	0.0533527	0.0444634	0.0355726	0.0266805	0.0177875	0.00889392	0
0	-0.0153723	-0.030741	-0.0461023	-0.0614525	-0.0767879	-0.0921049	-0.1074	-0.122669	-0.137909	-0.153115	-0.168285	-0.183414	-0.1985	-0.213537	-0.228524	-0.243455	-0.258329	-0.27314	-0.287885	-0.302561	-0.317165	-0.331692	-0.34614	-0.360505	-0.374783	-0.388971	-0.403065	-0.417063	-0.43096	-0.444754	-0.458441	-0.472018	-0.485481	-0.498827	-0.512054	-0.525157	-0.538134	-0.550982	-0.563697	-0.576277	-0.588717	-0.601017	-0.613171	-0.625178	-0.637034	-0.648737	-0.660284	-0.671672	-0.682898	-0.69396	-0.704854	-0.715579	-0.726131	-0.736508	-0.746707	-0.756726	-0.766563	-0.776215	-0.78568	-0.794955	-0.804039	-0.812928	-0.821621	-0.830116	-0.83841	-0.846502	-0.854389	-0.86207	-0.869542	-0.876804	-0.883855	-0.890691	-0.897312	-0.903716	-0.909901	-0.915866	-0.92161	-0.92713	-0.932425	-0.937495	-0.942338	-0.946952	-0.951337	-0.95549	-0.959413	-0.963102	-0.966558	-0.969779	-0.972764	-0.975514	-0.978026	-0.980301	-0.982337	-0.984135	-0.985693	-0.987012	-0.98809	-0.988928	-0.989525	-0.989881	-0.989996	-0.98987	-0.989502	-0.988893	-0.988043	-0.986952	-0.98562	-0.984047	-0.982234	-0.980181	-0.977888	-0.975356	-0.972586	-0.969577	-0.966332	-0.96285	-0.959132	-0.955179	-0.950991	-0.946571	-0.941918	-0.937035	-0.931921	-0.926578	-0.921008	-0.915211	-0.909189	-0.902944	-0.896476	-0.889788	-0.88288	-0.875755	-0.868413	-0.860858	-0.85309	-0.845111	-0.836924	-0.82853	-0.819931	-0.811129	-0.802126	-0.792924	-0.783526	-0.773934	-0.764149	-0.754175	-0.744014	-0.733667	-0.723138	-0.712429	-0.701543	-0.690481	-0.679248	-0.667845	-0.656275	-0.644541	-0.632646	-0.620592	-0.608383	-0.596022	-0.58351	-0.570852	-0.558051	-0.545109	-0.53203	-0.518816	-0.505471	-0.491999	-0.478402	-0.464683	-0.450847	-0.436896	-0.422834	-0.408664	-0.39439	-0.380014	-0.365542	-0.350975	-0.336318	-0.321574	-0.306747	-0.29184	-0.276857	-0.261802	-0.246679	-0.23149	-0.21624	-0.200933	-0.185572	-0.17016	-0.154703	-0.139203	-0.123665	-0.108092	-0.0924873	-0.0768559	-0.0612012	-0.0455271	-0.0298373	-0.0141359	0.00157344	0.0172867	0.0330001	0.0487096	0.0644115	0.0801019	0.0957767	0.111432	0.127065	0.14267	0.158244	0.173784	0.189284	0.204743	0.220154	0.235516	0.250824	0.266073	0.281261	0.296384	0.311437	0.326417	0.341321	0.356144	0.370883	0.385534	0.400093	0.414557	0.428923	0.443186	0.457342	0.47139	0.485324	0.499141	0.512839	0.526412	0.539859	0.553176	0.566358	0.579404	0.592309	0.605071	0.617685	0.63015	0.642461	0.654616	0.666611	0.678444	0.690111	0.70161	0.712937	0.72409	0.735066	0.745862	0.756475	0.766903	0.777142	0.787191	0.797046	0.806706	0.816167	0.825427	0.834485	0.843336	0.85198	0.860414	0.868635	0.876643	0.884433	0.892006	0.899358	0.906487	0.913392	0.920072	0.926523	0.932745	0.938736	0.944495	0.950019	0.955307	0.960359	0.965172	0.969745	0.974078	0.978168	0.982015	0.985618	0.988976	0.992088	0.994952	0.997569	0.999938	1.00206	1.00393	1.00555	1.00691	1.00803	1.0089	1.00951	1.00987	1.00998	1.00984	1.00944	1.0088	1.0079	1.00674	1.00534	1.00368	1.00178	0.999619	0.997211	0.994553	0.991646	0.988491	0.985087	0.981437	0.97754	0.973399	0.969012	0.964383	0.959512	0.9544	0.949048	0.943457	0.93763	0.931567	0.92527	0.91874	0.911979	0.904989	0.897771	0.890327	0.88266	0.87477	0.86666	0.858332	0.849787	0.841029	0.832059	0.822879	0.813492	0.8039	0.794105	0.78411	0.773917	0.763529	0.752949	0.742179	0.731221	0.720079	0.708756	0.697253	0.685575	0.673723	0.661701	0.649513	0.63716	0.624646	0.611975	0.599149	0.586172	0.573046	0.559776	0.546364	0.532814	0.51913	0.505314	0.491371	0.477303	0.463115	0.44881	0.434391	0.419862	0.405227	0.39049	0.375654	0.360722	0.3457	0.33059	0.315396	0.300123	0.284774	0.269352	0.253863	0.238309	0.222695	0.207025	0.191302	0.175531	0.159715	0.143859	0.127967	0.112042	0.0960885	0.0801109	0.0641131	0.048099	0.0320728	0.0160384	0
0	-0.00814796	-0.016296	-0.0244441	-0.0325924	-0.040741	-0.0488898	-0.0570389	-0.0651884	-0.0733383	-0.0814885	-0.0896392	-0.0977903	-0.105942	-0.114094	-0.122246	-0.130398	-0.138551	-0.146703	-0.154856	-0.163008	-0.17116	-0.179312	-0.187463	-0.195613	-0.203762	-0.211909	-0.220054	-0.228198	-0.236339	-0.244477	-0.252612	-0.260743	-0.26887	-0.276993	-0.28511	-0.293221	-0.301326	-0.309423	-0.317513	-0.325595	-0.333667	-0.341729	-0.349781	-0.35782	-0.365847	-0.37386	-0.381859	-0.389842	-0.397809	-0.405757	-0.413687	-0.421597	-0.429485	-0.43735	-0.445192	-0.453009	-0.460798	-0.46856	-0.476292	-0.483993	-0.491661	-0.499296	-0.506894	-0.514455	-0.521976	-0.529457	-0.536895	-0.544288	-0.551634	-0.558933	-0.566181	-0.573376	-0.580518	-0.587603	-0.59463	-0.601596	-0.608499	-0.615338	-0.622109	-0.628811	-0.635442	-0.641999	-0.648479	-0.654881	-0.661202	-0.66744	-0.673592	-0.679656	-0.685629	-0.691508	-0.697293	-0.702978	-0.708564	-0.714045	-0.719421	-0.724689	-0.729845	-0.734887	-0.739814	-0.744621	-0.749307	-0.753868	-0.758303	-0.762608	-0.76678	-0.770819	-0.774719	-0.77848	-0.782098	-0.78557	-0.788895	-0.792069	-0.79509	-0.797956	-0.800663	-0.803209	-0.805593	-0.80781	-0.809859	-0.811737	-0.813443	-0.814972	-0.816324	-0.817496	-0.818485	-0.819289	-0.819906	-0.820334	-0.820571	-0.820614	-0.820462	-0.820112	-0.819562	-0.818811	-0.817856	-0.816696	-0.815329	-0.813754	-0.811968	-0.809969	-0.807758	-0.805331	-0.802688	-0.799826	-0.796746	-0.793445	-0.789923	-0.786178	-0.782209	-0.778015	-0.773596	-0.76895	-0.764078	-0.758977	-0.753648	-0.74809	-0.742303	-0.736287	-0.73004	-0.723563	-0.716856	-0.709919	-0.702752	-0.695355	-0.687728	-0.679872	-0.671787	-0.663473	-0.654932	-0.646164	-0.637169	-0.62795	-0.618505	-0.608838	-0.598948	-0.588838	-0.578508	-0.56796	-0.557196	-0.546217	-0.535024	-0.523621	-0.512008	-0.500188	-0.488163	-0.475935	-0.463506	-0.45088	-0.438057	-0.425042	-0.411836	-0.398443	-0.384865	-0.371106	-0.357168	-0.343055	-0.328769	-0.314315	-0.299695	-0.284914	-0.269974	-0.25488	-0.239636	-0.224244	-0.20871	-0.193037	-0.177229	-0.161291	-0.145227	-0.129041	-0.112738	-0.0963222	-0.0797982	-0.0631707	-0.0464444	-0.0296243	-0.0127152	0.004278	0.0213502	0.0384964	0.0557113	0.0729899	0.0903267	0.107717	0.125154	0.142634	0.16015	0.177697	0.195271	0.212864	0.230471	0.248087	0.265706	0.283321	0.300929	0.318521	0.336093	0.353639	0.371152	0.388627	0.406058	0.423438	0.440763	0.458025	0.475218	0.492338	0.509377	0.52633	0.54319	0.559952	0.576609	0.593155	0.609585	0.625893	0.642072	0.658116	0.67402	0.689777	0.705382	0.720829	0.736111	0.751224	0.766161	0.780916	0.795485	0.80986	0.824037	0.83801	0.851774	0.865322	0.87865	0.891753	0.904624	0.917259	0.929653	0.9418	0.953696	0.965335	0.976712	0.987824	0.998665	1.00923	1.01951	1.02952	1.03923	1.04865	1.05777	1.06659	1.0751	1.0833	1.0912	1.09877	1.10602	1.11295	1.11956	1.12583	1.13177	1.13737	1.14263	1.14755	1.15212	1.15635	1.16023	1.16375	1.16692	1.16973	1.17218	1.17427	1.176	1.17737	1.17837	1.179	1.17926	1.17916	1.17869	1.17784	1.17663	1.17504	1.17308	1.17075	1.16805	1.16497	1.16152	1.1577	1.15351	1.14895	1.14401	1.13871	1.13304	1.127	1.1206	1.11383	1.1067	1.09921	1.09136	1.08316	1.0746	1.06568	1.05642	1.04681	1.03685	1.02655	1.01591	1.00493	0.993626	0.981988	0.970023	0.957736	0.945131	0.932209	0.918977	0.905438	0.891595	0.877455	0.863019	0.848295	0.833285	0.817995	0.80243	0.786595	0.770495	0.754134	0.737519	0.720655	0.703547	0.686201	0.668622	0.650817	0.632791	0.61455	0.596101	0.577449	0.558601	0.539563	0.520341	0.500942	0.481372	0.461638	0.441747	0.421705	0.401519	0.381196	0.360742	0.340166	0.319473	0.298671	0.277766	0.256767	0.23568	0.214512	0.193271	0.171963	0.150597	0.129179	0.107717	0.086218	0.0646893	0.0431385	0.021573	0
0	-0.00093217	-0.0018677	-0.00280993	-0.00376223	-0.00472792	-0.00571034	-0.00671279	-0.00773859	-0.008791	-0.00987327	-0.0109887	-0.0121403	-0.0133315	-0.0145652	-0.0158447	-0.017173	-0.018553	-0.0199879	-0.0214804	-0.0230336	-0.0246501	-0.0263329	-0.0280846	-0.0299079	-0.0318053	-0.0337795	-0.0358329	-0.0379679	-0.0401868	-0.0424919	-0.0448853	-0.0473693	-0.0499458	-0.0526167	-0.055384	-0.0582494	-0.0612146	-0.0642812	-0.0674508	-0.0707248	-0.0741044	-0.077591	-0.0811856	-0.0848894	-0.0887033	-0.0926281	-0.0966646	-0.100813	-0.105075	-0.10945	-0.113939	-0.118541	-0.123257	-0.128088	-0.133032	-0.13809	-0.143262	-0.148546	-0.153943	-0.159451	-0.16507	-0.1708	-0.176639	-0.182586	-0.188639	-0.194799	-0.201062	-0.207428	-0.213895	-0.220461	-0.227125	-0.233884	-0.240736	-0.24768	-0.254712	-0.261831	-0.269033	-0.276318	-0.28368	-0.291119	-0.29863	-0.306212	-0.31386	-0.321572	-0.329344	-0.337173	-0.345056	-0.352989	-0.360968	-0.368989	-0.37705	-0.385145	-0.393271	-0.401424	-0.409599	-0.417793	-0.426002	-0.43422	-0.442443	-0.450668	-0.458889	-0.467102	-0.475302	-0.483484	-0.491644	-0.499778	-0.507879	-0.515943	-0.523966	-0.531942	-0.539866	-0.547734	-0.55554	-0.563279	-0.570945	-0.578535	-0.586043	-0.593462	-0.60079	-0.608019	-0.615146	-0.622164	-0.629069	-0.635856	-0.642519	-0.649053	-0.655453	-0.661714	-0.667831	-0.673798	-0.679611	-0.685265	-0.690755	-0.696075	-0.701221	-0.706189	-0.710972	-0.715567	-0.719968	-0.724172	-0.728173	-0.731967	-0.73555	-0.738917	-0.742064	-0.744986	-0.74768	-0.750141	-0.752365	-0.754349	-0.756088	-0.75758	-0.758819	-0.759804	-0.760529	-0.760993	-0.761191	-0.761121	-0.76078	-0.760164	-0.759272	-0.758099	-0.756645	-0.754906	-0.752879	-0.750564	-0.747958	-0.745058	-0.741864	-0.738374	-0.734585	-0.730497	-0.726109	-0.721419	-0.716426	-0.711131	-0.705531	-0.699626	-0.693417	-0.686903	-0.680084	-0.672959	-0.66553	-0.657797	-0.649759	-0.641419	-0.632776	-0.623832	-0.614588	-0.605045	-0.595205	-0.585069	-0.574639	-0.563917	-0.552906	-0.541606	-0.530022	-0.518155	-0.506008	-0.493584	-0.480886	-0.467918	-0.454681	-0.441181	-0.42742	-0.413403	-0.399133	-0.384615	-0.369851	-0.354848	-0.33961	-0.32414	-0.308444	-0.292527	-0.276394	-0.26005	-0.2435	-0.226749	-0.209805	-0.192671	-0.175354	-0.157859	-0.140194	-0.122363	-0.104374	-0.0862328	-0.0679455	-0.0495189	-0.0309599	-0.0122752	0.00652827	0.0254435	0.0444635	0.063581	0.0827887	0.102079	0.121445	0.140879	0.160374	0.179921	0.199514	0.219143	0.238803	0.258483	0.278178	0.297878	0.317576	0.337264	0.356933	0.376576	0.396184	0.415749	0.435264	0.454719	0.474106	0.493418	0.512646	0.531782	0.550818	0.569745	0.588555	0.607241	0.625793	0.644204	0.662465	0.680569	0.698508	0.716273	0.733856	0.75125	0.768447	0.785439	0.802218	0.818776	0.835106	0.8512	0.867051	0.882652	0.897994	0.913071	0.927876	0.942402	0.956641	0.970587	0.984233	0.997573	1.0106	1.02331	1.03569	1.04774	1.05945	1.07081	1.08183	1.09249	1.10279	1.11273	1.12229	1.13148	1.14028	1.1487	1.15673	1.16436	1.17159	1.17842	1.18484	1.19085	1.19644	1.20161	1.20636	1.21069	1.21459	1.21805	1.22108	1.22368	1.22583	1.22755	1.22882	1.22965	1.23004	1.22997	1.22946	1.2285	1.22709	1.22523	1.22291	1.22015	1.21693	1.21327	1.20915	1.20459	1.19957	1.19411	1.1882	1.18185	1.17505	1.16781	1.16013	1.15201	1.14345	1.13447	1.12505	1.1152	1.10493	1.09425	1.08314	1.07162	1.05969	1.04735	1.03461	1.02147	1.00795	0.99403	0.979731	0.965054	0.950004	0.934587	0.918808	0.902674	0.886189	0.869361	0.852195	0.834698	0.816876	0.798736	0.780284	0.761528	0.742476	0.723133	0.703507	0.683607	0.663438	0.64301	0.622331	0.601407	0.580247	0.558859	0.537252	0.515434	0.493413	0.471199	0.448799	0.426222	0.403477	0.380574	0.357521	0.334326	0.311	0.287552	0.263989	0.240323	0.216562	0.192716	0.168793	0.144804	0.120757	0.096663	0.0725307	0.0483697	0.0241896	0
0	0.00497826	0.00995096	0.0149126	0.0198576	0.0247804	0.0296755	0.0345375	0.0393609	0.0441402	0.0488699	0.0535449	0.0581596	0.0627088	0.0671872	0.0715896	0.0759109	0.080146	0.0842897	0.0883372	0.0922835	0.0961238	0.0998533	0.103467	0.106961	0.11033	0.11357	0.116677	0.119646	0.122473	0.125154	0.127685	0.130062	0.132281	0.134339	0.136233	0.137958	0.139511	0.14089	0.14209	0.14311	0.143947	0.144596	0.145057	0.145327	0.145402	0.145282	0.144964	0.144446	0.143727	0.142804	0.141677	0.140343	0.138803	0.137054	0.135096	0.132928	0.13055	0.127961	0.125161	0.12215	0.118927	0.115493	0.111848	0.107993	0.103929	0.0996553	0.0951738	0.0904855	0.0855915	0.0804933	0.0751924	0.0696905	0.0639894	0.0580912	0.051998	0.0457122	0.039236	0.0325722	0.0257234	0.0186926	0.0114828	0.00409709	-0.00346118	-0.0111886	-0.0190815	-0.0271363	-0.0353491	-0.0437159	-0.0522327	-0.0608951	-0.0696989	-0.0786396	-0.0877125	-0.096913	-0.106236	-0.115677	-0.125231	-0.134893	-0.144656	-0.154517	-0.16447	-0.174508	-0.184627	-0.19482	-0.205082	-0.215408	-0.22579	-0.236223	-0.246701	-0.257217	-0.267766	-0.278341	-0.288935	-0.299543	-0.310158	-0.320773	-0.331381	-0.341977	-0.352553	-0.363102	-0.373619	-0.384097	-0.394528	-0.404905	-0.415223	-0.425474	-0.435652	-0.44575	-0.45576	-0.465677	-0.475493	-0.485202	-0.494797	-0.504272	-0.513619	-0.522832	-0.531905	-0.54083	-0.549602	-0.558214	-0.56666	-0.574933	-0.583027	-0.590935	-0.598652	-0.606172	-0.613488	-0.620595	-0.627486	-0.634157	-0.6406	-0.646812	-0.652786	-0.658517	-0.663999	-0.669229	-0.674199	-0.678907	-0.683346	-0.687512	-0.691401	-0.695008	-0.698328	-0.701359	-0.704095	-0.706533	-0.708669	-0.710499	-0.712021	-0.71323	-0.714124	-0.714699	-0.714953	-0.714883	-0.714487	-0.713761	-0.712705	-0.711316	-0.709593	-0.707532	-0.705134	-0.702396	-0.699318	-0.695899	-0.692137	-0.688032	-0.683585	-0.678793	-0.673658	-0.66818	-0.662358	-0.656194	-0.649688	-0.64284	-0.635652	-0.628126	-0.620261	-0.612061	-0.603527	-0.59466	-0.585463	-0.575938	-0.566088	-0.555916	-0.545424	-0.534615	-0.523492	-0.51206	-0.50032	-0.488279	-0.475938	-0.463303	-0.450377	-0.437165	-0.423672	-0.409903	-0.395861	-0.381554	-0.366984	-0.352159	-0.337084	-0.321764	-0.306206	-0.290414	-0.274397	-0.258159	-0.241707	-0.225048	-0.208189	-0.191136	-0.173896	-0.156477	-0.138886	-0.12113	-0.103216	-0.0851524	-0.0669464	-0.0486058	-0.0301386	-0.0115527	0.00714388	0.0259429	0.0448363	0.0638157	0.0828726	0.101999	0.121185	0.140424	0.159707	0.179024	0.198367	0.217727	0.237096	0.256464	0.275823	0.295163	0.314477	0.333754	0.352986	0.372164	0.391278	0.410321	0.429283	0.448154	0.466926	0.485591	0.504138	0.52256	0.540847	0.55899	0.576981	0.594811	0.612471	0.629953	0.647248	0.664347	0.681243	0.697926	0.714389	0.730622	0.746619	0.762371	0.77787	0.793108	0.808078	0.822771	0.837181	0.8513	0.86512	0.878635	0.891837	0.90472	0.917276	0.929499	0.941383	0.952921	0.964107	0.974935	0.985399	0.995493	1.00521	1.01455	1.0235	1.03206	1.04023	1.04799	1.05535	1.0623	1.06884	1.07496	1.08065	1.08592	1.09077	1.09518	1.09915	1.10269	1.10579	1.10844	1.11065	1.11242	1.11373	1.11459	1.11501	1.11496	1.11447	1.11352	1.11211	1.11025	1.10793	1.10516	1.10193	1.09825	1.09411	1.08952	1.08447	1.07898	1.07304	1.06664	1.05981	1.05253	1.04481	1.03665	1.02805	1.01903	1.00957	0.99969	0.989386	0.978665	0.967529	0.955984	0.944034	0.931682	0.918936	0.905798	0.892274	0.878371	0.864093	0.849446	0.834436	0.81907	0.803353	0.787292	0.770893	0.754164	0.737112	0.719742	0.702064	0.684084	0.665809	0.647248	0.628407	0.609297	0.589923	0.570295	0.55042	0.530308	0.509967	0.489405	0.468632	0.447656	0.426487	0.405132	0.383603	0.361907	0.340054	0.318054	0.295916	0.27365	0.251265	0.228771	0.206178	0.183495	0.160733	0.137901	0.115009	0.0920673	0.0690855	0.0460737	0.0230418	0
0	0.00871877	0.0174313	0.0261313	0.0348125	0.0434686	0.0520936	0.0606811	0.0692249	0.077719	0.0861571	0.0945332	0.102841	0.111075	0.119229	0.127297	0.135273	0.143152	0.150927	0.158593	0.166144	0.173575	0.18088	0.188054	0.195092	0.201988	0.208737	0.215334	0.221775	0.228054	0.234166	0.240107	0.245872	0.251457	0.256858	0.26207	0.267089	0.271911	0.276532	0.280949	0.285158	0.289155	0.292937	0.296501	0.299844	0.302962	0.305854	0.308515	0.310945	0.313139	0.315097	0.316816	0.318293	0.319528	0.320518	0.321263	0.32176	0.322009	0.322008	0.321756	0.321254	0.3205	0.319494	0.318235	0.316724	0.31496	0.312945	0.310677	0.308158	0.305389	0.30237	0.299103	0.295588	0.291827	0.287821	0.283572	0.279082	0.274353	0.269386	0.264185	0.258751	0.253087	0.247197	0.241082	0.234745	0.228191	0.221421	0.21444	0.207252	0.199859	0.192266	0.184476	0.176495	0.168325	0.159972	0.15144	0.142733	0.133857	0.124815	0.115614	0.106258	0.0967522	0.0871021	0.0773129	0.0673903	0.0573397	0.0471669	0.0368776	0.0264778	0.0159732	0.00537005	-0.00532568	-0.0161078	-0.02697	-0.0379061	-0.0489096	-0.0599742	-0.0710933	-0.0822604	-0.0934689	-0.104712	-0.115984	-0.127276	-0.138584	-0.149899	-0.161216	-0.172527	-0.183825	-0.195104	-0.206356	-0.217576	-0.228755	-0.239888	-0.250967	-0.261985	-0.272936	-0.283813	-0.294608	-0.305316	-0.31593	-0.326442	-0.336847	-0.347137	-0.357306	-0.367347	-0.377254	-0.387021	-0.396641	-0.406108	-0.415416	-0.424558	-0.433528	-0.442321	-0.450931	-0.459351	-0.467576	-0.4756	-0.483419	-0.491025	-0.498415	-0.505582	-0.512522	-0.51923	-0.5257	-0.531928	-0.53791	-0.54364	-0.549115	-0.554329	-0.55928	-0.563963	-0.568374	-0.572509	-0.576365	-0.579938	-0.583225	-0.586224	-0.58893	-0.591341	-0.593455	-0.595269	-0.59678	-0.597987	-0.598887	-0.599478	-0.599759	-0.599729	-0.599385	-0.598727	-0.597753	-0.596464	-0.594857	-0.592933	-0.590691	-0.588131	-0.585253	-0.582058	-0.578545	-0.574715	-0.570569	-0.566107	-0.561332	-0.556243	-0.550842	-0.545132	-0.539113	-0.532788	-0.526158	-0.519227	-0.511996	-0.504468	-0.496645	-0.488532	-0.48013	-0.471443	-0.462475	-0.453228	-0.443708	-0.433917	-0.423861	-0.413542	-0.402965	-0.392136	-0.381058	-0.369737	-0.358177	-0.346383	-0.334361	-0.322116	-0.309654	-0.29698	-0.2841	-0.271019	-0.257745	-0.244283	-0.230638	-0.216819	-0.20283	-0.188679	-0.174373	-0.159917	-0.145319	-0.130586	-0.115726	-0.100744	-0.0856481	-0.0704461	-0.055145	-0.0397523	-0.0242754	-0.00872198	0.00690045	0.0225842	0.0383214	0.0541045	0.0699256	0.0857768	0.10165	0.117538	0.133432	0.149325	0.165208	0.181074	0.196914	0.21272	0.228485	0.244201	0.259859	0.275451	0.29097	0.306408	0.321756	0.337008	0.352154	0.367187	0.3821	0.396884	0.411533	0.426037	0.440391	0.454586	0.468614	0.48247	0.496144	0.509631	0.522922	0.536012	0.548892	0.561556	0.573998	0.58621	0.598187	0.609921	0.621407	0.632638	0.643608	0.65431	0.664741	0.674893	0.68476	0.694339	0.703622	0.712606	0.721284	0.729653	0.737708	0.745443	0.752854	0.759938	0.76669	0.773106	0.779182	0.784916	0.790302	0.795339	0.800022	0.80435	0.808319	0.811927	0.815171	0.818049	0.820559	0.8227	0.824469	0.825865	0.826888	0.827534	0.827805	0.827699	0.827215	0.826354	0.825115	0.823497	0.821503	0.81913	0.816381	0.813257	0.809757	0.805884	0.801638	0.797021	0.792035	0.786683	0.780965	0.774884	0.768443	0.761644	0.754491	0.746986	0.739132	0.730933	0.722392	0.713514	0.704301	0.694759	0.68489	0.674701	0.664194	0.653376	0.642251	0.630823	0.619099	0.607083	0.59478	0.582198	0.569341	0.556215	0.542827	0.529182	0.515287	0.501149	0.486773	0.472167	0.457338	0.442292	0.427037	0.411579	0.395926	0.380085	0.364064	0.347871	0.331512	0.314996	0.29833	0.281523	0.264582	0.247515	0.23033	0.213037	0.195641	0.178153	0.16058	0.142931	0.125214	0.107437	0.0896089	0.0717383	0.0538336	0.0359033	0.0179559	0
0	0.010004	0.0200026	0.0299901	0.0399613	0.0499106	0.0598325	0.0697217	0.0795728	0.0893802	0.0991387	0.108843	0.118488	0.128067	0.137577	0.147011	0.156365	0.165634	0.174811	0.183893	0.192874	0.20175	0.210515	0.219165	0.227695	0.236101	0.244377	0.252519	0.260524	0.268385	0.2761	0.283664	0.291073	0.298322	0.305408	0.312327	0.319075	0.325649	0.332045	0.338259	0.344288	0.350128	0.355777	0.361232	0.366489	0.371546	0.3764	0.381048	0.385487	0.389716	0.393732	0.397533	0.401117	0.404481	0.407625	0.410545	0.413242	0.415713	0.417957	0.419973	0.421759	0.423316	0.424641	0.425734	0.426596	0.427224	0.42762	0.427782	0.427711	0.427407	0.426869	0.4261	0.425097	0.423864	0.422399	0.420705	0.418781	0.416629	0.414251	0.411647	0.408819	0.405769	0.402498	0.399009	0.395303	0.391381	0.387248	0.382904	0.378352	0.373595	0.368635	0.363476	0.358119	0.352569	0.346828	0.340898	0.334785	0.32849	0.322018	0.315372	0.308556	0.301573	0.294428	0.287124	0.279666	0.272057	0.264302	0.256405	0.248371	0.240203	0.231907	0.223487	0.214948	0.206294	0.19753	0.188662	0.179693	0.170629	0.161476	0.152237	0.142918	0.133525	0.124062	0.114535	0.104948	0.0953085	0.08562	0.0758885	0.0661193	0.0563177	0.0464892	0.0366392	0.0267732	0.0168966	0.00701475	-0.00286679	-0.0127426	-0.0226073	-0.0324553	-0.0422814	-0.05208	-0.0618457	-0.0715733	-0.0812573	-0.0908924	-0.100473	-0.109995	-0.119452	-0.128838	-0.13815	-0.147382	-0.156528	-0.165584	-0.174545	-0.183406	-0.192162	-0.200808	-0.209339	-0.217751	-0.226039	-0.234199	-0.242226	-0.250116	-0.257864	-0.265466	-0.272919	-0.280217	-0.287357	-0.294336	-0.301149	-0.307792	-0.314262	-0.320555	-0.326669	-0.332599	-0.338343	-0.343897	-0.349258	-0.354424	-0.359391	-0.364157	-0.36872	-0.373076	-0.377224	-0.381161	-0.384886	-0.388396	-0.391689	-0.394763	-0.397618	-0.400251	-0.402661	-0.404846	-0.406807	-0.408541	-0.410048	-0.411326	-0.412377	-0.413198	-0.413789	-0.414151	-0.414283	-0.414184	-0.413856	-0.413299	-0.412512	-0.411497	-0.410254	-0.408784	-0.407087	-0.405165	-0.403019	-0.40065	-0.398059	-0.395248	-0.392219	-0.388974	-0.385514	-0.381841	-0.377957	-0.373865	-0.369567	-0.365065	-0.360362	-0.355461	-0.350365	-0.345075	-0.339597	-0.333931	-0.328082	-0.322054	-0.315848	-0.30947	-0.302922	-0.296208	-0.289333	-0.282299	-0.275111	-0.267774	-0.26029	-0.252664	-0.244901	-0.237005	-0.228981	-0.220832	-0.212564	-0.204181	-0.195688	-0.187089	-0.17839	-0.169595	-0.16071	-0.151739	-0.142687	-0.133559	-0.124361	-0.115098	-0.105774	-0.0963957	-0.0869675	-0.0774949	-0.0679832	-0.0584378	-0.0488639	-0.0392669	-0.0296522	-0.0200251	-0.0103912	-0.000755638	0.00887607	0.0184986	0.0281065	0.0376944	0.0472571	0.0567891	0.0662851	0.0757399	0.0851481	0.0945045	0.103804	0.113041	0.122211	0.131308	0.140328	0.149265	0.158115	0.166872	0.175532	0.18409	0.19254	0.200879	0.209102	0.217204	0.22518	0.233027	0.240739	0.248313	0.255745	0.263029	0.270163	0.277141	0.283962	0.290619	0.297111	0.303432	0.309581	0.315552	0.321344	0.326953	0.332375	0.337608	0.342648	0.347494	0.352142	0.35659	0.360835	0.364875	0.368708	0.372331	0.375743	0.378942	0.381926	0.384693	0.387243	0.389572	0.391681	0.393568	0.395232	0.396673	0.397888	0.398879	0.399643	0.400182	0.400494	0.40058	0.400439	0.400071	0.399478	0.398658	0.397614	0.396344	0.394851	0.393135	0.391196	0.389037	0.386658	0.38406	0.381246	0.378216	0.374973	0.371519	0.367854	0.363982	0.359905	0.355625	0.351144	0.346465	0.34159	0.336523	0.331266	0.325822	0.320195	0.314387	0.308402	0.302243	0.295913	0.289417	0.282757	0.275939	0.268964	0.261838	0.254565	0.247148	0.239592	0.231901	0.224079	0.216131	0.208061	0.199874	0.191574	0.183167	0.174656	0.166047	0.157344	0.148553	0.139678	0.130724	0.121697	0.112601	0.103442	0.0942244	0.0849539	0.0756355	0.0662745	0.0568762	0.0474458	0.0379888	0.0285103	0.0190158	0.00951057	0
0	0.00913814	0.0182728	0.0274004	0.0365175	0.0456207	0.0547063	0.063771	0.0728112	0.0818236	0.0908045	0.0997507	0.108659	0.117525	0.126347	0.13512	0.143841	0.152507	0.161115	0.169662	0.178144	0.186557	0.1949	0.203168	0.211358	0.219469	0.227495	0.235435	0.243285	0.251043	0.258705	0.266269	0.273732	0.281091	0.288344	0.295487	0.302519	0.309436	0.316236	0.322917	0.329476	0.335911	0.342219	0.348398	0.354447	0.360362	0.366143	0.371786	0.37729	0.382653	0.387873	0.392948	0.397877	0.402658	0.407289	0.411769	0.416096	0.42027	0.424288	0.428149	0.431853	0.435398	0.438782	0.442006	0.445068	0.447967	0.450703	0.453274	0.455681	0.457922	0.459997	0.461906	0.463648	0.465224	0.466632	0.467872	0.468945	0.469851	0.470589	0.47116	0.471564	0.471802	0.471872	0.471777	0.471516	0.471091	0.470501	0.469747	0.46883	0.467751	0.466511	0.46511	0.463551	0.461833	0.459957	0.457926	0.455741	0.453402	0.450911	0.44827	0.445479	0.442542	0.439458	0.436231	0.432861	0.42935	0.425701	0.421915	0.417994	0.41394	0.409755	0.405441	0.401001	0.396436	0.391748	0.386941	0.382017	0.376976	0.371823	0.36656	0.361188	0.355711	0.350131	0.344451	0.338673	0.3328	0.326834	0.320778	0.314636	0.308409	0.302101	0.295714	0.289251	0.282715	0.276109	0.269436	0.262698	0.255899	0.249041	0.242127	0.235161	0.228145	0.221083	0.213976	0.206829	0.199644	0.192424	0.185172	0.177892	0.170585	0.163255	0.155906	0.148539	0.141158	0.133766	0.126366	0.118961	0.111553	0.104146	0.0967424	0.0893449	0.0819566	0.0745802	0.0672185	0.0598744	0.0525505	0.0452497	0.0379746	0.030728	0.0235124	0.0163304	0.00918482	0.00207804	-0.00498735	-0.0120089	-0.018984	-0.0259105	-0.0327857	-0.0396074	-0.0463734	-0.0530812	-0.0597286	-0.0663136	-0.0728338	-0.0792873	-0.0856719	-0.0919856	-0.0982265	-0.104393	-0.110482	-0.116493	-0.122423	-0.128272	-0.134037	-0.139716	-0.145309	-0.150813	-0.156227	-0.161549	-0.166779	-0.171915	-0.176955	-0.181898	-0.186744	-0.191491	-0.196137	-0.200683	-0.205127	-0.209467	-0.213704	-0.217837	-0.221864	-0.225785	-0.229599	-0.233306	-0.236906	-0.240397	-0.24378	-0.247054	-0.250218	-0.253273	-0.256218	-0.259054	-0.261779	-0.264394	-0.2669	-0.269295	-0.271581	-0.273757	-0.275823	-0.27778	-0.279629	-0.281369	-0.283001	-0.284525	-0.285942	-0.287253	-0.288458	-0.289557	-0.290552	-0.291443	-0.292231	-0.292916	-0.293501	-0.293984	-0.294369	-0.294654	-0.294843	-0.294934	-0.294931	-0.294833	-0.294642	-0.29436	-0.293986	-0.293524	-0.292973	-0.292336	-0.291614	-0.290807	-0.289918	-0.288948	-0.287898	-0.286771	-0.285566	-0.284287	-0.282934	-0.28151	-0.280015	-0.278451	-0.27682	-0.275124	-0.273364	-0.271543	-0.26966	-0.26772	-0.265722	-0.263669	-0.261562	-0.259404	-0.257196	-0.254939	-0.252636	-0.250288	-0.247897	-0.245465	-0.242994	-0.240484	-0.237939	-0.235359	-0.232747	-0.230104	-0.227432	-0.224733	-0.222008	-0.219259	-0.216488	-0.213696	-0.210885	-0.208057	-0.205213	-0.202355	-0.199485	-0.196604	-0.193714	-0.190816	-0.187911	-0.185002	-0.18209	-0.179176	-0.176261	-0.173348	-0.170437	-0.16753	-0.164628	-0.161732	-0.158844	-0.155965	-0.153097	-0.150239	-0.147394	-0.144563	-0.141747	-0.138946	-0.136162	-0.133396	-0.130649	-0.127922	-0.125215	-0.12253	-0.119867	-0.117228	-0.114612	-0.112021	-0.109455	-0.106916	-0.104403	-0.101917	-0.099459	-0.0970293	-0.0946283	-0.0922565	-0.0899143	-0.0876021	-0.0853202	-0.0830689	-0.0808485	-0.0786591	-0.076501	-0.0743744	-0.0722792	-0.0702157	-0.0681838	-0.0661836	-0.0642151	-0.0622781	-0.0603726	-0.0584985	-0.0566556	-0.0548437	-0.0530625	-0.0513119	-0.0495916	-0.0479011	-0.0462402	-0.0446085	-0.0430055	-0.0414309	-0.0398841	-0.0383647	-0.0368721	-0.0354057	-0.0339651	-0.0325496	-0.0311585	-0.0297912	-0.0284471	-0.0271254	-0.0258255	-0.0245465	-0.0232877	-0.0220483	-0.0208276	-0.0196247	-0.0184388	-0.017269	-0.0161144	-0.0149742	-0.0138475	-0.0127334	-0.0116309	-0.0105392	-0.00945717	-0.00838401	-0.00731872	-0.00626032	-0.00520786	-0.00416034	-0.00311678	-0.0020762	-0.0010376	0
0	0.00689133	0.0137817	0.0206703	0.0275562	0.0344383	0.0413159	0.0481879	0.0550536	0.0619118	0.0687618	0.0756026	0.0824333	0.0892529	0.0960605	0.102855	0.109636	0.116402	0.123152	0.129886	0.136601	0.143299	0.149976	0.156634	0.163269	0.169882	0.176472	0.183037	0.189577	0.196091	0.202577	0.209035	0.215463	0.221861	0.228227	0.234561	0.240862	0.247128	0.253359	0.259553	0.265709	0.271827	0.277905	0.283942	0.289937	0.29589	0.301798	0.307662	0.313479	0.319249	0.32497	0.330642	0.336264	0.341834	0.347351	0.352814	0.358222	0.363574	0.368868	0.374104	0.379281	0.384397	0.38945	0.394441	0.399368	0.404229	0.409024	0.413751	0.418409	0.422997	0.427514	0.431959	0.43633	0.440627	0.444847	0.448991	0.453056	0.457042	0.460948	0.464772	0.468513	0.47217	0.475742	0.479228	0.482626	0.485936	0.489156	0.492285	0.495322	0.498267	0.501116	0.503871	0.506529	0.50909	0.511552	0.513915	0.516177	0.518337	0.520394	0.522348	0.524197	0.52594	0.527576	0.529104	0.530523	0.531833	0.533032	0.53412	0.535095	0.535957	0.536705	0.537337	0.537854	0.538254	0.538536	0.538701	0.538746	0.538671	0.538476	0.53816	0.537723	0.537162	0.536479	0.535672	0.534742	0.533686	0.532505	0.531199	0.529766	0.528207	0.526521	0.524707	0.522766	0.520697	0.5185	0.516174	0.51372	0.511137	0.508425	0.505584	0.502613	0.499514	0.496285	0.492927	0.48944	0.485823	0.482078	0.478205	0.474202	0.470072	0.465813	0.461427	0.456913	0.452273	0.447506	0.442613	0.437595	0.432452	0.427185	0.421793	0.416279	0.410643	0.404885	0.399007	0.393008	0.386891	0.380656	0.374303	0.367835	0.361251	0.354554	0.347744	0.340822	0.33379	0.326649	0.3194	0.312045	0.304585	0.29702	0.289354	0.281587	0.273721	0.265758	0.257699	0.249545	0.241299	0.232962	0.224537	0.216024	0.207426	0.198744	0.189982	0.18114	0.17222	0.163226	0.154158	0.145019	0.135811	0.126536	0.117198	0.107796	0.0983355	0.0888171	0.0792436	0.0696173	0.0599408	0.0502165	0.0404469	0.0306345	0.0207819	0.0108916	0.00096635	-0.00899128	-0.0189786	-0.028993	-0.0390316	-0.0490918	-0.0591708	-0.0692659	-0.0793741	-0.0894927	-0.0996189	-0.10975	-0.119882	-0.130014	-0.140141	-0.150262	-0.160373	-0.170471	-0.180553	-0.190616	-0.200658	-0.210674	-0.220664	-0.230622	-0.240546	-0.250434	-0.260282	-0.270087	-0.279847	-0.289557	-0.299215	-0.308819	-0.318365	-0.327849	-0.33727	-0.346624	-0.355908	-0.365118	-0.374253	-0.383309	-0.392283	-0.401173	-0.409974	-0.418685	-0.427303	-0.435824	-0.444246	-0.452565	-0.46078	-0.468887	-0.476884	-0.484767	-0.492534	-0.500183	-0.50771	-0.515114	-0.522391	-0.529538	-0.536554	-0.543436	-0.550181	-0.556787	-0.563251	-0.569572	-0.575746	-0.581772	-0.587647	-0.593368	-0.598935	-0.604345	-0.609595	-0.614683	-0.619608	-0.624368	-0.628961	-0.633384	-0.637637	-0.641716	-0.645622	-0.649352	-0.652903	-0.656276	-0.659469	-0.662479	-0.665305	-0.667947	-0.670403	-0.672672	-0.674753	-0.676644	-0.678344	-0.679854	-0.68117	-0.682294	-0.683224	-0.683959	-0.684498	-0.684842	-0.684989	-0.68494	-0.684693	-0.684248	-0.683605	-0.682764	-0.681725	-0.680488	-0.679052	-0.677417	-0.675585	-0.673554	-0.671326	-0.6689	-0.666277	-0.663457	-0.660441	-0.65723	-0.653823	-0.650223	-0.646429	-0.642442	-0.638264	-0.633896	-0.629337	-0.62459	-0.619656	-0.614535	-0.60923	-0.603741	-0.598071	-0.592219	-0.586189	-0.579982	-0.573599	-0.567042	-0.560312	-0.553413	-0.546345	-0.539111	-0.531713	-0.524152	-0.516432	-0.508553	-0.500519	-0.492332	-0.483994	-0.475507	-0.466875	-0.458099	-0.449182	-0.440127	-0.430937	-0.421614	-0.412161	-0.402581	-0.392876	-0.38305	-0.373106	-0.363046	-0.352874	-0.342593	-0.332206	-0.321716	-0.311126	-0.300439	-0.289659	-0.27879	-0.267833	-0.256794	-0.245674	-0.234479	-0.22321	-0.211872	-0.200468	-0.189001	-0.177476	-0.165895	-0.154262	-0.142582	-0.130857	-0.119091	-0.107288	-0.0954516	-0.0835855	-0.0716932	-0.0597785	-0.0478452	-0.035897	-0.0239376	-0.0119706	0
0	0.00427496	0.00855151	0.0128312	0.0171157	0.0214066	0.0257053	0.0300135	0.0343328	0.0386646	0.0430105	0.047372	0.0517506	0.0561477	0.0605648	0.0650034	0.0694648	0.0739503	0.0784614	0.0829993	0.0875654	0.0921607	0.0967867	0.101444	0.106135	0.11086	0.115619	0.120415	0.125247	0.130118	0.135027	0.139976	0.144965	0.149995	0.155067	0.160182	0.165339	0.17054	0.175784	0.181073	0.186407	0.191785	0.197208	0.202676	0.20819	0.213749	0.219353	0.225002	0.230696	0.236435	0.242218	0.248045	0.253916	0.25983	0.265786	0.271783	0.277822	0.283901	0.290019	0.296175	0.302369	0.308599	0.314865	0.321164	0.327496	0.333859	0.340251	0.346672	0.35312	0.359593	0.366089	0.372607	0.379145	0.3857	0.392272	0.398857	0.405453	0.41206	0.418673	0.425292	0.431913	0.438534	0.445154	0.451768	0.458375	0.464972	0.471556	0.478124	0.484674	0.491203	0.497708	0.504186	0.510633	0.517048	0.523426	0.529765	0.536061	0.542312	0.548513	0.554663	0.560756	0.566791	0.572763	0.57867	0.584507	0.590272	0.59596	0.601569	0.607095	0.612534	0.617883	0.623138	0.628295	0.633352	0.638304	0.643148	0.64788	0.652498	0.656996	0.661372	0.665622	0.669742	0.673729	0.67758	0.68129	0.684857	0.688277	0.691546	0.694662	0.69762	0.700417	0.70305	0.705516	0.707812	0.709933	0.711878	0.713643	0.715225	0.71662	0.717826	0.718841	0.71966	0.720282	0.720703	0.720921	0.720933	0.720737	0.72033	0.719709	0.718873	0.71782	0.716546	0.71505	0.713329	0.711383	0.709208	0.706804	0.704168	0.701299	0.698196	0.694856	0.691278	0.687463	0.683407	0.67911	0.674572	0.669791	0.664766	0.659498	0.653985	0.648227	0.642224	0.635975	0.629481	0.622741	0.615755	0.608524	0.601049	0.593328	0.585364	0.577157	0.568707	0.560016	0.551084	0.541913	0.532504	0.522858	0.512977	0.502862	0.492515	0.481939	0.471134	0.460103	0.448849	0.437373	0.425678	0.413766	0.401641	0.389304	0.376759	0.364009	0.351057	0.337907	0.32456	0.311022	0.297295	0.283383	0.26929	0.25502	0.240577	0.225965	0.211188	0.19625	0.181156	0.16591	0.150517	0.134982	0.119309	0.103503	0.0875691	0.0715126	0.0553384	0.0390517	0.0226579	0.00616231	-0.0104296	-0.0271122	-0.0438801	-0.0607273	-0.0776484	-0.0946373	-0.111688	-0.128795	-0.145952	-0.163153	-0.180392	-0.197663	-0.214959	-0.232274	-0.249602	-0.266937	-0.284272	-0.3016	-0.318916	-0.336212	-0.353483	-0.370721	-0.387921	-0.405074	-0.422176	-0.439219	-0.456196	-0.473102	-0.489928	-0.50667	-0.523319	-0.53987	-0.556315	-0.572649	-0.588864	-0.604953	-0.620912	-0.636731	-0.652407	-0.66793	-0.683296	-0.698498	-0.71353	-0.728384	-0.743055	-0.757537	-0.771822	-0.785906	-0.799782	-0.813444	-0.826886	-0.840103	-0.853087	-0.865834	-0.878337	-0.890592	-0.902592	-0.914332	-0.925807	-0.937012	-0.94794	-0.958588	-0.96895	-0.979021	-0.988796	-0.998271	-1.00744	-1.0163	-1.02485	-1.03308	-1.04098	-1.04856	-1.05581	-1.06273	-1.06931	-1.07554	-1.08143	-1.08698	-1.09217	-1.09701	-1.10149	-1.10561	-1.10937	-1.11276	-1.11579	-1.11845	-1.12073	-1.12264	-1.12418	-1.12534	-1.12612	-1.12652	-1.12654	-1.12617	-1.12543	-1.1243	-1.12279	-1.12089	-1.11861	-1.11594	-1.11289	-1.10945	-1.10563	-1.10142	-1.09683	-1.09186	-1.08651	-1.08078	-1.07467	-1.06818	-1.06132	-1.05408	-1.04647	-1.03849	-1.03014	-1.02142	-1.01235	-1.00291	-0.993117	-0.982969	-0.972469	-0.961621	-0.950428	-0.938895	-0.927024	-0.91482	-0.902286	-0.889428	-0.876248	-0.862751	-0.848942	-0.834826	-0.820408	-0.805691	-0.790683	-0.775386	-0.759808	-0.743952	-0.727826	-0.711434	-0.694782	-0.677877	-0.660723	-0.643328	-0.625697	-0.607837	-0.589754	-0.571455	-0.552946	-0.534234	-0.515325	-0.496227	-0.476946	-0.45749	-0.437865	-0.418079	-0.398139	-0.378052	-0.357825	-0.337466	-0.316983	-0.296383	-0.275673	-0.254861	-0.233955	-0.212963	-0.191892	-0.17075	-0.149545	-0.128284	-0.106976	-0.0856284	-0.064249	-0.0428459	-0.0214269	0
0	0.0022701	0.00454357	0.00682378	0.00911409	0.0114178	0.0137384	0.016079	0.0184431	0.0208339	0.0232547	0.0257086	0.028199	0.0307289	0.0333016	0.0359201	0.0385874	0.0413066	0.0440807	0.0469126	0.049805	0.052761	0.0557831	0.0588741	0.0620366	0.0652732	0.0685863	0.0719785	0.075452	0.0790091	0.082652	0.0863829	0.0902037	0.0941165	0.0981231	0.102225	0.106425	0.110723	0.115122	0.119622	0.124226	0.128933	0.133747	0.138666	0.143693	0.148828	0.154072	0.159426	0.164889	0.170462	0.176146	0.181941	0.187846	0.193862	0.199988	0.206225	0.212571	0.219026	0.225589	0.232261	0.239039	0.245923	0.252911	0.260003	0.267197	0.274491	0.281885	0.289376	0.296962	0.304641	0.312412	0.320272	0.328219	0.336251	0.344364	0.352557	0.360827	0.36917	0.377584	0.386066	0.394612	0.40322	0.411886	0.420605	0.429376	0.438194	0.447055	0.455956	0.464893	0.47386	0.482856	0.491874	0.500911	0.509962	0.519023	0.52809	0.537157	0.54622	0.555275	0.564316	0.573338	0.582337	0.591307	0.600244	0.609142	0.617995	0.6268	0.63555	0.644241	0.652866	0.66142	0.669899	0.678296	0.686606	0.694823	0.702943	0.710958	0.718865	0.726657	0.734329	0.741874	0.749288	0.756565	0.7637	0.770686	0.777519	0.784192	0.7907	0.797038	0.8032	0.809181	0.814976	0.820579	0.825984	0.831187	0.836182	0.840964	0.845529	0.84987	0.853984	0.857864	0.861507	0.864907	0.86806	0.870961	0.873606	0.875989	0.878108	0.879957	0.881533	0.882831	0.883847	0.884578	0.885019	0.885168	0.88502	0.884572	0.883821	0.882764	0.881397	0.879718	0.877724	0.875412	0.87278	0.869825	0.866546	0.862939	0.859003	0.854736	0.850137	0.845204	0.839936	0.83433	0.828388	0.822106	0.815486	0.808525	0.801224	0.793583	0.785601	0.777278	0.768614	0.759611	0.750269	0.740587	0.730568	0.720212	0.70952	0.698495	0.687137	0.675448	0.66343	0.651085	0.638416	0.625425	0.612115	0.598487	0.584546	0.570295	0.555736	0.540873	0.52571	0.51025	0.494498	0.478458	0.462133	0.445529	0.42865	0.4115	0.394085	0.37641	0.358479	0.340299	0.321875	0.303212	0.284317	0.265195	0.245853	0.226296	0.206531	0.186565	0.166405	0.146056	0.125527	0.104823	0.0839534	0.062924	0.0417426	0.0204167	-0.00104602	-0.0226378	-0.0443509	-0.0661773	-0.088109	-0.110138	-0.132255	-0.154454	-0.176724	-0.199058	-0.221448	-0.243884	-0.266358	-0.288861	-0.311384	-0.333919	-0.356456	-0.378987	-0.401502	-0.423993	-0.44645	-0.468865	-0.491227	-0.513529	-0.53576	-0.557912	-0.579976	-0.601942	-0.6238	-0.645542	-0.667159	-0.688642	-0.70998	-0.731166	-0.752189	-0.773041	-0.793713	-0.814196	-0.83448	-0.854557	-0.874418	-0.894054	-0.913457	-0.932617	-0.951526	-0.970175	-0.988557	-1.00666	-1.02448	-1.04201	-1.05924	-1.07615	-1.09275	-1.10903	-1.12497	-1.14057	-1.15583	-1.17073	-1.18526	-1.19943	-1.21322	-1.22663	-1.23965	-1.25227	-1.26449	-1.2763	-1.2877	-1.29867	-1.30922	-1.31934	-1.32901	-1.33825	-1.34703	-1.35537	-1.36324	-1.37066	-1.3776	-1.38408	-1.39008	-1.3956	-1.40064	-1.4052	-1.40926	-1.41283	-1.41591	-1.41849	-1.42057	-1.42215	-1.42323	-1.4238	-1.42386	-1.42341	-1.42246	-1.42099	-1.41901	-1.41652	-1.41352	-1.41	-1.40597	-1.40144	-1.39638	-1.39082	-1.38475	-1.37817	-1.37109	-1.3635	-1.3554	-1.34681	-1.33771	-1.32812	-1.31804	-1.30747	-1.29641	-1.28486	-1.27283	-1.26033	-1.24736	-1.23391	-1.22001	-1.20564	-1.19082	-1.17555	-1.15983	-1.14368	-1.1271	-1.11008	-1.09265	-1.0748	-1.05654	-1.03788	-1.01882	-0.999377	-0.97955	-0.959349	-0.938781	-0.917854	-0.896576	-0.874953	-0.852995	-0.83071	-0.808105	-0.78519	-0.761973	-0.738462	-0.714667	-0.690596	-0.666259	-0.641665	-0.616823	-0.591744	-0.566435	-0.540908	-0.515171	-0.489235	-0.463109	-0.436805	-0.410331	-0.383698	-0.356916	-0.329997	-0.302949	-0.275783	-0.248511	-0.221142	-0.193688	-0.166158	-0.138563	-0.110915	-0.0832243	-0.0555008	-0.0277558	0
0	0.00157344	0.00315086	0.00473621	0.00633346	0.00794655	0.00957943	0.011236	0.0129202	0.0146358	0.0163868	0.0181769	0.02001	0.0218897	0.0238198	0.025804	0.0278458	0.0299488	0.0321166	0.0343526	0.0366602	0.0390427	0.0415034	0.0440456	0.0466723	0.0493866	0.0521915	0.0550899	0.0580846	0.0611784	0.0643738	0.0676735	0.07108	0.0745955	0.0782224	0.0819629	0.085819	0.0897926	0.0938858	0.0981001	0.102437	0.106899	0.111486	0.116201	0.121043	0.126016	0.131118	0.136352	0.141717	0.147215	0.152846	0.15861	0.164507	0.170538	0.176702	0.182999	0.18943	0.195992	0.202687	0.209513	0.216469	0.223554	0.230768	0.238108	0.245574	0.253164	0.260876	0.268709	0.276661	0.284729	0.292912	0.301207	0.309612	0.318124	0.32674	0.335458	0.344274	0.353186	0.362191	0.371284	0.380464	0.389725	0.399065	0.408479	0.417964	0.427515	0.437129	0.446802	0.456528	0.466304	0.476124	0.485985	0.495882	0.505809	0.515762	0.525735	0.535724	0.545723	0.555728	0.565732	0.57573	0.585717	0.595688	0.605636	0.615555	0.625441	0.635287	0.645087	0.654836	0.664527	0.674154	0.683712	0.693194	0.702594	0.711906	0.721124	0.730241	0.739252	0.748149	0.756928	0.76558	0.774102	0.782485	0.790724	0.798812	0.806744	0.814513	0.822112	0.829536	0.836779	0.843834	0.850696	0.857357	0.863813	0.870058	0.876084	0.881888	0.887462	0.892801	0.897899	0.902752	0.907353	0.911696	0.915777	0.919591	0.923131	0.926394	0.929373	0.932065	0.934464	0.936566	0.938366	0.939859	0.941042	0.94191	0.942459	0.942685	0.942585	0.942154	0.941389	0.940286	0.938843	0.937055	0.934921	0.932438	0.929602	0.92641	0.922862	0.918954	0.914684	0.910051	0.905053	0.899688	0.893955	0.887852	0.88138	0.874535	0.867319	0.85973	0.851769	0.843434	0.834727	0.825647	0.816194	0.80637	0.796175	0.78561	0.774676	0.763374	0.751707	0.739675	0.727281	0.714527	0.701414	0.687946	0.674125	0.659954	0.645436	0.630574	0.615372	0.599833	0.583962	0.567761	0.551235	0.534389	0.517226	0.499753	0.481972	0.463891	0.445513	0.426845	0.407891	0.388658	0.369151	0.349377	0.329342	0.309052	0.288513	0.267733	0.246719	0.225477	0.204014	0.182338	0.160457	0.138377	0.116107	0.0936547	0.0710278	0.0482346	0.0252834	0.00218245	-0.0210597	-0.0444345	-0.0679331	-0.0915468	-0.115267	-0.139084	-0.162989	-0.186973	-0.211026	-0.235139	-0.259304	-0.283509	-0.307746	-0.332005	-0.356277	-0.38055	-0.404817	-0.429066	-0.453288	-0.477473	-0.501611	-0.525692	-0.549706	-0.573643	-0.597493	-0.621246	-0.644891	-0.668419	-0.691819	-0.715083	-0.738198	-0.761156	-0.783947	-0.80656	-0.828986	-0.851214	-0.873235	-0.89504	-0.916618	-0.937959	-0.959054	-0.979894	-1.00047	-1.02077	-1.04079	-1.06051	-1.07993	-1.09904	-1.11784	-1.1363	-1.15442	-1.1722	-1.18963	-1.20669	-1.22338	-1.23969	-1.25561	-1.27114	-1.28626	-1.30098	-1.31528	-1.32915	-1.34259	-1.35559	-1.36815	-1.38025	-1.3919	-1.40308	-1.41379	-1.42402	-1.43377	-1.44304	-1.45181	-1.46008	-1.46785	-1.47512	-1.48187	-1.4881	-1.49382	-1.49901	-1.50367	-1.5078	-1.5114	-1.51446	-1.51698	-1.51896	-1.5204	-1.52129	-1.52163	-1.52141	-1.52065	-1.51934	-1.51747	-1.51505	-1.51207	-1.50854	-1.50446	-1.49982	-1.49463	-1.48888	-1.48258	-1.47574	-1.46834	-1.4604	-1.45191	-1.44287	-1.4333	-1.42319	-1.41254	-1.40137	-1.38966	-1.37743	-1.36468	-1.35141	-1.33763	-1.32334	-1.30854	-1.29325	-1.27747	-1.26119	-1.24444	-1.22721	-1.20951	-1.19134	-1.17272	-1.15365	-1.13413	-1.11418	-1.09379	-1.07299	-1.05177	-1.03014	-1.00812	-0.985702	-0.962905	-0.939735	-0.9162	-0.892308	-0.868071	-0.843495	-0.818591	-0.793369	-0.767837	-0.742006	-0.715886	-0.689486	-0.662817	-0.635889	-0.608712	-0.581298	-0.553656	-0.525797	-0.497732	-0.469473	-0.441029	-0.412413	-0.383635	-0.354706	-0.325639	-0.296444	-0.267132	-0.237715	-0.208206	-0.178614	-0.148952	-0.119232	-0.0894651	-0.0596629	-0.0298373	0
0	0.00242001	0.00484326	0.00727299	0.00971243	0.0121648	0.0146333	0.0171211	0.0196315	0.0221675	0.0247323	0.0273291	0.0299608	0.0326306	0.0353414	0.0380963	0.0408981	0.0437498	0.0466542	0.0496141	0.0526322	0.0557113	0.058854	0.0620628	0.0653404	0.068689	0.0721112	0.0756092	0.0791854	0.0828418	0.0865805	0.0904037	0.0943132	0.098311	0.102399	0.106578	0.110851	0.115218	0.119682	0.124243	0.128903	0.133663	0.138524	0.143487	0.148553	0.153722	0.158996	0.164374	0.169857	0.175446	0.18114	0.18694	0.192846	0.198857	0.204974	0.211196	0.217523	0.223953	0.230487	0.237124	0.243862	0.250701	0.25764	0.264677	0.27181	0.279039	0.286363	0.293778	0.301283	0.308878	0.316558	0.324323	0.332169	0.340096	0.348099	0.356177	0.364327	0.372546	0.380831	0.389179	0.397587	0.406052	0.41457	0.423138	0.431753	0.440411	0.449108	0.45784	0.466604	0.475396	0.484211	0.493046	0.501895	0.510756	0.519623	0.528492	0.537358	0.546218	0.555065	0.563896	0.572706	0.58149	0.590242	0.598959	0.607634	0.616264	0.624842	0.633364	0.641824	0.650217	0.658538	0.666782	0.674943	0.683016	0.690996	0.698877	0.706653	0.71432	0.721872	0.729303	0.736608	0.743782	0.750819	0.757713	0.76446	0.771054	0.777489	0.783761	0.789863	0.795791	0.801539	0.807102	0.812475	0.817652	0.822629	0.827401	0.831962	0.836308	0.840433	0.844333	0.848002	0.851438	0.854633	0.857585	0.860289	0.86274	0.864934	0.866866	0.868533	0.869931	0.871055	0.871902	0.872468	0.872749	0.872742	0.872444	0.871851	0.87096	0.869767	0.868271	0.866468	0.864355	0.861931	0.859192	0.856136	0.852761	0.849065	0.845046	0.840703	0.836034	0.831037	0.825711	0.820055	0.814069	0.80775	0.801099	0.794114	0.786797	0.779145	0.77116	0.762842	0.75419	0.745205	0.735888	0.726239	0.71626	0.705951	0.695314	0.68435	0.673061	0.661449	0.649514	0.637261	0.62469	0.611805	0.598607	0.5851	0.571286	0.557169	0.542752	0.528038	0.513031	0.497735	0.482153	0.466289	0.450149	0.433736	0.417054	0.400109	0.382905	0.365448	0.347742	0.329793	0.311606	0.293187	0.274541	0.255675	0.236595	0.217306	0.197815	0.178129	0.158253	0.138195	0.117962	0.09756	0.0769963	0.0562783	0.0354132	0.0144083	-0.0067288	-0.0279905	-0.0493692	-0.070857	-0.092446	-0.114128	-0.135896	-0.15774	-0.179653	-0.201627	-0.223653	-0.245722	-0.267827	-0.289957	-0.312106	-0.334264	-0.356423	-0.378573	-0.400706	-0.422812	-0.444884	-0.466912	-0.488887	-0.5108	-0.532642	-0.554405	-0.576078	-0.597654	-0.619122	-0.640475	-0.661702	-0.682796	-0.703746	-0.724545	-0.745183	-0.765651	-0.78594	-0.806041	-0.825947	-0.845647	-0.865134	-0.884398	-0.903431	-0.922224	-0.94077	-0.959059	-0.977084	-0.994836	-1.01231	-1.02949	-1.04637	-1.06295	-1.07922	-1.09517	-1.11079	-1.12607	-1.14101	-1.15561	-1.16984	-1.18371	-1.19721	-1.21034	-1.22308	-1.23543	-1.24738	-1.25893	-1.27007	-1.2808	-1.29111	-1.30099	-1.31045	-1.31946	-1.32804	-1.33617	-1.34385	-1.35108	-1.35785	-1.36415	-1.36999	-1.37536	-1.38025	-1.38466	-1.3886	-1.39205	-1.39502	-1.39749	-1.39948	-1.40097	-1.40197	-1.40247	-1.40247	-1.40197	-1.40098	-1.39948	-1.39747	-1.39497	-1.39196	-1.38845	-1.38443	-1.37992	-1.3749	-1.36938	-1.36336	-1.35684	-1.34982	-1.34231	-1.3343	-1.3258	-1.31681	-1.30734	-1.29738	-1.28694	-1.27602	-1.26462	-1.25275	-1.24042	-1.22762	-1.21436	-1.20065	-1.18649	-1.17188	-1.15683	-1.14134	-1.12542	-1.10908	-1.09232	-1.07514	-1.05756	-1.03958	-1.0212	-1.00243	-0.983287	-0.963765	-0.943876	-0.923627	-0.903025	-0.882078	-0.860795	-0.839181	-0.817247	-0.794999	-0.772447	-0.749598	-0.726462	-0.703046	-0.67936	-0.655413	-0.631214	-0.606772	-0.582096	-0.557196	-0.532081	-0.50676	-0.481245	-0.455543	-0.429666	-0.403622	-0.377423	-0.351078	-0.324597	-0.29799	-0.271268	-0.244442	-0.21752	-0.190515	-0.163436	-0.136293	-0.109098	-0.0818605	-0.0545913	-0.0273009	0
0	0.00452379	0.00904894	0.0135768	0.0181088	0.0226462	0.0271903	0.0317426	0.0363043	0.0408768	0.0454614	0.0500592	0.0546717	0.0593001	0.0639456	0.0686093	0.0732925	0.0779964	0.0827221	0.0874706	0.0922431	0.0970407	0.101864	0.106715	0.111593	0.1165	0.121437	0.126405	0.131404	0.136435	0.141498	0.146595	0.151727	0.156892	0.162093	0.167329	0.172602	0.17791	0.183256	0.188638	0.194057	0.199514	0.205007	0.210539	0.216107	0.221713	0.227356	0.233035	0.238752	0.244504	0.250293	0.256117	0.261976	0.267869	0.273796	0.279756	0.285748	0.291772	0.297826	0.303909	0.310021	0.316161	0.322327	0.328518	0.334732	0.340969	0.347227	0.353505	0.3598	0.366112	0.372439	0.378778	0.385129	0.391489	0.397857	0.40423	0.410607	0.416984	0.423362	0.429736	0.436105	0.442466	0.448817	0.455157	0.461481	0.467788	0.474075	0.48034	0.486579	0.492791	0.498972	0.50512	0.511231	0.517303	0.523334	0.529319	0.535256	0.541142	0.546974	0.552749	0.558464	0.564116	0.569701	0.575216	0.580658	0.586024	0.59131	0.596514	0.601631	0.60666	0.611596	0.616435	0.621176	0.625814	0.630346	0.634769	0.639079	0.643274	0.647349	0.651301	0.655128	0.658826	0.662391	0.665821	0.669111	0.67226	0.675263	0.678118	0.68082	0.683369	0.685759	0.687988	0.690054	0.691952	0.693681	0.695236	0.696616	0.697818	0.698838	0.699674	0.700324	0.700785	0.701053	0.701127	0.701005	0.700683	0.70016	0.699434	0.698501	0.697361	0.69601	0.694447	0.692671	0.690679	0.688469	0.68604	0.683391	0.68052	0.677424	0.674104	0.670558	0.666785	0.662783	0.658552	0.65409	0.649398	0.644474	0.639318	0.633929	0.628307	0.622452	0.616363	0.61004	0.603484	0.596694	0.589671	0.582415	0.574927	0.567206	0.559254	0.551072	0.542659	0.534018	0.52515	0.516055	0.506735	0.497191	0.487424	0.477438	0.467232	0.45681	0.446172	0.435322	0.42426	0.412991	0.401515	0.389836	0.377956	0.365877	0.353603	0.341137	0.328482	0.31564	0.302615	0.289411	0.27603	0.262477	0.248755	0.234868	0.220819	0.206613	0.192254	0.177746	0.163093	0.148299	0.133369	0.118308	0.103119	0.0878086	0.0723803	0.0568392	0.0411905	0.0254389	0.00958973	-0.00635197	-0.0223809	-0.0384918	-0.0546793	-0.070938	-0.0872622	-0.103647	-0.120085	-0.136573	-0.153103	-0.169671	-0.18627	-0.202894	-0.219538	-0.236196	-0.252861	-0.269527	-0.286189	-0.30284	-0.319474	-0.336085	-0.352667	-0.369213	-0.385717	-0.402173	-0.418574	-0.434915	-0.451189	-0.467389	-0.48351	-0.499544	-0.515487	-0.53133	-0.547069	-0.562697	-0.578207	-0.593593	-0.608849	-0.623969	-0.638947	-0.653776	-0.66845	-0.682964	-0.697311	-0.711484	-0.725479	-0.73929	-0.752909	-0.766332	-0.779553	-0.792566	-0.805365	-0.817945	-0.8303	-0.842425	-0.854314	-0.865962	-0.877365	-0.888516	-0.89941	-0.910043	-0.92041	-0.930505	-0.940325	-0.949864	-0.959118	-0.968083	-0.976754	-0.985126	-0.993197	-1.00096	-1.00842	-1.01556	-1.02238	-1.02888	-1.03506	-1.04091	-1.04642	-1.05161	-1.05645	-1.06096	-1.06512	-1.06894	-1.07241	-1.07553	-1.07829	-1.08071	-1.08276	-1.08446	-1.0858	-1.08678	-1.08739	-1.08764	-1.08753	-1.08705	-1.0862	-1.08499	-1.0834	-1.08145	-1.07914	-1.07645	-1.07339	-1.06997	-1.06618	-1.06202	-1.0575	-1.05261	-1.04736	-1.04174	-1.03576	-1.02942	-1.02272	-1.01566	-1.00825	-1.00048	-0.992363	-0.983896	-0.975082	-0.965924	-0.956425	-0.946587	-0.936414	-0.925909	-0.915074	-0.903914	-0.892432	-0.880632	-0.868517	-0.856092	-0.84336	-0.830326	-0.816994	-0.803369	-0.789455	-0.775257	-0.76078	-0.746029	-0.731008	-0.715723	-0.70018	-0.684383	-0.668339	-0.652052	-0.635529	-0.618775	-0.601797	-0.5846	-0.56719	-0.549575	-0.531758	-0.513749	-0.495552	-0.477174	-0.458622	-0.439903	-0.421023	-0.401989	-0.382808	-0.363488	-0.344034	-0.324454	-0.304756	-0.284946	-0.265032	-0.24502	-0.224919	-0.204735	-0.184476	-0.16415	-0.143763	-0.123324	-0.102839	-0.0823165	-0.0617638	-0.0411885	-0.020598	0
0	0.00715001	0.0142988	0.0214453	0.0285882	0.0357264	0.0428586	0.0499837	0.0571006	0.064208	0.0713047	0.0783896	0.0854614	0.0925191	0.0995613	0.106587	0.113595	0.120584	0.127553	0.1345	0.141425	0.148326	0.155202	0.162053	0.168876	0.17567	0.182435	0.189169	0.195871	0.202539	0.209174	0.215772	0.222334	0.228858	0.235343	0.241787	0.24819	0.25455	0.260866	0.267137	0.273361	0.279538	0.285666	0.291745	0.297772	0.303747	0.309669	0.315536	0.321347	0.327101	0.332797	0.338434	0.34401	0.349524	0.354976	0.360363	0.365686	0.370942	0.37613	0.38125	0.3863	0.391278	0.396185	0.401019	0.405778	0.410461	0.415068	0.419597	0.424048	0.428418	0.432707	0.436914	0.441037	0.445077	0.44903	0.452898	0.456677	0.460368	0.463969	0.46748	0.470899	0.474225	0.477457	0.480595	0.483637	0.486582	0.489429	0.492178	0.494827	0.497376	0.499823	0.502168	0.50441	0.506548	0.50858	0.510507	0.512328	0.51404	0.515645	0.517141	0.518527	0.519802	0.520966	0.522018	0.522958	0.523784	0.524496	0.525094	0.525576	0.525942	0.526193	0.526326	0.526341	0.526239	0.526018	0.525678	0.525219	0.52464	0.523941	0.523121	0.52218	0.521119	0.519935	0.51863	0.517203	0.515653	0.513981	0.512187	0.51027	0.50823	0.506067	0.503781	0.501372	0.49884	0.496186	0.493408	0.490508	0.487486	0.48434	0.481073	0.477684	0.474173	0.47054	0.466787	0.462913	0.458918	0.454804	0.45057	0.446217	0.441745	0.437156	0.43245	0.427626	0.422687	0.417633	0.412464	0.407181	0.401785	0.396277	0.390657	0.384928	0.379088	0.373141	0.367086	0.360924	0.354657	0.348286	0.341812	0.335236	0.328559	0.321783	0.314908	0.307937	0.300871	0.29371	0.286457	0.279112	0.271678	0.264156	0.256547	0.248854	0.241076	0.233218	0.225279	0.217262	0.209168	0.201	0.192759	0.184447	0.176065	0.167617	0.159103	0.150525	0.141887	0.133189	0.124434	0.115623	0.10676	0.0978455	0.0888824	0.0798728	0.0708188	0.0617228	0.0525869	0.0434134	0.0342048	0.0249632	0.0156911	0.00639077	-0.0029353	-0.0122847	-0.0216551	-0.0310439	-0.0404487	-0.049867	-0.0592963	-0.0687341	-0.0781779	-0.087625	-0.097073	-0.106519	-0.115961	-0.125396	-0.134821	-0.144235	-0.153633	-0.163014	-0.172375	-0.181713	-0.191026	-0.200311	-0.209565	-0.218786	-0.227971	-0.237117	-0.246222	-0.255282	-0.264296	-0.273261	-0.282174	-0.291032	-0.299832	-0.308573	-0.317251	-0.325864	-0.334408	-0.342883	-0.351284	-0.35961	-0.367857	-0.376024	-0.384107	-0.392105	-0.400014	-0.407832	-0.415557	-0.423186	-0.430716	-0.438146	-0.445473	-0.452694	-0.459808	-0.466811	-0.473702	-0.480478	-0.487137	-0.493677	-0.500095	-0.50639	-0.512559	-0.5186	-0.524512	-0.530291	-0.535937	-0.541446	-0.546818	-0.55205	-0.557141	-0.562088	-0.56689	-0.571545	-0.576051	-0.580407	-0.584611	-0.588662	-0.592557	-0.596296	-0.599878	-0.603299	-0.60656	-0.609659	-0.612595	-0.615366	-0.617972	-0.620411	-0.622681	-0.624783	-0.626716	-0.628477	-0.630067	-0.631484	-0.632728	-0.633798	-0.634693	-0.635414	-0.635958	-0.636326	-0.636518	-0.636532	-0.636369	-0.636029	-0.63551	-0.634813	-0.633938	-0.632885	-0.631654	-0.630244	-0.628656	-0.62689	-0.624947	-0.622826	-0.620528	-0.618053	-0.615402	-0.612576	-0.609574	-0.606397	-0.603047	-0.599523	-0.595827	-0.59196	-0.587922	-0.583714	-0.579338	-0.574794	-0.570084	-0.565208	-0.560169	-0.554966	-0.549602	-0.544078	-0.538396	-0.532557	-0.526562	-0.520413	-0.514111	-0.50766	-0.501059	-0.494312	-0.487419	-0.480383	-0.473206	-0.465889	-0.458436	-0.450847	-0.443125	-0.435272	-0.427291	-0.419183	-0.410951	-0.402598	-0.394125	-0.385536	-0.376832	-0.368017	-0.359092	-0.35006	-0.340925	-0.331688	-0.322352	-0.31292	-0.303395	-0.29378	-0.284077	-0.274289	-0.26442	-0.254472	-0.244447	-0.23435	-0.224182	-0.213948	-0.203649	-0.19329	-0.182873	-0.172401	-0.161878	-0.151306	-0.140688	-0.130029	-0.119331	-0.108597	-0.0978299	-0.0870339	-0.0762119	-0.065367	-0.0545024	-0.0436216	-0.0327276	-0.0218239	-0.0109136	0
0	0.00930233	0.0186009	0.027892	0.0371719	0.0464369	0.0556832	0.0649071	0.0741049	0.083273	0.0924076	0.101505	0.110562	0.119574	0.128539	0.137451	0.146309	0.155108	0.163845	0.172516	0.181118	0.189648	0.198101	0.206476	0.214767	0.222973	0.23109	0.239115	0.247044	0.254875	0.262604	0.270228	0.277745	0.285151	0.292444	0.299621	0.306679	0.313615	0.320427	0.327112	0.333667	0.340091	0.34638	0.352533	0.358546	0.364419	0.370147	0.375731	0.381167	0.386453	0.391588	0.396569	0.401396	0.406066	0.410577	0.414929	0.419119	0.423146	0.42701	0.430707	0.434239	0.437602	0.440797	0.443822	0.446677	0.44936	0.451871	0.454209	0.456374	0.458365	0.460182	0.461824	0.463291	0.464583	0.465699	0.466641	0.467407	0.467998	0.468414	0.468655	0.468722	0.468614	0.468334	0.46788	0.467255	0.466457	0.465489	0.464351	0.463044	0.461569	0.459927	0.45812	0.456148	0.454012	0.451715	0.449257	0.44664	0.443866	0.440936	0.437852	0.434615	0.431228	0.427692	0.424009	0.420182	0.416211	0.412101	0.407851	0.403465	0.398946	0.394294	0.389514	0.384606	0.379574	0.37442	0.369147	0.363757	0.358252	0.352637	0.346913	0.341082	0.335149	0.329116	0.322985	0.316759	0.310442	0.304037	0.297546	0.290972	0.284319	0.27759	0.270787	0.263914	0.256974	0.24997	0.242906	0.235784	0.228607	0.22138	0.214104	0.206784	0.199422	0.192023	0.184588	0.177122	0.169627	0.162107	0.154565	0.147004	0.139428	0.131839	0.124242	0.116638	0.109032	0.101427	0.0938247	0.0862295	0.0786443	0.0710722	0.0635161	0.0559793	0.0484646	0.0409752	0.0335141	0.0260841	0.0186882	0.0113293	0.00401034	-0.00326595	-0.0104967	-0.0176793	-0.0248108	-0.0318887	-0.0389103	-0.0458729	-0.0527741	-0.0596112	-0.0663819	-0.0730837	-0.0797142	-0.0862711	-0.092752	-0.0991548	-0.105477	-0.111717	-0.117873	-0.123941	-0.129922	-0.135811	-0.141609	-0.147312	-0.152919	-0.158428	-0.163839	-0.169148	-0.174355	-0.179457	-0.184455	-0.189346	-0.194129	-0.198803	-0.203366	-0.207818	-0.212157	-0.216383	-0.220495	-0.224491	-0.228371	-0.232134	-0.23578	-0.239308	-0.242717	-0.246007	-0.249177	-0.252227	-0.255157	-0.257967	-0.260656	-0.263224	-0.265671	-0.267998	-0.270204	-0.272289	-0.274254	-0.276098	-0.277823	-0.279428	-0.280914	-0.282281	-0.283531	-0.284662	-0.285677	-0.286576	-0.287359	-0.288028	-0.288583	-0.289025	-0.289356	-0.289575	-0.289685	-0.289686	-0.289579	-0.289367	-0.289049	-0.288627	-0.288103	-0.287478	-0.286753	-0.285931	-0.285011	-0.283996	-0.282888	-0.281688	-0.280398	-0.279019	-0.277553	-0.276002	-0.274368	-0.272652	-0.270857	-0.268983	-0.267034	-0.265011	-0.262915	-0.260749	-0.258516	-0.256216	-0.253851	-0.251425	-0.248938	-0.246394	-0.243793	-0.241139	-0.238433	-0.235677	-0.232873	-0.230024	-0.227132	-0.224198	-0.221225	-0.218216	-0.215171	-0.212093	-0.208985	-0.205848	-0.202685	-0.199498	-0.196288	-0.193058	-0.18981	-0.186546	-0.183268	-0.179978	-0.176678	-0.17337	-0.170056	-0.166738	-0.163419	-0.160099	-0.15678	-0.153466	-0.150156	-0.146855	-0.143562	-0.14028	-0.137011	-0.133756	-0.130517	-0.127296	-0.124094	-0.120913	-0.117754	-0.11462	-0.111511	-0.108429	-0.105375	-0.10235	-0.0993572	-0.0963962	-0.0934689	-0.0905763	-0.0877197	-0.0849002	-0.0821189	-0.0793769	-0.076675	-0.0740144	-0.071396	-0.0688205	-0.0662889	-0.063802	-0.0613604	-0.0589649	-0.0566161	-0.0543147	-0.0520611	-0.049856	-0.0476998	-0.0455929	-0.0435357	-0.0415285	-0.0395716	-0.0376653	-0.0358097	-0.034005	-0.0322513	-0.0305486	-0.0288971	-0.0272965	-0.0257469	-0.0242481	-0.0228	-0.0214024	-0.0200549	-0.0187573	-0.0175093	-0.0163105	-0.0151604	-0.0140586	-0.0130046	-0.0119978	-0.0110376	-0.0101235	-0.00925469	-0.00843055	-0.00765033	-0.00691323	-0.00621846	-0.00556517	-0.00495248	-0.00437947	-0.0038452	-0.00334868	-0.00288892	-0.00246488	-0.00207548	-0.00171963	-0.00139621	-0.00110407	-0.000842035	-0.000608905	-0.000403461	-0.000224456	-7.06274e-05	5.93119e-05	0.000166666	0.000252758	0.000318928	0.000366532	0.000396939	0.000411535	0.000411717	0.000398893	0.000374481	0.000339911	0.000296618	0.000246045	0.000189642	0.000128861	6.51609e-05	0
0	0.00998156	0.0199575	0.0299222	0.0398701	0.0497955	0.0596929	0.0695568	0.0793814	0.0891614	0.0988912	0.108565	0.118178	0.127725	0.1372	0.146597	0.155912	0.165139	0.174273	0.18331	0.192242	0.201067	0.209779	0.218372	0.226843	0.235185	0.243396	0.251469	0.259401	0.267186	0.274822	0.282302	0.289624	0.296782	0.303773	0.310593	0.317238	0.323705	0.329989	0.336087	0.341996	0.347712	0.353232	0.358553	0.363672	0.368586	0.373292	0.377788	0.382071	0.386138	0.389988	0.393618	0.397026	0.400209	0.403168	0.405898	0.4084	0.410671	0.41271	0.414517	0.416089	0.417427	0.418529	0.419394	0.420023	0.420414	0.420568	0.420485	0.420163	0.419604	0.418808	0.417775	0.416506	0.415001	0.413262	0.411288	0.409082	0.406644	0.403976	0.401079	0.397955	0.394605	0.391032	0.387237	0.383222	0.37899	0.374542	0.369882	0.365012	0.359935	0.354653	0.349169	0.343487	0.337609	0.331539	0.32528	0.318836	0.31221	0.305405	0.298427	0.291277	0.283962	0.276483	0.268847	0.261056	0.253116	0.24503	0.236803	0.22844	0.219946	0.211325	0.202581	0.19372	0.184747	0.175667	0.166484	0.157205	0.147833	0.138375	0.128835	0.119219	0.109532	0.0997796	0.0899675	0.0801008	0.0701852	0.0602262	0.0502292	0.0402	0.0301441	0.0200671	0.00997459	-0.000127701	-0.0102342	-0.0203392	-0.030437	-0.0405221	-0.0505888	-0.0606315	-0.0706445	-0.0806222	-0.0905592	-0.10045	-0.110288	-0.120069	-0.129788	-0.139437	-0.149014	-0.15851	-0.167923	-0.177246	-0.186473	-0.195601	-0.204623	-0.213535	-0.222332	-0.231008	-0.23956	-0.247981	-0.256267	-0.264415	-0.272418	-0.280273	-0.287975	-0.29552	-0.302903	-0.310121	-0.317169	-0.324043	-0.33074	-0.337255	-0.343585	-0.349727	-0.355677	-0.361431	-0.366987	-0.37234	-0.377489	-0.38243	-0.38716	-0.391677	-0.395978	-0.400061	-0.403922	-0.407561	-0.410975	-0.414162	-0.41712	-0.419847	-0.422342	-0.424604	-0.42663	-0.428421	-0.429974	-0.431289	-0.432365	-0.433201	-0.433798	-0.434153	-0.434268	-0.434142	-0.433775	-0.433167	-0.432318	-0.431229	-0.4299	-0.428333	-0.426527	-0.424483	-0.422204	-0.419689	-0.416941	-0.41396	-0.410749	-0.407309	-0.403641	-0.399749	-0.395633	-0.391296	-0.386741	-0.381969	-0.376984	-0.371789	-0.366385	-0.360776	-0.354965	-0.348955	-0.342749	-0.336352	-0.329765	-0.322993	-0.31604	-0.308909	-0.301604	-0.294129	-0.286489	-0.278687	-0.270727	-0.262615	-0.254354	-0.24595	-0.237406	-0.228727	-0.219918	-0.210984	-0.20193	-0.19276	-0.183481	-0.174096	-0.164612	-0.155032	-0.145363	-0.13561	-0.125778	-0.115873	-0.1059	-0.095864	-0.0857713	-0.0756272	-0.0654374	-0.0552073	-0.0449426	-0.034649	-0.0243322	-0.0139979	-0.00365164	0.00670074	0.0170536	0.0274012	0.0377378	0.0480577	0.0583553	0.0686248	0.0788606	0.0890571	0.0992085	0.109309	0.119354	0.129337	0.139253	0.149096	0.158861	0.168542	0.178134	0.187632	0.197031	0.206325	0.215509	0.224579	0.233528	0.242352	0.251047	0.259607	0.268028	0.276305	0.284434	0.292409	0.300227	0.307882	0.315372	0.322692	0.329837	0.336804	0.343589	0.350188	0.356598	0.362814	0.368834	0.374654	0.38027	0.385681	0.390882	0.395871	0.400644	0.4052	0.409536	0.41365	0.417538	0.421199	0.424631	0.427832	0.4308	0.433533	0.436031	0.438291	0.440312	0.442093	0.443633	0.444931	0.445987	0.446799	0.447368	0.447692	0.447772	0.447608	0.4472	0.446547	0.445651	0.444511	0.443129	0.441504	0.439639	0.437533	0.435188	0.432605	0.429786	0.426732	0.423445	0.419926	0.416177	0.412202	0.408	0.403576	0.398931	0.394067	0.388988	0.383696	0.378195	0.372486	0.366574	0.360461	0.35415	0.347646	0.340952	0.334071	0.327007	0.319764	0.312346	0.304758	0.297002	0.289084	0.281007	0.272776	0.264397	0.255872	0.247207	0.238407	0.229476	0.22042	0.211243	0.20195	0.192547	0.183038	0.173429	0.163725	0.153931	0.144053	0.134095	0.124065	0.113966	0.103806	0.0935878	0.0833187	0.073004	0.0626493	0.0522603	0.0418426	0.031402	0.0209443	0.010475	0
0	0.00845531	0.0169044	0.0253409	0.0337586	0.0421514	0.0505129	0.0588369	0.0671174	0.075348	0.0835228	0.0916355	0.0996802	0.107651	0.115542	0.123346	0.131059	0.138674	0.146186	0.153589	0.160878	0.168046	0.175088	0.182	0.188775	0.195408	0.201895	0.20823	0.214408	0.220425	0.226276	0.231955	0.237459	0.242783	0.247923	0.252874	0.257633	0.262195	0.266557	0.270715	0.274664	0.278403	0.281927	0.285234	0.288319	0.291181	0.293817	0.296223	0.298397	0.300338	0.302042	0.303508	0.304734	0.305717	0.306458	0.306953	0.307201	0.307202	0.306955	0.306458	0.305712	0.304715	0.303466	0.301967	0.300217	0.298216	0.295963	0.293461	0.290709	0.287708	0.284459	0.280963	0.277222	0.273236	0.269007	0.264538	0.259829	0.254883	0.249702	0.244289	0.238645	0.232774	0.226678	0.220361	0.213825	0.207073	0.200109	0.192937	0.185559	0.177981	0.170205	0.162237	0.154079	0.145736	0.137214	0.128516	0.119646	0.110611	0.101415	0.0920621	0.0825585	0.0729091	0.0631194	0.0531949	0.0431409	0.0329634	0.0226679	0.0122605	0.00174688	-0.00886679	-0.0195744	-0.0303699	-0.0412469	-0.0521991	-0.0632202	-0.0743036	-0.085443	-0.0966317	-0.107863	-0.11913	-0.130427	-0.141747	-0.153082	-0.164426	-0.175773	-0.187114	-0.198444	-0.209756	-0.221042	-0.232296	-0.243511	-0.254679	-0.265795	-0.27685	-0.287839	-0.298753	-0.309587	-0.320334	-0.330986	-0.341537	-0.35198	-0.362309	-0.372516	-0.382595	-0.39254	-0.402345	-0.412001	-0.421504	-0.430847	-0.440023	-0.449027	-0.457853	-0.466493	-0.474943	-0.483197	-0.491248	-0.499092	-0.506722	-0.514134	-0.521321	-0.528279	-0.535002	-0.541485	-0.547725	-0.553715	-0.559451	-0.564928	-0.570143	-0.575091	-0.579768	-0.58417	-0.588293	-0.592133	-0.595687	-0.598951	-0.601923	-0.604599	-0.606975	-0.609051	-0.610821	-0.612286	-0.613441	-0.614285	-0.614815	-0.615031	-0.61493	-0.614512	-0.613773	-0.612715	-0.611335	-0.609633	-0.607608	-0.605259	-0.602588	-0.599592	-0.596273	-0.592632	-0.588667	-0.58438	-0.579772	-0.574844	-0.569596	-0.564031	-0.55815	-0.551954	-0.545445	-0.538626	-0.531498	-0.524064	-0.516327	-0.508289	-0.499953	-0.491323	-0.482401	-0.473191	-0.463696	-0.453921	-0.443869	-0.433544	-0.422951	-0.412094	-0.400976	-0.389604	-0.377982	-0.366115	-0.354007	-0.341665	-0.329094	-0.316298	-0.303285	-0.290059	-0.276627	-0.262995	-0.249168	-0.235154	-0.220958	-0.206587	-0.192049	-0.177348	-0.162493	-0.147491	-0.132348	-0.117071	-0.101668	-0.0861465	-0.0705133	-0.0547761	-0.0389424	-0.0230198	-0.00701611	0.00906103	0.0252038	0.0414043	0.0576546	0.0739468	0.0902729	0.106625	0.122995	0.139374	0.155755	0.172129	0.188489	0.204826	0.221131	0.237398	0.253617	0.26978	0.28588	0.301907	0.317855	0.333714	0.349477	0.365136	0.380683	0.396109	0.411407	0.426569	0.441587	0.456453	0.47116	0.4857	0.500066	0.514249	0.528242	0.542039	0.555631	0.569013	0.582176	0.595113	0.607818	0.620284	0.632505	0.644473	0.656183	0.667628	0.678801	0.689697	0.700311	0.710635	0.720664	0.730393	0.739817	0.74893	0.757727	0.766203	0.774353	0.782174	0.789659	0.796805	0.803608	0.810064	0.816169	0.821919	0.827311	0.832342	0.837008	0.841306	0.845235	0.84879	0.85197	0.854773	0.857196	0.859237	0.860896	0.86217	0.863059	0.863561	0.863675	0.8634	0.862737	0.861684	0.860242	0.858411	0.856191	0.853582	0.850586	0.847202	0.843432	0.839278	0.83474	0.829821	0.824522	0.818845	0.812792	0.806367	0.79957	0.792406	0.784876	0.776985	0.768735	0.760131	0.751174	0.741871	0.732224	0.722238	0.711916	0.701265	0.690288	0.67899	0.667376	0.655452	0.643223	0.630694	0.617871	0.60476	0.591367	0.577698	0.563759	0.549556	0.535096	0.520387	0.505433	0.490243	0.474823	0.459181	0.443324	0.427259	0.410993	0.394534	0.377891	0.36107	0.344079	0.326927	0.309621	0.292169	0.27458	0.256862	0.239024	0.221072	0.203017	0.184866	0.166629	0.148313	0.129927	0.11148	0.0929799	0.0744365	0.0558581	0.0372533	0.0186311	0
0	0.00447486	0.00894432	0.013403	0.0178455	0.0222665	0.0266606	0.0310225	0.0353468	0.0396283	0.0438617	0.0480418	0.0521634	0.0562213	0.0602105	0.0641258	0.0679624	0.0717151	0.0753792	0.0789497	0.082422	0.0857913	0.089053	0.0922026	0.0952355	0.0981473	0.100934	0.103591	0.106114	0.1085	0.110743	0.112842	0.114791	0.116587	0.118226	0.119706	0.121022	0.122172	0.123153	0.123961	0.124594	0.125049	0.125323	0.125414	0.12532	0.125038	0.124566	0.123903	0.123047	0.121995	0.120747	0.119301	0.117655	0.11581	0.113763	0.111514	0.109062	0.106407	0.103549	0.100486	0.0972202	0.0937503	0.0900768	0.0862002	0.0821209	0.0778397	0.0733574	0.068675	0.0637937	0.0587146	0.0534393	0.0479694	0.0423065	0.0364526	0.0304097	0.02418	0.0177657	0.0111695	0.0043938	-0.00255854	-0.00968465	-0.0169815	-0.0244459	-0.0320746	-0.039864	-0.0478107	-0.0559109	-0.0641608	-0.0725564	-0.0810935	-0.0897681	-0.0985758	-0.107512	-0.116572	-0.125752	-0.135046	-0.14445	-0.153958	-0.163566	-0.173268	-0.18306	-0.192934	-0.202887	-0.212912	-0.223004	-0.233157	-0.243365	-0.253623	-0.263923	-0.274261	-0.28463	-0.295024	-0.305436	-0.315861	-0.326292	-0.336722	-0.347145	-0.357556	-0.367946	-0.37831	-0.38864	-0.398931	-0.409176	-0.419368	-0.4295	-0.439566	-0.449559	-0.459473	-0.4693	-0.479034	-0.488669	-0.498197	-0.507612	-0.516908	-0.526078	-0.535115	-0.544013	-0.552765	-0.561365	-0.569807	-0.578084	-0.586189	-0.594118	-0.601863	-0.609418	-0.616777	-0.623935	-0.630886	-0.637623	-0.644142	-0.650435	-0.656499	-0.662327	-0.667914	-0.673255	-0.678344	-0.683177	-0.687749	-0.692055	-0.696091	-0.699851	-0.703331	-0.706528	-0.709436	-0.712052	-0.714372	-0.716392	-0.718109	-0.719519	-0.720619	-0.721405	-0.721875	-0.722025	-0.721854	-0.721358	-0.720535	-0.719383	-0.7179	-0.716084	-0.713933	-0.711445	-0.70862	-0.705456	-0.701952	-0.698107	-0.693921	-0.689392	-0.684522	-0.679309	-0.673753	-0.667855	-0.661616	-0.655035	-0.648114	-0.640853	-0.633254	-0.625318	-0.617047	-0.608442	-0.599504	-0.590237	-0.580642	-0.570722	-0.56048	-0.549917	-0.539037	-0.527844	-0.516341	-0.50453	-0.492416	-0.480002	-0.467294	-0.454294	-0.441007	-0.427437	-0.41359	-0.39947	-0.385083	-0.370432	-0.355525	-0.340365	-0.32496	-0.309314	-0.293433	-0.277324	-0.260993	-0.244447	-0.227691	-0.210732	-0.193578	-0.176235	-0.15871	-0.14101	-0.123142	-0.105115	-0.0869347	-0.0686096	-0.0501472	-0.0315552	-0.0128417	0.00598545	0.0249181	0.0439481	0.0630672	0.0822671	0.101539	0.120875	0.140267	0.159705	0.179181	0.198687	0.218214	0.237752	0.257293	0.276828	0.296349	0.315846	0.33531	0.354732	0.374104	0.393417	0.41266	0.431827	0.450906	0.46989	0.48877	0.507536	0.52618	0.544692	0.563064	0.581288	0.599354	0.617253	0.634977	0.652517	0.669866	0.687013	0.703951	0.720672	0.737166	0.753427	0.769445	0.785214	0.800724	0.815968	0.830939	0.845629	0.860029	0.874134	0.887935	0.901426	0.914599	0.927448	0.939966	0.952146	0.963982	0.975467	0.986595	0.997361	1.00776	1.01778	1.02742	1.03668	1.04555	1.05402	1.06209	1.06976	1.07702	1.08386	1.09028	1.09629	1.10187	1.10701	1.11173	1.11601	1.11985	1.12325	1.12621	1.12871	1.13077	1.13238	1.13354	1.13424	1.13449	1.13428	1.13361	1.13249	1.1309	1.12886	1.12636	1.1234	1.11998	1.1161	1.11176	1.10697	1.10172	1.09602	1.08987	1.08327	1.07622	1.06872	1.06078	1.0524	1.04358	1.03433	1.02464	1.01453	1.00399	0.99303	0.981656	0.969869	0.957675	0.945078	0.932084	0.918696	0.904921	0.890764	0.876231	0.861326	0.846057	0.83043	0.81445	0.798125	0.781461	0.764465	0.747143	0.729504	0.711553	0.6933	0.674751	0.655913	0.636796	0.617407	0.597754	0.577845	0.557689	0.537294	0.516669	0.495823	0.474764	0.453502	0.432045	0.410403	0.388585	0.366599	0.344456	0.322166	0.299737	0.277178	0.254501	0.231715	0.208828	0.185852	0.162796	0.13967	0.116483	0.0932469	0.0699703	0.0466636	0.0233368	0
0	-0.00161372	-0.0032305	-0.00485342	-0.00648552	-0.00812987	-0.00978951	-0.0114675	-0.0131667	-0.0148903	-0.0166412	-0.0184223	-0.0202365	-0.0220868	-0.023976	-0.025907	-0.0278824	-0.0299052	-0.0319779	-0.0341032	-0.0362839	-0.0385223	-0.0408211	-0.0431827	-0.0456095	-0.0481039	-0.0506681	-0.0533044	-0.056015	-0.0588019	-0.0616672	-0.0646127	-0.0676405	-0.0707523	-0.0739498	-0.0772347	-0.0806086	-0.0840729	-0.0876291	-0.0912785	-0.0950222	-0.0988616	-0.102798	-0.106831	-0.110963	-0.115194	-0.119525	-0.123957	-0.12849	-0.133124	-0.13786	-0.142697	-0.147637	-0.152678	-0.157822	-0.163067	-0.168413	-0.173861	-0.179409	-0.185056	-0.190803	-0.196647	-0.20259	-0.208628	-0.214761	-0.220988	-0.227308	-0.233719	-0.240219	-0.246807	-0.25348	-0.260238	-0.267078	-0.273998	-0.280996	-0.28807	-0.295217	-0.302434	-0.30972	-0.317071	-0.324484	-0.331958	-0.339488	-0.347073	-0.354708	-0.36239	-0.370117	-0.377884	-0.385689	-0.393527	-0.401396	-0.409291	-0.417209	-0.425145	-0.433096	-0.441058	-0.449026	-0.456997	-0.464967	-0.47293	-0.480883	-0.488822	-0.496742	-0.504637	-0.512505	-0.52034	-0.528138	-0.535894	-0.543603	-0.551261	-0.558863	-0.566403	-0.573878	-0.581281	-0.58861	-0.595857	-0.60302	-0.610092	-0.617068	-0.623945	-0.630716	-0.637377	-0.643923	-0.650349	-0.656649	-0.66282	-0.668856	-0.674753	-0.680504	-0.686106	-0.691554	-0.696843	-0.701968	-0.706925	-0.711708	-0.716313	-0.720736	-0.724971	-0.729015	-0.732863	-0.736511	-0.739954	-0.743188	-0.746209	-0.749012	-0.751594	-0.753951	-0.756078	-0.757972	-0.75963	-0.761046	-0.762219	-0.763145	-0.763819	-0.764239	-0.764402	-0.764304	-0.763943	-0.763315	-0.762419	-0.76125	-0.759808	-0.758088	-0.75609	-0.75381	-0.751247	-0.748399	-0.745264	-0.74184	-0.738126	-0.73412	-0.729822	-0.725229	-0.720341	-0.715157	-0.709676	-0.703897	-0.697821	-0.691447	-0.684774	-0.677803	-0.670533	-0.662965	-0.6551	-0.646938	-0.638479	-0.629725	-0.620676	-0.611334	-0.6017	-0.591775	-0.581561	-0.57106	-0.560273	-0.549203	-0.537852	-0.526222	-0.514316	-0.502136	-0.489685	-0.476967	-0.463983	-0.450738	-0.437235	-0.423478	-0.409469	-0.395214	-0.380715	-0.365977	-0.351004	-0.335801	-0.320372	-0.304722	-0.288855	-0.272777	-0.256493	-0.240007	-0.223325	-0.206452	-0.189395	-0.172158	-0.154748	-0.13717	-0.11943	-0.101535	-0.0834909	-0.0653037	-0.04698	-0.0285264	-0.00994947	0.00874394	0.0275471	0.0464529	0.0654546	0.0845449	0.103717	0.122963	0.142276	0.161648	0.181073	0.200542	0.220049	0.239584	0.259141	0.278712	0.29829	0.317865	0.337431	0.35698	0.376502	0.395992	0.41544	0.434839	0.45418	0.473456	0.492658	0.511778	0.530809	0.549742	0.56857	0.587283	0.605875	0.624336	0.64266	0.660838	0.678862	0.696724	0.714417	0.731932	0.749262	0.766399	0.783336	0.800064	0.816576	0.832865	0.848923	0.864743	0.880318	0.89564	0.910702	0.925497	0.940019	0.95426	0.968213	0.981872	0.995231	1.00828	1.02102	1.03344	1.04553	1.05729	1.06871	1.07979	1.09052	1.1009	1.11091	1.12057	1.12985	1.13875	1.14728	1.15542	1.16317	1.17053	1.17749	1.18404	1.1902	1.19594	1.20127	1.20619	1.21068	1.21476	1.21841	1.22163	1.22442	1.22678	1.2287	1.23018	1.23123	1.23184	1.23201	1.23173	1.23101	1.22984	1.22823	1.22618	1.22367	1.22072	1.21733	1.21349	1.2092	1.20447	1.1993	1.19368	1.18762	1.18112	1.17419	1.16681	1.159	1.15076	1.14209	1.13299	1.12347	1.11352	1.10316	1.09238	1.08118	1.06958	1.05758	1.04517	1.03237	1.01918	1.0056	0.991634	0.977293	0.962579	0.947497	0.932053	0.916253	0.900102	0.883606	0.86677	0.849602	0.832108	0.814293	0.796164	0.777729	0.758994	0.739966	0.720653	0.701061	0.681197	0.66107	0.640687	0.620056	0.599185	0.578081	0.556752	0.535208	0.513456	0.491504	0.46936	0.447035	0.424535	0.40187	0.379049	0.35608	0.332972	0.309734	0.286375	0.262905	0.239332	0.215666	0.191916	0.168091	0.1442	0.120253	0.0962586	0.0722268	0.0481669	0.0240882	0
0	-0.00889392	-0.0177875	-0.0266805	-0.0355726	-0.0444634	-0.0533527	-0.0622401	-0.0711253	-0.0800079	-0.0888877	-0.0977642	-0.106637	-0.115506	-0.124371	-0.133231	-0.142085	-0.150935	-0.159778	-0.168614	-0.177444	-0.186267	-0.195081	-0.203887	-0.212684	-0.221471	-0.230249	-0.239015	-0.24777	-0.256514	-0.265244	-0.273961	-0.282664	-0.291352	-0.300024	-0.30868	-0.317318	-0.325938	-0.334539	-0.34312	-0.35168	-0.360218	-0.368733	-0.377224	-0.38569	-0.39413	-0.402543	-0.410926	-0.41928	-0.427604	-0.435894	-0.444152	-0.452374	-0.46056	-0.468709	-0.476818	-0.484887	-0.492914	-0.500897	-0.508836	-0.516727	-0.52457	-0.532363	-0.540104	-0.547792	-0.555424	-0.563	-0.570516	-0.577972	-0.585366	-0.592695	-0.599958	-0.607152	-0.614276	-0.621327	-0.628305	-0.635205	-0.642027	-0.648769	-0.655428	-0.662001	-0.668488	-0.674885	-0.681191	-0.687403	-0.693518	-0.699536	-0.705452	-0.711266	-0.716974	-0.722575	-0.728066	-0.733444	-0.738708	-0.743854	-0.748881	-0.753787	-0.758567	-0.763222	-0.767747	-0.772141	-0.776401	-0.780524	-0.784509	-0.788353	-0.792053	-0.795608	-0.799014	-0.80227	-0.805373	-0.80832	-0.81111	-0.813741	-0.816208	-0.818512	-0.820649	-0.822616	-0.824413	-0.826036	-0.827484	-0.828754	-0.829845	-0.830753	-0.831478	-0.832017	-0.832368	-0.832529	-0.832499	-0.832275	-0.831856	-0.83124	-0.830425	-0.82941	-0.828192	-0.826771	-0.825144	-0.823311	-0.821269	-0.819018	-0.816557	-0.813883	-0.810995	-0.807893	-0.804576	-0.801042	-0.79729	-0.79332	-0.789131	-0.784721	-0.780091	-0.77524	-0.770166	-0.76487	-0.759352	-0.75361	-0.747644	-0.741455	-0.735043	-0.728406	-0.721546	-0.714463	-0.707156	-0.699626	-0.691873	-0.683898	-0.675701	-0.667283	-0.658645	-0.649787	-0.640711	-0.631416	-0.621905	-0.612179	-0.602238	-0.592084	-0.581718	-0.571143	-0.560359	-0.549367	-0.538171	-0.526772	-0.515171	-0.503371	-0.491373	-0.479181	-0.466796	-0.45422	-0.441457	-0.428509	-0.415377	-0.402066	-0.388578	-0.374916	-0.361082	-0.347081	-0.332914	-0.318586	-0.304099	-0.289457	-0.274664	-0.259724	-0.244639	-0.229413	-0.214051	-0.198556	-0.182933	-0.167184	-0.151316	-0.135331	-0.119233	-0.103028	-0.0867202	-0.0703131	-0.0538118	-0.0372209	-0.0205449	-0.00378879	0.0130428	0.0299449	0.0469126	0.0639409	0.0810248	0.0981593	0.115339	0.132559	0.149814	0.167098	0.184407	0.201735	0.219076	0.236426	0.253778	0.271126	0.288467	0.305793	0.3231	0.340381	0.357632	0.374845	0.392016	0.409139	0.426209	0.443218	0.460162	0.477035	0.493831	0.510545	0.52717	0.5437	0.560131	0.576456	0.592669	0.608765	0.624738	0.640582	0.656291	0.671861	0.687284	0.702556	0.717671	0.732623	0.747407	0.762017	0.776448	0.790695	0.804751	0.818612	0.832272	0.845726	0.858969	0.871995	0.884801	0.897379	0.909727	0.921837	0.933707	0.945331	0.956704	0.967821	0.978679	0.989272	0.999597	1.00965	1.01942	1.02891	1.03812	1.04704	1.05566	1.06399	1.07201	1.07973	1.08714	1.09424	1.10103	1.10749	1.11364	1.11946	1.12495	1.13012	1.13495	1.13945	1.1436	1.14742	1.1509	1.15403	1.15681	1.15925	1.16133	1.16307	1.16445	1.16548	1.16615	1.16646	1.16642	1.16601	1.16525	1.16413	1.16264	1.1608	1.15859	1.15602	1.1531	1.14981	1.14615	1.14214	1.13777	1.13304	1.12795	1.1225	1.1167	1.11054	1.10403	1.09716	1.08995	1.08238	1.07447	1.06621	1.05761	1.04867	1.03939	1.02978	1.01983	1.00955	0.998946	0.988015	0.976763	0.965193	0.953308	0.941112	0.928608	0.915801	0.902694	0.88929	0.875595	0.861612	0.847346	0.8328	0.817981	0.802891	0.787537	0.771922	0.756052	0.739932	0.723566	0.706961	0.690121	0.673053	0.65576	0.63825	0.620527	0.602598	0.584468	0.566143	0.54763	0.528934	0.510061	0.491018	0.471811	0.452446	0.432929	0.413268	0.393469	0.373538	0.353481	0.333307	0.31302	0.292629	0.272139	0.251558	0.230893	0.21015	0.189337	0.16846	0.147526	0.126543	0.105518	0.0844569	0.0633675	0.0422568	0.021132	0
0	-0.0160384	-0.0320728	-0.048099	-0.0641131	-0.0801109	-0.0960885	-0.112042	-0.127967	-0.143859	-0.159715	-0.175531	-0.191302	-0.207025	-0.222695	-0.238309	-0.253863	-0.269352	-0.284774	-0.300123	-0.315396	-0.33059	-0.3457	-0.360722	-0.375654	-0.39049	-0.405227	-0.419862	-0.434391	-0.44881	-0.463115	-0.477303	-0.491371	-0.505314	-0.51913	-0.532814	-0.546364	-0.559776	-0.573046	-0.586172	-0.599149	-0.611975	-0.624646	-0.63716	-0.649513	-0.661701	-0.673723	-0.685575	-0.697253	-0.708756	-0.720079	-0.731221	-0.742179	-0.752949	-0.763529	-0.773917	-0.78411	-0.794105	-0.8039	-0.813492	-0.822879	-0.832059	-0.841029	-0.849787	-0.858332	-0.86666	-0.87477	-0.88266	-0.890327	-0.897771	-0.904989	-0.911979	-0.91874	-0.92527	-0.931567	-0.93763	-0.943457	-0.949048	-0.9544	-0.959512	-0.964383	-0.969012	-0.973399	-0.97754	-0.981437	-0.985087	-0.988491	-0.991646	-0.994553	-0.997211	-0.999619	-1.00178	-1.00368	-1.00534	-1.00674	-1.0079	-1.0088	-1.00944	-1.00984	-1.00998	-1.00987	-1.00951	-1.0089	-1.00803	-1.00691	-1.00555	-1.00393	-1.00206	-0.999938	-0.997569	-0.994952	-0.992088	-0.988976	-0.985618	-0.982015	-0.978168	-0.974078	-0.969745	-0.965172	-0.960359	-0.955307	-0.950019	-0.944495	-0.938736	-0.932745	-0.926523	-0.920072	-0.913392	-0.906487	-0.899358	-0.892006	-0.884433	-0.876643	-0.868635	-0.860414	-0.85198	-0.843336	-0.834485	-0.825427	-0.816167	-0.806706	-0.797046	-0.787191	-0.777142	-0.766903	-0.756475	-0.745862	-0.735066	-0.72409	-0.712937	-0.70161	-0.690111	-0.678444	-0.666611	-0.654616	-0.642461	-0.63015	-0.617685	-0.605071	-0.592309	-0.579404	-0.566358	-0.553176	-0.539859	-0.526412	-0.512839	-0.499141	-0.485324	-0.47139	-0.457342	-0.443186	-0.428923	-0.414557	-0.400093	-0.385534	-0.370883	-0.356144	-0.341321	-0.326417	-0.311437	-0.296384	-0.281261	-0.266073	-0.250824	-0.235516	-0.220154	-0.204743	-0.189284	-0.173784	-0.158244	-0.14267	-0.127065	-0.111432	-0.0957767	-0.0801019	-0.0644115	-0.0487096	-0.0330001	-0.0172867	-0.00157344	0.0141359	0.0298373	0.0455271	0.0612012	0.0768559	0.0924873	0.108092	0.123665	0.139203	0.154703	0.17016	0.185572	0.200933	0.21624	0.23149	0.246679	0.261802	0.276857	0.29184	0.306747	0.321574	0.336318	0.350975	0.365542	0.380014	0.39439	0.408664	0.422834	0.436896	0.450847	0.464683	0.478402	0.491999	0.505471	0.518816	0.53203	0.545109	0.558051	0.570852	0.58351	0.596022	0.608383	0.620592	0.632646	0.644541	0.656275	0.667845	0.679248	0.690481	0.701543	0.712429	0.723138	0.733667	0.744014	0.754175	0.764149	0.773934	0.783526	0.792924	0.802126	0.811129	0.819931	0.82853	0.836924	0.845111	0.85309	0.860858	0.868413	0.875755	0.88288	0.889788	0.896476	0.902944	0.909189	0.915211	0.921008	0.926578	0.931921	0.937035	0.941918	0.946571	0.950991	0.955179	0.959132	0.96285	0.966332	0.969577	0.972586	0.975356	0.977888	0.980181	0.982234	0.984047	0.98562	0.986952	0.988043	0.988893	0.989502	0.98987	0.989996	0.989881	0.989525	0.988928	0.98809	0.987012	0.985693	0.984135	0.982337	0.980301	0.978026	0.975514	0.972764	0.969779	0.966558	0.963102	0.959413	0.95549	0.951337	0.946952	0.942338	0.937495	0.932425	0.92713	0.92161	0.915866	0.909901	0.903716	0.897312	0.890691	0.883855	0.876804	0.869542	0.86207	0.854389	0.846502	0.83841	0.830116	0.821621	0.812928	0.804039	0.794955	0.78568	0.776215	0.766563	0.756726	0.746707	0.736508	0.726131	0.715579	0.704854	0.69396	0.682898	0.671672	0.660284	0.648737	0.637034	0.625178	0.613171	0.601017	0.588717	0.576277	0.563697	0.550982	0.538134	0.525157	0.512054	0.498827	0.485481	0.472018	0.458441	0.444754	0.43096	0.417063	0.403065	0.388971	0.374783	0.360505	0.34614	0.331692	0.317165	0.302561	0.287885	0.27314	0.258329	0.243455	0.228524	0.213537	0.1985	0.183414	0.168285	0.153115	0.137909	0.122669	0.1074	0.0921049	0.0767879	0.0614525	0.0461023	0.030741	0.0153723	0
0	-0.021573	-0.0431385	-0.0646893	-0.086218	-0.107717	-0.129179	-0.150597	-0.171963	-0.193271	-0.214512	-0.23568	-0.256767	-0.277766	-0.298671	-0.319473	-0.340166	-0.360742	-0.381196	-0.401519	-0.421705	-0.441747	-0.461638	-0.481372	-0.500942	-0.520341	-0.539563	-0.558601	-0.577449	-0.596101	-0.61455	-0.632791	-0.650817	-0.668622	-0.686201	-0.703547	-0.720655	-0.737519	-0.754134	-0.770495	-0.786595	-0.80243	-0.817995	-0.833285	-0.848295	-0.863019	-0.877455	-0.891595	-0.905438	-0.918977	-0.932209	-0.945131	-0.957736	-0.970023	-0.981988	-0.993626	-1.00493	-1.01591	-1.02655	-1.03685	-1.04681	-1.05642	-1.06568	-1.0746	-1.08316	-1.09136	-1.09921	-1.1067	-1.11383	-1.1206	-1.127	-1.13304	-1.13871	-1.14401	-1.14895	-1.15351	-1.1577	-1.16152	-1.16497	-1.16805	-1.17075	-1.17308	-1.17504	-1.17663	-1.17784	-1.17869	-1.17916	-1.17926	-1.179	-1.17837	-1.17737	-1.176	-1.17427	-1.17218	-1.16973	-1.16692	-1.16375	-1.16023	-1.15635	-1.15212	-1.14755	-1.14263	-1.13737	-1.13177	-1.12583	-1.11956	-1.11295	-1.10602	-1.09877	-1.0912	-1.0833	-1.0751	-1.06659	-1.05777	-1.04865	-1.03923	-1.02952	-1.01951	-1.00923	-0.998665	-0.987824	-0.976712	-0.965335	-0.953696	-0.9418	-0.929653	-0.917259	-0.904624	-0.891753	-0.87865	-0.865322	-0.851774	-0.83801	-0.824037	-0.80986	-0.795485	-0.780916	-0.766161	-0.751224	-0.736111	-0.720829	-0.705382	-0.689777	-0.67402	-0.658116	-0.642072	-0.625893	-0.609585	-0.593155	-0.576609	-0.559952	-0.54319	-0.52633	-0.509377	-0.492338	-0.475218	-0.458025	-0.440763	-0.423438	-0.406058	-0.388627	-0.371152	-0.353639	-0.336093	-0.318521	-0.300929	-0.283321	-0.265706	-0.248087	-0.230471	-0.212864	-0.195271	-0.177697	-0.16015	-0.142634	-0.125154	-0.107717	-0.0903267	-0.0729899	-0.0557113	-0.0384964	-0.0213502	-0.004278	0.0127152	0.0296243	0.0464444	0.0631707	0.0797982	0.0963222	0.112738	0.129041	0.145227	0.161291	0.177229	0.193037	0.20871	0.224244	0.239636	0.25488	0.269974	0.284914	0.299695	0.314315	0.328769	0.343055	0.357168	0.371106	0.384865	0.398443	0.411836	0.425042	0.438057	0.45088	0.463506	0.475935	0.488163	0.500188	0.512008	0.523621	0.535024	0.546217	0.557196	0.56796	0.578508	0.588838	0.598948	0.608838	0.618505	0.62795	0.637169	0.646164	0.654932	0.663473	0.671787	0.679872	0.687728	0.695355	0.702752	0.709919	0.716856	0.723563	0.73004	0.736287	0.742303	0.74809	0.753648	0.758977	0.764078	0.76895	0.773596	0.778015	0.782209	0.786178	0.789923	0.793445	0.796746	0.799826	0.802688	0.805331	0.807758	0.809969	0.811968	0.813754	0.815329	0.816696	0.817856	0.818811	0.819562	0.820112	0.820462	0.820614	0.820571	0.820334	0.819906	0.819289	0.818485	0.817496	0.816324	0.814972	0.813443	0.811737	0.809859	0.80781	0.805593	0.803209	0.800663	0.797956	0.79509	0.792069	0.788895	0.78557	0.782098	0.77848	0.774719	0.770819	0.76678	0.762608	0.758303	0.753868	0.749307	0.744621	0.739814	0.734887	0.729845	0.724689	0.719421	0.714045	0.708564	0.702978	0.697293	0.691508	0.685629	0.679656	0.673592	0.66744	0.661202	0.654881	0.648479	0.641999	0.635442	0.628811	0.622109	0.615338	0.608499	0.601596	0.59463	0.587603	0.580518	0.573376	0.566181	0.558933	0.551634	0.544288	0.536895	0.529457	0.521976	0.514455	0.506894	0.499296	0.491661	0.483993	0.476292	0.46856	0.460798	0.453009	0.445192	0.43735	0.429485	0.421597	0.413687	0.405757	0.397809	0.389842	0.381859	0.37386	0.365847	0.35782	0.349781	0.341729	0.333667	0.325595	0.317513	0.309423	0.301326	0.293221	0.28511	0.276993	0.26887	0.260743	0.252612	0.244477	0.236339	0.228198	0.220054	0.211909	0.203762	0.195613	0.187463	0.179312	0.17116	0.163008	0.154856	0.146703	0.138551	0.130398	0.122246	0.114094	0.105942	0.0977903	0.0896392	0.0814885	0.0733383	0.0651884	0.0570389	0.0488898	0.040741	0.0325924	0.0244441	0.016296	0.00814796	0
0	-0.0241896	-0.0483697	-0.0725307	-0.096663	-0.120757	-0.144804	-0.168793	-0.192716	-0.216562	-0.240323	-0.263989	-0.287552	-0.311	-0.334326	-0.357521	-0.380574	-0.403477	-0.426222	-0.448799	-0.471199	-0.493413	-0.515434	-0.537252	-0.558859	-0.580247	-0.601407	-0.622331	-0.64301	-0.663438	-0.683607	-0.703507	-0.723133	-0.742476	-0.761528	-0.780284	-0.798736	-0.816876	-0.834698	-0.852195	-0.869361	-0.886189	-0.902674	-0.918808	-0.934587	-0.950004	-0.965054	-0.979731	-0.99403	-1.00795	-1.02147	-1.03461	-1.04735	-1.05969	-1.07162	-1.08314	-1.09425	-1.10493	-1.1152	-1.12505	-1.13447	-1.14345	-1.15201	-1.16013	-1.16781	-1.17505	-1.18185	-1.1882	-1.19411	-1.19957	-1.20459	-1.20915	-1.21327	-1.21693	-1.22015	-1.22291	-1.22523	-1.22709	-1.2285	-1.22946	-1.22997	-1.23004	-1.22965	-1.22882	-1.22755	-1.22583	-1.22368	-1.22108	-1.21805	-1.21459	-1.21069	-1.20636	-1.20161	-1.19644	-1.19085	-1.18484	-1.17842	-1.17159	-1.16436	-1.15673	-1.1487	-1.14028	-1.13148	-1.12229	-1.11273	-1.10279	-1.09249	-1.08183	-1.07081	-1.05945	-1.04774	-1.03569	-1.02331	-1.0106	-0.997573	-0.984233	-0.970587	-0.956641	-0.942402	-0.927876	-0.913071	-0.897994	-0.882652	-0.867051	-0.8512	-0.835106	-0.818776	-0.802218	-0.785439	-0.768447	-0.75125	-0.733856	-0.716273	-0.698508	-0.680569	-0.662465	-0.644204	-0.625793	-0.607241	-0.588555	-0.569745	-0.550818	-0.531782	-0.512646	-0.493418	-0.474106	-0.454719	-0.435264	-0.415749	-0.396184	-0.376576	-0.356933	-0.337264	-0.317576	-0.297878	-0.278178	-0.258483	-0.238803	-0.219143	-0.199514	-0.179921	-0.160374	-0.140879	-0.121445	-0.102079	-0.0827887	-0.063581	-0.0444635	-0.0254435	-0.00652827	0.0122752	0.0309599	0.0495189	0.0679455	0.0862328	0.104374	0.122363	0.140194	0.157859	0.175354	0.192671	0.209805	0.226749	0.2435	0.26005	0.276394	0.292527	0.308444	0.32414	0.33961	0.354848	0.369851	0.384615	0.399133	0.413403	0.42742	0.441181	0.454681	0.467918	0.480886	0.493584	0.506008	0.518155	0.530022	0.541606	0.552906	0.563917	0.574639	0.585069	0.595205	0.605045	0.614588	0.623832	0.632776	0.641419	0.649759	0.657797	0.66553	0.672959	0.680084	0.686903	0.693417	0.699626	0.705531	0.711131	0.716426	0.721419	0.726109	0.730497	0.734585	0.738374	0.741864	0.745058	0.747958	0.750564	0.752879	0.754906	0.756645	0.758099	0.759272	0.760164	0.76078	0.761121	0.761191	0.760993	0.760529	0.759804	0.758819	0.75758	0.756088	0.754349	0.752365	0.750141	0.74768	0.744986	0.742064	0.738917	0.73555	0.731967	0.728173	0.724172	0.719968	0.715567	0.710972	0.706189	0.701221	0.696075	0.690755	0.685265	0.679611	0.673798	0.667831	0.661714	0.655453	0.649053	0.642519	0.635856	0.629069	0.622164	0.615146	0.608019	0.60079	0.593462	0.586043	0.578535	0.570945	0.563279	0.55554	0.547734	0.539866	0.531942	0.523966	0.515943	0.507879	0.499778	0.491644	0.483484	0.475302	0.467102	0.458889	0.450668	0.442443	0.43422	0.426002	0.417793	0.409599	0.401424	0.393271	0.385145	0.37705	0.368989	0.360968	0.352989	0.345056	0.337173	0.329344	0.321572	0.31386	0.306212	0.29863	0.291119	0.28368	0.276318	0.269033	0.261831	0.254712	0.24768	0.240736	0.233884	0.227125	0.220461	0.213895	0.207428	0.201062	0.194799	0.188639	0.182586	0.176639	0.1708	0.16507	0.159451	0.153943	0.148546	0.143262	0.13809	0.133032	0.128088	0.123257	0.118541	0.113939	0.10945	0.105075	0.100813	0.0966646	0.0926281	0.0887033	0.0848894	0.0811856	0.077591	0.0741044	0.0707248	0.0674508	0.0642812	0.0612146	0.0582494	0.055384	0.0526167	0.0499458	0.0473693	0.0448853	0.0424919	0.0401868	0.0379679	0.0358329	0.0337795	0.0318053	0.0299079	0.0280846	0.0263329	0.0246501	0.0230336	0.0214804	0.0199879	0.018553	0.017173	0.0158447	0.0145652	0.0133315	0.0121403	0.0109887	0.00987327	0.008791	0.00773859	0.00671279	0.00571034	0.00472792	0.00376223	0.00280993	0.0018677	0.00093217	0
0	-0.0230418	-0.0460737	-0.0690855	-0.0920673	-0.115009	-0.137901	-0.160733	-0.183495	-0.206178	-0.228771	-0.251265	-0.27365	-0.295916	-0.318054	-0.340054	-0.361907	-0.383603	-0.405132	-0.426487	-0.447656	-0.468632	-0.489405	-0.509967	-0.530308	-0.55042	-0.570295	-0.589923	-0.609297	-0.628407	-0.647248	-0.665809	-0.684084	-0.702064	-0.719742	-0.737112	-0.754164	-0.770893	-0.787292	-0.803353	-0.81907	-0.834436	-0.849446	-0.864093	-0.878371	-0.892274	-0.905798	-0.918936	-0.931682	-0.944034	-0.955984	-0.967529	-0.978665	-0.989386	-0.99969	-1.00957	-1.01903	-1.02805	-1.03665	-1.04481	-1.05253	-1.05981	-1.06664	-1.07304	-1.07898	-1.08447	-1.08952	-1.09411	-1.09825	-1.10193	-1.10516	-1.10793	-1.11025	-1.11211	-1.11352	-1.11447	-1.11496	-1.11501	-1.11459	-1.11373	-1.11242	-1.11065	-1.10844	-1.10579	-1.10269	-1.09915	-1.09518	-1.09077	-1.08592	-1.08065	-1.07496	-1.06884	-1.0623	-1.05535	-1.04799	-1.04023	-1.03206	-1.0235	-1.01455	-1.00521	-0.995493	-0.985399	-0.974935	-0.964107	-0.952921	-0.941383	-0.929499	-0.917276	-0.90472	-0.891837	-0.878635	-0.86512	-0.8513	-0.837181	-0.822771	-0.808078	-0.793108	-0.77787	-0.762371	-0.746619	-0.730622	-0.714389	-0.697926	-0.681243	-0.664347	-0.647248	-0.629953	-0.612471	-0.594811	-0.576981	-0.55899	-0.540847	-0.52256	-0.504138	-0.485591	-0.466926	-0.448154	-0.429283	-0.410321	-0.391278	-0.372164	-0.352986	-0.333754	-0.314477	-0.295163	-0.275823	-0.256464	-0.237096	-0.217727	-0.198367	-0.179024	-0.159707	-0.140424	-0.121185	-0.101999	-0.0828726	-0.0638157	-0.0448363	-0.0259429	-0.00714388	0.0115527	0.0301386	0.0486058	0.0669464	0.0851524	0.103216	0.12113	0.138886	0.156477	0.173896	0.191136	0.208189	0.225048	0.241707	0.258159	0.274397	0.290414	0.306206	0.321764	0.337084	0.352159	0.366984	0.381554	0.395861	0.409903	0.423672	0.437165	0.450377	0.463303	0.475938	0.488279	0.50032	0.51206	0.523492	0.534615	0.545424	0.555916	0.566088	0.575938	0.585463	0.59466	0.603527	0.612061	0.620261	0.628126	0.635652	0.64284	0.649688	0.656194	0.662358	0.66818	0.673658	0.678793	0.683585	0.688032	0.692137	0.695899	0.699318	0.702396	0.705134	0.707532	0.709593	0.711316	0.712705	0.713761	0.714487	0.714883	0.714953	0.714699	0.714124	0.71323	0.712021	0.710499	0.708669	0.706533	0.704095	0.701359	0.698328	0.695008	0.691401	0.687512	0.683346	0.678907	0.674199	0.669229	0.663999	0.658517	0.652786	0.646812	0.6406	0.634157	0.627486	0.620595	0.613488	0.606172	0.598652	0.590935	0.583027	0.574933	0.56666	0.558214	0.549602	0.54083	0.531905	0.522832	0.513619	0.504272	0.494797	0.485202	0.475493	0.465677	0.45576	0.44575	0.435652	0.425474	0.415223	0.404905	0.394528	0.384097	0.373619	0.363102	0.352553	0.341977	0.331381	0.320773	0.310158	0.299543	0.288935	0.278341	0.267766	0.257217	0.246701	0.236223	0.22579	0.215408	0.205082	0.19482	0.184627	0.174508	0.16447	0.154517	0.144656	0.134893	0.125231	0.115677	0.106236	0.096913	0.0877125	0.0786396	0.0696989	0.0608951	0.0522327	0.0437159	0.0353491	0.0271363	0.0190815	0.0111886	0.00346118	-0.00409709	-0.0114828	-0.0186926	-0.0257234	-0.0325722	-0.039236	-0.0457122	-0.051998	-0.0580912	-0.0639894	-0.0696905	-0.0751924	-0.0804933	-0.0855915	-0.0904855	-0.0951738	-0.0996553	-0.103929	-0.107993	-0.111848	-0.115493	-0.118927	-0.12215	-0.125161	-0.127961	-0.13055	-0.132928	-0.135096	-0.137054	-0.138803	-0.140343	-0.141677	-0.142804	-0.143727	-0.144446	-0.144964	-0.145282	-0.145402	-0.145327	-0.145057	-0.144596	-0.143947	-0.14311	-0.14209	-0.14089	-0.139511	-0.137958	-0.136233	-0.134339	-0.132281	-0.130062	-0.127685	-0.125154	-0.122473	-0.119646	-0.116677	-0.11357	-0.11033	-0.106961	-0.103467	-0.0998533	-0.0961238	-0.0922835	-0.0883372	-0.0842897	-0.080146	-0.0759109	-0.0715896	-0.0671872	-0.0627088	-0.0581596	-0.0535449	-0.0488699	-0.0441402	-0.0393609	-0.0345375	-0.0296755	-0.0247804	-0.0198576	-0.0149126	-0.00995096	-0.00497826	0
0	-0.0179559	-0.0359033	-0.0538336	-0.0717383	-0.0896089	-0.107437	-0.125214	-0.142931	-0.16058	-0.178153	-0.195641	-0.213037	-0.23033	-0.247515	-0.264582	-0.281523	-0.29833	-0.314996	-0.331512	-0.347871	-0.364064	-0.380085	-0.395926	-0.411579	-0.427037	-0.442292	-0.457338	-0.472167	-0.486773	-0.501149	-0.515287	-0.529182	-0.542827	-0.556215	-0.569341	-0.582198	-0.59478	-0.607083	-0.619099	-0.630823	-0.642251	-0.653376	-0.664194	-0.674701	-0.68489	-0.694759	-0.704301	-0.713514	-0.722392	-0.730933	-0.739132	-0.746986	-0.754491	-0.761644	-0.768443	-0.774884	-0.780965	-0.786683	-0.792035	-0.797021	-0.801638	-0.805884	-0.809757	-0.813257	-0.816381	-0.81913	-0.821503	-0.823497	-0.825115	-0.826354	-0.827215	-0.827699	-0.827805	-0.827534	-0.826888	-0.825865	-0.824469	-0.8227	-0.820559	-0.818049	-0.815171	-0.811927	-0.808319	-0.80435	-0.800022	-0.795339	-0.790302	-0.784916	-0.779182	-0.773106	-0.76669	-0.759938	-0.752854	-0.745443	-0.737708	-0.729653	-0.721284	-0.712606	-0.703622	-0.694339	-0.68476	-0.674893	-0.664741	-0.65431	-0.643608	-0.632638	-0.621407	-0.609921	-0.598187	-0.58621	-0.573998	-0.561556	-0.548892	-0.536012	-0.522922	-0.509631	-0.496144	-0.48247	-0.468614	-0.454586	-0.440391	-0.426037	-0.411533	-0.396884	-0.3821	-0.367187	-0.352154	-0.337008	-0.321756	-0.306408	-0.29097	-0.275451	-0.259859	-0.244201	-0.228485	-0.21272	-0.196914	-0.181074	-0.165208	-0.149325	-0.133432	-0.117538	-0.10165	-0.0857768	-0.0699256	-0.0541045	-0.0383214	-0.0225842	-0.00690045	0.00872198	0.0242754	0.0397523	0.055145	0.0704461	0.0856481	0.100744	0.115726	0.130586	0.145319	0.159917	0.174373	0.188679	0.20283	0.216819	0.230638	0.244283	0.257745	0.271019	0.2841	0.29698	0.309654	0.322116	0.334361	0.346383	0.358177	0.369737	0.381058	0.392136	0.402965	0.413542	0.423861	0.433917	0.443708	0.453228	0.462475	0.471443	0.48013	0.488532	0.496645	0.504468	0.511996	0.519227	0.526158	0.532788	0.539113	0.545132	0.550842	0.556243	0.561332	0.566107	0.570569	0.574715	0.578545	0.582058	0.585253	0.588131	0.590691	0.592933	0.594857	0.596464	0.597753	0.598727	0.599385	0.599729	0.599759	0.599478	0.598887	0.597987	0.59678	0.595269	0.593455	0.591341	0.58893	0.586224	0.583225	0.579938	0.576365	0.572509	0.568374	0.563963	0.55928	0.554329	0.549115	0.54364	0.53791	0.531928	0.5257	0.51923	0.512522	0.505582	0.498415	0.491025	0.483419	0.4756	0.467576	0.459351	0.450931	0.442321	0.433528	0.424558	0.415416	0.406108	0.396641	0.387021	0.377254	0.367347	0.357306	0.347137	0.336847	0.326442	0.31593	0.305316	0.294608	0.283813	0.272936	0.261985	0.250967	0.239888	0.228755	0.217576	0.206356	0.195104	0.183825	0.172527	0.161216	0.149899	0.138584	0.127276	0.115984	0.104712	0.0934689	0.0822604	0.0710933	0.0599742	0.0489096	0.0379061	0.02697	0.0161078	0.00532568	-0.00537005	-0.0159732	-0.0264778	-0.0368776	-0.0471669	-0.0573397	-0.0673903	-0.0773129	-0.0871021	-0.0967522	-0.106258	-0.115614	-0.124815	-0.133857	-0.142733	-0.15144	-0.159972	-0.168325	-0.176495	-0.184476	-0.192266	-0.199859	-0.207252	-0.21444	-0.221421	-0.228191	-0.234745	-0.241082	-0.247197	-0.253087	-0.258751	-0.264185	-0.269386	-0.274353	-0.279082	-0.283572	-0.287821	-0.291827	-0.295588	-0.299103	-0.30237	-0.305389	-0.308158	-0.310677	-0.312945	-0.31496	-0.316724	-0.318235	-0.319494	-0.3205	-0.321254	-0.321756	-0.322008	-0.322009	-0.32176	-0.321263	-0.320518	-0.319528	-0.318293	-0.316816	-0.315097	-0.313139	-0.310945	-0.308515	-0.305854	-0.302962	-0.299844	-0.296501	-0.292937	-0.289155	-0.285158	-0.280949	-0.276532	-0.271911	-0.267089	-0.26207	-0.256858	-0.251457	-0.245872	-0.240107	-0.234166	-0.228054	-0.221775	-0.215334	-0.208737	-0.201988	-0.195092	-0.188054	-0.18088	-0.173575	-0.166144	-0.158593	-0.150927	-0.143152	-0.135273	-0.127297	-0.119229	-0.111075	-0.102841	-0.0945332	-0.0861571	-0.077719	-0.0692249	-0.0606811	-0.0520936	-0.0434686	-0.0348125	-0.0261313	-0.0174313	-0.00871877	0
0	-0.00951057	-0.0190158	-0.0285103	-0.0379888	-0.0474458	-0.0568762	-0.0662745	-0.0756355	-0.0849539	-0.0942244	-0.103442	-0.112601	-0.121697	-0.130724	-0.139678	-0.148553	-0.157344	-0.166047	-0.174656	-0.183167	-0.191574	-0.199874	-0.208061	-0.216131	-0.224079	-0.231901	-0.239592	-0.247148	-0.254565	-0.261838	-0.268964	-0.275939	-0.282757	-0.289417	-0.295913	-0.302243	-0.308402	-0.314387	-0.320195	-0.325822	-0.331266	-0.336523	-0.34159	-0.346465	-0.351144	-0.355625	-0.359905	-0.363982	-0.367854	-0.371519	-0.374973	-0.378216	-0.381246	-0.38406	-0.386658	-0.389037	-0.391196	-0.393135	-0.394851	-0.396344	-0.397614	-0.398658	-0.399478	-0.400071	-0.400439	-0.40058	-0.400494	-0.400182	-0.399643	-0.398879	-0.397888	-0.396673	-0.395232	-0.393568	-0.391681	-0.389572	-0.387243	-0.384693	-0.381926	-0.378942	-0.375743	-0.372331	-0.368708	-0.364875	-0.360835	-0.35659	-0.352142	-0.347494	-0.342648	-0.337608	-0.332375	-0.326953	-0.321344	-0.315552	-0.309581	-0.303432	-0.297111	-0.290619	-0.283962	-0.277141	-0.270163	-0.263029	-0.255745	-0.248313	-0.240739	-0.233027	-0.22518	-0.217204	-0.209102	-0.200879	-0.19254	-0.18409	-0.175532	-0.166872	-0.158115	-0.149265	-0.140328	-0.131308	-0.122211	-0.113041	-0.103804	-0.0945045	-0.0851481	-0.0757399	-0.0662851	-0.0567891	-0.0472571	-0.0376944	-0.0281065	-0.0184986	-0.00887607	0.000755638	0.0103912	0.0200251	0.0296522	0.0392669	0.0488639	0.0584378	0.0679832	0.0774949	0.0869675	0.0963957	0.105774	0.115098	0.124361	0.133559	0.142687	0.151739	0.16071	0.169595	0.17839	0.187089	0.195688	0.204181	0.212564	0.220832	0.228981	0.237005	0.244901	0.252664	0.26029	0.267774	0.275111	0.282299	0.289333	0.296208	0.302922	0.30947	0.315848	0.322054	0.328082	0.333931	0.339597	0.345075	0.350365	0.355461	0.360362	0.365065	0.369567	0.373865	0.377957	0.381841	0.385514	0.388974	0.392219	0.395248	0.398059	0.40065	0.403019	0.405165	0.407087	0.408784	0.410254	0.411497	0.412512	0.413299	0.413856	0.414184	0.414283	0.414151	0.413789	0.413198	0.412377	0.411326	0.410048	0.408541	0.406807	0.404846	0.402661	0.400251	0.397618	0.394763	0.391689	0.388396	0.384886	0.381161	0.377224	0.373076	0.36872	0.364157	0.359391	0.354424	0.349258	0.343897	0.338343	0.332599	0.326669	0.320555	0.314262	0.307792	0.301149	0.294336	0.287357	0.280217	0.272919	0.265466	0.257864	0.250116	0.242226	0.234199	0.226039	0.217751	0.209339	0.200808	0.192162	0.183406	0.174545	0.165584	0.156528	0.147382	0.13815	0.128838	0.119452	0.109995	0.100473	0.0908924	0.0812573	0.0715733	0.0618457	0.05208	0.0422814	0.0324553	0.0226073	0.0127426	0.00286679	-0.00701475	-0.0168966	-0.0267732	-0.0366392	-0.0464892	-0.0563177	-0.0661193	-0.0758885	-0.08562	-0.0953085	-0.104948	-0.114535	-0.124062	-0.133525	-0.142918	-0.152237	-0.161476	-0.170629	-0.179693	-0.188662	-0.19753	-0.206294	-0.214948	-0.223487	-0.231907	-0.240203	-0.248371	-0.256405	-0.264302	-0.272057	-0.279666	-0.287124	-0.294428	-0.301573	-0.308556	-0.315372	-0.322018	-0.32849	-0.334785	-0.340898	-0.346828	-0.352569	-0.358119	-0.363476	-0.368635	-0.373595	-0.378352	-0.382904	-0.387248	-0.391381	-0.395303	-0.399009	-0.402498	-0.405769	-0.408819	-0.411647	-0.414251	-0.416629	-0.418781	-0.420705	-0.422399	-0.423864	-0.425097	-0.4261	-0.426869	-0.427407	-0.427711	-0.427782	-0.42762	-0.427224	-0.426596	-0.425734	-0.424641	-0.423316	-0.421759	-0.419973	-0.417957	-0.415713	-0.413242	-0.410545	-0.407625	-0.404481	-0.401117	-0.397533	-0.393732	-0.389716	-0.385487	-0.381048	-0.3764	-0.371546	-0.366489	-0.361232	-0.355777	-0.350128	-0.344288	-0.338259	-0.332045	-0.325649	-0.319075	-0.312327	-0.305408	-0.298322	-0.291073	-0.283664	-0.2761	-0.268385	-0.260524	-0.252519	-0.244377	-0.236101	-0.227695	-0.219165	-0.210515	-0.20175	-0.192874	-0.183893	-0.174811	-0.165634	-0.156365	-0.147011	-0.137577	-0.128067	-0.118488	-0.108843	-0.0991387	-0.0893802	-0.0795728	-0.0697217	-0.0598325	-0.0499106	-0.0399613	-0.0299901	-0.0200026	-0.010004	0
0	0.0010376	0.0020762	0.00311678	0.00416034	0.00520786	0.00626032	0.00731872	0.00838401	0.00945717	0.0105392	0.0116309	0.0127334	0.0138475	0.0149742	0.0161144	0.017269	0.0184388	0.0196247	0.0208276	0.0220483	0.0232877	0.0245465	0.0258255	0.0271254	0.0284471	0.0297912	0.0311585	0.0325496	0.0339651	0.0354057	0.0368721	0.0383647	0.0398841	0.0414309	0.0430055	0.0446085	0.0462402	0.0479011	0.0495916	0.0513119	0.0530625	0.0548437	0.0566556	0.0584985	0.0603726	0.0622781	0.0642151	0.0661836	0.0681838	0.0702157	0.0722792	0.0743744	0.076501	0.0786591	0.0808485	0.0830689	0.0853202	0.0876021	0.0899143	0.0922565	0.0946283	0.0970293	0.099459	0.101917	0.104403	0.106916	0.109455	0.112021	0.114612	0.117228	0.119867	0.12253	0.125215	0.127922	0.130649	0.133396	0.136162	0.138946	0.141747	0.144563	0.147394	0.150239	0.153097	0.155965	0.158844	0.161732	0.164628	0.16753	0.170437	0.173348	0.176261	0.179176	0.18209	0.185002	0.187911	0.190816	0.193714	0.196604	0.199485	0.202355	0.205213	0.208057	0.210885	0.213696	0.216488	0.219259	0.222008	0.224733	0.227432	0.230104	0.232747	0.235359	0.237939	0.240484	0.242994	0.245465	0.247897	0.250288	0.252636	0.254939	0.257196	0.259404	0.261562	0.263669	0.265722	0.26772	0.26966	0.271543	0.273364	0.275124	0.27682	0.278451	0.280015	0.28151	0.282934	0.284287	0.285566	0.286771	0.287898	0.288948	0.289918	0.290807	0.291614	0.292336	0.292973	0.293524	0.293986	0.29436	0.294642	0.294833	0.294931	0.294934	0.294843	0.294654	0.294369	0.293984	0.293501	0.292916	0.292231	0.291443	0.290552	0.289557	0.288458	0.287253	0.285942	0.284525	0.283001	0.281369	0.279629	0.27778	0.275823	0.273757	0.271581	0.269295	0.2669	0.264394	0.261779	0.259054	0.256218	0.253273	0.250218	0.247054	0.24378	0.240397	0.236906	0.233306	0.229599	0.225785	0.221864	0.217837	0.213704	0.209467	0.205127	0.200683	0.196137	0.191491	0.186744	0.181898	0.176955	0.171915	0.166779	0.161549	0.156227	0.150813	0.145309	0.139716	0.134037	0.128272	0.122423	0.116493	0.110482	0.104393	0.0982265	0.0919856	0.0856719	0.0792873	0.0728338	0.0663136	0.0597286	0.0530812	0.0463734	0.0396074	0.0327857	0.0259105	0.018984	0.0120089	0.00498735	-0.00207804	-0.00918482	-0.0163304	-0.0235124	-0.030728	-0.0379746	-0.0452497	-0.0525505	-0.0598744	-0.0672185	-0.0745802	-0.0819566	-0.0893449	-0.0967424	-0.104146	-0.111553	-0.118961	-0.126366	-0.133766	-0.141158	-0.148539	-0.155906	-0.163255	-0.170585	-0.177892	-0.185172	-0.192424	-0.199644	-0.206829	-0.213976	-0.221083	-0.228145	-0.235161	-0.242127	-0.249041	-0.255899	-0.262698	-0.269436	-0.276109	-0.282715	-0.289251	-0.295714	-0.302101	-0.308409	-0.314636	-0.320778	-0.326834	-0.3328	-0.338673	-0.344451	-0.350131	-0.355711	-0.361188	-0.36656	-0.371823	-0.376976	-0.382017	-0.386941	-0.391748	-0.396436	-0.401001	-0.405441	-0.409755	-0.41394	-0.417994	-0.421915	-0.425701	-0.42935	-0.432861	-0.436231	-0.439458	-0.442542	-0.445479	-0.44827	-0.450911	-0.453402	-0.455741	-0.457926	-0.459957	-0.461833	-0.463551	-0.46511	-0.466511	-0.467751	-0.46883	-0.469747	-0.470501	-0.471091	-0.471516	-0.471777	-0.471872	-0.471802	-0.471564	-0.47116	-0.470589	-0.469851	-0.468945	-0.467872	-0.466632	-0.465224	-0.463648	-0.461906	-0.459997	-0.457922	-0.455681	-0.453274	-0.450703	-0.447967	-0.445068	-0.442006	-0.438782	-0.435398	-0.431853	-0.428149	-0.424288	-0.42027	-0.416096	-0.411769	-0.407289	-0.402658	-0.397877	-0.392948	-0.387873	-0.382653	-0.37729	-0.371786	-0.366143	-0.360362	-0.354447	-0.348398	-0.342219	-0.335911	-0.329476	-0.322917	-0.316236	-0.309436	-0.302519	-0.295487	-0.288344	-0.281091	-0.273732	-0.266269	-0.258705	-0.251043	-0.243285	-0.235435	-0.227495	-0.219469	-0.211358	-0.203168	-0.1949	-0.186557	-0.178144	-0.169662	-0.161115	-0.152507	-0.143841	-0.13512	-0.126347	-0.117525	-0.108659	-0.0997507	-0.0908045	-0.0818236	-0.0728112	-0.063771	-0.0547063	-0.0456207	-0.0365175	-0.0274004	-0.0182728	-0.00913814	0
0	0.0119706	0.0239376	0.035897	0.0478452	0.0597785	0.0716932	0.0835855	0.0954516	0.107288	0.119091	0.130857	0.142582	0.154262	0.165895	0.177476	0.189001	0.200468	0.211872	0.22321	0.234479	0.245674	0.256794	0.267833	0.27879	0.289659	0.300439	0.311126	0.321716	0.332206	0.342593	0.352874	0.363046	0.373106	0.38305	0.392876	0.402581	0.412161	0.421614	0.430937	0.440127	0.449182	0.458099	0.466875	0.475507	0.483994	0.492332	0.500519	0.508553	0.516432	0.524152	0.531713	0.539111	0.546345	0.553413	0.560312	0.567042	0.573599	0.579982	0.586189	0.592219	0.598071	0.603741	0.60923	0.614535	0.619656	0.62459	0.629337	0.633896	0.638264	0.642442	0.646429	0.650223	0.653823	0.65723	0.660441	0.663457	0.666277	0.6689	0.671326	0.673554	0.675585	0.677417	0.679052	0.680488	0.681725	0.682764	0.683605	0.684248	0.684693	0.68494	0.684989	0.684842	0.684498	0.683959	0.683224	0.682294	0.68117	0.679854	0.678344	0.676644	0.674753	0.672672	0.670403	0.667947	0.665305	0.662479	0.659469	0.656276	0.652903	0.649352	0.645622	0.641716	0.637637	0.633384	0.628961	0.624368	0.619608	0.614683	0.609595	0.604345	0.598935	0.593368	0.587647	0.581772	0.575746	0.569572	0.563251	0.556787	0.550181	0.543436	0.536554	0.529538	0.522391	0.515114	0.50771	0.500183	0.492534	0.484767	0.476884	0.468887	0.46078	0.452565	0.444246	0.435824	0.427303	0.418685	0.409974	0.401173	0.392283	0.383309	0.374253	0.365118	0.355908	0.346624	0.33727	0.327849	0.318365	0.308819	0.299215	0.289557	0.279847	0.270087	0.260282	0.250434	0.240546	0.230622	0.220664	0.210674	0.200658	0.190616	0.180553	0.170471	0.160373	0.150262	0.140141	0.130014	0.119882	0.10975	0.0996189	0.0894927	0.0793741	0.0692659	0.0591708	0.0490918	0.0390316	0.028993	0.0189786	0.00899128	-0.00096635	-0.0108916	-0.0207819	-0.0306345	-0.0404469	-0.0502165	-0.0599408	-0.0696173	-0.0792436	-0.0888171	-0.0983355	-0.107796	-0.117198	-0.126536	-0.135811	-0.145019	-0.154158	-0.163226	-0.17222	-0.18114	-0.189982	-0.198744	-0.207426	-0.216024	-0.224537	-0.232962	-0.241299	-0.249545	-0.257699	-0.265758	-0.273721	-0.281587	-0.289354	-0.29702	-0.304585	-0.312045	-0.3194	-0.326649	-0.33379	-0.340822	-0.347744	-0.354554	-0.361251	-0.367835	-0.374303	-0.380656	-0.386891	-0.393008	-0.399007	-0.404885	-0.410643	-0.416279	-0.421793	-0.427185	-0.432452	-0.437595	-0.442613	-0.447506	-0.452273	-0.456913	-0.461427	-0.465813	-0.470072	-0.474202	-0.478205	-0.482078	-0.485823	-0.48944	-0.492927	-0.496285	-0.499514	-0.502613	-0.505584	-0.508425	-0.511137	-0.51372	-0.516174	-0.5185	-0.520697	-0.522766	-0.524707	-0.526521	-0.528207	-0.529766	-0.531199	-0.532505	-0.533686	-0.534742	-0.535672	-0.536479	-0.537162	-0.537723	-0.53816	-0.538476	-0.538671	-0.538746	-0.538701	-0.538536	-0.538254	-0.537854	-0.537337	-0.536705	-0.535957	-0.535095	-0.53412	-0.533032	-0.531833	-0.530523	-0.529104	-0.527576	-0.52594	-0.524197	-0.522348	-0.520394	-0.518337	-0.516177	-0.513915	-0.511552	-0.50909	-0.506529	-0.503871	-0.501116	-0.498267	-0.495322	-0.492285	-0.489156	-0.485936	-0.482626	-0.479228	-0.475742	-0.47217	-0.468513	-0.464772	-0.460948	-0.457042	-0.453056	-0.448991	-0.444847	-0.440627	-0.43633	-0.431959	-0.427514	-0.422997	-0.418409	-0.413751	-0.409024	-0.404229	-0.399368	-0.394441	-0.38945	-0.384397	-0.379281	-0.374104	-0.368868	-0.363574	-0.358222	-0.352814	-0.347351	-0.341834	-0.336264	-0.330642	-0.32497	-0.319249	-0.313479	-0.307662	-0.301798	-0.29589	-0.289937	-0.283942	-0.277905	-0.271827	-0.265709	-0.259553	-0.253359	-0.247128	-0.240862	-0.234561	-0.228227	-0.221861	-0.215463	-0.209035	-0.202577	-0.196091	-0.189577	-0.183037	-0.176472	-0.169882	-0.163269	-0.156634	-0.149976	-0.143299	-0.136601	-0.129886	-0.123152	-0.116402	-0.109636	-0.102855	-0.0960605	-0.0892529	-0.0824333	-0.0756026	-0.0687618	-0.0619118	-0.0550536	-0.0481879	-0.0413159	-0.0344383	-0.0275562	-0.0206703	-0.0137817	-0.00689133	0
0	0.0214269	0.0428459	0.064249	0.0856284	0.106976	0.128284	0.149545	0.17075	0.191892	0.212963	0.233955	0.254861	0.275673	0.296383	0.316983	0.337466	0.357825	0.378052	0.398139	0.418079	0.437865	0.45749	0.476946	0.496227	0.515325	0.534234	0.552946	0.571455	0.589754	0.607837	0.625697	0.643328	0.660723	0.677877	0.694782	0.711434	0.727826	0.743952	0.759808	0.775386	0.790683	0.805691	0.820408	0.834826	0.848942	0.862751	0.876248	0.889428	0.902286	0.91482	0.927024	0.938895	0.950428	0.961621	0.972469	0.982969	0.993117	1.00291	1.01235	1.02142	1.03014	1.03849	1.04647	1.05408	1.06132	1.06818	1.07467	1.08078	1.08651	1.09186	1.09683	1.10142	1.10563	1.10945	1.11289	1.11594	1.11861	1.12089	1.12279	1.1243	1.12543	1.12617	1.12654	1.12652	1.12612	1.12534	1.12418	1.12264	1.12073	1.11845	1.11579	1.11276	1.10937	1.10561	1.10149	1.09701	1.09217	1.08698	1.08143	1.07554	1.06931	1.06273	1.05581	1.04856	1.04098	1.03308	1.02485	1.0163	1.00744	0.998271	0.988796	0.979021	0.96895	0.958588	0.94794	0.937012	0.925807	0.914332	0.902592	0.890592	0.878337	0.865834	0.853087	0.840103	0.826886	0.813444	0.799782	0.785906	0.771822	0.757537	0.743055	0.728384	0.71353	0.698498	0.683296	0.66793	0.652407	0.636731	0.620912	0.604953	0.588864	0.572649	0.556315	0.53987	0.523319	0.50667	0.489928	0.473102	0.456196	0.439219	0.422176	0.405074	0.387921	0.370721	0.353483	0.336212	0.318916	0.3016	0.284272	0.266937	0.249602	0.232274	0.214959	0.197663	0.180392	0.163153	0.145952	0.128795	0.111688	0.0946373	0.0776484	0.0607273	0.0438801	0.0271122	0.0104296	-0.00616231	-0.0226579	-0.0390517	-0.0553384	-0.0715126	-0.0875691	-0.103503	-0.119309	-0.134982	-0.150517	-0.16591	-0.181156	-0.19625	-0.211188	-0.225965	-0.240577	-0.25502	-0.26929	-0.283383	-0.297295	-0.311022	-0.32456	-0.337907	-0.351057	-0.364009	-0.376759	-0.389304	-0.401641	-0.413766	-0.425678	-0.437373	-0.448849	-0.460103	-0.471134	-0.481939	-0.492515	-0.502862	-0.512977	-0.522858	-0.532504	-0.541913	-0.551084	-0.560016	-0.568707	-0.577157	-0.585364	-0.593328	-0.601049	-0.608524	-0.615755	-0.622741	-0.629481	-0.635975	-0.642224	-0.648227	-0.653985	-0.659498	-0.664766	-0.669791	-0.674572	-0.67911	-0.683407	-0.687463	-0.691278	-0.694856	-0.698196	-0.701299	-0.704168	-0.706804	-0.709208	-0.711383	-0.713329	-0.71505	-0.716546	-0.71782	-0.718873	-0.719709	-0.72033	-0.720737	-0.720933	-0.720921	-0.720703	-0.720282	-0.71966	-0.718841	-0.717826	-0.71662	-0.715225	-0.713643	-0.711878	-0.709933	-0.707812	-0.705516	-0.70305	-0.700417	-0.69762	-0.694662	-0.691546	-0.688277	-0.684857	-0.68129	-0.67758	-0.673729	-0.669742	-0.665622	-0.661372	-0.656996	-0.652498	-0.64788	-0.643148	-0.638304	-0.633352	-0.628295	-0.623138	-0.617883	-0.612534	-0.607095	-0.601569	-0.59596	-0.590272	-0.584507	-0.57867	-0.572763	-0.566791	-0.560756	-0.554663	-0.548513	-0.542312	-0.536061	-0.529765	-0.523426	-0.517048	-0.510633	-0.504186	-0.497708	-0.491203	-0.484674	-0.478124	-0.471556	-0.464972	-0.458375	-0.451768	-0.445154	-0.438534	-0.431913	-0.425292	-0.418673	-0.41206	-0.405453	-0.398857	-0.392272	-0.3857	-0.379145	-0.372607	-0.366089	-0.359593	-0.35312	-0.346672	-0.340251	-0.333859	-0.327496	-0.321164	-0.314865	-0.308599	-0.302369	-0.296175	-0.290019	-0.283901	-0.277822	-0.271783	-0.265786	-0.25983	-0.253916	-0.248045	-0.242218	-0.236435	-0.230696	-0.225002	-0.219353	-0.213749	-0.20819	-0.202676	-0.197208	-0.191785	-0.186407	-0.181073	-0.175784	-0.17054	-0.165339	-0.160182	-0.155067	-0.149995	-0.144965	-0.139976	-0.135027	-0.130118	-0.125247	-0.120415	-0.115619	-0.11086	-0.106135	-0.101444	-0.0967867	-0.0921607	-0.0875654	-0.0829993	-0.0784614	-0.0739503	-0.0694648	-0.0650034	-0.0605648	-0.0561477	-0.0517506	-0.047372	-0.0430105	-0.0386646	-0.0343328	-0.0300135	-0.0257053	-0.0214066	-0.0171157	-0.0128312	-0.00855151	-0.00427496	0
0	0.0277558	0.0555008	0.0832243	0.110915	0.138563	0.166158	0.193688	0.221142	0.248511	0.275783	0.302949	0.329997	0.356916	0.383698	0.410331	0.436805	0.463109	0.489235	0.515171	0.540908	0.566435	0.591744	0.616823	0.641665	0.666259	0.690596	0.714667	0.738462	0.761973	0.78519	0.808105	0.83071	0.852995	0.874953	0.896576	0.917854	0.938781	0.959349	0.97955	0.999377	1.01882	1.03788	1.05654	1.0748	1.09265	1.11008	1.1271	1.14368	1.15983	1.17555	1.19082	1.20564	1.22001	1.23391	1.24736	1.26033	1.27283	1.28486	1.29641	1.30747	1.31804	1.32812	1.33771	1.34681	1.3554	1.3635	1.37109	1.37817	1.38475	1.39082	1.39638	1.40144	1.40597	1.41	1.41352	1.41652	1.41901	1.42099	1.42246	1.42341	1.42386	1.4238	1.42323	1.42215	1.42057	1.41849	1.41591	1.41283	1.40926	1.4052	1.40064	1.3956	1.39008	1.38408	1.3776	1.37066	1.36324	1.35537	1.34703	1.33825	1.32901	1.31934	1.30922	1.29867	1.2877	1.2763	1.26449	1.25227	1.23965	1.22663	1.21322	1.19943	1.18526	1.17073	1.15583	1.14057	1.12497	1.10903	1.09275	1.07615	1.05924	1.04201	1.02448	1.00666	0.988557	0.970175	0.951526	0.932617	0.913457	0.894054	0.874418	0.854557	0.83448	0.814196	0.793713	0.773041	0.752189	0.731166	0.70998	0.688642	0.667159	0.645542	0.6238	0.601942	0.579976	0.557912	0.53576	0.513529	0.491227	0.468865	0.44645	0.423993	0.401502	0.378987	0.356456	0.333919	0.311384	0.288861	0.266358	0.243884	0.221448	0.199058	0.176724	0.154454	0.132255	0.110138	0.088109	0.0661773	0.0443509	0.0226378	0.00104602	-0.0204167	-0.0417426	-0.062924	-0.0839534	-0.104823	-0.125527	-0.146056	-0.166405	-0.186565	-0.206531	-0.226296	-0.245853	-0.265195	-0.284317	-0.303212	-0.321875	-0.340299	-0.358479	-0.37641	-0.394085	-0.4115	-0.42865	-0.445529	-0.462133	-0.478458	-0.494498	-0.51025	-0.52571	-0.540873	-0.555736	-0.570295	-0.584546	-0.598487	-0.612115	-0.625425	-0.638416	-0.651085	-0.66343	-0.675448	-0.687137	-0.698495	-0.70952	-0.720212	-0.730568	-0.740587	-0.750269	-0.759611	-0.768614	-0.777278	-0.785601	-0.793583	-0.801224	-0.808525	-0.815486	-0.822106	-0.828388	-0.83433	-0.839936	-0.845204	-0.850137	-0.854736	-0.859003	-0.862939	-0.866546	-0.869825	-0.87278	-0.875412	-0.877724	-0.879718	-0.881397	-0.882764	-0.883821	-0.884572	-0.88502	-0.885168	-0.885019	-0.884578	-0.883847	-0.882831	-0.881533	-0.879957	-0.878108	-0.875989	-0.873606	-0.870961	-0.86806	-0.864907	-0.861507	-0.857864	-0.853984	-0.84987	-0.845529	-0.840964	-0.836182	-0.831187	-0.825984	-0.820579	-0.814976	-0.809181	-0.8032	-0.797038	-0.7907	-0.784192	-0.777519	-0.770686	-0.7637	-0.756565	-0.749288	-0.741874	-0.734329	-0.726657	-0.718865	-0.710958	-0.702943	-0.694823	-0.686606	-0.678296	-0.669899	-0.66142	-0.652866	-0.644241	-0.63555	-0.6268	-0.617995	-0.609142	-0.600244	-0.591307	-0.582337	-0.573338	-0.564316	-0.555275	-0.54622	-0.537157	-0.52809	-0.519023	-0.509962	-0.500911	-0.491874	-0.482856	-0.47386	-0.464893	-0.455956	-0.447055	-0.438194	-0.429376	-0.420605	-0.411886	-0.40322	-0.394612	-0.386066	-0.377584	-0.36917	-0.360827	-0.352557	-0.344364	-0.336251	-0.328219	-0.320272	-0.312412	-0.304641	-0.296962	-0.289376	-0.281885	-0.274491	-0.267197	-0.260003	-0.252911	-0.245923	-0.239039	-0.232261	-0.225589	-0.219026	-0.212571	-0.206225	-0.199988	-0.193862	-0.187846	-0.181941	-0.176146	-0.170462	-0.164889	-0.159426	-0.154072	-0.148828	-0.143693	-0.138666	-0.133747	-0.128933	-0.124226	-0.119622	-0.115122	-0.110723	-0.106425	-0.102225	-0.0981231	-0.0941165	-0.0902037	-0.0863829	-0.082652	-0.0790091	-0.075452	-0.0719785	-0.0685863	-0.0652732	-0.0620366	-0.0588741	-0.0557831	-0.052761	-0.049805	-0.0469126	-0.0440807	-0.0413066	-0.0385874	-0.0359201	-0.0333016	-0.0307289	-0.028199	-0.0257086	-0.0232547	-0.0208339	-0.0184431	-0.016079	-0.0137384	-0.0114178	-0.00911409	-0.00682378	-0.00454357	-0.0022701	0
0	0.0298373	0.0596629	0.0894651	0.119232	0.148952	0.178614	0.208206	0.237715	0.267132	0.296444	0.325639	0.354706	0.383635	0.412413	0.441029	0.469473	0.497732	0.525797	0.553656	0.581298	0.608712	0.635889	0.662817	0.689486	0.715886	0.742006	0.767837	0.793369	0.818591	0.843495	0.868071	0.892308	0.9162	0.939735	0.962905	0.985702	1.00812	1.03014	1.05177	1.07299	1.09379	1.11418	1.13413	1.15365	1.17272	1.19134	1.20951	1.22721	1.24444	1.26119	1.27747	1.29325	1.30854	1.32334	1.33763	1.35141	1.36468	1.37743	1.38966	1.40137	1.41254	1.42319	1.4333	1.44287	1.45191	1.4604	1.46834	1.47574	1.48258	1.48888	1.49463	1.49982	1.50446	1.50854	1.51207	1.51505	1.51747	1.51934	1.52065	1.52141	1.52163	1.52129	1.5204	1.51896	1.51698	1.51446	1.5114	1.5078	1.50367	1.49901	1.49382	1.4881	1.48187	1.47512	1.46785	1.46008	1.45181	1.44304	1.43377	1.42402	1.41379	1.40308	1.3919	1.38025	1.36815	1.35559	1.34259	1.32915	1.31528	1.30098	1.28626	1.27114	1.25561	1.23969	1.22338	1.20669	1.18963	1.1722	1.15442	1.1363	1.11784	1.09904	1.07993	1.06051	1.04079	1.02077	1.00047	0.979894	0.959054	0.937959	0.916618	0.89504	0.873235	0.851214	0.828986	0.80656	0.783947	0.761156	0.738198	0.715083	0.691819	0.668419	0.644891	0.621246	0.597493	0.573643	0.549706	0.525692	0.501611	0.477473	0.453288	0.429066	0.404817	0.38055	0.356277	0.332005	0.307746	0.283509	0.259304	0.235139	0.211026	0.186973	0.162989	0.139084	0.115267	0.0915468	0.0679331	0.0444345	0.0210597	-0.00218245	-0.0252834	-0.0482346	-0.0710278	-0.0936547	-0.116107	-0.138377	-0.160457	-0.182338	-0.204014	-0.225477	-0.246719	-0.267733	-0.288513	-0.309052	-0.329342	-0.349377	-0.369151	-0.388658	-0.407891	-0.426845	-0.445513	-0.463891	-0.481972	-0.499753	-0.517226	-0.534389	-0.551235	-0.567761	-0.583962	-0.599833	-0.615372	-0.630574	-0.645436	-0.659954	-0.674125	-0.687946	-0.701414	-0.714527	-0.727281	-0.739675	-0.751707	-0.763374	-0.774676	-0.78561	-0.796175	-0.80637	-0.816194	-0.825647	-0.834727	-0.843434	-0.851769	-0.85973	-0.867319	-0.874535	-0.88138	-0.887852	-0.893955	-0.899688	-0.905053	-0.910051	-0.914684	-0.918954	-0.922862	-0.92641	-0.929602	-0.932438	-0.934921	-0.937055	-0.938843	-0.940286	-0.941389	-0.942154	-0.942585	-0.942685	-0.942459	-0.94191	-0.941042	-0.939859	-0.938366	-0.936566	-0.934464	-0.932065	-0.929373	-0.926394	-0.923131	-0.919591	-0.915777	-0.911696	-0.907353	-0.902752	-0.897899	-0.892801	-0.887462	-0.881888	-0.876084	-0.870058	-0.863813	-0.857357	-0.850696	-0.843834	-0.836779	-0.829536	-0.822112	-0.814513	-0.806744	-0.798812	-0.790724	-0.782485	-0.774102	-0.76558	-0.756928	-0.748149	-0.739252	-0.730241	-0.721124	-0.711906	-0.702594	-0.693194	-0.683712	-0.674154	-0.664527	-0.654836	-0.645087	-0.635287	-0.625441	-0.615555	-0.605636	-0.595688	-0.585717	-0.57573	-0.565732	-0.555728	-0.545723	-0.535724	-0.525735	-0.515762	-0.505809	-0.495882	-0.485985	-0.476124	-0.466304	-0.456528	-0.446802	-0.437129	-0.427515	-0.417964	-0.408479	-0.399065	-0.389725	-0.380464	-0.371284	-0.362191	-0.353186	-0.344274	-0.335458	-0.32674	-0.318124	-0.309612	-0.301207	-0.292912	-0.284729	-0.276661	-0.268709	-0.260876	-0.253164	-0.245574	-0.238108	-0.230768	-0.223554	-0.216469	-0.209513	-0.202687	-0.195992	-0.18943	-0.182999	-0.176702	-0.170538	-0.164507	-0.15861	-0.152846	-0.147215	-0.141717	-0.136352	-0.131118	-0.126016	-0.121043	-0.116201	-0.111486	-0.106899	-0.102437	-0.0981001	-0.0938858	-0.0897926	-0.085819	-0.0819629	-0.0782224	-0.0745955	-0.07108	-0.0676735	-0.0643738	-0.0611784	-0.0580846	-0.0550899	-0.0521915	-0.0493866	-0.0466723	-0.0440456	-0.0415034	-0.0390427	-0.0366602	-0.0343526	-0.0321166	-0.0299488	-0.0278458	-0.025804	-0.0238198	-0.0218897	-0.02001	-0.0181769	-0.0163868	-0.0146358	-0.0129202	-0.011236	-0.00957943	-0.00794655	-0.00633346	-0.00473621	-0.00315086	-0.00157344	0
0	0.0273009	0.0545913	0.0818605	0.109098	0.136293	0.163436	0.190515	0.21752	0.244442	0.271268	0.29799	0.324597	0.351078	0.377423	0.403622	0.429666	0.455543	0.481245	0.50676	0.532081	0.557196	0.582096	0.606772	0.631214	0.655413	0.67936	0.703046	0.726462	0.749598	0.772447	0.794999	0.817247	0.839181	0.860795	0.882078	0.903025	0.923627	0.943876	0.963765	0.983287	1.00243	1.0212	1.03958	1.05756	1.07514	1.09232	1.10908	1.12542	1.14134	1.15683	1.17188	1.18649	1.20065	1.21436	1.22762	1.24042	1.25275	1.26462	1.27602	1.28694	1.29738	1.30734	1.31681	1.3258	1.3343	1.34231	1.34982	1.35684	1.36336	1.36938	1.3749	1.37992	1.38443	1.38845	1.39196	1.39497	1.39747	1.39948	1.40098	1.40197	1.40247	1.40247	1.40197	1.40097	1.39948	1.39749	1.39502	1.39205	1.3886	1.38466	1.38025	1.37536	1.36999	1.36415	1.35785	1.35108	1.34385	1.33617	1.32804	1.31946	1.31045	1.30099	1.29111	1.2808	1.27007	1.25893	1.24738	1.23543	1.22308	1.21034	1.19721	1.18371	1.16984	1.15561	1.14101	1.12607	1.11079	1.09517	1.07922	1.06295	1.04637	1.02949	1.01231	0.994836	0.977084	0.959059	0.94077	0.922224	0.903431	0.884398	0.865134	0.845647	0.825947	0.806041	0.78594	0.765651	0.745183	0.724545	0.703746	0.682796	0.661702	0.640475	0.619122	0.597654	0.576078	0.554405	0.532642	0.5108	0.488887	0.466912	0.444884	0.422812	0.400706	0.378573	0.356423	0.334264	0.312106	0.289957	0.267827	0.245722	0.223653	0.201627	0.179653	0.15774	0.135896	0.114128	0.092446	0.070857	0.0493692	0.0279905	0.0067288	-0.0144083	-0.0354132	-0.0562783	-0.0769963	-0.09756	-0.117962	-0.138195	-0.158253	-0.178129	-0.197815	-0.217306	-0.236595	-0.255675	-0.274541	-0.293187	-0.311606	-0.329793	-0.347742	-0.365448	-0.382905	-0.400109	-0.417054	-0.433736	-0.450149	-0.466289	-0.482153	-0.497735	-0.513031	-0.528038	-0.542752	-0.557169	-0.571286	-0.5851	-0.598607	-0.611805	-0.62469	-0.637261	-0.649514	-0.661449	-0.673061	-0.68435	-0.695314	-0.705951	-0.71626	-0.726239	-0.735888	-0.745205	-0.75419	-0.762842	-0.77116	-0.779145	-0.786797	-0.794114	-0.801099	-0.80775	-0.814069	-0.820055	-0.825711	-0.831037	-0.836034	-0.840703	-0.845046	-0.849065	-0.852761	-0.856136	-0.859192	-0.861931	-0.864355	-0.866468	-0.868271	-0.869767	-0.87096	-0.871851	-0.872444	-0.872742	-0.872749	-0.872468	-0.871902	-0.871055	-0.869931	-0.868533	-0.866866	-0.864934	-0.86274	-0.860289	-0.857585	-0.854633	-0.851438	-0.848002	-0.844333	-0.840433	-0.836308	-0.831962	-0.827401	-0.822629	-0.817652	-0.812475	-0.807102	-0.801539	-0.795791	-0.789863	-0.783761	-0.777489	-0.771054	-0.76446	-0.757713	-0.750819	-0.743782	-0.736608	-0.729303	-0.721872	-0.71432	-0.706653	-0.698877	-0.690996	-0.683016	-0.674943	-0.666782	-0.658538	-0.650217	-0.641824	-0.633364	-0.624842	-0.616264	-0.607634	-0.598959	-0.590242	-0.58149	-0.572706	-0.563896	-0.555065	-0.546218	-0.537358	-0.528492	-0.519623	-0.510756	-0.501895	-0.493046	-0.484211	-0.475396	-0.466604	-0.45784	-0.449108	-0.440411	-0.431753	-0.423138	-0.41457	-0.406052	-0.397587	-0.389179	-0.380831	-0.372546	-0.364327	-0.356177	-0.348099	-0.340096	-0.332169	-0.324323	-0.316558	-0.308878	-0.301283	-0.293778	-0.286363	-0.279039	-0.27181	-0.264677	-0.25764	-0.250701	-0.243862	-0.237124	-0.230487	-0.223953	-0.217523	-0.211196	-0.204974	-0.198857	-0.192846	-0.18694	-0.18114	-0.175446	-0.169857	-0.164374	-0.158996	-0.153722	-0.148553	-0.143487	-0.138524	-0.133663	-0.128903	-0.124243	-0.119682	-0.115218	-0.110851	-0.106578	-0.102399	-0.098311	-0.0943132	-0.0904037	-0.0865805	-0.0828418	-0.0791854	-0.0756092	-0.0721112	-0.068689	-0.0653404	-0.0620628	-0.058854	-0.0557113	-0.0526322	-0.0496141	-0.0466542	-0.0437498	-0.0408981	-0.0380963	-0.0353414	-0.0326306	-0.0299608	-0.0273291	-0.0247323	-0.0221675	-0.0196315	-0.0171211	-0.0146333	-0.0121648	-0.00971243	-0.00727299	-0.00484326	-0.00242001	0
0	0.020598	0.0411885	0.0617638	0.0823165	0.102839	0.123324	0.143763	0.16415	0.184476	0.204735	0.224919	0.24502	0.265032	0.284946	0.304756	0.324454	0.344034	0.363488	0.382808	0.401989	0.421023	0.439903	0.458622	0.477174	0.495552	0.513749	0.531758	0.549575	0.56719	0.5846	0.601797	0.618775	0.635529	0.652052	0.668339	0.684383	0.70018	0.715723	0.731008	0.746029	0.76078	0.775257	0.789455	0.803369	0.816994	0.830326	0.84336	0.856092	0.868517	0.880632	0.892432	0.903914	0.915074	0.925909	0.936414	0.946587	0.956425	0.965924	0.975082	0.983896	0.992363	1.00048	1.00825	1.01566	1.02272	1.02942	1.03576	1.04174	1.04736	1.05261	1.0575	1.06202	1.06618	1.06997	1.07339	1.07645	1.07914	1.08145	1.0834	1.08499	1.0862	1.08705	1.08753	1.08764	1.08739	1.08678	1.0858	1.08446	1.08276	1.08071	1.07829	1.07553	1.07241	1.06894	1.06512	1.06096	1.05645	1.05161	1.04642	1.04091	1.03506	1.02888	1.02238	1.01556	1.00842	1.00096	0.993197	0.985126	0.976754	0.968083	0.959118	0.949864	0.940325	0.930505	0.92041	0.910043	0.89941	0.888516	0.877365	0.865962	0.854314	0.842425	0.8303	0.817945	0.805365	0.792566	0.779553	0.766332	0.752909	0.73929	0.725479	0.711484	0.697311	0.682964	0.66845	0.653776	0.638947	0.623969	0.608849	0.593593	0.578207	0.562697	0.547069	0.53133	0.515487	0.499544	0.48351	0.467389	0.451189	0.434915	0.418574	0.402173	0.385717	0.369213	0.352667	0.336085	0.319474	0.30284	0.286189	0.269527	0.252861	0.236196	0.219538	0.202894	0.18627	0.169671	0.153103	0.136573	0.120085	0.103647	0.0872622	0.070938	0.0546793	0.0384918	0.0223809	0.00635197	-0.00958973	-0.0254389	-0.0411905	-0.0568392	-0.0723803	-0.0878086	-0.103119	-0.118308	-0.133369	-0.148299	-0.163093	-0.177746	-0.192254	-0.206613	-0.220819	-0.234868	-0.248755	-0.262477	-0.27603	-0.289411	-0.302615	-0.31564	-0.328482	-0.341137	-0.353603	-0.365877	-0.377956	-0.389836	-0.401515	-0.412991	-0.42426	-0.435322	-0.446172	-0.45681	-0.467232	-0.477438	-0.487424	-0.497191	-0.506735	-0.516055	-0.52515	-0.534018	-0.542659	-0.551072	-0.559254	-0.567206	-0.574927	-0.582415	-0.589671	-0.596694	-0.603484	-0.61004	-0.616363	-0.622452	-0.628307	-0.633929	-0.639318	-0.644474	-0.649398	-0.65409	-0.658552	-0.662783	-0.666785	-0.670558	-0.674104	-0.677424	-0.68052	-0.683391	-0.68604	-0.688469	-0.690679	-0.692671	-0.694447	-0.69601	-0.697361	-0.698501	-0.699434	-0.70016	-0.700683	-0.701005	-0.701127	-0.701053	-0.700785	-0.700324	-0.699674	-0.698838	-0.697818	-0.696616	-0.695236	-0.693681	-0.691952	-0.690054	-0.687988	-0.685759	-0.683369	-0.68082	-0.678118	-0.675263	-0.67226	-0.669111	-0.665821	-0.662391	-0.658826	-0.655128	-0.651301	-0.647349	-0.643274	-0.639079	-0.634769	-0.630346	-0.625814	-0.621176	-0.616435	-0.611596	-0.60666	-0.601631	-0.596514	-0.59131	-0.586024	-0.580658	-0.575216	-0.569701	-0.564116	-0.558464	-0.552749	-0.546974	-0.541142	-0.535256	-0.529319	-0.523334	-0.517303	-0.511231	-0.50512	-0.498972	-0.492791	-0.486579	-0.48034	-0.474075	-0.467788	-0.461481	-0.455157	-0.448817	-0.442466	-0.436105	-0.429736	-0.423362	-0.416984	-0.410607	-0.40423	-0.397857	-0.391489	-0.385129	-0.378778	-0.372439	-0.366112	-0.3598	-0.353505	-0.347227	-0.340969	-0.334732	-0.328518	-0.322327	-0.316161	-0.310021	-0.303909	-0.297826	-0.291772	-0.285748	-0.279756	-0.273796	-0.267869	-0.261976	-0.256117	-0.250293	-0.244504	-0.238752	-0.233035	-0.227356	-0.221713	-0.216107	-0.210539	-0.205007	-0.199514	-0.194057	-0.188638	-0.183256	-0.17791	-0.172602	-0.167329	-0.162093	-0.156892	-0.151727	-0.146595	-0.141498	-0.136435	-0.131404	-0.126405	-0.121437	-0.1165	-0.111593	-0.106715	-0.101864	-0.0970407	-0.0922431	-0.0874706	-0.0827221	-0.0779964	-0.0732925	-0.0686093	-0.0639456	-0.0593001	-0.0546717	-0.0500592	-0.0454614	-0.0408768	-0.0363043	-0.0317426	-0.0271903	-0.0226462	-0.0181088	-0.0135768	-0.00904894	-0.00452379	0
0	0.0109136	0.0218239	0.0327276	0.0436216	0.0545024	0.065367	0.0762119	0.0870339	0.0978299	0.108597	0.119331	0.130029	0.140688	0.151306	0.161878	0.172401	0.182873	0.19329	0.203649	0.213948	0.224182	0.23435	0.244447	0.254472	0.26442	0.274289	0.284077	0.29378	0.303395	0.31292	0.322352	0.331688	0.340925	0.35006	0.359092	0.368017	0.376832	0.385536	0.394125	0.402598	0.410951	0.419183	0.427291	0.435272	0.443125	0.450847	0.458436	0.465889	0.473206	0.480383	0.487419	0.494312	0.501059	0.50766	0.514111	0.520413	0.526562	0.532557	0.538396	0.544078	0.549602	0.554966	0.560169	0.565208	0.570084	0.574794	0.579338	0.583714	0.587922	0.59196	0.595827	0.599523	0.603047	0.606397	0.609574	0.612576	0.615402	0.618053	0.620528	0.622826	0.624947	0.62689	0.628656	0.630244	0.631654	0.632885	0.633938	0.634813	0.63551	0.636029	0.636369	0.636532	0.636518	0.636326	0.635958	0.635414	0.634693	0.633798	0.632728	0.631484	0.630067	0.628477	0.626716	0.624783	0.622681	0.620411	0.617972	0.615366	0.612595	0.609659	0.60656	0.603299	0.599878	0.596296	0.592557	0.588662	0.584611	0.580407	0.576051	0.571545	0.56689	0.562088	0.557141	0.55205	0.546818	0.541446	0.535937	0.530291	0.524512	0.5186	0.512559	0.50639	0.500095	0.493677	0.487137	0.480478	0.473702	0.466811	0.459808	0.452694	0.445473	0.438146	0.430716	0.423186	0.415557	0.407832	0.400014	0.392105	0.384107	0.376024	0.367857	0.35961	0.351284	0.342883	0.334408	0.325864	0.317251	0.308573	0.299832	0.291032	0.282174	0.273261	0.264296	0.255282	0.246222	0.237117	0.227971	0.218786	0.209565	0.200311	0.191026	0.181713	0.172375	0.163014	0.153633	0.144235	0.134821	0.125396	0.115961	0.106519	0.097073	0.087625	0.0781779	0.0687341	0.0592963	0.049867	0.0404487	0.0310439	0.0216551	0.0122847	0.0029353	-0.00639077	-0.0156911	-0.0249632	-0.0342048	-0.0434134	-0.0525869	-0.0617228	-0.0708188	-0.0798728	-0.0888824	-0.0978455	-0.10676	-0.115623	-0.124434	-0.133189	-0.141887	-0.150525	-0.159103	-0.167617	-0.176065	-0.184447	-0.192759	-0.201	-0.209168	-0.217262	-0.225279	-0.233218	-0.241076	-0.248854	-0.256547	-0.264156	-0.271678	-0.279112	-0.286457	-0.29371	-0.300871	-0.307937	-0.314908	-0.321783	-0.328559	-0.335236	-0.341812	-0.348286	-0.354657	-0.360924	-0.367086	-0.373141	-0.379088	-0.384928	-0.390657	-0.396277	-0.401785	-0.407181	-0.412464	-0.417633	-0.422687	-0.427626	-0.43245	-0.437156	-0.441745	-0.446217	-0.45057	-0.454804	-0.458918	-0.462913	-0.466787	-0.47054	-0.474173	-0.477684	-0.481073	-0.48434	-0.487486	-0.490508	-0.493408	-0.496186	-0.49884	-0.501372	-0.503781	-0.506067	-0.50823	-0.51027	-0.512187	-0.513981	-0.515653	-0.517203	-0.51863	-0.519935	-0.521119	-0.52218	-0.523121	-0.523941	-0.52464	-0.525219	-0.525678	-0.526018	-0.526239	-0.526341	-0.526326	-0.526193	-0.525942	-0.525576	-0.525094	-0.524496	-0.523784	-0.522958	-0.522018	-0.520966	-0.519802	-0.518527	-0.517141	-0.515645	-0.51404	-0.512328	-0.510507	-0.50858	-0.506548	-0.50441	-0.502168	-0.499823	-0.497376	-0.494827	-0.492178	-0.489429	-0.486582	-0.483637	-0.480595	-0.477457	-0.474225	-0.470899	-0.46748	-0.463969	-0.460368	-0.456677	-0.452898	-0.44903	-0.445077	-0.441037	-0.436914	-0.432707	-0.428418	-0.424048	-0.419597	-0.415068	-0.410461	-0.405778	-0.401019	-0.396185	-0.391278	-0.3863	-0.38125	-0.37613	-0.370942	-0.365686	-0.360363	-0.354976	-0.349524	-0.34401	-0.338434	-0.332797	-0.327101	-0.321347	-0.315536	-0.309669	-0.303747	-0.297772	-0.291745	-0.285666	-0.279538	-0.273361	-0.267137	-0.260866	-0.25455	-0.24819	-0.241787	-0.235343	-0.228858	-0.222334	-0.215772	-0.209174	-0.202539	-0.195871	-0.189169	-0.182435	-0.17567	-0.168876	-0.162053	-0.155202	-0.148326	-0.141425	-0.1345	-0.127553	-0.120584	-0.113595	-0.106587	-0.0995613	-0.0925191	-0.0854614	-0.0783896	-0.0713047	-0.064208	-0.0571006	-0.0499837	-0.0428586	-0.0357264	-0.0285882	-0.0214453	-0.0142988	-0.00715001	0
0	-6.51609e-05	-0.000128861	-0.000189642	-0.000246045	-0.000296618	-0.000339911	-0.000374481	-0.000398893	-0.000411717	-0.000411535	-0.000396939	-0.000366532	-0.000318928	-0.000252758	-0.000166666	-5.93119e-05	7.06274e-05	0.000224456	0.000403461	0.000608905	0.000842035	0.00110407	0.00139621	0.00171963	0.00207548	0.00246488	0.00288892	0.00334868	0.0038452	0.00437947	0.00495248	0.00556517	0.00621846	0.00691323	0.00765033	0.00843055	0.00925469	0.0101235	0.0110376	0.0119978	0.0130046	0.0140586	0.0151604	0.0163105	0.0175093	0.0187573	0.0200549	0.0214024	0.0228	0.0242481	0.0257469	0.0272965	0.0288971	0.0305486	0.0322513	0.034005	0.0358097	0.0376653	0.0395716	0.0415285	0.0435357	0.0455929	0.0476998	0.049856	0.0520611	0.0543147	0.0566161	0.0589649	0.0613604	0.063802	0.0662889	0.0688205	0.071396	0.0740144	0.076675	0.0793769	0.0821189	0.0849002	0.0877197	0.0905763	0.0934689	0.0963962	0.0993572	0.10235	0.105375	0.108429	0.111511	0.11462	0.117754	0.120913	0.124094	0.127296	0.130517	0.133756	0.137011	0.14028	0.143562	0.146855	0.150156	0.153466	0.15678	0.160099	0.163419	0.166738	0.170056	0.17337	0.176678	0.179978	0.183268	0.186546	0.18981	0.193058	0.196288	0.199498	0.202685	0.205848	0.208985	0.212093	0.215171	0.218216	0.221225	0.224198	0.227132	0.230024	0.232873	0.235677	0.238433	0.241139	0.243793	0.246394	0.248938	0.251425	0.253851	0.256216	0.258516	0.260749	0.262915	0.265011	0.267034	0.268983	0.270857	0.272652	0.274368	0.276002	0.277553	0.279019	0.280398	0.281688	0.282888	0.283996	0.285011	0.285931	0.286753	0.287478	0.288103	0.288627	0.289049	0.289367	0.289579	0.289686	0.289685	0.289575	0.289356	0.289025	0.288583	0.288028	0.287359	0.286576	0.285677	0.284662	0.283531	0.282281	0.280914	0.279428	0.277823	0.276098	0.274254	0.272289	0.270204	0.267998	0.265671	0.263224	0.260656	0.257967	0.255157	0.252227	0.249177	0.246007	0.242717	0.239308	0.23578	0.232134	0.228371	0.224491	0.220495	0.216383	0.212157	0.207818	0.203366	0.198803	0.194129	0.189346	0.184455	0.179457	0.174355	0.169148	0.163839	0.158428	0.152919	0.147312	0.141609	0.135811	0.129922	0.123941	0.117873	0.111717	0.105477	0.0991548	0.092752	0.0862711	0.0797142	0.0730837	0.0663819	0.0596112	0.0527741	0.0458729	0.0389103	0.0318887	0.0248108	0.0176793	0.0104967	0.00326595	-0.00401034	-0.0113293	-0.0186882	-0.0260841	-0.0335141	-0.0409752	-0.0484646	-0.0559793	-0.0635161	-0.0710722	-0.0786443	-0.0862295	-0.0938247	-0.101427	-0.109032	-0.116638	-0.124242	-0.131839	-0.139428	-0.147004	-0.154565	-0.162107	-0.169627	-0.177122	-0.184588	-0.192023	-0.199422	-0.206784	-0.214104	-0.22138	-0.228607	-0.235784	-0.242906	-0.24997	-0.256974	-0.263914	-0.270787	-0.27759	-0.284319	-0.290972	-0.297546	-0.304037	-0.310442	-0.316759	-0.322985	-0.329116	-0.335149	-0.341082	-0.346913	-0.352637	-0.358252	-0.363757	-0.369147	-0.37442	-0.379574	-0.384606	-0.389514	-0.394294	-0.398946	-0.403465	-0.407851	-0.412101	-0.416211	-0.420182	-0.424009	-0.427692	-0.431228	-0.434615	-0.437852	-0.440936	-0.443866	-0.44664	-0.449257	-0.451715	-0.454012	-0.456148	-0.45812	-0.459927	-0.461569	-0.463044	-0.464351	-0.465489	-0.466457	-0.467255	-0.46788	-0.468334	-0.468614	-0.468722	-0.468655	-0.468414	-0.467998	-0.467407	-0.466641	-0.465699	-0.464583	-0.463291	-0.461824	-0.460182	-0.458365	-0.456374	-0.454209	-0.451871	-0.44936	-0.446677	-0.443822	-0.440797	-0.437602	-0.434239	-0.430707	-0.42701	-0.423146	-0.419119	-0.414929	-0.410577	-0.406066	-0.401396	-0.396569	-0.391588	-0.386453	-0.381167	-0.375731	-0.370147	-0.364419	-0.358546	-0.352533	-0.34638	-0.340091	-0.333667	-0.327112	-0.320427	-0.313615	-0.306679	-0.299621	-0.292444	-0.285151	-0.277745	-0.270228	-0.262604	-0.254875	-0.247044	-0.239115	-0.23109	-0.222973	-0.214767	-0.206476	-0.198101	-0.189648	-0.181118	-0.172516	-0.163845	-0.155108	-0.146309	-0.137451	-0.128539	-0.119574	-0.110562	-0.101505	-0.0924076	-0.083273	-0.0741049	-0.0649071	-0.0556832	-0.0464369	-0.0371719	-0.027892	-0.0186009	-0.00930233	0
0	-0.010475	-0.0209443	-0.031402	-0.0418426	-0.0522603	-0.0626493	-0.073004	-0.0833187	-0.0935878	-0.103806	-0.113966	-0.124065	-0.134095	-0.144053	-0.153931	-0.163725	-0.173429	-0.183038	-0.192547	-0.20195	-0.211243	-0.22042	-0.229476	-0.238407	-0.247207	-0.255872	-0.264397	-0.272776	-0.281007	-0.289084	-0.297002	-0.304758	-0.312346	-0.319764	-0.327007	-0.334071	-0.340952	-0.347646	-0.35415	-0.360461	-0.366574	-0.372486	-0.378195	-0.383696	-0.388988	-0.394067	-0.398931	-0.403576	-0.408	-0.412202	-0.416177	-0.419926	-0.423445	-0.426732	-0.429786	-0.432605	-0.435188	-0.437533	-0.439639	-0.441504	-0.443129	-0.444511	-0.445651	-0.446547	-0.4472	-0.447608	-0.447772	-0.447692	-0.447368	-0.446799	-0.445987	-0.444931	-0.443633	-0.442093	-0.440312	-0.438291	-0.436031	-0.433533	-0.4308	-0.427832	-0.424631	-0.421199	-0.417538	-0.41365	-0.409536	-0.4052	-0.400644	-0.395871	-0.390882	-0.385681	-0.38027	-0.374654	-0.368834	-0.362814	-0.356598	-0.350188	-0.343589	-0.336804	-0.329837	-0.322692	-0.315372	-0.307882	-0.300227	-0.292409	-0.284434	-0.276305	-0.268028	-0.259607	-0.251047	-0.242352	-0.233528	-0.224579	-0.215509	-0.206325	-0.197031	-0.187632	-0.178134	-0.168542	-0.158861	-0.149096	-0.139253	-0.129337	-0.119354	-0.109309	-0.0992085	-0.0890571	-0.0788606	-0.0686248	-0.0583553	-0.0480577	-0.0377378	-0.0274012	-0.0170536	-0.00670074	0.00365164	0.0139979	0.0243322	0.034649	0.0449426	0.0552073	0.0654374	0.0756272	0.0857713	0.095864	0.1059	0.115873	0.125778	0.13561	0.145363	0.155032	0.164612	0.174096	0.183481	0.19276	0.20193	0.210984	0.219918	0.228727	0.237406	0.24595	0.254354	0.262615	0.270727	0.278687	0.286489	0.294129	0.301604	0.308909	0.31604	0.322993	0.329765	0.336352	0.342749	0.348955	0.354965	0.360776	0.366385	0.371789	0.376984	0.381969	0.386741	0.391296	0.395633	0.399749	0.403641	0.407309	0.410749	0.41396	0.416941	0.419689	0.422204	0.424483	0.426527	0.428333	0.4299	0.431229	0.432318	0.433167	0.433775	0.434142	0.434268	0.434153	0.433798	0.433201	0.432365	0.431289	0.429974	0.428421	0.42663	0.424604	0.422342	0.419847	0.41712	0.414162	0.410975	0.407561	0.403922	0.400061	0.395978	0.391677	0.38716	0.38243	0.377489	0.37234	0.366987	0.361431	0.355677	0.349727	0.343585	0.337255	0.33074	0.324043	0.317169	0.310121	0.302903	0.29552	0.287975	0.280273	0.272418	0.264415	0.256267	0.247981	0.23956	0.231008	0.222332	0.213535	0.204623	0.195601	0.186473	0.177246	0.167923	0.15851	0.149014	0.139437	0.129788	0.120069	0.110288	0.10045	0.0905592	0.0806222	0.0706445	0.0606315	0.0505888	0.0405221	0.030437	0.0203392	0.0102342	0.000127701	-0.00997459	-0.0200671	-0.0301441	-0.0402	-0.0502292	-0.0602262	-0.0701852	-0.0801008	-0.0899675	-0.0997796	-0.109532	-0.119219	-0.128835	-0.138375	-0.147833	-0.157205	-0.166484	-0.175667	-0.184747	-0.19372	-0.202581	-0.211325	-0.219946	-0.22844	-0.236803	-0.24503	-0.253116	-0.261056	-0.268847	-0.276483	-0.283962	-0.291277	-0.298427	-0.305405	-0.31221	-0.318836	-0.32528	-0.331539	-0.337609	-0.343487	-0.349169	-0.354653	-0.359935	-0.365012	-0.369882	-0.374542	-0.37899	-0.383222	-0.387237	-0.391032	-0.394605	-0.397955	-0.401079	-0.403976	-0.406644	-0.409082	-0.411288	-0.413262	-0.415001	-0.416506	-0.417775	-0.418808	-0.419604	-0.420163	-0.420485	-0.420568	-0.420414	-0.420023	-0.419394	-0.418529	-0.417427	-0.416089	-0.414517	-0.41271	-0.410671	-0.4084	-0.405898	-0.403168	-0.400209	-0.397026	-0.393618	-0.389988	-0.386138	-0.382071	-0.377788	-0.373292	-0.368586	-0.363672	-0.358553	-0.353232	-0.347712	-0.341996	-0.336087	-0.329989	-0.323705	-0.317238	-0.310593	-0.303773	-0.296782	-0.289624	-0.282302	-0.274822	-0.267186	-0.259401	-0.251469	-0.243396	-0.235185	-0.226843	-0.218372	-0.209779	-0.201067	-0.192242	-0.18331	-0.174273	-0.165139	-0.155912	-0.146597	-0.1372	-0.127725	-0.118178	-0.108565	-0.0988912	-0.0891614	-0.0793814	-0.0695568	-0.0596929	-0.0497955	-0.0398701	-0.0299222	-0.0199575	-0.00998156	0
0	-0.0186311	-0.0372533	-0.0558581	-0.0744365	-0.0929799	-0.11148	-0.129927	-0.148313	-0.166629	-0.184866	-0.203017	-0.221072	-0.239024	-0.256862	-0.27458	-0.292169	-0.309621	-0.326927	-0.344079	-0.36107	-0.377891	-0.394534	-0.410993	-0.427259	-0.443324	-0.459181	-0.474823	-0.490243	-0.505433	-0.520387	-0.535096	-0.549556	-0.563759	-0.577698	-0.591367	-0.60476	-0.617871	-0.630694	-0.643223	-0.655452	-0.667376	-0.67899	-0.690288	-0.701265	-0.711916	-0.722238	-0.732224	-0.741871	-0.751174	-0.760131	-0.768735	-0.776985	-0.784876	-0.792406	-0.79957	-0.806367	-0.812792	-0.818845	-0.824522	-0.829821	-0.83474	-0.839278	-0.843432	-0.847202	-0.850586	-0.853582	-0.856191	-0.858411	-0.860242	-0.861684	-0.862737	-0.8634	-0.863675	-0.863561	-0.863059	-0.86217	-0.860896	-0.859237	-0.857196	-0.854773	-0.85197	-0.84879	-0.845235	-0.841306	-0.837008	-0.832342	-0.827311	-0.821919	-0.816169	-0.810064	-0.803608	-0.796805	-0.789659	-0.782174	-0.774353	-0.766203	-0.757727	-0.74893	-0.739817	-0.730393	-0.720664	-0.710635	-0.700311	-0.689697	-0.678801	-0.667628	-0.656183	-0.644473	-0.632505	-0.620284	-0.607818	-0.595113	-0.582176	-0.569013	-0.555631	-0.542039	-0.528242	-0.514249	-0.500066	-0.4857	-0.47116	-0.456453	-0.441587	-0.426569	-0.411407	-0.396109	-0.380683	-0.365136	-0.349477	-0.333714	-0.317855	-0.301907	-0.28588	-0.26978	-0.253617	-0.237398	-0.221131	-0.204826	-0.188489	-0.172129	-0.155755	-0.139374	-0.122995	-0.106625	-0.0902729	-0.0739468	-0.0576546	-0.0414043	-0.0252038	-0.00906103	0.00701611	0.0230198	0.0389424	0.0547761	0.0705133	0.0861465	0.101668	0.117071	0.132348	0.147491	0.162493	0.177348	0.192049	0.206587	0.220958	0.235154	0.249168	0.262995	0.276627	0.290059	0.303285	0.316298	0.329094	0.341665	0.354007	0.366115	0.377982	0.389604	0.400976	0.412094	0.422951	0.433544	0.443869	0.453921	0.463696	0.473191	0.482401	0.491323	0.499953	0.508289	0.516327	0.524064	0.531498	0.538626	0.545445	0.551954	0.55815	0.564031	0.569596	0.574844	0.579772	0.58438	0.588667	0.592632	0.596273	0.599592	0.602588	0.605259	0.607608	0.609633	0.611335	0.612715	0.613773	0.614512	0.61493	0.615031	0.614815	0.614285	0.613441	0.612286	0.610821	0.609051	0.606975	0.604599	0.601923	0.598951	0.595687	0.592133	0.588293	0.58417	0.579768	0.575091	0.570143	0.564928	0.559451	0.553715	0.547725	0.541485	0.535002	0.528279	0.521321	0.514134	0.506722	0.499092	0.491248	0.483197	0.474943	0.466493	0.457853	0.449027	0.440023	0.430847	0.421504	0.412001	0.402345	0.39254	0.382595	0.372516	0.362309	0.35198	0.341537	0.330986	0.320334	0.309587	0.298753	0.287839	0.27685	0.265795	0.254679	0.243511	0.232296	0.221042	0.209756	0.198444	0.187114	0.175773	0.164426	0.153082	0.141747	0.130427	0.11913	0.107863	0.0966317	0.085443	0.0743036	0.0632202	0.0521991	0.0412469	0.0303699	0.0195744	0.00886679	-0.00174688	-0.0122605	-0.0226679	-0.0329634	-0.0431409	-0.0531949	-0.0631194	-0.0729091	-0.0825585	-0.0920621	-0.101415	-0.110611	-0.119646	-0.128516	-0.137214	-0.145736	-0.154079	-0.162237	-0.170205	-0.177981	-0.185559	-0.192937	-0.200109	-0.207073	-0.213825	-0.220361	-0.226678	-0.232774	-0.238645	-0.244289	-0.249702	-0.254883	-0.259829	-0.264538	-0.269007	-0.273236	-0.277222	-0.280963	-0.284459	-0.287708	-0.290709	-0.293461	-0.295963	-0.298216	-0.300217	-0.301967	-0.303466	-0.304715	-0.305712	-0.306458	-0.306955	-0.307202	-0.307201	-0.306953	-0.306458	-0.305717	-0.304734	-0.303508	-0.302042	-0.300338	-0.298397	-0.296223	-0.293817	-0.291181	-0.288319	-0.285234	-0.281927	-0.278403	-0.274664	-0.270715	-0.266557	-0.262195	-0.257633	-0.252874	-0.247923	-0.242783	-0.237459	-0.231955	-0.226276	-0.220425	-0.214408	-0.20823	-0.201895	-0.195408	-0.188775	-0.182	-0.175088	-0.168046	-0.160878	-0.153589	-0.146186	-0.138674	-0.131059	-0.123346	-0.115542	-0.107651	-0.0996802	-0.0916355	-0.0835228	-0.075348	-0.0671174	-0.0588369	-0.0505129	-0.0421514	-0.0337586	-0.0253409	-0.0169044	-0.00845531	0
0	-0.0233368	-0.0466636	-0.0699703	-0.0932469	-0.116483	-0.13967	-0.162796	-0.185852	-0.208828	-0.231715	-0.254501	-0.277178	-0.299737	-0.322166	-0.344456	-0.366599	-0.388585	-0.410403	-0.432045	-0.453502	-0.474764	-0.495823	-0.516669	-0.537294	-0.557689	-0.577845	-0.597754	-0.617407	-0.636796	-0.655913	-0.674751	-0.6933	-0.711553	-0.729504	-0.747143	-0.764465	-0.781461	-0.798125	-0.81445	-0.83043	-0.846057	-0.861326	-0.876231	-0.890764	-0.904921	-0.918696	-0.932084	-0.945078	-0.957675	-0.969869	-0.981656	-0.99303	-1.00399	-1.01453	-1.02464	-1.03433	-1.04358	-1.0524	-1.06078	-1.06872	-1.07622	-1.08327	-1.08987	-1.09602	-1.10172	-1.10697	-1.11176	-1.1161	-1.11998	-1.1234	-1.12636	-1.12886	-1.1309	-1.13249	-1.13361	-1.13428	-1.13449	-1.13424	-1.13354	-1.13238	-1.13077	-1.12871	-1.12621	-1.12325	-1.11985	-1.11601	-1.11173	-1.10701	-1.10187	-1.09629	-1.09028	-1.08386	-1.07702	-1.06976	-1.06209	-1.05402	-1.04555	-1.03668	-1.02742	-1.01778	-1.00776	-0.997361	-0.986595	-0.975467	-0.963982	-0.952146	-0.939966	-0.927448	-0.914599	-0.901426	-0.887935	-0.874134	-0.860029	-0.845629	-0.830939	-0.815968	-0.800724	-0.785214	-0.769445	-0.753427	-0.737166	-0.720672	-0.703951	-0.687013	-0.669866	-0.652517	-0.634977	-0.617253	-0.599354	-0.581288	-0.563064	-0.544692	-0.52618	-0.507536	-0.48877	-0.46989	-0.450906	-0.431827	-0.41266	-0.393417	-0.374104	-0.354732	-0.33531	-0.315846	-0.296349	-0.276828	-0.257293	-0.237752	-0.218214	-0.198687	-0.179181	-0.159705	-0.140267	-0.120875	-0.101539	-0.0822671	-0.0630672	-0.0439481	-0.0249181	-0.00598545	0.0128417	0.0315552	0.0501472	0.0686096	0.0869347	0.105115	0.123142	0.14101	0.15871	0.176235	0.193578	0.210732	0.227691	0.244447	0.260993	0.277324	0.293433	0.309314	0.32496	0.340365	0.355525	0.370432	0.385083	0.39947	0.41359	0.427437	0.441007	0.454294	0.467294	0.480002	0.492416	0.50453	0.516341	0.527844	0.539037	0.549917	0.56048	0.570722	0.580642	0.590237	0.599504	0.608442	0.617047	0.625318	0.633254	0.640853	0.648114	0.655035	0.661616	0.667855	0.673753	0.679309	0.684522	0.689392	0.693921	0.698107	0.701952	0.705456	0.70862	0.711445	0.713933	0.716084	0.7179	0.719383	0.720535	0.721358	0.721854	0.722025	0.721875	0.721405	0.720619	0.719519	0.718109	0.716392	0.714372	0.712052	0.709436	0.706528	0.703331	0.699851	0.696091	0.692055	0.687749	0.683177	0.678344	0.673255	0.667914	0.662327	0.656499	0.650435	0.644142	0.637623	0.630886	0.623935	0.616777	0.609418	0.601863	0.594118	0.586189	0.578084	0.569807	0.561365	0.552765	0.544013	0.535115	0.526078	0.516908	0.507612	0.498197	0.488669	0.479034	0.4693	0.459473	0.449559	0.439566	0.4295	0.419368	0.409176	0.398931	0.38864	0.37831	0.367946	0.357556	0.347145	0.336722	0.326292	0.315861	0.305436	0.295024	0.28463	0.274261	0.263923	0.253623	0.243365	0.233157	0.223004	0.212912	0.202887	0.192934	0.18306	0.173268	0.163566	0.153958	0.14445	0.135046	0.125752	0.116572	0.107512	0.0985758	0.0897681	0.0810935	0.0725564	0.0641608	0.0559109	0.0478107	0.039864	0.0320746	0.0244459	0.0169815	0.00968465	0.00255854	-0.0043938	-0.0111695	-0.0177657	-0.02418	-0.0304097	-0.0364526	-0.0423065	-0.0479694	-0.0534393	-0.0587146	-0.0637937	-0.068675	-0.0733574	-0.0778397	-0.0821209	-0.0862002	-0.0900768	-0.0937503	-0.0972202	-0.100486	-0.103549	-0.106407	-0.109062	-0.111514	-0.113763	-0.11581	-0.117655	-0.119301	-0.120747	-0.121995	-0.123047	-0.123903	-0.124566	-0.125038	-0.12532	-0.125414	-0.125323	-0.125049	-0.124594	-0.123961	-0.123153	-0.122172	-0.121022	-0.119706	-0.118226	-0.116587	-0.114791	-0.112842	-0.110743	-0.1085	-0.106114	-0.103591	-0.100934	-0.0981473	-0.0952355	-0.0922026	-0.089053	-0.0857913	-0.082422	-0.0789497	-0.0753792	-0.0717151	-0.0679624	-0.0641258	-0.0602105	-0.0562213	-0.0521634	-0.0480418	-0.0438617	-0.0396283	-0.0353468	-0.0310225	-0.0266606	-0.0222665	-0.0178455	-0.013403	-0.00894432	-0.00447486	0
0	-0.0240882	-0.0481669	-0.0722268	-0.0962586	-0.120253	-0.1442	-0.168091	-0.191916	-0.215666	-0.239332	-0.262905	-0.286375	-0.309734	-0.332972	-0.35608	-0.379049	-0.40187	-0.424535	-0.447035	-0.46936	-0.491504	-0.513456	-0.535208	-0.556752	-0.578081	-0.599185	-0.620056	-0.640687	-0.66107	-0.681197	-0.701061	-0.720653	-0.739966	-0.758994	-0.777729	-0.796164	-0.814293	-0.832108	-0.849602	-0.86677	-0.883606	-0.900102	-0.916253	-0.932053	-0.947497	-0.962579	-0.977293	-0.991634	-1.0056	-1.01918	-1.03237	-1.04517	-1.05758	-1.06958	-1.08118	-1.09238	-1.10316	-1.11352	-1.12347	-1.13299	-1.14209	-1.15076	-1.159	-1.16681	-1.17419	-1.18112	-1.18762	-1.19368	-1.1993	-1.20447	-1.2092	-1.21349	-1.21733	-1.22072	-1.22367	-1.22618	-1.22823	-1.22984	-1.23101	-1.23173	-1.23201	-1.23184	-1.23123	-1.23018	-1.2287	-1.22678	-1.22442	-1.22163	-1.21841	-1.21476	-1.21068	-1.20619	-1.20127	-1.19594	-1.1902	-1.18404	-1.17749	-1.17053	-1.16317	-1.15542	-1.14728	-1.13875	-1.12985	-1.12057	-1.11091	-1.1009	-1.09052	-1.07979	-1.06871	-1.05729	-1.04553	-1.03344	-1.02102	-1.00828	-0.995231	-0.981872	-0.968213	-0.95426	-0.940019	-0.925497	-0.910702	-0.89564	-0.880318	-0.864743	-0.848923	-0.832865	-0.816576	-0.800064	-0.783336	-0.766399	-0.749262	-0.731932	-0.714417	-0.696724	-0.678862	-0.660838	-0.64266	-0.624336	-0.605875	-0.587283	-0.56857	-0.549742	-0.530809	-0.511778	-0.492658	-0.473456	-0.45418	-0.434839	-0.41544	-0.395992	-0.376502	-0.35698	-0.337431	-0.317865	-0.29829	-0.278712	-0.259141	-0.239584	-0.220049	-0.200542	-0.181073	-0.161648	-0.142276	-0.122963	-0.103717	-0.0845449	-0.0654546	-0.0464529	-0.0275471	-0.00874394	0.00994947	0.0285264	0.04698	0.0653037	0.0834909	0.101535	0.11943	0.13717	0.154748	0.172158	0.189395	0.206452	0.223325	0.240007	0.256493	0.272777	0.288855	0.304722	0.320372	0.335801	0.351004	0.365977	0.380715	0.395214	0.409469	0.423478	0.437235	0.450738	0.463983	0.476967	0.489685	0.502136	0.514316	0.526222	0.537852	0.549203	0.560273	0.57106	0.581561	0.591775	0.6017	0.611334	0.620676	0.629725	0.638479	0.646938	0.6551	0.662965	0.670533	0.677803	0.684774	0.691447	0.697821	0.703897	0.709676	0.715157	0.720341	0.725229	0.729822	0.73412	0.738126	0.74184	0.745264	0.748399	0.751247	0.75381	0.75609	0.758088	0.759808	0.76125	0.762419	0.763315	0.763943	0.764304	0.764402	0.764239	0.763819	0.763145	0.762219	0.761046	0.75963	0.757972	0.756078	0.753951	0.751594	0.749012	0.746209	0.743188	0.739954	0.736511	0.732863	0.729015	0.724971	0.720736	0.716313	0.711708	0.706925	0.701968	0.696843	0.691554	0.686106	0.680504	0.674753	0.668856	0.66282	0.656649	0.650349	0.643923	0.637377	0.630716	0.623945	0.617068	0.610092	0.60302	0.595857	0.58861	0.581281	0.573878	0.566403	0.558863	0.551261	0.543603	0.535894	0.528138	0.52034	0.512505	0.504637	0.496742	0.488822	0.480883	0.47293	0.464967	0.456997	0.449026	0.441058	0.433096	0.425145	0.417209	0.409291	0.401396	0.393527	0.385689	0.377884	0.370117	0.36239	0.354708	0.347073	0.339488	0.331958	0.324484	0.317071	0.30972	0.302434	0.295217	0.28807	0.280996	0.273998	0.267078	0.260238	0.25348	0.246807	0.240219	0.233719	0.227308	0.220988	0.214761	0.208628	0.20259	0.196647	0.190803	0.185056	0.179409	0.173861	0.168413	0.163067	0.157822	0.152678	0.147637	0.142697	0.13786	0.133124	0.12849	0.123957	0.119525	0.115194	0.110963	0.106831	0.102798	0.0988616	0.0950222	0.0912785	0.0876291	0.0840729	0.0806086	0.0772347	0.0739498	0.0707523	0.0676405	0.0646127	0.0616672	0.0588019	0.056015	0.0533044	0.0506681	0.0481039	0.0456095	0.0431827	0.0408211	0.0385223	0.0362839	0.0341032	0.0319779	0.0299052	0.0278824	0.025907	0.023976	0.0220868	0.0202365	0.0184223	0.0166412	0.0148903	0.0131667	0.0114675	0.00978951	0.00812987	0.00648552	0.00485342	0.0032305	0.00161372	0
0	-0.021132	-0.0422568	-0.0633675	-0.0844569	-0.105518	-0.126543	-0.147526	-0.16846	-0.189337	-0.21015	-0.230893	-0.251558	-0.272139	-0.292629	-0.31302	-0.333307	-0.353481	-0.373538	-0.393469	-0.413268	-0.432929	-0.452446	-0.471811	-0.491018	-0.510061	-0.528934	-0.54763	-0.566143	-0.584468	-0.602598	-0.620527	-0.63825	-0.65576	-0.673053	-0.690121	-0.706961	-0.723566	-0.739932	-0.756052	-0.771922	-0.787537	-0.802891	-0.817981	-0.8328	-0.847346	-0.861612	-0.875595	-0.88929	-0.902694	-0.915801	-0.928608	-0.941112	-0.953308	-0.965193	-0.976763	-0.988015	-0.998946	-1.00955	-1.01983	-1.02978	-1.03939	-1.04867	-1.05761	-1.06621	-1.07447	-1.08238	-1.08995	-1.09716	-1.10403	-1.11054	-1.1167	-1.1225	-1.12795	-1.13304	-1.13777	-1.14214	-1.14615	-1.14981	-1.1531	-1.15602	-1.15859	-1.1608	-1.16264	-1.16413	-1.16525	-1.16601	-1.16642	-1.16646	-1.16615	-1.16548	-1.16445	-1.16307	-1.16133	-1.15925	-1.15681	-1.15403	-1.1509	-1.14742	-1.1436	-1.13945	-1.13495	-1.13012	-1.12495	-1.11946	-1.11364	-1.10749	-1.10103	-1.09424	-1.08714	-1.07973	-1.07201	-1.06399	-1.05566	-1.04704	-1.03812	-1.02891	-1.01942	-1.00965	-0.999597	-0.989272	-0.978679	-0.967821	-0.956704	-0.945331	-0.933707	-0.921837	-0.909727	-0.897379	-0.884801	-0.871995	-0.858969	-0.845726	-0.832272	-0.818612	-0.804751	-0.790695	-0.776448	-0.762017	-0.747407	-0.732623	-0.717671	-0.702556	-0.687284	-0.671861	-0.656291	-0.640582	-0.624738	-0.608765	-0.592669	-0.576456	-0.560131	-0.5437	-0.52717	-0.510545	-0.493831	-0.477035	-0.460162	-0.443218	-0.426209	-0.409139	-0.392016	-0.374845	-0.357632	-0.340381	-0.3231	-0.305793	-0.288467	-0.271126	-0.253778	-0.236426	-0.219076	-0.201735	-0.184407	-0.167098	-0.149814	-0.132559	-0.115339	-0.0981593	-0.0810248	-0.0639409	-0.0469126	-0.0299449	-0.0130428	0.00378879	0.0205449	0.0372209	0.0538118	0.0703131	0.0867202	0.103028	0.119233	0.135331	0.151316	0.167184	0.182933	0.198556	0.214051	0.229413	0.244639	0.259724	0.274664	0.289457	0.304099	0.318586	0.332914	0.347081	0.361082	0.374916	0.388578	0.402066	0.415377	0.428509	0.441457	0.45422	0.466796	0.479181	0.491373	0.503371	0.515171	0.526772	0.538171	0.549367	0.560359	0.571143	0.581718	0.592084	0.602238	0.612179	0.621905	0.631416	0.640711	0.649787	0.658645	0.667283	0.675701	0.683898	0.691873	0.699626	0.707156	0.714463	0.721546	0.728406	0.735043	0.741455	0.747644	0.75361	0.759352	0.76487	0.770166	0.77524	0.780091	0.784721	0.789131	0.79332	0.79729	0.801042	0.804576	0.807893	0.810995	0.813883	0.816557	0.819018	0.821269	0.823311	0.825144	0.826771	0.828192	0.82941	0.830425	0.83124	0.831856	0.832275	0.832499	0.832529	0.832368	0.832017	0.831478	0.830753	0.829845	0.828754	0.827484	0.826036	0.824413	0.822616	0.820649	0.818512	0.816208	0.813741	0.81111	0.80832	0.805373	0.80227	0.799014	0.795608	0.792053	0.788353	0.784509	0.780524	0.776401	0.772141	0.767747	0.763222	0.758567	0.753787	0.748881	0.743854	0.738708	0.733444	0.728066	0.722575	0.716974	0.711266	0.705452	0.699536	0.693518	0.687403	0.681191	0.674885	0.668488	0.662001	0.655428	0.648769	0.642027	0.635205	0.628305	0.621327	0.614276	0.607152	0.599958	0.592695	0.585366	0.577972	0.570516	0.563	0.555424	0.547792	0.540104	0.532363	0.52457	0.516727	0.508836	0.500897	0.492914	0.484887	0.476818	0.468709	0.46056	0.452374	0.444152	0.435894	0.427604	0.41928	0.410926	0.402543	0.39413	0.38569	0.377224	0.368733	0.360218	0.35168	0.34312	0.334539	0.325938	0.317318	0.30868	0.300024	0.291352	0.282664	0.273961	0.265244	0.256514	0.24777	0.239015	0.230249	0.221471	0.212684	0.203887	0.195081	0.186267	0.177444	0.168614	0.159778	0.150935	0.142085	0.133231	0.124371	0.115506	0.106637	0.0977642	0.0888877	0.0800079	0.0711253	0.0622401	0.0533527	0.0444634	0.0355726	0.0266805	0.0177875	0.00889392	0
0	-0.0153723	-0.030741	-0.0461023	-0.0614525	-0.0767879	-0.0921049	-0.1074	-0.122669	-0.137909	-0.153115	-0.168285	-0.183414	-0.1985	-0.213537	-0.228524	-0.243455	-0.258329	-0.27314	-0.287885	-0.302561	-0.317165	-0.331692	-0.34614	-0.360505	-0.374783	-0.388971	-0.403065	-0.417063	-0.43096	-0.444754	-0.458441	-0.472018	-0.485481	-0.498827	-0.512054	-0.525157	-0.538134	-0.550982	-0.563697	-0.576277	-0.588717	-0.601017	-0.613171	-0.625178	-0.637034	-0.648737	-0.660284	-0.671672	-0.682898	-0.69396	-0.704854	-0.715579	-0.726131	-0.736508	-0.746707	-0.756726	-0.766563	-0.776215	-0.78568	-0.794955	-0.804039	-0.812928	-0.821621	-0.830116	-0.83841	-0.846502	-0.854389	-0.86207	-0.869542	-0.876804	-0.883855	-0.890691	-0.897312	-0.903716	-0.909901	-0.915866	-0.92161	-0.92713	-0.932425	-0.937495	-0.942338	-0.946952	-0.951337	-0.95549	-0.959413	-0.963102	-0.966558	-0.969779	-0.972764	-0.975514	-0.978026	-0.980301	-0.982337	-0.984135	-0.985693	-0.987012	-0.98809	-0.988928	-0.989525	-0.989881	-0.989996	-0.98987	-0.989502	-0.988893	-0.988043	-0.986952	-0.98562	-0.984047	-0.982234	-0.980181	-0.977888	-0.975356	-0.972586	-0.969577	-0.966332	-0.96285	-0.959132	-0.955179	-0.950991	-0.946571	-0.941918	-0.937035	-0.931921	-0.926578	-0.921008	-0.915211	-0.909189	-0.902944	-0.896476	-0.889788	-0.88288	-0.875755	-0.868413	-0.860858	-0.85309	-0.845111	-0.836924	-0.82853	-0.819931	-0.811129	-0.802126	-0.792924	-0.783526	-0.773934	-0.764149	-0.754175	-0.744014	-0.733667	-0.723138	-0.712429	-0.701543	-0.690481	-0.679248	-0.667845	-0.656275	-0.644541	-0.632646	-0.620592	-0.608383	-0.596022	-0.58351	-0.570852	-0.558051	-0.545109	-0.53203	-0.518816	-0.505471	-0.491999	-0.478402	-0.464683	-0.450847	-0.436896	-0.422834	-0.408664	-0.39439	-0.380014	-0.365542	-0.350975	-0.336318	-0.321574	-0.306747	-0.29184	-0.276857	-0.261802	-0.246679	-0.23149	-0.21624	-0.200933	-0.185572	-0.17016	-0.154703	-0.139203	-0.123665	-0.108092	-0.0924873	-0.0768559	-0.0612012	-0.0455271	-0.0298373	-0.0141359	0.00157344	0.0172867	0.0330001	0.0487096	0.0644115	0.0801019	0.0957767	0.111432	0.127065	0.14267	0.158244	0.173784	0.189284	0.204743	0.220154	0.235516	0.250824	0.266073	0.281261	0.296384	0.311437	0.326417	0.341321	0.356144	0.370883	0.385534	0.400093	0.414557	0.428923	0.443186	0.457342	0.47139	0.485324	0.499141	0.512839	0.526412	0.539859	0.553176	0.566358	0.579404	0.592309	0.605071	0.617685	0.63015	0.642461	0.654616	0.666611	0.678444	0.690111	0.70161	0.712937	0.72409	0.735066	0.745862	0.756475	0.766903	0.777142	0.787191	0.797046	0.806706	0.816167	0.825427	0.834485	0.843336	0.85198	0.860414	0.868635	0.876643	0.884433	0.892006	0.899358	0.906487	0.913392	0.920072	0.926523	0.932745	0.938736	0.944495	0.950019	0.955307	0.960359	0.965172	0.969745	0.974078	0.978168	0.982015	0.985618	0.988976	0.992088	0.994952	0.997569	0.999938	1.00206	1.00393	1.00555	1.00691	1.00803	1.0089	1.00951	1.00987	1.00998	1.00984	1.00944	1.0088	1.0079	1.00674	1.00534	1.00368	1.00178	0.999619	0.997211	0.994553	0.991646	0.988491	0.985087	0.981437	0.97754	0.973399	0.969012	0.964383	0.959512	0.9544	0.949048	0.943457	0.93763	0.931567	0.92527	0.91874	0.911979	0.904989	0.897771	0.890327	0.88266	0.87477	0.86666	0.858332	0.849787	0.841029	0.832059	0.822879	0.813492	0.8039	0.794105	0.78411	0.773917	0.763529	0.752949	0.742179	0.731221	0.720079	0.708756	0.697253	0.685575	0.673723	0.661701	0.649513	0.63716	0.624646	0.611975	0.599149	0.586172	0.573046	0.559776	0.546364	0.532814	0.51913	0.505314	0.491371	0.477303	0.463115	0.44881	0.434391	0.419862	0.405227	0.39049	0.375654	0.360722	0.3457	0.33059	0.315396	0.300123	0.284774	0.269352	0.253863	0.238309	0.222695	0.207025	0.191302	0.175531	0.159715	0.143859	0.127967	0.112042	0.0960885	0.0801109	0.0641131	0.048099	0.0320728	0.0160384	0
0	-0.00814796	-0.016296	-0.0244441	-0.0325924	-0.040741	-0.0488898	-0.0570389	-0.0651884	-0.0733383	-0.0814885	-0.0896392	-0.0977903	-0.105942	-0.114094	-0.122246	-0.130398	-0.138551	-0.146703	-0.154856	-0.163008	-0.17116	-0.179312	-0.187463	-0.195613	-0.203762	-0.211909	-0.220054	-0.228198	-0.236339	-0.244477	-0.252612	-0.260743	-0.26887	-0.276993	-0.28511	-0.293221	-0.301326	-0.309423	-0.317513	-0.325595	-0.333667	-0.341729	-0.349781	-0.35782	-0.365847	-0.37386	-0.381859	-0.389842	-0.397809	-0.405757	-0.413687	-0.421597	-0.429485	-0.43735	-0.445192	-0.453009	-0.460798	-0.46856	-0.476292	-0.483993	-0.491661	-0.499296	-0.506894	-0.514455	-0.521976	-0.529457	-0.536895	-0.544288	-0.551634	-0.558933	-0.566181	-0.573376	-0.580518	-0.587603	-0.59463	-0.601596	-0.608499	-0.615338	-0.622109	-0.628811	-0.635442	-0.641999	-0.648479	-0.654881	-0.661202	-0.66744	-0.673592	-0.679656	-0.685629	-0.691508	-0.697293	-0.702978	-0.708564	-0.714045	-0.719421	-0.724689	-0.729845	-0.734887	-0.739814	-0.744621	-0.749307	-0.753868	-0.758303	-0.762608	-0.76678	-0.770819	-0.774719	-0.77848	-0.782098	-0.78557	-0.788895	-0.792069	-0.79509	-0.797956	-0.800663	-0.803209	-0.805593	-0.80781	-0.809859	-0.811737	-0.813443	-0.814972	-0.816324	-0.817496	-0.818485	-0.819289	-0.819906	-0.820334	-0.820571	-0.820614	-0.820462	-0.820112	-0.819562	-0.818811	-0.817856	-0.816696	-0.815329	-0.813754	-0.811968	-0.809969	-0.807758	-0.805331	-0.802688	-0.799826	-0.796746	-0.793445	-0.789923	-0.786178	-0.782209	-0.778015	-0.773596	-0.76895	-0.764078	-0.758977	-0.753648	-0.74809	-0.742303	-0.736287	-0.73004	-0.723563	-0.716856	-0.709919	-0.702752	-0.695355	-0.687728	-0.679872	-0.671787	-0.663473	-0.654932	-0.646164	-0.637169	-0.62795	-0.618505	-0.608838	-0.598948	-0.588838	-0.578508	-0.56796	-0.557196	-0.546217	-0.535024	-0.523621	-0.512008	-0.500188	-0.488163	-0.475935	-0.463506	-0.45088	-0.438057	-0.425042	-0.411836	-0.398443	-0.384865	-0.371106	-0.357168	-0.343055	-0.328769	-0.314315	-0.299695	-0.284914	-0.269974	-0.25488	-0.239636	-0.224244	-0.20871	-0.193037	-0.177229	-0.161291	-0.145227	-0.129041	-0.112738	-0.0963222	-0.0797982	-0.0631707	-0.0464444	-0.0296243	-0.0127152	0.004278	0.0213502	0.0384964	0.0557113	0.0729899	0.0903267	0.107717	0.125154	0.142634	0.16015	0.177697	0.195271	0.212864	0.230471	0.248087	0.265706	0.283321	0.300929	0.318521	0.336093	0.353639	0.371152	0.388627	0.406058	0.423438	0.440763	0.458025	0.475218	0.492338	0.509377	0.52633	0.54319	0.559952	0.576609	0.593155	0.609585	0.625893	0.642072	0.658116	0.67402	0.689777	0.705382	0.720829	0.736111	0.751224	0.766161	0.780916	0.795485	0.80986	0.824037	0.83801	0.851774	0.865322	0.87865	0.891753	0.904624	0.917259	0.929653	0.9418	0.953696	0.965335	0.976712	0.987824	0.998665	1.00923	1.01951	1.02952	1.03923	1.04865	1.05777	1.06659	1.0751	1.0833	1.0912	1.09877	1.10602	1.11295	1.11956	1.12583	1.13177	1.13737	1.14263	1.14755	1.15212	1.15635	1.16023	1.16375	1.16692	1.16973	1.17218	1.17427	1.176	1.17737	1.17837	1.179	1.17926	1.17916	1.17869	1.17784	1.17663	1.17504	1.17308	1.17075	1.16805	1.16497	1.16152	1.1577	1.15351	1.14895	1.14401	1.13871	1.13304	1.127	1.1206	1.11383	1.1067	1.09921	1.09136	1.08316	1.0746	1.06568	1.05642	1.04681	1.03685	1.02655	1.01591	1.00493	0.993626	0.981988	0.970023	0.957736	0.945131	0.932209	0.918977	0.905438	0.891595	0.877455	0.863019	0.848295	0.833285	0.817995	0.80243	0.786595	0.770495	0.754134	0.737519	0.720655	0.703547	0.686201	0.668622	0.650817	0.632791	0.61455	0.596101	0.577449	0.558601	0.539563	0.520341	0.500942	0.481372	0.461638	0.441747	0.421705	0.401519	0.381196	0.360742	0.340166	0.319473	0.298671	0.277766	0.256767	0.23568	0.214512	0.193271	0.171963	0.150597	0.129179	0.107717	0.086218	0.0646893	0.0431385	0.021573	0
0	-0.00093217	-0.0018677	-0.00280993	-0.00376223	-0.00472792	-0.00571034	-0.00671279	-0.00773859	-0.008791	-0.00987327	-0.0109887	-0.0121403	-0.0133315	-0.0145652	-0.0158447	-0.017173	-0.018553	-0.0199879	-0.0214804	-0.0230336	-0.0246501	-0.0263329	-0.0280846	-0.0299079	-0.0318053	-0.0337795	-0.0358329	-0.0379679	-0.0401868	-0.0424919	-0.0448853	-0.0473693	-0.0499458	-0.0526167	-0.055384	-0.0582494	-0.0612146	-0.0642812	-0.0674508	-0.0707248	-0.0741044	-0.077591	-0.0811856	-0.0848894	-0.0887033	-0.0926281	-0.0966646	-0.100813	-0.105075	-0.10945	-0.113939	-0.118541	-0.123257	-0.128088	-0.133032	-0.13809	-0.143262	-0.148546	-0.153943	-0.159451	-0.16507	-0.1708	-0.176639	-0.182586	-0.188639	-0.194799	-0.201062	-0.207428	-0.213895	-0.220461	-0.227125	-0.233884	-0.240736	-0.24768	-0.254712	-0.261831	-0.269033	-0.276318	-0.28368	-0.291119	-0.29863	-0.306212	-0.31386	-0.321572	-0.329344	-0.337173	-0.345056	-0.352989	-0.360968	-0.368989	-0.37705	-0.385145	-0.393271	-0.401424	-0.409599	-0.417793	-0.426002	-0.43422	-0.442443	-0.450668	-0.458889	-0.467102	-0.475302	-0.483484	-0.491644	-0.499778	-0.507879	-0.515943	-0.523966	-0.531942	-0.539866	-0.547734	-0.55554	-0.563279	-0.570945	-0.578535	-0.586043	-0.593462	-0.60079	-0.608019	-0.615146	-0.622164	-0.629069	-0.635856	-0.642519	-0.649053	-0.655453	-0.661714	-0.667831	-0.673798	-0.679611	-0.685265	-0.690755	-0.696075	-0.701221	-0.706189	-0.710972	-0.715567	-0.719968	-0.724172	-0.728173	-0.731967	-0.73555	-0.738917	-0.742064	-0.744986	-0.74768	-0.750141	-0.752365	-0.754349	-0.756088	-0.75758	-0.758819	-0.759804	-0.760529	-0.760993	-0.761191	-0.761121	-0.76078	-0.760164	-0.759272	-0.758099	-0.756645	-0.754906	-0.752879	-0.750564	-0.747958	-0.745058	-0.741864	-0.738374	-0.734585	-0.730497	-0.726109	-0.721419	-0.716426	-0.711131	-0.705531	-0.699626	-0.693417	-0.686903	-0.680084	-0.672959	-0.66553	-0.657797	-0.649759	-0.641419	-0.632776	-0.623832	-0.614588	-0.605045	-0.595205	-0.585069	-0.574639	-0.563917	-0.552906	-0.541606	-0.530022	-0.518155	-0.506008	-0.493584	-0.480886	-0.467918	-0.454681	-0.441181	-0.42742	-0.413403	-0.399133	-0.384615	-0.369851	-0.354848	-0.33961	-0.32414	-0.308444	-0.292527	-0.276394	-0.26005	-0.2435	-0.226749	-0.209805	-0.192671	-0.175354	-0.157859	-0.140194	-0.122363	-0.104374	-0.0862328	-0.0679455	-0.0495189	-0.0309599	-0.0122752	0.00652827	0.0254435	0.0444635	0.063581	0.0827887	0.102079	0.121445	0.140879	0.160374	0.179921	0.199514	0.219143	0.238803	0.258483	0.278178	0.297878	0.317576	0.337264	0.356933	0.376576	0.396184	0.415749	0.435264	0.454719	0.474106	0.493418	0.512646	0.531782	0.550818	0.569745	0.588555	0.607241	0.625793	0.644204	0.662465	0.680569	0.698508	0.716273	0.733856	0.75125	0.768447	0.785439	0.802218	0.818776	0.835106	0.8512	0.867051	0.882652	0.897994	0.913071	0.927876	0.942402	0.956641	0.970587	0.984233	0.997573	1.0106	1.02331	1.03569	1.04774	1.05945	1.07081	1.08183	1.09249	1.10279	1.11273	1.12229	1.13148	1.14028	1.1487	1.15673	1.16436	1.17159	1.17842	1.18484	1.19085	1.19644	1.20161	1.20636	1.21069	1.21459	1.21805	1.22108	1.22368	1.22583	1.22755	1.22882	1.22965	1.23004	1.22997	1.22946	1.2285	1.22709	1.22523	1.22291	1.22015	1.21693	1.21327	1.20915	1.20459	1.19957	1.19411	1.1882	1.18185	1.17505	1.16781	1.16013	1.15201	1.14345	1.13447	1.12505	1.1152	1.10493	1.09425	1.08314	1.07162	1.05969	1.04735	1.03461	1.02147	1.00795	0.99403	0.979731	0.965054	0.950004	0.934587	0.918808	0.902674	0.886189	0.869361	0.852195	0.834698	0.816876	0.798736	0.780284	0.761528	0.742476	0.723133	0.703507	0.683607	0.663438	0.64301	0.622331	0.601407	0.580247	0.558859	0.537252	0.515434	0.493413	0.471199	0.448799	0.426222	0.403477	0.380574	0.357521	0.334326	0.311	0.287552	0.263989	0.240323	0.216562	0.192716	0.168793	0.144804	0.120757	0.096663	0.0725307	0.0483697	0.0241896	0
0	0.00497826	0.00995096	0.0149126	0.0198576	0.0247804	0.0296755	0.0345375	0.0393609	0.0441402	0.0488699	0.0535449	0.0581596	0.0627088	0.0671872	0.0715896	0.0759109	0.080146	0.0842897	0.0883372	0.0922835	0.0961238	0.0998533	0.103467	0.106961	0.11033	0.11357	0.116677	0.119646	0.122473	0.125154	0.127685	0.130062	0.132281	0.134339	0.136233	0.137958	0.139511	0.14089	0.14209	0.14311	0.143947	0.144596	0.145057	0.145327	0.145402	0.145282	0.144964	0.144446	0.143727	0.142804	0.141677	0.140343	0.138803	0.137054	0.135096	0.132928	0.13055	0.127961	0.125161	0.12215	0.118927	0.115493	0.111848	0.107993	0.103929	0.0996553	0.0951738	0.0904855	0.0855915	0.0804933	0.0751924	0.0696905	0.0639894	0.0580912	0.051998	0.0457122	0.039236	0.0325722	0.0257234	0.0186926	0.0114828	0.00409709	-0.00346118	-0.0111886	-0.0190815	-0.0271363	-0.0353491	-0.0437159	-0.0522327	-0.0608951	-0.0696989	-0.0786396	-0.0877125	-0.096913	-0.106236	-0.115677	-0.125231	-0.134893	-0.144656	-0.154517	-0.16447	-0.174508	-0.184627	-0.19482	-0.205082	-0.215408	-0.22579	-0.236223	-0.246701	-0.257217	-0.267766	-0.278341	-0.288935	-0.299543	-0.310158	-0.320773	-0.331381	-0.341977	-0.352553	-0.363102	-0.373619	-0.384097	-0.394528	-0.404905	-0.415223	-0.425474	-0.435652	-0.44575	-0.45576	-0.465677	-0.475493	-0.485202	-0.494797	-0.504272	-0.513619	-0.522832	-0.531905	-0.54083	-0.549602	-0.558214	-0.56666	-0.574933	-0.583027	-0.590935	-0.598652	-0.606172	-0.613488	-0.620595	-0.627486	-0.634157	-0.6406	-0.646812	-0.652786	-0.658517	-0.663999	-0.669229	-0.674199	-0.678907	-0.683346	-0.687512	-0.691401	-0.695008	-0.698328	-0.701359	-0.704095	-0.706533	-0.708669	-0.710499	-0.712021	-0.71323	-0.714124	-0.714699	-0.714953	-0.714883	-0.714487	-0.713761	-0.712705	-0.711316	-0.709593	-0.707532	-0.705134	-0.702396	-0.699318	-0.695899	-0.692137	-0.688032	-0.683585	-0.678793	-0.673658	-0.66818	-0.662358	-0.656194	-0.649688	-0.64284	-0.635652	-0.628126	-0.620261	-0.612061	-0.603527	-0.59466	-0.585463	-0.575938	-0.566088	-0.555916	-0.545424	-0.534615	-0.523492	-0.51206	-0.50032	-0.488279	-0.475938	-0.463303	-0.450377	-0.437165	-0.423672	-0.409903	-0.395861	-0.381554	-0.366984	-0.352159	-0.337084	-0.321764	-0.306206	-0.290414	-0.274397	-0.258159	-0.241707	-0.225048	-0.208189	-0.191136	-0.173896	-0.156477	-0.138886	-0.12113	-0.103216	-0.0851524	-0.0669464	-0.0486058	-0.0301386	-0.0115527	0.00714388	0.0259429	0.0448363	0.0638157	0.0828726	0.101999	0.121185	0.140424	0.159707	0.179024	0.198367	0.217727	0.237096	0.256464	0.275823	0.295163	0.314477	0.333754	0.352986	0.372164	0.391278	0.410321	0.429283	0.448154	0.466926	0.485591	0.504138	0.52256	0.540847	0.55899	0.576981	0.594811	0.612471	0.629953	0.647248	0.664347	0.681243	0.697926	0.714389	0.730622	0.746619	0.762371	0.77787	0.793108	0.808078	0.822771	0.837181	0.8513	0.86512	0.878635	0.891837	0.90472	0.917276	0.929499	0.941383	0.952921	0.964107	0.974935	0.985399	0.995493	1.00521	1.01455	1.0235	1.03206	1.04023	1.04799	1.05535	1.0623	1.06884	1.07496	1.08065	1.08592	1.09077	1.09518	1.09915	1.10269	1.10579	1.10844	1.11065	1.11242	1.11373	1.11459	1.11501	1.11496	1.11447	1.11352	1.11211	1.11025	1.10793	1.10516	1.10193	1.09825	1.09411	1.08952	1.08447	1.07898	1.07304	1.06664	1.05981	1.05253	1.04481	1.03665	1.02805	1.01903	1.00957	0.99969	0.989386	0.978665	0.967529	0.955984	0.944034	0.931682	0.918936	0.905798	0.892274	0.878371	0.864093	0.849446	0.834436	0.81907	0.803353	0.787292	0.770893	0.754164	0.737112	0.719742	0.702064	0.684084	0.665809	0.647248	0.628407	0.609297	0.589923	0.570295	0.55042	0.530308	0.509967	0.489405	0.468632	0.447656	0.426487	0.405132	0.383603	0.361907	0.340054	0.318054	0.295916	0.27365	0.251265	0.228771	0.206178	0.183495	0.160733	0.137901	0.115009	0.0920673	0.0690855	0.0460737	0.0230418	0
0	0.00871877	0.0174313	0.0261313	0.0348125	0.0434686	0.0520936	0.0606811	0.0692249	0.077719	0.0861571	0.0945332	0.102841	0.111075	0.119229	0.127297	0.135273	0.143152	0.150927	0.158593	0.166144	0.173575	0.18088	0.188054	0.195092	0.201988	0.208737	0.215334	0.221775	0.228054	0.234166	0.240107	0.245872	0.251457	0.256858	0.26207	0.267089	0.271911	0.276532	0.280949	0.285158	0.289155	0.292937	0.296501	0.299844	0.302962	0.305854	0.308515	0.310945	0.313139	0.315097	0.316816	0.318293	0.319528	0.320518	0.321263	0.32176	0.322009	0.322008	0.321756	0.321254	0.3205	0.319494	0.318235	0.316724	0.31496	0.312945	0.310677	0.308158	0.305389	0.30237	0.299103	0.295588	0.291827	0.287821	0.283572	0.279082	0.274353	0.269386	0.264185	0.258751	0.253087	0.247197	0.241082	0.234745	0.228191	0.221421	0.21444	0.207252	0.199859	0.192266	0.184476	0.176495	0.168325	0.159972	0.15144	0.142733	0.133857	0.124815	0.115614	0.106258	0.0967522	0.0871021	0.0773129	0.0673903	0.0573397	0.0471669	0.0368776	0.0264778	0.0159732	0.00537005	-0.00532568	-0.0161078	-0.02697	-0.0379061	-0.0489096	-0.0599742	-0.0710933	-0.0822604	-0.0934689	-0.104712	-0.115984	-0.127276	-0.138584	-0.149899	-0.161216	-0.172527	-0.183825	-0.195104	-0.206356	-0.217576	-0.228755	-0.239888	-0.250967	-0.261985	-0.272936	-0.283813	-0.294608	-0.305316	-0.31593	-0.326442	-0.336847	-0.347137	-0.357306	-0.367347	-0.377254	-0.387021	-0.396641	-0.406108	-0.415416	-0.424558	-0.433528	-0.442321	-0.450931	-0.459351	-0.467576	-0.4756	-0.483419	-0.491025	-0.498415	-0.505582	-0.512522	-0.51923	-0.5257	-0.531928	-0.53791	-0.54364	-0.549115	-0.554329	-0.55928	-0.563963	-0.568374	-0.572509	-0.576365	-0.579938	-0.583225	-0.586224	-0.58893	-0.591341	-0.593455	-0.595269	-0.59678	-0.597987	-0.598887	-0.599478	-0.599759	-0.599729	-0.599385	-0.598727	-0.597753	-0.596464	-0.594857	-0.592933	-0.590691	-0.588131	-0.585253	-0.582058	-0.578545	-0.574715	-0.570569	-0.566107	-0.561332	-0.556243	-0.550842	-0.545132	-0.539113	-0.532788	-0.526158	-0.519227	-0.511996	-0.504468	-0.496645	-0.488532	-0.48013	-0.471443	-0.462475	-0.453228	-0.443708	-0.433917	-0.423861	-0.413542	-0.402965	-0.392136	-0.381058	-0.369737	-0.358177	-0.346383	-0.334361	-0.322116	-0.309654	-0.29698	-0.2841	-0.271019	-0.257745	-0.244283	-0.230638	-0.216819	-0.20283	-0.188679	-0.174373	-0.159917	-0.145319	-0.130586	-0.115726	-0.100744	-0.0856481	-0.0704461	-0.055145	-0.0397523	-0.0242754	-0.00872198	0.00690045	0.0225842	0.0383214	0.0541045	0.0699256	0.0857768	0.10165	0.117538	0.133432	0.149325	0.165208	0.181074	0.196914	0.21272	0.228485	0.244201	0.259859	0.275451	0.29097	0.306408	0.321756	0.337008	0.352154	0.367187	0.3821	0.396884	0.411533	0.426037	0.440391	0.454586	0.468614	0.48247	0.496144	0.509631	0.522922	0.536012	0.548892	0.561556	0.573998	0.58621	0.598187	0.609921	0.621407	0.632638	0.643608	0.65431	0.664741	0.674893	0.68476	0.694339	0.703622	0.712606	0.721284	0.729653	0.737708	0.745443	0.752854	0.759938	0.76669	0.773106	0.779182	0.784916	0.790302	0.795339	0.800022	0.80435	0.808319	0.811927	0.815171	0.818049	0.820559	0.8227	0.824469	0.825865	0.826888	0.827534	0.827805	0.827699	0.827215	0.826354	0.825115	0.823497	0.821503	0.81913	0.816381	0.813257	0.809757	0.805884	0.801638	0.797021	0.792035	0.786683	0.780965	0.774884	0.768443	0.761644	0.754491	0.746986	0.739132	0.730933	0.722392	0.713514	0.704301	0.694759	0.68489	0.674701	0.664194	0.653376	0.642251	0.630823	0.619099	0.607083	0.59478	0.582198	0.569341	0.556215	0.542827	0.529182	0.515287	0.501149	0.486773	0.472167	0.457338	0.442292	0.427037	0.411579	0.395926	0.380085	0.364064	0.347871	0.331512	0.314996	0.29833	0.281523	0.264582	0.247515	0.23033	0.213037	0.195641	0.178153	0.16058	0.142931	0.125214	0.107437	0.0896089	0.0717383	0.0538336	0.0359033	0.0179559	0
0	0.010004	0.0200026	0.0299901	0.0399613	0.0499106	0.0598325	0.0697217	0.0795728	0.0893802	0.0991387	0.108843	0.118488	0.128067	0.137577	0.147011	0.156365	0.165634	0.174811	0.183893	0.192874	0.20175	0.210515	0.219165	0.227695	0.236101	0.244377	0.252519	0.260524	0.268385	0.2761	0.283664	0.291073	0.298322	0.305408	0.312327	0.319075	0.325649	0.332045	0.338259	0.344288	0.350128	0.355777	0.361232	0.366489	0.371546	0.3764	0.381048	0.385487	0.389716	0.393732	0.397533	0.401117	0.404481	0.407625	0.410545	0.413242	0.415713	0.417957	0.419973	0.421759	0.423316	0.424641	0.425734	0.426596	0.427224	0.42762	0.427782	0.427711	0.427407	0.426869	0.4261	0.425097	0.423864	0.422399	0.420705	0.418781	0.416629	0.414251	0.411647	0.408819	0.405769	0.402498	0.399009	0.395303	0.391381	0.387248	0.382904	0.378352	0.373595	0.368635	0.363476	0.358119	0.352569	0.346828	0.340898	0.334785	0.32849	0.322018	0.315372	0.308556	0.301573	0.294428	0.287124	0.279666	0.272057	0.264302	0.256405	0.248371	0.240203	0.231907	0.223487	0.214948	0.206294	0.19753	0.188662	0.179693	0.170629	0.161476	0.152237	0.142918	0.133525	0.124062	0.114535	0.104948	0.0953085	0.08562	0.0758885	0.0661193	0.0563177	0.0464892	0.0366392	0.0267732	0.0168966	0.00701475	-0.00286679	-0.0127426	-0.0226073	-0.0324553	-0.0422814	-0.05208	-0.0618457	-0.0715733	-0.0812573	-0.0908924	-0.100473	-0.109995	-0.119452	-0.128838	-0.13815	-0.147382	-0.156528	-0.165584	-0.174545	-0.183406	-0.192162	-0.200808	-0.209339	-0.217751	-0.226039	-0.234199	-0.242226	-0.250116	-0.257864	-0.265466	-0.272919	-0.280217	-0.287357	-0.294336	-0.301149	-0.307792	-0.314262	-0.320555	-0.326669	-0.332599	-0.338343	-0.343897	-0.349258	-0.354424	-0.359391	-0.364157	-0.36872	-0.373076	-0.377224	-0.381161	-0.384886	-0.388396	-0.391689	-0.394763	-0.397618	-0.400251	-0.402661	-0.404846	-0.406807	-0.408541	-0.410048	-0.411326	-0.412377	-0.413198	-0.413789	-0.414151	-0.414283	-0.414184	-0.413856	-0.413299	-0.412512	-0.411497	-0.410254	-0.408784	-0.407087	-0.405165	-0.403019	-0.40065	-0.398059	-0.395248	-0.392219	-0.388974	-0.385514	-0.381841	-0.377957	-0.373865	-0.369567	-0.365065	-0.360362	-0.355461	-0.350365	-0.345075	-0.339597	-0.333931	-0.328082	-0.322054	-0.315848	-0.30947	-0.302922	-0.296208	-0.289333	-0.282299	-0.275111	-0.267774	-0.26029	-0.252664	-0.244901	-0.237005	-0.228981	-0.220832	-0.212564	-0.204181	-0.195688	-0.187089	-0.17839	-0.169595	-0.16071	-0.151739	-0.142687	-0.133559	-0.124361	-0.115098	-0.105774	-0.0963957	-0.0869675	-0.0774949	-0.0679832	-0.0584378	-0.0488639	-0.0392669	-0.0296522	-0.0200251	-0.0103912	-0.000755638	0.00887607	0.0184986	0.0281065	0.0376944	0.0472571	0.0567891	0.0662851	0.0757399	0.0851481	0.0945045	0.103804	0.113041	0.122211	0.131308	0.140328	0.149265	0.158115	0.166872	0.175532	0.18409	0.19254	0.200879	0.209102	0.217204	0.22518	0.233027	0.240739	0.248313	0.255745	0.263029	0.270163	0.277141	0.283962	0.290619	0.297111	0.303432	0.309581	0.315552	0.321344	0.326953	0.332375	0.337608	0.342648	0.347494	0.352142	0.35659	0.360835	0.364875	0.368708	0.372331	0.375743	0.378942	0.381926	0.384693	0.387243	0.389572	0.391681	0.393568	0.395232	0.396673	0.397888	0.398879	0.399643	0.400182	0.400494	0.40058	0.400439	0.400071	0.399478	0.398658	0.397614	0.396344	0.394851	0.393135	0.391196	0.389037	0.386658	0.38406	0.381246	0.378216	0.374973	0.371519	0.367854	0.363982	0.359905	0.355625	0.351144	0.346465	0.34159	0.336523	0.331266	0.325822	0.320195	0.314387	0.308402	0.302243	0.295913	0.289417	0.282757	0.275939	0.268964	0.261838	0.254565	0.247148	0.239592	0.231901	0.224079	0.216131	0.208061	0.199874	0.191574	0.183167	0.174656	0.166047	0.157344	0.148553	0.139678	0.130724	0.121697	0.112601	0.103442	0.0942244	0.0849539	0.0756355	0.0662745	0.0568762	0.0474458	0.0379888	0.0285103	0.0190158	0.00951057	0
0	0.00913814	0.0182728	0.0274004	0.0365175	0.0456207	0.0547063	0.063771	0.0728112	0.0818236	0.0908045	0.0997507	0.108659	0.117525	0.126347	0.13512	0.143841	0.152507	0.161115	0.169662	0.178144	0.186557	0.1949	0.203168	0.211358	0.219469	0.227495	0.235435	0.243285	0.251043	0.258705	0.266269	0.273732	0.281091	0.288344	0.295487	0.302519	0.309436	0.316236	0.322917	0.329476	0.335911	0.342219	0.348398	0.354447	0.360362	0.366143	0.371786	0.37729	0.382653	0.387873	0.392948	0.397877	0.402658	0.407289	0.411769	0.416096	0.42027	0.424288	0.428149	0.431853	0.435398	0.438782	0.442006	0.445068	0.447967	0.450703	0.453274	0.455681	0.457922	0.459997	0.461906	0.463648	0.465224	0.466632	0.467872	0.468945	0.469851	0.470589	0.47116	0.471564	0.471802	0.471872	0.471777	0.471516	0.471091	0.470501	0.469747	0.46883	0.467751	0.466511	0.46511	0.463551	0.461833	0.459957	0.457926	0.455741	0.453402	0.450911	0.44827	0.445479	0.442542	0.439458	0.436231	0.432861	0.42935	0.425701	0.421915	0.417994	0.41394	0.409755	0.405441	0.401001	0.396436	0.391748	0.386941	0.382017	0.376976	0.371823	0.36656	0.361188	0.355711	0.350131	0.344451	0.338673	0.3328	0.326834	0.320778	0.314636	0.308409	0.302101	0.295714	0.289251	0.282715	0.276109	0.269436	0.262698	0.255899	0.249041	0.242127	0.235161	0.228145	0.221083	0.213976	0.206829	0.199644	0.192424	0.185172	0.177892	0.170585	0.163255	0.155906	0.148539	0.141158	0.133766	0.126366	0.118961	0.111553	0.104146	0.0967424	0.0893449	0.0819566	0.0745802	0.0672185	0.0598744	0.0525505	0.0452497	0.0379746	0.030728	0.0235124	0.0163304	0.00918482	0.00207804	-0.00498735	-0.0120089	-0.018984	-0.0259105	-0.0327857	-0.0396074	-0.0463734	-0.0530812	-0.0597286	-0.0663136	-0.0728338	-0.0792873	-0.0856719	-0.0919856	-0.0982265	-0.104393	-0.110482	-0.116493	-0.122423	-0.128272	-0.134037	-0.139716	-0.145309	-0.150813	-0.156227	-0.161549	-0.166779	-0.171915	-0.176955	-0.181898	-0.186744	-0.191491	-0.196137	-0.200683	-0.205127	-0.209467	-0.213704	-0.217837	-0.221864	-0.225785	-0.229599	-0.233306	-0.236906	-0.240397	-0.24378	-0.247054	-0.250218	-0.253273	-0.256218	-0.259054	-0.261779	-0.264394	-0.2669	-0.269295	-0.271581	-0.273757	-0.275823	-0.27778	-0.279629	-0.281369	-0.283001	-0.284525	-0.285942	-0.287253	-0.288458	-0.289557	-0.290552	-0.291443	-0.292231	-0.292916	-0.293501	-0.293984	-0.294369	-0.294654	-0.294843	-0.294934	-0.294931	-0.294833	-0.294642	-0.29436	-0.293986	-0.293524	-0.292973	-0.292336	-0.291614	-0.290807	-0.289918	-0.288948	-0.287898	-0.286771	-0.285566	-0.284287	-0.282934	-0.28151	-0.280015	-0.278451	-0.27682	-0.275124	-0.273364	-0.271543	-0.26966	-0.26772	-0.265722	-0.263669	-0.261562	-0.259404	-0.257196	-0.254939	-0.252636	-0.250288	-0.247897	-0.245465	-0.242994	-0.240484	-0.237939	-0.235359	-0.232747	-0.230104	-0.227432	-0.224733	-0.222008	-0.219259	-0.216488	-0.213696	-0.210885	-0.208057	-0.205213	-0.202355	-0.199485	-0.196604	-0.193714	-0.190816	-0.187911	-0.185002	-0.18209	-0.179176	-0.176261	-0.173348	-0.170437	-0.16753	-0.164628	-0.161732	-0.158844	-0.155965	-0.153097	-0.150239	-0.147394	-0.144563	-0.141747	-0.138946	-0.136162	-0.133396	-0.130649	-0.127922	-0.125215	-0.12253	-0.119867	-0.117228	-0.114612	-0.112021	-0.109455	-0.106916	-0.104403	-0.101917	-0.099459	-0.0970293	-0.0946283	-0.0922565	-0.0899143	-0.0876021	-0.0853202	-0.0830689	-0.0808485	-0.0786591	-0.076501	-0.0743744	-0.0722792	-0.0702157	-0.0681838	-0.0661836	-0.0642151	-0.0622781	-0.0603726	-0.0584985	-0.0566556	-0.0548437	-0.0530625	-0.0513119	-0.0495916	-0.0479011	-0.0462402	-0.0446085	-0.0430055	-0.0414309	-0.0398841	-0.0383647	-0.0368721	-0.0354057	-0.0339651	-0.0325496	-0.0311585	-0.0297912	-0.0284471	-0.0271254	-0.0258255	-0.0245465	-0.0232877	-0.0220483	-0.0208276	-0.0196247	-0.0184388	-0.017269	-0.0161144	-0.0149742	-0.0138475	-0.0127334	-0.0116309	-0.0105392	-0.00945717	-0.00838401	-0.00731872	-0.00626032	-0.00520786	-0.00416034	-0.00311678	-0.0020762	-0.0010376	0
0	0.00689133	0.0137817	0.0206703	0.0275562	0.0344383	0.0413159	0.0481879	0.0550536	0.0619118	0.0687618	0.0756026	0.0824333	0.0892529	0.0960605	0.102855	0.109636	0.116402	0.123152	0.129886	0.136601	0.143299	0.149976	0.156634	0.163269	0.169882	0.176472	0.183037	0.189577	0.196091	0.202577	0.209035	0.215463	0.221861	0.228227	0.234561	0.240862	0.247128	0.253359	0.259553	0.265709	0.271827	0.277905	0.283942	0.289937	0.29589	0.301798	0.307662	0.313479	0.319249	0.32497	0.330642	0.336264	0.341834	0.347351	0.352814	0.358222	0.363574	0.368868	0.374104	0.379281	0.384397	0.38945	0.394441	0.399368	0.404229	0.409024	0.413751	0.418409	0.422997	0.427514	0.431959	0.43633	0.440627	0.444847	0.448991	0.453056	0.457042	0.460948	0.464772	0.468513	0.47217	0.475742	0.479228	0.482626	0.485936	0.489156	0.492285	0.495322	0.498267	0.501116	0.503871	0.506529	0.50909	0.511552	0.513915	0.516177	0.518337	0.520394	0.522348	0.524197	0.52594	0.527576	0.529104	0.530523	0.531833	0.533032	0.53412	0.535095	0.535957	0.536705	0.537337	0.537854	0.538254	0.538536	0.538701	0.538746	0.538671	0.538476	0.53816	0.537723	0.537162	0.536479	0.535672	0.534742	0.533686	0.532505	0.531199	0.529766	0.528207	0.526521	0.524707	0.522766	0.520697	0.5185	0.516174	0.51372	0.511137	0.508425	0.505584	0.502613	0.499514	0.496285	0.492927	0.48944	0.485823	0.482078	0.478205	0.474202	0.470072	0.465813	0.461427	0.456913	0.452273	0.447506	0.442613	0.437595	0.432452	0.427185	0.421793	0.416279	0.410643	0.404885	0.399007	0.393008	0.386891	0.380656	0.374303	0.367835	0.361251	0.354554	0.347744	0.340822	0.33379	0.326649	0.3194	0.312045	0.304585	0.29702	0.289354	0.281587	0.273721	0.265758	0.257699	0.249545	0.241299	0.232962	0.224537	0.216024	0.207426	0.198744	0.189982	0.18114	0.17222	0.163226	0.154158	0.145019	0.135811	0.126536	0.117198	0.107796	0.0983355	0.0888171	0.0792436	0.0696173	0.0599408	0.0502165	0.0404469	0.0306345	0.0207819	0.0108916	0.00096635	-0.00899128	-0.0189786	-0.028993	-0.0390316	-0.0490918	-0.0591708	-0.0692659	-0.0793741	-0.0894927	-0.0996189	-0.10975	-0.119882	-0.130014	-0.140141	-0.150262	-0.160373	-0.170471	-0.180553	-0.190616	-0.200658	-0.210674	-0.220664	-0.230622	-0.240546	-0.250434	-0.260282	-0.270087	-0.279847	-0.289557	-0.299215	-0.308819	-0.318365	-0.327849	-0.33727	-0.346624	-0.355908	-0.365118	-0.374253	-0.383309	-0.392283	-0.401173	-0.409974	-0.418685	-0.427303	-0.435824	-0.444246	-0.452565	-0.46078	-0.468887	-0.476884	-0.484767	-0.492534	-0.500183	-0.50771	-0.515114	-0.522391	-0.529538	-0.536554	-0.543436	-0.550181	-0.556787	-0.563251	-0.569572	-0.575746	-0.581772	-0.587647	-0.593368	-0.598935	-0.604345	-0.609595	-0.614683	-0.619608	-0.624368	-0.628961	-0.633384	-0.637637	-0.641716	-0.645622	-0.649352	-0.652903	-0.656276	-0.659469	-0.662479	-0.665305	-0.667947	-0.670403	-0.672672	-0.674753	-0.676644	-0.678344	-0.679854	-0.68117	-0.682294	-0.683224	-0.683959	-0.684498	-0.684842	-0.684989	-0.68494	-0.684693	-0.684248	-0.683605	-0.682764	-0.681725	-0.680488	-0.679052	-0.677417	-0.675585	-0.673554	-0.671326	-0.6689	-0.666277	-0.663457	-0.660441	-0.65723	-0.653823	-0.650223	-0.646429	-0.642442	-0.638264	-0.633896	-0.629337	-0.62459	-0.619656	-0.614535	-0.60923	-0.603741	-0.598071	-0.592219	-0.586189	-0.579982	-0.573599	-0.567042	-0.560312	-0.553413	-0.546345	-0.539111	-0.531713	-0.524152	-0.516432	-0.508553	-0.500519	-0.492332	-0.483994	-0.475507	-0.466875	-0.458099	-0.449182	-0.440127	-0.430937	-0.421614	-0.412161	-0.402581	-0.392876	-0.38305	-0.373106	-0.363046	-0.352874	-0.342593	-0.332206	-0.321716	-0.311126	-0.300439	-0.289659	-0.27879	-0.267833	-0.256794	-0.245674	-0.234479	-0.22321	-0.211872	-0.200468	-0.189001	-0.177476	-0.165895	-0.154262	-0.142582	-0.130857	-0.119091	-0.107288	-0.0954516	-0.0835855	-0.0716932	-0.0597785	-0.0478452	-0.035897	-0.0239376	-0.0119706	0
0	0.00427496	0.00855151	0.0128312	0.0171157	0.0214066	0.0257053	0.0300135	0.0343328	0.0386646	0.0430105	0.047372	0.0517506	0.0561477	0.0605648	0.0650034	0.0694648	0.0739503	0.0784614	0.0829993	0.0875654	0.0921607	0.0967867	0.101444	0.106135	0.11086	0.115619	0.120415	0.125247	0.130118	0.135027	0.139976	0.144965	0.149995	0.155067	0.160182	0.165339	0.17054	0.175784	0.181073	0.186407	0.191785	0.197208	0.202676	0.20819	0.213749	0.219353	0.225002	0.230696	0.236435	0.242218	0.248045	0.253916	0.25983	0.265786	0.271783	0.277822	0.283901	0.290019	0.296175	0.302369	0.308599	0.314865	0.321164	0.327496	0.333859	0.340251	0.346672	0.35312	0.359593	0.366089	0.372607	0.379145	0.3857	0.392272	0.398857	0.405453	0.41206	0.418673	0.425292	0.431913	0.438534	0.445154	0.451768	0.458375	0.464972	0.471556	0.478124	0.484674	0.491203	0.497708	0.504186	0.510633	0.517048	0.523426	0.529765	0.536061	0.542312	0.548513	0.554663	0.560756	0.566791	0.572763	0.57867	0.584507	0.590272	0.59596	0.601569	0.607095	0.612534	0.617883	0.623138	0.628295	0.633352	0.638304	0.643148	0.64788	0.652498	0.656996	0.661372	0.665622	0.669742	0.673729	0.67758	0.68129	0.684857	0.688277	0.691546	0.694662	0.69762	0.700417	0.70305	0.705516	0.707812	0.709933	0.711878	0.713643	0.715225	0.71662	0.717826	0.718841	0.71966	0.720282	0.720703	0.720921	0.720933	0.720737	0.72033	0.719709	0.718873	0.71782	0.716546	0.71505	0.713329	0.711383	0.709208	0.706804	0.704168	0.701299	0.698196	0.694856	0.691278	0.687463	0.683407	0.67911	0.674572	0.669791	0.664766	0.659498	0.653985	0.648227	0.642224	0.635975	0.629481	0.622741	0.615755	0.608524	0.601049	0.593328	0.585364	0.577157	0.568707	0.560016	0.551084	0.541913	0.532504	0.522858	0.512977	0.502862	0.492515	0.481939	0.471134	0.460103	0.448849	0.437373	0.425678	0.413766	0.401641	0.389304	0.376759	0.364009	0.351057	0.337907	0.32456	0.311022	0.297295	0.283383	0.26929	0.25502	0.240577	0.225965	0.211188	0.19625	0.181156	0.16591	0.150517	0.134982	0.119309	0.103503	0.0875691	0.0715126	0.0553384	0.0390517	0.0226579	0.00616231	-0.0104296	-0.0271122	-0.0438801	-0.0607273	-0.0776484	-0.0946373	-0.111688	-0.128795	-0.145952	-0.163153	-0.180392	-0.197663	-0.214959	-0.232274	-0.249602	-0.266937	-0.284272	-0.3016	-0.318916	-0.336212	-0.353483	-0.370721	-0.387921	-0.405074	-0.422176	-0.439219	-0.456196	-0.473102	-0.489928	-0.50667	-0.523319	-0.53987	-0.556315	-0.572649	-0.588864	-0.604953	-0.620912	-0.636731	-0.652407	-0.66793	-0.683296	-0.698498	-0.71353	-0.728384	-0.743055	-0.757537	-0.771822	-0.785906	-0.799782	-0.813444	-0.826886	-0.840103	-0.853087	-0.865834	-0.878337	-0.890592	-0.902592	-0.914332	-0.925807	-0.937012	-0.94794	-0.958588	-0.96895	-0.979021	-0.988796	-0.998271	-1.00744	-1.0163	-1.02485	-1.03308	-1.04098	-1.04856	-1.05581	-1.06273	-1.06931	-1.07554	-1.08143	-1.08698	-1.09217	-1.09701	-1.10149	-1.10561	-1.10937	-1.11276	-1.11579	-1.11845	-1.12073	-1.12264	-1.12418	-1.12534	-1.12612	-1.12652	-1.12654	-1.12617	-1.12543	-1.1243	-1.12279	-1.12089	-1.11861	-1.11594	-1.11289	-1.10945	-1.10563	-1.10142	-1.09683	-1.09186	-1.08651	-1.08078	-1.07467	-1.06818	-1.06132	-1.05408	-1.04647	-1.03849	-1.03014	-1.02142	-1.01235	-1.00291	-0.993117	-0.982969	-0.972469	-0.961621	-0.950428	-0.938895	-0.927024	-0.91482	-0.902286	-0.889428	-0.876248	-0.862751	-0.848942	-0.834826	-0.820408	-0.805691	-0.790683	-0.775386	-0.759808	-0.743952	-0.727826	-0.711434	-0.694782	-0.677877	-0.660723	-0.643328	-0.625697	-0.607837	-0.589754	-0.571455	-0.552946	-0.534234	-0.515325	-0.496227	-0.476946	-0.45749	-0.437865	-0.418079	-0.398139	-0.378052	-0.357825	-0.337466	-0.316983	-0.296383	-0.275673	-0.254861	-0.233955	-0.212963	-0.191892	-0.17075	-0.149545	-0.128284	-0.106976	-0.0856284	-0.064249	-0.0428459	-0.0214269	0
0	0.0022701	0.00454357	0.00682378	0.00911409	0.0114178	0.0137384	0.016079	0.0184431	0.0208339	0.0232547	0.0257086	0.028199	0.0307289	0.0333016	0.0359201	0.0385874	0.0413066	0.0440807	0.0469126	0.049805	0.052761	0.0557831	0.0588741	0.0620366	0.0652732	0.0685863	0.0719785	0.075452	0.0790091	0.082652	0.0863829	0.0902037	0.0941165	0.0981231	0.102225	0.106425	0.110723	0.115122	0.119622	0.124226	0.128933	0.133747	0.138666	0.143693	0.148828	0.154072	0.159426	0.164889	0.170462	0.176146	0.181941	0.187846	0.193862	0.199988	0.206225	0.212571	0.219026	0.225589	0.232261	0.239039	0.245923	0.252911	0.260003	0.267197	0.274491	0.281885	0.289376	0.296962	0.304641	0.312412	0.320272	0.328219	0.336251	0.344364	0.352557	0.360827	0.36917	0.377584	0.386066	0.394612	0.40322	0.411886	0.420605	0.429376	0.438194	0.447055	0.455956	0.464893	0.47386	0.482856	0.491874	0.500911	0.509962	0.519023	0.52809	0.537157	0.54622	0.555275	0.564316	0.573338	0.582337	0.591307	0.600244	0.609142	0.617995	0.6268	0.63555	0.644241	0.652866	0.66142	0.669899	0.678296	0.686606	0.694823	0.702943	0.710958	0.718865	0.726657	0.734329	0.741874	0.749288	0.756565	0.7637	0.770686	0.777519	0.784192	0.7907	0.797038	0.8032	0.809181	0.814976	0.820579	0.825984	0.831187	0.836182	0.840964	0.845529	0.84987	0.853984	0.857864	0.861507	0.864907	0.86806	0.870961	0.873606	0.875989	0.878108	0.879957	0.881533	0.882831	0.883847	0.884578	0.885019	0.885168	0.88502	0.884572	0.883821	0.882764	0.881397	0.879718	0.877724	0.875412	0.87278	0.869825	0.866546	0.862939	0.859003	0.854736	0.850137	0.845204	0.839936	0.83433	0.828388	0.822106	0.815486	0.808525	0.801224	0.793583	0.785601	0.777278	0.768614	0.759611	0.750269	0.740587	0.730568	0.720212	0.70952	0.698495	0.687137	0.675448	0.66343	0.651085	0.638416	0.625425	0.612115	0.598487	0.584546	0.570295	0.555736	0.540873	0.52571	0.51025	0.494498	0.478458	0.462133	0.445529	0.42865	0.4115	0.394085	0.37641	0.358479	0.340299	0.321875	0.303212	0.284317	0.265195	0.245853	0.226296	0.206531	0.186565	0.166405	0.146056	0.125527	0.104823	0.0839534	0.062924	0.0417426	0.0204167	-0.00104602	-0.0226378	-0.0443509	-0.0661773	-0.088109	-0.110138	-0.132255	-0.154454	-0.176724	-0.199058	-0.221448	-0.243884	-0.266358	-0.288861	-0.311384	-0.333919	-0.356456	-0.378987	-0.401502	-0.423993	-0.44645	-0.468865	-0.491227	-0.513529	-0.53576	-0.557912	-0.579976	-0.601942	-0.6238	-0.645542	-0.667159	-0.688642	-0.70998	-0.731166	-0.752189	-0.773041	-0.793713	-0.814196	-0.83448	-0.854557	-0.874418	-0.894054	-0.913457	-0.932617	-0.951526	-0.970175	-0.988557	-1.00666	-1.02448	-1.04201	-1.05924	-1.07615	-1.09275	-1.10903	-1.12497	-1.14057	-1.15583	-1.17073	-1.18526	-1.19943	-1.21322	-1.22663	-1.23965	-1.25227	-1.26449	-1.2763	-1.2877	-1.29867	-1.30922	-1.31934	-1.32901	-1.33825	-1.34703	-1.35537	-1.36324	-1.37066	-1.3776	-1.38408	-1.39008	-1.3956	-1.40064	-1.4052	-1.40926	-1.41283	-1.41591	-1.41849	-1.42057	-1.42215	-1.42323	-1.4238	-1.42386	-1.42341	-1.42246	-1.42099	-1.41901	-1.41652	-1.41352	-1.41	-1.40597	-1.40144	-1.39638	-1.39082	-1.38475	-1.37817	-1.37109	-1.3635	-1.3554	-1.34681	-1.33771	-1.32812	-1.31804	-1.30747	-1.29641	-1.28486	-1.27283	-1.26033	-1.24736	-1.23391	-1.22001	-1.20564	-1.19082	-1.17555	-1.15983	-1.14368	-1.1271	-1.11008	-1.09265	-1.0748	-1.05654	-1.03788	-1.01882	-0.999377	-0.97955	-0.959349	-0.938781	-0.917854	-0.896576	-0.874953	-0.852995	-0.83071	-0.808105	-0.78519	-0.761973	-0.738462	-0.714667	-0.690596	-0.666259	-0.641665	-0.616823	-0.591744	-0.566435	-0.540908	-0.515171	-0.489235	-0.463109	-0.436805	-0.410331	-0.383698	-0.356916	-0.329997	-0.302949	-0.275783	-0.248511	-0.221142	-0.193688	-0.166158	-0.138563	-0.110915	-0.0832243	-0.0555008	-0.0277558	0
0	0.00157344	0.00315086	0.00473621	0.00633346	0.00794655	0.00957943	0.011236	0.0129202	0.0146358	0.0163868	0.0181769	0.02001	0.0218897	0.0238198	0.025804	0.0278458	0.0299488	0.0321166	0.0343526	0.0366602	0.0390427	0.0415034	0.0440456	0.0466723	0.0493866	0.0521915	0.0550899	0.0580846	0.0611784	0.0643738	0.0676735	0.07108	0.0745955	0.0782224	0.0819629	0.085819	0.0897926	0.0938858	0.0981001	0.102437	0.106899	0.111486	0.116201	0.121043	0.126016	0.131118	0.136352	0.141717	0.147215	0.152846	0.15861	0.164507	0.170538	0.176702	0.182999	0.18943	0.195992	0.202687	0.209513	0.216469	0.223554	0.230768	0.238108	0.245574	0.253164	0.260876	0.268709	0.276661	0.284729	0.292912	0.301207	0.309612	0.318124	0.32674	0.335458	0.344274	0.353186	0.362191	0.371284	0.380464	0.389725	0.399065	0.408479	0.417964	0.427515	0.437129	0.446802	0.456528	0.466304	0.476124	0.485985	0.495882	0.505809	0.515762	0.525735	0.535724	0.545723	0.555728	0.565732	0.57573	0.585717	0.595688	0.605636	0.615555	0.625441	0.635287	0.645087	0.654836	0.664527	0.674154	0.683712	0.693194	0.702594	0.711906	0.721124	0.730241	0.739252	0.748149	0.756928	0.76558	0.774102	0.782485	0.790724	0.798812	0.806744	0.814513	0.822112	0.829536	0.836779	0.843834	0.850696	0.857357	0.863813	0.870058	0.876084	0.881888	0.887462	0.892801	0.897899	0.902752	0.907353	0.911696	0.915777	0.919591	0.923131	0.926394	0.929373	0.932065	0.934464	0.936566	0.938366	0.939859	0.941042	0.94191	0.942459	0.942685	0.942585	0.942154	0.941389	0.940286	0.938843	0.937055	0.934921	0.932438	0.929602	0.92641	0.922862	0.918954	0.914684	0.910051	0.905053	0.899688	0.893955	0.887852	0.88138	0.874535	0.867319	0.85973	0.851769	0.843434	0.834727	0.825647	0.816194	0.80637	0.796175	0.78561	0.774676	0.763374	0.751707	0.739675	0.727281	0.714527	0.701414	0.687946	0.674125	0.659954	0.645436	0.630574	0.615372	0.599833	0.583962	0.567761	0.551235	0.534389	0.517226	0.499753	0.481972	0.463891	0.445513	0.426845	0.407891	0.388658	0.369151	0.349377	0.329342	0.309052	0.288513	0.267733	0.246719	0.225477	0.204014	0.182338	0.160457	0.138377	0.116107	0.0936547	0.0710278	0.0482346	0.0252834	0.00218245	-0.0210597	-0.0444345	-0.0679331	-0.0915468	-0.115267	-0.139084	-0.162989	-0.186973	-0.211026	-0.235139	-0.259304	-0.283509	-0.307746	-0.332005	-0.356277	-0.38055	-0.404817	-0.429066	-0.453288	-0.477473	-0.501611	-0.525692	-0.549706	-0.573643	-0.597493	-0.621246	-0.644891	-0.668419	-0.691819	-0.715083	-0.738198	-0.761156	-0.783947	-0.80656	-0.828986	-0.851214	-0.873235	-0.89504	-0.916618	-0.937959	-0.959054	-0.979894	-1.00047	-1.02077	-1.04079	-1.06051	-1.07993	-1.09904	-1.11784	-1.1363	-1.15442	-1.1722	-1.18963	-1.20669	-1.22338	-1.23969	-1.25561	-1.27114	-1.28626	-1.30098	-1.31528	-1.32915	-1.34259	-1.35559	-1.36815	-1.38025	-1.3919	-1.40308	-1.41379	-1.42402	-1.43377	-1.44304	-1.45181	-1.46008	-1.46785	-1.47512	-1.48187	-1.4881	-1.49382	-1.49901	-1.50367	-1.5078	-1.5114	-1.51446	-1.51698	-1.51896	-1.5204	-1.52129	-1.52163	-1.52141	-1.52065	-1.51934	-1.51747	-1.51505	-1.51207	-1.50854	-1.50446	-1.49982	-1.49463	-1.48888	-1.48258	-1.47574	-1.46834	-1.4604	-1.45191	-1.44287	-1.4333	-1.42319	-1.41254	-1.40137	-1.38966	-1.37743	-1.36468	-1.35141	-1.33763	-1.32334	-1.30854	-1.29325	-1.27747	-1.26119	-1.24444	-1.22721	-1.20951	-1.19134	-1.17272	-1.15365	-1.13413	-1.11418	-1.09379	-1.07299	-1.05177	-1.03014	-1.00812	-0.985702	-0.962905	-0.939735	-0.9162	-0.892308	-0.868071	-0.843495	-0.818591	-0.793369	-0.767837	-0.742006	-0.715886	-0.689486	-0.662817	-0.635889	-0.608712	-0.581298	-0.553656	-0.525797	-0.497732	-0.469473	-0.441029	-0.412413	-0.383635	-0.354706	-0.325639	-0.296444	-0.267132	-0.237715	-0.208206	-0.178614	-0.148952	-0.119232	-0.0894651	-0.0596629	-0.0298373	0
0	0.00242001	0.00484326	0.00727299	0.00971243	0.0121648	0.0146333	0.0171211	0.0196315	0.0221675	0.0247323	0.0273291	0.0299608	0.0326306	0.0353414	0.0380963	0.0408981	0.0437498	0.0466542	0.0496141	0.0526322	0.0557113	0.058854	0.0620628	0.0653404	0.068689	0.0721112	0.0756092	0.0791854	0.0828418	0.0865805	0.0904037	0.0943132	0.098311	0.102399	0.106578	0.110851	0.115218	0.119682	0.124243	0.128903	0.133663	0.138524	0.143487	0.148553	0.153722	0.158996	0.164374	0.169857	0.175446	0.18114	0.18694	0.192846	0.198857	0.204974	0.211196	0.217523	0.223953	0.230487	0.237124	0.243862	0.250701	0.25764	0.264677	0.27181	0.279039	0.286363	0.293778	0.301283	0.308878	0.316558	0.324323	0.332169	0.340096	0.348099	0.356177	0.364327	0.372546	0.380831	0.389179	0.397587	0.406052	0.41457	0.423138	0.431753	0.440411	0.449108	0.45784	0.466604	0.475396	0.484211	0.493046	0.501895	0.510756	0.519623	0.528492	0.537358	0.546218	0.555065	0.563896	0.572706	0.58149	0.590242	0.598959	0.607634	0.616264	0.624842	0.633364	0.641824	0.650217	0.658538	0.666782	0.674943	0.683016	0.690996	0.698877	0.706653	0.71432	0.721872	0.729303	0.736608	0.743782	0.750819	0.757713	0.76446	0.771054	0.777489	0.783761	0.789863	0.795791	0.801539	0.807102	0.812475	0.817652	0.822629	0.827401	0.831962	0.836308	0.840433	0.844333	0.848002	0.851438	0.854633	0.857585	0.860289	0.86274	0.864934	0.866866	0.868533	0.869931	0.871055	0.871902	0.872468	0.872749	0.872742	0.872444	0.871851	0.87096	0.869767	0.868271	0.866468	0.864355	0.861931	0.859192	0.856136	0.852761	0.849065	0.845046	0.840703	0.836034	0.831037	0.825711	0.820055	0.814069	0.80775	0.801099	0.794114	0.786797	0.779145	0.77116	0.762842	0.75419	0.745205	0.735888	0.726239	0.71626	0.705951	0.695314	0.68435	0.673061	0.661449	0.649514	0.637261	0.62469	0.611805	0.598607	0.5851	0.571286	0.557169	0.542752	0.528038	0.513031	0.497735	0.482153	0.466289	0.450149	0.433736	0.417054	0.400109	0.382905	0.365448	0.347742	0.329793	0.311606	0.293187	0.274541	0.255675	0.236595	0.217306	0.197815	0.178129	0.158253	0.138195	0.117962	0.09756	0.0769963	0.0562783	0.0354132	0.0144083	-0.0067288	-0.0279905	-0.0493692	-0.070857	-0.092446	-0.114128	-0.135896	-0.15774	-0.179653	-0.201627	-0.223653	-0.245722	-0.267827	-0.289957	-0.312106	-0.334264	-0.356423	-0.378573	-0.400706	-0.422812	-0.444884	-0.466912	-0.488887	-0.5108	-0.532642	-0.554405	-0.576078	-0.597654	-0.619122	-0.640475	-0.661702	-0.682796	-0.703746	-0.724545	-0.745183	-0.765651	-0.78594	-0.806041	-0.825947	-0.845647	-0.865134	-0.884398	-0.903431	-0.922224	-0.94077	-0.959059	-0.977084	-0.994836	-1.01231	-1.02949	-1.04637	-1.06295	-1.07922	-1.09517	-1.11079	-1.12607	-1.14101	-1.15561	-1.16984	-1.18371	-1.19721	-1.21034	-1.22308	-1.23543	-1.24738	-1.25893	-1.27007	-1.2808	-1.29111	-1.30099	-1.31045	-1.31946	-1.32804	-1.33617	-1.34385	-1.35108	-1.35785	-1.36415	-1.36999	-1.37536	-1.38025	-1.38466	-1.3886	-1.39205	-1.39502	-1.39749	-1.39948	-1.40097	-1.40197	-1.40247	-1.40247	-1.40197	-1.40098	-1.39948	-1.39747	-1.39497	-1.39196	-1.38845	-1.38443	-1.37992	-1.3749	-1.36938	-1.36336	-1.35684	-1.34982	-1.34231	-1.3343	-1.3258	-1.31681	-1.30734	-1.29738	-1.28694	-1.27602	-1.26462	-1.25275	-1.24042	-1.22762	-1.21436	-1.20065	-1.18649	-1.17188	-1.15683	-1.14134	-1.12542	-1.10908	-1.09232	-1.07514	-1.05756	-1.03958	-1.0212	-1.00243	-0.983287	-0.963765	-0.943876	-0.923627	-0.903025	-0.882078	-0.860795	-0.839181	-0.817247	-0.794999	-0.772447	-0.749598	-0.726462	-0.703046	-0.67936	-0.655413	-0.631214	-0.606772	-0.582096	-0.557196	-0.532081	-0.50676	-0.481245	-0.455543	-0.429666	-0.403622	-0.377423	-0.351078	-0.324597	-0.29799	-0.271268	-0.244442	-0.21752	-0.190515	-0.163436	-0.136293	-0.109098	-0.0818605	-0.0545913	-0.0273009	0
0	0.00452379	0.00904894	0.0135768	0.0181088	0.0226462	0.0271903	0.0317426	0.0363043	0.0408768	0.0454614	0.0500592	0.0546717	0.0593001	0.0639456	0.0686093	0.0732925	0.0779964	0.0827221	0.0874706	0.0922431	0.0970407	0.101864	0.106715	0.111593	0.1165	0.121437	0.126405	0.131404	0.136435	0.141498	0.146595	0.151727	0.156892	0.162093	0.167329	0.172602	0.17791	0.183256	0.188638	0.194057	0.199514	0.205007	0.210539	0.216107	0.221713	0.227356	0.233035	0.238752	0.244504	0.250293	0.256117	0.261976	0.267869	0.273796	0.279756	0.285748	0.291772	0.297826	0.303909	0.310021	0.316161	0.322327	0.328518	0.334732	0.340969	0.347227	0.353505	0.3598	0.366112	0.372439	0.378778	0.385129	0.391489	0.397857	0.40423	0.410607	0.416984	0.423362	0.429736	0.436105	0.442466	0.448817	0.455157	0.461481	0.467788	0.474075	0.48034	0.486579	0.492791	0.498972	0.50512	0.511231	0.517303	0.523334	0.529319	0.535256	0.541142	0.546974	0.552749	0.558464	0.564116	0.569701	0.575216	0.580658	0.586024	0.59131	0.596514	0.601631	0.60666	0.611596	0.616435	0.621176	0.625814	0.630346	0.634769	0.639079	0.643274	0.647349	0.651301	0.655128	0.658826	0.662391	0.665821	0.669111	0.67226	0.675263	0.678118	0.68082	0.683369	0.685759	0.687988	0.690054	0.691952	0.693681	0.695236	0.696616	0.697818	0.698838	0.699674	0.700324	0.700785	0.701053	0.701127	0.701005	0.700683	0.70016	0.699434	0.698501	0.697361	0.69601	0.694447	0.692671	0.690679	0.688469	0.68604	0.683391	0.68052	0.677424	0.674104	0.670558	0.666785	0.662783	0.658552	0.65409	0.649398	0.644474	0.639318	0.633929	0.628307	0.622452	0.616363	0.61004	0.603484	0.596694	0.589671	0.582415	0.574927	0.567206	0.559254	0.551072	0.542659	0.534018	0.52515	0.516055	0.506735	0.497191	0.487424	0.477438	0.467232	0.45681	0.446172	0.435322	0.42426	0.412991	0.401515	0.389836	0.377956	0.365877	0.353603	0.341137	0.328482	0.31564	0.302615	0.289411	0.27603	0.262477	0.248755	0.234868	0.220819	0.206613	0.192254	0.177746	0.163093	0.148299	0.133369	0.118308	0.103119	0.0878086	0.0723803	0.0568392	0.0411905	0.0254389	0.00958973	-0.00635197	-0.0223809	-0.0384918	-0.0546793	-0.070938	-0.0872622	-0.103647	-0.120085	-0.136573	-0.153103	-0.169671	-0.18627	-0.202894	-0.219538	-0.236196	-0.252861	-0.269527	-0.286189	-0.30284	-0.319474	-0.336085	-0.352667	-0.369213	-0.385717	-0.402173	-0.418574	-0.434915	-0.451189	-0.467389	-0.48351	-0.499544	-0.515487	-0.53133	-0.547069	-0.562697	-0.578207	-0.593593	-0.608849	-0.623969	-0.638947	-0.653776	-0.66845	-0.682964	-0.697311	-0.711484	-0.725479	-0.73929	-0.752909	-0.766332	-0.779553	-0.792566	-0.805365	-0.817945	-0.8303	-0.842425	-0.854314	-0.865962	-0.877365	-0.888516	-0.89941	-0.910043	-0.92041	-0.930505	-0.940325	-0.949864	-0.959118	-0.968083	-0.976754	-0.985126	-0.993197	-1.00096	-1.00842	-1.01556	-1.02238	-1.02888	-1.03506	-1.04091	-1.04642	-1.05161	-1.05645	-1.06096	-1.06512	-1.06894	-1.07241	-1.07553	-1.07829	-1.08071	-1.08276	-1.08446	-1.0858	-1.08678	-1.08739	-1.08764	-1.08753	-1.08705	-1.0862	-1.08499	-1.0834	-1.08145	-1.07914	-1.07645	-1.07339	-1.06997	-1.06618	-1.06202	-1.0575	-1.05261	-1.04736	-1.04174	-1.03576	-1.02942	-1.02272	-1.01566	-1.00825	-1.00048	-0.992363	-0.983896	-0.975082	-0.965924	-0.956425	-0.946587	-0.936414	-0.925909	-0.915074	-0.903914	-0.892432	-0.880632	-0.868517	-0.856092	-0.84336	-0.830326	-0.816994	-0.803369	-0.789455	-0.775257	-0.76078	-0.746029	-0.731008	-0.715723	-0.70018	-0.684383	-0.668339	-0.652052	-0.635529	-0.618775	-0.601797	-0.5846	-0.56719	-0.549575	-0.531758	-0.513749	-0.495552	-0.477174	-0.458622	-0.439903	-0.421023	-0.401989	-0.382808	-0.363488	-0.344034	-0.324454	-0.304756	-0.284946	-0.265032	-0.24502	-0.224919	-0.204735	-0.184476	-0.16415	-0.143763	-0.123324	-0.102839	-0.0823165	-0.0617638	-0.0411885	-0.020598	0
0	0.00715001	0.0142988	0.0214453	0.0285882	0.0357264	0.0428586	0.0499837	0.0571006	0.064208	0.0713047	0.0783896	0.0854614	0.0925191	0.0995613	0.106587	0.113595	0.120584	0.127553	0.1345	0.141425	0.148326	0.155202	0.162053	0.168876	0.17567	0.182435	0.189169	0.195871	0.202539	0.209174	0.215772	0.222334	0.228858	0.235343	0.241787	0.24819	0.25455	0.260866	0.267137	0.273361	0.279538	0.285666	0.291745	0.297772	0.303747	0.309669	0.315536	0.321347	0.327101	0.332797	0.338434	0.34401	0.349524	0.354976	0.360363	0.365686	0.370942	0.37613	0.38125	0.3863	0.391278	0.396185	0.401019	0.405778	0.410461	0.415068	0.419597	0.424048	0.428418	0.432707	0.436914	0.441037	0.445077	0.44903	0.452898	0.456677	0.460368	0.463969	0.46748	0.470899	0.474225	0.477457	0.480595	0.483637	0.486582	0.489429	0.492178	0.494827	0.497376	0.499823	0.502168	0.50441	0.506548	0.50858	0.510507	0.512328	0.51404	0.515645	0.517141	0.518527	0.519802	0.520966	0.522018	0.522958	0.523784	0.524496	0.525094	0.525576	0.525942	0.526193	0.526326	0.526341	0.526239	0.526018	0.525678	0.525219	0.52464	0.523941	0.523121	0.52218	0.521119	0.519935	0.51863	0.517203	0.515653	0.513981	0.512187	0.51027	0.50823	0.506067	0.503781	0.501372	0.49884	0.496186	0.493408	0.490508	0.487486	0.48434	0.481073	0.477684	0.474173	0.47054	0.466787	0.462913	0.458918	0.454804	0.45057	0.446217	0.441745	0.437156	0.43245	0.427626	0.422687	0.417633	0.412464	0.407181	0.401785	0.396277	0.390657	0.384928	0.379088	0.373141	0.367086	0.360924	0.354657	0.348286	0.341812	0.335236	0.328559	0.321783	0.314908	0.307937	0.300871	0.29371	0.286457	0.279112	0.271678	0.264156	0.256547	0.248854	0.241076	0.233218	0.225279	0.217262	0.209168	0.201	0.192759	0.184447	0.176065	0.167617	0.159103	0.150525	0.141887	0.133189	0.124434	0.115623	0.10676	0.0978455	0.0888824	0.0798728	0.0708188	0.0617228	0.0525869	0.0434134	0.0342048	0.0249632	0.0156911	0.00639077	-0.0029353	-0.0122847	-0.0216551	-0.0310439	-0.0404487	-0.049867	-0.0592963	-0.0687341	-0.0781779	-0.087625	-0.097073	-0.106519	-0.115961	-0.125396	-0.134821	-0.144235	-0.153633	-0.163014	-0.172375	-0.181713	-0.191026	-0.200311	-0.209565	-0.218786	-0.227971	-0.237117	-0.246222	-0.255282	-0.264296	-0.273261	-0.282174	-0.291032	-0.299832	-0.308573	-0.317251	-0.325864	-0.334408	-0.342883	-0.351284	-0.35961	-0.367857	-0.376024	-0.384107	-0.392105	-0.400014	-0.407832	-0.415557	-0.423186	-0.430716	-0.438146	-0.445473	-0.452694	-0.459808	-0.466811	-0.473702	-0.480478	-0.487137	-0.493677	-0.500095	-0.50639	-0.512559	-0.5186	-0.524512	-0.530291	-0.535937	-0.541446	-0.546818	-0.55205	-0.557141	-0.562088	-0.56689	-0.571545	-0.576051	-0.580407	-0.584611	-0.588662	-0.592557	-0.596296	-0.599878	-0.603299	-0.60656	-0.609659	-0.612595	-0.615366	-0.617972	-0.620411	-0.622681	-0.624783	-0.626716	-0.628477	-0.630067	-0.631484	-0.632728	-0.633798	-0.634693	-0.635414	-0.635958	-0.636326	-0.636518	-0.636532	-0.636369	-0.636029	-0.63551	-0.634813	-0.633938	-0.632885	-0.631654	-0.630244	-0.628656	-0.62689	-0.624947	-0.622826	-0.620528	-0.618053	-0.615402	-0.612576	-0.609574	-0.606397	-0.603047	-0.599523	-0.595827	-0.59196	-0.587922	-0.583714	-0.579338	-0.574794	-0.570084	-0.565208	-0.560169	-0.554966	-0.549602	-0.544078	-0.538396	-0.532557	-0.526562	-0.520413	-0.514111	-0.50766	-0.501059	-0.494312	-0.487419	-0.480383	-0.473206	-0.465889	-0.458436	-0.450847	-0.443125	-0.435272	-0.427291	-0.419183	-0.410951	-0.402598	-0.394125	-0.385536	-0.376832	-0.368017	-0.359092	-0.35006	-0.340925	-0.331688	-0.322352	-0.31292	-0.303395	-0.29378	-0.284077	-0.274289	-0.26442	-0.254472	-0.244447	-0.23435	-0.224182	-0.213948	-0.203649	-0.19329	-0.182873	-0.172401	-0.161878	-0.151306	-0.140688	-0.130029	-0.119331	-0.108597	-0.0978299	-0.0870339	-0.0762119	-0.065367	-0.0545024	-0.0436216	-0.0327276	-0.0218239	-0.0109136	0
0	0.00930233	0.0186009	0.027892	0.0371719	0.0464369	0.0556832	0.0649071	0.0741049	0.083273	0.0924076	0.101505	0.110562	0.119574	0.128539	0.137451	0.146309	0.155108	0.163845	0.172516	0.181118	0.189648	0.198101	0.206476	0.214767	0.222973	0.23109	0.239115	0.247044	0.254875	0.262604	0.270228	0.277745	0.285151	0.292444	0.299621	0.306679	0.313615	0.320427	0.327112	0.333667	0.340091	0.34638	0.352533	0.358546	0.364419	0.370147	0.375731	0.381167	0.386453	0.391588	0.396569	0.401396	0.406066	0.410577	0.414929	0.419119	0.423146	0.42701	0.430707	0.434239	0.437602	0.440797	0.443822	0.446677	0.44936	0.451871	0.454209	0.456374	0.458365	0.460182	0.461824	0.463291	0.464583	0.465699	0.466641	0.467407	0.467998	0.468414	0.468655	0.468722	0.468614	0.468334	0.46788	0.467255	0.466457	0.465489	0.464351	0.463044	0.461569	0.459927	0.45812	0.456148	0.454012	0.451715	0.449257	0.44664	0.443866	0.440936	0.437852	0.434615	0.431228	0.427692	0.424009	0.420182	0.416211	0.412101	0.407851	0.403465	0.398946	0.394294	0.389514	0.384606	0.379574	0.37442	0.369147	0.363757	0.358252	0.352637	0.346913	0.341082	0.335149	0.329116	0.322985	0.316759	0.310442	0.304037	0.297546	0.290972	0.284319	0.27759	0.270787	0.263914	0.256974	0.24997	0.242906	0.235784	0.228607	0.22138	0.214104	0.206784	0.199422	0.192023	0.184588	0.177122	0.169627	0.162107	0.154565	0.147004	0.139428	0.131839	0.124242	0.116638	0.109032	0.101427	0.0938247	0.0862295	0.0786443	0.0710722	0.0635161	0.0559793	0.0484646	0.0409752	0.0335141	0.0260841	0.0186882	0.0113293	0.00401034	-0.00326595	-0.0104967	-0.0176793	-0.0248108	-0.0318887	-0.0389103	-0.0458729	-0.0527741	-0.0596112	-0.0663819	-0.0730837	-0.0797142	-0.0862711	-0.092752	-0.0991548	-0.105477	-0.111717	-0.117873	-0.123941	-0.129922	-0.135811	-0.141609	-0.147312	-0.152919	-0.158428	-0.163839	-0.169148	-0.174355	-0.179457	-0.184455	-0.189346	-0.194129	-0.198803	-0.203366	-0.207818	-0.212157	-0.216383	-0.220495	-0.224491	-0.228371	-0.232134	-0.23578	-0.239308	-0.242717	-0.246007	-0.249177	-0.252227	-0.255157	-0.257967	-0.260656	-0.263224	-0.265671	-0.267998	-0.270204	-0.272289	-0.274254	-0.276098	-0.277823	-0.279428	-0.280914	-0.282281	-0.283531	-0.284662	-0.285677	-0.286576	-0.287359	-0.288028	-0.288583	-0.289025	-0.289356	-0.289575	-0.289685	-0.289686	-0.289579	-0.289367	-0.289049	-0.288627	-0.288103	-0.287478	-0.286753	-0.285931	-0.285011	-0.283996	-0.282888	-0.281688	-0.280398	-0.279019	-0.277553	-0.276002	-0.274368	-0.272652	-0.270857	-0.268983	-0.267034	-0.265011	-0.262915	-0.260749	-0.258516	-0.256216	-0.253851	-0.251425	-0.248938	-0.246394	-0.243793	-0.241139	-0.238433	-0.235677	-0.232873	-0.230024	-0.227132	-0.224198	-0.221225	-0.218216	-0.215171	-0.212093	-0.208985	-0.205848	-0.202685	-0.199498	-0.196288	-0.193058	-0.18981	-0.186546	-0.183268	-0.179978	-0.176678	-0.17337	-0.170056	-0.166738	-0.163419	-0.160099	-0.15678	-0.153466	-0.150156	-0.146855	-0.143562	-0.14028	-0.137011	-0.133756	-0.130517	-0.127296	-0.124094	-0.120913	-0.117754	-0.11462	-0.111511	-0.108429	-0.105375	-0.10235	-0.0993572	-0.0963962	-0.0934689	-0.0905763	-0.0877197	-0.0849002	-0.0821189	-0.0793769	-0.076675	-0.0740144	-0.071396	-0.0688205	-0.0662889	-0.063802	-0.0613604	-0.0589649	-0.0566161	-0.0543147	-0.0520611	-0.049856	-0.0476998	-0.0455929	-0.0435357	-0.0415285	-0.0395716	-0.0376653	-0.0358097	-0.034005	-0.0322513	-0.0305486	-0.0288971	-0.0272965	-0.0257469	-0.0242481	-0.0228	-0.0214024	-0.0200549	-0.0187573	-0.0175093	-0.0163105	-0.0151604	-0.0140586	-0.0130046	-0.0119978	-0.0110376	-0.0101235	-0.00925469	-0.00843055	-0.00765033	-0.00691323	-0.00621846	-0.00556517	-0.00495248	-0.00437947	-0.0038452	-0.00334868	-0.00288892	-0.00246488	-0.00207548	-0.00171963	-0.00139621	-0.00110407	-0.000842035	-0.000608905	-0.000403461	-0.000224456	-7.06274e-05	5.93119e-05	0.000166666	0.000252758	0.000318928	0.000366532	0.000396939	0.000411535	0.000411717	0.000398893	0.000374481	0.000339911	0.000296618	0.000246045	0.000189642	0.000128861	6.51609e-05	0
0	0.00998156	0.0199575	0.0299222	0.0398701	0.0497955	0.0596929	0.0695568	0.0793814	0.0891614	0.0988912	0.108565	0.118178	0.127725	0.1372	0.146597	0.155912	0.165139	0.174273	0.18331	0.192242	0.201067	0.209779	0.218372	0.226843	0.235185	0.243396	0.251469	0.259401	0.267186	0.274822	0.282302	0.289624	0.296782	0.303773	0.310593	0.317238	0.323705	0.329989	0.336087	0.341996	0.347712	0.353232	0.358553	0.363672	0.368586	0.373292	0.377788	0.382071	0.386138	0.389988	0.393618	0.397026	0.400209	0.403168	0.405898	0.4084	0.410671	0.41271	0.414517	0.416089	0.417427	0.418529	0.419394	0.420023	0.420414	0.420568	0.420485	0.420163	0.419604	0.418808	0.417775	0.416506	0.415001	0.413262	0.411288	0.409082	0.406644	0.403976	0.401079	0.397955	0.394605	0.391032	0.387237	0.383222	0.37899	0.374542	0.369882	0.365012	0.359935	0.354653	0.349169	0.343487	0.337609	0.331539	0.32528	0.318836	0.31221	0.305405	0.298427	0.291277	0.283962	0.276483	0.268847	0.261056	0.253116	0.24503	0.236803	0.22844	0.219946	0.211325	0.202581	0.19372	0.184747	0.175667	0.166484	0.157205	0.147833	0.138375	0.128835	0.119219	0.109532	0.0997796	0.0899675	0.0801008	0.0701852	0.0602262	0.0502292	0.0402	0.0301441	0.0200671	0.00997459	-0.000127701	-0.0102342	-0.0203392	-0.030437	-0.0405221	-0.0505888	-0.0606315	-0.0706445	-0.0806222	-0.0905592	-0.10045	-0.110288	-0.120069	-0.129788	-0.139437	-0.149014	-0.15851	-0.167923	-0.177246	-0.186473	-0.195601	-0.204623	-0.213535	-0.222332	-0.231008	-0.23956	-0.247981	-0.256267	-0.264415	-0.272418	-0.280273	-0.287975	-0.29552	-0.302903	-0.310121	-0.317169	-0.324043	-0.33074	-0.337255	-0.343585	-0.349727	-0.355677	-0.361431	-0.366987	-0.37234	-0.377489	-0.38243	-0.38716	-0.391677	-0.395978	-0.400061	-0.403922	-0.407561	-0.410975	-0.414162	-0.41712	-0.419847	-0.422342	-0.424604	-0.42663	-0.428421	-0.429974	-0.431289	-0.432365	-0.433201	-0.433798	-0.434153	-0.434268	-0.434142	-0.433775	-0.433167	-0.432318	-0.431229	-0.4299	-0.428333	-0.426527	-0.424483	-0.422204	-0.419689	-0.416941	-0.41396	-0.410749	-0.407309	-0.403641	-0.399749	-0.395633	-0.391296	-0.386741	-0.381969	-0.376984	-0.371789	-0.366385	-0.360776	-0.354965	-0.348955	-0.342749	-0.336352	-0.329765	-0.322993	-0.31604	-0.308909	-0.301604	-0.294129	-0.286489	-0.278687	-0.270727	-0.262615	-0.254354	-0.24595	-0.237406	-0.228727	-0.219918	-0.210984	-0.20193	-0.19276	-0.183481	-0.174096	-0.164612	-0.155032	-0.145363	-0.13561	-0.125778	-0.115873	-0.1059	-0.095864	-0.0857713	-0.0756272	-0.0654374	-0.0552073	-0.0449426	-0.034649	-0.0243322	-0.0139979	-0.00365164	0.00670074	0.0170536	0.0274012	0.0377378	0.0480577	0.0583553	0.0686248	0.0788606	0.0890571	0.0992085	0.109309	0.119354	0.129337	0.139253	0.149096	0.158861	0.168542	0.178134	0.187632	0.197031	0.206325	0.215509	0.224579	0.233528	0.242352	0.251047	0.259607	0.268028	0.276305	0.284434	0.292409	0.300227	0.307882	0.315372	0.322692	0.329837	0.336804	0.343589	0.350188	0.356598	0.362814	0.368834	0.374654	0.38027	0.385681	0.390882	0.395871	0.400644	0.4052	0.409536	0.41365	0.417538	0.421199	0.424631	0.427832	0.4308	0.433533	0.436031	0.438291	0.440312	0.442093	0.443633	0.444931	0.445987	0.446799	0.447368	0.447692	0.447772	0.447608	0.4472	0.446547	0.445651	0.444511	0.443129	0.441504	0.439639	0.437533	0.435188	0.432605	0.429786	0.426732	0.423445	0.419926	0.416177	0.412202	0.408	0.403576	0.398931	0.394067	0.388988	0.383696	0.378195	0.372486	0.366574	0.360461	0.35415	0.347646	0.340952	0.334071	0.327007	0.319764	0.312346	0.304758	0.297002	0.289084	0.281007	0.272776	0.264397	0.255872	0.247207	0.238407	0.229476	0.22042	0.211243	0.20195	0.192547	0.183038	0.173429	0.163725	0.153931	0.144053	0.134095	0.124065	0.113966	0.103806	0.0935878	0.0833187	0.073004	0.0626493	0.0522603	0.0418426	0.031402	0.0209443	0.010475	0
0	0.00845531	0.0169044	0.0253409	0.0337586	0.0421514	0.0505129	0.0588369	0.0671174	0.075348	0.0835228	0.0916355	0.0996802	0.107651	0.115542	0.123346	0.131059	0.138674	0.146186	0.153589	0.160878	0.168046	0.175088	0.182	0.188775	0.195408	0.201895	0.20823	0.214408	0.220425	0.226276	0.231955	0.237459	0.242783	0.247923	0.252874	0.257633	0.262195	0.266557	0.270715	0.274664	0.278403	0.281927	0.285234	0.288319	0.291181	0.293817	0.296223	0.298397	0.300338	0.302042	0.303508	0.304734	0.305717	0.306458	0.306953	0.307201	0.307202	0.306955	0.306458	0.305712	0.304715	0.303466	0.301967	0.300217	0.298216	0.295963	0.293461	0.290709	0.287708	0.284459	0.280963	0.277222	0.273236	0.269007	0.264538	0.259829	0.254883	0.249702	0.244289	0.238645	0.232774	0.226678	0.220361	0.213825	0.207073	0.200109	0.192937	0.185559	0.177981	0.170205	0.162237	0.154079	0.145736	0.137214	0.128516	0.119646	0.110611	0.101415	0.0920621	0.0825585	0.0729091	0.0631194	0.0531949	0.0431409	0.0329634	0.0226679	0.0122605	0.00174688	-0.00886679	-0.0195744	-0.0303699	-0.0412469	-0.0521991	-0.0632202	-0.0743036	-0.085443	-0.0966317	-0.107863	-0.11913	-0.130427	-0.141747	-0.153082	-0.164426	-0.175773	-0.187114	-0.198444	-0.209756	-0.221042	-0.232296	-0.243511	-0.254679	-0.265795	-0.27685	-0.287839	-0.298753	-0.309587	-0.320334	-0.330986	-0.341537	-0.35198	-0.362309	-0.372516	-0.382595	-0.39254	-0.402345	-0.412001	-0.421504	-0.430847	-0.440023	-0.449027	-0.457853	-0.466493	-0.474943	-0.483197	-0.491248	-0.499092	-0.506722	-0.514134	-0.521321	-0.528279	-0.535002	-0.541485	-0.547725	-0.553715	-0.559451	-0.564928	-0.570143	-0.575091	-0.579768	-0.58417	-0.588293	-0.592133	-0.595687	-0.598951	-0.601923	-0.604599	-0.606975	-0.609051	-0.610821	-0.612286	-0.613441	-0.614285	-0.614815	-0.615031	-0.61493	-0.614512	-0.613773	-0.612715	-0.611335	-0.609633	-0.607608	-0.605259	-0.602588	-0.599592	-0.596273	-0.592632	-0.588667	-0.58438	-0.579772	-0.574844	-0.569596	-0.564031	-0.55815	-0.551954	-0.545445	-0.538626	-0.531498	-0.524064	-0.516327	-0.508289	-0.499953	-0.491323	-0.482401	-0.473191	-0.463696	-0.453921	-0.443869	-0.433544	-0.422951	-0.412094	-0.400976	-0.389604	-0.377982	-0.366115	-0.354007	-0.341665	-0.329094	-0.316298	-0.303285	-0.290059	-0.276627	-0.262995	-0.249168	-0.235154	-0.220958	-0.206587	-0.192049	-0.177348	-0.162493	-0.147491	-0.132348	-0.117071	-0.101668	-0.0861465	-0.0705133	-0.0547761	-0.0389424	-0.0230198	-0.00701611	0.00906103	0.0252038	0.0414043	0.0576546	0.0739468	0.0902729	0.106625	0.122995	0.139374	0.155755	0.172129	0.188489	0.204826	0.221131	0.237398	0.253617	0.26978	0.28588	0.301907	0.317855	0.333714	0.349477	0.365136	0.380683	0.396109	0.411407	0.426569	0.441587	0.456453	0.47116	0.4857	0.500066	0.514249	0.528242	0.542039	0.555631	0.569013	0.582176	0.595113	0.607818	0.620284	0.632505	0.644473	0.656183	0.667628	0.678801	0.689697	0.700311	0.710635	0.720664	0.730393	0.739817	0.74893	0.757727	0.766203	0.774353	0.782174	0.789659	0.796805	0.803608	0.810064	0.816169	0.821919	0.827311	0.832342	0.837008	0.841306	0.845235	0.84879	0.85197	0.854773	0.857196	0.859237	0.860896	0.86217	0.863059	0.863561	0.863675	0.8634	0.862737	0.861684	0.860242	0.858411	0.856191	0.853582	0.850586	0.847202	0.843432	0.839278	0.83474	0.829821	0.824522	0.818845	0.812792	0.806367	0.79957	0.792406	0.784876	0.776985	0.768735	0.760131	0.751174	0.741871	0.732224	0.722238	0.711916	0.701265	0.690288	0.67899	0.667376	0.655452	0.643223	0.630694	0.617871	0.60476	0.591367	0.577698	0.563759	0.549556	0.535096	0.520387	0.505433	0.490243	0.474823	0.459181	0.443324	0.427259	0.410993	0.394534	0.377891	0.36107	0.344079	0.326927	0.309621	0.292169	0.27458	0.256862	0.239024	0.221072	0.203017	0.184866	0.166629	0.148313	0.129927	0.11148	0.0929799	0.0744365	0.0558581	0.0372533	0.0186311	0
0	0.00447486	0.00894432	0.013403	0.0178455	0.0222665	0.0266606	0.0310225	0.0353468	0.0396283	0.0438617	0.0480418	0.0521634	0.0562213	0.0602105	0.0641258	0.0679624	0.0717151	0.0753792	0.0789497	0.082422	0.0857913	0.089053	0.0922026	0.0952355	0.0981473	0.100934	0.103591	0.106114	0.1085	0.110743	0.112842	0.114791	0.116587	0.118226	0.119706	0.121022	0.122172	0.123153	0.123961	0.124594	0.125049	0.125323	0.125414	0.12532	0.125038	0.124566	0.123903	0.123047	0.121995	0.120747	0.119301	0.117655	0.11581	0.113763	0.111514	0.109062	0.106407	0.103549	0.100486	0.0972202	0.0937503	0.0900768	0.0862002	0.0821209	0.0778397	0.0733574	0.068675	0.0637937	0.0587146	0.0534393	0.0479694	0.0423065	0.0364526	0.0304097	0.02418	0.0177657	0.0111695	0.0043938	-0.00255854	-0.00968465	-0.0169815	-0.0244459	-0.0320746	-0.039864	-0.0478107	-0.0559109	-0.0641608	-0.0725564	-0.0810935	-0.0897681	-0.0985758	-0.107512	-0.116572	-0.125752	-0.135046	-0.14445	-0.153958	-0.163566	-0.173268	-0.18306	-0.192934	-0.202887	-0.212912	-0.223004	-0.233157	-0.243365	-0.253623	-0.263923	-0.274261	-0.28463	-0.295024	-0.305436	-0.315861	-0.326292	-0.336722	-0.347145	-0.357556	-0.367946	-0.37831	-0.38864	-0.398931	-0.409176	-0.419368	-0.4295	-0.439566	-0.449559	-0.459473	-0.4693	-0.479034	-0.488669	-0.498197	-0.507612	-0.516908	-0.526078	-0.535115	-0.544013	-0.552765	-0.561365	-0.569807	-0.578084	-0.586189	-0.594118	-0.601863	-0.609418	-0.616777	-0.623935	-0.630886	-0.637623	-0.644142	-0.650435	-0.656499	-0.662327	-0.667914	-0.673255	-0.678344	-0.683177	-0.687749	-0.692055	-0.696091	-0.699851	-0.703331	-0.706528	-0.709436	-0.712052	-0.714372	-0.716392	-0.718109	-0.719519	-0.720619	-0.721405	-0.721875	-0.722025	-0.721854	-0.721358	-0.720535	-0.719383	-0.7179	-0.716084	-0.713933	-0.711445	-0.70862	-0.705456	-0.701952	-0.698107	-0.693921	-0.689392	-0.684522	-0.679309	-0.673753	-0.667855	-0.661616	-0.655035	-0.648114	-0.640853	-0.633254	-0.625318	-0.617047	-0.608442	-0.599504	-0.590237	-0.580642	-0.570722	-0.56048	-0.549917	-0.539037	-0.527844	-0.516341	-0.50453	-0.492416	-0.480002	-0.467294	-0.454294	-0.441007	-0.427437	-0.41359	-0.39947	-0.385083	-0.370432	-0.355525	-0.340365	-0.32496	-0.309314	-0.293433	-0.277324	-0.260993	-0.244447	-0.227691	-0.210732	-0.193578	-0.176235	-0.15871	-0.14101	-0.123142	-0.105115	-0.0869347	-0.0686096	-0.0501472	-0.0315552	-0.0128417	0.00598545	0.0249181	0.0439481	0.0630672	0.0822671	0.101539	0.120875	0.140267	0.159705	0.179181	0.198687	0.218214	0.237752	0.257293	0.276828	0.296349	0.315846	0.33531	0.354732	0.374104	0.393417	0.41266	0.431827	0.450906	0.46989	0.48877	0.507536	0.52618	0.544692	0.563064	0.581288	0.599354	0.617253	0.634977	0.652517	0.669866	0.687013	0.703951	0.720672	0.737166	0.753427	0.769445	0.785214	0.800724	0.815968	0.830939	0.845629	0.860029	0.874134	0.887935	0.901426	0.914599	0.927448	0.939966	0.952146	0.963982	0.975467	0.986595	0.997361	1.00776	1.01778	1.02742	1.03668	1.04555	1.05402	1.06209	1.06976	1.07702	1.08386	1.09028	1.09629	1.10187	1.10701	1.11173	1.11601	1.11985	1.12325	1.12621	1.12871	1.13077	1.13238	1.13354	1.13424	1.13449	1.13428	1.13361	1.13249	1.1309	1.12886	1.12636	1.1234	1.11998	1.1161	1.11176	1.10697	1.10172	1.09602	1.08987	1.08327	1.07622	1.06872	1.06078	1.0524	1.04358	1.03433	1.02464	1.01453	1.00399	0.99303	0.981656	0.969869	0.957675	0.945078	0.932084	0.918696	0.904921	0.890764	0.876231	0.861326	0.846057	0.83043	0.81445	0.798125	0.781461	0.764465	0.747143	0.729504	0.711553	0.6933	0.674751	0.655913	0.636796	0.617407	0.597754	0.577845	0.557689	0.537294	0.516669	0.495823	0.474764	0.453502	0.432045	0.410403	0.388585	0.366599	0.344456	0.322166	0.299737	0.277178	0.254501	0.231715	0.208828	0.185852	0.162796	0.13967	0.116483	0.0932469	0.0699703	0.0466636	0.0233368	0
0	-0.00161372	-0.0032305	-0.00485342	-0.00648552	-0.00812987	-0.00978951	-0.0114675	-0.0131667	-0.0148903	-0.0166412	-0.0184223	-0.0202365	-0.0220868	-0.023976	-0.025907	-0.0278824	-0.0299052	-0.0319779	-0.0341032	-0.0362839	-0.0385223	-0.0408211	-0.0431827	-0.0456095	-0.0481039	-0.0506681	-0.0533044	-0.056015	-0.0588019	-0.0616672	-0.0646127	-0.0676405	-0.0707523	-0.0739498	-0.0772347	-0.0806086	-0.0840729	-0.0876291	-0.0912785	-0.0950222	-0.0988616	-0.102798	-0.106831	-0.110963	-0.115194	-0.119525	-0.123957	-0.12849	-0.133124	-0.13786	-0.142697	-0.147637	-0.152678	-0.157822	-0.163067	-0.168413	-0.173861	-0.179409	-0.185056	-0.190803	-0.196647	-0.20259	-0.208628	-0.214761	-0.220988	-0.227308	-0.233719	-0.240219	-0.246807	-0.25348	-0.260238	-0.267078	-0.273998	-0.280996	-0.28807	-0.295217	-0.302434	-0.30972	-0.317071	-0.324484	-0.331958	-0.339488	-0.347073	-0.354708	-0.36239	-0.370117	-0.377884	-0.385689	-0.393527	-0.401396	-0.409291	-0.417209	-0.425145	-0.433096	-0.441058	-0.449026	-0.456997	-0.464967	-0.47293	-0.480883	-0.488822	-0.496742	-0.504637	-0.512505	-0.52034	-0.528138	-0.535894	-0.543603	-0.551261	-0.558863	-0.566403	-0.573878	-0.581281	-0.58861	-0.595857	-0.60302	-0.610092	-0.617068	-0.623945	-0.630716	-0.637377	-0.643923	-0.650349	-0.656649	-0.66282	-0.668856	-0.674753	-0.680504	-0.686106	-0.691554	-0.696843	-0.701968	-0.706925	-0.711708	-0.716313	-0.720736	-0.724971	-0.729015	-0.732863	-0.736511	-0.739954	-0.743188	-0.746209	-0.749012	-0.751594	-0.753951	-0.756078	-0.757972	-0.75963	-0.761046	-0.762219	-0.763145	-0.763819	-0.764239	-0.764402	-0.764304	-0.763943	-0.763315	-0.762419	-0.76125	-0.759808	-0.758088	-0.75609	-0.75381	-0.751247	-0.748399	-0.745264	-0.74184	-0.738126	-0.73412	-0.729822	-0.725229	-0.720341	-0.715157	-0.709676	-0.703897	-0.697821	-0.691447	-0.684774	-0.677803	-0.670533	-0.662965	-0.6551	-0.646938	-0.638479	-0.629725	-0.620676	-0.611334	-0.6017	-0.591775	-0.581561	-0.57106	-0.560273	-0.549203	-0.537852	-0.526222	-0.514316	-0.502136	-0.489685	-0.476967	-0.463983	-0.450738	-0.437235	-0.423478	-0.409469	-0.395214	-0.380715	-0.365977	-0.351004	-0.335801	-0.320372	-0.304722	-0.288855	-0.272777	-0.256493	-0.240007	-0.223325	-0.206452	-0.189395	-0.172158	-0.154748	-0.13717	-0.11943	-0.101535	-0.0834909	-0.0653037	-0.04698	-0.0285264	-0.00994947	0.00874394	0.0275471	0.0464529	0.0654546	0.0845449	0.103717	0.122963	0.142276	0.161648	0.181073	0.200542	0.220049	0.239584	0.259141	0.278712	0.29829	0.317865	0.337431	0.35698	0.376502	0.395992	0.41544	0.434839	0.45418	0.473456	0.492658	0.511778	0.530809	0.549742	0.56857	0.587283	0.605875	0.624336	0.64266	0.660838	0.678862	0.696724	0.714417	0.731932	0.749262	0.766399	0.783336	0.800064	0.816576	0.832865	0.848923	0.864743	0.880318	0.89564	0.910702	0.925497	0.940019	0.95426	0.968213	0.981872	0.995231	1.00828	1.02102	1.03344	1.04553	1.05729	1.06871	1.07979	1.09052	1.1009	1.11091	1.12057	1.12985	1.13875	1.14728	1.15542	1.16317	1.17053	1.17749	1.18404	1.1902	1.19594	1.20127	1.20619	1.21068	1.21476	1.21841	1.22163	1.22442	1.22678	1.2287	1.23018	1.23123	1.23184	1.23201	1.23173	1.23101	1.22984	1.22823	1.22618	1.22367	1.22072	1.21733	1.21349	1.2092	1.20447	1.1993	1.19368	1.18762	1.18112	1.17419	1.16681	1.159	1.15076	1.14209	1.13299	1.12347	1.11352	1.10316	1.09238	1.08118	1.06958	1.05758	1.04517	1.03237	1.01918	1.0056	0.991634	0.977293	0.962579	0.947497	0.932053	0.916253	0.900102	0.883606	0.86677	0.849602	0.832108	0.814293	0.796164	0.777729	0.758994	0.739966	0.720653	0.701061	0.681197	0.66107	0.640687	0.620056	0.599185	0.578081	0.556752	0.535208	0.513456	0.491504	0.46936	0.447035	0.424535	0.40187	0.379049	0.35608	0.332972	0.309734	0.286375	0.262905	0.239332	0.215666	0.191916	0.168091	0.1442	0.120253	0.0962586	0.0722268	0.0481669	0.0240882	0
0	-0.00889392	-0.0177875	-0.0266805	-0.0355726	-0.0444634	-0.0533527	-0.0622401	-0.0711253	-0.0800079	-0.0888877	-0.0977642	-0.106637	-0.115506	-0.124371	-0.133231	-0.142085	-0.150935	-0.159778	-0.168614	-0.177444	-0.186267	-0.195081	-0.203887	-0.212684	-0.221471	-0.230249	-0.239015	-0.24777	-0.256514	-0.265244	-0.273961	-0.282664	-0.291352	-0.300024	-0.30868	-0.317318	-0.325938	-0.334539	-0.34312	-0.35168	-0.360218	-0.368733	-0.377224	-0.38569	-0.39413	-0.402543	-0.410926	-0.41928	-0.427604	-0.435894	-0.444152	-0.452374	-0.46056	-0.468709	-0.476818	-0.484887	-0.492914	-0.500897	-0.508836	-0.516727	-0.52457	-0.532363	-0.540104	-0.547792	-0.555424	-0.563	-0.570516	-0.577972	-0.585366	-0.592695	-0.599958	-0.607152	-0.614276	-0.621327	-0.628305	-0.635205	-0.642027	-0.648769	-0.655428	-0.662001	-0.668488	-0.674885	-0.681191	-0.687403	-0.693518	-0.699536	-0.705452	-0.711266	-0.716974	-0.722575	-0.728066	-0.733444	-0.738708	-0.743854	-0.748881	-0.753787	-0.758567	-0.763222	-0.767747	-0.772141	-0.776401	-0.780524	-0.784509	-0.788353	-0.792053	-0.795608	-0.799014	-0.80227	-0.805373	-0.80832	-0.81111	-0.813741	-0.816208	-0.818512	-0.820649	-0.822616	-0.824413	-0.826036	-0.827484	-0.828754	-0.829845	-0.830753	-0.831478	-0.832017	-0.832368	-0.832529	-0.832499	-0.832275	-0.831856	-0.83124	-0.830425	-0.82941	-0.828192	-0.826771	-0.825144	-0.823311	-0.821269	-0.819018	-0.816557	-0.813883	-0.810995	-0.807893	-0.804576	-0.801042	-0.79729	-0.79332	-0.789131	-0.784721	-0.780091	-0.77524	-0.770166	-0.76487	-0.759352	-0.75361	-0.747644	-0.741455	-0.735043	-0.728406	-0.721546	-0.714463	-0.707156	-0.699626	-0.691873	-0.683898	-0.675701	-0.667283	-0.658645	-0.649787	-0.640711	-0.631416	-0.621905	-0.612179	-0.602238	-0.592084	-0.581718	-0.571143	-0.560359	-0.549367	-0.538171	-0.526772	-0.515171	-0.503371	-0.491373	-0.479181	-0.466796	-0.45422	-0.441457	-0.428509	-0.415377	-0.402066	-0.388578	-0.374916	-0.361082	-0.347081	-0.332914	-0.318586	-0.304099	-0.289457	-0.274664	-0.259724	-0.244639	-0.229413	-0.214051	-0.198556	-0.182933	-0.167184	-0.151316	-0.135331	-0.119233	-0.103028	-0.0867202	-0.0703131	-0.0538118	-0.0372209	-0.0205449	-0.00378879	0.0130428	0.0299449	0.0469126	0.0639409	0.0810248	0.0981593	0.115339	0.132559	0.149814	0.167098	0.184407	0.201735	0.219076	0.236426	0.253778	0.271126	0.288467	0.305793	0.3231	0.340381	0.357632	0.374845	0.392016	0.409139	0.426209	0.443218	0.460162	0.477035	0.493831	0.510545	0.52717	0.5437	0.560131	0.576456	0.592669	0.608765	0.624738	0.640582	0.656291	0.671861	0.687284	0.702556	0.717671	0.732623	0.747407	0.762017	0.776448	0.790695	0.804751	0.818612	0.832272	0.845726	0.858969	0.871995	0.884801	0.897379	0.909727	0.921837	0.933707	0.945331	0.956704	0.967821	0.978679	0.989272	0.999597	1.00965	1.01942	1.02891	1.03812	1.04704	1.05566	1.06399	1.07201	1.07973	1.08714	1.09424	1.10103	1.10749	1.11364	1.11946	1.12495	1.13012	1.13495	1.13945	1.1436	1.14742	1.1509	1.15403	1.15681	1.15925	1.16133	1.16307	1.16445	1.16548	1.16615	1.16646	1.16642	1.16601	1.16525	1.16413	1.16264	1.1608	1.15859	1.15602	1.1531	1.14981	1.14615	1.14214	1.13777	1.13304	1.12795	1.1225	1.1167	1.11054	1.10403	1.09716	1.08995	1.08238	1.07447	1.06621	1.05761	1.04867	1.03939	1.02978	1.01983	1.00955	0.998946	0.988015	0.976763	0.965193	0.953308	0.941112	0.928608	0.915801	0.902694	0.88929	0.875595	0.861612	0.847346	0.8328	0.817981	0.802891	0.787537	0.771922	0.756052	0.739932	0.723566	0.706961	0.690121	0.673053	0.65576	0.63825	0.620527	0.602598	0.584468	0.566143	0.54763	0.528934	0.510061	0.491018	0.471811	0.452446	0.432929	0.413268	0.393469	0.373538	0.353481	0.333307	0.31302	0.292629	0.272139	0.251558	0.230893	0.21015	0.189337	0.16846	0.147526	0.126543	0.105518	0.0844569	0.0633675	0.0422568	0.021132	0
0	-0.0160384	-0.0320728	-0.048099	-0.0641131	-0.0801109	-0.0960885	-0.112042	-0.127967	-0.143859	-0.159715	-0.175531	-0.191302	-0.207025	-0.222695	-0.238309	-0.253863	-0.269352	-0.284774	-0.300123	-0.315396	-0.33059	-0.3457	-0.360722	-0.375654	-0.39049	-0.405227	-0.419862	-0.434391	-0.44881	-0.463115	-0.477303	-0.491371	-0.505314	-0.51913	-0.532814	-0.546364	-0.559776	-0.573046	-0.586172	-0.599149	-0.611975	-0.624646	-0.63716	-0.649513	-0.661701	-0.673723	-0.685575	-0.697253	-0.708756	-0.720079	-0.731221	-0.742179	-0.752949	-0.763529	-0.773917	-0.78411	-0.794105	-0.8039	-0.813492	-0.822879	-0.832059	-0.841029	-0.849787	-0.858332	-0.86666	-0.87477	-0.88266	-0.890327	-0.897771	-0.904989	-0.911979	-0.91874	-0.92527	-0.931567	-0.93763	-0.943457	-0.949048	-0.9544	-0.959512	-0.964383	-0.969012	-0.973399	-0.97754	-0.981437	-0.985087	-0.988491	-0.991646	-0.994553	-0.997211	-0.999619	-1.00178	-1.00368	-1.00534	-1.00674	-1.0079	-1.0088	-1.00944	-1.00984	-1.00998	-1.00987	-1.00951	-1.0089	-1.00803	-1.00691	-1.00555	-1.00393	-1.00206	-0.999938	-0.997569	-0.994952	-0.992088	-0.988976	-0.985618	-0.982015	-0.978168	-0.974078	-0.969745	-0.965172	-0.960359	-0.955307	-0.950019	-0.944495	-0.938736	-0.932745	-0.926523	-0.920072	-0.913392	-0.906487	-0.899358	-0.892006	-0.884433	-0.876643	-0.868635	-0.860414	-0.85198	-0.843336	-0.834485	-0.825427	-0.816167	-0.806706	-0.797046	-0.787191	-0.777142	-0.766903	-0.756475	-0.745862	-0.735066	-0.72409	-0.712937	-0.70161	-0.690111	-0.678444	-0.666611	-0.654616	-0.642461	-0.63015	-0.617685	-0.605071	-0.592309	-0.579404	-0.566358	-0.553176	-0.539859	-0.526412	-0.512839	-0.499141	-0.485324	-0.47139	-0.457342	-0.443186	-0.428923	-0.414557	-0.400093	-0.385534	-0.370883	-0.356144	-0.341321	-0.326417	-0.311437	-0.296384	-0.281261	-0.266073	-0.250824	-0.235516	-0.220154	-0.204743	-0.189284	-0.173784	-0.158244	-0.14267	-0.127065	-0.111432	-0.0957767	-0.0801019	-0.0644115	-0.0487096	-0.0330001	-0.0172867	-0.00157344	0.0141359	0.0298373	0.0455271	0.0612012	0.0768559	0.0924873	0.108092	0.123665	0.139203	0.154703	0.17016	0.185572	0.200933	0.21624	0.23149	0.246679	0.261802	0.276857	0.29184	0.306747	0.321574	0.336318	0.350975	0.365542	0.380014	0.39439	0.408664	0.422834	0.436896	0.450847	0.464683	0.478402	0.491999	0.505471	0.518816	0.53203	0.545109	0.558051	0.570852	0.58351	0.596022	0.608383	0.620592	0.632646	0.644541	0.656275	0.667845	0.679248	0.690481	0.701543	0.712429	0.723138	0.733667	0.744014	0.754175	0.764149	0.773934	0.783526	0.792924	0.802126	0.811129	0.819931	0.82853	0.836924	0.845111	0.85309	0.860858	0.868413	0.875755	0.88288	0.889788	0.896476	0.902944	0.909189	0.915211	0.921008	0.926578	0.931921	0.937035	0.941918	0.946571	0.950991	0.955179	0.959132	0.96285	0.966332	0.969577	0.972586	0.975356	0.977888	0.980181	0.982234	0.984047	0.98562	0.986952	0.988043	0.988893	0.989502	0.98987	0.989996	0.989881	0.989525	0.988928	0.98809	0.987012	0.985693	0.984135	0.982337	0.980301	0.978026	0.975514	0.972764	0.969779	0.966558	0.963102	0.959413	0.95549	0.951337	0.946952	0.942338	0.937495	0.932425	0.92713	0.92161	0.915866	0.909901	0.903716	0.897312	0.890691	0.883855	0.876804	0.869542	0.86207	0.854389	0.846502	0.83841	0.830116	0.821621	0.812928	0.804039	0.794955	0.78568	0.776215	0.766563	0.756726	0.746707	0.736508	0.726131	0.715579	0.704854	0.69396	0.682898	0.671672	0.660284	0.648737	0.637034	0.625178	0.613171	0.601017	0.588717	0.576277	0.563697	0.550982	0.538134	0.525157	0.512054	0.498827	0.485481	0.472018	0.458441	0.444754	0.43096	0.417063	0.403065	0.388971	0.374783	0.360505	0.34614	0.331692	0.317165	0.302561	0.287885	0.27314	0.258329	0.243455	0.228524	0.213537	0.1985	0.183414	0.168285	0.153115	0.137909	0.122669	0.1074	0.0921049	0.0767879	0.0614525	0.0461023	0.030741	0.0153723	0
0	-0.021573	-0.0431385	-0.0646893	-0.086218	-0.107717	-0.129179	-0.150597	-0.171963	-0.193271	-0.214512	-0.23568	-0.256767	-0.277766	-0.298671	-0.319473	-0.340166	-0.360742	-0.381196	-0.401519	-0.421705	-0.441747	-0.461638	-0.481372	-0.500942	-0.520341	-0.539563	-0.558601	-0.577449	-0.596101	-0.61455	-0.632791	-0.650817	-0.668622	-0.686201	-0.703547	-0.720655	-0.737519	-0.754134	-0.770495	-0.786595	-0.80243	-0.817995	-0.833285	-0.848295	-0.863019	-0.877455	-0.891595	-0.905438	-0.918977	-0.932209	-0.945131	-0.957736	-0.970023	-0.981988	-0.993626	-1.00493	-1.01591	-1.02655	-1.03685	-1.04681	-1.05642	-1.06568	-1.0746	-1.08316	-1.09136	-1.09921	-1.1067	-1.11383	-1.1206	-1.127	-1.13304	-1.13871	-1.14401	-1.14895	-1.15351	-1.1577	-1.16152	-1.16497	-1.16805	-1.17075	-1.17308	-1.17504	-1.17663	-1.17784	-1.17869	-1.17916	-1.17926	-1.179	-1.17837	-1.17737	-1.176	-1.17427	-1.17218	-1.16973	-1.16692	-1.16375	-1.16023	-1.15635	-1.15212	-1.14755	-1.14263	-1.13737	-1.13177	-1.12583	-1.11956	-1.11295	-1.10602	-1.09877	-1.0912	-1.0833	-1.0751	-1.06659	-1.05777	-1.04865	-1.03923	-1.02952	-1.01951	-1.00923	-0.998665	-0.987824	-0.976712	-0.965335	-0.953696	-0.9418	-0.929653	-0.917259	-0.904624	-0.891753	-0.87865	-0.865322	-0.851774	-0.83801	-0.824037	-0.80986	-0.795485	-0.780916	-0.766161	-0.751224	-0.736111	-0.720829	-0.705382	-0.689777	-0.67402	-0.658116	-0.642072	-0.625893	-0.609585	-0.593155	-0.576609	-0.559952	-0.54319	-0.52633	-0.509377	-0.492338	-0.475218	-0.458025	-0.440763	-0.423438	-0.406058	-0.388627	-0.371152	-0.353639	-0.336093	-0.318521	-0.300929	-0.283321	-0.265706	-0.248087	-0.230471	-0.212864	-0.195271	-0.177697	-0.16015	-0.142634	-0.125154	-0.107717	-0.0903267	-0.0729899	-0.0557113	-0.0384964	-0.0213502	-0.004278	0.0127152	0.0296243	0.0464444	0.0631707	0.0797982	0.0963222	0.112738	0.129041	0.145227	0.161291	0.177229	0.193037	0.20871	0.224244	0.239636	0.25488	0.269974	0.284914	0.299695	0.314315	0.328769	0.343055	0.357168	0.371106	0.384865	0.398443	0.411836	0.425042	0.438057	0.45088	0.463506	0.475935	0.488163	0.500188	0.512008	0.523621	0.535024	0.546217	0.557196	0.56796	0.578508	0.588838	0.598948	0.608838	0.618505	0.62795	0.637169	0.646164	0.654932	0.663473	0.671787	0.679872	0.687728	0.695355	0.702752	0.709919	0.716856	0.723563	0.73004	0.736287	0.742303	0.74809	0.753648	0.758977	0.764078	0.76895	0.773596	0.778015	0.782209	0.786178	0.789923	0.793445	0.796746	0.799826	0.802688	0.805331	0.807758	0.809969	0.811968	0.813754	0.815329	0.816696	0.817856	0.818811	0.819562	0.820112	0.820462	0.820614	0.820571	0.820334	0.819906	0.819289	0.818485	0.817496	0.816324	0.814972	0.813443	0.811737	0.809859	0.80781	0.805593	0.803209	0.800663	0.797956	0.79509	0.792069	0.788895	0.78557	0.782098	0.77848	0.774719	0.770819	0.76678	0.762608	0.758303	0.753868	0.749307	0.744621	0.739814	0.734887	0.729845	0.724689	0.719421	0.714045	0.708564	0.702978	0.697293	0.691508	0.685629	0.679656	0.673592	0.66744	0.661202	0.654881	0.648479	0.641999	0.635442	0.628811	0.622109	0.615338	0.608499	0.601596	0.59463	0.587603	0.580518	0.573376	0.566181	0.558933	0.551634	0.544288	0.536895	0.529457	0.521976	0.514455	0.506894	0.499296	0.491661	0.483993	0.476292	0.46856	0.460798	0.453009	0.445192	0.43735	0.429485	0.421597	0.413687	0.405757	0.397809	0.389842	0.381859	0.37386	0.365847	0.35782	0.349781	0.341729	0.333667	0.325595	0.317513	0.309423	0.301326	0.293221	0.28511	0.276993	0.26887	0.260743	0.252612	0.244477	0.236339	0.228198	0.220054	0.211909	0.203762	0.195613	0.187463	0.179312	0.17116	0.163008	0.154856	0.146703	0.138551	0.130398	0.122246	0.114094	0.105942	0.0977903	0.0896392	0.0814885	0.0733383	0.0651884	0.0570389	0.0488898	0.040741	0.0325924	0.0244441	0.016296	0.00814796	0
0	-0.0241896	-0.0483697	-0.0725307	-0.096663	-0.120757	-0.144804	-0.168793	-0.192716	-0.216562	-0.240323	-0.263989	-0.287552	-0.311	-0.334326	-0.357521	-0.380574	-0.403477	-0.426222	-0.448799	-0.471199	-0.493413	-0.515434	-0.537252	-0.558859	-0.580247	-0.601407	-0.622331	-0.64301	-0.663438	-0.683607	-0.703507	-0.723133	-0.742476	-0.761528	-0.780284	-0.798736	-0.816876	-0.834698	-0.852195	-0.869361	-0.886189	-0.902674	-0.918808	-0.934587	-0.950004	-0.965054	-0.979731	-0.99403	-1.00795	-1.02147	-1.03461	-1.04735	-1.05969	-1.07162	-1.08314	-1.09425	-1.10493	-1.1152	-1.12505	-1.13447	-1.14345	-1.15201	-1.16013	-1.16781	-1.17505	-1.18185	-1.1882	-1.19411	-1.19957	-1.20459	-1.20915	-1.21327	-1.21693	-1.22015	-1.22291	-1.22523	-1.22709	-1.2285	-1.22946	-1.22997	-1.23004	-1.22965	-1.22882	-1.22755	-1.22583	-1.22368	-1.22108	-1.21805	-1.21459	-1.21069	-1.20636	-1.20161	-1.19644	-1.19085	-1.18484	-1.17842	-1.17159	-1.16436	-1.15673	-1.1487	-1.14028	-1.13148	-1.12229	-1.11273	-1.10279	-1.09249	-1.08183	-1.07081	-1.05945	-1.04774	-1.03569	-1.02331	-1.0106	-0.997573	-0.984233	-0.970587	-0.956641	-0.942402	-0.927876	-0.913071	-0.897994	-0.882652	-0.867051	-0.8512	-0.835106	-0.818776	-0.802218	-0.785439	-0.768447	-0.75125	-0.733856	-0.716273	-0.698508	-0.680569	-0.662465	-0.644204	-0.625793	-0.607241	-0.588555	-0.569745	-0.550818	-0.531782	-0.512646	-0.493418	-0.474106	-0.454719	-0.435264	-0.415749	-0.396184	-0.376576	-0.356933	-0.337264	-0.317576	-0.297878	-0.278178	-0.258483	-0.238803	-0.219143	-0.199514	-0.179921	-0.160374	-0.140879	-0.121445	-0.102079	-0.0827887	-0.063581	-0.0444635	-0.0254435	-0.00652827	0.0122752	0.0309599	0.0495189	0.0679455	0.0862328	0.104374	0.122363	0.140194	0.157859	0.175354	0.192671	0.209805	0.226749	0.2435	0.26005	0.276394	0.292527	0.308444	0.32414	0.33961	0.354848	0.369851	0.384615	0.399133	0.413403	0.42742	0.441181	0.454681	0.467918	0.480886	0.493584	0.506008	0.518155	0.530022	0.541606	0.552906	0.563917	0.574639	0.585069	0.595205	0.605045	0.614588	0.623832	0.632776	0.641419	0.649759	0.657797	0.66553	0.672959	0.680084	0.686903	0.693417	0.699626	0.705531	0.711131	0.716426	0.721419	0.726109	0.730497	0.734585	0.738374	0.741864	0.745058	0.747958	0.750564	0.752879	0.754906	0.756645	0.758099	0.759272	0.760164	0.76078	0.761121	0.761191	0.760993	0.760529	0.759804	0.758819	0.75758	0.756088	0.754349	0.752365	0.750141	0.74768	0.744986	0.742064	0.738917	0.73555	0.731967	0.728173	0.724172	0.719968	0.715567	0.710972	0.706189	0.701221	0.696075	0.690755	0.685265	0.679611	0.673798	0.667831	0.661714	0.655453	0.649053	0.642519	0.635856	0.629069	0.622164	0.615146	0.608019	0.60079	0.593462	0.586043	0.578535	0.570945	0.563279	0.55554	0.547734	0.539866	0.531942	0.523966	0.515943	0.507879	0.499778	0.491644	0.483484	0.475302	0.467102	0.458889	0.450668	0.442443	0.43422	0.426002	0.417793	0.409599	0.401424	0.393271	0.385145	0.37705	0.368989	0.360968	0.352989	0.345056	0.337173	0.329344	0.321572	0.31386	0.306212	0.29863	0.291119	0.28368	0.276318	0.269033	0.261831	0.254712	0.24768	0.240736	0.233884	0.227125	0.220461	0.213895	0.207428	0.201062	0.194799	0.188639	0.182586	0.176639	0.1708	0.16507	0.159451	0.153943	0.148546	0.143262	0.13809	0.133032	0.128088	0.123257	0.118541	0.113939	0.10945	0.105075	0.100813	0.0966646	0.0926281	0.0887033	0.0848894	0.0811856	0.077591	0.0741044	0.0707248	0.0674508	0.0642812	0.0612146	0.0582494	0.055384	0.0526167	0.0499458	0.0473693	0.0448853	0.0424919	0.0401868	0.0379679	0.0358329	0.0337795	0.0318053	0.0299079	0.0280846	0.0263329	0.0246501	0.0230336	0.0214804	0.0199879	0.018553	0.017173	0.0158447	0.0145652	0.0133315	0.0121403	0.0109887	0.00987327	0.008791	0.00773859	0.00671279	0.00571034	0.00472792	0.00376223	0.00280993	0.0018677	0.00093217	0
0	-0.0230418	-0.0460737	-0.0690855	-0.0920673	-0.115009	-0.137901	-0.160733	-0.183495	-0.206178	-0.228771	-0.251265	-0.27365	-0.295916	-0.318054	-0.340054	-0.361907	-0.383603	-0.405132	-0.426487	-0.447656	-0.468632	-0.489405	-0.509967	-0.530308	-0.55042	-0.570295	-0.589923	-0.609297	-0.628407	-0.647248	-0.665809	-0.684084	-0.702064	-0.719742	-0.737112	-0.754164	-0.770893	-0.787292	-0.803353	-0.81907	-0.834436	-0.849446	-0.864093	-0.878371	-0.892274	-0.905798	-0.918936	-0.931682	-0.944034	-0.955984	-0.967529	-0.978665	-0.989386	-0.99969	-1.00957	-1.01903	-1.02805	-1.03665	-1.04481	-1.05253	-1.05981	-1.06664	-1.07304	-1.07898	-1.08447	-1.08952	-1.09411	-1.09825	-1.10193	-1.10516	-1.10793	-1.11025	-1.11211	-1.11352	-1.11447	-1.11496	-1.11501	-1.11459	-1.11373	-1.11242	-1.11065	-1.10844	-1.10579	-1.10269	-1.09915	-1.09518	-1.09077	-1.08592	-1.08065	-1.07496	-1.06884	-1.0623	-1.05535	-1.04799	-1.04023	-1.03206	-1.0235	-1.01455	-1.00521	-0.995493	-0.985399	-0.974935	-0.964107	-0.952921	-0.941383	-0.929499	-0.917276	-0.90472	-0.891837	-0.878635	-0.86512	-0.8513	-0.837181	-0.822771	-0.808078	-0.793108	-0.77787	-0.762371	-0.746619	-0.730622	-0.714389	-0.697926	-0.681243	-0.664347	-0.647248	-0.629953	-0.612471	-0.594811	-0.576981	-0.55899	-0.540847	-0.52256	-0.504138	-0.485591	-0.466926	-0.448154	-0.429283	-0.410321	-0.391278	-0.372164	-0.352986	-0.333754	-0.314477	-0.295163	-0.275823	-0.256464	-0.237096	-0.217727	-0.198367	-0.179024	-0.159707	-0.140424	-0.121185	-0.101999	-0.0828726	-0.0638157	-0.0448363	-0.0259429	-0.00714388	0.0115527	0.0301386	0.0486058	0.0669464	0.0851524	0.103216	0.12113	0.138886	0.156477	0.173896	0.191136	0.208189	0.225048	0.241707	0.258159	0.274397	0.290414	0.306206	0.321764	0.337084	0.352159	0.366984	0.381554	0.395861	0.409903	0.423672	0.437165	0.450377	0.463303	0.475938	0.488279	0.50032	0.51206	0.523492	0.534615	0.545424	0.555916	0.566088	0.575938	0.585463	0.59466	0.603527	0.612061	0.620261	0.628126	0.635652	0.64284	0.649688	0.656194	0.662358	0.66818	0.673658	0.678793	0.683585	0.688032	0.692137	0.695899	0.699318	0.702396	0.705134	0.707532	0.709593	0.711316	0.712705	0.713761	0.714487	0.714883	0.714953	0.714699	0.714124	0.71323	0.712021	0.710499	0.708669	0.706533	0.704095	0.701359	0.698328	0.695008	0.691401	0.687512	0.683346	0.678907	0.674199	0.669229	0.663999	0.658517	0.652786	0.646812	0.6406	0.634157	0.627486	0.620595	0.613488	0.606172	0.598652	0.590935	0.583027	0.574933	0.56666	0.558214	0.549602	0.54083	0.531905	0.522832	0.513619	0.504272	0.494797	0.485202	0.475493	0.465677	0.45576	0.44575	0.435652	0.425474	0.415223	0.404905	0.394528	0.384097	0.373619	0.363102	0.352553	0.341977	0.331381	0.320773	0.310158	0.299543	0.288935	0.278341	0.267766	0.257217	0.246701	0.236223	0.22579	0.215408	0.205082	0.19482	0.184627	0.174508	0.16447	0.154517	0.144656	0.134893	0.125231	0.115677	0.106236	0.096913	0.0877125	0.0786396	0.0696989	0.0608951	0.0522327	0.0437159	0.0353491	0.0271363	0.0190815	0.0111886	0.00346118	-0.00409709	-0.0114828	-0.0186926	-0.0257234	-0.0325722	-0.039236	-0.0457122	-0.051998	-0.0580912	-0.0639894	-0.0696905	-0.0751924	-0.0804933	-0.0855915	-0.0904855	-0.0951738	-0.0996553	-0.103929	-0.107993	-0.111848	-0.115493	-0.118927	-0.12215	-0.125161	-0.127961	-0.13055	-0.132928	-0.135096	-0.137054	-0.138803	-0.140343	-0.141677	-0.142804	-0.143727	-0.144446	-0.144964	-0.145282	-0.145402	-0.145327	-0.145057	-0.144596	-0.143947	-0.14311	-0.14209	-0.14089	-0.139511	-0.137958	-0.136233	-0.134339	-0.132281	-0.130062	-0.127685	-0.125154	-0.122473	-0.119646	-0.116677	-0.11357	-0.11033	-0.106961	-0.103467	-0.0998533	-0.0961238	-0.0922835	-0.0883372	-0.0842897	-0.080146	-0.0759109	-0.0715896	-0.0671872	-0.0627088	-0.0581596	-0.0535449	-0.0488699	-0.0441402	-0.0393609	-0.0345375	-0.0296755	-0.0247804	-0.0198576	-0.0149126	-0.00995096	-0.00497826	0
0	-0.0179559	-0.0359033	-0.0538336	-0.0717383	-0.0896089	-0.107437	-0.125214	-0.142931	-0.16058	-0.178153	-0.195641	-0.213037	-0.23033	-0.247515	-0.264582	-0.281523	-0.29833	-0.314996	-0.331512	-0.347871	-0.364064	-0.380085	-0.395926	-0.411579	-0.427037	-0.442292	-0.457338	-0.472167	-0.486773	-0.501149	-0.515287	-0.529182	-0.542827	-0.556215	-0.569341	-0.582198	-0.59478	-0.607083	-0.619099	-0.630823	-0.642251	-0.653376	-0.664194	-0.674701	-0.68489	-0.694759	-0.704301	-0.713514	-0.722392	-0.730933	-0.739132	-0.746986	-0.754491	-0.761644	-0.768443	-0.774884	-0.780965	-0.786683	-0.792035	-0.797021	-0.801638	-0.805884	-0.809757	-0.813257	-0.816381	-0.81913	-0.821503	-0.823497	-0.825115	-0.826354	-0.827215	-0.827699	-0.827805	-0.827534	-0.826888	-0.825865	-0.824469	-0.8227	-0.820559	-0.818049	-0.815171	-0.811927	-0.808319	-0.80435	-0.800022	-0.795339	-0.790302	-0.784916	-0.779182	-0.773106	-0.76669	-0.759938	-0.752854	-0.745443	-0.737708	-0.729653	-0.721284	-0.712606	-0.703622	-0.694339	-0.68476	-0.674893	-0.664741	-0.65431	-0.643608	-0.632638	-0.621407	-0.609921	-0.598187	-0.58621	-0.573998	-0.561556	-0.548892	-0.536012	-0.522922	-0.509631	-0.496144	-0.48247	-0.468614	-0.454586	-0.440391	-0.426037	-0.411533	-0.396884	-0.3821	-0.367187	-0.352154	-0.337008	-0.321756	-0.306408	-0.29097	-0.275451	-0.259859	-0.244201	-0.228485	-0.21272	-0.196914	-0.181074	-0.165208	-0.149325	-0.133432	-0.117538	-0.10165	-0.0857768	-0.0699256	-0.0541045	-0.0383214	-0.0225842	-0.00690045	0.00872198	0.0242754	0.0397523	0.055145	0.0704461	0.0856481	0.100744	0.115726	0.130586	0.145319	0.159917	0.174373	0.188679	0.20283	0.216819	0.230638	0.244283	0.257745	0.271019	0.2841	0.29698	0.309654	0.322116	0.334361	0.346383	0.358177	0.369737	0.381058	0.392136	0.402965	0.413542	0.423861	0.433917	0.443708	0.453228	0.462475	0.471443	0.48013	0.488532	0.496645	0.504468	0.511996	0.519227	0.526158	0.532788	0.539113	0.545132	0.550842	0.556243	0.561332	0.566107	0.570569	0.574715	0.578545	0.582058	0.585253	0.588131	0.590691	0.592933	0.594857	0.596464	0.597753	0.598727	0.599385	0.599729	0.599759	0.599478	0.598887	0.597987	0.59678	0.595269	0.593455	0.591341	0.58893	0.586224	0.583225	0.579938	0.576365	0.572509	0.568374	0.563963	0.55928	0.554329	0.549115	0.54364	0.53791	0.531928	0.5257	0.51923	0.512522	0.505582	0.498415	0.491025	0.483419	0.4756	0.467576	0.459351	0.450931	0.442321	0.433528	0.424558	0.415416	0.406108	0.396641	0.387021	0.377254	0.367347	0.357306	0.347137	0.336847	0.326442	0.31593	0.305316	0.294608	0.283813	0.272936	0.261985	0.250967	0.239888	0.228755	0.217576	0.206356	0.195104	0.183825	0.172527	0.161216	0.149899	0.138584	0.127276	0.115984	0.104712	0.0934689	0.0822604	0.0710933	0.0599742	0.0489096	0.0379061	0.02697	0.0161078	0.00532568	-0.00537005	-0.0159732	-0.0264778	-0.0368776	-0.0471669	-0.0573397	-0.0673903	-0.0773129	-0.0871021	-0.0967522	-0.106258	-0.115614	-0.124815	-0.133857	-0.142733	-0.15144	-0.159972	-0.168325	-0.176495	-0.184476	-0.192266	-0.199859	-0.207252	-0.21444	-0.221421	-0.228191	-0.234745	-0.241082	-0.247197	-0.253087	-0.258751	-0.264185	-0.269386	-0.274353	-0.279082	-0.283572	-0.287821	-0.291827	-0.295588	-0.299103	-0.30237	-0.305389	-0.308158	-0.310677	-0.312945	-0.31496	-0.316724	-0.318235	-0.319494	-0.3205	-0.321254	-0.321756	-0.322008	-0.322009	-0.32176	-0.321263	-0.320518	-0.319528	-0.318293	-0.316816	-0.315097	-0.313139	-0.310945	-0.308515	-0.305854	-0.302962	-0.299844	-0.296501	-0.292937	-0.289155	-0.285158	-0.280949	-0.276532	-0.271911	-0.267089	-0.26207	-0.256858	-0.251457	-0.245872	-0.240107	-0.234166	-0.228054	-0.221775	-0.215334	-0.208737	-0.201988	-0.195092	-0.188054	-0.18088	-0.173575	-0.166144	-0.158593	-0.150927	-0.143152	-0.135273	-0.127297	-0.119229	-0.111075	-0.102841	-0.0945332	-0.0861571	-0.077719	-0.0692249	-0.0606811	-0.0520936	-0.0434686	-0.0348125	-0.0261313	-0.0174313	-0.00871877	0
0	-0.00951057	-0.0190158	-0.0285103	-0.0379888	-0.0474458	-0.0568762	-0.0662745	-0.0756355	-0.0849539	-0.0942244	-0.103442	-0.112601	-0.121697	-0.130724	-0.139678	-0.148553	-0.157344	-0.166047	-0.174656	-0.183167	-0.191574	-0.199874	-0.208061	-0.216131	-0.224079	-0.231901	-0.239592	-0.247148	-0.254565	-0.261838	-0.268964	-0.275939	-0.282757	-0.289417	-0.295913	-0.302243	-0.308402	-0.314387	-0.320195	-0.325822	-0.331266	-0.336523	-0.34159	-0.346465	-0.351144	-0.355625	-0.359905	-0.363982	-0.367854	-0.371519	-0.374973	-0.378216	-0.381246	-0.38406	-0.386658	-0.389037	-0.391196	-0.393135	-0.394851	-0.396344	-0.397614	-0.398658	-0.399478	-0.400071	-0.400439	-0.40058	-0.400494	-0.400182	-0.399643	-0.398879	-0.397888	-0.396673	-0.395232	-0.393568	-0.391681	-0.389572	-0.387243	-0.384693	-0.381926	-0.378942	-0.375743	-0.372331	-0.368708	-0.364875	-0.360835	-0.35659	-0.352142	-0.347494	-0.342648	-0.337608	-0.332375	-0.326953	-0.321344	-0.315552	-0.309581	-0.303432	-0.297111	-0.290619	-0.283962	-0.277141	-0.270163	-0.263029	-0.255745	-0.248313	-0.240739	-0.233027	-0.22518	-0.217204	-0.209102	-0.200879	-0.19254	-0.18409	-0.175532	-0.166872	-0.158115	-0.149265	-0.140328	-0.131308	-0.122211	-0.113041	-0.103804	-0.0945045	-0.0851481	-0.0757399	-0.0662851	-0.0567891	-0.0472571	-0.0376944	-0.0281065	-0.0184986	-0.00887607	0.000755638	0.0103912	0.0200251	0.0296522	0.0392669	0.0488639	0.0584378	0.0679832	0.0774949	0.0869675	0.0963957	0.105774	0.115098	0.124361	0.133559	0.142687	0.151739	0.16071	0.169595	0.17839	0.187089	0.195688	0.204181	0.212564	0.220832	0.228981	0.237005	0.244901	0.252664	0.26029	0.267774	0.275111	0.282299	0.289333	0.296208	0.302922	0.30947	0.315848	0.322054	0.328082	0.333931	0.339597	0.345075	0.350365	0.355461	0.360362	0.365065	0.369567	0.373865	0.377957	0.381841	0.385514	0.388974	0.392219	0.395248	0.398059	0.40065	0.403019	0.405165	0.407087	0.408784	0.410254	0.411497	0.412512	0.413299	0.413856	0.414184	0.414283	0.414151	0.413789	0.413198	0.412377	0.411326	0.410048	0.408541	0.406807	0.404846	0.402661	0.400251	0.397618	0.394763	0.391689	0.388396	0.384886	0.381161	0.377224	0.373076	0.36872	0.364157	0.359391	0.354424	0.349258	0.343897	0.338343	0.332599	0.326669	0.320555	0.314262	0.307792	0.301149	0.294336	0.287357	0.280217	0.272919	0.265466	0.257864	0.250116	0.242226	0.234199	0.226039	0.217751	0.209339	0.200808	0.192162	0.183406	0.174545	0.165584	0.156528	0.147382	0.13815	0.128838	0.119452	0.109995	0.100473	0.0908924	0.0812573	0.0715733	0.0618457	0.05208	0.0422814	0.0324553	0.0226073	0.0127426	0.00286679	-0.00701475	-0.0168966	-0.0267732	-0.0366392	-0.0464892	-0.0563177	-0.0661193	-0.0758885	-0.08562	-0.0953085	-0.104948	-0.114535	-0.124062	-0.133525	-0.142918	-0.152237	-0.161476	-0.170629	-0.179693	-0.188662	-0.19753	-0.206294	-0.214948	-0.223487	-0.231907	-0.240203	-0.248371	-0.256405	-0.264302	-0.272057	-0.279666	-0.287124	-0.294428	-0.301573	-0.308556	-0.315372	-0.322018	-0.32849	-0.334785	-0.340898	-0.346828	-0.352569	-0.358119	-0.363476	-0.368635	-0.373595	-0.378352	-0.382904	-0.387248	-0.391381	-0.395303	-0.399009	-0.402498	-0.405769	-0.408819	-0.411647	-0.414251	-0.416629	-0.418781	-0.420705	-0.422399	-0.423864	-0.425097	-0.4261	-0.426869	-0.427407	-0.427711	-0.427782	-0.42762	-0.427224	-0.426596	-0.425734	-0.424641	-0.423316	-0.421759	-0.419973	-0.417957	-0.415713	-0.413242	-0.410545	-0.407625	-0.404481	-0.401117	-0.397533	-0.393732	-0.389716	-0.385487	-0.381048	-0.3764	-0.371546	-0.366489	-0.361232	-0.355777	-0.350128	-0.344288	-0.338259	-0.332045	-0.325649	-0.319075	-0.312327	-0.305408	-0.298322	-0.291073	-0.283664	-0.2761	-0.268385	-0.260524	-0.252519	-0.244377	-0.236101	-0.227695	-0.219165	-0.210515	-0.20175	-0.192874	-0.183893	-0.174811	-0.165634	-0.156365	-0.147011	-0.137577	-0.128067	-0.118488	-0.108843	-0.0991387	-0.0893802	-0.0795728	-0.0697217	-0.0598325	-0.0499106	-0.0399613	-0.0299901	-0.0200026	-0.010004	0
0	0.0010376	0.0020762	0.00311678	0.00416034	0.00520786	0.00626032	0.00731872	0.00838401	0.00945717	0.0105392	0.0116309	0.0127334	0.0138475	0.0149742	0.0161144	0.017269	0.0184388	0.0196247	0.0208276	0.0220483	0.0232877	0.0245465	0.0258255	0.0271254	0.0284471	0.0297912	0.0311585	0.0325496	0.0339651	0.0354057	0.0368721	0.0383647	0.0398841	0.0414309	0.0430055	0.0446085	0.0462402	0.0479011	0.0495916	0.0513119	0.0530625	0.0548437	0.0566556	0.0584985	0.0603726	0.0622781	0.0642151	0.0661836	0.0681838	0.0702157	0.0722792	0.0743744	0.076501	0.0786591	0.0808485	0.0830689	0.0853202	0.0876021	0.0899143	0.0922565	0.0946283	0.0970293	0.099459	0.101917	0.104403	0.106916	0.109455	0.112021	0.114612	0.117228	0.119867	0.12253	0.125215	0.127922	0.130649	0.133396	0.136162	0.138946	0.141747	0.144563	0.147394	0.150239	0.153097	0.155965	0.158844	0.161732	0.164628	0.16753	0.170437	0.173348	0.176261	0.179176	0.18209	0.185002	0.187911	0.190816	0.193714	0.196604	0.199485	0.202355	0.205213	0.208057	0.210885	0.213696	0.216488	0.219259	0.222008	0.224733	0.227432	0.230104	0.232747	0.235359	0.237939	0.240484	0.242994	0.245465	0.247897	0.250288	0.252636	0.254939	0.257196	0.259404	0.261562	0.263669	0.265722	0.26772	0.26966	0.271543	0.273364	0.275124	0.27682	0.278451	0.280015	0.28151	0.282934	0.284287	0.285566	0.286771	0.287898	0.288948	0.289918	0.290807	0.291614	0.292336	0.292973	0.293524	0.293986	0.29436	0.294642	0.294833	0.294931	0.294934	0.294843	0.294654	0.294369	0.293984	0.293501	0.292916	0.292231	0.291443	0.290552	0.289557	0.288458	0.287253	0.285942	0.284525	0.283001	0.281369	0.279629	0.27778	0.275823	0.273757	0.271581	0.269295	0.2669	0.264394	0.261779	0.259054	0.256218	0.253273	0.250218	0.247054	0.24378	0.240397	0.236906	0.233306	0.229599	0.225785	0.221864	0.217837	0.213704	0.209467	0.205127	0.200683	0.196137	0.191491	0.186744	0.181898	0.176955	0.171915	0.166779	0.161549	0.156227	0.150813	0.145309	0.139716	0.134037	0.128272	0.122423	0.116493	0.110482	0.104393	0.0982265	0.0919856	0.0856719	0.0792873	0.0728338	0.0663136	0.0597286	0.0530812	0.0463734	0.0396074	0.0327857	0.0259105	0.018984	0.0120089	0.00498735	-0.00207804	-0.00918482	-0.0163304	-0.0235124	-0.030728	-0.0379746	-0.0452497	-0.0525505	-0.0598744	-0.0672185	-0.0745802	-0.0819566	-0.0893449	-0.0967424	-0.104146	-0.111553	-0.118961	-0.126366	-0.133766	-0.141158	-0.148539	-0.155906	-0.163255	-0.170585	-0.177892	-0.185172	-0.192424	-0.199644	-0.206829	-0.213976	-0.221083	-0.228145	-0.235161	-0.242127	-0.249041	-0.255899	-0.262698	-0.269436	-0.276109	-0.282715	-0.289251	-0.295714	-0.302101	-0.308409	-0.314636	-0.320778	-0.326834	-0.3328	-0.338673	-0.344451	-0.350131	-0.355711	-0.361188	-0.36656	-0.371823	-0.376976	-0.382017	-0.386941	-0.391748	-0.396436	-0.401001	-0.405441	-0.409755	-0.41394	-0.417994	-0.421915	-0.425701	-0.42935	-0.432861	-0.436231	-0.439458	-0.442542	-0.445479	-0.44827	-0.450911	-0.453402	-0.455741	-0.457926	-0.459957	-0.461833	-0.463551	-0.46511	-0.466511	-0.467751	-0.46883	-0.469747	-0.470501	-0.471091	-0.471516	-0.471777	-0.471872	-0.471802	-0.471564	-0.47116	-0.470589	-0.469851	-0.468945	-0.467872	-0.466632	-0.465224	-0.463648	-0.461906	-0.459997	-0.457922	-0.455681	-0.453274	-0.450703	-0.447967	-0.445068	-0.442006	-0.438782	-0.435398	-0.431853	-0.428149	-0.424288	-0.42027	-0.416096	-0.411769	-0.407289	-0.402658	-0.397877	-0.392948	-0.387873	-0.382653	-0.37729	-0.371786	-0.366143	-0.360362	-0.354447	-0.348398	-0.342219	-0.335911	-0.329476	-0.322917	-0.316236	-0.309436	-0.302519	-0.295487	-0.288344	-0.281091	-0.273732	-0.266269	-0.258705	-0.251043	-0.243285	-0.235435	-0.227495	-0.219469	-0.211358	-0.203168	-0.1949	-0.186557	-0.178144	-0.169662	-0.161115	-0.152507	-0.143841	-0.13512	-0.126347	-0.117525	-0.108659	-0.0997507	-0.0908045	-0.0818236	-0.0728112	-0.063771	-0.0547063	-0.0456207	-0.0365175	-0.0274004	-0.0182728	-0.00913814	0
0	0.0119706	0.0239376	0.035897	0.0478452	0.0597785	0.0716932	0.0835855	0.0954516	0.107288	0.119091	0.130857	0.142582	0.154262	0.165895	0.177476	0.189001	0.200468	0.211872	0.22321	0.234479	0.245674	0.256794	0.267833	0.27879	0.289659	0.300439	0.311126	0.321716	0.332206	0.342593	0.352874	0.363046	0.373106	0.38305	0.392876	0.402581	0.412161	0.421614	0.430937	0.440127	0.449182	0.458099	0.466875	0.475507	0.483994	0.492332	0.500519	0.508553	0.516432	0.524152	0.531713	0.539111	0.546345	0.553413	0.560312	0.567042	0.573599	0.579982	0.586189	0.592219	0.598071	0.603741	0.60923	0.614535	0.619656	0.62459	0.629337	0.633896	0.638264	0.642442	0.646429	0.650223	0.653823	0.65723	0.660441	0.663457	0.666277	0.6689	0.671326	0.673554	0.675585	0.677417	0.679052	0.680488	0.681725	0.682764	0.683605	0.684248	0.684693	0.68494	0.684989	0.684842	0.684498	0.683959	0.683224	0.682294	0.68117	0.679854	0.678344	0.676644	0.674753	0.672672	0.670403	0.667947	0.665305	0.662479	0.659469	0.656276	0.652903	0.649352	0.645622	0.641716	0.637637	0.633384	0.628961	0.624368	0.619608	0.614683	0.609595	0.604345	0.598935	0.593368	0.587647	0.581772	0.575746	0.569572	0.563251	0.556787	0.550181	0.543436	0.536554	0.529538	0.522391	0.515114	0.50771	0.500183	0.492534	0.484767	0.476884	0.468887	0.46078	0.452565	0.444246	0.435824	0.427303	0.418685	0.409974	0.401173	0.392283	0.383309	0.374253	0.365118	0.355908	0.346624	0.33727	0.327849	0.318365	0.308819	0.299215	0.289557	0.279847	0.270087	0.260282	0.250434	0.240546	0.230622	0.220664	0.210674	0.200658	0.190616	0.180553	0.170471	0.160373	0.150262	0.140141	0.130014	0.119882	0.10975	0.0996189	0.0894927	0.0793741	0.0692659	0.0591708	0.0490918	0.0390316	0.028993	0.0189786	0.00899128	-0.00096635	-0.0108916	-0.0207819	-0.0306345	-0.0404469	-0.0502165	-0.0599408	-0.0696173	-0.0792436	-0.0888171	-0.0983355	-0.107796	-0.117198	-0.126536	-0.135811	-0.145019	-0.154158	-0.163226	-0.17222	-0.18114	-0.189982	-0.198744	-0.207426	-0.216024	-0.224537	-0.232962	-0.241299	-0.249545	-0.257699	-0.265758	-0.273721	-0.281587	-0.289354	-0.29702	-0.304585	-0.312045	-0.3194	-0.326649	-0.33379	-0.340822	-0.347744	-0.354554	-0.361251	-0.367835	-0.374303	-0.380656	-0.386891	-0.393008	-0.399007	-0.404885	-0.410643	-0.416279	-0.421793	-0.427185	-0.432452	-0.437595	-0.442613	-0.447506	-0.452273	-0.456913	-0.461427	-0.465813	-0.470072	-0.474202	-0.478205	-0.482078	-0.485823	-0.48944	-0.492927	-0.496285	-0.499514	-0.502613	-0.505584	-0.508425	-0.511137	-0.51372	-0.516174	-0.5185	-0.520697	-0.522766	-0.524707	-0.526521	-0.528207	-0.529766	-0.531199	-0.532505	-0.533686	-0.534742	-0.535672	-0.536479	-0.537162	-0.537723	-0.53816	-0.538476	-0.538671	-0.538746	-0.538701	-0.538536	-0.538254	-0.537854	-0.537337	-0.536705	-0.535957	-0.535095	-0.53412	-0.533032	-0.531833	-0.530523	-0.529104	-0.527576	-0.52594	-0.524197	-0.522348	-0.520394	-0.518337	-0.516177	-0.513915	-0.511552	-0.50909	-0.506529	-0.503871	-0.501116	-0.498267	-0.495322	-0.492285	-0.489156	-0.485936	-0.482626	-0.479228	-0.475742	-0.47217	-0.468513	-0.464772	-0.460948	-0.457042	-0.453056	-0.448991	-0.444847	-0.440627	-0.43633	-0.431959	-0.427514	-0.422997	-0.418409	-0.413751	-0.409024	-0.404229	-0.399368	-0.394441	-0.38945	-0.384397	-0.379281	-0.374104	-0.368868	-0.363574	-0.358222	-0.352814	-0.347351	-0.341834	-0.336264	-0.330642	-0.32497	-0.319249	-0.313479	-0.307662	-0.301798	-0.29589	-0.289937	-0.283942	-0.277905	-0.271827	-0.265709	-0.259553	-0.253359	-0.247128	-0.240862	-0.234561	-0.228227	-0.221861	-0.215463	-0.209035	-0.202577	-0.196091	-0.189577	-0.183037	-0.176472	-0.169882	-0.163269	-0.156634	-0.149976	-0.143299	-0.136601	-0.129886	-0.123152	-0.116402	-0.109636	-0.102855	-0.0960605	-0.0892529	-0.0824333	-0.0756026	-0.0687618	-0.0619118	-0.0550536	-0.0481879	-0.0413159	-0.0344383	-0.0275562	-0.0206703	-0.0137817	-0.00689133	0
0	0.0214269	0.0428459	0.064249	0.0856284	0.106976	0.128284	0.149545	0.17075	0.191892	0.212963	0.233955	0.254861	0.275673	0.296383	0.316983	0.337466	0.357825	0.378052	0.398139	0.418079	0.437865	0.45749	0.476946	0.496227	0.515325	0.534234	0.552946	0.571455	0.589754	0.607837	0.625697	0.643328	0.660723	0.677877	0.694782	0.711434	0.727826	0.743952	0.759808	0.775386	0.790683	0.805691	0.820408	0.834826	0.848942	0.862751	0.876248	0.889428	0.902286	0.91482	0.927024	0.938895	0.950428	0.961621	0.972469	0.982969	0.993117	1.00291	1.01235	1.02142	1.03014	1.03849	1.04647	1.05408	1.06132	1.06818	1.07467	1.08078	1.08651	1.09186	1.09683	1.10142	1.10563	1.10945	1.11289	1.11594	1.11861	1.12089	1.12279	1.1243	1.12543	1.12617	1.12654	1.12652	1.12612	1.12534	1.12418	1.12264	1.12073	1.11845	1.11579	1.11276	1.10937	1.10561	1.10149	1.09701	1.09217	1.08698	1.08143	1.07554	1.06931	1.06273	1.05581	1.04856	1.04098	1.03308	1.02485	1.0163	1.00744	0.998271	0.988796	0.979021	0.96895	0.958588	0.94794	0.937012	0.925807	0.914332	0.902592	0.890592	0.878337	0.865834	0.853087	0.840103	0.826886	0.813444	0.799782	0.785906	0.771822	0.757537	0.743055	0.728384	0.71353	0.698498	0.683296	0.66793	0.652407	0.636731	0.620912	0.604953	0.588864	0.572649	0.556315	0.53987	0.523319	0.50667	0.489928	0.473102	0.456196	0.439219	0.422176	0.405074	0.387921	0.370721	0.353483	0.336212	0.318916	0.3016	0.284272	0.266937	0.249602	0.232274	0.214959	0.197663	0.180392	0.163153	0.145952	0.128795	0.111688	0.0946373	0.0776484	0.0607273	0.0438801	0.0271122	0.0104296	-0.00616231	-0.0226579	-0.0390517	-0.0553384	-0.0715126	-0.0875691	-0.103503	-0.119309	-0.134982	-0.150517	-0.16591	-0.181156	-0.19625	-0.211188	-0.225965	-0.240577	-0.25502	-0.26929	-0.283383	-0.297295	-0.311022	-0.32456	-0.337907	-0.351057	-0.364009	-0.376759	-0.389304	-0.401641	-0.413766	-0.425678	-0.437373	-0.448849	-0.460103	-0.471134	-0.481939	-0.492515	-0.502862	-0.512977	-0.522858	-0.532504	-0.541913	-0.551084	-0.560016	-0.568707	-0.577157	-0.585364	-0.593328	-0.601049	-0.608524	-0.615755	-0.622741	-0.629481	-0.635975	-0.642224	-0.648227	-0.653985	-0.659498	-0.664766	-0.669791	-0.674572	-0.67911	-0.683407	-0.687463	-0.691278	-0.694856	-0.698196	-0.701299	-0.704168	-0.706804	-0.709208	-0.711383	-0.713329	-0.71505	-0.716546	-0.71782	-0.718873	-0.719709	-0.72033	-0.720737	-0.720933	-0.720921	-0.720703	-0.720282	-0.71966	-0.718841	-0.717826	-0.71662	-0.715225	-0.713643	-0.711878	-0.709933	-0.707812	-0.705516	-0.70305	-0.700417	-0.69762	-0.694662	-0.691546	-0.688277	-0.684857	-0.68129	-0.67758	-0.673729	-0.669742	-0.665622	-0.661372	-0.656996	-0.652498	-0.64788	-0.643148	-0.638304	-0.633352	-0.628295	-0.623138	-0.617883	-0.612534	-0.607095	-0.601569	-0.59596	-0.590272	-0.584507	-0.57867	-0.572763	-0.566791	-0.560756	-0.554663	-0.548513	-0.542312	-0.536061	-0.529765	-0.523426	-0.517048	-0.510633	-0.504186	-0.497708	-0.491203	-0.484674	-0.478124	-0.471556	-0.464972	-0.458375	-0.451768	-0.445154	-0.438534	-0.431913	-0.425292	-0.418673	-0.41206	-0.405453	-0.398857	-0.392272	-0.3857	-0.379145	-0.372607	-0.366089	-0.359593	-0.35312	-0.346672	-0.340251	-0.333859	-0.327496	-0.321164	-0.314865	-0.308599	-0.302369	-0.296175	-0.290019	-0.283901	-0.277822	-0.271783	-0.265786	-0.25983	-0.253916	-0.248045	-0.242218	-0.236435	-0.230696	-0.225002	-0.219353	-0.213749	-0.20819	-0.202676	-0.197208	-0.191785	-0.186407	-0.181073	-0.175784	-0.17054	-0.165339	-0.160182	-0.155067	-0.149995	-0.144965	-0.139976	-0.135027	-0.130118	-0.125247	-0.120415	-0.115619	-0.11086	-0.106135	-0.101444	-0.0967867	-0.0921607	-0.0875654	-0.0829993	-0.0784614	-0.0739503	-0.0694648	-0.0650034	-0.0605648	-0.0561477	-0.0517506	-0.047372	-0.0430105	-0.0386646	-0.0343328	-0.0300135	-0.0257053	-0.0214066	-0.0171157	-0.0128312	-0.00855151	-0.00427496	0
0	0.0277558	0.0555008	0.0832243	0.110915	0.138563	0.166158	0.193688	0.221142	0.248511	0.275783	0.302949	0.329997	0.356916	0.383698	0.410331	0.436805	0.463109	0.489235	0.515171	0.540908	0.566435	0.591744	0.616823	0.641665	0.666259	0.690596	0.714667	0.738462	0.761973	0.78519	0.808105	0.83071	0.852995	0.874953	0.896576	0.917854	0.938781	0.959349	0.97955	0.999377	1.01882	1.03788	1.05654	1.0748	1.09265	1.11008	1.1271	1.14368	1.15983	1.17555	1.19082	1.20564	1.22001	1.23391	1.24736	1.26033	1.27283	1.28486	1.29641	1.30747	1.31804	1.32812	1.33771	1.34681	1.3554	1.3635	1.37109	1.37817	1.38475	1.39082	1.39638	1.40144	1.40597	1.41	1.41352	1.41652	1.41901	1.42099	1.42246	1.42341	1.42386	1.4238	1.42323	1.42215	1.42057	1.41849	1.41591	1.41283	1.40926	1.4052	1.40064	1.3956	1.39008	1.38408	1.3776	1.37066	1.36324	1.35537	1.34703	1.33825	1.32901	1.31934	1.30922	1.29867	1.2877	1.2763	1.26449	1.25227	1.23965	1.22663	1.21322	1.19943	1.18526	1.17073	1.15583	1.14057	1.12497	1.10903	1.09275	1.07615	1.05924	1.04201	1.02448	1.00666	0.988557	0.970175	0.951526	0.932617	0.913457	0.894054	0.874418	0.854557	0.83448	0.814196	0.793713	0.773041	0.752189	0.731166	0.70998	0.688642	0.667159	0.645542	0.6238	0.601942	0.579976	0.557912	0.53576	0.513529	0.491227	0.468865	0.44645	0.423993	0.401502	0.378987	0.356456	0.333919	0.311384	0.288861	0.266358	0.243884	0.221448	0.199058	0.176724	0.154454	0.132255	0.110138	0.088109	0.0661773	0.0443509	0.0226378	0.00104602	-0.0204167	-0.0417426	-0.062924	-0.0839534	-0.104823	-0.125527	-0.146056	-0.166405	-0.186565	-0.206531	-0.226296	-0.245853	-0.265195	-0.284317	-0.303212	-0.321875	-0.340299	-0.358479	-0.37641	-0.394085	-0.4115	-0.42865	-0.445529	-0.462133	-0.478458	-0.494498	-0.51025	-0.52571	-0.540873	-0.555736	-0.570295	-0.584546	-0.598487	-0.612115	-0.625425	-0.638416	-0.651085	-0.66343	-0.675448	-0.687137	-0.698495	-0.70952	-0.720212	-0.730568	-0.740587	-0.750269	-0.759611	-0.768614	-0.777278	-0.785601	-0.793583	-0.801224	-0.808525	-0.815486	-0.822106	-0.828388	-0.83433	-0.839936	-0.845204	-0.850137	-0.854736	-0.859003	-0.862939	-0.866546	-0.869825	-0.87278	-0.875412	-0.877724	-0.879718	-0.881397	-0.882764	-0.883821	-0.884572	-0.88502	-0.885168	-0.885019	-0.884578	-0.883847	-0.882831	-0.881533	-0.879957	-0.878108	-0.875989	-0.873606	-0.870961	-0.86806	-0.864907	-0.861507	-0.857864	-0.853984	-0.84987	-0.845529	-0.840964	-0.836182	-0.831187	-0.825984	-0.820579	-0.814976	-0.809181	-0.8032	-0.797038	-0.7907	-0.784192	-0.777519	-0.770686	-0.7637	-0.756565	-0.749288	-0.741874	-0.734329	-0.726657	-0.718865	-0.710958	-0.702943	-0.694823	-0.686606	-0.678296	-0.669899	-0.66142	-0.652866	-0.644241	-0.63555	-0.6268	-0.617995	-0.609142	-0.600244	-0.591307	-0.582337	-0.573338	-0.564316	-0.555275	-0.54622	-0.537157	-0.52809	-0.519023	-0.509962	-0.500911	-0.491874	-0.482856	-0.47386	-0.464893	-0.455956	-0.447055	-0.438194	-0.429376	-0.420605	-0.411886	-0.40322	-0.394612	-0.386066	-0.377584	-0.36917	-0.360827	-0.352557	-0.344364	-0.336251	-0.328219	-0.320272	-0.312412	-0.304641	-0.296962	-0.289376	-0.281885	-0.274491	-0.267197	-0.260003	-0.252911	-0.245923	-0.239039	-0.232261	-0.225589	-0.219026	-0.212571	-0.206225	-0.199988	-0.193862	-0.187846	-0.181941	-0.176146	-0.170462	-0.164889	-0.159426	-0.154072	-0.148828	-0.143693	-0.138666	-0.133747	-0.128933	-0.124226	-0.119622	-0.115122	-0.110723	-0.106425	-0.102225	-0.0981231	-0.0941165	-0.0902037	-0.0863829	-0.082652	-0.0790091	-0.075452	-0.0719785	-0.0685863	-0.0652732	-0.0620366	-0.0588741	-0.0557831	-0.052761	-0.049805	-0.0469126	-0.0440807	-0.0413066	-0.0385874	-0.0359201	-0.0333016	-0.0307289	-0.028199	-0.0257086	-0.0232547	-0.0208339	-0.0184431	-0.016079	-0.0137384	-0.0114178	-0.00911409	-0.00682378	-0.00454357	-0.0022701	0
0	0.0298373	0.0596629	0.0894651	0.119232	0.148952	0.178614	0.208206	0.237715	0.267132	0.296444	0.325639	0.354706	0.383635	0.412413	0.441029	0.469473	0.497732	0.525797	0.553656	0.581298	0.608712	0.635889	0.662817	0.689486	0.715886	0.742006	0.767837	0.793369	0.818591	0.843495	0.868071	0.892308	0.9162	0.939735	0.962905	0.985702	1.00812	1.03014	1.05177	1.07299	1.09379	1.11418	1.13413	1.15365	1.17272	1.19134	1.20951	1.22721	1.24444	1.26119	1.27747	1.29325	1.30854	1.32334	1.33763	1.35141	1.36468	1.37743	1.38966	1.40137	1.41254	1.42319	1.4333	1.44287	1.45191	1.4604	1.46834	1.47574	1.48258	1.48888	1.49463	1.49982	1.50446	1.50854	1.51207	1.51505	1.51747	1.51934	1.52065	1.52141	1.52163	1.52129	1.5204	1.51896	1.51698	1.51446	1.5114	1.5078	1.50367	1.49901	1.49382	1.4881	1.48187	1.47512	1.46785	1.46008	1.45181	1.44304	1.43377	1.42402	1.41379	1.40308	1.3919	1.38025	1.36815	1.35559	1.34259	1.32915	1.31528	1.30098	1.28626	1.27114	1.25561	1.23969	1.22338	1.20669	1.18963	1.1722	1.15442	1.1363	1.11784	1.09904	1.07993	1.06051	1.04079	1.02077	1.00047	0.979894	0.959054	0.937959	0.916618	0.89504	0.873235	0.851214	0.828986	0.80656	0.783947	0.761156	0.738198	0.715083	0.691819	0.668419	0.644891	0.621246	0.597493	0.573643	0.549706	0.525692	0.501611	0.477473	0.453288	0.429066	0.404817	0.38055	0.356277	0.332005	0.307746	0.283509	0.259304	0.235139	0.211026	0.186973	0.162989	0.139084	0.115267	0.0915468	0.0679331	0.0444345	0.0210597	-0.00218245	-0.0252834	-0.0482346	-0.0710278	-0.0936547	-0.116107	-0.138377	-0.160457	-0.182338	-0.204014	-0.225477	-0.246719	-0.267733	-0.288513	-0.309052	-0.329342	-0.349377	-0.369151	-0.388658	-0.407891	-0.426845	-0.445513	-0.463891	-0.481972	-0.499753	-0.517226	-0.534389	-0.551235	-0.567761	-0.583962	-0.599833	-0.615372	-0.630574	-0.645436	-0.659954	-0.674125	-0.687946	-0.701414	-0.714527	-0.727281	-0.739675	-0.751707	-0.763374	-0.774676	-0.78561	-0.796175	-0.80637	-0.816194	-0.825647	-0.834727	-0.843434	-0.851769	-0.85973	-0.867319	-0.874535	-0.88138	-0.887852	-0.893955	-0.899688	-0.905053	-0.910051	-0.914684	-0.918954	-0.922862	-0.92641	-0.929602	-0.932438	-0.934921	-0.937055	-0.938843	-0.940286	-0.941389	-0.942154	-0.942585	-0.942685	-0.942459	-0.94191	-0.941042	-0.939859	-0.938366	-0.936566	-0.934464	-0.932065	-0.929373	-0.926394	-0.923131	-0.919591	-0.915777	-0.911696	-0.907353	-0.902752	-0.897899	-0.892801	-0.887462	-0.881888	-0.876084	-0.870058	-0.863813	-0.857357	-0.850696	-0.843834	-0.836779	-0.829536	-0.822112	-0.814513	-0.806744	-0.798812	-0.790724	-0.782485	-0.774102	-0.76558	-0.756928	-0.748149	-0.739252	-0.730241	-0.721124	-0.711906	-0.702594	-0.693194	-0.683712	-0.674154	-0.664527	-0.654836	-0.645087	-0.635287	-0.625441	-0.615555	-0.605636	-0.595688	-0.585717	-0.57573	-0.565732	-0.555728	-0.545723	-0.535724	-0.525735	-0.515762	-0.505809	-0.495882	-0.485985	-0.476124	-0.466304	-0.456528	-0.446802	-0.437129	-0.427515	-0.417964	-0.408479	-0.399065	-0.389725	-0.380464	-0.371284	-0.362191	-0.353186	-0.344274	-0.335458	-0.32674	-0.318124	-0.309612	-0.301207	-0.292912	-0.284729	-0.276661	-0.268709	-0.260876	-0.253164	-0.245574	-0.238108	-0.230768	-0.223554	-0.216469	-0.209513	-0.202687	-0.195992	-0.18943	-0.182999	-0.176702	-0.170538	-0.164507	-0.15861	-0.152846	-0.147215	-0.141717	-0.136352	-0.131118	-0.126016	-0.121043	-0.116201	-0.111486	-0.106899	-0.102437	-0.0981001	-0.0938858	-0.0897926	-0.085819	-0.0819629	-0.0782224	-0.0745955	-0.07108	-0.0676735	-0.0643738	-0.0611784	-0.0580846	-0.0550899	-0.0521915	-0.0493866	-0.0466723	-0.0440456	-0.0415034	-0.0390427	-0.0366602	-0.0343526	-0.0321166	-0.0299488	-0.0278458	-0.025804	-0.0238198	-0.0218897	-0.02001	-0.0181769	-0.0163868	-0.0146358	-0.0129202	-0.011236	-0.00957943	-0.00794655	-0.00633346	-0.00473621	-0.00315086	-0.00157344	0
0	0.0273009	0.0545913	0.0818605	0.109098	0.136293	0.163436	0.190515	0.21752	0.244442	0.271268	0.29799	0.324597	0.351078	0.377423	0.403622	0.429666	0.455543	0.481245	0.50676	0.532081	0.557196	0.582096	0.606772	0.631214	0.655413	0.67936	0.703046	0.726462	0.749598	0.772447	0.794999	0.817247	0.839181	0.860795	0.882078	0.903025	0.923627	0.943876	0.963765	0.983287	1.00243	1.0212	1.03958	1.05756	1.07514	1.09232	1.10908	1.12542	1.14134	1.15683	1.17188	1.18649	1.20065	1.21436	1.22762	1.24042	1.25275	1.26462	1.27602	1.28694	1.29738	1.30734	1.31681	1.3258	1.3343	1.34231	1.34982	1.35684	1.36336	1.36938	1.3749	1.37992	1.38443	1.38845	1.39196	1.39497	1.39747	1.39948	1.40098	1.40197	1.40247	1.40247	1.40197	1.40097	1.39948	1.39749	1.39502	1.39205	1.3886	1.38466	1.38025	1.37536	1.36999	1.36415	1.35785	1.35108	1.34385	1.33617	1.32804	1.31946	1.31045	1.30099	1.29111	1.2808	1.27007	1.25893	1.24738	1.23543	1.22308	1.21034	1.19721	1.18371	1.16984	1.15561	1.14101	1.12607	1.11079	1.09517	1.07922	1.06295	1.04637	1.02949	1.01231	0.994836	0.977084	0.959059	0.94077	0.922224	0.903431	0.884398	0.865134	0.845647	0.825947	0.806041	0.78594	0.765651	0.745183	0.724545	0.703746	0.682796	0.661702	0.640475	0.619122	0.597654	0.576078	0.554405	0.532642	0.5108	0.488887	0.466912	0.444884	0.422812	0.400706	0.378573	0.356423	0.334264	0.312106	0.289957	0.267827	0.245722	0.223653	0.201627	0.179653	0.15774	0.135896	0.114128	0.092446	0.070857	0.0493692	0.0279905	0.0067288	-0.0144083	-0.0354132	-0.0562783	-0.0769963	-0.09756	-0.117962	-0.138195	-0.158253	-0.178129	-0.197815	-0.217306	-0.236595	-0.255675	-0.274541	-0.293187	-0.311606	-0.329793	-0.347742	-0.365448	-0.382905	-0.400109	-0.417054	-0.433736	-0.450149	-0.466289	-0.482153	-0.497735	-0.513031	-0.528038	-0.542752	-0.557169	-0.571286	-0.5851	-0.598607	-0.611805	-0.62469	-0.637261	-0.649514	-0.661449	-0.673061	-0.68435	-0.695314	-0.705951	-0.71626	-0.726239	-0.735888	-0.745205	-0.75419	-0.762842	-0.77116	-0.779145	-0.786797	-0.794114	-0.801099	-0.80775	-0.814069	-0.820055	-0.825711	-0.831037	-0.836034	-0.840703	-0.845046	-0.849065	-0.852761	-0.856136	-0.859192	-0.861931	-0.864355	-0.866468	-0.868271	-0.869767	-0.87096	-0.871851	-0.872444	-0.872742	-0.872749	-0.872468	-0.871902	-0.871055	-0.869931	-0.868533	-0.866866	-0.864934	-0.86274	-0.860289	-0.857585	-0.854633	-0.851438	-0.848002	-0.844333	-0.840433	-0.836308	-0.831962	-0.827401	-0.822629	-0.817652	-0.812475	-0.807102	-0.801539	-0.795791	-0.789863	-0.783761	-0.777489	-0.771054	-0.76446	-0.757713	-0.750819	-0.743782	-0.736608	-0.729303	-0.721872	-0.71432	-0.706653	-0.698877	-0.690996	-0.683016	-0.674943	-0.666782	-0.658538	-0.650217	-0.641824	-0.633364	-0.624842	-0.616264	-0.607634	-0.598959	-0.590242	-0.58149	-0.572706	-0.563896	-0.555065	-0.546218	-0.537358	-0.528492	-0.519623	-0.510756	-0.501895	-0.493046	-0.484211	-0.475396	-0.466604	-0.45784	-0.449108	-0.440411	-0.431753	-0.423138	-0.41457	-0.406052	-0.397587	-0.389179	-0.380831	-0.372546	-0.364327	-0.356177	-0.348099	-0.340096	-0.332169	-0.324323	-0.316558	-0.308878	-0.301283	-0.293778	-0.286363	-0.279039	-0.27181	-0.264677	-0.25764	-0.250701	-0.243862	-0.237124	-0.230487	-0.223953	-0.217523	-0.211196	-0.204974	-0.198857	-0.192846	-0.18694	-0.18114	-0.175446	-0.169857	-0.164374	-0.158996	-0.153722	-0.148553	-0.143487	-0.138524	-0.133663	-0.128903	-0.124243	-0.119682	-0.115218	-0.110851	-0.106578	-0.102399	-0.098311	-0.0943132	-0.0904037	-0.0865805	-0.0828418	-0.0791854	-0.0756092	-0.0721112	-0.068689	-0.0653404	-0.0620628	-0.058854	-0.0557113	-0.0526322	-0.0496141	-0.0466542	-0.0437498	-0.0408981	-0.0380963	-0.0353414	-0.0326306	-0.0299608	-0.0273291	-0.0247323	-0.0221675	-0.0196315	-0.0171211	-0.0146333	-0.0121648	-0.00971243	-0.00727299	-0.00484326	-0.00242001	0
0	0.020598	0.0411885	0.0617638	0.0823165	0.102839	0.123324	0.143763	0.16415	0.184476	0.204735	0.224919	0.24502	0.265032	0.284946	0.304756	0.324454	0.344034	0.363488	0.382808	0.401989	0.421023	0.439903	0.458622	0.477174	0.495552	0.513749	0.531758	0.549575	0.56719	0.5846	0.601797	0.618775	0.635529	0.652052	0.668339	0.684383	0.70018	0.715723	0.731008	0.746029	0.76078	0.775257	0.789455	0.803369	0.816994	0.830326	0.84336	0.856092	0.868517	0.880632	0.892432	0.903914	0.915074	0.925909	0.936414	0.946587	0.956425	0.965924	0.975082	0.983896	0.992363	1.00048	1.00825	1.01566	1.02272	1.02942	1.03576	1.04174	1.04736	1.05261	1.0575	1.06202	1.06618	1.06997	1.07339	1.07645	1.07914	1.08145	1.0834	1.08499	1.0862	1.08705	1.08753	1.08764	1.08739	1.08678	1.0858	1.08446	1.08276	1.08071	1.07829	1.07553	1.07241	1.06894	1.06512	1.06096	1.05645	1.05161	1.04642	1.04091	1.03506	1.02888	1.02238	1.01556	1.00842	1.00096	0.993197	0.985126	0.976754	0.968083	0.959118	0.949864	0.940325	0.930505	0.92041	0.910043	0.89941	0.888516	0.877365	0.865962	0.854314	0.842425	0.8303	0.817945	0.805365	0.792566	0.779553	0.766332	0.752909	0.73929	0.725479	0.711484	0.697311	0.682964	0.66845	0.653776	0.638947	0.623969	0.608849	0.593593	0.578207	0.562697	0.547069	0.53133	0.515487	0.499544	0.48351	0.467389	0.451189	0.434915	0.418574	0.402173	0.385717	0.369213	0.352667	0.336085	0.319474	0.30284	0.286189	0.269527	0.252861	0.236196	0.219538	0.202894	0.18627	0.169671	0.153103	0.136573	0.120085	0.103647	0.0872622	0.070938	0.0546793	0.0384918	0.0223809	0.00635197	-0.00958973	-0.0254389	-0.0411905	-0.0568392	-0.0723803	-0.0878086	-0.103119	-0.118308	-0.133369	-0.148299	-0.163093	-0.177746	-0.192254	-0.206613	-0.220819	-0.234868	-0.248755	-0.262477	-0.27603	-0.289411	-0.302615	-0.31564	-0.328482	-0.341137	-0.353603	-0.365877	-0.377956	-0.389836	-0.401515	-0.412991	-0.42426	-0.435322	-0.446172	-0.45681	-0.467232	-0.477438	-0.487424	-0.497191	-0.506735	-0.516055	-0.52515	-0.534018	-0.542659	-0.551072	-0.559254	-0.567206	-0.574927	-0.582415	-0.589671	-0.596694	-0.603484	-0.61004	-0.616363	-0.622452	-0.628307	-0.633929	-0.639318	-0.644474	-0.649398	-0.65409	-0.658552	-0.662783	-0.666785	-0.670558	-0.674104	-0.677424	-0.68052	-0.683391	-0.68604	-0.688469	-0.690679	-0.692671	-0.694447	-0.69601	-0.697361	-0.698501	-0.699434	-0.70016	-0.700683	-0.701005	-0.701127	-0.701053	-0.700785	-0.700324	-0.699674	-0.698838	-0.697818	-0.696616	-0.695236	-0.693681	-0.691952	-0.690054	-0.687988	-0.685759	-0.683369	-0.68082	-0.678118	-0.675263	-0.67226	-0.669111	-0.665821	-0.662391	-0.658826	-0.655128	-0.651301	-0.647349	-0.643274	-0.639079	-0.634769	-0.630346	-0.625814	-0.621176	-0.616435	-0.611596	-0.60666	-0.601631	-0.596514	-0.59131	-0.586024	-0.580658	-0.575216	-0.569701	-0.564116	-0.558464	-0.552749	-0.546974	-0.541142	-0.535256	-0.529319	-0.523334	-0.517303	-0.511231	-0.50512	-0.498972	-0.492791	-0.486579	-0.48034	-0.474075	-0.467788	-0.461481	-0.455157	-0.448817	-0.442466	-0.436105	-0.429736	-0.423362	-0.416984	-0.410607	-0.40423	-0.397857	-0.391489	-0.385129	-0.378778	-0.372439	-0.366112	-0.3598	-0.353505	-0.347227	-0.340969	-0.334732	-0.328518	-0.322327	-0.316161	-0.310021	-0.303909	-0.297826	-0.291772	-0.285748	-0.279756	-0.273796	-0.267869	-0.261976	-0.256117	-0.250293	-0.244504	-0.238752	-0.233035	-0.227356	-0.221713	-0.216107	-0.210539	-0.205007	-0.199514	-0.194057	-0.188638	-0.183256	-0.17791	-0.172602	-0.167329	-0.162093	-0.156892	-0.151727	-0.146595	-0.141498	-0.136435	-0.131404	-0.126405	-0.121437	-0.1165	-0.111593	-0.106715	-0.101864	-0.0970407	-0.0922431	-0.0874706	-0.0827221	-0.0779964	-0.0732925	-0.0686093	-0.0639456	-0.0593001	-0.0546717	-0.0500592	-0.0454614	-0.0408768	-0.0363043	-0.0317426	-0.0271903	-0.0226462	-0.0181088	-0.0135768	-0.00904894	-0.00452379	0
0	0.0109136	0.0218239	0.0327276	0.0436216	0.0545024	0.065367	0.0762119	0.0870339	0.0978299	0.108597	0.119331	0.130029	0.140688	0.151306	0.161878	0.172401	0.182873	0.19329	0.203649	0.213948	0.224182	0.23435	0.244447	0.254472	0.26442	0.274289	0.284077	0.29378	0.303395	0.31292	0.322352	0.331688	0.340925	0.35006	0.359092	0.368017	0.376832	0.385536	0.394125	0.402598	0.410951	0.419183	0.427291	0.435272	0.443125	0.450847	0.458436	0.465889	0.473206	0.480383	0.487419	0.494312	0.501059	0.50766	0.514111	0.520413	0.526562	0.532557	0.538396	0.544078	0.549602	0.554966	0.560169	0.565208	0.570084	0.574794	0.579338	0.583714	0.587922	0.59196	0.595827	0.599523	0.603047	0.606397	0.609574	0.612576	0.615402	0.618053	0.620528	0.622826	0.624947	0.62689	0.628656	0.630244	0.631654	0.632885	0.633938	0.634813	0.63551	0.636029	0.636369	0.636532	0.636518	0.636326	0.635958	0.635414	0.634693	0.633798	0.632728	0.631484	0.630067	0.628477	0.626716	0.624783	0.622681	0.620411	0.617972	0.615366	0.612595	0.609659	0.60656	0.603299	0.599878	0.596296	0.592557	0.588662	0.584611	0.580407	0.576051	0.571545	0.56689	0.562088	0.557141	0.55205	0.546818	0.541446	0.535937	0.530291	0.524512	0.5186	0.512559	0.50639	0.500095	0.493677	0.487137	0.480478	0.473702	0.466811	0.459808	0.452694	0.445473	0.438146	0.430716	0.423186	0.415557	0.407832	0.400014	0.392105	0.384107	0.376024	0.367857	0.35961	0.351284	0.342883	0.334408	0.325864	0.317251	0.308573	0.299832	0.291032	0.282174	0.273261	0.264296	0.255282	0.246222	0.237117	0.227971	0.218786	0.209565	0.200311	0.191026	0.181713	0.172375	0.163014	0.153633	0.144235	0.134821	0.125396	0.115961	0.106519	0.097073	0.087625	0.0781779	0.0687341	0.0592963	0.049867	0.0404487	0.0310439	0.0216551	0.0122847	0.0029353	-0.00639077	-0.0156911	-0.0249632	-0.0342048	-0.0434134	-0.0525869	-0.0617228	-0.0708188	-0.0798728	-0.0888824	-0.0978455	-0.10676	-0.115623	-0.124434	-0.133189	-0.141887	-0.150525	-0.159103	-0.167617	-0.176065	-0.184447	-0.192759	-0.201	-0.209168	-0.217262	-0.225279	-0.233218	-0.241076	-0.248854	-0.256547	-0.264156	-0.271678	-0.279112	-0.286457	-0.29371	-0.300871	-0.307937	-0.314908	-0.321783	-0.328559	-0.335236	-0.341812	-0.348286	-0.354657	-0.360924	-0.367086	-0.373141	-0.379088	-0.384928	-0.390657	-0.396277	-0.401785	-0.407181	-0.412464	-0.417633	-0.422687	-0.427626	-0.43245	-0.437156	-0.441745	-0.446217	-0.45057	-0.454804	-0.458918	-0.462913	-0.466787	-0.47054	-0.474173	-0.477684	-0.481073	-0.48434	-0.487486	-0.490508	-0.493408	-0.496186	-0.49884	-0.501372	-0.503781	-0.506067	-0.50823	-0.51027	-0.512187	-0.513981	-0.515653	-0.517203	-0.51863	-0.519935	-0.521119	-0.52218	-0.523121	-0.523941	-0.52464	-0.525219	-0.525678	-0.526018	-0.526239	-0.526341	-0.526326	-0.526193	-0.525942	-0.525576	-0.525094	-0.524496	-0.523784	-0.522958	-0.522018	-0.520966	-0.519802	-0.518527	-0.517141	-0.515645	-0.51404	-0.512328	-0.510507	-0.50858	-0.506548	-0.50441	-0.502168	-0.499823	-0.497376	-0.494827	-0.492178	-0.489429	-0.486582	-0.483637	-0.480595	-0.477457	-0.474225	-0.470899	-0.46748	-0.463969	-0.460368	-0.456677	-0.452898	-0.44903	-0.445077	-0.441037	-0.436914	-0.432707	-0.428418	-0.424048	-0.419597	-0.415068	-0.410461	-0.405778	-0.401019	-0.396185	-0.391278	-0.3863	-0.38125	-0.37613	-0.370942	-0.365686	-0.360363	-0.354976	-0.349524	-0.34401	-0.338434	-0.332797	-0.327101	-0.321347	-0.315536	-0.309669	-0.303747	-0.297772	-0.291745	-0.285666	-0.279538	-0.273361	-0.267137	-0.260866	-0.25455	-0.24819	-0.241787	-0.235343	-0.228858	-0.222334	-0.215772	-0.209174	-0.202539	-0.195871	-0.189169	-0.182435	-0.17567	-0.168876	-0.162053	-0.155202	-0.148326	-0.141425	-0.1345	-0.127553	-0.120584	-0.113595	-0.106587	-0.0995613	-0.0925191	-0.0854614	-0.0783896	-0.0713047	-0.064208	-0.0571006	-0.0499837	-0.0428586	-0.0357264	-0.0285882	-0.0214453	-0.0142988	-0.00715001	0
0	-6.51609e-05	-0.000128861	-0.000189642	-0.000246045	-0.000296618	-0.000339911	-0.000374481	-0.000398893	-0.000411717	-0.000411535	-0.000396939	-0.000366532	-0.000318928	-0.000252758	-0.000166666	-5.93119e-05	7.06274e-05	0.000224456	0.000403461	0.000608905	0.000842035	0.00110407	0.00139621	0.00171963	0.00207548	0.00246488	0.00288892	0.00334868	0.0038452	0.00437947	0.00495248	0.00556517	0.00621846	0.00691323	0.00765033	0.00843055	0.00925469	0.0101235	0.0110376	0.0119978	0.0130046	0.0140586	0.0151604	0.0163105	0.0175093	0.0187573	0.0200549	0.0214024	0.0228	0.0242481	0.0257469	0.0272965	0.0288971	0.0305486	0.0322513	0.034005	0.0358097	0.0376653	0.0395716	0.0415285	0.0435357	0.0455929	0.0476998	0.049856	0.0520611	0.0543147	0.0566161	0.0589649	0.0613604	0.063802	0.0662889	0.0688205	0.071396	0.0740144	0.076675	0.0793769	0.0821189	0.0849002	0.0877197	0.0905763	0.0934689	0.0963962	0.0993572	0.10235	0.105375	0.108429	0.111511	0.11462	0.117754	0.120913	0.124094	0.127296	0.130517	0.133756	0.137011	0.14028	0.143562	0.146855	0.150156	0.153466	0.15678	0.160099	0.163419	0.166738	0.170056	0.17337	0.176678	0.179978	0.183268	0.186546	0.18981	0.193058	0.196288	0.199498	0.202685	0.205848	0.208985	0.212093	0.215171	0.218216	0.221225	0.224198	0.227132	0.230024	0.232873	0.235677	0.238433	0.241139	0.243793	0.246394	0.248938	0.251425	0.253851	0.256216	0.258516	0.260749	0.262915	0.265011	0.267034	0.268983	0.270857	0.272652	0.274368	0.276002	0.277553	0.279019	0.280398	0.281688	0.282888	0.283996	0.285011	0.285931	0.286753	0.287478	0.288103	0.288627	0.289049	0.289367	0.289579	0.289686	0.289685	0.289575	0.289356	0.289025	0.288583	0.288028	0.287359	0.286576	0.285677	0.284662	0.283531	0.282281	0.280914	0.279428	0.277823	0.276098	0.274254	0.272289	0.270204	0.267998	0.265671	0.263224	0.260656	0.257967	0.255157	0.252227	0.249177	0.246007	0.242717	0.239308	0.23578	0.232134	0.228371	0.224491	0.220495	0.216383	0.212157	0.207818	0.203366	0.198803	0.194129	0.189346	0.184455	0.179457	0.174355	0.169148	0.163839	0.158428	0.152919	0.147312	0.141609	0.135811	0.129922	0.123941	0.117873	0.111717	0.105477	0.0991548	0.092752	0.0862711	0.0797142	0.0730837	0.0663819	0.0596112	0.0527741	0.0458729	0.0389103	0.0318887	0.0248108	0.0176793	0.0104967	0.00326595	-0.00401034	-0.0113293	-0.0186882	-0.0260841	-0.0335141	-0.0409752	-0.0484646	-0.0559793	-0.0635161	-0.0710722	-0.0786443	-0.0862295	-0.0938247	-0.101427	-0.109032	-0.116638	-0.124242	-0.131839	-0.139428	-0.147004	-0.154565	-0.162107	-0.169627	-0.177122	-0.184588	-0.192023	-0.199422	-0.206784	-0.214104	-0.22138	-0.228607	-0.235784	-0.242906	-0.24997	-0.256974	-0.263914	-0.270787	-0.27759	-0.284319	-0.290972	-0.297546	-0.304037	-0.310442	-0.316759	-0.322985	-0.329116	-0.335149	-0.341082	-0.346913	-0.352637	-0.358252	-0.363757	-0.369147	-0.37442	-0.379574	-0.384606	-0.389514	-0.394294	-0.398946	-0.403465	-0.407851	-0.412101	-0.416211	-0.420182	-0.424009	-0.427692	-0.431228	-0.434615	-0.437852	-0.440936	-0.443866	-0.44664	-0.449257	-0.451715	-0.454012	-0.456148	-0.45812	-0.459927	-0.461569	-0.463044	-0.464351	-0.465489	-0.466457	-0.467255	-0.46788	-0.468334	-0.468614	-0.468722	-0.468655	-0.468414	-0.467998	-0.467407	-0.466641	-0.465699	-0.464583	-0.463291	-0.461824	-0.460182	-0.458365	-0.456374	-0.454209	-0.451871	-0.44936	-0.446677	-0.443822	-0.440797	-0.437602	-0.434239	-0.430707	-0.42701	-0.423146	-0.419119	-0.414929	-0.410577	-0.406066	-0.401396	-0.396569	-0.391588	-0.386453	-0.381167	-0.375731	-0.370147	-0.364419	-0.358546	-0.352533	-0.34638	-0.340091	-0.333667	-0.327112	-0.320427	-0.313615	-0.306679	-0.299621	-0.292444	-0.285151	-0.277745	-0.270228	-0.262604	-0.254875	-0.247044	-0.239115	-0.23109	-0.222973	-0.214767	-0.206476	-0.198101	-0.189648	-0.181118	-0.172516	-0.163845	-0.155108	-0.146309	-0.137451	-0.128539	-0.119574	-0.110562	-0.101505	-0.0924076	-0.083273	-0.0741049	-0.0649071	-0.0556832	-0.0464369	-0.0371719	-0.027892	-0.0186009	-0.00930233	0
0	-0.010475	-0.0209443	-0.031402	-0.0418426	-0.0522603	-0.0626493	-0.073004	-0.0833187	-0.0935878	-0.103806	-0.113966	-0.124065	-0.134095	-0.144053	-0.153931	-0.163725	-0.173429	-0.183038	-0.192547	-0.20195	-0.211243	-0.22042	-0.229476	-0.238407	-0.247207	-0.255872	-0.264397	-0.272776	-0.281007	-0.289084	-0.297002	-0.304758	-0.312346	-0.319764	-0.327007	-0.334071	-0.340952	-0.347646	-0.35415	-0.360461	-0.366574	-0.372486	-0.378195	-0.383696	-0.388988	-0.394067	-0.398931	-0.403576	-0.408	-0.412202	-0.416177	-0.419926	-0.423445	-0.426732	-0.429786	-0.432605	-0.435188	-0.437533	-0.439639	-0.441504	-0.443129	-0.444511	-0.445651	-0.446547	-0.4472	-0.447608	-0.447772	-0.447692	-0.447368	-0.446799	-0.445987	-0.444931	-0.443633	-0.442093	-0.440312	-0.438291	-0.436031	-0.433533	-0.4308	-0.427832	-0.424631	-0.421199	-0.417538	-0.41365	-0.409536	-0.4052	-0.400644	-0.395871	-0.390882	-0.385681	-0.38027	-0.374654	-0.368834	-0.362814	-0.356598	-0.350188	-0.343589	-0.336804	-0.329837	-0.322692	-0.315372	-0.307882	-0.300227	-0.292409	-0.284434	-0.276305	-0.268028	-0.259607	-0.251047	-0.242352	-0.233528	-0.224579	-0.215509	-0.206325	-0.197031	-0.187632	-0.178134	-0.168542	-0.158861	-0.149096	-0.139253	-0.129337	-0.119354	-0.109309	-0.0992085	-0.0890571	-0.0788606	-0.0686248	-0.0583553	-0.0480577	-0.0377378	-0.0274012	-0.0170536	-0.00670074	0.00365164	0.0139979	0.0243322	0.034649	0.0449426	0.0552073	0.0654374	0.0756272	0.0857713	0.095864	0.1059	0.115873	0.125778	0.13561	0.145363	0.155032	0.164612	0.174096	0.183481	0.19276	0.20193	0.210984	0.219918	0.228727	0.237406	0.24595	0.254354	0.262615	0.270727	0.278687	0.286489	0.294129	0.301604	0.308909	0.31604	0.322993	0.329765	0.336352	0.342749	0.348955	0.354965	0.360776	0.366385	0.371789	0.376984	0.381969	0.386741	0.391296	0.395633	0.399749	0.403641	0.407309	0.410749	0.41396	0.416941	0.419689	0.422204	0.424483	0.426527	0.428333	0.4299	0.431229	0.432318	0.433167	0.433775	0.434142	0.434268	0.434153	0.433798	0.433201	0.432365	0.431289	0.429974	0.428421	0.42663	0.424604	0.422342	0.419847	0.41712	0.414162	0.410975	0.407561	0.403922	0.400061	0.395978	0.391677	0.38716	0.38243	0.377489	0.37234	0.366987	0.361431	0.355677	0.349727	0.343585	0.337255	0.33074	0.324043	0.317169	0.310121	0.302903	0.29552	0.287975	0.280273	0.272418	0.264415	0.256267	0.247981	0.23956	0.231008	0.222332	0.213535	0.204623	0.195601	0.186473	0.177246	0.167923	0.15851	0.149014	0.139437	0.129788	0.120069	0.110288	0.10045	0.0905592	0.0806222	0.0706445	0.0606315	0.0505888	0.0405221	0.030437	0.0203392	0.0102342	0.000127701	-0.00997459	-0.0200671	-0.0301441	-0.0402	-0.0502292	-0.0602262	-0.0701852	-0.0801008	-0.0899675	-0.0997796	-0.109532	-0.119219	-0.128835	-0.138375	-0.147833	-0.157205	-0.166484	-0.175667	-0.184747	-0.19372	-0.202581	-0.211325	-0.219946	-0.22844	-0.236803	-0.24503	-0.253116	-0.261056	-0.268847	-0.276483	-0.283962	-0.291277	-0.298427	-0.305405	-0.31221	-0.318836	-0.32528	-0.331539	-0.337609	-0.343487	-0.349169	-0.354653	-0.359935	-0.365012	-0.369882	-0.374542	-0.37899	-0.383222	-0.387237	-0.391032	-0.394605	-0.397955	-0.401079	-0.403976	-0.406644	-0.409082	-0.411288	-0.413262	-0.415001	-0.416506	-0.417775	-0.418808	-0.419604	-0.420163	-0.420485	-0.420568	-0.420414	-0.420023	-0.419394	-0.418529	-0.417427	-0.416089	-0.414517	-0.41271	-0.410671	-0.4084	-0.405898	-0.403168	-0.400209	-0.397026	-0.393618	-0.389988	-0.386138	-0.382071	-0.377788	-0.373292	-0.368586	-0.363672	-0.358553	-0.353232	-0.347712	-0.341996	-0.336087	-0.329989	-0.323705	-0.317238	-0.310593	-0.303773	-0.296782	-0.289624	-0.282302	-0.274822	-0.267186	-0.259401	-0.251469	-0.243396	-0.235185	-0.226843	-0.218372	-0.209779	-0.201067	-0.192242	-0.18331	-0.174273	-0.165139	-0.155912	-0.146597	-0.1372	-0.127725	-0.118178	-0.108565	-0.0988912	-0.0891614	-0.0793814	-0.0695568	-0.0596929	-0.0497955	-0.0398701	-0.0299222	-0.0199575	-0.00998156	0
0	-0.0186311	-0.0372533	-0.0558581	-0.0744365	-0.0929799	-0.11148	-0.129927	-0.148313	-0.166629	-0.184866	-0.203017	-0.221072	-0.239024	-0.256862	-0.27458	-0.292169	-0.309621	-0.326927	-0.344079	-0.36107	-0.377891	-0.394534	-0.410993	-0.427259	-0.443324	-0.459181	-0.474823	-0.490243	-0.505433	-0.520387	-0.535096	-0.549556	-0.563759	-0.577698	-0.591367	-0.60476	-0.617871	-0.630694	-0.643223	-0.655452	-0.667376	-0.67899	-0.690288	-0.701265	-0.711916	-0.722238	-0.732224	-0.741871	-0.751174	-0.760131	-0.768735	-0.776985	-0.784876	-0.792406	-0.79957	-0.806367	-0.812792	-0.818845	-0.824522	-0.829821	-0.83474	-0.839278	-0.843432	-0.847202	-0.850586	-0.853582	-0.856191	-0.858411	-0.860242	-0.861684	-0.862737	-0.8634	-0.863675	-0.863561	-0.863059	-0.86217	-0.860896	-0.859237	-0.857196	-0.854773	-0.85197	-0.84879	-0.845235	-0.841306	-0.837008	-0.832342	-0.827311	-0.821919	-0.816169	-0.810064	-0.803608	-0.796805	-0.789659	-0.782174	-0.774353	-0.766203	-0.757727	-0.74893	-0.739817	-0.730393	-0.720664	-0.710635	-0.700311	-0.689697	-0.678801	-0.667628	-0.656183	-0.644473	-0.632505	-0.620284	-0.607818	-0.595113	-0.582176	-0.569013	-0.555631	-0.542039	-0.528242	-0.514249	-0.500066	-0.4857	-0.47116	-0.456453	-0.441587	-0.426569	-0.411407	-0.396109	-0.380683	-0.365136	-0.349477	-0.333714	-0.317855	-0.301907	-0.28588	-0.26978	-0.253617	-0.237398	-0.221131	-0.204826	-0.188489	-0.172129	-0.155755	-0.139374	-0.122995	-0.106625	-0.0902729	-0.0739468	-0.0576546	-0.0414043	-0.0252038	-0.00906103	0.00701611	0.0230198	0.0389424	0.0547761	0.0705133	0.0861465	0.101668	0.117071	0.132348	0.147491	0.162493	0.177348	0.192049	0.206587	0.220958	0.235154	0.249168	0.262995	0.276627	0.290059	0.303285	0.316298	0.329094	0.341665	0.354007	0.366115	0.377982	0.389604	0.400976	0.412094	0.422951	0.433544	0.443869	0.453921	0.463696	0.473191	0.482401	0.491323	0.499953	0.508289	0.516327	0.524064	0.531498	0.538626	0.545445	0.551954	0.55815	0.564031	0.569596	0.574844	0.579772	0.58438	0.588667	0.592632	0.596273	0.599592	0.602588	0.605259	0.607608	0.609633	0.611335	0.612715	0.613773	0.614512	0.61493	0.615031	0.614815	0.614285	0.613441	0.612286	0.610821	0.609051	0.606975	0.604599	0.601923	0.598951	0.595687	0.592133	0.588293	0.58417	0.579768	0.575091	0.570143	0.564928	0.559451	0.553715	0.547725	0.541485	0.535002	0.528279	0.521321	0.514134	0.506722	0.499092	0.491248	0.483197	0.474943	0.466493	0.457853	0.449027	0.440023	0.430847	0.421504	0.412001	0.402345	0.39254	0.382595	0.372516	0.362309	0.35198	0.341537	0.330986	0.320334	0.309587	0.298753	0.287839	0.27685	0.265795	0.254679	0.243511	0.232296	0.221042	0.209756	0.198444	0.187114	0.175773	0.164426	0.153082	0.141747	0.130427	0.11913	0.107863	0.0966317	0.085443	0.0743036	0.0632202	0.0521991	0.0412469	0.0303699	0.0195744	0.00886679	-0.00174688	-0.0122605	-0.0226679	-0.0329634	-0.0431409	-0.0531949	-0.0631194	-0.0729091	-0.0825585	-0.0920621	-0.101415	-0.110611	-0.119646	-0.128516	-0.137214	-0.145736	-0.154079	-0.162237	-0.170205	-0.177981	-0.185559	-0.192937	-0.200109	-0.207073	-0.213825	-0.220361	-0.226678	-0.232774	-0.238645	-0.244289	-0.249702	-0.254883	-0.259829	-0.264538	-0.269007	-0.273236	-0.277222	-0.280963	-0.284459	-0.287708	-0.290709	-0.293461	-0.295963	-0.298216	-0.300217	-0.301967	-0.303466	-0.304715	-0.305712	-0.306458	-0.306955	-0.307202	-0.307201	-0.306953	-0.306458	-0.305717	-0.304734	-0.303508	-0.302042	-0.300338	-0.298397	-0.296223	-0.293817	-0.291181	-0.288319	-0.285234	-0.281927	-0.278403	-0.274664	-0.270715	-0.266557	-0.262195	-0.257633	-0.252874	-0.247923	-0.242783	-0.237459	-0.231955	-0.226276	-0.220425	-0.214408	-0.20823	-0.201895	-0.195408	-0.188775	-0.182	-0.175088	-0.168046	-0.160878	-0.153589	-0.146186	-0.138674	-0.131059	-0.123346	-0.115542	-0.107651	-0.0996802	-0.0916355	-0.0835228	-0.075348	-0.0671174	-0.0588369	-0.0505129	-0.0421514	-0.0337586	-0.0253409	-0.0169044	-0.00845531	0
0	-0.0233368	-0.0466636	-0.0699703	-0.0932469	-0.116483	-0.13967	-0.162796	-0.185852	-0.208828	-0.231715	-0.254501	-0.277178	-0.299737	-0.322166	-0.344456	-0.366599	-0.388585	-0.410403	-0.432045	-0.453502	-0.474764	-0.495823	-0.516669	-0.537294	-0.557689	-0.577845	-0.597754	-0.617407	-0.636796	-0.655913	-0.674751	-0.6933	-0.711553	-0.729504	-0.747143	-0.764465	-0.781461	-0.798125	-0.81445	-0.83043	-0.846057	-0.861326	-0.876231	-0.890764	-0.904921	-0.918696	-0.932084	-0.945078	-0.957675	-0.969869	-0.981656	-0.99303	-1.00399	-1.01453	-1.02464	-1.03433	-1.04358	-1.0524	-1.06078	-1.06872	-1.07622	-1.08327	-1.08987	-1.09602	-1.10172	-1.10697	-1.11176	-1.1161	-1.11998	-1.1234	-1.12636	-1.12886	-1.1309	-1.13249	-1.13361	-1.13428	-1.13449	-1.13424	-1.13354	-1.13238	-1.13077	-1.12871	-1.12621	-1.12325	-1.11985	-1.11601	-1.11173	-1.10701	-1.10187	-1.09629	-1.09028	-1.08386	-1.07702	-1.06976	-1.06209	-1.05402	-1.04555	-1.03668	-1.02742	-1.01778	-1.00776	-0.997361	-0.986595	-0.975467	-0.963982	-0.952146	-0.939966	-0.927448	-0.914599	-0.901426	-0.887935	-0.874134	-0.860029	-0.845629	-0.830939	-0.815968	-0.800724	-0.785214	-0.769445	-0.753427	-0.737166	-0.720672	-0.703951	-0.687013	-0.669866	-0.652517	-0.634977	-0.617253	-0.599354	-0.581288	-0.563064	-0.544692	-0.52618	-0.507536	-0.48877	-0.46989	-0.450906	-0.431827	-0.41266	-0.393417	-0.374104	-0.354732	-0.33531	-0.315846	-0.296349	-0.276828	-0.257293	-0.237752	-0.218214	-0.198687	-0.179181	-0.159705	-0.140267	-0.120875	-0.101539	-0.0822671	-0.0630672	-0.0439481	-0.0249181	-0.00598545	0.0128417	0.0315552	0.0501472	0.0686096	0.0869347	0.105115	0.123142	0.14101	0.15871	0.176235	0.193578	0.210732	0.227691	0.244447	0.260993	0.277324	0.293433	0.309314	0.32496	0.340365	0.355525	0.370432	0.385083	0.39947	0.41359	0.427437	0.441007	0.454294	0.467294	0.480002	0.492416	0.50453	0.516341	0.527844	0.539037	0.549917	0.56048	0.570722	0.580642	0.590237	0.599504	0.608442	0.617047	0.625318	0.633254	0.640853	0.648114	0.655035	0.661616	0.667855	0.673753	0.679309	0.684522	0.689392	0.693921	0.698107	0.701952	0.705456	0.70862	0.711445	0.713933	0.716084	0.7179	0.719383	0.720535	0.721358	0.721854	0.722025	0.721875	0.721405	0.720619	0.719519	0.718109	0.716392	0.714372	0.712052	0.709436	0.706528	0.703331	0.699851	0.696091	0.692055	0.687749	0.683177	0.678344	0.673255	0.667914	0.662327	0.656499	0.650435	0.644142	0.637623	0.630886	0.623935	0.616777	0.609418	0.601863	0.594118	0.586189	0.578084	0.569807	0.561365	0.552765	0.544013	0.535115	0.526078	0.516908	0.507612	0.498197	0.488669	0.479034	0.4693	0.459473	0.449559	0.439566	0.4295	0.419368	0.409176	0.398931	0.38864	0.37831	0.367946	0.357556	0.347145	0.336722	0.326292	0.315861	0.305436	0.295024	0.28463	0.274261	0.263923	0.253623	0.243365	0.233157	0.223004	0.212912	0.202887	0.192934	0.18306	0.173268	0.163566	0.153958	0.14445	0.135046	0.125752	0.116572	0.107512	0.0985758	0.0897681	0.0810935	0.0725564	0.0641608	0.0559109	0.0478107	0.039864	0.0320746	0.0244459	0.0169815	0.00968465	0.00255854	-0.0043938	-0.0111695	-0.0177657	-0.02418	-0.0304097	-0.0364526	-0.0423065	-0.0479694	-0.0534393	-0.0587146	-0.0637937	-0.068675	-0.0733574	-0.0778397	-0.0821209	-0.0862002	-0.0900768	-0.0937503	-0.0972202	-0.100486	-0.103549	-0.106407	-0.109062	-0.111514	-0.113763	-0.11581	-0.117655	-0.119301	-0.120747	-0.121995	-0.123047	-0.123903	-0.124566	-0.125038	-0.12532	-0.125414	-0.125323	-0.125049	-0.124594	-0.123961	-0.123153	-0.122172	-0.121022	-0.119706	-0.118226	-0.116587	-0.114791	-0.112842	-0.110743	-0.1085	-0.106114	-0.103591	-0.100934	-0.0981473	-0.0952355	-0.0922026	-0.089053	-0.0857913	-0.082422	-0.0789497	-0.0753792	-0.0717151	-0.0679624	-0.0641258	-0.0602105	-0.0562213	-0.0521634	-0.0480418	-0.0438617	-0.0396283	-0.0353468	-0.0310225	-0.0266606	-0.0222665	-0.0178455	-0.013403	-0.00894432	-0.00447486	0
0	-0.0240882	-0.0481669	-0.0722268	-0.0962586	-0.120253	-0.1442	-0.168091	-0.191916	-0.215666	-0.239332	-0.262905	-0.286375	-0.309734	-0.332972	-0.35608	-0.379049	-0.40187	-0.424535	-0.447035	-0.46936	-0.491504	-0.513456	-0.535208	-0.556752	-0.578081	-0.599185	-0.620056	-0.640687	-0.66107	-0.681197	-0.701061	-0.720653	-0.739966	-0.758994	-0.777729	-0.796164	-0.814293	-0.832108	-0.849602	-0.86677	-0.883606	-0.900102	-0.916253	-0.932053	-0.947497	-0.962579	-0.977293	-0.991634	-1.0056	-1.01918	-1.03237	-1.04517	-1.05758	-1.06958	-1.08118	-1.09238	-1.10316	-1.11352	-1.12347	-1.13299	-1.14209	-1.15076	-1.159	-1.16681	-1.17419	-1.18112	-1.18762	-1.19368	-1.1993	-1.20447	-1.2092	-1.21349	-1.21733	-1.22072	-1.22367	-1.22618	-1.22823	-1.22984	-1.23101	-1.23173	-1.23201	-1.23184	-1.23123	-1.23018	-1.2287	-1.22678	-1.22442	-1.22163	-1.21841	-1.21476	-1.21068	-1.20619	-1.20127	-1.19594	-1.1902	-1.18404	-1.17749	-1.17053	-1.16317	-1.15542	-1.14728	-1.13875	-1.12985	-1.12057	-1.11091	-1.1009	-1.09052	-1.07979	-1.06871	-1.05729	-1.04553	-1.03344	-1.02102	-1.00828	-0.995231	-0.981872	-0.968213	-0.95426	-0.940019	-0.925497	-0.910702	-0.89564	-0.880318	-0.864743	-0.848923	-0.832865	-0.816576	-0.800064	-0.783336	-0.766399	-0.749262	-0.731932	-0.714417	-0.696724	-0.678862	-0.660838	-0.64266	-0.624336	-0.605875	-0.587283	-0.56857	-0.549742	-0.530809	-0.511778	-0.492658	-0.473456	-0.45418	-0.434839	-0.41544	-0.395992	-0.376502	-0.35698	-0.337431	-0.317865	-0.29829	-0.278712	-0.259141	-0.239584	-0.220049	-0.200542	-0.181073	-0.161648	-0.142276	-0.122963	-0.103717	-0.0845449	-0.0654546	-0.0464529	-0.0275471	-0.00874394	0.00994947	0.0285264	0.04698	0.0653037	0.0834909	0.101535	0.11943	0.13717	0.154748	0.172158	0.189395	0.206452	0.223325	0.240007	0.256493	0.272777	0.288855	0.304722	0.320372	0.335801	0.351004	0.365977	0.380715	0.395214	0.409469	0.423478	0.437235	0.450738	0.463983	0.476967	0.489685	0.502136	0.514316	0.526222	0.537852	0.549203	0.560273	0.57106	0.581561	0.591775	0.6017	0.611334	0.620676	0.629725	0.638479	0.646938	0.6551	0.662965	0.670533	0.677803	0.684774	0.691447	0.697821	0.703897	0.709676	0.715157	0.720341	0.725229	0.729822	0.73412	0.738126	0.74184	0.745264	0.748399	0.751247	0.75381	0.75609	0.758088	0.759808	0.76125	0.762419	0.763315	0.763943	0.764304	0.764402	0.764239	0.763819	0.763145	0.762219	0.761046	0.75963	0.757972	0.756078	0.753951	0.751594	0.749012	0.746209	0.743188	0.739954	0.736511	0.732863	0.729015	0.724971	0.720736	0.716313	0.711708	0.706925	0.701968	0.696843	0.691554	0.686106	0.680504	0.674753	0.668856	0.66282	0.656649	0.650349	0.643923	0.637377	0.630716	0.623945	0.617068	0.610092	0.60302	0.595857	0.58861	0.581281	0.573878	0.566403	0.558863	0.551261	0.543603	0.535894	0.528138	0.52034	0.512505	0.504637	0.496742	0.488822	0.480883	0.47293	0.464967	0.456997	0.449026	0.441058	0.433096	0.425145	0.417209	0.409291	0.401396	0.393527	0.385689	0.377884	0.370117	0.36239	0.354708	0.347073	0.339488	0.331958	0.324484	0.317071	0.30972	0.302434	0.295217	0.28807	0.280996	0.273998	0.267078	0.260238	0.25348	0.246807	0.240219	0.233719	0.227308	0.220988	0.214761	0.208628	0.20259	0.196647	0.190803	0.185056	0.179409	0.173861	0.168413	0.163067	0.157822	0.152678	0.147637	0.142697	0.13786	0.133124	0.12849	0.123957	0.119525	0.115194	0.110963	0.106831	0.102798	0.0988616	0.0950222	0.0912785	0.0876291	0.0840729	0.0806086	0.0772347	0.0739498	0.0707523	0.0676405	0.0646127	0.0616672	0.0588019	0.056015	0.0533044	0.0506681	0.0481039	0.0456095	0.0431827	0.0408211	0.0385223	0.0362839	0.0341032	0.0319779	0.0299052	0.0278824	0.025907	0.023976	0.0220868	0.0202365	0.0184223	0.0166412	0.0148903	0.0131667	0.0114675	0.00978951	0.00812987	0.00648552	0.00485342	0.0032305	0.00161372	0
0	-0.021132	-0.0422568	-0.0633675	-0.0844569	-0.105518	-0.126543	-0.147526	-0.16846	-0.189337	-0.21015	-0.230893	-0.251558	-0.272139	-0.292629	-0.31302	-0.333307	-0.353481	-0.373538	-0.393469	-0.413268	-0.432929	-0.452446	-0.471811	-0.491018	-0.510061	-0.528934	-0.54763	-0.566143	-0.584468	-0.602598	-0.620527	-0.63825	-0.65576	-0.673053	-0.690121	-0.706961	-0.723566	-0.739932	-0.756052	-0.771922	-0.787537	-0.802891	-0.817981	-0.8328	-0.847346	-0.861612	-0.875595	-0.88929	-0.902694	-0.915801	-0.928608	-0.941112	-0.953308	-0.965193	-0.976763	-0.988015	-0.998946	-1.00955	-1.01983	-1.02978	-1.03939	-1.04867	-1.05761	-1.06621	-1.07447	-1.08238	-1.08995	-1.09716	-1.10403	-1.11054	-1.1167	-1.1225	-1.12795	-1.13304	-1.13777	-1.14214	-1.14615	-1.14981	-1.1531	-1.15602	-1.15859	-1.1608	-1.16264	-1.16413	-1.16525	-1.16601	-1.16642	-1.16646	-1.16615	-1.16548	-1.16445	-1.16307	-1.16133	-1.15925	-1.15681	-1.15403	-1.1509	-1.14742	-1.1436	-1.13945	-1.13495	-1.13012	-1.12495	-1.11946	-1.11364	-1.10749	-1.10103	-1.09424	-1.08714	-1.07973	-1.07201	-1.06399	-1.05566	-1.04704	-1.03812	-1.02891	-1.01942	-1.00965	-0.999597	-0.989272	-0.978679	-0.967821	-0.956704	-0.945331	-0.933707	-0.921837	-0.909727	-0.897379	-0.884801	-0.871995	-0.858969	-0.845726	-0.832272	-0.818612	-0.804751	-0.790695	-0.776448	-0.762017	-0.747407	-0.732623	-0.717671	-0.702556	-0.687284	-0.671861	-0.656291	-0.640582	-0.624738	-0.608765	-0.592669	-0.576456	-0.560131	-0.5437	-0.52717	-0.510545	-0.493831	-0.477035	-0.460162	-0.443218	-0.426209	-0.409139	-0.392016	-0.374845	-0.357632	-0.340381	-0.3231	-0.305793	-0.288467	-0.271126	-0.253778	-0.236426	-0.219076	-0.201735	-0.184407	-0.167098	-0.149814	-0.132559	-0.115339	-0.0981593	-0.0810248	-0.0639409	-0.0469126	-0.0299449	-0.0130428	0.00378879	0.0205449	0.0372209	0.0538118	0.0703131	0.0867202	0.103028	0.119233	0.135331	0.151316	0.167184	0.182933	0.198556	0.214051	0.229413	0.244639	0.259724	0.274664	0.289457	0.304099	0.318586	0.332914	0.347081	0.361082	0.374916	0.388578	0.402066	0.415377	0.428509	0.441457	0.45422	0.466796	0.479181	0.491373	0.503371	0.515171	0.526772	0.538171	0.549367	0.560359	0.571143	0.581718	0.592084	0.602238	0.612179	0.621905	0.631416	0.640711	0.649787	0.658645	0.667283	0.675701	0.683898	0.691873	0.699626	0.707156	0.714463	0.721546	0.728406	0.735043	0.741455	0.747644	0.75361	0.759352	0.76487	0.770166	0.77524	0.780091	0.784721	0.789131	0.79332	0.79729	0.801042	0.804576	0.807893	0.810995	0.813883	0.816557	0.819018	0.821269	0.823311	0.825144	0.826771	0.828192	0.82941	0.830425	0.83124	0.831856	0.832275	0.832499	0.832529	0.832368	0.832017	0.831478	0.830753	0.829845	0.828754	0.827484	0.826036	0.824413	0.822616	0.820649	0.818512	0.816208	0.813741	0.81111	0.80832	0.805373	0.80227	0.799014	0.795608	0.792053	0.788353	0.784509	0.780524	0.776401	0.772141	0.767747	0.763222	0.758567	0.753787	0.748881	0.743854	0.738708	0.733444	0.728066	0.722575	0.716974	0.711266	0.705452	0.699536	0.693518	0.687403	0.681191	0.674885	0.668488	0.662001	0.655428	0.648769	0.642027	0.635205	0.628305	0.621327	0.614276	0.607152	0.599958	0.592695	0.585366	0.577972	0.570516	0.563	0.555424	0.547792	0.540104	0.532363	0.52457	0.516727	0.508836	0.500897	0.492914	0.484887	0.476818	0.468709	0.46056	0.452374	0.444152	0.435894	0.427604	0.41928	0.410926	0.402543	0.39413	0.38569	0.377224	0.368733	0.360218	0.35168	0.34312	0.334539	0.325938	0.317318	0.30868	0.300024	0.291352	0.282664	0.273961	0.265244	0.256514	0.24777	0.239015	0.230249	0.221471	0.212684	0.203887	0.195081	0.186267	0.177444	0.168614	0.159778	0.150935	0.142085	0.133231	0.124371	0.115506	0.106637	0.0977642	0.0888877	0.0800079	0.0711253	0.0622401	0.0533527	0.0444634	0.0355726	0.0266805	0.0177875	0.00889392	0
0	-0.0153723	-0.030741	-0.0461023	-0.0614525	-0.0767879	-0.0921049	-0.1074	-0.122669	-0.137909	-0.153115	-0.168285	-0.183414	-0.1985	-0.213537	-0.228524	-0.243455	-0.258329	-0.27314	-0.287885	-0.302561	-0.317165	-0.331692	-0.34614	-0.360505	-0.374783	-0.388971	-0.403065	-0.417063	-0.43096	-0.444754	-0.458441	-0.472018	-0.485481	-0.498827	-0.512054	-0.525157	-0.538134	-0.550982	-0.563697	-0.576277	-0.588717	-0.601017	-0.613171	-0.625178	-0.637034	-0.648737	-0.660284	-0.671672	-0.682898	-0.69396	-0.704854	-0.715579	-0.726131	-0.736508	-0.746707	-0.756726	-0.766563	-0.776215	-0.78568	-0.794955	-0.804039	-0.812928	-0.821621	-0.830116	-0.83841	-0.846502	-0.854389	-0.86207	-0.869542	-0.876804	-0.883855	-0.890691	-0.897312	-0.903716	-0.909901	-0.915866	-0.92161	-0.92713	-0.932425	-0.937495	-0.942338	-0.946952	-0.951337	-0.95549	-0.959413	-0.963102	-0.966558	-0.969779	-0.972764	-0.975514	-0.978026	-0.980301	-0.982337	-0.984135	-0.985693	-0.987012	-0.98809	-0.988928	-0.989525	-0.989881	-0.989996	-0.98987	-0.989502	-0.988893	-0.988043	-0.986952	-0.98562	-0.984047	-0.982234	-0.980181	-0.977888	-0.975356	-0.972586	-0.969577	-0.966332	-0.96285	-0.959132	-0.955179	-0.950991	-0.946571	-0.941918	-0.937035	-0.931921	-0.926578	-0.921008	-0.915211	-0.909189	-0.902944	-0.896476	-0.889788	-0.88288	-0.875755	-0.868413	-0.860858	-0.85309	-0.845111	-0.836924	-0.82853	-0.819931	-0.811129	-0.802126	-0.792924	-0.783526	-0.773934	-0.764149	-0.754175	-0.744014	-0.733667	-0.723138	-0.712429	-0.701543	-0.690481	-0.679248	-0.667845	-0.656275	-0.644541	-0.632646	-0.620592	-0.608383	-0.596022	-0.58351	-0.570852	-0.558051	-0.545109	-0.53203	-0.518816	-0.505471	-0.491999	-0.478402	-0.464683	-0.450847	-0.436896	-0.422834	-0.408664	-0.39439	-0.380014	-0.365542	-0.350975	-0.336318	-0.321574	-0.306747	-0.29184	-0.276857	-0.261802	-0.246679	-0.23149	-0.21624	-0.200933	-0.185572	-0.17016	-0.154703	-0.139203	-0.123665	-0.108092	-0.0924873	-0.0768559	-0.0612012	-0.0455271	-0.0298373	-0.0141359	0.00157344	0.0172867	0.0330001	0.0487096	0.0644115	0.0801019	0.0957767	0.111432	0.127065	0.14267	0.158244	0.173784	0.189284	0.204743	0.220154	0.235516	0.250824	0.266073	0.281261	0.296384	0.311437	0.326417	0.341321	0.356144	0.370883	0.385534	0.400093	0.414557	0.428923	0.443186	0.457342	0.47139	0.485324	0.499141	0.512839	0.526412	0.539859	0.553176	0.566358	0.579404	0.592309	0.605071	0.617685	0.63015	0.642461	0.654616	0.666611	0.678444	0.690111	0.70161	0.712937	0.72409	0.735066	0.745862	0.756475	0.766903	0.777142	0.787191	0.797046	0.806706	0.816167	0.825427	0.834485	0.843336	0.85198	0.860414	0.868635	0.876643	0.884433	0.892006	0.899358	0.906487	0.913392	0.920072	0.926523	0.932745	0.938736	0.944495	0.950019	0.955307	0.960359	0.965172	0.969745	0.974078	0.978168	0.982015	0.985618	0.988976	0.992088	0.994952	0.997569	0.999938	1.00206	1.00393	1.00555	1.00691	1.00803	1.0089	1.00951	1.00987	1.00998	1.00984	1.00944	1.0088	1.0079	1.00674	1.00534	1.00368	1.00178	0.999619	0.997211	0.994553	0.991646	0.988491	0.985087	0.981437	0.97754	0.973399	0.969012	0.964383	0.959512	0.9544	0.949048	0.943457	0.93763	0.931567	0.92527	0.91874	0.911979	0.904989	0.897771	0.890327	0.88266	0.87477	0.86666	0.858332	0.849787	0.841029	0.832059	0.822879	0.813492	0.8039	0.794105	0.78411	0.773917	0.763529	0.752949	0.742179	0.731221	0.720079	0.708756	0.697253	0.685575	0.673723	0.661701	0.649513	0.63716	0.624646	0.611975	0.599149	0.586172	0.573046	0.559776	0.546364	0.532814	0.51913	0.505314	0.491371	0.477303	0.463115	0.44881	0.434391	0.419862	0.405227	0.39049	0.375654	0.360722	0.3457	0.33059	0.315396	0.300123	0.284774	0.269352	0.253863	0.238309	0.222695	0.207025	0.191302	0.175531	0.159715	0.143859	0.127967	0.112042	0.0960885	0.0801109	0.0641131	0.048099	0.0320728	0.0160384	0
0	-0.00814796	-0.016296	-0.0244441	-0.0325924	-0.040741	-0.0488898	-0.0570389	-0.0651884	-0.0733383	-0.0814885	-0.0896392	-0.0977903	-0.105942	-0.114094	-0.122246	-0.130398	-0.138551	-0.146703	-0.154856	-0.163008	-0.17116	-0.179312	-0.187463	-0.195613	-0.203762	-0.211909	-0.220054	-0.228198	-0.236339	-0.244477	-0.252612	-0.260743	-0.26887	-0.276993	-0.28511	-0.293221	-0.301326	-0.309423	-0.317513	-0.325595	-0.333667	-0.341729	-0.349781	-0.35782	-0.365847	-0.37386	-0.381859	-0.389842	-0.397809	-0.405757	-0.413687	-0.421597	-0.429485	-0.43735	-0.445192	-0.453009	-0.460798	-0.46856	-0.476292	-0.483993	-0.491661	-0.499296	-0.506894	-0.514455	-0.521976	-0.529457	-0.536895	-0.544288	-0.551634	-0.558933	-0.566181	-0.573376	-0.580518	-0.587603	-0.59463	-0.601596	-0.608499	-0.615338	-0.622109	-0.628811	-0.635442	-0.641999	-0.648479	-0.654881	-0.661202	-0.66744	-0.673592	-0.679656	-0.685629	-0.691508	-0.697293	-0.702978	-0.708564	-0.714045	-0.719421	-0.724689	-0.729845	-0.734887	-0.739814	-0.744621	-0.749307	-0.753868	-0.758303	-0.762608	-0.76678	-0.770819	-0.774719	-0.77848	-0.782098	-0.78557	-0.788895	-0.792069	-0.79509	-0.797956	-0.800663	-0.803209	-0.805593	-0.80781	-0.809859	-0.811737	-0.813443	-0.814972	-0.816324	-0.817496	-0.818485	-0.819289	-0.819906	-0.820334	-0.820571	-0.820614	-0.820462	-0.820112	-0.819562	-0.818811	-0.817856	-0.816696	-0.815329	-0.813754	-0.811968	-0.809969	-0.807758	-0.805331	-0.802688	-0.799826	-0.796746	-0.793445	-0.789923	-0.786178	-0.782209	-0.778015	-0.773596	-0.76895	-0.764078	-0.758977	-0.753648	-0.74809	-0.742303	-0.736287	-0.73004	-0.723563	-0.716856	-0.709919	-0.702752	-0.695355	-0.687728	-0.679872	-0.671787	-0.663473	-0.654932	-0.646164	-0.637169	-0.62795	-0.618505	-0.608838	-0.598948	-0.588838	-0.578508	-0.56796	-0.557196	-0.546217	-0.535024	-0.523621	-0.512008	-0.500188	-0.488163	-0.475935	-0.463506	-0.45088	-0.438057	-0.425042	-0.411836	-0.398443	-0.384865	-0.371106	-0.357168	-0.343055	-0.328769	-0.314315	-0.299695	-0.284914	-0.269974	-0.25488	-0.239636	-0.224244	-0.20871	-0.193037	-0.177229	-0.161291	-0.145227	-0.129041	-0.112738	-0.0963222	-0.0797982	-0.0631707	-0.0464444	-0.0296243	-0.0127152	0.004278	0.0213502	0.0384964	0.0557113	0.0729899	0.0903267	0.107717	0.125154	0.142634	0.16015	0.177697	0.195271	0.212864	0.230471	0.248087	0.265706	0.283321	0.300929	0.318521	0.336093	0.353639	0.371152	0.388627	0.406058	0.423438	0.440763	0.458025	0.475218	0.492338	0.509377	0.52633	0.54319	0.559952	0.576609	0.593155	0.609585	0.625893	0.642072	0.658116	0.67402	0.689777	0.705382	0.720829	0.736111	0.751224	0.766161	0.780916	0.795485	0.80986	0.824037	0.83801	0.851774	0.865322	0.87865	0.891753	0.904624	0.917259	0.929653	0.9418	0.953696	0.965335	0.976712	0.987824	0.998665	1.00923	1.01951	1.02952	1.03923	1.04865	1.05777	1.06659	1.0751	1.0833	1.0912	1.09877	1.10602	1.11295	1.11956	1.12583	1.13177	1.13737	1.14263	1.14755	1.15212	1.15635	1.16023	1.16375	1.16692	1.16973	1.17218	1.17427	1.176	1.17737	1.17837	1.179	1.17926	1.17916	1.17869	1.17784	1.17663	1.17504	1.17308	1.17075	1.16805	1.16497	1.16152	1.1577	1.15351	1.14895	1.14401	1.13871	1.13304	1.127	1.1206	1.11383	1.1067	1.09921	1.09136	1.08316	1.0746	1.06568	1.05642	1.04681	1.03685	1.02655	1.01591	1.00493	0.993626	0.981988	0.970023	0.957736	0.945131	0.932209	0.918977	0.905438	0.891595	0.877455	0.863019	0.848295	0.833285	0.817995	0.80243	0.786595	0.770495	0.754134	0.737519	0.720655	0.703547	0.686201	0.668622	0.650817	0.632791	0.61455	0.596101	0.577449	0.558601	0.539563	0.520341	0.500942	0.481372	0.461638	0.441747	0.421705	0.401519	0.381196	0.360742	0.340166	0.319473	0.298671	0.277766	0.256767	0.23568	0.214512	0.193271	0.171963	0.150597	0.129179	0.107717	0.086218	0.0646893	0.0431385	0.021573	0
0	-0.00093217	-0.0018677	-0.00280993	-0.00376223	-0.00472792	-0.00571034	-0.00671279	-0.00773859	-0.008791	-0.00987327	-0.0109887	-0.0121403	-0.0133315	-0.0145652	-0.0158447	-0.017173	-0.018553	-0.0199879	-0.0214804	-0.0230336	-0.0246501	-0.0263329	-0.0280846	-0.0299079	-0.0318053	-0.0337795	-0.0358329	-0.0379679	-0.0401868	-0.0424919	-0.0448853	-0.0473693	-0.0499458	-0.0526167	-0.055384	-0.0582494	-0.0612146	-0.0642812	-0.0674508	-0.0707248	-0.0741044	-0.077591	-0.0811856	-0.0848894	-0.0887033	-0.0926281	-0.0966646	-0.100813	-0.105075	-0.10945	-0.113939	-0.118541	-0.123257	-0.128088	-0.133032	-0.13809	-0.143262	-0.148546	-0.153943	-0.159451	-0.16507	-0.1708	-0.176639	-0.182586	-0.188639	-0.194799	-0.201062	-0.207428	-0.213895	-0.220461	-0.227125	-0.233884	-0.240736	-0.24768	-0.254712	-0.261831	-0.269033	-0.276318	-0.28368	-0.291119	-0.29863	-0.306212	-0.31386	-0.321572	-0.329344	-0.337173	-0.345056	-0.352989	-0.360968	-0.368989	-0.37705	-0.385145	-0.393271	-0.401424	-0.409599	-0.417793	-0.426002	-0.43422	-0.442443	-0.450668	-0.458889	-0.467102	-0.475302	-0.483484	-0.491644	-0.499778	-0.507879	-0.515943	-0.523966	-0.531942	-0.539866	-0.547734	-0.55554	-0.563279	-0.570945	-0.578535	-0.586043	-0.593462	-0.60079	-0.608019	-0.615146	-0.622164	-0.629069	-0.635856	-0.642519	-0.649053	-0.655453	-0.661714	-0.667831	-0.673798	-0.679611	-0.685265	-0.690755	-0.696075	-0.701221	-0.706189	-0.710972	-0.715567	-0.719968	-0.724172	-0.728173	-0.731967	-0.73555	-0.738917	-0.742064	-0.744986	-0.74768	-0.750141	-0.752365	-0.754349	-0.756088	-0.75758	-0.758819	-0.759804	-0.760529	-0.760993	-0.761191	-0.761121	-0.76078	-0.760164	-0.759272	-0.758099	-0.756645	-0.754906	-0.752879	-0.750564	-0.747958	-0.745058	-0.741864	-0.738374	-0.734585	-0.730497	-0.726109	-0.721419	-0.716426	-0.711131	-0.705531	-0.699626	-0.693417	-0.686903	-0.680084	-0.672959	-0.66553	-0.657797	-0.649759	-0.641419	-0.632776	-0.623832	-0.614588	-0.605045	-0.595205	-0.585069	-0.574639	-0.563917	-0.552906	-0.541606	-0.530022	-0.518155	-0.506008	-0.493584	-0.480886	-0.467918	-0.454681	-0.441181	-0.42742	-0.413403	-0.399133	-0.384615	-0.369851	-0.354848	-0.33961	-0.32414	-0.308444	-0.292527	-0.276394	-0.26005	-0.2435	-0.226749	-0.209805	-0.192671	-0.175354	-0.157859	-0.140194	-0.122363	-0.104374	-0.0862328	-0.0679455	-0.0495189	-0.0309599	-0.0122752	0.00652827	0.0254435	0.0444635	0.063581	0.0827887	0.102079	0.121445	0.140879	0.160374	0.179921	0.199514	0.219143	0.238803	0.258483	0.278178	0.297878	0.317576	0.337264	0.356933	0.376576	0.396184	0.415749	0.435264	0.454719	0.474106	0.493418	0.512646	0.531782	0.550818	0.569745	0.588555	0.607241	0.625793	0.644204	0.662465	0.680569	0.698508	0.716273	0.733856	0.75125	0.768447	0.785439	0.802218	0.818776	0.835106	0.8512	0.867051	0.882652	0.897994	0.913071	0.927876	0.942402	0.956641	0.970587	0.984233	0.997573	1.0106	1.02331	1.03569	1.04774	1.05945	1.07081	1.08183	1.09249	1.10279	1.11273	1.12229	1.13148	1.14028	1.1487	1.15673	1.16436	1.17159	1.17842	1.18484	1.19085	1.19644	1.20161	1.20636	1.21069	1.21459	1.21805	1.22108	1.22368	1.22583	1.22755	1.22882	1.22965	1.23004	1.22997	1.22946	1.2285	1.22709	1.22523	1.22291	1.22015	1.21693	1.21327	1.20915	1.20459	1.19957	1.19411	1.1882	1.18185	1.17505	1.16781	1.16013	1.15201	1.14345	1.13447	1.12505	1.1152	1.10493	1.09425	1.08314	1.07162	1.05969	1.04735	1.03461	1.02147	1.00795	0.99403	0.979731	0.965054	0.950004	0.934587	0.918808	0.902674	0.886189	0.869361	0.852195	0.834698	0.816876	0.798736	0.780284	0.761528	0.742476	0.723133	0.703507	0.683607	0.663438	0.64301	0.622331	0.601407	0.580247	0.558859	0.537252	0.515434	0.493413	0.471199	0.448799	0.426222	0.403477	0.380574	0.357521	0.334326	0.311	0.287552	0.263989	0.240323	0.216562	0.192716	0.168793	0.144804	0.120757	0.096663	0.0725307	0.0483697	0.0241896	0
0	0.00497826	0.00995096	0.0149126	0.0198576	0.0247804	0.0296755	0.0345375	0.0393609	0.0441402	0.0488699	0.0535449	0.0581596	0.0627088	0.0671872	0.0715896	0.0759109	0.080146	0.0842897	0.0883372	0.0922835	0.0961238	0.0998533	0.103467	0.106961	0.11033	0.11357	0.116677	0.119646	0.122473	0.125154	0.127685	0.130062	0.132281	0.134339	0.136233	0.137958	0.139511	0.14089	0.14209	0.14311	0.143947	0.144596	0.145057	0.145327	0.145402	0.145282	0.144964	0.144446	0.143727	0.142804	0.141677	0.140343	0.138803	0.137054	0.135096	0.132928	0.13055	0.127961	0.125161	0.12215	0.118927	0.115493	0.111848	0.107993	0.103929	0.0996553	0.0951738	0.0904855	0.0855915	0.0804933	0.0751924	0.0696905	0.0639894	0.0580912	0.051998	0.0457122	0.039236	0.0325722	0.0257234	0.0186926	0.0114828	0.00409709	-0.00346118	-0.0111886	-0.0190815	-0.0271363	-0.0353491	-0.0437159	-0.0522327	-0.0608951	-0.0696989	-0.0786396	-0.0877125	-0.096913	-0.106236	-0.115677	-0.125231	-0.134893	-0.144656	-0.154517	-0.16447	-0.174508	-0.184627	-0.19482	-0.205082	-0.215408	-0.22579	-0.236223	-0.246701	-0.257217	-0.267766	-0.278341	-0.288935	-0.299543	-0.310158	-0.320773	-0.331381	-0.341977	-0.352553	-0.363102	-0.373619	-0.384097	-0.394528	-0.404905	-0.415223	-0.425474	-0.435652	-0.44575	-0.45576	-0.465677	-0.475493	-0.485202	-0.494797	-0.504272	-0.513619	-0.522832	-0.531905	-0.54083	-0.549602	-0.558214	-0.56666	-0.574933	-0.583027	-0.590935	-0.598652	-0.606172	-0.613488	-0.620595	-0.627486	-0.634157	-0.6406	-0.646812	-0.652786	-0.658517	-0.663999	-0.669229	-0.674199	-0.678907	-0.683346	-0.687512	-0.691401	-0.695008	-0.698328	-0.701359	-0.704095	-0.706533	-0.708669	-0.710499	-0.712021	-0.71323	-0.714124	-0.714699	-0.714953	-0.714883	-0.714487	-0.713761	-0.712705	-0.711316	-0.709593	-0.707532	-0.705134	-0.702396	-0.699318	-0.695899	-0.692137	-0.688032	-0.683585	-0.678793	-0.673658	-0.66818	-0.662358	-0.656194	-0.649688	-0.64284	-0.635652	-0.628126	-0.620261	-0.612061	-0.603527	-0.59466	-0.585463	-0.575938	-0.566088	-0.555916	-0.545424	-0.534615	-0.523492	-0.51206	-0.50032	-0.488279	-0.475938	-0.463303	-0.450377	-0.437165	-0.423672	-0.409903	-0.395861	-0.381554	-0.366984	-0.352159	-0.337084	-0.321764	-0.306206	-0.290414	-0.274397	-0.258159	-0.241707	-0.225048	-0.208189	-0.191136	-0.173896	-0.156477	-0.138886	-0.12113	-0.103216	-0.0851524	-0.0669464	-0.0486058	-0.0301386	-0.0115527	0.00714388	0.0259429	0.0448363	0.0638157	0.0828726	0.101999	0.121185	0.140424	0.159707	0.179024	0.198367	0.217727	0.237096	0.256464	0.275823	0.295163	0.314477	0.333754	0.352986	0.372164	0.391278	0.410321	0.429283	0.448154	0.466926	0.485591	0.504138	0.52256	0.540847	0.55899	0.576981	0.594811	0.612471	0.629953	0.647248	0.664347	0.681243	0.697926	0.714389	0.730622	0.746619	0.762371	0.77787	0.793108	0.808078	0.822771	0.837181	0.8513	0.86512	0.878635	0.891837	0.90472	0.917276	0.929499	0.941383	0.952921	0.964107	0.974935	0.985399	0.995493	1.00521	1.01455	1.0235	1.03206	1.04023	1.04799	1.05535	1.0623	1.06884	1.07496	1.08065	1.08592	1.09077	1.09518	1.09915	1.10269	1.10579	1.10844	1.11065	1.11242	1.11373	1.11459	1.11501	1.11496	1.11447	1.11352	1.11211	1.11025	1.10793	1.10516	1.10193	1.09825	1.09411	1.08952	1.08447	1.07898	1.07304	1.06664	1.05981	1.05253	1.04481	1.03665	1.02805	1.01903	1.00957	0.99969	0.989386	0.978665	0.967529	0.955984	0.944034	0.931682	0.918936	0.905798	0.892274	0.878371	0.864093	0.849446	0.834436	0.81907	0.803353	0.787292	0.770893	0.754164	0.737112	0.719742	0.702064	0.684084	0.665809	0.647248	0.628407	0.609297	0.589923	0.570295	0.55042	0.530308	0.509967	0.489405	0.468632	0.447656	0.426487	0.405132	0.383603	0.361907	0.340054	0.318054	0.295916	0.27365	0.251265	0.228771	0.206178	0.183495	0.160733	0.137901	0.115009	0.0920673	0.0690855	0.0460737	0.0230418	0
0	0.00871877	0.0174313	0.0261313	0.0348125	0.0434686	0.0520936	0.0606811	0.0692249	0.077719	0.0861571	0.0945332	0.102841	0.111075	0.119229	0.127297	0.135273	0.143152	0.150927	0.158593	0.166144	0.173575	0.18088	0.188054	0.195092	0.201988	0.208737	0.215334	0.221775	0.228054	0.234166	0.240107	0.245872	0.251457	0.256858	0.26207	0.267089	0.271911	0.276532	0.280949	0.285158	0.289155	0.292937	0.296501	0.299844	0.302962	0.305854	0.308515	0.310945	0.313139	0.315097	0.316816	0.318293	0.319528	0.320518	0.321263	0.32176	0.322009	0.322008	0.321756	0.321254	0.3205	0.319494	0.318235	0.316724	0.31496	0.312945	0.310677	0.308158	0.305389	0.30237	0.299103	0.295588	0.291827	0.287821	0.283572	0.279082	0.274353	0.269386	0.264185	0.258751	0.253087	0.247197	0.241082	0.234745	0.228191	0.221421	0.21444	0.207252	0.199859	0.192266	0.184476	0.176495	0.168325	0.159972	0.15144	0.142733	0.133857	0.124815	0.115614	0.106258	0.0967522	0.0871021	0.0773129	0.0673903	0.0573397	0.0471669	0.0368776	0.0264778	0.0159732	0.00537005	-0.00532568	-0.0161078	-0.02697	-0.0379061	-0.0489096	-0.0599742	-0.0710933	-0.0822604	-0.0934689	-0.104712	-0.115984	-0.127276	-0.138584	-0.149899	-0.161216	-0.172527	-0.183825	-0.195104	-0.206356	-0.217576	-0.228755	-0.239888	-0.250967	-0.261985	-0.272936	-0.283813	-0.294608	-0.305316	-0.31593	-0.326442	-0.336847	-0.347137	-0.357306	-0.367347	-0.377254	-0.387021	-0.396641	-0.406108	-0.415416	-0.424558	-0.433528	-0.442321	-0.450931	-0.459351	-0.467576	-0.4756	-0.483419	-0.491025	-0.498415	-0.505582	-0.512522	-0.51923	-0.5257	-0.531928	-0.53791	-0.54364	-0.549115	-0.554329	-0.55928	-0.563963	-0.568374	-0.572509	-0.576365	-0.579938	-0.583225	-0.586224	-0.58893	-0.591341	-0.593455	-0.595269	-0.59678	-0.597987	-0.598887	-0.599478	-0.599759	-0.599729	-0.599385	-0.598727	-0.597753	-0.596464	-0.594857	-0.592933	-0.590691	-0.588131	-0.585253	-0.582058	-0.578545	-0.574715	-0.570569	-0.566107	-0.561332	-0.556243	-0.550842	-0.545132	-0.539113	-0.532788	-0.526158	-0.519227	-0.511996	-0.504468	-0.496645	-0.488532	-0.48013	-0.471443	-0.462475	-0.453228	-0.443708	-0.433917	-0.423861	-0.413542	-0.402965	-0.392136	-0.381058	-0.369737	-0.358177	-0.346383	-0.334361	-0.322116	-0.309654	-0.29698	-0.2841	-0.271019	-0.257745	-0.244283	-0.230638	-0.216819	-0.20283	-0.188679	-0.174373	-0.159917	-0.145319	-0.130586	-0.115726	-0.100744	-0.0856481	-0.0704461	-0.055145	-0.0397523	-0.0242754	-0.00872198	0.00690045	0.0225842	0.0383214	0.0541045	0.0699256	0.0857768	0.10165	0.117538	0.133432	0.149325	0.165208	0.181074	0.196914	0.21272	0.228485	0.244201	0.259859	0.275451	0.29097	0.306408	0.321756	0.337008	0.352154	0.367187	0.3821	0.396884	0.411533	0.426037	0.440391	0.454586	0.468614	0.48247	0.496144	0.509631	0.522922	0.536012	0.548892	0.561556	0.573998	0.58621	0.598187	0.609921	0.621407	0.632638	0.643608	0.65431	0.664741	0.674893	0.68476	0.694339	0.703622	0.712606	0.721284	0.729653	0.737708	0.745443	0.752854	0.759938	0.76669	0.773106	0.779182	0.784916	0.790302	0.795339	0.800022	0.80435	0.808319	0.811927	0.815171	0.818049	0.820559	0.8227	0.824469	0.825865	0.826888	0.827534	0.827805	0.827699	0.827215	0.826354	0.825115	0.823497	0.821503	0.81913	0.816381	0.813257	0.809757	0.805884	0.801638	0.797021	0.792035	0.786683	0.780965	0.774884	0.768443	0.761644	0.754491	0.746986	0.739132	0.730933	0.722392	0.713514	0.704301	0.694759	0.68489	0.674701	0.664194	0.653376	0.642251	0.630823	0.619099	0.607083	0.59478	0.582198	0.569341	0.556215	0.542827	0.529182	0.515287	0.501149	0.486773	0.472167	0.457338	0.442292	0.427037	0.411579	0.395926	0.380085	0.364064	0.347871	0.331512	0.314996	0.29833	0.281523	0.264582	0.247515	0.23033	0.213037	0.195641	0.178153	0.16058	0.142931	0.125214	0.107437	0.0896089	0.0717383	0.0538336	0.0359033	0.0179559	0
0	0.010004	0.0200026	0.0299901	0.0399613	0.0499106	0.0598325	0.0697217	0.0795728	0.0893802	0.0991387	0.108843	0.118488	0.128067	0.137577	0.147011	0.156365	0.165634	0.174811	0.183893	0.192874	0.20175	0.210515	0.219165	0.227695	0.236101	0.244377	0.252519	0.260524	0.268385	0.2761	0.283664	0.291073	0.298322	0.305408	0.312327	0.319075	0.325649	0.332045	0.338259	0.344288	0.350128	0.355777	0.361232	0.366489	0.371546	0.3764	0.381048	0.385487	0.389716	0.393732	0.397533	0.401117	0.404481	0.407625	0.410545	0.413242	0.415713	0.417957	0.419973	0.421759	0.423316	0.424641	0.425734	0.426596	0.427224	0.42762	0.427782	0.427711	0.427407	0.426869	0.4261	0.425097	0.423864	0.422399	0.420705	0.418781	0.416629	0.414251	0.411647	0.408819	0.405769	0.402498	0.399009	0.395303	0.391381	0.387248	0.382904	0.378352	0.373595	0.368635	0.363476	0.358119	0.352569	0.346828	0.340898	0.334785	0.32849	0.322018	0.315372	0.308556	0.301573	0.294428	0.287124	0.279666	0.272057	0.264302	0.256405	0.248371	0.240203	0.231907	0.223487	0.214948	0.206294	0.19753	0.188662	0.179693	0.170629	0.161476	0.152237	0.142918	0.133525	0.124062	0.114535	0.104948	0.0953085	0.08562	0.0758885	0.0661193	0.0563177	0.0464892	0.0366392	0.0267732	0.0168966	0.00701475	-0.00286679	-0.0127426	-0.0226073	-0.0324553	-0.0422814	-0.05208	-0.0618457	-0.0715733	-0.0812573	-0.0908924	-0.100473	-0.109995	-0.119452	-0.128838	-0.13815	-0.147382	-0.156528	-0.165584	-0.174545	-0.183406	-0.192162	-0.200808	-0.209339	-0.217751	-0.226039	-0.234199	-0.242226	-0.250116	-0.257864	-0.265466	-0.272919	-0.280217	-0.287357	-0.294336	-0.301149	-0.307792	-0.314262	-0.320555	-0.326669	-0.332599	-0.338343	-0.343897	-0.349258	-0.354424	-0.359391	-0.364157	-0.36872	-0.373076	-0.377224	-0.381161	-0.384886	-0.388396	-0.391689	-0.394763	-0.397618	-0.400251	-0.402661	-0.404846	-0.406807	-0.408541	-0.410048	-0.411326	-0.412377	-0.413198	-0.413789	-0.414151	-0.414283	-0.414184	-0.413856	-0.413299	-0.412512	-0.411497	-0.410254	-0.408784	-0.407087	-0.405165	-0.403019	-0.40065	-0.398059	-0.395248	-0.392219	-0.388974	-0.385514	-0.381841	-0.377957	-0.373865	-0.369567	-0.365065	-0.360362	-0.355461	-0.350365	-0.345075	-0.339597	-0.333931	-0.328082	-0.322054	-0.315848	-0.30947	-0.302922	-0.296208	-0.289333	-0.282299	-0.275111	-0.267774	-0.26029	-0.252664	-0.244901	-0.237005	-0.228981	-0.220832	-0.212564	-0.204181	-0.195688	-0.187089	-0.17839	-0.169595	-0.16071	-0.151739	-0.142687	-0.133559	-0.124361	-0.115098	-0.105774	-0.0963957	-0.0869675	-0.0774949	-0.0679832	-0.0584378	-0.0488639	-0.0392669	-0.0296522	-0.0200251	-0.0103912	-0.000755638	0.00887607	0.0184986	0.0281065	0.0376944	0.0472571	0.0567891	0.0662851	0.0757399	0.0851481	0.0945045	0.103804	0.113041	0.122211	0.131308	0.140328	0.149265	0.158115	0.166872	0.175532	0.18409	0.19254	0.200879	0.209102	0.217204	0.22518	0.233027	0.240739	0.248313	0.255745	0.263029	0.270163	0.277141	0.283962	0.290619	0.297111	0.303432	0.309581	0.315552	0.321344	0.326953	0.332375	0.337608	0.342648	0.347494	0.352142	0.35659	0.360835	0.364875	0.368708	0.372331	0.375743	0.378942	0.381926	0.384693	0.387243	0.389572	0.391681	0.393568	0.395232	0.396673	0.397888	0.398879	0.399643	0.400182	0.400494	0.40058	0.400439	0.400071	0.399478	0.398658	0.397614	0.396344	0.394851	0.393135	0.391196	0.389037	0.386658	0.38406	0.381246	0.378216	0.374973	0.371519	0.367854	0.363982	0.359905	0.355625	0.351144	0.346465	0.34159	0.336523	0.331266	0.325822	0.320195	0.314387	0.308402	0.302243	0.295913	0.289417	0.282757	0.275939	0.268964	0.261838	0.254565	0.247148	0.239592	0.231901	0.224079	0.216131	0.208061	0.199874	0.191574	0.183167	0.174656	0.166047	0.157344	0.148553	0.139678	0.130724	0.121697	0.112601	0.103442	0.0942244	0.0849539	0.0756355	0.0662745	0.0568762	0.0474458	0.0379888	0.0285103	0.0190158	0.00951057	0
0	0.00913814	0.0182728	0.0274004	0.0365175	0.0456207	0.0547063	0.063771	0.0728112	0.0818236	0.0908045	0.0997507	0.108659	0.117525	0.126347	0.13512	0.143841	0.152507	0.161115	0.169662	0.178144	0.186557	0.1949	0.203168	0.211358	0.219469	0.227495	0.235435	0.243285	0.251043	0.258705	0.266269	0.273732	0.281091	0.288344	0.295487	0.302519	0.309436	0.316236	0.322917	0.329476	0.335911	0.342219	0.348398	0.354447	0.360362	0.366143	0.371786	0.37729	0.382653	0.387873	0.392948	0.397877	0.402658	0.407289	0.411769	0.416096	0.42027	0.424288	0.428149	0.431853	0.435398	0.438782	0.442006	0.445068	0.447967	0.450703	0.453274	0.455681	0.457922	0.459997	0.461906	0.463648	0.465224	0.466632	0.467872	0.468945	0.469851	0.470589	0.47116	0.471564	0.471802	0.471872	0.471777	0.471516	0.471091	0.470501	0.469747	0.46883	0.467751	0.466511	0.46511	0.463551	0.461833	0.459957	0.457926	0.455741	0.453402	0.450911	0.44827	0.445479	0.442542	0.439458	0.436231	0.432861	0.42935	0.425701	0.421915	0.417994	0.41394	0.409755	0.405441	0.401001	0.396436	0.391748	0.386941	0.382017	0.376976	0.371823	0.36656	0.361188	0.355711	0.350131	0.344451	0.338673	0.3328	0.326834	0.320778	0.314636	0.308409	0.302101	0.295714	0.289251	0.282715	0.276109	0.269436	0.262698	0.255899	0.249041	0.242127	0.235161	0.228145	0.221083	0.213976	0.206829	0.199644	0.192424	0.185172	0.177892	0.170585	0.163255	0.155906	0.148539	0.141158	0.133766	0.126366	0.118961	0.111553	0.104146	0.0967424	0.0893449	0.0819566	0.0745802	0.0672185	0.0598744	0.0525505	0.0452497	0.0379746	0.030728	0.0235124	0.0163304	0.00918482	0.00207804	-0.00498735	-0.0120089	-0.018984	-0.0259105	-0.0327857	-0.0396074	-0.0463734	-0.0530812	-0.0597286	-0.0663136	-0.0728338	-0.0792873	-0.0856719	-0.0919856	-0.0982265	-0.104393	-0.110482	-0.116493	-0.122423	-0.128272	-0.134037	-0.139716	-0.145309	-0.150813	-0.156227	-0.161549	-0.166779	-0.171915	-0.176955	-0.181898	-0.186744	-0.191491	-0.196137	-0.200683	-0.205127	-0.209467	-0.213704	-0.217837	-0.221864	-0.225785	-0.229599	-0.233306	-0.236906	-0.240397	-0.24378	-0.247054	-0.250218	-0.253273	-0.256218	-0.259054	-0.261779	-0.264394	-0.2669	-0.269295	-0.271581	-0.273757	-0.275823	-0.27778	-0.279629	-0.281369	-0.283001	-0.284525	-0.285942	-0.287253	-0.288458	-0.289557	-0.290552	-0.291443	-0.292231	-0.292916	-0.293501	-0.293984	-0.294369	-0.294654	-0.294843	-0.294934	-0.294931	-0.294833	-0.294642	-0.29436	-0.293986	-0.293524	-0.292973	-0.292336	-0.291614	-0.290807	-0.289918	-0.288948	-0.287898	-0.286771	-0.285566	-0.284287	-0.282934	-0.28151	-0.280015	-0.278451	-0.27682	-0.275124	-0.273364	-0.271543	-0.26966	-0.26772	-0.265722	-0.263669	-0.261562	-0.259404	-0.257196	-0.254939	-0.252636	-0.250288	-0.247897	-0.245465	-0.242994	-0.240484	-0.237939	-0.235359	-0.232747	-0.230104	-0.227432	-0.224733	-0.222008	-0.219259	-0.216488	-0.213696	-0.210885	-0.208057	-0.205213	-0.202355	-0.199485	-0.196604	-0.193714	-0.190816	-0.187911	-0.185002	-0.18209	-0.179176	-0.176261	-0.173348	-0.170437	-0.16753	-0.164628	-0.161732	-0.158844	-0.155965	-0.153097	-0.150239	-0.147394	-0.144563	-0.141747	-0.138946	-0.136162	-0.133396	-0.130649	-0.127922	-0.125215	-0.12253	-0.119867	-0.117228	-0.114612	-0.112021	-0.109455	-0.106916	-0.104403	-0.101917	-0.099459	-0.0970293	-0.0946283	-0.0922565	-0.0899143	-0.0876021	-0.0853202	-0.0830689	-0.0808485	-0.0786591	-0.076501	-0.0743744	-0.0722792	-0.0702157	-0.0681838	-0.0661836	-0.0642151	-0.0622781	-0.0603726	-0.0584985	-0.0566556	-0.0548437	-0.0530625	-0.0513119	-0.0495916	-0.0479011	-0.0462402	-0.0446085	-0.0430055	-0.0414309	-0.0398841	-0.0383647	-0.0368721	-0.0354057	-0.0339651	-0.0325496	-0.0311585	-0.0297912	-0.0284471	-0.0271254	-0.0258255	-0.0245465	-0.0232877	-0.0220483	-0.0208276	-0.0196247	-0.0184388	-0.017269	-0.0161144	-0.0149742	-0.0138475	-0.0127334	-0.0116309	-0.0105392	-0.00945717	-0.00838401	-0.00731872	-0.00626032	-0.00520786	-0.00416034	-0.00311678	-0.0020762	-0.0010376	0
0	0.00689133	0.0137817	0.0206703	0.0275562	0.0344383	0.0413159	0.0481879	0.0550536	0.0619118	0.0687618	0.0756026	0.0824333	0.0892529	0.0960605	0.102855	0.109636	0.116402	0.123152	0.129886	0.136601	0.143299	0.149976	0.156634	0.163269	0.169882	0.176472	0.183037	0.189577	0.196091	0.202577	0.209035	0.215463	0.221861	0.228227	0.234561	0.240862	0.247128	0.253359	0.259553	0.265709	0.271827	0.277905	0.283942	0.289937	0.29589	0.301798	0.307662	0.313479	0.319249	0.32497	0.330642	0.336264	0.341834	0.347351	0.352814	0.358222	0.363574	0.368868	0.374104	0.379281	0.384397	0.38945	0.394441	0.399368	0.404229	0.409024	0.413751	0.418409	0.422997	0.427514	0.431959	0.43633	0.440627	0.444847	0.448991	0.453056	0.457042	0.460948	0.464772	0.468513	0.47217	0.475742	0.479228	0.482626	0.485936	0.489156	0.492285	0.495322	0.498267	0.501116	0.503871	0.506529	0.50909	0.511552	0.513915	0.516177	0.518337	0.520394	0.522348	0.524197	0.52594	0.527576	0.529104	0.530523	0.531833	0.533032	0.53412	0.535095	0.535957	0.536705	0.537337	0.537854	0.538254	0.538536	0.538701	0.538746	0.538671	0.538476	0.53816	0.537723	0.537162	0.536479	0.535672	0.534742	0.533686	0.532505	0.531199	0.529766	0.528207	0.526521	0.524707	0.522766	0.520697	0.5185	0.516174	0.51372	0.511137	0.508425	0.505584	0.502613	0.499514	0.496285	0.492927	0.48944	0.485823	0.482078	0.478205	0.474202	0.470072	0.465813	0.461427	0.456913	0.452273	0.447506	0.442613	0.437595	0.432452	0.427185	0.421793	0.416279	0.410643	0.404885	0.399007	0.393008	0.386891	0.380656	0.374303	0.367835	0.361251	0.354554	0.347744	0.340822	0.33379	0.326649	0.3194	0.312045	0.304585	0.29702	0.289354	0.281587	0.273721	0.265758	0.257699	0.249545	0.241299	0.232962	0.224537	0.216024	0.207426	0.198744	0.189982	0.18114	0.17222	0.163226	0.154158	0.145019	0.135811	0.126536	0.117198	0.107796	0.0983355	0.0888171	0.0792436	0.0696173	0.0599408	0.0502165	0.0404469	0.0306345	0.0207819	0.0108916	0.00096635	-0.00899128	-0.0189786	-0.028993	-0.0390316	-0.0490918	-0.0591708	-0.0692659	-0.0793741	-0.0894927	-0.0996189	-0.10975	-0.119882	-0.130014	-0.140141	-0.150262	-0.160373	-0.170471	-0.180553	-0.190616	-0.200658	-0.210674	-0.220664	-0.230622	-0.240546	-0.250434	-0.260282	-0.270087	-0.279847	-0.289557	-0.299215	-0.308819	-0.318365	-0.327849	-0.33727	-0.346624	-0.355908	-0.365118	-0.374253	-0.383309	-0.392283	-0.401173	-0.409974	-0.418685	-0.427303	-0.435824	-0.444246	-0.452565	-0.46078	-0.468887	-0.476884	-0.484767	-0.492534	-0.500183	-0.50771	-0.515114	-0.522391	-0.529538	-0.536554	-0.543436	-0.550181	-0.556787	-0.563251	-0.569572	-0.575746	-0.581772	-0.587647	-0.593368	-0.598935	-0.604345	-0.609595	-0.614683	-0.619608	-0.624368	-0.628961	-0.633384	-0.637637	-0.641716	-0.645622	-0.649352	-0.652903	-0.656276	-0.659469	-0.662479	-0.665305	-0.667947	-0.670403	-0.672672	-0.674753	-0.676644	-0.678344	-0.679854	-0.68117	-0.682294	-0.683224	-0.683959	-0.684498	-0.684842	-0.684989	-0.68494	-0.684693	-0.684248	-0.683605	-0.682764	-0.681725	-0.680488	-0.679052	-0.677417	-0.675585	-0.673554	-0.671326	-0.6689	-0.666277	-0.663457	-0.660441	-0.65723	-0.653823	-0.650223	-0.646429	-0.642442	-0.638264	-0.633896	-0.629337	-0.62459	-0.619656	-0.614535	-0.60923	-0.603741	-0.598071	-0.592219	-0.586189	-0.579982	-0.573599	-0.567042	-0.560312	-0.553413	-0.546345	-0.539111	-0.531713	-0.524152	-0.516432	-0.508553	-0.500519	-0.492332	-0.483994	-0.475507	-0.466875	-0.458099	-0.449182	-0.440127	-0.430937	-0.421614	-0.412161	-0.402581	-0.392876	-0.38305	-0.373106	-0.363046	-0.352874	-0.342593	-0.332206	-0.321716	-0.311126	-0.300439	-0.289659	-0.27879	-0.267833	-0.256794	-0.245674	-0.234479	-0.22321	-0.211872	-0.200468	-0.189001	-0.177476	-0.165895	-0.154262	-0.142582	-0.130857	-0.119091	-0.107288	-0.0954516	-0.0835855	-0.0716932	-0.0597785	-0.0478452	-0.035897	-0.0239376	-0.0119706	0
0	0.00427496	0.00855151	0.0128312	0.0171157	0.0214066	0.0257053	0.0300135	0.0343328	0.0386646	0.0430105	0.047372	0.0517506	0.0561477	0.0605648	0.0650034	0.0694648	0.0739503	0.0784614	0.0829993	0.0875654	0.0921607	0.0967867	0.101444	0.106135	0.11086	0.115619	0.120415	0.125247	0.130118	0.135027	0.139976	0.144965	0.149995	0.155067	0.160182	0.165339	0.17054	0.175784	0.181073	0.186407	0.191785	0.197208	0.202676	0.20819	0.213749	0.219353	0.225002	0.230696	0.236435	0.242218	0.248045	0.253916	0.25983	0.265786	0.271783	0.277822	0.283901	0.290019	0.296175	0.302369	0.308599	0.314865	0.321164	0.327496	0.333859	0.340251	0.346672	0.35312	0.359593	0.366089	0.372607	0.379145	0.3857	0.392272	0.398857	0.405453	0.41206	0.418673	0.425292	0.431913	0.438534	0.445154	0.451768	0.458375	0.464972	0.471556	0.478124	0.484674	0.491203	0.497708	0.504186	0.510633	0.517048	0.523426	0.529765	0.536061	0.542312	0.548513	0.554663	0.560756	0.566791	0.572763	0.57867	0.584507	0.590272	0.59596	0.601569	0.607095	0.612534	0.617883	0.623138	0.628295	0.633352	0.638304	0.643148	0.64788	0.652498	0.656996	0.661372	0.665622	0.669742	0.673729	0.67758	0.68129	0.684857	0.688277	0.691546	0.694662	0.69762	0.700417	0.70305	0.705516	0.707812	0.709933	0.711878	0.713643	0.715225	0.71662	0.717826	0.718841	0.71966	0.720282	0.720703	0.720921	0.720933	0.720737	0.72033	0.719709	0.718873	0.71782	0.716546	0.71505	0.713329	0.711383	0.709208	0.706804	0.704168	0.701299	0.698196	0.694856	0.691278	0.687463	0.683407	0.67911	0.674572	0.669791	0.664766	0.659498	0.653985	0.648227	0.642224	0.635975	0.629481	0.622741	0.615755	0.608524	0.601049	0.593328	0.585364	0.577157	0.568707	0.560016	0.551084	0.541913	0.532504	0.522858	0.512977	0.502862	0.492515	0.481939	0.471134	0.460103	0.448849	0.437373	0.425678	0.413766	0.401641	0.389304	0.376759	0.364009	0.351057	0.337907	0.32456	0.311022	0.297295	0.283383	0.26929	0.25502	0.240577	0.225965	0.211188	0.19625	0.181156	0.16591	0.150517	0.134982	0.119309	0.103503	0.0875691	0.0715126	0.0553384	0.0390517	0.0226579	0.00616231	-0.0104296	-0.0271122	-0.0438801	-0.0607273	-0.0776484	-0.0946373	-0.111688	-0.128795	-0.145952	-0.163153	-0.180392	-0.197663	-0.214959	-0.232274	-0.249602	-0.266937	-0.284272	-0.3016	-0.318916	-0.336212	-0.353483	-0.370721	-0.387921	-0.405074	-0.422176	-0.439219	-0.456196	-0.473102	-0.489928	-0.50667	-0.523319	-0.53987	-0.556315	-0.572649	-0.588864	-0.604953	-0.620912	-0.636731	-0.652407	-0.66793	-0.683296	-0.698498	-0.71353	-0.728384	-0.743055	-0.757537	-0.771822	-0.785906	-0.799782	-0.813444	-0.826886	-0.840103	-0.853087	-0.865834	-0.878337	-0.890592	-0.902592	-0.914332	-0.925807	-0.937012	-0.94794	-0.958588	-0.96895	-0.979021	-0.988796	-0.998271	-1.00744	-1.0163	-1.02485	-1.03308	-1.04098	-1.04856	-1.05581	-1.06273	-1.06931	-1.07554	-1.08143	-1.08698	-1.09217	-1.09701	-1.10149	-1.10561	-1.10937	-1.11276	-1.11579	-1.11845	-1.12073	-1.12264	-1.12418	-1.12534	-1.12612	-1.12652	-1.12654	-1.12617	-1.12543	-1.1243	-1.12279	-1.12089	-1.11861	-1.11594	-1.11289	-1.10945	-1.10563	-1.10142	-1.09683	-1.09186	-1.08651	-1.08078	-1.07467	-1.06818	-1.06132	-1.05408	-1.04647	-1.03849	-1.03014	-1.02142	-1.01235	-1.00291	-0.993117	-0.982969	-0.972469	-0.961621	-0.950428	-0.938895	-0.927024	-0.91482	-0.902286	-0.889428	-0.876248	-0.862751	-0.848942	-0.834826	-0.820408	-0.805691	-0.790683	-0.775386	-0.759808	-0.743952	-0.727826	-0.711434	-0.694782	-0.677877	-0.660723	-0.643328	-0.625697	-0.607837	-0.589754	-0.571455	-0.552946	-0.534234	-0.515325	-0.496227	-0.476946	-0.45749	-0.437865	-0.418079	-0.398139	-0.378052	-0.357825	-0.337466	-0.316983	-0.296383	-0.275673	-0.254861	-0.233955	-0.212963	-0.191892	-0.17075	-0.149545	-0.128284	-0.106976	-0.0856284	-0.064249	-0.0428459	-0.0214269	0
0	0.0022701	0.00454357	0.00682378	0.00911409	0.0114178	0.0137384	0.016079	0.0184431	0.0208339	0.0232547	0.0257086	0.028199	0.0307289	0.0333016	0.0359201	0.0385874	0.0413066	0.0440807	0.0469126	0.049805	0.052761	0.0557831	0.0588741	0.0620366	0.0652732	0.0685863	0.0719785	0.075452	0.0790091	0.082652	0.0863829	0.0902037	0.0941165	0.0981231	0.102225	0.106425	0.110723	0.115122	0.119622	0.124226	0.128933	0.133747	0.138666	0.143693	0.148828	0.154072	0.159426	0.164889	0.170462	0.176146	0.181941	0.187846	0.193862	0.199988	0.206225	0.212571	0.219026	0.225589	0.232261	0.239039	0.245923	0.252911	0.260003	0.267197	0.274491	0.281885	0.289376	0.296962	0.304641	0.312412	0.320272	0.328219	0.336251	0.344364	0.352557	0.360827	0.36917	0.377584	0.386066	0.394612	0.40322	0.411886	0.420605	0.429376	0.438194	0.447055	0.455956	0.464893	0.47386	0.482856	0.491874	0.500911	0.509962	0.519023	0.52809	0.537157	0.54622	0.555275	0.564316	0.573338	0.582337	0.591307	0.600244	0.609142	0.617995	0.6268	0.63555	0.644241	0.652866	0.66142	0.669899	0.678296	0.686606	0.694823	0.702943	0.710958	0.718865	0.726657	0.734329	0.741874	0.749288	0.756565	0.7637	0.770686	0.777519	0.784192	0.7907	0.797038	0.8032	0.809181	0.814976	0.820579	0.825984	0.831187	0.836182	0.840964	0.845529	0.84987	0.853984	0.857864	0.861507	0.864907	0.86806	0.870961	0.873606	0.875989	0.878108	0.879957	0.881533	0.882831	0.883847	0.884578	0.885019	0.885168	0.88502	0.884572	0.883821	0.882764	0.881397	0.879718	0.877724	0.875412	0.87278	0.869825	0.866546	0.862939	0.859003	0.854736	0.850137	0.845204	0.839936	0.83433	0.828388	0.822106	0.815486	0.808525	0.801224	0.793583	0.785601	0.777278	0.768614	0.759611	0.750269	0.740587	0.730568	0.720212	0.70952	0.698495	0.687137	0.675448	0.66343	0.651085	0.638416	0.625425	0.612115	0.598487	0.584546	0.570295	0.555736	0.540873	0.52571	0.51025	0.494498	0.478458	0.462133	0.445529	0.42865	0.4115	0.394085	0.37641	0.358479	0.340299	0.321875	0.303212	0.284317	0.265195	0.245853	0.226296	0.206531	0.186565	0.166405	0.146056	0.125527	0.104823	0.0839534	0.062924	0.0417426	0.0204167	-0.00104602	-0.0226378	-0.0443509	-0.0661773	-0.088109	-0.110138	-0.132255	-0.154454	-0.176724	-0.199058	-0.221448	-0.243884	-0.266358	-0.288861	-0.311384	-0.333919	-0.356456	-0.378987	-0.401502	-0.423993	-0.44645	-0.468865	-0.491227	-0.513529	-0.53576	-0.557912	-0.579976	-0.601942	-0.6238	-0.645542	-0.667159	-0.688642	-0.70998	-0.731166	-0.752189	-0.773041	-0.793713	-0.814196	-0.83448	-0.854557	-0.874418	-0.894054	-0.913457	-0.932617	-0.951526	-0.970175	-0.988557	-1.00666	-1.02448	-1.04201	-1.05924	-1.07615	-1.09275	-1.10903	-1.12497	-1.14057	-1.15583	-1.17073	-1.18526	-1.19943	-1.21322	-1.22663	-1.23965	-1.25227	-1.26449	-1.2763	-1.2877	-1.29867	-1.30922	-1.31934	-1.32901	-1.33825	-1.34703	-1.35537	-1.36324	-1.37066	-1.3776	-1.38408	-1.39008	-1.3956	-1.40064	-1.4052	-1.40926	-1.41283	-1.41591	-1.41849	-1.42057	-1.42215	-1.42323	-1.4238	-1.42386	-1.42341	-1.42246	-1.42099	-1.41901	-1.41652	-1.41352	-1.41	-1.40597	-1.40144	-1.39638	-1.39082	-1.38475	-1.37817	-1.37109	-1.3635	-1.3554	-1.34681	-1.33771	-1.32812	-1.31804	-1.30747	-1.29641	-1.28486	-1.27283	-1.26033	-1.24736	-1.23391	-1.22001	-1.20564	-1.19082	-1.17555	-1.15983	-1.14368	-1.1271	-1.11008	-1.09265	-1.0748	-1.05654	-1.03788	-1.01882	-0.999377	-0.97955	-0.959349	-0.938781	-0.917854	-0.896576	-0.874953	-0.852995	-0.83071	-0.808105	-0.78519	-0.761973	-0.738462	-0.714667	-0.690596	-0.666259	-0.641665	-0.616823	-0.591744	-0.566435	-0.540908	-0.515171	-0.489235	-0.463109	-0.436805	-0.410331	-0.383698	-0.356916	-0.329997	-0.302949	-0.275783	-0.248511	-0.221142	-0.193688	-0.166158	-0.138563	-0.110915	-0.0832243	-0.0555008	-0.0277558	0
0	0.00157344	0.00315086	0.00473621	0.00633346	0.00794655	0.00957943	0.011236	0.0129202	0.0146358	0.0163868	0.0181769	0.02001	0.0218897	0.0238198	0.025804	0.0278458	0.0299488	0.0321166	0.0343526	0.0366602	0.0390427	0.0415034	0.0440456	0.0466723	0.0493866	0.0521915	0.0550899	0.0580846	0.0611784	0.0643738	0.0676735	0.07108	0.0745955	0.0782224	0.0819629	0.085819	0.0897926	0.0938858	0.0981001	0.102437	0.106899	0.111486	0.116201	0.121043	0.126016	0.131118	0.136352	0.141717	0.147215	0.152846	0.15861	0.164507	0.170538	0.176702	0.182999	0.18943	0.195992	0.202687	0.209513	0.216469	0.223554	0.230768	0.238108	0.245574	0.253164	0.260876	0.268709	0.276661	0.284729	0.292912	0.301207	0.309612	0.318124	0.32674	0.335458	0.344274	0.353186	0.362191	0.371284	0.380464	0.389725	0.399065	0.408479	0.417964	0.427515	0.437129	0.446802	0.456528	0.466304	0.476124	0.485985	0.495882	0.505809	0.515762	0.525735	0.535724	0.545723	0.555728	0.565732	0.57573	0.585717	0.595688	0.605636	0.615555	0.625441	0.635287	0.645087	0.654836	0.664527	0.674154	0.683712	0.693194	0.702594	0.711906	0.721124	0.730241	0.739252	0.748149	0.756928	0.76558	0.774102	0.782485	0.790724	0.798812	0.806744	0.814513	0.822112	0.829536	0.836779	0.843834	0.850696	0.857357	0.863813	0.870058	0.876084	0.881888	0.887462	0.892801	0.897899	0.902752	0.907353	0.911696	0.915777	0.919591	0.923131	0.926394	0.929373	0.932065	0.934464	0.936566	0.938366	0.939859	0.941042	0.94191	0.942459	0.942685	0.942585	0.942154	0.941389	0.940286	0.938843	0.937055	0.934921	0.932438	0.929602	0.92641	0.922862	0.918954	0.914684	0.910051	0.905053	0.899688	0.893955	0.887852	0.88138	0.874535	0.867319	0.85973	0.851769	0.843434	0.834727	0.825647	0.816194	0.80637	0.796175	0.78561	0.774676	0.763374	0.751707	0.739675	0.727281	0.714527	0.701414	0.687946	0.674125	0.659954	0.645436	0.630574	0.615372	0.599833	0.583962	0.567761	0.551235	0.534389	0.517226	0.499753	0.481972	0.463891	0.445513	0.426845	0.407891	0.388658	0.369151	0.349377	0.329342	0.309052	0.288513	0.267733	0.246719	0.225477	0.204014	0.182338	0.160457	0.138377	0.116107	0.0936547	0.0710278	0.0482346	0.0252834	0.00218245	-0.0210597	-0.0444345	-0.0679331	-0.0915468	-0.115267	-0.139084	-0.162989	-0.186973	-0.211026	-0.235139	-0.259304	-0.283509	-0.307746	-0.332005	-0.356277	-0.38055	-0.404817	-0.429066	-0.453288	-0.477473	-0.501611	-0.525692	-0.549706	-0.573643	-0.597493	-0.621246	-0.644891	-0.668419	-0.691819	-0.715083	-0.738198	-0.761156	-0.783947	-0.80656	-0.828986	-0.851214	-0.873235	-0.89504	-0.916618	-0.937959	-0.959054	-0.979894	-1.00047	-1.02077	-1.04079	-1.06051	-1.07993	-1.09904	-1.11784	-1.1363	-1.15442	-1.1722	-1.18963	-1.20669	-1.22338	-1.23969	-1.25561	-1.27114	-1.28626	-1.30098	-1.31528	-1.32915	-1.34259	-1.35559	-1.36815	-1.38025	-1.3919	-1.40308	-1.41379	-1.42402	-1.43377	-1.44304	-1.45181	-1.46008	-1.46785	-1.47512	-1.48187	-1.4881	-1.49382	-1.49901	-1.50367	-1.5078	-1.5114	-1.51446	-1.51698	-1.51896	-1.5204	-1.52129	-1.52163	-1.52141	-1.52065	-1.51934	-1.51747	-1.51505	-1.51207	-1.50854	-1.50446	-1.49982	-1.49463	-1.48888	-1.48258	-1.47574	-1.46834	-1.4604	-1.45191	-1.44287	-1.4333	-1.42319	-1.41254	-1.40137	-1.38966	-1.37743	-1.36468	-1.35141	-1.33763	-1.32334	-1.30854	-1.29325	-1.27747	-1.26119	-1.24444	-1.22721	-1.20951	-1.19134	-1.17272	-1.15365	-1.13413	-1.11418	-1.09379	-1.07299	-1.05177	-1.03014	-1.00812	-0.985702	-0.962905	-0.939735	-0.9162	-0.892308	-0.868071	-0.843495	-0.818591	-0.793369	-0.767837	-0.742006	-0.715886	-0.689486	-0.662817	-0.635889	-0.608712	-0.581298	-0.553656	-0.525797	-0.497732	-0.469473	-0.441029	-0.412413	-0.383635	-0.354706	-0.325639	-0.296444	-0.267132	-0.237715	-0.208206	-0.178614	-0.148952	-0.119232	-0.0894651	-0.0596629	-0.0298373	0
0	0.00242001	0.00484326	0.00727299	0.00971243	0.0121648	0.0146333	0.0171211	0.0196315	0.0221675	0.0247323	0.0273291	0.0299608	0.0326306	0.0353414	0.0380963	0.0408981	0.0437498	0.0466542	0.0496141	0.0526322	0.0557113	0.058854	0.0620628	0.0653404	0.068689	0.0721112	0.0756092	0.0791854	0.0828418	0.0865805	0.0904037	0.0943132	0.098311	0.102399	0.106578	0.110851	0.115218	0.119682	0.124243	0.128903	0.133663	0.138524	0.143487	0.148553	0.153722	0.158996	0.164374	0.169857	0.175446	0.18114	0.18694	0.192846	0.198857	0.204974	0.211196	0.217523	0.223953	0.230487	0.237124	0.243862	0.250701	0.25764	0.264677	0.27181	0.279039	0.286363	0.293778	0.301283	0.308878	0.316558	0.324323	0.332169	0.340096	0.348099	0.356177	0.364327	0.372546	0.380831	0.389179	0.397587	0.406052	0.41457	0.423138	0.431753	0.440411	0.449108	0.45784	0.466604	0.475396	0.484211	0.493046	0.501895	0.510756	0.519623	0.528492	0.537358	0.546218	0.555065	0.563896	0.572706	0.58149	0.590242	0.598959	0.607634	0.616264	0.624842	0.633364	0.641824	0.650217	0.658538	0.666782	0.674943	0.683016	0.690996	0.698877	0.706653	0.71432	0.721872	0.729303	0.736608	0.743782	0.750819	0.757713	0.76446	0.771054	0.777489	0.783761	0.789863	0.795791	0.801539	0.807102	0.812475	0.817652	0.822629	0.827401	0.831962	0.836308	0.840433	0.844333	0.848002	0.851438	0.854633	0.857585	0.860289	0.86274	0.864934	0.866866	0.868533	0.869931	0.871055	0.871902	0.872468	0.872749	0.872742	0.872444	0.871851	0.87096	0.869767	0.868271	0.866468	0.864355	0.861931	0.859192	0.856136	0.852761	0.849065	0.845046	0.840703	0.836034	0.831037	0.825711	0.820055	0.814069	0.80775	0.801099	0.794114	0.786797	0.779145	0.77116	0.762842	0.75419	0.745205	0.735888	0.726239	0.71626	0.705951	0.695314	0.68435	0.673061	0.661449	0.649514	0.637261	0.62469	0.611805	0.598607	0.5851	0.571286	0.557169	0.542752	0.528038	0.513031	0.497735	0.482153	0.466289	0.450149	0.433736	0.417054	0.400109	0.382905	0.365448	0.347742	0.329793	0.311606	0.293187	0.274541	0.255675	0.236595	0.217306	0.197815	0.178129	0.158253	0.138195	0.117962	0.09756	0.0769963	0.0562783	0.0354132	0.0144083	-0.0067288	-0.0279905	-0.0493692	-0.070857	-0.092446	-0.114128	-0.135896	-0.15774	-0.179653	-0.201627	-0.223653	-0.245722	-0.267827	-0.289957	-0.312106	-0.334264	-0.356423	-0.378573	-0.400706	-0.422812	-0.444884	-0.466912	-0.488887	-0.5108	-0.532642	-0.554405	-0.576078	-0.597654	-0.619122	-0.640475	-0.661702	-0.682796	-0.703746	-0.724545	-0.745183	-0.765651	-0.78594	-0.806041	-0.825947	-0.845647	-0.865134	-0.884398	-0.903431	-0.922224	-0.94077	-0.959059	-0.977084	-0.994836	-1.01231	-1.02949	-1.04637	-1.06295	-1.07922	-1.09517	-1.11079	-1.12607	-1.14101	-1.15561	-1.16984	-1.18371	-1.19721	-1.21034	-1.22308	-1.23543	-1.24738	-1.25893	-1.27007	-1.2808	-1.29111	-1.30099	-1.31045	-1.31946	-1.32804	-1.33617	-1.34385	-1.35108	-1.35785	-1.36415	-1.36999	-1.37536	-1.38025	-1.38466	-1.3886	-1.39205	-1.39502	-1.39749	-1.39948	-1.40097	-1.40197	-1.40247	-1.40247	-1.40197	-1.40098	-1.39948	-1.39747	-1.39497	-1.39196	-1.38845	-1.38443	-1.37992	-1.3749	-1.36938	-1.36336	-1.35684	-1.34982	-1.34231	-1.3343	-1.3258	-1.31681	-1.30734	-1.29738	-1.28694	-1.27602	-1.26462	-1.25275	-1.24042	-1.22762	-1.21436	-1.20065	-1.18649	-1.17188	-1.15683	-1.14134	-1.12542	-1.10908	-1.09232	-1.07514	-1.05756	-1.03958	-1.0212	-1.00243	-0.983287	-0.963765	-0.943876	-0.923627	-0.903025	-0.882078	-0.860795	-0.839181	-0.817247	-0.794999	-0.772447	-0.749598	-0.726462	-0.703046	-0.67936	-0.655413	-0.631214	-0.606772	-0.582096	-0.557196	-0.532081	-0.50676	-0.481245	-0.455543	-0.429666	-0.403622	-0.377423	-0.351078	-0.324597	-0.29799	-0.271268	-0.244442	-0.21752	-0.190515	-0.163436	-0.136293	-0.109098	-0.0818605	-0.0545913	-0.0273009	0
0	0.00452379	0.00904894	0.0135768	0.0181088	0.0226462	0.0271903	0.0317426	0.0363043	0.0408768	0.0454614	0.0500592	0.0546717	0.0593001	0.0639456	0.0686093	0.0732925	0.0779964	0.0827221	0.0874706	0.0922431	0.0970407	0.101864	0.106715	0.111593	0.1165	0.121437	0.126405	0.131404	0.136435	0.141498	0.146595	0.151727	0.156892	0.162093	0.167329	0.172602	0.17791	0.183256	0.188638	0.194057	0.199514	0.205007	0.210539	0.216107	0.221713	0.227356	0.233035	0.238752	0.244504	0.250293	0.256117	0.261976	0.267869	0.273796	0.279756	0.285748	0.291772	0.297826	0.303909	0.310021	0.316161	0.322327	0.328518	0.334732	0.340969	0.347227	0.353505	0.3598	0.366112	0.372439	0.378778	0.385129	0.391489	0.397857	0.40423	0.410607	0.416984	0.423362	0.429736	0.436105	0.442466	0.448817	0.455157	0.461481	0.467788	0.474075	0.48034	0.486579	0.492791	0.498972	0.50512	0.511231	0.517303	0.523334	0.529319	0.535256	0.541142	0.546974	0.552749	0.558464	0.564116	0.569701	0.575216	0.580658	0.586024	0.59131	0.596514	0.601631	0.60666	0.611596	0.616435	0.621176	0.625814	0.630346	0.634769	0.639079	0.643274	0.647349	0.651301	0.655128	0.658826	0.662391	0.665821	0.669111	0.67226	0.675263	0.678118	0.68082	0.683369	0.685759	0.687988	0.690054	0.691952	0.693681	0.695236	0.696616	0.697818	0.698838	0.699674	0.700324	0.700785	0.701053	0.701127	0.701005	0.700683	0.70016	0.699434	0.698501	0.697361	0.69601	0.694447	0.692671	0.690679	0.688469	0.68604	0.683391	0.68052	0.677424	0.674104	0.670558	0.666785	0.662783	0.658552	0.65409	0.649398	0.644474	0.639318	0.633929	0.628307	0.622452	0.616363	0.61004	0.603484	0.596694	0.589671	0.582415	0.574927	0.567206	0.559254	0.551072	0.542659	0.534018	0.52515	0.516055	0.506735	0.497191	0.487424	0.477438	0.467232	0.45681	0.446172	0.435322	0.42426	0.412991	0.401515	0.389836	0.377956	0.365877	0.353603	0.341137	0.328482	0.31564	0.302615	0.289411	0.27603	0.262477	0.248755	0.234868	0.220819	0.206613	0.192254	0.177746	0.163093	0.148299	0.133369	0.118308	0.103119	0.0878086	0.0723803	0.0568392	0.0411905	0.0254389	0.00958973	-0.00635197	-0.0223809	-0.0384918	-0.0546793	-0.070938	-0.0872622	-0.103647	-0.120085	-0.136573	-0.153103	-0.169671	-0.18627	-0.202894	-0.219538	-0.236196	-0.252861	-0.269527	-0.286189	-0.30284	-0.319474	-0.336085	-0.352667	-0.369213	-0.385717	-0.402173	-0.418574	-0.434915	-0.451189	-0.467389	-0.48351	-0.499544	-0.515487	-0.53133	-0.547069	-0.562697	-0.578207	-0.593593	-0.608849	-0.623969	-0.638947	-0.653776	-0.66845	-0.682964	-0.697311	-0.711484	-0.725479	-0.73929	-0.752909	-0.766332	-0.779553	-0.792566	-0.805365	-0.817945	-0.8303	-0.842425	-0.854314	-0.865962	-0.877365	-0.888516	-0.89941	-0.910043	-0.92041	-0.930505	-0.940325	-0.949864	-0.959118	-0.968083	-0.976754	-0.985126	-0.993197	-1.00096	-1.00842	-1.01556	-1.02238	-1.02888	-1.03506	-1.04091	-1.04642	-1.05161	-1.05645	-1.06096	-1.06512	-1.06894	-1.07241	-1.07553	-1.07829	-1.08071	-1.08276	-1.08446	-1.0858	-1.08678	-1.08739	-1.08764	-1.08753	-1.08705	-1.0862	-1.08499	-1.0834	-1.08145	-1.07914	-1.07645	-1.07339	-1.06997	-1.06618	-1.06202	-1.0575	-1.05261	-1.04736	-1.04174	-1.03576	-1.02942	-1.02272	-1.01566	-1.00825	-1.00048	-0.992363	-0.983896	-0.975082	-0.965924	-0.956425	-0.946587	-0.936414	-0.925909	-0.915074	-0.903914	-0.892432	-0.880632	-0.868517	-0.856092	-0.84336	-0.830326	-0.816994	-0.803369	-0.789455	-0.775257	-0.76078	-0.746029	-0.731008	-0.715723	-0.70018	-0.684383	-0.668339	-0.652052	-0.635529	-0.618775	-0.601797	-0.5846	-0.56719	-0.549575	-0.531758	-0.513749	-0.495552	-0.477174	-0.458622	-0.439903	-0.421023	-0.401989	-0.382808	-0.363488	-0.344034	-0.324454	-0.304756	-0.284946	-0.265032	-0.24502	-0.224919	-0.204735	-0.184476	-0.16415	-0.143763	-0.123324	-0.102839	-0.0823165	-0.0617638	-0.0411885	-0.020598	0
0	0.00715001	0.0142988	0.0214453	0.0285882	0.0357264	0.0428586	0.0499837	0.0571006	0.064208	0.0713047	0.0783896	0.0854614	0.0925191	0.0995613	0.106587	0.113595	0.120584	0.127553	0.1345	0.141425	0.148326	0.155202	0.162053	0.168876	0.17567	0.182435	0.189169	0.195871	0.202539	0.209174	0.215772	0.222334	0.228858	0.235343	0.241787	0.24819	0.25455	0.260866	0.267137	0.273361	0.279538	0.285666	0.291745	0.297772	0.303747	0.309669	0.315536	0.321347	0.327101	0.332797	0.338434	0.34401	0.349524	0.354976	0.360363	0.365686	0.370942	0.37613	0.38125	0.3863	0.391278	0.396185	0.401019	0.405778	0.410461	0.415068	0.419597	0.424048	0.428418	0.432707	0.436914	0.441037	0.445077	0.44903	0.452898	0.456677	0.460368	0.463969	0.46748	0.470899	0.474225	0.477457	0.480595	0.483637	0.486582	0.489429	0.492178	0.494827	0.497376	0.499823	0.502168	0.50441	0.506548	0.50858	0.510507	0.512328	0.51404	0.515645	0.517141	0.518527	0.519802	0.520966	0.522018	0.522958	0.523784	0.524496	0.525094	0.525576	0.525942	0.526193	0.526326	0.526341	0.526239	0.526018	0.525678	0.525219	0.52464	0.523941	0.523121	0.52218	0.521119	0.519935	0.51863	0.517203	0.515653	0.513981	0.512187	0.51027	0.50823	0.506067	0.503781	0.501372	0.49884	0.496186	0.493408	0.490508	0.487486	0.48434	0.481073	0.477684	0.474173	0.47054	0.466787	0.462913	0.458918	0.454804	0.45057	0.446217	0.441745	0.437156	0.43245	0.427626	0.422687	0.417633	0.412464	0.407181	0.401785	0.396277	0.390657	0.384928	0.379088	0.373141	0.367086	0.360924	0.354657	0.348286	0.341812	0.335236	0.328559	0.321783	0.314908	0.307937	0.300871	0.29371	0.286457	0.279112	0.271678	0.264156	0.256547	0.248854	0.241076	0.233218	0.225279	0.217262	0.209168	0.201	0.192759	0.184447	0.176065	0.167617	0.159103	0.150525	0.141887	0.133189	0.124434	0.115623	0.10676	0.0978455	0.0888824	0.0798728	0.0708188	0.0617228	0.0525869	0.0434134	0.0342048	0.0249632	0.0156911	0.00639077	-0.0029353	-0.0122847	-0.0216551	-0.0310439	-0.0404487	-0.049867	-0.0592963	-0.0687341	-0.0781779	-0.087625	-0.097073	-0.106519	-0.115961	-0.125396	-0.134821	-0.144235	-0.153633	-0.163014	-0.172375	-0.181713	-0.191026	-0.200311	-0.209565	-0.218786	-0.227971	-0.237117	-0.246222	-0.255282	-0.264296	-0.273261	-0.282174	-0.291032	-0.299832	-0.308573	-0.317251	-0.325864	-0.334408	-0.342883	-0.351284	-0.35961	-0.367857	-0.376024	-0.384107	-0.392105	-0.400014	-0.407832	-0.415557	-0.423186	-0.430716	-0.438146	-0.445473	-0.452694	-0.459808	-0.466811	-0.473702	-0.480478	-0.487137	-0.493677	-0.500095	-0.50639	-0.512559	-0.5186	-0.524512	-0.530291	-0.535937	-0.541446	-0.546818	-0.55205	-0.557141	-0.562088	-0.56689	-0.571545	-0.576051	-0.580407	-0.584611	-0.588662	-0.592557	-0.596296	-0.599878	-0.603299	-0.60656	-0.609659	-0.612595	-0.615366	-0.617972	-0.620411	-0.622681	-0.624783	-0.626716	-0.628477	-0.630067	-0.631484	-0.632728	-0.633798	-0.634693	-0.635414	-0.635958	-0.636326	-0.636518	-0.636532	-0.636369	-0.636029	-0.63551	-0.634813	-0.633938	-0.632885	-0.631654	-0.630244	-0.628656	-0.62689	-0.624947	-0.622826	-0.620528	-0.618053	-0.615402	-0.612576	-0.609574	-0.606397	-0.603047	-0.599523	-0.595827	-0.59196	-0.587922	-0.583714	-0.579338	-0.574794	-0.570084	-0.565208	-0.560169	-0.554966	-0.549602	-0.544078	-0.538396	-0.532557	-0.526562	-0.520413	-0.514111	-0.50766	-0.501059	-0.494312	-0.487419	-0.480383	-0.473206	-0.465889	-0.458436	-0.450847	-0.443125	-0.435272	-0.427291	-0.419183	-0.410951	-0.402598	-0.394125	-0.385536	-0.376832	-0.368017	-0.359092	-0.35006	-0.340925	-0.331688	-0.322352	-0.31292	-0.303395	-0.29378	-0.284077	-0.274289	-0.26442	-0.254472	-0.244447	-0.23435	-0.224182	-0.213948	-0.203649	-0.19329	-0.182873	-0.172401	-0.161878	-0.151306	-0.140688	-0.130029	-0.119331	-0.108597	-0.0978299	-0.0870339	-0.0762119	-0.065367	-0.0545024	-0.0436216	-0.0327276	-0.0218239	-0.0109136	0
0	0.00930233	0.0186009	0.027892	0.0371719	0.0464369	0.0556832	0.0649071	0.0741049	0.083273	0.0924076	0.101505	0.110562	0.119574	0.128539	0.137451	0.146309	0.155108	0.163845	0.172516	0.181118	0.189648	0.198101	0.206476	0.214767	0.222973	0.23109	0.239115	0.247044	0.254875	0.262604	0.270228	0.277745	0.285151	0.292444	0.299621	0.306679	0.313615	0.320427	0.327112	0.333667	0.340091	0.34638	0.352533	0.358546	0.364419	0.370147	0.375731	0.381167	0.386453	0.391588	0.396569	0.401396	0.406066	0.410577	0.414929	0.419119	0.423146	0.42701	0.430707	0.434239	0.437602	0.440797	0.443822	0.446677	0.44936	0.451871	0.454209	0.456374	0.458365	0.460182	0.461824	0.463291	0.464583	0.465699	0.466641	0.467407	0.467998	0.468414	0.468655	0.468722	0.468614	0.468334	0.46788	0.467255	0.466457	0.465489	0.464351	0.463044	0.461569	0.459927	0.45812	0.456148	0.454012	0.451715	0.449257	0.44664	0.443866	0.440936	0.437852	0.434615	0.431228	0.427692	0.424009	0.420182	0.416211	0.412101	0.407851	0.403465	0.398946	0.394294	0.389514	0.384606	0.379574	0.37442	0.369147	0.363757	0.358252	0.352637	0.346913	0.341082	0.335149	0.329116	0.322985	0.316759	0.310442	0.304037	0.297546	0.290972	0.284319	0.27759	0.270787	0.263914	0.256974	0.24997	0.242906	0.235784	0.228607	0.22138	0.214104	0.206784	0.199422	0.192023	0.184588	0.177122	0.169627	0.162107	0.154565	0.147004	0.139428	0.131839	0.124242	0.116638	0.109032	0.101427	0.0938247	0.0862295	0.0786443	0.0710722	0.0635161	0.0559793	0.0484646	0.0409752	0.0335141	0.0260841	0.0186882	0.0113293	0.00401034	-0.00326595	-0.0104967	-0.0176793	-0.0248108	-0.0318887	-0.0389103	-0.0458729	-0.0527741	-0.0596112	-0.0663819	-0.0730837	-0.0797142	-0.0862711	-0.092752	-0.0991548	-0.105477	-0.111717	-0.117873	-0.123941	-0.129922	-0.135811	-0.141609	-0.147312	-0.152919	-0.158428	-0.163839	-0.169148	-0.174355	-0.179457	-0.184455	-0.189346	-0.194129	-0.198803	-0.203366	-0.207818	-0.212157	-0.216383	-0.220495	-0.224491	-0.228371	-0.232134	-0.23578	-0.239308	-0.242717	-0.246007	-0.249177	-0.252227	-0.255157	-0.257967	-0.260656	-0.263224	-0.265671	-0.267998	-0.270204	-0.272289	-0.274254	-0.276098	-0.277823	-0.279428	-0.280914	-0.282281	-0.283531	-0.284662	-0.285677	-0.286576	-0.287359	-0.288028	-0.288583	-0.289025	-0.289356	-0.289575	-0.289685	-0.289686	-0.289579	-0.289367	-0.289049	-0.288627	-0.288103	-0.287478	-0.286753	-0.285931	-0.285011	-0.283996	-0.282888	-0.281688	-0.280398	-0.279019	-0.277553	-0.276002	-0.274368	-0.272652	-0.270857	-0.268983	-0.267034	-0.265011	-0.262915	-0.260749	-0.258516	-0.256216	-0.253851	-0.251425	-0.248938	-0.246394	-0.243793	-0.241139	-0.238433	-0.235677	-0.232873	-0.230024	-0.227132	-0.224198	-0.221225	-0.218216	-0.215171	-0.212093	-0.208985	-0.205848	-0.202685	-0.199498	-0.196288	-0.193058	-0.18981	-0.186546	-0.183268	-0.179978	-0.176678	-0.17337	-0.170056	-0.166738	-0.163419	-0.160099	-0.15678	-0.153466	-0.150156	-0.146855	-0.143562	-0.14028	-0.137011	-0.133756	-0.130517	-0.127296	-0.124094	-0.120913	-0.117754	-0.11462	-0.111511	-0.108429	-0.105375	-0.10235	-0.0993572	-0.0963962	-0.0934689	-0.0905763	-0.0877197	-0.0849002	-0.0821189	-0.0793769	-0.076675	-0.0740144	-0.071396	-0.0688205	-0.0662889	-0.063802	-0.0613604	-0.0589649	-0.0566161	-0.0543147	-0.0520611	-0.049856	-0.0476998	-0.0455929	-0.0435357	-0.0415285	-0.0395716	-0.0376653	-0.0358097	-0.034005	-0.0322513	-0.0305486	-0.0288971	-0.0272965	-0.0257469	-0.0242481	-0.0228	-0.0214024	-0.0200549	-0.0187573	-0.0175093	-0.0163105	-0.0151604	-0.0140586	-0.0130046	-0.0119978	-0.0110376	-0.0101235	-0.00925469	-0.00843055	-0.00765033	-0.00691323	-0.00621846	-0.00556517	-0.00495248	-0.00437947	-0.0038452	-0.00334868	-0.00288892	-0.00246488	-0.00207548	-0.00171963	-0.00139621	-0.00110407	-0.000842035	-0.000608905	-0.000403461	-0.000224456	-7.06274e-05	5.93119e-05	0.000166666	0.000252758	0.000318928	0.000366532	0.000396939	0.000411535	0.000411717	0.000398893	0.000374481	0.000339911	0.000296618	0.000246045	0.000189642	0.000128861	6.51609e-05	0
0	0.00998156	0.0199575	0.0299222	0.0398701	0.0497955	0.0596929	0.0695568	0.0793814	0.0891614	0.0988912	0.108565	0.118178	0.127725	0.1372	0.146597	0.155912	0.165139	0.174273	0.18331	0.192242	0.201067	0.209779	0.218372	0.226843	0.235185	0.243396	0.251469	0.259401	0.267186	0.274822	0.282302	0.289624	0.296782	0.303773	0.310593	0.317238	0.323705	0.329989	0.336087	0.341996	0.347712	0.353232	0.358553	0.363672	0.368586	0.373292	0.377788	0.382071	0.386138	0.389988	0.393618	0.397026	0.400209	0.403168	0.405898	0.4084	0.410671	0.41271	0.414517	0.416089	0.417427	0.418529	0.419394	0.420023	0.420414	0.420568	0.420485	0.420163	0.419604	0.418808	0.417775	0.416506	0.415001	0.413262	0.411288	0.409082	0.406644	0.403976	0.401079	0.397955	0.394605	0.391032	0.387237	0.383222	0.37899	0.374542	0.369882	0.365012	0.359935	0.354653	0.349169	0.343487	0.337609	0.331539	0.32528	0.318836	0.31221	0.305405	0.298427	0.291277	0.283962	0.276483	0.268847	0.261056	0.253116	0.24503	0.236803	0.22844	0.219946	0.211325	0.202581	0.19372	0.184747	0.175667	0.166484	0.157205	0.147833	0.138375	0.128835	0.119219	0.109532	0.0997796	0.0899675	0.0801008	0.0701852	0.0602262	0.0502292	0.0402	0.0301441	0.0200671	0.00997459	-0.000127701	-0.0102342	-0.0203392	-0.030437	-0.0405221	-0.0505888	-0.0606315	-0.0706445	-0.0806222	-0.0905592	-0.10045	-0.110288	-0.120069	-0.129788	-0.139437	-0.149014	-0.15851	-0.167923	-0.177246	-0.186473	-0.195601	-0.204623	-0.213535	-0.222332	-0.231008	-0.23956	-0.247981	-0.256267	-0.264415	-0.272418	-0.280273	-0.287975	-0.29552	-0.302903	-0.310121	-0.317169	-0.324043	-0.33074	-0.337255	-0.343585	-0.349727	-0.355677	-0.361431	-0.366987	-0.37234	-0.377489	-0.38243	-0.38716	-0.391677	-0.395978	-0.400061	-0.403922	-0.407561	-0.410975	-0.414162	-0.41712	-0.419847	-0.422342	-0.424604	-0.42663	-0.428421	-0.429974	-0.431289	-0.432365	-0.433201	-0.433798	-0.434153	-0.434268	-0.434142	-0.433775	-0.433167	-0.432318	-0.431229	-0.4299	-0.428333	-0.426527	-0.424483	-0.422204	-0.419689	-0.416941	-0.41396	-0.410749	-0.407309	-0.403641	-0.399749	-0.395633	-0.391296	-0.386741	-0.381969	-0.376984	-0.371789	-0.366385	-0.360776	-0.354965	-0.348955	-0.342749	-0.336352	-0.329765	-0.322993	-0.31604	-0.308909	-0.301604	-0.294129	-0.286489	-0.278687	-0.270727	-0.262615	-0.254354	-0.24595	-0.237406	-0.228727	-0.219918	-0.210984	-0.20193	-0.19276	-0.183481	-0.174096	-0.164612	-0.155032	-0.145363	-0.13561	-0.125778	-0.115873	-0.1059	-0.095864	-0.0857713	-0.0756272	-0.0654374	-0.0552073	-0.0449426	-0.034649	-0.0243322	-0.0139979	-0.00365164	0.00670074	0.0170536	0.0274012	0.0377378	0.0480577	0.0583553	0.0686248	0.0788606	0.0890571	0.0992085	0.109309	0.119354	0.129337	0.139253	0.149096	0.158861	0.168542	0.178134	0.187632	0.197031	0.206325	0.215509	0.224579	0.233528	0.242352	0.251047	0.259607	0.268028	0.276305	0.284434	0.292409	0.300227	0.307882	0.315372	0.322692	0.329837	0.336804	0.343589	0.350188	0.356598	0.362814	0.368834	0.374654	0.38027	0.385681	0.390882	0.395871	0.400644	0.4052	0.409536	0.41365	0.417538	0.421199	0.424631	0.427832	0.4308	0.433533	0.436031	0.438291	0.440312	0.442093	0.443633	0.444931	0.445987	0.446799	0.447368	0.447692	0.447772	0.447608	0.4472	0.446547	0.445651	0.444511	0.443129	0.441504	0.439639	0.437533	0.435188	0.432605	0.429786	0.426732	0.423445	0.419926	0.416177	0.412202	0.408	0.403576	0.398931	0.394067	0.388988	0.383696	0.378195	0.372486	0.366574	0.360461	0.35415	0.347646	0.340952	0.334071	0.327007	0.319764	0.312346	0.304758	0.297002	0.289084	0.281007	0.272776	0.264397	0.255872	0.247207	0.238407	0.229476	0.22042	0.211243	0.20195	0.192547	0.183038	0.173429	0.163725	0.153931	0.144053	0.134095	0.124065	0.113966	0.103806	0.0935878	0.0833187	0.073004	0.0626493	0.0522603	0.0418426	0.031402	0.0209443	0.010475	0
0	0.00845531	0.0169044	0.0253409	0.0337586	0.0421514	0.0505129	0.0588369	0.0671174	0.075348	0.0835228	0.0916355	0.0996802	0.107651	0.115542	0.123346	0.131059	0.138674	0.146186	0.153589	0.160878	0.168046	0.175088	0.182	0.188775	0.195408	0.201895	0.20823	0.214408	0.220425	0.226276	0.231955	0.237459	0.242783	0.247923	0.252874	0.257633	0.262195	0.266557	0.270715	0.274664	0.278403	0.281927	0.285234	0.288319	0.291181	0.293817	0.296223	0.298397	0.300338	0.302042	0.303508	0.304734	0.305717	0.306458	0.306953	0.307201	0.307202	0.306955	0.306458	0.305712	0.304715	0.303466	0.301967	0.300217	0.298216	0.295963	0.293461	0.290709	0.287708	0.284459	0.280963	0.277222	0.273236	0.269007	0.264538	0.259829	0.254883	0.249702	0.244289	0.238645	0.232774	0.226678	0.220361	0.213825	0.207073	0.200109	0.192937	0.185559	0.177981	0.170205	0.162237	0.154079	0.145736	0.137214	0.128516	0.119646	0.110611	0.101415	0.0920621	0.0825585	0.0729091	0.0631194	0.0531949	0.0431409	0.0329634	0.0226679	0.0122605	0.00174688	-0.00886679	-0.0195744	-0.0303699	-0.0412469	-0.0521991	-0.0632202	-0.0743036	-0.085443	-0.0966317	-0.107863	-0.11913	-0.130427	-0.141747	-0.153082	-0.164426	-0.175773	-0.187114	-0.198444	-0.209756	-0.221042	-0.232296	-0.243511	-0.254679	-0.265795	-0.27685	-0.287839	-0.298753	-0.309587	-0.320334	-0.330986	-0.341537	-0.35198	-0.362309	-0.372516	-0.382595	-0.39254	-0.402345	-0.412001	-0.421504	-0.430847	-0.440023	-0.449027	-0.457853	-0.466493	-0.474943	-0.483197	-0.491248	-0.499092	-0.506722	-0.514134	-0.521321	-0.528279	-0.535002	-0.541485	-0.547725	-0.553715	-0.559451	-0.564928	-0.570143	-0.575091	-0.579768	-0.58417	-0.588293	-0.592133	-0.595687	-0.598951	-0.601923	-0.604599	-0.606975	-0.609051	-0.610821	-0.612286	-0.613441	-0.614285	-0.614815	-0.615031	-0.61493	-0.614512	-0.613773	-0.612715	-0.611335	-0.609633	-0.607608	-0.605259	-0.602588	-0.599592	-0.596273	-0.592632	-0.588667	-0.58438	-0.579772	-0.574844	-0.569596	-0.564031	-0.55815	-0.551954	-0.545445	-0.538626	-0.531498	-0.524064	-0.516327	-0.508289	-0.499953	-0.491323	-0.482401	-0.473191	-0.463696	-0.453921	-0.443869	-0.433544	-0.422951	-0.412094	-0.400976	-0.389604	-0.377982	-0.366115	-0.354007	-0.341665	-0.329094	-0.316298	-0.303285	-0.290059	-0.276627	-0.262995	-0.249168	-0.235154	-0.220958	-0.206587	-0.192049	-0.177348	-0.162493	-0.147491	-0.132348	-0.117071	-0.101668	-0.0861465	-0.0705133	-0.0547761	-0.0389424	-0.0230198	-0.00701611	0.00906103	0.0252038	0.0414043	0.0576546	0.0739468	0.0902729	0.106625	0.122995	0.139374	0.155755	0.172129	0.188489	0.204826	0.221131	0.237398	0.253617	0.26978	0.28588	0.301907	0.317855	0.333714	0.349477	0.365136	0.380683	0.396109	0.411407	0.426569	0.441587	0.456453	0.47116	0.4857	0.500066	0.514249	0.528242	0.542039	0.555631	0.569013	0.582176	0.595113	0.607818	0.620284	0.632505	0.644473	0.656183	0.667628	0.678801	0.689697	0.700311	0.710635	0.720664	0.730393	0.739817	0.74893	0.757727	0.766203	0.774353	0.782174	0.789659	0.796805	0.803608	0.810064	0.816169	0.821919	0.827311	0.832342	0.837008	0.841306	0.845235	0.84879	0.85197	0.854773	0.857196	0.859237	0.860896	0.86217	0.863059	0.863561	0.863675	0.8634	0.862737	0.861684	0.860242	0.858411	0.856191	0.853582	0.850586	0.847202	0.843432	0.839278	0.83474	0.829821	0.824522	0.818845	0.812792	0.806367	0.79957	0.792406	0.784876	0.776985	0.768735	0.760131	0.751174	0.741871	0.732224	0.722238	0.711916	0.701265	0.690288	0.67899	0.667376	0.655452	0.643223	0.630694	0.617871	0.60476	0.591367	0.577698	0.563759	0.549556	0.535096	0.520387	0.505433	0.490243	0.474823	0.459181	0.443324	0.427259	0.410993	0.394534	0.377891	0.36107	0.344079	0.326927	0.309621	0.292169	0.27458	0.256862	0.239024	0.221072	0.203017	0.184866	0.166629	0.148313	0.129927	0.11148	0.0929799	0.0744365	0.0558581	0.0372533	0.0186311	0
0	0.00447486	0.00894432	0.013403	0.0178455	0.0222665	0.0266606	0.0310225	0.0353468	0.0396283	0.0438617	0.0480418	0.0521634	0.0562213	0.0602105	0.0641258	0.0679624	0.0717151	0.0753792	0.0789497	0.082422	0.0857913	0.089053	0.0922026	0.0952355	0.0981473	0.100934	0.103591	0.106114	0.1085	0.110743	0.112842	0.114791	0.116587	0.118226	0.119706	0.121022	0.122172	0.123153	0.123961	0.124594	0.125049	0.125323	0.125414	0.12532	0.125038	0.124566	0.123903	0.123047	0.121995	0.120747	0.119301	0.117655	0.11581	0.113763	0.111514	0.109062	0.106407	0.103549	0.100486	0.0972202	0.0937503	0.0900768	0.0862002	0.0821209	0.0778397	0.0733574	0.068675	0.0637937	0.0587146	0.0534393	0.0479694	0.0423065	0.0364526	0.0304097	0.02418	0.0177657	0.0111695	0.0043938	-0.00255854	-0.00968465	-0.0169815	-0.0244459	-0.0320746	-0.039864	-0.0478107	-0.0559109	-0.0641608	-0.0725564	-0.0810935	-0.0897681	-0.0985758	-0.107512	-0.116572	-0.125752	-0.135046	-0.14445	-0.153958	-0.163566	-0.173268	-0.18306	-0.192934	-0.202887	-0.212912	-0.223004	-0.233157	-0.243365	-0.253623	-0.263923	-0.274261	-0.28463	-0.295024	-0.305436	-0.315861	-0.326292	-0.336722	-0.347145	-0.357556	-0.367946	-0.37831	-0.38864	-0.398931	-0.409176	-0.419368	-0.4295	-0.439566	-0.449559	-0.459473	-0.4693	-0.479034	-0.488669	-0.498197	-0.507612	-0.516908	-0.526078	-0.535115	-0.544013	-0.552765	-0.561365	-0.569807	-0.578084	-0.586189	-0.594118	-0.601863	-0.609418	-0.616777	-0.623935	-0.630886	-0.637623	-0.644142	-0.650435	-0.656499	-0.662327	-0.667914	-0.673255	-0.678344	-0.683177	-0.687749	-0.692055	-0.696091	-0.699851	-0.703331	-0.706528	-0.709436	-0.712052	-0.714372	-0.716392	-0.718109	-0.719519	-0.720619	-0.721405	-0.721875	-0.722025	-0.721854	-0.721358	-0.720535	-0.719383	-0.7179	-0.716084	-0.713933	-0.711445	-0.70862	-0.705456	-0.701952	-0.698107	-0.693921	-0.689392	-0.684522	-0.679309	-0.673753	-0.667855	-0.661616	-0.655035	-0.648114	-0.640853	-0.633254	-0.625318	-0.617047	-0.608442	-0.599504	-0.590237	-0.580642	-0.570722	-0.56048	-0.549917	-0.539037	-0.527844	-0.516341	-0.50453	-0.492416	-0.480002	-0.467294	-0.454294	-0.441007	-0.427437	-0.41359	-0.39947	-0.385083	-0.370432	-0.355525	-0.340365	-0.32496	-0.309314	-0.293433	-0.277324	-0.260993	-0.244447	-0.227691	-0.210732	-0.193578	-0.176235	-0.15871	-0.14101	-0.123142	-0.105115	-0.0869347	-0.0686096	-0.0501472	-0.0315552	-0.0128417	0.00598545	0.0249181	0.0439481	0.0630672	0.0822671	0.101539	0.120875	0.140267	0.159705	0.179181	0.198687	0.218214	0.237752	0.257293	0.276828	0.296349	0.315846	0.33531	0.354732	0.374104	0.393417	0.41266	0.431827	0.450906	0.46989	0.48877	0.507536	0.52618	0.544692	0.563064	0.581288	0.599354	0.617253	0.634977	0.652517	0.669866	0.687013	0.703951	0.720672	0.737166	0.753427	0.769445	0.785214	0.800724	0.815968	0.830939	0.845629	0.860029	0.874134	0.887935	0.901426	0.914599	0.927448	0.939966	0.952146	0.963982	0.975467	0.986595	0.997361	1.00776	1.01778	1.02742	1.03668	1.04555	1.05402	1.06209	1.06976	1.07702	1.08386	1.09028	1.09629	1.10187	1.10701	1.11173	1.11601	1.11985	1.12325	1.12621	1.12871	1.13077	1.13238	1.13354	1.13424	1.13449	1.13428	1.13361	1.13249	1.1309	1.12886	1.12636	1.1234	1.11998	1.1161	1.11176	1.10697	1.10172	1.09602	1.08987	1.08327	1.07622	1.06872	1.06078	1.0524	1.04358	1.03433	1.02464	1.01453	1.00399	0.99303	0.981656	0.969869	0.957675	0.945078	0.932084	0.918696	0.904921	0.890764	0.876231	0.861326	0.846057	0.83043	0.81445	0.798125	0.781461	0.764465	0.747143	0.729504	0.711553	0.6933	0.674751	0.655913	0.636796	0.617407	0.597754	0.577845	0.557689	0.537294	0.516669	0.495823	0.474764	0.453502	0.432045	0.410403	0.388585	0.366599	0.344456	0.322166	0.299737	0.277178	0.254501	0.231715	0.208828	0.185852	0.162796	0.13967	0.116483	0.0932469	0.0699703	0.0466636	0.0233368	0
0	-0.00161372	-0.0032305	-0.00485342	-0.00648552	-0.00812987	-0.00978951	-0.0114675	-0.0131667	-0.0148903	-0.0166412	-0.0184223	-0.0202365	-0.0220868	-0.023976	-0.025907	-0.0278824	-0.0299052	-0.0319779	-0.0341032	-0.0362839	-0.0385223	-0.0408211	-0.0431827	-0.0456095	-0.0481039	-0.0506681	-0.0533044	-0.056015	-0.0588019	-0.0616672	-0.0646127	-0.0676405	-0.0707523	-0.0739498	-0.0772347	-0.0806086	-0.0840729	-0.0876291	-0.0912785	-0.0950222	-0.0988616	-0.102798	-0.106831	-0.110963	-0.115194	-0.119525	-0.123957	-0.12849	-0.133124	-0.13786	-0.142697	-0.147637	-0.152678	-0.157822	-0.163067	-0.168413	-0.173861	-0.179409	-0.185056	-0.190803	-0.196647	-0.20259	-0.208628	-0.214761	-0.220988	-0.227308	-0.233719	-0.240219	-0.246807	-0.25348	-0.260238	-0.267078	-0.273998	-0.280996	-0.28807	-0.295217	-0.302434	-0.30972	-0.317071	-0.324484	-0.331958	-0.339488	-0.347073	-0.354708	-0.36239	-0.370117	-0.377884	-0.385689	-0.393527	-0.401396	-0.409291	-0.417209	-0.425145	-0.433096	-0.441058	-0.449026	-0.456997	-0.464967	-0.47293	-0.480883	-0.488822	-0.496742	-0.504637	-0.512505	-0.52034	-0.528138	-0.535894	-0.543603	-0.551261	-0.558863	-0.566403	-0.573878	-0.581281	-0.58861	-0.595857	-0.60302	-0.610092	-0.617068	-0.623945	-0.630716	-0.637377	-0.643923	-0.650349	-0.656649	-0.66282	-0.668856	-0.674753	-0.680504	-0.686106	-0.691554	-0.696843	-0.701968	-0.706925	-0.711708	-0.716313	-0.720736	-0.724971	-0.729015	-0.732863	-0.736511	-0.739954	-0.743188	-0.746209	-0.749012	-0.751594	-0.753951	-0.756078	-0.757972	-0.75963	-0.761046	-0.762219	-0.763145	-0.763819	-0.764239	-0.764402	-0.764304	-0.763943	-0.763315	-0.762419	-0.76125	-0.759808	-0.758088	-0.75609	-0.75381	-0.751247	-0.748399	-0.745264	-0.74184	-0.738126	-0.73412	-0.729822	-0.725229	-0.720341	-0.715157	-0.709676	-0.703897	-0.697821	-0.691447	-0.684774	-0.677803	-0.670533	-0.662965	-0.6551	-0.646938	-0.638479	-0.629725	-0.620676	-0.611334	-0.6017	-0.591775	-0.581561	-0.57106	-0.560273	-0.549203	-0.537852	-0.526222	-0.514316	-0.502136	-0.489685	-0.476967	-0.463983	-0.450738	-0.437235	-0.423478	-0.409469	-0.395214	-0.380715	-0.365977	-0.351004	-0.335801	-0.320372	-0.304722	-0.288855	-0.272777	-0.256493	-0.240007	-0.223325	-0.206452	-0.189395	-0.172158	-0.154748	-0.13717	-0.11943	-0.101535	-0.0834909	-0.0653037	-0.04698	-0.0285264	-0.00994947	0.00874394	0.0275471	0.0464529	0.0654546	0.0845449	0.103717	0.122963	0.142276	0.161648	0.181073	0.200542	0.220049	0.239584	0.259141	0.278712	0.29829	0.317865	0.337431	0.35698	0.376502	0.395992	0.41544	0.434839	0.45418	0.473456	0.492658	0.511778	0.530809	0.549742	0.56857	0.587283	0.605875	0.624336	0.64266	0.660838	0.678862	0.696724	0.714417	0.731932	0.749262	0.766399	0.783336	0.800064	0.816576	0.832865	0.848923	0.864743	0.880318	0.89564	0.910702	0.925497	0.940019	0.95426	0.968213	0.981872	0.995231	1.00828	1.02102	1.03344	1.04553	1.05729	1.06871	1.07979	1.09052	1.1009	1.11091	1.12057	1.12985	1.13875	1.14728	1.15542	1.16317	1.17053	1.17749	1.18404	1.1902	1.19594	1.20127	1.20619	1.21068	1.21476	1.21841	1.22163	1.22442	1.22678	1.2287	1.23018	1.23123	1.23184	1.23201	1.23173	1.23101	1.22984	1.22823	1.22618	1.22367	1.22072	1.21733	1.21349	1.2092	1.20447	1.1993	1.19368	1.18762	1.18112	1.17419	1.16681	1.159	1.15076	1.14209	1.13299	1.12347	1.11352	1.10316	1.09238	1.08118	1.06958	1.05758	1.04517	1.03237	1.01918	1.0056	0.991634	0.977293	0.962579	0.947497	0.932053	0.916253	0.900102	0.883606	0.86677	0.849602	0.832108	0.814293	0.796164	0.777729	0.758994	0.739966	0.720653	0.701061	0.681197	0.66107	0.640687	0.620056	0.599185	0.578081	0.556752	0.535208	0.513456	0.491504	0.46936	0.447035	0.424535	0.40187	0.379049	0.35608	0.332972	0.309734	0.286375	0.262905	0.239332	0.215666	0.191916	0.168091	0.1442	0.120253	0.0962586	0.0722268	0.0481669	0.0240882	0
0	-0.00889392	-0.0177875	-0.0266805	-0.0355726	-0.0444634	-0.0533527	-0.0622401	-0.0711253	-0.0800079	-0.0888877	-0.0977642	-0.106637	-0.115506	-0.124371	-0.133231	-0.142085	-0.150935	-0.159778	-0.168614	-0.177444	-0.186267	-0.195081	-0.203887	-0.212684	-0.221471	-0.230249	-0.239015	-0.24777	-0.256514	-0.265244	-0.273961	-0.282664	-0.291352	-0.300024	-0.30868	-0.317318	-0.325938	-0.334539	-0.34312	-0.35168	-0.360218	-0.368733	-0.377224	-0.38569	-0.39413	-0.402543	-0.410926	-0.41928	-0.427604	-0.435894	-0.444152	-0.452374	-0.46056	-0.468709	-0.476818	-0.484887	-0.492914	-0.500897	-0.508836	-0.516727	-0.52457	-0.532363	-0.540104	-0.547792	-0.555424	-0.563	-0.570516	-0.577972	-0.585366	-0.592695	-0.599958	-0.607152	-0.614276	-0.621327	-0.628305	-0.635205	-0.642027	-0.648769	-0.655428	-0.662001	-0.668488	-0.674885	-0.681191	-0.687403	-0.693518	-0.699536	-0.705452	-0.711266	-0.716974	-0.722575	-0.728066	-0.733444	-0.738708	-0.743854	-0.748881	-0.753787	-0.758567	-0.763222	-0.767747	-0.772141	-0.776401	-0.780524	-0.784509	-0.788353	-0.792053	-0.795608	-0.799014	-0.80227	-0.805373	-0.80832	-0.81111	-0.813741	-0.816208	-0.818512	-0.820649	-0.822616	-0.824413	-0.826036	-0.827484	-0.828754	-0.829845	-0.830753	-0.831478	-0.832017	-0.832368	-0.832529	-0.832499	-0.832275	-0.831856	-0.83124	-0.830425	-0.82941	-0.828192	-0.826771	-0.825144	-0.823311	-0.821269	-0.819018	-0.816557	-0.813883	-0.810995	-0.807893	-0.804576	-0.801042	-0.79729	-0.79332	-0.789131	-0.784721	-0.780091	-0.77524	-0.770166	-0.76487	-0.759352	-0.75361	-0.747644	-0.741455	-0.735043	-0.728406	-0.721546	-0.714463	-0.707156	-0.699626	-0.691873	-0.683898	-0.675701	-0.667283	-0.658645	-0.649787	-0.640711	-0.631416	-0.621905	-0.612179	-0.602238	-0.592084	-0.581718	-0.571143	-0.560359	-0.549367	-0.538171	-0.526772	-0.515171	-0.503371	-0.491373	-0.479181	-0.466796	-0.45422	-0.441457	-0.428509	-0.415377	-0.402066	-0.388578	-0.374916	-0.361082	-0.347081	-0.332914	-0.318586	-0.304099	-0.289457	-0.274664	-0.259724	-0.244639	-0.229413	-0.214051	-0.198556	-0.182933	-0.167184	-0.151316	-0.135331	-0.119233	-0.103028	-0.0867202	-0.0703131	-0.0538118	-0.0372209	-0.0205449	-0.00378879	0.0130428	0.0299449	0.0469126	0.0639409	0.0810248	0.0981593	0.115339	0.132559	0.149814	0.167098	0.184407	0.201735	0.219076	0.236426	0.253778	0.271126	0.288467	0.305793	0.3231	0.340381	0.357632	0.374845	0.392016	0.409139	0.426209	0.443218	0.460162	0.477035	0.493831	0.510545	0.52717	0.5437	0.560131	0.576456	0.592669	0.608765	0.624738	0.640582	0.656291	0.671861	0.687284	0.702556	0.717671	0.732623	0.747407	0.762017	0.776448	0.790695	0.804751	0.818612	0.832272	0.845726	0.858969	0.871995	0.884801	0.897379	0.909727	0.921837	0.933707	0.945331	0.956704	0.967821	0.978679	0.989272	0.999597	1.00965	1.01942	1.02891	1.03812	1.04704	1.05566	1.06399	1.07201	1.07973	1.08714	1.09424	1.10103	1.10749	1.11364	1.11946	1.12495	1.13012	1.13495	1.13945	1.1436	1.14742	1.1509	1.15403	1.15681	1.15925	1.16133	1.16307	1.16445	1.16548	1.16615	1.16646	1.16642	1.16601	1.16525	1.16413	1.16264	1.1608	1.15859	1.15602	1.1531	1.14981	1.14615	1.14214	1.13777	1.13304	1.12795	1.1225	1.1167	1.11054	1.10403	1.09716	1.08995	1.08238	1.07447	1.06621	1.05761	1.04867	1.03939	1.02978	1.01983	1.00955	0.998946	0.988015	0.976763	0.965193	0.953308	0.941112	0.928608	0.915801	0.902694	0.88929	0.875595	0.861612	0.847346	0.8328	0.817981	0.802891	0.787537	0.771922	0.756052	0.739932	0.723566	0.706961	0.690121	0.673053	0.65576	0.63825	0.620527	0.602598	0.584468	0.566143	0.54763	0.528934	0.510061	0.491018	0.471811	0.452446	0.432929	0.413268	0.393469	0.373538	0.353481	0.333307	0.31302	0.292629	0.272139	0.251558	0.230893	0.21015	0.189337	0.16846	0.147526	0.126543	0.105518	0.0844569	0.0633675	0.0422568	0.021132	0
0	-0.0160384	-0.0320728	-0.048099	-0.0641131	-0.0801109	-0.0960885	-0.112042	-0.127967	-0.143859	-0.159715	-0.175531	-0.191302	-0.207025	-0.222695	-0.238309	-0.253863	-0.269352	-0.284774	-0.300123	-0.315396	-0.33059	-0.3457	-0.360722	-0.375654	-0.39049	-0.405227	-0.419862	-0.434391	-0.44881	-0.463115	-0.477303	-0.491371	-0.505314	-0.51913	-0.532814	-0.546364	-0.559776	-0.573046	-0.586172	-0.599149	-0.611975	-0.624646	-0.63716	-0.649513	-0.661701	-0.673723	-0.685575	-0.697253	-0.708756	-0.720079	-0.731221	-0.742179	-0.752949	-0.763529	-0.773917	-0.78411	-0.794105	-0.8039	-0.813492	-0.822879	-0.832059	-0.841029	-0.849787	-0.858332	-0.86666	-0.87477	-0.88266	-0.890327	-0.897771	-0.904989	-0.911979	-0.91874	-0.92527	-0.931567	-0.93763	-0.943457	-0.949048	-0.9544	-0.959512	-0.964383	-0.969012	-0.973399	-0.97754	-0.981437	-0.985087	-0.988491	-0.991646	-0.994553	-0.997211	-0.999619	-1.00178	-1.00368	-1.00534	-1.00674	-1.0079	-1.0088	-1.00944	-1.00984	-1.00998	-1.00987	-1.00951	-1.0089	-1.00803	-1.00691	-1.00555	-1.00393	-1.00206	-0.999938	-0.997569	-0.994952	-0.992088	-0.988976	-0.985618	-0.982015	-0.978168	-0.974078	-0.969745	-0.965172	-0.960359	-0.955307	-0.950019	-0.944495	-0.938736	-0.932745	-0.926523	-0.920072	-0.913392	-0.906487	-0.899358	-0.892006	-0.884433	-0.876643	-0.868635	-0.860414	-0.85198	-0.843336	-0.834485	-0.825427	-0.816167	-0.806706	-0.797046	-0.787191	-0.777142	-0.766903	-0.756475	-0.745862	-0.735066	-0.72409	-0.712937	-0.70161	-0.690111	-0.678444	-0.666611	-0.654616	-0.642461	-0.63015	-0.617685	-0.605071	-0.592309	-0.579404	-0.566358	-0.553176	-0.539859	-0.526412	-0.512839	-0.499141	-0.485324	-0.47139	-0.457342	-0.443186	-0.428923	-0.414557	-0.400093	-0.385534	-0.370883	-0.356144	-0.341321	-0.326417	-0.311437	-0.296384	-0.281261	-0.266073	-0.250824	-0.235516	-0.220154	-0.204743	-0.189284	-0.173784	-0.158244	-0.14267	-0.127065	-0.111432	-0.0957767	-0.0801019	-0.0644115	-0.0487096	-0.0330001	-0.0172867	-0.00157344	0.0141359	0.0298373	0.0455271	0.0612012	0.0768559	0.0924873	0.108092	0.123665	0.139203	0.154703	0.17016	0.185572	0.200933	0.21624	0.23149	0.246679	0.261802	0.276857	0.29184	0.306747	0.321574	0.336318	0.350975	0.365542	0.380014	0.39439	0.408664	0.422834	0.436896	0.450847	0.464683	0.478402	0.491999	0.505471	0.518816	0.53203	0.545109	0.558051	0.570852	0.58351	0.596022	0.608383	0.620592	0.632646	0.644541	0.656275	0.667845	0.679248	0.690481	0.701543	0.712429	0.723138	0.733667	0.744014	0.754175	0.764149	0.773934	0.783526	0.792924	0.802126	0.811129	0.819931	0.82853	0.836924	0.845111	0.85309	0.860858	0.868413	0.875755	0.88288	0.889788	0.896476	0.902944	0.909189	0.915211	0.921008	0.926578	0.931921	0.937035	0.941918	0.946571	0.950991	0.955179	0.959132	0.96285	0.966332	0.969577	0.972586	0.975356	0.977888	0.980181	0.982234	0.984047	0.98562	0.986952	0.988043	0.988893	0.989502	0.98987	0.989996	0.989881	0.989525	0.988928	0.98809	0.987012	0.985693	0.984135	0.982337	0.980301	0.978026	0.975514	0.972764	0.969779	0.966558	0.963102	0.959413	0.95549	0.951337	0.946952	0.942338	0.937495	0.932425	0.92713	0.92161	0.915866	0.909901	0.903716	0.897312	0.890691	0.883855	0.876804	0.869542	0.86207	0.854389	0.846502	0.83841	0.830116	0.821621	0.812928	0.804039	0.794955	0.78568	0.776215	0.766563	0.756726	0.746707	0.736508	0.726131	0.715579	0.704854	0.69396	0.682898	0.671672	0.660284	0.648737	0.637034	0.625178	0.613171	0.601017	0.588717	0.576277	0.563697	0.550982	0.538134	0.525157	0.512054	0.498827	0.485481	0.472018	0.458441	0.444754	0.43096	0.417063	0.403065	0.388971	0.374783	0.360505	0.34614	0.331692	0.317165	0.302561	0.287885	0.27314	0.258329	0.243455	0.228524	0.213537	0.1985	0.183414	0.168285	0.153115	0.137909	0.122669	0.1074	0.0921049	0.0767879	0.0614525	0.0461023	0.030741	0.0153723	0
0	-0.021573	-0.0431385	-0.0646893	-0.086218	-0.107717	-0.129179	-0.150597	-0.171963	-0.193271	-0.214512	-0.23568	-0.256767	-0.277766	-0.298671	-0.319473	-0.340166	-0.360742	-0.381196	-0.401519	-0.421705	-0.441747	-0.461638	-0.481372	-0.500942	-0.520341	-0.539563	-0.558601	-0.577449	-0.596101	-0.61455	-0.632791	-0.650817	-0.668622	-0.686201	-0.703547	-0.720655	-0.737519	-0.754134	-0.770495	-0.786595	-0.80243	-0.817995	-0.833285	-0.848295	-0.863019	-0.877455	-0.891595	-0.905438	-0.918977	-0.932209	-0.945131	-0.957736	-0.970023	-0.981988	-0.993626	-1.00493	-1.01591	-1.02655	-1.03685	-1.04681	-1.05642	-1.06568	-1.0746	-1.08316	-1.09136	-1.09921	-1.1067	-1.11383	-1.1206	-1.127	-1.13304	-1.13871	-1.14401	-1.14895	-1.15351	-1.1577	-1.16152	-1.16497	-1.16805	-1.17075	-1.17308	-1.17504	-1.17663	-1.17784	-1.17869	-1.17916	-1.17926	-1.179	-1.17837	-1.17737	-1.176	-1.17427	-1.17218	-1.16973	-1.16692	-1.16375	-1.16023	-1.15635	-1.15212	-1.14755	-1.14263	-1.13737	-1.13177	-1.12583	-1.11956	-1.11295	-1.10602	-1.09877	-1.0912	-1.0833	-1.0751	-1.06659	-1.05777	-1.04865	-1.03923	-1.02952	-1.01951	-1.00923	-0.998665	-0.987824	-0.976712	-0.965335	-0.953696	-0.9418	-0.929653	-0.917259	-0.904624	-0.891753	-0.87865	-0.865322	-0.851774	-0.83801	-0.824037	-0.80986	-0.795485	-0.780916	-0.766161	-0.751224	-0.736111	-0.720829	-0.705382	-0.689777	-0.67402	-0.658116	-0.642072	-0.625893	-0.609585	-0.593155	-0.576609	-0.559952	-0.54319	-0.52633	-0.509377	-0.492338	-0.475218	-0.458025	-0.440763	-0.423438	-0.406058	-0.388627	-0.371152	-0.353639	-0.336093	-0.318521	-0.300929	-0.283321	-0.265706	-0.248087	-0.230471	-0.212864	-0.195271	-0.177697	-0.16015	-0.142634	-0.125154	-0.107717	-0.0903267	-0.0729899	-0.0557113	-0.0384964	-0.0213502	-0.004278	0.0127152	0.0296243	0.0464444	0.0631707	0.0797982	0.0963222	0.112738	0.129041	0.145227	0.161291	0.177229	0.193037	0.20871	0.224244	0.239636	0.25488	0.269974	0.284914	0.299695	0.314315	0.328769	0.343055	0.357168	0.371106	0.384865	0.398443	0.411836	0.425042	0.438057	0.45088	0.463506	0.475935	0.488163	0.500188	0.512008	0.523621	0.535024	0.546217	0.557196	0.56796	0.578508	0.588838	0.598948	0.608838	0.618505	0.62795	0.637169	0.646164	0.654932	0.663473	0.671787	0.679872	0.687728	0.695355	0.702752	0.709919	0.716856	0.723563	0.73004	0.736287	0.742303	0.74809	0.753648	0.758977	0.764078	0.76895	0.773596	0.778015	0.782209	0.786178	0.789923	0.793445	0.796746	0.799826	0.802688	0.805331	0.807758	0.809969	0.811968	0.813754	0.815329	0.816696	0.817856	0.818811	0.819562	0.820112	0.820462	0.820614	0.820571	0.820334	0.819906	0.819289	0.818485	0.817496	0.816324	0.814972	0.813443	0.811737	0.809859	0.80781	0.805593	0.803209	0.800663	0.797956	0.79509	0.792069	0.788895	0.78557	0.782098	0.77848	0.774719	0.770819	0.76678	0.762608	0.758303	0.753868	0.749307	0.744621	0.739814	0.734887	0.729845	0.724689	0.719421	0.714045	0.708564	0.702978	0.697293	0.691508	0.685629	0.679656	0.673592	0.66744	0.661202	0.654881	0.648479	0.641999	0.635442	0.628811	0.622109	0.615338	0.608499	0.601596	0.59463	0.587603	0.580518	0.573376	0.566181	0.558933	0.551634	0.544288	0.536895	0.529457	0.521976	0.514455	0.506894	0.499296	0.491661	0.483993	0.476292	0.46856	0.460798	0.453009	0.445192	0.43735	0.429485	0.421597	0.413687	0.405757	0.397809	0.389842	0.381859	0.37386	0.365847	0.35782	0.349781	0.341729	0.333667	0.325595	0.317513	0.309423	0.301326	0.293221	0.28511	0.276993	0.26887	0.260743	0.252612	0.244477	0.236339	0.228198	0.220054	0.211909	0.203762	0.195613	0.187463	0.179312	0.17116	0.163008	0.154856	0.146703	0.138551	0.130398	0.122246	0.114094	0.105942	0.0977903	0.0896392	0.0814885	0.0733383	0.0651884	0.0570389	0.0488898	0.040741	0.0325924	0.0244441	0.016296	0.00814796	0
0	-0.0241896	-0.0483697	-0.0725307	-0.096663	-0.120757	-0.144804	-0.168793	-0.192716	-0.216562	-0.240323	-0.263989	-0.287552	-0.311	-0.334326	-0.357521	-0.380574	-0.403477	-0.426222	-0.448799	-0.471199	-0.493413	-0.515434	-0.537252	-0.558859	-0.580247	-0.601407	-0.622331	-0.64301	-0.663438	-0.683607	-0.703507	-0.723133	-0.742476	-0.761528	-0.780284	-0.798736	-0.816876	-0.834698	-0.852195	-0.869361	-0.886189	-0.902674	-0.918808	-0.934587	-0.950004	-0.965054	-0.979731	-0.99403	-1.00795	-1.02147	-1.03461	-1.04735	-1.05969	-1.07162	-1.08314	-1.09425	-1.10493	-1.1152	-1.12505	-1.13447	-1.14345	-1.15201	-1.16013	-1.16781	-1.17505	-1.18185	-1.1882	-1.19411	-1.19957	-1.20459	-1.20915	-1.21327	-1.21693	-1.22015	-1.22291	-1.22523	-1.22709	-1.2285	-1.22946	-1.22997	-1.23004	-1.22965	-1.22882	-1.22755	-1.22583	-1.22368	-1.22108	-1.21805	-1.21459	-1.21069	-1.20636	-1.20161	-1.19644	-1.19085	-1.18484	-1.17842	-1.17159	-1.16436	-1.15673	-1.1487	-1.14028	-1.13148	-1.12229	-1.11273	-1.10279	-1.09249	-1.08183	-1.07081	-1.05945	-1.04774	-1.03569	-1.02331	-1.0106	-0.997573	-0.984233	-0.970587	-0.956641	-0.942402	-0.927876	-0.913071	-0.897994	-0.882652	-0.867051	-0.8512	-0.835106	-0.818776	-0.802218	-0.785439	-0.768447	-0.75125	-0.733856	-0.716273	-0.698508	-0.680569	-0.662465	-0.644204	-0.625793	-0.607241	-0.588555	-0.569745	-0.550818	-0.531782	-0.512646	-0.493418	-0.474106	-0.454719	-0.435264	-0.415749	-0.396184	-0.376576	-0.356933	-0.337264	-0.317576	-0.297878	-0.278178	-0.258483	-0.238803	-0.219143	-0.199514	-0.179921	-0.160374	-0.140879	-0.121445	-0.102079	-0.0827887	-0.063581	-0.0444635	-0.0254435	-0.00652827	0.0122752	0.0309599	0.0495189	0.0679455	0.0862328	0.104374	0.122363	0.140194	0.157859	0.175354	0.192671	0.209805	0.226749	0.2435	0.26005	0.276394	0.292527	0.308444	0.32414	0.33961	0.354848	0.369851	0.384615	0.399133	0.413403	0.42742	0.441181	0.454681	0.467918	0.480886	0.493584	0.506008	0.518155	0.530022	0.541606	0.552906	0.563917	0.574639	0.585069	0.595205	0.605045	0.614588	0.623832	0.632776	0.641419	0.649759	0.657797	0.66553	0.672959	0.680084	0.686903	0.693417	0.699626	0.705531	0.711131	0.716426	0.721419	0.726109	0.730497	0.734585	0.738374	0.741864	0.745058	0.747958	0.750564	0.752879	0.754906	0.756645	0.758099	0.759272	0.760164	0.76078	0.761121	0.761191	0.760993	0.760529	0.759804	0.758819	0.75758	0.756088	0.754349	0.752365	0.750141	0.74768	0.744986	0.742064	0.738917	0.73555	0.731967	0.728173	0.724172	0.719968	0.715567	0.710972	0.706189	0.701221	0.696075	0.690755	0.685265	0.679611	0.673798	0.667831	0.661714	0.655453	0.649053	0.642519	0.635856	0.629069	0.622164	0.615146	0.608019	0.60079	0.593462	0.586043	0.578535	0.570945	0.563279	0.55554	0.547734	0.539866	0.531942	0.523966	0.515943	0.507879	0.499778	0.491644	0.483484	0.475302	0.467102	0.458889	0.450668	0.442443	0.43422	0.426002	0.417793	0.409599	0.401424	0.393271	0.385145	0.37705	0.368989	0.360968	0.352989	0.345056	0.337173	0.329344	0.321572	0.31386	0.306212	0.29863	0.291119	0.28368	0.276318	0.269033	0.261831	0.254712	0.24768	0.240736	0.233884	0.227125	0.220461	0.213895	0.207428	0.201062	0.194799	0.188639	0.182586	0.176639	0.1708	0.16507	0.159451	0.153943	0.148546	0.143262	0.13809	0.133032	0.128088	0.123257	0.118541	0.113939	0.10945	0.105075	0.100813	0.0966646	0.0926281	0.0887033	0.0848894	0.0811856	0.077591	0.0741044	0.0707248	0.0674508	0.0642812	0.0612146	0.0582494	0.055384	0.0526167	0.0499458	0.0473693	0.0448853	0.0424919	0.0401868	0.0379679	0.0358329	0.0337795	0.0318053	0.0299079	0.0280846	0.0263329	0.0246501	0.0230336	0.0214804	0.0199879	0.018553	0.017173	0.0158447	0.0145652	0.0133315	0.0121403	0.0109887	0.00987327	0.008791	0.00773859	0.00671279	0.00571034	0.00472792	0.00376223	0.00280993	0.0018677	0.00093217	0
0	-0.0230418	-0.0460737	-0.0690855	-0.0920673	-0.115009	-0.137901	-0.160733	-0.183495	-0.206178	-0.228771	-0.251265	-0.27365	-0.295916	-0.318054	-0.340054	-0.361907	-0.383603	-0.405132	-0.426487	-0.447656	-0.468632	-0.489405	-0.509967	-0.530308	-0.55042	-0.570295	-0.589923	-0.609297	-0.628407	-0.647248	-0.665809	-0.684084	-0.702064	-0.719742	-0.737112	-0.754164	-0.770893	-0.787292	-0.803353	-0.81907	-0.834436	-0.849446	-0.864093	-0.878371	-0.892274	-0.905798	-0.918936	-0.931682	-0.944034	-0.955984	-0.967529	-0.978665	-0.989386	-0.99969	-1.00957	-1.01903	-1.02805	-1.03665	-1.04481	-1.05253	-1.05981	-1.06664	-1.07304	-1.07898	-1.08447	-1.08952	-1.09411	-1.09825	-1.10193	-1.10516	-1.10793	-1.11025	-1.11211	-1.11352	-1.11447	-1.11496	-1.11501	-1.11459	-1.11373	-1.11242	-1.11065	-1.10844	-1.10579	-1.10269	-1.09915	-1.09518	-1.09077	-1.08592	-1.08065	-1.07496	-1.06884	-1.0623	-1.05535	-1.04799	-1.04023	-1.03206	-1.0235	-1.01455	-1.00521	-0.995493	-0.985399	-0.974935	-0.964107	-0.952921	-0.941383	-0.929499	-0.917276	-0.90472	-0.891837	-0.878635	-0.86512	-0.8513	-0.837181	-0.822771	-0.808078	-0.793108	-0.77787	-0.762371	-0.746619	-0.730622	-0.714389	-0.697926	-0.681243	-0.664347	-0.647248	-0.629953	-0.612471	-0.594811	-0.576981	-0.55899	-0.540847	-0.52256	-0.504138	-0.485591	-0.466926	-0.448154	-0.429283	-0.410321	-0.391278	-0.372164	-0.352986	-0.333754	-0.314477	-0.295163	-0.275823	-0.256464	-0.237096	-0.217727	-0.198367	-0.179024	-0.159707	-0.140424	-0.121185	-0.101999	-0.0828726	-0.0638157	-0.0448363	-0.0259429	-0.00714388	0.0115527	0.0301386	0.0486058	0.0669464	0.0851524	0.103216	0.12113	0.138886	0.156477	0.173896	0.191136	0.208189	0.225048	0.241707	0.258159	0.274397	0.290414	0.306206	0.321764	0.337084	0.352159	0.366984	0.381554	0.395861	0.409903	0.423672	0.437165	0.450377	0.463303	0.475938	0.488279	0.50032	0.51206	0.523492	0.534615	0.545424	0.555916	0.566088	0.575938	0.585463	0.59466	0.603527	0.612061	0.620261	0.628126	0.635652	0.64284	0.649688	0.656194	0.662358	0.66818	0.673658	0.678793	0.683585	0.688032	0.692137	0.695899	0.699318	0.702396	0.705134	0.707532	0.709593	0.711316	0.712705	0.713761	0.714487	0.714883	0.714953	0.714699	0.714124	0.71323	0.712021	0.710499	0.708669	0.706533	0.704095	0.701359	0.698328	0.695008	0.691401	0.687512	0.683346	0.678907	0.674199	0.669229	0.663999	0.658517	0.652786	0.646812	0.6406	0.634157	0.627486	0.620595	0.613488	0.606172	0.598652	0.590935	0.583027	0.574933	0.56666	0.558214	0.549602	0.54083	0.531905	0.522832	0.513619	0.504272	0.494797	0.485202	0.475493	0.465677	0.45576	0.44575	0.435652	0.425474	0.415223	0.404905	0.394528	0.384097	0.373619	0.363102	0.352553	0.341977	0.331381	0.320773	0.310158	0.299543	0.288935	0.278341	0.267766	0.257217	0.246701	0.236223	0.22579	0.215408	0.205082	0.19482	0.184627	0.174508	0.16447	0.154517	0.144656	0.134893	0.125231	0.115677	0.106236	0.096913	0.0877125	0.0786396	0.0696989	0.0608951	0.0522327	0.0437159	0.0353491	0.0271363	0.0190815	0.0111886	0.00346118	-0.00409709	-0.0114828	-0.0186926	-0.0257234	-0.0325722	-0.039236	-0.0457122	-0.051998	-0.0580912	-0.0639894	-0.0696905	-0.0751924	-0.0804933	-0.0855915	-0.0904855	-0.0951738	-0.0996553	-0.103929	-0.107993	-0.111848	-0.115493	-0.118927	-0.12215	-0.125161	-0.127961	-0.13055	-0.132928	-0.135096	-0.137054	-0.138803	-0.140343	-0.141677	-0.142804	-0.143727	-0.144446	-0.144964	-0.145282	-0.145402	-0.145327	-0.145057	-0.144596	-0.143947	-0.14311	-0.14209	-0.14089	-0.139511	-0.137958	-0.136233	-0.134339	-0.132281	-0.130062	-0.127685	-0.125154	-0.122473	-0.119646	-0.116677	-0.11357	-0.11033	-0.106961	-0.103467	-0.0998533	-0.0961238	-0.0922835	-0.0883372	-0.0842897	-0.080146	-0.0759109	-0.0715896	-0.0671872	-0.0627088	-0.0581596	-0.0535449	-0.0488699	-0.0441402	-0.0393609	-0.0345375	-0.0296755	-0.0247804	-0.0198576	-0.0149126	-0.00995096	-0.00497826	0
0	-0.0179559	-0.0359033	-0.0538336	-0.0717383	-0.0896089	-0.107437	-0.125214	-0.142931	-0.16058	-0.178153	-0.195641	-0.213037	-0.23033	-0.247515	-0.264582	-0.281523	-0.29833	-0.314996	-0.331512	-0.347871	-0.364064	-0.380085	-0.395926	-0.411579	-0.427037	-0.442292	-0.457338	-0.472167	-0.486773	-0.501149	-0.515287	-0.529182	-0.542827	-0.556215	-0.569341	-0.582198	-0.59478	-0.607083	-0.619099	-0.630823	-0.642251	-0.653376	-0.664194	-0.674701	-0.68489	-0.694759	-0.704301	-0.713514	-0.722392	-0.730933	-0.739132	-0.746986	-0.754491	-0.761644	-0.768443	-0.774884	-0.780965	-0.786683	-0.792035	-0.797021	-0.801638	-0.805884	-0.809757	-0.813257	-0.816381	-0.81913	-0.821503	-0.823497	-0.825115	-0.826354	-0.827215	-0.827699	-0.827805	-0.827534	-0.826888	-0.825865	-0.824469	-0.8227	-0.820559	-0.818049	-0.815171	-0.811927	-0.808319	-0.80435	-0.800022	-0.795339	-0.790302	-0.784916	-0.779182	-0.773106	-0.76669	-0.759938	-0.752854	-0.745443	-0.737708	-0.729653	-0.721284	-0.712606	-0.703622	-0.694339	-0.68476	-0.674893	-0.664741	-0.65431	-0.643608	-0.632638	-0.621407	-0.609921	-0.598187	-0.58621	-0.573998	-0.561556	-0.548892	-0.536012	-0.522922	-0.509631	-0.496144	-0.48247	-0.468614	-0.454586	-0.440391	-0.426037	-0.411533	-0.396884	-0.3821	-0.367187	-0.352154	-0.337008	-0.321756	-0.306408	-0.29097	-0.275451	-0.259859	-0.244201	-0.228485	-0.21272	-0.196914	-0.181074	-0.165208	-0.149325	-0.133432	-0.117538	-0.10165	-0.0857768	-0.0699256	-0.0541045	-0.0383214	-0.0225842	-0.00690045	0.00872198	0.0242754	0.0397523	0.055145	0.0704461	0.0856481	0.100744	0.115726	0.130586	0.145319	0.159917	0.174373	0.188679	0.20283	0.216819	0.230638	0.244283	0.257745	0.271019	0.2841	0.29698	0.309654	0.322116	0.334361	0.346383	0.358177	0.369737	0.381058	0.392136	0.402965	0.413542	0.423861	0.433917	0.443708	0.453228	0.462475	0.471443	0.48013	0.488532	0.496645	0.504468	0.511996	0.519227	0.526158	0.532788	0.539113	0.545132	0.550842	0.556243	0.561332	0.566107	0.570569	0.574715	0.578545	0.582058	0.585253	0.588131	0.590691	0.592933	0.594857	0.596464	0.597753	0.598727	0.599385	0.599729	0.599759	0.599478	0.598887	0.597987	0.59678	0.595269	0.593455	0.591341	0.58893	0.586224	0.583225	0.579938	0.576365	0.572509	0.568374	0.563963	0.55928	0.554329	0.549115	0.54364	0.53791	0.531928	0.5257	0.51923	0.512522	0.505582	0.498415	0.491025	0.483419	0.4756	0.467576	0.459351	0.450931	0.442321	0.433528	0.424558	0.415416	0.406108	0.396641	0.387021	0.377254	0.367347	0.357306	0.347137	0.336847	0.326442	0.31593	0.305316	0.294608	0.283813	0.272936	0.261985	0.250967	0.239888	0.228755	0.217576	0.206356	0.195104	0.183825	0.172527	0.161216	0.149899	0.138584	0.127276	0.115984	0.104712	0.0934689	0.0822604	0.0710933	0.0599742	0.0489096	0.0379061	0.02697	0.0161078	0.00532568	-0.00537005	-0.0159732	-0.0264778	-0.0368776	-0.0471669	-0.0573397	-0.0673903	-0.0773129	-0.0871021	-0.0967522	-0.106258	-0.115614	-0.124815	-0.133857	-0.142733	-0.15144	-0.159972	-0.168325	-0.176495	-0.184476	-0.192266	-0.199859	-0.207252	-0.21444	-0.221421	-0.228191	-0.234745	-0.241082	-0.247197	-0.253087	-0.258751	-0.264185	-0.269386	-0.274353	-0.279082	-0.283572	-0.287821	-0.291827	-0.295588	-0.299103	-0.30237	-0.305389	-0.308158	-0.310677	-0.312945	-0.31496	-0.316724	-0.318235	-0.319494	-0.3205	-0.321254	-0.321756	-0.322008	-0.322009	-0.32176	-0.321263	-0.320518	-0.319528	-0.318293	-0.316816	-0.315097	-0.313139	-0.310945	-0.308515	-0.305854	-0.302962	-0.299844	-0.296501	-0.292937	-0.289155	-0.285158	-0.280949	-0.276532	-0.271911	-0.267089	-0.26207	-0.256858	-0.251457	-0.245872	-0.240107	-0.234166	-0.228054	-0.221775	-0.215334	-0.208737	-0.201988	-0.195092	-0.188054	-0.18088	-0.173575	-0.166144	-0.158593	-0.150927	-0.143152	-0.135273	-0.127297	-0.119229	-0.111075	-0.102841	-0.0945332	-0.0861571	-0.077719	-0.0692249	-0.0606811	-0.0520936	-0.0434686	-0.0348125	-0.0261313	-0.0174313	-0.00871877	0
0	-0.00951057	-0.0190158	-0.0285103	-0.0379888	-0.0474458	-0.0568762	-0.0662745	-0.0756355	-0.0849539	-0.0942244	-0.103442	-0.112601	-0.121697	-0.130724	-0.139678	-0.148553	-0.157344	-0.166047	-0.174656	-0.183167	-0.191574	-0.199874	-0.208061	-0.216131	-0.224079	-0.231901	-0.239592	-0.247148	-0.254565	-0.261838	-0.268964	-0.275939	-0.282757	-0.289417	-0.295913	-0.302243	-0.308402	-0.314387	-0.320195	-0.325822	-0.331266	-0.336523	-0.34159	-0.346465	-0.351144	-0.355625	-0.359905	-0.363982	-0.367854	-0.371519	-0.374973	-0.378216	-0.381246	-0.38406	-0.386658	-0.389037	-0.391196	-0.393135	-0.394851	-0.396344	-0.397614	-0.398658	-0.399478	-0.400071	-0.400439	-0.40058	-0.400494	-0.400182	-0.399643	-0.398879	-0.397888	-0.396673	-0.395232	-0.393568	-0.391681	-0.389572	-0.387243	-0.384693	-0.381926	-0.378942	-0.375743	-0.372331	-0.368708	-0.364875	-0.360835	-0.35659	-0.352142	-0.347494	-0.342648	-0.337608	-0.332375	-0.326953	-0.321344	-0.315552	-0.309581	-0.303432	-0.297111	-0.290619	-0.283962	-0.277141	-0.270163	-0.263029	-0.255745	-0.248313	-0.240739	-0.233027	-0.22518	-0.217204	-0.209102	-0.200879	-0.19254	-0.18409	-0.175532	-0.166872	-0.158115	-0.149265	-0.140328	-0.131308	-0.122211	-0.113041	-0.103804	-0.0945045	-0.0851481	-0.0757399	-0.0662851	-0.0567891	-0.0472571	-0.0376944	-0.0281065	-0.0184986	-0.00887607	0.000755638	0.0103912	0.0200251	0.0296522	0.0392669	0.0488639	0.0584378	0.0679832	0.0774949	0.0869675	0.0963957	0.105774	0.115098	0.124361	0.133559	0.142687	0.151739	0.16071	0.169595	0.17839	0.187089	0.195688	0.204181	0.212564	0.220832	0.228981	0.237005	0.244901	0.252664	0.26029	0.267774	0.275111	0.282299	0.289333	0.296208	0.302922	0.30947	0.315848	0.322054	0.328082	0.333931	0.339597	0.345075	0.350365	0.355461	0.360362	0.365065	0.369567	0.373865	0.377957	0.381841	0.385514	0.388974	0.392219	0.395248	0.398059	0.40065	0.403019	0.405165	0.407087	0.408784	0.410254	0.411497	0.412512	0.413299	0.413856	0.414184	0.414283	0.414151	0.413789	0.413198	0.412377	0.411326	0.410048	0.408541	0.406807	0.404846	0.402661	0.400251	0.397618	0.394763	0.391689	0.388396	0.384886	0.381161	0.377224	0.373076	0.36872	0.364157	0.359391	0.354424	0.349258	0.343897	0.338343	0.332599	0.326669	0.320555	0.314262	0.307792	0.301149	0.294336	0.287357	0.280217	0.272919	0.265466	0.257864	0.250116	0.242226	0.234199	0.226039	0.217751	0.209339	0.200808	0.192162	0.183406	0.174545	0.165584	0.156528	0.147382	0.13815	0.128838	0.119452	0.109995	0.100473	0.0908924	0.0812573	0.0715733	0.0618457	0.05208	0.0422814	0.0324553	0.0226073	0.0127426	0.00286679	-0.00701475	-0.0168966	-0.0267732	-0.0366392	-0.0464892	-0.0563177	-0.0661193	-0.0758885	-0.08562	-0.0953085	-0.104948	-0.114535	-0.124062	-0.133525	-0.142918	-0.152237	-0.161476	-0.170629	-0.179693	-0.188662	-0.19753	-0.206294	-0.214948	-0.223487	-0.231907	-0.240203	-0.248371	-0.256405	-0.264302	-0.272057	-0.279666	-0.287124	-0.294428	-0.301573	-0.308556	-0.315372	-0.322018	-0.32849	-0.334785	-0.340898	-0.346828	-0.352569	-0.358119	-0.363476	-0.368635	-0.373595	-0.378352	-0.382904	-0.387248	-0.391381	-0.395303	-0.399009	-0.402498	-0.405769	-0.408819	-0.411647	-0.414251	-0.416629	-0.418781	-0.420705	-0.422399	-0.423864	-0.425097	-0.4261	-0.426869	-0.427407	-0.427711	-0.427782	-0.42762	-0.427224	-0.426596	-0.425734	-0.424641	-0.423316	-0.421759	-0.419973	-0.417957	-0.415713	-0.413242	-0.410545	-0.407625	-0.404481	-0.401117	-0.397533	-0.393732	-0.389716	-0.385487	-0.381048	-0.3764	-0.371546	-0.366489	-0.361232	-0.355777	-0.350128	-0.344288	-0.338259	-0.332045	-0.325649	-0.319075	-0.312327	-0.305408	-0.298322	-0.291073	-0.283664	-0.2761	-0.268385	-0.260524	-0.252519	-0.244377	-0.236101	-0.227695	-0.219165	-0.210515	-0.20175	-0.192874	-0.183893	-0.174811	-0.165634	-0.156365	-0.147011	-0.137577	-0.128067	-0.118488	-0.108843	-0.0991387	-0.0893802	-0.0795728	-0.0697217	-0.0598325	-0.0499106	-0.0399613	-0.0299901	-0.0200026	-0.010004	0
0	0.0010376	0.0020762	0.00311678	0.00416034	0.00520786	0.00626032	0.00731872	0.00838401	0.00945717	0.0105392	0.0116309	0.0127334	0.0138475	0.0149742	0.0161144	0.017269	0.0184388	0.0196247	0.0208276	0.0220483	0.0232877	0.0245465	0.0258255	0.0271254	0.0284471	0.0297912	0.0311585	0.0325496	0.0339651	0.0354057	0.0368721	0.0383647	0.0398841	0.0414309	0.0430055	0.0446085	0.0462402	0.0479011	0.0495916	0.0513119	0.0530625	0.0548437	0.0566556	0.0584985	0.0603726	0.0622781	0.0642151	0.0661836	0.0681838	0.0702157	0.0722792	0.0743744	0.076501	0.0786591	0.0808485	0.0830689	0.0853202	0.0876021	0.0899143	0.0922565	0.0946283	0.0970293	0.099459	0.101917	0.104403	0.106916	0.109455	0.112021	0.114612	0.117228	0.119867	0.12253	0.125215	0.127922	0.130649	0.133396	0.136162	0.138946	0.141747	0.144563	0.147394	0.150239	0.153097	0.155965	0.158844	0.161732	0.164628	0.16753	0.170437	0.173348	0.176261	0.179176	0.18209	0.185002	0.187911	0.190816	0.193714	0.196604	0.199485	0.202355	0.205213	0.208057	0.210885	0.213696	0.216488	0.219259	0.222008	0.224733	0.227432	0.230104	0.232747	0.235359	0.237939	0.240484	0.242994	0.245465	0.247897	0.250288	0.252636	0.254939	0.257196	0.259404	0.261562	0.263669	0.265722	0.26772	0.26966	0.271543	0.273364	0.275124	0.27682	0.278451	0.280015	0.28151	0.282934	0.284287	0.285566	0.286771	0.287898	0.288948	0.289918	0.290807	0.291614	0.292336	0.292973	0.293524	0.293986	0.29436	0.294642	0.294833	0.294931	0.294934	0.294843	0.294654	0.294369	0.293984	0.293501	0.292916	0.292231	0.291443	0.290552	0.289557	0.288458	0.287253	0.285942	0.284525	0.283001	0.281369	0.279629	0.27778	0.275823	0.273757	0.271581	0.269295	0.2669	0.264394	0.261779	0.259054	0.256218	0.253273	0.250218	0.247054	0.24378	0.240397	0.236906	0.233306	0.229599	0.225785	0.221864	0.217837	0.213704	0.209467	0.205127	0.200683	0.196137	0.191491	0.186744	0.181898	0.176955	0.171915	0.166779	0.161549	0.156227	0.150813	0.145309	0.139716	0.134037	0.128272	0.122423	0.116493	0.110482	0.104393	0.0982265	0.0919856	0.0856719	0.0792873	0.0728338	0.0663136	0.0597286	0.0530812	0.0463734	0.0396074	0.0327857	0.0259105	0.018984	0.0120089	0.00498735	-0.00207804	-0.00918482	-0.0163304	-0.0235124	-0.030728	-0.0379746	-0.0452497	-0.0525505	-0.0598744	-0.0672185	-0.0745802	-0.0819566	-0.0893449	-0.0967424	-0.104146	-0.111553	-0.118961	-0.126366	-0.133766	-0.141158	-0.148539	-0.155906	-0.163255	-0.170585	-0.177892	-0.185172	-0.192424	-0.199644	-0.206829	-0.213976	-0.221083	-0.228145	-0.235161	-0.242127	-0.249041	-0.255899	-0.262698	-0.269436	-0.276109	-0.282715	-0.289251	-0.295714	-0.302101	-0.308409	-0.314636	-0.320778	-0.326834	-0.3328	-0.338673	-0.344451	-0.350131	-0.355711	-0.361188	-0.36656	-0.371823	-0.376976	-0.382017	-0.386941	-0.391748	-0.396436	-0.401001	-0.405441	-0.409755	-0.41394	-0.417994	-0.421915	-0.425701	-0.42935	-0.432861	-0.436231	-0.439458	-0.442542	-0.445479	-0.44827	-0.450911	-0.453402	-0.455741	-0.457926	-0.459957	-0.461833	-0.463551	-0.46511	-0.466511	-0.467751	-0.46883	-0.469747	-0.470501	-0.471091	-0.471516	-0.471777	-0.471872	-0.471802	-0.471564	-0.47116	-0.470589	-0.469851	-0.468945	-0.467872	-0.466632	-0.465224	-0.463648	-0.461906	-0.459997	-0.457922	-0.455681	-0.453274	-0.450703	-0.447967	-0.445068	-0.442006	-0.438782	-0.435398	-0.431853	-0.428149	-0.424288	-0.42027	-0.416096	-0.411769	-0.407289	-0.402658	-0.397877	-0.392948	-0.387873	-0.382653	-0.37729	-0.371786	-0.366143	-0.360362	-0.354447	-0.348398	-0.342219	-0.335911	-0.329476	-0.322917	-0.316236	-0.309436	-0.302519	-0.295487	-0.288344	-0.281091	-0.273732	-0.266269	-0.258705	-0.251043	-0.243285	-0.235435	-0.227495	-0.219469	-0.211358	-0.203168	-0.1949	-0.186557	-0.178144	-0.169662	-0.161115	-0.152507	-0.143841	-0.13512	-0.126347	-0.117525	-0.108659	-0.0997507	-0.0908045	-0.0818236	-0.0728112	-0.063771	-0.0547063	-0.0456207	-0.0365175	-0.0274004	-0.0182728	-0.00913814	0
0	0.0119706	0.0239376	0.035897	0.0478452	0.0597785	0.0716932	0.0835855	0.0954516	0.107288	0.119091	0.130857	0.142582	0.154262	0.165895	0.177476	0.189001	0.200468	0.211872	0.22321	0.234479	0.245674	0.256794	0.267833	0.27879	0.289659	0.300439	0.311126	0.321716	0.332206	0.342593	0.352874	0.363046	0.373106	0.38305	0.392876	0.402581	0.412161	0.421614	0.430937	0.440127	0.449182	0.458099	0.466875	0.475507	0.483994	0.492332	0.500519	0.508553	0.516432	0.524152	0.531713	0.539111	0.546345	0.553413	0.560312	0.567042	0.573599	0.579982	0.586189	0.592219	0.598071	0.603741	0.60923	0.614535	0.619656	0.62459	0.629337	0.633896	0.638264	0.642442	0.646429	0.650223	0.653823	0.65723	0.660441	0.663457	0.666277	0.6689	0.671326	0.673554	0.675585	0.677417	0.679052	0.680488	0.681725	0.682764	0.683605	0.684248	0.684693	0.68494	0.684989	0.684842	0.684498	0.683959	0.683224	0.682294	0.68117	0.679854	0.678344	0.676644	0.674753	0.672672	0.670403	0.667947	0.665305	0.662479	0.659469	0.656276	0.652903	0.649352	0.645622	0.641716	0.637637	0.633384	0.628961	0.624368	0.619608	0.614683	0.609595	0.604345	0.598935	0.593368	0.587647	0.581772	0.575746	0.569572	0.563251	0.556787	0.550181	0.543436	0.536554	0.529538	0.522391	0.515114	0.50771	0.500183	0.492534	0.484767	0.476884	0.468887	0.46078	0.452565	0.444246	0.435824	0.427303	0.418685	0.409974	0.401173	0.392283	0.383309	0.374253	0.365118	0.355908	0.346624	0.33727	0.327849	0.318365	0.308819	0.299215	0.289557	0.279847	0.270087	0.260282	0.250434	0.240546	0.230622	0.220664	0.210674	0.200658	0.190616	0.180553	0.170471	0.160373	0.150262	0.140141	0.130014	0.119882	0.10975	0.0996189	0.0894927	0.0793741	0.0692659	0.0591708	0.0490918	0.0390316	0.028993	0.0189786	0.00899128	-0.00096635	-0.0108916	-0.0207819	-0.0306345	-0.0404469	-0.0502165	-0.0599408	-0.0696173	-0.0792436	-0.0888171	-0.0983355	-0.107796	-0.117198	-0.126536	-0.135811	-0.145019	-0.154158	-0.163226	-0.17222	-0.18114	-0.189982	-0.198744	-0.207426	-0.216024	-0.224537	-0.232962	-0.241299	-0.249545	-0.257699	-0.265758	-0.273721	-0.281587	-0.289354	-0.29702	-0.304585	-0.312045	-0.3194	-0.326649	-0.33379	-0.340822	-0.347744	-0.354554	-0.361251	-0.367835	-0.374303	-0.380656	-0.386891	-0.393008	-0.399007	-0.404885	-0.410643	-0.416279	-0.421793	-0.427185	-0.432452	-0.437595	-0.442613	-0.447506	-0.452273	-0.456913	-0.461427	-0.465813	-0.470072	-0.474202	-0.478205	-0.482078	-0.485823	-0.48944	-0.492927	-0.496285	-0.499514	-0.502613	-0.505584	-0.508425	-0.511137	-0.51372	-0.516174	-0.5185	-0.520697	-0.522766	-0.524707	-0.526521	-0.528207	-0.529766	-0.531199	-0.532505	-0.533686	-0.534742	-0.535672	-0.536479	-0.537162	-0.537723	-0.53816	-0.538476	-0.538671	-0.538746	-0.538701	-0.538536	-0.538254	-0.537854	-0.537337	-0.536705	-0.535957	-0.535095	-0.53412	-0.533032	-0.531833	-0.530523	-0.529104	-0.527576	-0.52594	-0.524197	-0.522348	-0.520394	-0.518337	-0.516177	-0.513915	-0.511552	-0.50909	-0.506529	-0.503871	-0.501116	-0.498267	-0.495322	-0.492285	-0.489156	-0.485936	-0.482626	-0.479228	-0.475742	-0.47217	-0.468513	-0.464772	-0.460948	-0.457042	-0.453056	-0.448991	-0.444847	-0.440627	-0.43633	-0.431959	-0.427514	-0.422997	-0.418409	-0.413751	-0.409024	-0.404229	-0.399368	-0.394441	-0.38945	-0.384397	-0.379281	-0.374104	-0.368868	-0.363574	-0.358222	-0.352814	-0.347351	-0.341834	-0.336264	-0.330642	-0.32497	-0.319249	-0.313479	-0.307662	-0.301798	-0.29589	-0.289937	-0.283942	-0.277905	-0.271827	-0.265709	-0.259553	-0.253359	-0.247128	-0.240862	-0.234561	-0.228227	-0.221861	-0.215463	-0.209035	-0.202577	-0.196091	-0.189577	-0.183037	-0.176472	-0.169882	-0.163269	-0.156634	-0.149976	-0.143299	-0.136601	-0.129886	-0.123152	-0.116402	-0.109636	-0.102855	-0.0960605	-0.0892529	-0.0824333	-0.0756026	-0.0687618	-0.0619118	-0.0550536	-0.0481879	-0.0413159	-0.0344383	-0.0275562	-0.0206703	-0.0137817	-0.00689133	0
0	0.0214269	0.0428459	0.064249	0.0856284	0.106976	0.128284	0.149545	0.17075	0.191892	0.212963	0.233955	0.254861	0.275673	0.296383	0.316983	0.337466	0.357825	0.378052	0.398139	0.418079	0.437865	0.45749	0.476946	0.496227	0.515325	0.534234	0.552946	0.571455	0.589754	0.607837	0.625697	0.643328	0.660723	0.677877	0.694782	0.711434	0.727826	0.743952	0.759808	0.775386	0.790683	0.805691	0.820408	0.834826	0.848942	0.862751	0.876248	0.889428	0.902286	0.91482	0.927024	0.938895	0.950428	0.961621	0.972469	0.982969	0.993117	1.00291	1.01235	1.02142	1.03014	1.03849	1.04647	1.05408	1.06132	1.06818	1.07467	1.08078	1.08651	1.09186	1.09683	1.10142	1.10563	1.10945	1.11289	1.11594	1.11861	1.12089	1.12279	1.1243	1.12543	1.12617	1.12654	1.12652	1.12612	1.12534	1.12418	1.12264	1.12073	1.11845	1.11579	1.11276	1.10937	1.10561	1.10149	1.09701	1.09217	1.08698	1.08143	1.07554	1.06931	1.06273	1.05581	1.04856	1.04098	1.03308	1.02485	1.0163	1.00744	0.998271	0.988796	0.979021	0.96895	0.958588	0.94794	0.937012	0.925807	0.914332	0.902592	0.890592	0.878337	0.865834	0.853087	0.840103	0.826886	0.813444	0.799782	0.785906	0.771822	0.757537	0.743055	0.728384	0.71353	0.698498	0.683296	0.66793	0.652407	0.636731	0.620912	0.604953	0.588864	0.572649	0.556315	0.53987	0.523319	0.50667	0.489928	0.473102	0.456196	0.439219	0.422176	0.405074	0.387921	0.370721	0.353483	0.336212	0.318916	0.3016	0.284272	0.266937	0.249602	0.232274	0.214959	0.197663	0.180392	0.163153	0.145952	0.128795	0.111688	0.0946373	0.0776484	0.0607273	0.0438801	0.0271122	0.0104296	-0.00616231	-0.0226579	-0.0390517	-0.0553384	-0.0715126	-0.0875691	-0.103503	-0.119309	-0.134982	-0.150517	-0.16591	-0.181156	-0.19625	-0.211188	-0.225965	-0.240577	-0.25502	-0.26929	-0.283383	-0.297295	-0.311022	-0.32456	-0.337907	-0.351057	-0.364009	-0.376759	-0.389304	-0.401641	-0.413766	-0.425678	-0.437373	-0.448849	-0.460103	-0.471134	-0.481939	-0.492515	-0.502862	-0.512977	-0.522858	-0.532504	-0.541913	-0.551084	-0.560016	-0.568707	-0.577157	-0.585364	-0.593328	-0.601049	-0.608524	-0.615755	-0.622741	-0.629481	-0.635975	-0.642224	-0.648227	-0.653985	-0.659498	-0.664766	-0.669791	-0.674572	-0.67911	-0.683407	-0.687463	-0.691278	-0.694856	-0.698196	-0.701299	-0.704168	-0.706804	-0.709208	-0.711383	-0.713329	-0.71505	-0.716546	-0.71782	-0.718873	-0.719709	-0.72033	-0.720737	-0.720933	-0.720921	-0.720703	-0.720282	-0.71966	-0.718841	-0.717826	-0.71662	-0.715225	-0.713643	-0.711878	-0.709933	-0.707812	-0.705516	-0.70305	-0.700417	-0.69762	-0.694662	-0.691546	-0.688277	-0.684857	-0.68129	-0.67758	-0.673729	-0.669742	-0.665622	-0.661372	-0.656996	-0.652498	-0.64788	-0.643148	-0.638304	-0.633352	-0.628295	-0.623138	-0.617883	-0.612534	-0.607095	-0.601569	-0.59596	-0.590272	-0.584507	-0.57867	-0.572763	-0.566791	-0.560756	-0.554663	-0.548513	-0.542312	-0.536061	-0.529765	-0.523426	-0.517048	-0.510633	-0.504186	-0.497708	-0.491203	-0.484674	-0.478124	-0.471556	-0.464972	-0.458375	-0.451768	-0.445154	-0.438534	-0.431913	-0.425292	-0.418673	-0.41206	-0.405453	-0.398857	-0.392272	-0.3857	-0.379145	-0.372607	-0.366089	-0.359593	-0.35312	-0.346672	-0.340251	-0.333859	-0.327496	-0.321164	-0.314865	-0.308599	-0.302369	-0.296175	-0.290019	-0.283901	-0.277822	-0.271783	-0.265786	-0.25983	-0.253916	-0.248045	-0.242218	-0.236435	-0.230696	-0.225002	-0.219353	-0.213749	-0.20819	-0.202676	-0.197208	-0.191785	-0.186407	-0.181073	-0.175784	-0.17054	-0.165339	-0.160182	-0.155067	-0.149995	-0.144965	-0.139976	-0.135027	-0.130118	-0.125247	-0.120415	-0.115619	-0.11086	-0.106135	-0.101444	-0.0967867	-0.0921607	-0.0875654	-0.0829993	-0.0784614	-0.0739503	-0.0694648	-0.0650034	-0.0605648	-0.0561477	-0.0517506	-0.047372	-0.0430105	-0.0386646	-0.0343328	-0.0300135	-0.0257053	-0.0214066	-0.0171157	-0.0128312	-0.00855151	-0.00427496	0
0	0.0277558	0.0555008	0.0832243	0.110915	0.138563	0.166158	0.193688	0.221142	0.248511	0.275783	0.302949	0.329997	0.356916	0.383698	0.410331	0.436805	0.463109	0.489235	0.515171	0.540908	0.566435	0.591744	0.616823	0.641665	0.666259	0.690596	0.714667	0.738462	0.761973	0.78519	0.808105	0.83071	0.852995	0.874953	0.896576	0.917854	0.938781	0.959349	0.97955	0.999377	1.01882	1.03788	1.05654	1.0748	1.09265	1.11008	1.1271	1.14368	1.15983	1.17555	1.19082	1.20564	1.22001	1.23391	1.24736	1.26033	1.27283	1.28486	1.29641	1.30747	1.31804	1.32812	1.33771	1.34681	1.3554	1.3635	1.37109	1.37817	1.38475	1.39082	1.39638	1.40144	1.40597	1.41	1.41352	1.41652	1.41901	1.42099	1.42246	1.42341	1.42386	1.4238	1.42323	1.42215	1.42057	1.41849	1.41591	1.41283	1.40926	1.4052	1.40064	1.3956	1.39008	1.38408	1.3776	1.37066	1.36324	1.35537	1.34703	1.33825	1.32901	1.31934	1.30922	1.29867	1.2877	1.2763	1.26449	1.25227	1.23965	1.22663	1.21322	1.19943	1.18526	1.17073	1.15583	1.14057	1.12497	1.10903	1.09275	1.07615	1.05924	1.04201	1.02448	1.00666	0.988557	0.970175	0.951526	0.932617	0.913457	0.894054	0.874418	0.854557	0.83448	0.814196	0.793713	0.773041	0.752189	0.731166	0.70998	0.688642	0.667159	0.645542	0.6238	0.601942	0.579976	0.557912	0.53576	0.513529	0.491227	0.468865	0.44645	0.423993	0.401502	0.378987	0.356456	0.333919	0.311384	0.288861	0.266358	0.243884	0.221448	0.199058	0.176724	0.154454	0.132255	0.110138	0.088109	0.0661773	0.0443509	0.0226378	0.00104602	-0.0204167	-0.0417426	-0.062924	-0.0839534	-0.104823	-0.125527	-0.146056	-0.166405	-0.186565	-0.206531	-0.226296	-0.245853	-0.265195	-0.284317	-0.303212	-0.321875	-0.340299	-0.358479	-0.37641	-0.394085	-0.4115	-0.42865	-0.445529	-0.462133	-0.478458	-0.494498	-0.51025	-0.52571	-0.540873	-0.555736	-0.570295	-0.584546	-0.598487	-0.612115	-0.625425	-0.638416	-0.651085	-0.66343	-0.675448	-0.687137	-0.698495	-0.70952	-0.720212	-0.730568	-0.740587	-0.750269	-0.759611	-0.768614	-0.777278	-0.785601	-0.793583	-0.801224	-0.808525	-0.815486	-0.822106	-0.828388	-0.83433	-0.839936	-0.845204	-0.850137	-0.854736	-0.859003	-0.862939	-0.866546	-0.869825	-0.87278	-0.875412	-0.877724	-0.879718	-0.881397	-0.882764	-0.883821	-0.884572	-0.88502	-0.885168	-0.885019	-0.884578	-0.883847	-0.882831	-0.881533	-0.879957	-0.878108	-0.875989	-0.873606	-0.870961	-0.86806	-0.864907	-0.861507	-0.857864	-0.853984	-0.84987	-0.845529	-0.840964	-0.836182	-0.831187	-0.825984	-0.820579	-0.814976	-0.809181	-0.8032	-0.797038	-0.7907	-0.784192	-0.777519	-0.770686	-0.7637	-0.756565	-0.749288	-0.741874	-0.734329	-0.726657	-0.718865	-0.710958	-0.702943	-0.694823	-0.686606	-0.678296	-0.669899	-0.66142	-0.652866	-0.644241	-0.63555	-0.6268	-0.617995	-0.609142	-0.600244	-0.591307	-0.582337	-0.573338	-0.564316	-0.555275	-0.54622	-0.537157	-0.52809	-0.519023	-0.509962	-0.500911	-0.491874	-0.482856	-0.47386	-0.464893	-0.455956	-0.447055	-0.438194	-0.429376	-0.420605	-0.411886	-0.40322	-0.394612	-0.386066	-0.377584	-0.36917	-0.360827	-0.352557	-0.344364	-0.336251	-0.328219	-0.320272	-0.312412	-0.304641	-0.296962	-0.289376	-0.281885	-0.274491	-0.267197	-0.260003	-0.252911	-0.245923	-0.239039	-0.232261	-0.225589	-0.219026	-0.212571	-0.206225	-0.199988	-0.193862	-0.187846	-0.181941	-0.176146	-0.170462	-0.164889	-0.159426	-0.154072	-0.148828	-0.143693	-0.138666	-0.133747	-0.128933	-0.124226	-0.119622	-0.115122	-0.110723	-0.106425	-0.102225	-0.0981231	-0.0941165	-0.0902037	-0.0863829	-0.082652	-0.0790091	-0.075452	-0.0719785	-0.0685863	-0.0652732	-0.0620366	-0.0588741	-0.0557831	-0.052761	-0.049805	-0.0469126	-0.0440807	-0.0413066	-0.0385874	-0.0359201	-0.0333016	-0.0307289	-0.028199	-0.0257086	-0.0232547	-0.0208339	-0.0184431	-0.016079	-0.0137384	-0.0114178	-0.00911409	-0.00682378	-0.00454357	-0.0022701	0
0	0.0298373	0.0596629	0.0894651	0.119232	0.148952	0.178614	0.208206	0.237715	0.267132	0.296444	0.325639	0.354706	0.383635	0.412413	0.441029	0.469473	0.497732	0.525797	0.553656	0.581298	0.608712	0.635889	0.662817	0.689486	0.715886	0.742006	0.767837	0.793369	0.818591	0.843495	0.868071	0.892308	0.9162	0.939735	0.962905	0.985702	1.00812	1.03014	1.05177	1.07299	1.09379	1.11418	1.13413	1.15365	1.17272	1.19134	1.20951	1.22721	1.24444	1.26119	1.27747	1.29325	1.30854	1.32334	1.33763	1.35141	1.36468	1.37743	1.38966	1.40137	1.41254	1.42319	1.4333	1.44287	1.45191	1.4604	1.46834	1.47574	1.48258	1.48888	1.49463	1.49982	1.50446	1.50854	1.51207	1.51505	1.51747	1.51934	1.52065	1.52141	1.52163	1.52129	1.5204	1.51896	1.51698	1.51446	1.5114	1.5078	1.50367	1.49901	1.49382	1.4881	1.48187	1.47512	1.46785	1.46008	1.45181	1.44304	1.43377	1.42402	1.41379	1.40308	1.3919	1.38025	1.36815	1.35559	1.34259	1.32915	1.31528	1.30098	1.28626	1.27114	1.25561	1.23969	1.22338	1.20669	1.18963	1.1722	1.15442	1.1363	1.11784	1.09904	1.07993	1.06051	1.04079	1.02077	1.00047	0.979894	0.959054	0.937959	0.916618	0.89504	0.873235	0.851214	0.828986	0.80656	0.783947	0.761156	0.738198	0.715083	0.691819	0.668419	0.644891	0.621246	0.597493	0.573643	0.549706	0.525692	0.501611	0.477473	0.453288	0.429066	0.404817	0.38055	0.356277	0.332005	0.307746	0.283509	0.259304	0.235139	0.211026	0.186973	0.162989	0.139084	0.115267	0.0915468	0.0679331	0.0444345	0.0210597	-0.00218245	-0.0252834	-0.0482346	-0.0710278	-0.0936547	-0.116107	-0.138377	-0.160457	-0.182338	-0.204014	-0.225477	-0.246719	-0.267733	-0.288513	-0.309052	-0.329342	-0.349377	-0.369151	-0.388658	-0.407891	-0.426845	-0.445513	-0.463891	-0.481972	-0.499753	-0.517226	-0.534389	-0.551235	-0.567761	-0.583962	-0.599833	-0.615372	-0.630574	-0.645436	-0.659954	-0.674125	-0.687946	-0.701414	-0.714527	-0.727281	-0.739675	-0.751707	-0.763374	-0.774676	-0.78561	-0.796175	-0.80637	-0.816194	-0.825647	-0.834727	-0.843434	-0.851769	-0.85973	-0.867319	-0.874535	-0.88138	-0.887852	-0.893955	-0.899688	-0.905053	-0.910051	-0.914684	-0.918954	-0.922862	-0.92641	-0.929602	-0.932438	-0.934921	-0.937055	-0.938843	-0.940286	-0.941389	-0.942154	-0.942585	-0.942685	-0.942459	-0.94191	-0.941042	-0.939859	-0.938366	-0.936566	-0.934464	-0.932065	-0.929373	-0.926394	-0.923131	-0.919591	-0.915777	-0.911696	-0.907353	-0.902752	-0.897899	-0.892801	-0.887462	-0.881888	-0.876084	-0.870058	-0.863813	-0.857357	-0.850696	-0.843834	-0.836779	-0.829536	-0.822112	-0.814513	-0.806744	-0.798812	-0.790724	-0.782485	-0.774102	-0.76558	-0.756928	-0.748149	-0.739252	-0.730241	-0.721124	-0.711906	-0.702594	-0.693194	-0.683712	-0.674154	-0.664527	-0.654836	-0.645087	-0.635287	-0.625441	-0.615555	-0.605636	-0.595688	-0.585717	-0.57573	-0.565732	-0.555728	-0.545723	-0.535724	-0.525735	-0.515762	-0.505809	-0.495882	-0.485985	-0.476124	-0.466304	-0.456528	-0.446802	-0.437129	-0.427515	-0.417964	-0.408479	-0.399065	-0.389725	-0.380464	-0.371284	-0.362191	-0.353186	-0.344274	-0.335458	-0.32674	-0.318124	-0.309612	-0.301207	-0.292912	-0.284729	-0.276661	-0.268709	-0.260876	-0.253164	-0.245574	-0.238108	-0.230768	-0.223554	-0.216469	-0.209513	-0.202687	-0.195992	-0.18943	-0.182999	-0.176702	-0.170538	-0.164507	-0.15861	-0.152846	-0.147215	-0.141717	-0.136352	-0.131118	-0.126016	-0.121043	-0.116201	-0.111486	-0.106899	-0.102437	-0.0981001	-0.0938858	-0.0897926	-0.085819	-0.0819629	-0.0782224	-0.0745955	-0.07108	-0.0676735	-0.0643738	-0.0611784	-0.0580846	-0.0550899	-0.0521915	-0.0493866	-0.0466723	-0.0440456	-0.0415034	-0.0390427	-0.0366602	-0.0343526	-0.0321166	-0.0299488	-0.0278458	-0.025804	-0.0238198	-0.0218897	-0.02001	-0.0181769	-0.0163868	-0.0146358	-0.0129202	-0.011236	-0.00957943	-0.00794655	-0.00633346	-0.00473621	-0.00315086	-0.00157344	0
0	0.0273009	0.0545913	0.0818605	0.109098	0.136293	0.163436	0.190515	0.21752	0.244442	0.271268	0.29799	0.324597	0.351078	0.377423	0.403622	0.429666	0.455543	0.481245	0.50676	0.532081	0.557196	0.582096	0.606772	0.631214	0.655413	0.67936	0.703046	0.726462	0.749598	0.772447	0.794999	0.817247	0.839181	0.860795	0.882078	0.903025	0.923627	0.943876	0.963765	0.983287	1.00243	1.0212	1.03958	1.05756	1.07514	1.09232	1.10908	1.12542	1.14134	1.15683	1.17188	1.18649	1.20065	1.21436	1.22762	1.24042	1.25275	1.26462	1.27602	1.28694	1.29738	1.30734	1.31681	1.3258	1.3343	1.34231	1.34982	1.35684	1.36336	1.36938	1.3749	1.37992	1.38443	1.38845	1.39196	1.39497	1.39747	1.39948	1.40098	1.40197	1.40247	1.40247	1.40197	1.40097	1.39948	1.39749	1.39502	1.39205	1.3886	1.38466	1.38025	1.37536	1.36999	1.36415	1.35785	1.35108	1.34385	1.33617	1.32804	1.31946	1.31045	1.30099	1.29111	1.2808	1.27007	1.25893	1.24738	1.23543	1.22308	1.21034	1.19721	1.18371	1.16984	1.15561	1.14101	1.12607	1.11079	1.09517	1.07922	1.06295	1.04637	1.02949	1.01231	0.994836	0.977084	0.959059	0.94077	0.922224	0.903431	0.884398	0.865134	0.845647	0.825947	0.806041	0.78594	0.765651	0.745183	0.724545	0.703746	0.682796	0.661702	0.640475	0.619122	0.597654	0.576078	0.554405	0.532642	0.5108	0.488887	0.466912	0.444884	0.422812	0.400706	0.378573	0.356423	0.334264	0.312106	0.289957	0.267827	0.245722	0.223653	0.201627	0.179653	0.15774	0.135896	0.114128	0.092446	0.070857	0.0493692	0.0279905	0.0067288	-0.0144083	-0.0354132	-0.0562783	-0.0769963	-0.09756	-0.117962	-0.138195	-0.158253	-0.178129	-0.197815	-0.217306	-0.236595	-0.255675	-0.274541	-0.293187	-0.311606	-0.329793	-0.347742	-0.365448	-0.382905	-0.400109	-0.417054	-0.433736	-0.450149	-0.466289	-0.482153	-0.497735	-0.513031	-0.528038	-0.542752	-0.557169	-0.571286	-0.5851	-0.598607	-0.611805	-0.62469	-0.637261	-0.649514	-0.661449	-0.673061	-0.68435	-0.695314	-0.705951	-0.71626	-0.726239	-0.735888	-0.745205	-0.75419	-0.762842	-0.77116	-0.779145	-0.786797	-0.794114	-0.801099	-0.80775	-0.814069	-0.820055	-0.825711	-0.831037	-0.836034	-0.840703	-0.845046	-0.849065	-0.852761	-0.856136	-0.859192	-0.861931	-0.864355	-0.866468	-0.868271	-0.869767	-0.87096	-0.871851	-0.872444	-0.872742	-0.872749	-0.872468	-0.871902	-0.871055	-0.869931	-0.868533	-0.866866	-0.864934	-0.86274	-0.860289	-0.857585	-0.854633	-0.851438	-0.848002	-0.844333	-0.840433	-0.836308	-0.831962	-0.827401	-0.822629	-0.817652	-0.812475	-0.807102	-0.801539	-0.795791	-0.789863	-0.783761	-0.777489	-0.771054	-0.76446	-0.757713	-0.750819	-0.743782	-0.736608	-0.729303	-0.721872	-0.71432	-0.706653	-0.698877	-0.690996	-0.683016	-0.674943	-0.666782	-0.658538	-0.650217	-0.641824	-0.633364	-0.624842	-0.616264	-0.607634	-0.598959	-0.590242	-0.58149	-0.572706	-0.563896	-0.555065	-0.546218	-0.537358	-0.528492	-0.519623	-0.510756	-0.501895	-0.493046	-0.484211	-0.475396	-0.466604	-0.45784	-0.449108	-0.440411	-0.431753	-0.423138	-0.41457	-0.406052	-0.397587	-0.389179	-0.380831	-0.372546	-0.364327	-0.356177	-0.348099	-0.340096	-0.332169	-0.324323	-0.316558	-0.308878	-0.301283	-0.293778	-0.286363	-0.279039	-0.27181	-0.264677	-0.25764	-0.250701	-0.243862	-0.237124	-0.230487	-0.223953	-0.217523	-0.211196	-0.204974	-0.198857	-0.192846	-0.18694	-0.18114	-0.175446	-0.169857	-0.164374	-0.158996	-0.153722	-0.148553	-0.143487	-0.138524	-0.133663	-0.128903	-0.124243	-0.119682	-0.115218	-0.110851	-0.106578	-0.102399	-0.098311	-0.0943132	-0.0904037	-0.0865805	-0.0828418	-0.0791854	-0.0756092	-0.0721112	-0.068689	-0.0653404	-0.0620628	-0.058854	-0.0557113	-0.0526322	-0.0496141	-0.0466542	-0.0437498	-0.0408981	-0.0380963	-0.0353414	-0.0326306	-0.0299608	-0.0273291	-0.0247323	-0.0221675	-0.0196315	-0.0171211	-0.0146333	-0.0121648	-0.00971243	-0.00727299	-0.00484326	-0.00242001	0
0	0.020598	0.0411885	0.0617638	0.0823165	0.102839	0.123324	0.143763	0.16415	0.184476	0.204735	0.224919	0.24502	0.265032	0.284946	0.304756	0.324454	0.344034	0.363488	0.382808	0.401989	0.421023	0.439903	0.458622	0.477174	0.495552	0.513749	0.531758	0.549575	0.56719	0.5846	0.601797	0.618775	0.635529	0.652052	0.668339	0.684383	0.70018	0.715723	0.731008	0.746029	0.76078	0.775257	0.789455	0.803369	0.816994	0.830326	0.84336	0.856092	0.868517	0.880632	0.892432	0.903914	0.915074	0.925909	0.936414	0.946587	0.956425	0.965924	0.975082	0.983896	0.992363	1.00048	1.00825	1.01566	1.02272	1.02942	1.03576	1.04174	1.04736	1.05261	1.0575	1.06202	1.06618	1.06997	1.07339	1.07645	1.07914	1.08145	1.0834	1.08499	1.0862	1.08705	1.08753	1.08764	1.08739	1.08678	1.0858	1.08446	1.08276	1.08071	1.07829	1.07553	1.07241	1.06894	1.06512	1.06096	1.05645	1.05161	1.04642	1.04091	1.03506	1.02888	1.02238	1.01556	1.00842	1.00096	0.993197	0.985126	0.976754	0.968083	0.959118	0.949864	0.940325	0.930505	0.92041	0.910043	0.89941	0.888516	0.877365	0.865962	0.854314	0.842425	0.8303	0.817945	0.805365	0.792566	0.779553	0.766332	0.752909	0.73929	0.725479	0.711484	0.697311	0.682964	0.66845	0.653776	0.638947	0.623969	0.608849	0.593593	0.578207	0.562697	0.547069	0.53133	0.515487	0.499544	0.48351	0.467389	0.451189	0.434915	0.418574	0.402173	0.385717	0.369213	0.352667	0.336085	0.319474	0.30284	0.286189	0.269527	0.252861	0.236196	0.219538	0.202894	0.18627	0.169671	0.153103	0.136573	0.120085	0.103647	0.0872622	0.070938	0.0546793	0.0384918	0.0223809	0.00635197	-0.00958973	-0.0254389	-0.0411905	-0.0568392	-0.0723803	-0.0878086	-0.103119	-0.118308	-0.133369	-0.148299	-0.163093	-0.177746	-0.192254	-0.206613	-0.220819	-0.234868	-0.248755	-0.262477	-0.27603	-0.289411	-0.302615	-0.31564	-0.328482	-0.341137	-0.353603	-0.365877	-0.377956	-0.389836	-0.401515	-0.412991	-0.42426	-0.435322	-0.446172	-0.45681	-0.467232	-0.477438	-0.487424	-0.497191	-0.506735	-0.516055	-0.52515	-0.534018	-0.542659	-0.551072	-0.559254	-0.567206	-0.574927	-0.582415	-0.589671	-0.596694	-0.603484	-0.61004	-0.616363	-0.622452	-0.628307	-0.633929	-0.639318	-0.644474	-0.649398	-0.65409	-0.658552	-0.662783	-0.666785	-0.670558	-0.674104	-0.677424	-0.68052	-0.683391	-0.68604	-0.688469	-0.690679	-0.692671	-0.694447	-0.69601	-0.697361	-0.698501	-0.699434	-0.70016	-0.700683	-0.701005	-0.701127	-0.701053	-0.700785	-0.700324	-0.699674	-0.698838	-0.697818	-0.696616	-0.695236	-0.693681	-0.691952	-0.690054	-0.687988	-0.685759	-0.683369	-0.68082	-0.678118	-0.675263	-0.67226	-0.669111	-0.665821	-0.662391	-0.658826	-0.655128	-0.651301	-0.647349	-0.643274	-0.639079	-0.634769	-0.630346	-0.625814	-0.621176	-0.616435	-0.611596	-0.60666	-0.601631	-0.596514	-0.59131	-0.586024	-0.580658	-0.575216	-0.569701	-0.564116	-0.558464	-0.552749	-0.546974	-0.541142	-0.535256	-0.529319	-0.523334	-0.517303	-0.511231	-0.50512	-0.498972	-0.492791	-0.486579	-0.48034	-0.474075	-0.467788	-0.461481	-0.455157	-0.448817	-0.442466	-0.436105	-0.429736	-0.423362	-0.416984	-0.410607	-0.40423	-0.397857	-0.391489	-0.385129	-0.378778	-0.372439	-0.366112	-0.3598	-0.353505	-0.347227	-0.340969	-0.334732	-0.328518	-0.322327	-0.316161	-0.310021	-0.303909	-0.297826	-0.291772	-0.285748	-0.279756	-0.273796	-0.267869	-0.261976	-0.256117	-0.250293	-0.244504	-0.238752	-0.233035	-0.227356	-0.221713	-0.216107	-0.210539	-0.205007	-0.199514	-0.194057	-0.188638	-0.183256	-0.17791	-0.172602	-0.167329	-0.162093	-0.156892	-0.151727	-0.146595	-0.141498	-0.136435	-0.131404	-0.126405	-0.121437	-0.1165	-0.111593	-0.106715	-0.101864	-0.0970407	-0.0922431	-0.0874706	-0.0827221	-0.0779964	-0.0732925	-0.0686093	-0.0639456	-0.0593001	-0.0546717	-0.0500592	-0.0454614	-0.0408768	-0.0363043	-0.0317426	-0.0271903	-0.0226462	-0.0181088	-0.0135768	-0.00904894	-0.00452379	0
0	0.0109136	0.0218239	0.0327276	0.0436216	0.0545024	0.065367	0.0762119	0.0870339	0.0978299	0.108597	0.119331	0.130029	0.140688	0.151306	0.161878	0.172401	0.182873	0.19329	0.203649	0.213948	0.224182	0.23435	0.244447	0.254472	0.26442	0.274289	0.284077	0.29378	0.303395	0.31292	0.322352	0.331688	0.340925	0.35006	0.359092	0.368017	0.376832	0.385536	0.394125	0.402598	0.410951	0.419183	0.427291	0.435272	0.443125	0.450847	0.458436	0.465889	0.473206	0.480383	0.487419	0.494312	0.501059	0.50766	0.514111	0.520413	0.526562	0.532557	0.538396	0.544078	0.549602	0.554966	0.560169	0.565208	0.570084	0.574794	0.579338	0.583714	0.587922	0.59196	0.595827	0.599523	0.603047	0.606397	0.609574	0.612576	0.615402	0.618053	0.620528	0.622826	0.624947	0.62689	0.628656	0.630244	0.631654	0.632885	0.633938	0.634813	0.63551	0.636029	0.636369	0.636532	0.636518	0.636326	0.635958	0.635414	0.634693	0.633798	0.632728	0.631484	0.630067	0.628477	0.626716	0.624783	0.622681	0.620411	0.617972	0.615366	0.612595	0.609659	0.60656	0.603299	0.599878	0.596296	0.592557	0.588662	0.584611	0.580407	0.576051	0.571545	0.56689	0.562088	0.557141	0.55205	0.546818	0.541446	0.535937	0.530291	0.524512	0.5186	0.512559	0.50639	0.500095	0.493677	0.487137	0.480478	0.473702	0.466811	0.459808	0.452694	0.445473	0.438146	0.430716	0.423186	0.415557	0.407832	0.400014	0.392105	0.384107	0.376024	0.367857	0.35961	0.351284	0.342883	0.334408	0.325864	0.317251	0.308573	0.299832	0.291032	0.282174	0.273261	0.264296	0.255282	0.246222	0.237117	0.227971	0.218786	0.209565	0.200311	0.191026	0.181713	0.172375	0.163014	0.153633	0.144235	0.134821	0.125396	0.115961	0.106519	0.097073	0.087625	0.0781779	0.0687341	0.0592963	0.049867	0.0404487	0.0310439	0.0216551	0.0122847	0.0029353	-0.00639077	-0.0156911	-0.0249632	-0.0342048	-0.0434134	-0.0525869	-0.0617228	-0.0708188	-0.0798728	-0.0888824	-0.0978455	-0.10676	-0.115623	-0.124434	-0.133189	-0.141887	-0.150525	-0.159103	-0.167617	-0.176065	-0.184447	-0.192759	-0.201	-0.209168	-0.217262	-0.225279	-0.233218	-0.241076	-0.248854	-0.256547	-0.264156	-0.271678	-0.279112	-0.286457	-0.29371	-0.300871	-0.307937	-0.314908	-0.321783	-0.328559	-0.335236	-0.341812	-0.348286	-0.354657	-0.360924	-0.367086	-0.373141	-0.379088	-0.384928	-0.390657	-0.396277	-0.401785	-0.407181	-0.412464	-0.417633	-0.422687	-0.427626	-0.43245	-0.437156	-0.441745	-0.446217	-0.45057	-0.454804	-0.458918	-0.462913	-0.466787	-0.47054	-0.474173	-0.477684	-0.481073	-0.48434	-0.487486	-0.490508	-0.493408	-0.496186	-0.49884	-0.501372	-0.503781	-0.506067	-0.50823	-0.51027	-0.512187	-0.513981	-0.515653	-0.517203	-0.51863	-0.519935	-0.521119	-0.52218	-0.523121	-0.523941	-0.52464	-0.525219	-0.525678	-0.526018	-0.526239	-0.526341	-0.526326	-0.526193	-0.525942	-0.525576	-0.525094	-0.524496	-0.523784	-0.522958	-0.522018	-0.520966	-0.519802	-0.518527	-0.517141	-0.515645	-0.51404	-0.512328	-0.510507	-0.50858	-0.506548	-0.50441	-0.502168	-0.499823	-0.497376	-0.494827	-0.492178	-0.489429	-0.486582	-0.483637	-0.480595	-0.477457	-0.474225	-0.470899	-0.46748	-0.463969	-0.460368	-0.456677	-0.452898	-0.44903	-0.445077	-0.441037	-0.436914	-0.432707	-0.428418	-0.424048	-0.419597	-0.415068	-0.410461	-0.405778	-0.401019	-0.396185	-0.391278	-0.3863	-0.38125	-0.37613	-0.370942	-0.365686	-0.360363	-0.354976	-0.349524	-0.34401	-0.338434	-0.332797	-0.327101	-0.321347	-0.315536	-0.309669	-0.303747	-0.297772	-0.291745	-0.285666	-0.279538	-0.273361	-0.267137	-0.260866	-0.25455	-0.24819	-0.241787	-0.235343	-0.228858	-0.222334	-0.215772	-0.209174	-0.202539	-0.195871	-0.189169	-0.182435	-0.17567	-0.168876	-0.162053	-0.155202	-0.148326	-0.141425	-0.1345	-0.127553	-0.120584	-0.113595	-0.106587	-0.0995613	-0.0925191	-0.0854614	-0.0783896	-0.0713047	-0.064208	-0.0571006	-0.0499837	-0.0428586	-0.0357264	-0.0285882	-0.0214453	-0.0142988	-0.00715001	0
0	-6.51609e-05	-0.000128861	-0.000189642	-0.000246045	-0.000296618	-0.000339911	-0.000374481	-0.000398893	-0.000411717	-0.000411535	-0.000396939	-0.000366532	-0.000318928	-0.000252758	-0.000166666	-5.93119e-05	7.06274e-05	0.000224456	0.000403461	0.000608905	0.000842035	0.00110407	0.00139621	0.00171963	0.00207548	0.00246488	0.00288892	0.00334868	0.0038452	0.00437947	0.00495248	0.00556517	0.00621846	0.00691323	0.00765033	0.00843055	0.00925469	0.0101235	0.0110376	0.0119978	0.0130046	0.0140586	0.0151604	0.0163105	0.0175093	0.0187573	0.0200549	0.0214024	0.0228	0.0242481	0.0257469	0.0272965	0.0288971	0.0305486	0.0322513	0.034005	0.0358097	0.0376653	0.0395716	0.0415285	0.0435357	0.0455929	0.0476998	0.049856	0.0520611	0.0543147	0.0566161	0.0589649	0.0613604	0.063802	0.0662889	0.0688205	0.071396	0.0740144	0.076675	0.0793769	0.0821189	0.0849002	0.0877197	0.0905763	0.0934689	0.0963962	0.0993572	0.10235	0.105375	0.108429	0.111511	0.11462	0.117754	0.120913	0.124094	0.127296	0.130517	0.133756	0.137011	0.14028	0.143562	0.146855	0.150156	0.153466	0.15678	0.160099	0.163419	0.166738	0.170056	0.17337	0.176678	0.179978	0.183268	0.186546	0.18981	0.193058	0.196288	0.199498	0.202685	0.205848	0.208985	0.212093	0.215171	0.218216	0.221225	0.224198	0.227132	0.230024	0.232873	0.235677	0.238433	0.241139	0.243793	0.246394	0.248938	0.251425	0.253851	0.256216	0.258516	0.260749	0.262915	0.265011	0.267034	0.268983	0.270857	0.272652	0.274368	0.276002	0.277553	0.279019	0.280398	0.281688	0.282888	0.283996	0.285011	0.285931	0.286753	0.287478	0.288103	0.288627	0.289049	0.289367	0.289579	0.289686	0.289685	0.289575	0.289356	0.289025	0.288583	0.288028	0.287359	0.286576	0.285677	0.284662	0.283531	0.282281	0.280914	0.279428	0.277823	0.276098	0.274254	0.272289	0.270204	0.267998	0.265671	0.263224	0.260656	0.257967	0.255157	0.252227	0.249177	0.246007	0.242717	0.239308	0.23578	0.232134	0.228371	0.224491	0.220495	0.216383	0.212157	0.207818	0.203366	0.198803	0.194129	0.189346	0.184455	0.179457	0.174355	0.169148	0.163839	0.158428	0.152919	0.147312	0.141609	0.135811	0.129922	0.123941	0.117873	0.111717	0.105477	0.0991548	0.092752	0.0862711	0.0797142	0.0730837	0.0663819	0.0596112	0.0527741	0.0458729	0.0389103	0.0318887	0.0248108	0.0176793	0.0104967	0.00326595	-0.00401034	-0.0113293	-0.0186882	-0.0260841	-0.0335141	-0.0409752	-0.0484646	-0.0559793	-0.0635161	-0.0710722	-0.0786443	-0.0862295	-0.0938247	-0.101427	-0.109032	-0.116638	-0.124242	-0.131839	-0.139428	-0.147004	-0.154565	-0.162107	-0.169627	-0.177122	-0.184588	-0.192023	-0.199422	-0.206784	-0.214104	-0.22138	-0.228607	-0.235784	-0.242906	-0.24997	-0.256974	-0.263914	-0.270787	-0.27759	-0.284319	-0.290972	-0.297546	-0.304037	-0.310442	-0.316759	-0.322985	-0.329116	-0.335149	-0.341082	-0.346913	-0.352637	-0.358252	-0.363757	-0.369147	-0.37442	-0.379574	-0.384606	-0.389514	-0.394294	-0.398946	-0.403465	-0.407851	-0.412101	-0.416211	-0.420182	-0.424009	-0.427692	-0.431228	-0.434615	-0.437852	-0.440936	-0.443866	-0.44664	-0.449257	-0.451715	-0.454012	-0.456148	-0.45812	-0.459927	-0.461569	-0.463044	-0.464351	-0.465489	-0.466457	-0.467255	-0.46788	-0.468334	-0.468614	-0.468722	-0.468655	-0.468414	-0.467998	-0.467407	-0.466641	-0.465699	-0.464583	-0.463291	-0.461824	-0.460182	-0.458365	-0.456374	-0.454209	-0.451871	-0.44936	-0.446677	-0.443822	-0.440797	-0.437602	-0.434239	-0.430707	-0.42701	-0.423146	-0.419119	-0.414929	-0.410577	-0.406066	-0.401396	-0.396569	-0.391588	-0.386453	-0.381167	-0.375731	-0.370147	-0.364419	-0.358546	-0.352533	-0.34638	-0.340091	-0.333667	-0.327112	-0.320427	-0.313615	-0.306679	-0.299621	-0.292444	-0.285151	-0.277745	-0.270228	-0.262604	-0.254875	-0.247044	-0.239115	-0.23109	-0.222973	-0.214767	-0.206476	-0.198101	-0.189648	-0.181118	-0.172516	-0.163845	-0.155108	-0.146309	-0.137451	-0.128539	-0.119574	-0.110562	-0.101505	-0.0924076	-0.083273	-0.0741049	-0.0649071	-0.0556832	-0.0464369	-0.0371719	-0.027892	-0.0186009	-0.00930233	0
0	-0.010475	-0.0209443	-0.031402	-0.0418426	-0.0522603	-0.0626493	-0.073004	-0.0833187	-0.0935878	-0.103806	-0.113966	-0.124065	-0.134095	-0.144053	-0.153931	-0.163725	-0.173429	-0.183038	-0.192547	-0.20195	-0.211243	-0.22042	-0.229476	-0.238407	-0.247207	-0.255872	-0.264397	-0.272776	-0.281007	-0.289084	-0.297002	-0.304758	-0.312346	-0.319764	-0.327007	-0.334071	-0.340952	-0.347646	-0.35415	-0.360461	-0.366574	-0.372486	-0.378195	-0.383696	-0.388988	-0.394067	-0.398931	-0.403576	-0.408	-0.412202	-0.416177	-0.419926	-0.423445	-0.426732	-0.429786	-0.432605	-0.435188	-0.437533	-0.439639	-0.441504	-0.443129	-0.444511	-0.445651	-0.446547	-0.4472	-0.447608	-0.447772	-0.447692	-0.447368	-0.446799	-0.445987	-0.444931	-0.443633	-0.442093	-0.440312	-0.438291	-0.436031	-0.433533	-0.4308	-0.427832	-0.424631	-0.421199	-0.417538	-0.41365	-0.409536	-0.4052	-0.400644	-0.395871	-0.390882	-0.385681	-0.38027	-0.374654	-0.368834	-0.362814	-0.356598	-0.350188	-0.343589	-0.336804	-0.329837	-0.322692	-0.315372	-0.307882	-0.300227	-0.292409	-0.284434	-0.276305	-0.268028	-0.259607	-0.251047	-0.242352	-0.233528	-0.224579	-0.215509	-0.206325	-0.197031	-0.187632	-0.178134	-0.168542	-0.158861	-0.149096	-0.139253	-0.129337	-0.119354	-0.109309	-0.0992085	-0.0890571	-0.0788606	-0.0686248	-0.0583553	-0.0480577	-0.0377378	-0.0274012	-0.0170536	-0.00670074	0.00365164	0.0139979	0.0243322	0.034649	0.0449426	0.0552073	0.0654374	0.0756272	0.0857713	0.095864	0.1059	0.115873	0.125778	0.13561	0.145363	0.155032	0.164612	0.174096	0.183481	0.19276	0.20193	0.210984	0.219918	0.228727	0.237406	0.24595	0.254354	0.262615	0.270727	0.278687	0.286489	0.294129	0.301604	0.308909	0.31604	0.322993	0.329765	0.336352	0.342749	0.348955	0.354965	0.360776	0.366385	0.371789	0.376984	0.381969	0.386741	0.391296	0.395633	0.399749	0.403641	0.407309	0.410749	0.41396	0.416941	0.419689	0.422204	0.424483	0.426527	0.428333	0.4299	0.431229	0.432318	0.433167	0.433775	0.434142	0.434268	0.434153	0.433798	0.433201	0.432365	0.431289	0.429974	0.428421	0.42663	0.424604	0.422342	0.419847	0.41712	0.414162	0.410975	0.407561	0.403922	0.400061	0.395978	0.391677	0.38716	0.38243	0.377489	0.37234	0.366987	0.361431	0.355677	0.349727	0.343585	0.337255	0.33074	0.324043	0.317169	0.310121	0.302903	0.29552	0.287975	0.280273	0.272418	0.264415	0.256267	0.247981	0.23956	0.231008	0.222332	0.213535	0.204623	0.195601	0.186473	0.177246	0.167923	0.15851	0.149014	0.139437	0.129788	0.120069	0.110288	0.10045	0.0905592	0.0806222	0.0706445	0.0606315	0.0505888	0.0405221	0.030437	0.0203392	0.0102342	0.000127701	-0.00997459	-0.0200671	-0.0301441	-0.0402	-0.0502292	-0.0602262	-0.0701852	-0.0801008	-0.0899675	-0.0997796	-0.109532	-0.119219	-0.128835	-0.138375	-0.147833	-0.157205	-0.166484	-0.175667	-0.184747	-0.19372	-0.202581	-0.211325	-0.219946	-0.22844	-0.236803	-0.24503	-0.253116	-0.261056	-0.268847	-0.276483	-0.283962	-0.291277	-0.298427	-0.305405	-0.31221	-0.318836	-0.32528	-0.331539	-0.337609	-0.343487	-0.349169	-0.354653	-0.359935	-0.365012	-0.369882	-0.374542	-0.37899	-0.383222	-0.387237	-0.391032	-0.394605	-0.397955	-0.401079	-0.403976	-0.406644	-0.409082	-0.411288	-0.413262	-0.415001	-0.416506	-0.417775	-0.418808	-0.419604	-0.420163	-0.420485	-0.420568	-0.420414	-0.420023	-0.419394	-0.418529	-0.417427	-0.416089	-0.414517	-0.41271	-0.410671	-0.4084	-0.405898	-0.403168	-0.400209	-0.397026	-0.393618	-0.389988	-0.386138	-0.382071	-0.377788	-0.373292	-0.368586	-0.363672	-0.358553	-0.353232	-0.347712	-0.341996	-0.336087	-0.329989	-0.323705	-0.317238	-0.310593	-0.303773	-0.296782	-0.289624	-0.282302	-0.274822	-0.267186	-0.259401	-0.251469	-0.243396	-0.235185	-0.226843	-0.218372	-0.209779	-0.201067	-0.192242	-0.18331	-0.174273	-0.165139	-0.155912	-0.146597	-0.1372	-0.127725	-0.118178	-0.108565	-0.0988912	-0.0891614	-0.0793814	-0.0695568	-0.0596929	-0.0497955	-0.0398701	-0.0299222	-0.0199575	-0.00998156	0
0	-0.0186311	-0.0372533	-0.0558581	-0.0744365	-0.0929799	-0.11148	-0.129927	-0.148313	-0.166629	-0.184866	-0.203017	-0.221072	-0.239024	-0.256862	-0.27458	-0.292169	-0.309621	-0.326927	-0.344079	-0.36107	-0.377891	-0.394534	-0.410993	-0.427259	-0.443324	-0.459181	-0.474823	-0.490243	-0.505433	-0.520387	-0.535096	-0.549556	-0.563759	-0.577698	-0.591367	-0.60476	-0.617871	-0.630694	-0.643223	-0.655452	-0.667376	-0.67899	-0.690288	-0.701265	-0.711916	-0.722238	-0.732224	-0.741871	-0.751174	-0.760131	-0.768735	-0.776985	-0.784876	-0.792406	-0.79957	-0.806367	-0.812792	-0.818845	-0.824522	-0.829821	-0.83474	-0.839278	-0.843432	-0.847202	-0.850586	-0.853582	-0.856191	-0.858411	-0.860242	-0.861684	-0.862737	-0.8634	-0.863675	-0.863561	-0.863059	-0.86217	-0.860896	-0.859237	-0.857196	-0.854773	-0.85197	-0.84879	-0.845235	-0.841306	-0.837008	-0.832342	-0.827311	-0.821919	-0.816169	-0.810064	-0.803608	-0.796805	-0.789659	-0.782174	-0.774353	-0.766203	-0.757727	-0.74893	-0.739817	-0.730393	-0.720664	-0.710635	-0.700311	-0.689697	-0.678801	-0.667628	-0.656183	-0.644473	-0.632505	-0.620284	-0.607818	-0.595113	-0.582176	-0.569013	-0.555631	-0.542039	-0.528242	-0.514249	-0.500066	-0.4857	-0.47116	-0.456453	-0.441587	-0.426569	-0.411407	-0.396109	-0.380683	-0.365136	-0.349477	-0.333714	-0.317855	-0.301907	-0.28588	-0.26978	-0.253617	-0.237398	-0.221131	-0.204826	-0.188489	-0.172129	-0.155755	-0.139374	-0.122995	-0.106625	-0.0902729	-0.0739468	-0.0576546	-0.0414043	-0.0252038	-0.00906103	0.00701611	0.0230198	0.0389424	0.0547761	0.0705133	0.0861465	0.101668	0.117071	0.132348	0.147491	0.162493	0.177348	0.192049	0.206587	0.220958	0.235154	0.249168	0.262995	0.276627	0.290059	0.303285	0.316298	0.329094	0.341665	0.354007	0.366115	0.377982	0.389604	0.400976	0.412094	0.422951	0.433544	0.443869	0.453921	0.463696	0.473191	0.482401	0.491323	0.499953	0.508289	0.516327	0.524064	0.531498	0.538626	0.545445	0.551954	0.55815	0.564031	0.569596	0.574844	0.579772	0.58438	0.588667	0.592632	0.596273	0.599592	0.602588	0.605259	0.607608	0.609633	0.611335	0.612715	0.613773	0.614512	0.61493	0.615031	0.614815	0.614285	0.613441	0.612286	0.610821	0.609051	0.606975	0.604599	0.601923	0.598951	0.595687	0.592133	0.588293	0.58417	0.579768	0.575091	0.570143	0.564928	0.559451	0.553715	0.547725	0.541485	0.535002	0.528279	0.521321	0.514134	0.506722	0.499092	0.491248	0.483197	0.474943	0.466493	0.457853	0.449027	0.440023	0.430847	0.421504	0.412001	0.402345	0.39254	0.382595	0.372516	0.362309	0.35198	0.341537	0.330986	0.320334	0.309587	0.298753	0.287839	0.27685	0.265795	0.254679	0.243511	0.232296	0.221042	0.209756	0.198444	0.187114	0.175773	0.164426	0.153082	0.141747	0.130427	0.11913	0.107863	0.0966317	0.085443	0.0743036	0.0632202	0.0521991	0.0412469	0.0303699	0.0195744	0.00886679	-0.00174688	-0.0122605	-0.0226679	-0.0329634	-0.0431409	-0.0531949	-0.0631194	-0.0729091	-0.0825585	-0.0920621	-0.101415	-0.110611	-0.119646	-0.128516	-0.137214	-0.145736	-0.154079	-0.162237	-0.170205	-0.177981	-0.185559	-0.192937	-0.200109	-0.207073	-0.213825	-0.220361	-0.226678	-0.232774	-0.238645	-0.244289	-0.249702	-0.254883	-0.259829	-0.264538	-0.269007	-0.273236	-0.277222	-0.280963	-0.284459	-0.287708	-0.290709	-0.293461	-0.295963	-0.298216	-0.300217	-0.301967	-0.303466	-0.304715	-0.305712	-0.306458	-0.306955	-0.307202	-0.307201	-0.306953	-0.306458	-0.305717	-0.304734	-0.303508	-0.302042	-0.300338	-0.298397	-0.296223	-0.293817	-0.291181	-0.288319	-0.285234	-0.281927	-0.278403	-0.274664	-0.270715	-0.266557	-0.262195	-0.257633	-0.252874	-0.247923	-0.242783	-0.237459	-0.231955	-0.226276	-0.220425	-0.214408	-0.20823	-0.201895	-0.195408	-0.188775	-0.182	-0.175088	-0.168046	-0.160878	-0.153589	-0.146186	-0.138674	-0.131059	-0.123346	-0.115542	-0.107651	-0.0996802	-0.0916355	-0.0835228	-0.075348	-0.0671174	-0.0588369	-0.0505129	-0.0421514	-0.0337586	-0.0253409	-0.0169044	-0.00845531	0
