T_inst E_tot P Z
0.0998363 -6.67388 -6.13182 -72.2573
0.104492 -6.66614 -6.12276 -68.9356
0.104147 -6.66538 -6.1145 -69.0708
0.1038 -6.6641 -6.10279 -69.1691
0.103449 -6.6623 -6.08762 -69.231
0.103095 -6.65998 -6.06898 -69.2564
0.102736 -6.65712 -6.04687 -69.2453
0.102371 -6.65373 -6.02129 -69.1977
0.102002 -6.64979 -5.99224 -69.1132
0.101628 -6.6453 -5.95972 -68.9914
0.101249 -6.64024 -5.92374 -68.8315
0.100867 -6.63462 -5.88433 -68.6326
0.100483 -6.62843 -5.84155 -68.3934
0.100101 -6.62166 -5.79545 -68.1127
0.099724 -6.61431 -5.74613 -67.7886
0.099356 -6.6064 -5.69372 -67.4191
0.0990034 -6.59788 -5.63831 -67.0007
0.0986732 -6.58887 -5.58027 -66.533
0.0983727 -6.57939 -5.51987 -66.0139
0.0981121 -6.56943 -5.4574 -65.4401
0.0979021 -6.55906 -5.39328 -64.8099
0.0977531 -6.54838 -5.32804 -64.1236
0.0976756 -6.53738 -5.26212 -63.3805
0.0976793 -6.52636 -5.19647 -62.5874
0.0977717 -6.5153 -5.13158 -61.7474
0.0979573 -6.50454 -5.0685 -60.8729
0.0982371 -6.49398 -5.00761 -59.9703
0.0986077 -6.48386 -4.94978 -59.0549
0.0990602 -6.47433 -4.8957 -58.1429
0.0995795 -6.46543 -4.84577 -57.2499
0.100149 -6.45752 -4.80089 -56.3969
0.100749 -6.45035 -4.76078 -55.593
0.101356 -6.44398 -4.72559 -54.8513
0.101952 -6.43849 -4.69539 -54.1823
0.102516 -6.43396 -4.67017 -53.595
0.103033 -6.43028 -4.64949 -53.0895
0.103495 -6.42749 -4.63311 -52.6667
0.103893 -6.42523 -4.6201 -52.3173
0.104225 -6.42354 -4.61017 -52.0385
0.104491 -6.42251 -4.60314 -51.8271
0.104694 -6.42179 -4.59804 -51.6694
0.104841 -6.42124 -4.59432 -51.5552
0.104939 -6.42118 -4.59225 -51.4836
0.104996 -6.42101 -4.59058 -51.4368
0.10502 -6.4212 -4.58986 -51.4173
0.105018 -6.42123 -4.58907 -51.4094
0.104998 -6.42135 -4.5885 -51.4128
0.104967 -6.42144 -4.58785 -51.4209
0.10493 -6.42149 -4.58704 -51.4296
0.104894 -6.42161 -4.58623 -51.4382
0.104863 -6.42147 -4.58487 -51.4382
0.109822 -6.41385 -4.57901 -49.0529
0.10978 -6.41375 -4.5772 -49.052
0.109753 -6.41376 -4.57538 -49.0449
0.109738 -6.41354 -4.57304 -49.0262
0.109738 -6.41309 -4.57023 -48.9963
0.109752 -6.41282 -4.56775 -48.9633
0.109779 -6.4126 -4.56541 -48.9263
0.109818 -6.41202 -4.5626 -48.8789
0.109867 -6.4119 -4.56077 -48.8372
0.109925 -6.41176 -4.55916 -48.7942
0.109989 -6.41167 -4.55794 -48.7528
0.110057 -6.41163 -4.55716 -48.7145
0.110126 -6.41202 -4.55747 -48.6871
0.110196 -6.41249 -4.55831 -48.6654
0.110262 -6.41258 -4.55891 -48.6424
0.110324 -6.41284 -4.56021 -48.629
0.110382 -6.41355 -4.56268 -48.63
0.110435 -6.41403 -4.56518 -48.6333
0.110483 -6.41468 -4.56838 -48.6461
0.110528 -6.41559 -4.57244 -48.6693
0.110572 -6.41637 -4.57669 -48.6951
0.110617 -6.4172 -4.58149 -48.7267
0.110663 -6.41809 -4.58682 -48.7631
0.110711 -6.41914 -4.59289 -48.8061
0.110765 -6.42034 -4.59969 -48.855
0.110822 -6.42152 -4.60698 -48.907
0.110885 -6.42266 -4.6147 -48.9612
0.110953 -6.42391 -4.62315 -49.0208
0.111024 -6.42524 -4.63226 -49.0858
0.111099 -6.42659 -4.64192 -49.1552
0.111175 -6.42814 -4.65245 -49.233
0.111248 -6.42992 -4.66383 -49.3208
0.111318 -6.43174 -4.67572 -49.4156
0.111382 -6.43377 -4.68837 -49.5208
0.111437 -6.43592 -4.70154 -49.6353
0.111482 -6.43813 -4.71508 -49.7584
0.111514 -6.44008 -4.72837 -49.8844
0.111532 -6.44254 -4.74262 -50.0265
0.111537 -6.44497 -4.75684 -50.1744
0.111529 -6.44713 -4.77055 -50.3225
0.111508 -6.44946 -4.78443 -50.4786
0.111473 -6.45168 -4.79794 -50.6367
0.111428 -6.45387 -4.81115 -50.7965
0.111375 -6.45599 -4.82395 -50.9559
0.111316 -6.45805 -4.83631 -51.1138
0.111253 -6.46003 -4.84818 -51.2683
0.111188 -6.46183 -4.85939 -51.4165
0.111125 -6.46353 -4.87007 -51.5592
0.111062 -6.46512 -4.88019 -51.6954
0.111004 -6.46679 -4.89011 -51.8275
0.115962 -6.46078 -4.89526 -49.6638
0.115894 -6.46209 -4.90387 -49.7805
0.115833 -6.46322 -4.9118 -49.887
0.115781 -6.46464 -4.91987 -49.9914
0.115738 -6.46589 -4.92735 -50.086
0.115705 -6.46681 -4.93402 -50.1684
0.115679 -6.46775 -4.94053 -50.2457
0.115662 -6.46861 -4.94674 -50.3165
0.115651 -6.46955 -4.95293 -50.3842
0.115645 -6.47039 -4.95888 -50.4474
0.115643 -6.47153 -4.96526 -50.513
0.115645 -6.47258 -4.97147 -50.5754
0.115649 -6.47353 -4.97748 -50.6347
0.115654 -6.47441 -4.98336 -50.6924
0.115659 -6.47533 -4.98933 -50.7509
0.115664 -6.47621 -4.99524 -50.8088
0.115669 -6.47684 -5.00077 -50.863
0.115674 -6.47785 -5.00697 -50.9239
0.115678 -6.47876 -5.01306 -50.984
0.115682 -6.47982 -5.01944 -51.0471
0.115687 -6.48078 -5.02573 -51.109
0.115691 -6.48187 -5.03228 -51.1736
0.115695 -6.48302 -5.039 -51.2401
0.1157 -6.48402 -5.04555 -51.3047
0.115705 -6.4848 -5.05178 -51.3659
0.115709 -6.48584 -5.05849 -51.4321
0.115713 -6.48694 -5.06537 -51.5003
0.115716 -6.48784 -5.07194 -51.5657
0.115718 -6.48895 -5.07892 -51.6357
0.115718 -6.48993 -5.08569 -51.7047
0.115717 -6.49092 -5.09247 -51.7743
0.115714 -6.49176 -5.09903 -51.8421
0.11571 -6.49268 -5.10568 -51.9116
0.115703 -6.49371 -5.11248 -51.9837
0.115694 -6.49461 -5.11901 -52.0541
0.115683 -6.49565 -5.1257 -52.1274
0.115668 -6.49651 -5.13198 -52.1978
0.115651 -6.49749 -5.13837 -52.2704
0.115631 -6.49849 -5.14465 -52.3434
0.115607 -6.49928 -5.15042 -52.4129
0.11558 -6.50004 -5.15596 -52.4819
0.115547 -6.50093 -5.16151 -52.553
0.115511 -6.50165 -5.16655 -52.621
0.11547 -6.50263 -5.17177 -52.6927
0.115426 -6.50341 -5.1764 -52.7601
0.115378 -6.50403 -5.18047 -52.8235
0.115329 -6.50454 -5.18408 -52.8829
0.115278 -6.50495 -5.18723 -52.9385
0.115226 -6.50539 -5.19012 -52.9917
0.115175 -6.50579 -5.19266 -53.0412
0.120118 -6.49844 -5.19021 -50.8342
0.120052 -6.49858 -5.19159 -50.8761
0.119989 -6.49875 -5.19266 -50.9133
0.119931 -6.49879 -5.19317 -50.9428
0.11988 -6.49882 -5.19335 -50.9661
0.119836 -6.49864 -5.19291 -50.9804
0.1198 -6.49828 -5.19194 -50.9865
0.11977 -6.49791 -5.19074 -50.9873
0.119747 -6.49775 -5.18974 -50.9874
0.11973 -6.49733 -5.18818 -50.9793
0.119717 -6.49693 -5.18652 -50.9685
0.119709 -6.49658 -5.18489 -50.9558
0.119705 -6.49618 -5.18313 -50.9402
0.119705 -6.49564 -5.18109 -50.9203
0.119707 -6.49527 -5.17934 -50.9019
0.119712 -6.49482 -5.17743 -50.8812
0.11972 -6.49437 -5.17556 -50.8596
0.11973 -6.49381 -5.17356 -50.8354
0.119743 -6.49328 -5.17165 -50.8112
0.119758 -6.49297 -5.17018 -50.7904
0.119776 -6.49264 -5.16878 -50.7692
0.119795 -6.49244 -5.16767 -50.7502
0.119816 -6.49221 -5.16662 -50.7311
0.119838 -6.49204 -5.16579 -50.7136
0.11986 -6.4919 -5.16508 -50.6972
0.11988 -6.49169 -5.16435 -50.6814
0.119899 -6.49164 -5.16399 -50.6701
0.119915 -6.49145 -5.16345 -50.6578
0.119929 -6.49132 -5.16308 -50.6484
0.119939 -6.49129 -5.16289 -50.6425
0.119944 -6.49126 -5.1627 -50.6384
0.119945 -6.49125 -5.16255 -50.6364
0.119941 -6.49109 -5.1621 -50.6335
0.119933 -6.49102 -5.16174 -50.6334
0.119921 -6.49085 -5.16111 -50.6323
0.119906 -6.49071 -5.16044 -50.6323
0.119888 -6.49055 -5.15962 -50.6317
0.119869 -6.49031 -5.15854 -50.6291
0.11985 -6.49011 -5.15741 -50.6262
0.119832 -6.48989 -5.15611 -50.6211
0.119815 -6.48971 -5.15476 -50.615
0.1198 -6.48947 -5.15319 -50.6057
0.119788 -6.48919 -5.15144 -50.5937
0.119777 -6.48885 -5.14948 -50.579
0.119768 -6.48844 -5.1473 -50.5616
0.119759 -6.48806 -5.14504 -50.5432
0.119749 -6.48762 -5.14258 -50.5231
0.119737 -6.48717 -5.13997 -50.5023
0.119725 -6.48676 -5.1373 -50.4813
0.11971 -6.48638 -5.13454 -50.4605
0.124675 -6.47844 -5.12712 -48.3809
0.124634 -6.47803 -5.12371 -48.3648
0.124593 -6.47727 -5.11943 -48.3403
0.124553 -6.47677 -5.11531 -48.317
0.124514 -6.47607 -5.11056 -48.287
0.124479 -6.47528 -5.10544 -48.2522
0.124449 -6.47441 -5.09995 -48.2122
0.124422 -6.47381 -5.09472 -48.173
0.124401 -6.47298 -5.08894 -48.1266
0.124384 -6.47208 -5.0829 -48.0758
0.124373 -6.47116 -5.07671 -48.0215
0.124368 -6.47027 -5.07052 -47.965
0.124368 -6.4694 -5.0643 -47.9062
0.124374 -6.46842 -5.05788 -47.8432
0.124386 -6.46763 -5.05182 -47.7813
0.124403 -6.46688 -5.04588 -47.7185
0.124424 -6.46606 -5.0399 -47.6538
0.124449 -6.46538 -5.03427 -47.5912
0.124475 -6.46475 -5.02883 -47.5297
0.124501 -6.46404 -5.02338 -47.4682
0.124527 -6.46338 -5.01818 -47.4092
0.124551 -6.46271 -5.01309 -47.3519
0.124574 -6.46204 -5.00814 -47.2966
0.124595 -6.46146 -5.00349 -47.2448
0.124614 -6.4607 -4.9987 -47.1924
0.124631 -6.4601 -4.99433 -47.1448
0.124647 -6.45961 -4.99029 -47.1006
0.124663 -6.45906 -4.98633 -47.0572
0.124679 -6.4584 -4.98236 -47.0137
0.124696 -6.45792 -4.97887 -46.9744
0.124714 -6.45739 -4.9755 -46.9357
0.124732 -6.45694 -4.97246 -46.9003
0.124749 -6.45663 -4.96985 -46.8691
0.124767 -6.45624 -4.9673 -46.8385
0.124783 -6.45583 -4.96493 -46.8101
0.124796 -6.45564 -4.96309 -46.7877
0.124806 -6.45546 -4.96145 -46.7684
0.124813 -6.45506 -4.95957 -46.7482
0.124816 -6.45471 -4.9579 -46.7313
0.124816 -6.45456 -4.95671 -46.7203
0.124811 -6.45427 -4.95535 -46.7092
0.124805 -6.45414 -4.95436 -46.7022
0.124797 -6.45373 -4.95297 -46.6921
0.124787 -6.45354 -4.952 -46.6866
0.124777 -6.45322 -4.95087 -46.6797
0.124768 -6.45294 -4.94986 -46.6736
0.124761 -6.45244 -4.94854 -46.6638
0.124757 -6.4521 -4.94754 -46.6559
0.124757 -6.45178 -4.94663 -46.6472
0.124762 -6.4513 -4.94554 -46.6352
0.129755 -6.44349 -4.94046 -44.7946
0.129745 -6.44325 -4.93972 -44.7912
0.129741 -6.44283 -4.93865 -44.7827
0.129743 -6.44256 -4.93782 -44.7746
0.129751 -6.44225 -4.93695 -44.764
0.129764 -6.44187 -4.936 -44.7508
0.129781 -6.44156 -4.93518 -44.7376
0.129803 -6.44123 -4.93441 -44.723
0.129828 -6.44099 -4.93386 -44.7093
0.129856 -6.44068 -4.93325 -44.6942
0.129887 -6.44052 -4.93299 -44.6812
0.129919 -6.44033 -4.93277 -44.6683
0.129952 -6.44013 -4.93262 -44.6557
0.129985 -6.44019 -4.93299 -44.6477
0.130017 -6.44015 -4.93327 -44.639
0.130049 -6.44014 -4.93368 -44.6318
0.130079 -6.44023 -4.93433 -44.6275
0.130106 -6.44018 -4.9348 -44.6223
0.130133 -6.44019 -4.93542 -44.619
0.130157 -6.4406 -4.93677 -44.6228
0.130179 -6.44081 -4.93784 -44.6248
0.130201 -6.44099 -4.93888 -44.6268
0.130222 -6.44119 -4.94001 -44.6298
0.130241 -6.44145 -4.94126 -44.6344
0.130258 -6.44179 -4.94267 -44.6416
0.13027 -6.44203 -4.94391 -44.6487
0.130278 -6.44221 -4.94505 -44.6562
0.13028 -6.44255 -4.94645 -44.6681
0.130275 -6.44293 -4.94787 -44.6825
0.130265 -6.44329 -4.94921 -44.698
0.130251 -6.4435 -4.95024 -44.7122
0.130233 -6.44393 -4.95159 -44.7306
0.130213 -6.44422 -4.95266 -44.7471
0.130194 -6.44452 -4.95372 -44.7631
0.130179 -6.44479 -4.95473 -44.7774
0.130169 -6.44501 -4.95567 -44.7893
0.130167 -6.4452 -4.95666 -44.7991
0.130175 -6.44538 -4.95775 -44.8063
0.130193 -6.44579 -4.95942 -44.8152
0.130221 -6.4461 -4.96113 -44.8209
0.13026 -6.44648 -4.96324 -44.8267
0.130306 -6.4468 -4.96552 -44.8312
0.130358 -6.44725 -4.96835 -44.839
0.130412 -6.44781 -4.97167 -44.8502
0.130466 -6.44845 -4.97542 -44.8656
0.130517 -6.4489 -4.97915 -44.8817
0.130562 -6.44973 -4.98377 -44.9079
0.130599 -6.45044 -4.9884 -44.9367
0.130627 -6.4513 -4.99344 -44.9725
0.130646 -6.45234 -4.99889 -45.0152
0.135655 -6.44574 -4.99991 -43.3618
0.135631 -6.4468 -5.0053 -43.4164
0.135597 -6.44774 -5.01031 -43.4706
0.135556 -6.44864 -5.01503 -43.5247
0.135508 -6.44949 -5.01942 -43.5782
0.135455 -6.45027 -5.0234 -43.6298
0.135397 -6.45101 -5.027 -43.6798
0.135334 -6.45157 -5.02995 -43.7257
0.135268 -6.45213 -5.03255 -43.7697
0.1352 -6.4526 -5.03464 -43.8101
0.135129 -6.45285 -5.03596 -43.8443
0.135058 -6.45293 -5.03663 -43.8732
0.134988 -6.45288 -5.0367 -43.8969
0.134919 -6.45268 -5.03613 -43.9142
0.134853 -6.45274 -5.03568 -43.9318
0.13479 -6.4526 -5.03453 -43.9422
0.134733 -6.45221 -5.03266 -43.9446
0.134681 -6.45179 -5.03046 -43.9422
0.134638 -6.45118 -5.02771 -43.9323
0.134603 -6.45069 -5.02497 -43.9198
0.134577 -6.44996 -5.02168 -43.8994
0.134561 -6.44931 -5.0184 -43.8761
0.134554 -6.44878 -5.01526 -43.851
0.134556 -6.44811 -5.01187 -43.8204
0.134567 -6.44752 -5.00862 -43.7885
0.134585 -6.44683 -5.00525 -43.7533
0.134609 -6.44606 -5.00179 -43.7152
0.134638 -6.44546 -4.99871 -43.6787
0.134671 -6.4449 -4.9958 -43.6427
0.134705 -6.44431 -4.99295 -43.6067
0.134739 -6.44385 -4.99039 -43.5735
0.134769 -6.4435 -4.98808 -43.5437
0.134793 -6.44317 -4.98586 -43.5165
0.134809 -6.44297 -4.98386 -43.4938
0.134816 -6.44261 -4.98154 -43.4714
0.134813 -6.44234 -4.97929 -43.4528
0.134799 -6.44213 -4.97703 -43.4374
0.134775 -6.44195 -4.97463 -43.4244
0.13474 -6.44155 -4.97169 -43.4098
0.134698 -6.44115 -4.96849 -43.3956
0.134649 -6.44075 -4.96508 -43.3814
0.134598 -6.44028 -4.96131 -43.365
0.134547 -6.43968 -4.95709 -43.3446
0.134499 -6.43896 -4.95248 -43.3195
0.134457 -6.43819 -4.94762 -43.2905
0.134424 -6.43755 -4.94286 -43.2598
0.134401 -6.43683 -4.93794 -43.224
0.134391 -6.43608 -4.93297 -43.1838
0.134393 -6.43515 -4.92778 -43.1374
0.134409 -6.43426 -4.9228 -43.0888
0.139415 -6.42588 -4.91361 -41.4642
0.139431 -6.42512 -4.909 -41.4204
0.139457 -6.42432 -4.9045 -41.3746
0.139492 -6.42354 -4.90024 -41.3284
0.139532 -6.42291 -4.89647 -41.2847
0.139577 -6.42229 -4.89296 -41.2419
0.139623 -6.42169 -4.88975 -41.2014
0.139667 -6.42122 -4.88702 -41.1653
0.139709 -6.42076 -4.88455 -41.132
0.139748 -6.42025 -4.88223 -41.101
0.139782 -6.41978 -4.88017 -41.0737
0.139811 -6.41951 -4.87864 -41.0524
0.139834 -6.41913 -4.87706 -41.0325
0.13985 -6.41898 -4.87598 -41.0185
0.139862 -6.41862 -4.87464 -41.0038
0.139868 -6.41855 -4.87383 -40.9951
0.139871 -6.41848 -4.87307 -40.9879
0.139872 -6.41825 -4.87205 -40.979
0.139872 -6.41804 -4.87105 -40.9708
0.13987 -6.41794 -4.87024 -40.9643
0.139869 -6.41769 -4.86914 -40.9555
0.13987 -6.41755 -4.86821 -40.9474
0.139873 -6.41751 -4.86742 -40.9398
0.139879 -6.41733 -4.8664 -40.9296
0.139886 -6.41708 -4.86522 -40.9176
0.139896 -6.41694 -4.86424 -40.9064
0.139909 -6.41664 -4.86296 -40.8918
0.139922 -6.41656 -4.86205 -40.8803
0.139936 -6.41648 -4.86113 -40.8686
0.139948 -6.41632 -4.86006 -40.856
0.139957 -6.41604 -4.85873 -40.8423
0.139962 -6.41611 -4.85795 -40.8341
0.139963 -6.41586 -4.85658 -40.8223
0.13996 -6.41594 -4.85567 -40.8157
0.139952 -6.41584 -4.85438 -40.8072
0.13994 -6.41602 -4.85345 -40.8027
0.139927 -6.41591 -4.85197 -40.794
0.139914 -6.41582 -4.85044 -40.7852
0.139901 -6.4155 -4.84847 -40.7722
0.139893 -6.41533 -4.84674 -40.7602
0.139888 -6.41528 -4.84522 -40.7486
0.13989 -6.41508 -4.84348 -40.7335
0.139898 -6.41484 -4.84177 -40.7167
0.139913 -6.4147 -4.84036 -40.7005
0.139934 -6.41457 -4.83911 -40.684
0.139961 -6.41447 -4.8381 -40.6677
0.139992 -6.41432 -4.83721 -40.6512
0.140025 -6.4143 -4.83678 -40.638
0.140059 -6.41447 -4.83688 -40.6289
0.140091 -6.41456 -4.83707 -40.6211
0.14511 -6.40715 -4.83311 -39.1841
0.14511 -6.40745 -4.83378 -39.1895
0.145105 -6.40765 -4.83431 -39.1953
0.145094 -6.40796 -4.83501 -39.2039
0.145077 -6.40792 -4.83506 -39.209
0.145055 -6.40792 -4.83515 -39.2157
0.14503 -6.408 -4.83532 -39.2236
0.145005 -6.40808 -4.83542 -39.2313
0.144981 -6.40798 -4.83515 -39.2355
0.144961 -6.40795 -4.83496 -39.2395
0.144947 -6.40774 -4.83444 -39.2391
0.14494 -6.40762 -4.83408 -39.2378
0.144943 -6.40761 -4.83393 -39.2361
0.144953 -6.40744 -4.83358 -39.2303
0.144971 -6.40741 -4.83352 -39.225
0.144994 -6.40739 -4.83357 -39.2191
0.145019 -6.40728 -4.83356 -39.2123
0.145043 -6.40739 -4.83398 -39.2092
0.145063 -6.40755 -4.83453 -39.2084
0.145075 -6.40768 -4.83504 -39.2092
0.145078 -6.40774 -4.83539 -39.2112
0.14507 -6.40782 -4.83569 -39.2158
0.14505 -6.40817 -4.83631 -39.2262
0.145019 -6.40808 -4.836 -39.2321
0.144979 -6.40817 -4.83579 -39.2412
0.144931 -6.4081 -4.83506 -39.2485
0.144875 -6.40797 -4.83399 -39.2548
0.144816 -6.40767 -4.83234 -39.2573
0.144756 -6.40766 -4.83092 -39.2622
0.144696 -6.40716 -4.82842 -39.2582
0.14464 -6.40665 -4.82568 -39.251
0.14459 -6.40607 -4.82264 -39.2398
0.144549 -6.40567 -4.81975 -39.2275
0.144519 -6.40524 -4.81675 -39.2113
0.144499 -6.40433 -4.8129 -39.1851
0.144492 -6.40371 -4.80958 -39.1602
0.144495 -6.40306 -4.8063 -39.1326
0.144509 -6.40245 -4.80324 -39.1039
0.144533 -6.40158 -4.79993 -39.0704
0.144567 -6.40082 -4.79706 -39.0379
0.144611 -6.40008 -4.79451 -39.0053
0.144664 -6.39959 -4.79273 -38.9767
0.144724 -6.39909 -4.7913 -38.9489
0.144792 -6.39873 -4.79052 -38.9242
0.144868 -6.39866 -4.79067 -38.9049
0.144951 -6.39858 -4.79125 -38.8873
0.145037 -6.39843 -4.79216 -38.8718
0.145122 -6.39847 -4.79383 -38.8624
0.145205 -6.39859 -4.79607 -38.8583
0.145283 -6.3986 -4.79849 -38.857
0.150345 -6.39153 -4.79764 -37.5422
0.150377 -6.39217 -4.80147 -37.5642
0.150394 -6.39277 -4.80528 -37.5897
0.150396 -6.39351 -4.80928 -37.6206
0.150383 -6.39407 -4.81286 -37.6517
0.150358 -6.39474 -4.81646 -37.6863
0.150319 -6.39532 -4.81966 -37.721
0.150272 -6.3957 -4.82226 -37.7533
0.150219 -6.39599 -4.82441 -37.7833
0.150165 -6.39611 -4.82596 -37.809
0.150113 -6.39627 -4.82724 -37.8322
0.150066 -6.39625 -4.82793 -37.8495
0.150025 -6.39631 -4.82847 -37.864
0.149991 -6.39655 -4.82906 -37.8774
0.149962 -6.39667 -4.82919 -37.8856
0.149939 -6.39665 -4.82886 -37.889
0.14992 -6.39656 -4.8282 -37.8884
0.149906 -6.39644 -4.8273 -37.885
0.149894 -6.39601 -4.8257 -37.8755
0.149884 -6.39572 -4.82417 -37.8658
0.149877 -6.39558 -4.82274 -37.8565
0.149872 -6.39532 -4.82098 -37.8438
0.149871 -6.39517 -4.81928 -37.831
0.149871 -6.39494 -4.81737 -37.8157
0.149874 -6.39469 -4.81535 -37.7991
0.149878 -6.39438 -4.81318 -37.7811
0.149884 -6.39426 -4.81128 -37.7649
0.14989 -6.39416 -4.8094 -37.7486
0.149896 -6.39407 -4.80753 -37.7324
0.149901 -6.39408 -4.80582 -37.7177
0.149904 -6.39399 -4.80394 -37.702
0.149907 -6.39385 -4.80197 -37.686
0.149907 -6.39356 -4.79977 -37.6686
0.149907 -6.39351 -4.79801 -37.6548
0.149907 -6.39352 -4.79638 -37.6421
0.149908 -6.39348 -4.79469 -37.6286
0.14991 -6.39334 -4.79291 -37.6141
0.149913 -6.39328 -4.79134 -37.601
0.149919 -6.39328 -4.78996 -37.5887
0.149928 -6.39287 -4.78801 -37.5711
0.14994 -6.39267 -4.78652 -37.5564
0.149954 -6.39252 -4.78526 -37.543
0.14997 -6.39244 -4.78425 -37.5311
0.149987 -6.39224 -4.7832 -37.5186
0.150004 -6.39235 -4.78284 -37.5114
0.15002 -6.39234 -4.7824 -37.5041
0.150033 -6.39265 -4.78267 -37.5028
0.150044 -6.39272 -4.78265 -37.5
0.15005 -6.39269 -4.78259 -37.4979
0.150053 -6.39273 -4.78275 -37.4984
0.155042 -6.38547 -4.77899 -36.2634
0.155014 -6.38555 -4.77916 -36.2711
0.154986 -6.38552 -4.77907 -36.2771
0.154959 -6.38546 -4.77891 -36.2822
0.154936 -6.38536 -4.77867 -36.2856
0.154919 -6.3853 -4.7785 -36.2885
0.154907 -6.38509 -4.77811 -36.2882
0.154902 -6.38485 -4.77774 -36.2865
0.154904 -6.38463 -4.77748 -36.2841
0.154911 -6.3845 -4.77748 -36.2824
0.154924 -6.38433 -4.77752 -36.2799
0.154941 -6.38416 -4.77769 -36.2772
0.154961 -6.38402 -4.77803 -36.275
0.154981 -6.38388 -4.7785 -36.2738
0.155002 -6.38389 -4.77932 -36.2753
0.155022 -6.38382 -4.78009 -36.2765
0.155039 -6.38398 -4.78134 -36.2818
0.155053 -6.38403 -4.78241 -36.2868
0.155061 -6.38414 -4.78362 -36.2941
0.155063 -6.38433 -4.78492 -36.3033
0.15506 -6.38431 -4.78582 -36.3109
0.155053 -6.3844 -4.78683 -36.3203
0.155041 -6.38444 -4.78765 -36.3293
0.155025 -6.38458 -4.78851 -36.3396
0.155007 -6.38458 -4.78901 -36.3475
0.15499 -6.38453 -4.78928 -36.3537
0.154973 -6.38448 -4.78941 -36.3585
0.154959 -6.38446 -4.78946 -36.3623
0.154948 -6.38439 -4.78931 -36.3638
0.15494 -6.38443 -4.78922 -36.365
0.154935 -6.38445 -4.78901 -36.3644
0.154935 -6.3843 -4.78842 -36.3601
0.154935 -6.38441 -4.78819 -36.3582
0.154935 -6.38418 -4.7873 -36.3514
0.154935 -6.38406 -4.78653 -36.3455
0.154933 -6.38395 -4.78567 -36.3395
0.154928 -6.384 -4.78499 -36.3356
0.154919 -6.38384 -4.78385 -36.329
0.154906 -6.38381 -4.78281 -36.3241
0.15489 -6.38361 -4.78136 -36.3171
0.154869 -6.38348 -4.7799 -36.3107
0.154846 -6.38319 -4.77802 -36.3018
0.154822 -6.38296 -4.77612 -36.2931
0.154798 -6.38253 -4.77376 -36.2808
0.154776 -6.3823 -4.77165 -36.2698
0.154758 -6.38185 -4.7691 -36.2546
0.154746 -6.38162 -4.76687 -36.2407
0.154739 -6.38129 -4.76447 -36.224
0.15474 -6.38071 -4.76167 -36.2025
0.154748 -6.38027 -4.75914 -36.1814
0.159746 -6.37238 -4.75241 -34.9998
0.159742 -6.37201 -4.74992 -34.9824
0.159744 -6.37163 -4.74738 -34.9632
0.159751 -6.37132 -4.74497 -34.9438
0.159761 -6.37115 -4.74281 -34.9258
0.159772 -6.37089 -4.7405 -34.9064
0.159781 -6.37072 -4.73836 -34.8887
0.159786 -6.37028 -4.73575 -34.8683
0.159786 -6.37001 -4.73341 -34.8511
0.159779 -6.36977 -4.73106 -34.8352
0.159767 -6.36927 -4.72819 -34.8168
0.159748 -6.36884 -4.72536 -34.8
0.159725 -6.36853 -4.7226 -34.7848
0.159698 -6.36813 -4.7196 -34.7686
0.159668 -6.3677 -4.71642 -34.7517
0.159636 -6.36716 -4.71295 -34.7331
0.159606 -6.36677 -4.70964 -34.7151
0.159581 -6.36616 -4.70591 -34.6932
0.159562 -6.36542 -4.70195 -34.668
0.159552 -6.36464 -4.69797 -34.6408
0.15955 -6.36397 -4.69424 -34.6137
0.159559 -6.36324 -4.69055 -34.5847
0.159579 -6.3626 -4.68722 -34.5557
0.159613 -6.36225 -4.68468 -34.5296
0.159662 -6.36171 -4.68215 -34.5004
0.159726 -6.36108 -4.67992 -34.4703
0.159805 -6.36075 -4.67866 -34.4439
0.159899 -6.36034 -4.67784 -34.4176
0.160008 -6.36015 -4.67801 -34.3955
0.160128 -6.36031 -4.67942 -34.3801
0.160254 -6.36063 -4.68178 -34.3704
0.160382 -6.36105 -4.68497 -34.3663
0.160508 -6.3618 -4.68935 -34.3715
0.160625 -6.36267 -4.69453 -34.3844
0.160728 -6.36374 -4.70054 -34.4063
0.160813 -6.36481 -4.70696 -34.435
0.160878 -6.36592 -4.71374 -34.4708
0.160918 -6.36729 -4.72116 -34.5163
0.160936 -6.3685 -4.72837 -34.5652
0.16093 -6.37 -4.73603 -34.6225
0.160904 -6.371 -4.74272 -34.677
0.160861 -6.37251 -4.75005 -34.7398
0.160804 -6.3738 -4.75675 -34.8012
0.160736 -6.37495 -4.76286 -34.8608
0.160662 -6.37607 -4.76857 -34.9186
0.160586 -6.3771 -4.77374 -34.973
0.160509 -6.37803 -4.77836 -35.0236
0.160433 -6.37866 -4.78206 -35.0674
0.160361 -6.37937 -4.78551 -35.1084
0.160293 -6.37974 -4.78801 -35.1416
0.16522 -6.37259 -4.78579 -34.0777
0.165135 -6.37282 -4.78709 -34.1047
0.165054 -6.37295 -4.78772 -34.1258
0.16498 -6.37288 -4.78754 -34.14
0.164908 -6.3726 -4.78656 -34.1477
0.164841 -6.37252 -4.78546 -34.1539
0.164775 -6.37221 -4.78353 -34.1537
0.164713 -6.37185 -4.78112 -34.1494
0.164651 -6.37154 -4.77835 -34.1424
0.16459 -6.37107 -4.77493 -34.1305
0.164529 -6.37036 -4.77069 -34.1131
0.164466 -6.36975 -4.76622 -34.0941
0.164403 -6.36893 -4.76102 -34.0699
0.16434 -6.36798 -4.75522 -34.0415
0.16428 -6.36701 -4.74906 -34.0098
0.164225 -6.36602 -4.74259 -33.9749
0.164177 -6.36498 -4.73576 -33.9358
0.164143 -6.36359 -4.72822 -33.8889
0.164124 -6.36225 -4.72067 -33.8386
0.164125 -6.36086 -4.71309 -33.784
0.164149 -6.35964 -4.70594 -33.7279
0.164195 -6.35857 -4.69929 -33.6708
0.164261 -6.3574 -4.69283 -33.611
0.164346 -6.35617 -4.68671 -33.5498
0.164445 -6.35517 -4.68148 -33.4921
0.164553 -6.35434 -4.67708 -33.4387
0.164666 -6.35364 -4.67345 -33.3899
0.164776 -6.35312 -4.67069 -33.3479
0.164878 -6.3528 -4.66879 -33.3137
0.164969 -6.35266 -4.66767 -33.2872
0.165046 -6.35242 -4.66679 -33.2656
0.165104 -6.35259 -4.66693 -33.2548
0.165144 -6.35271 -4.66724 -33.2491
0.165163 -6.35287 -4.66778 -33.249
0.165163 -6.35314 -4.66857 -33.2546
0.165144 -6.35342 -4.66938 -33.2642
0.165108 -6.35366 -4.67002 -33.276
0.165058 -6.35388 -4.67049 -33.2895
0.164998 -6.35393 -4.67048 -33.3015
0.164931 -6.35389 -4.67008 -33.3122
0.164861 -6.35399 -4.66968 -33.3234
0.164792 -6.35376 -4.66848 -33.3289
0.164727 -6.35366 -4.66725 -33.3332
0.164671 -6.35306 -4.66498 -33.3283
0.164627 -6.35264 -4.66286 -33.3221
0.164597 -6.3521 -4.66043 -33.3109
0.16458 -6.35143 -4.65774 -33.295
0.164577 -6.35088 -4.65521 -33.2775
0.164588 -6.35032 -4.65272 -33.2576
0.164607 -6.34966 -4.65011 -33.235
0.169613 -6.34136 -4.64291 -32.2042
0.169614 -6.3408 -4.64029 -32.1858
0.169612 -6.34027 -4.63762 -32.1676
0.169604 -6.33962 -4.63457 -32.1481
0.169588 -6.33895 -4.63133 -32.1286
0.169564 -6.33843 -4.62813 -32.1111
0.169533 -6.33775 -4.62447 -32.0915
0.169496 -6.33715 -4.62069 -32.0721
0.169459 -6.33666 -4.61689 -32.0528
0.169424 -6.33583 -4.61232 -32.0276
0.169395 -6.33504 -4.60768 -32.0008
0.169378 -6.33428 -4.603 -31.9717
0.169374 -6.33341 -4.59809 -31.9384
0.169384 -6.33256 -4.5933 -31.9031
0.169413 -6.33162 -4.58848 -31.8642
0.169457 -6.3307 -4.58391 -31.8242
0.169517 -6.32986 -4.57979 -31.7844
0.169592 -6.32902 -4.57602 -31.7441
0.16968 -6.32845 -4.57311 -31.7076
0.169775 -6.32822 -4.57122 -31.6767
0.169874 -6.32805 -4.56991 -31.6491
0.169974 -6.32797 -4.56923 -31.6259
0.170069 -6.32786 -4.56893 -31.6061
0.170155 -6.328 -4.56947 -31.5937
0.17023 -6.32814 -4.57036 -31.5861
0.170289 -6.32854 -4.572 -31.5863
0.170333 -6.3289 -4.57378 -31.5907
0.17036 -6.32944 -4.57603 -31.6012
0.17037 -6.33019 -4.57872 -31.6179
0.170367 -6.33078 -4.58119 -31.6355
0.170353 -6.3315 -4.58385 -31.6565
0.170329 -6.33192 -4.58594 -31.6753
0.170299 -6.33226 -4.58783 -31.6938
0.170265 -6.33275 -4.58985 -31.7141
0.170229 -6.33309 -4.5915 -31.7324
0.17019 -6.33354 -4.59321 -31.7514
0.170151 -6.3337 -4.59427 -31.766
0.170112 -6.33372 -4.59494 -31.7779
0.170074 -6.33392 -4.59577 -31.7909
0.170035 -6.33416 -4.59651 -31.8032
0.169997 -6.33427 -4.59686 -31.8128
0.169959 -6.33444 -4.59714 -31.8219
0.169922 -6.33458 -4.59724 -31.8294
0.169887 -6.33454 -4.59686 -31.8333
0.169855 -6.33422 -4.59588 -31.8326
0.169825 -6.33413 -4.59516 -31.8332
0.1698 -6.33397 -4.59421 -31.8313
0.169779 -6.3338 -4.59317 -31.828
0.169765 -6.33349 -4.59184 -31.8213
0.169759 -6.33309 -4.59036 -31.8122
0.174744 -6.32528 -4.58465 -30.8663
0.174729 -6.32493 -4.58305 -30.8583
0.174723 -6.32453 -4.58129 -30.8475
0.174724 -6.3239 -4.57915 -30.8328
0.174733 -6.3236 -4.57758 -30.8207
0.174748 -6.32324 -4.57595 -30.807
0.174766 -6.32271 -4.57411 -30.7914
0.174787 -6.3224 -4.57273 -30.7785
0.17481 -6.32193 -4.57118 -30.764
0.174834 -6.32161 -4.56999 -30.7518
0.174858 -6.32145 -4.56921 -30.7423
0.174884 -6.32118 -4.56836 -30.7321
0.174909 -6.32103 -4.56785 -30.7242
0.174935 -6.32082 -4.56739 -30.7166
0.174963 -6.32087 -4.56754 -30.7126
0.174994 -6.32087 -4.56778 -30.7087
0.175029 -6.32081 -4.56809 -30.7048
0.175066 -6.32089 -4.56886 -30.7035
0.175105 -6.32104 -4.56997 -30.704
0.175146 -6.32126 -4.57138 -30.7064
0.175186 -6.32148 -4.57301 -30.7103
0.175224 -6.32166 -4.57478 -30.7155
0.175259 -6.32202 -4.57701 -30.7242
0.17529 -6.32229 -4.57925 -30.7339
0.175315 -6.32256 -4.58158 -30.7452
0.175336 -6.32309 -4.58446 -30.7609
0.17535 -6.32351 -4.58721 -30.7769
0.175358 -6.32404 -4.59015 -30.7951
0.175362 -6.32475 -4.59338 -30.8162
0.17536 -6.32508 -4.59594 -30.8337
0.175351 -6.32551 -4.59855 -30.8528
0.175333 -6.32603 -4.60119 -30.8736
0.175307 -6.32627 -4.60315 -30.8914
0.175272 -6.32671 -4.60522 -30.9115
0.175226 -6.32723 -4.60715 -30.9324
0.175172 -6.3274 -4.60817 -30.9488
0.175112 -6.32773 -4.60912 -30.9659
0.175047 -6.32786 -4.60937 -30.9791
0.174981 -6.32784 -4.609 -30.9883
0.174916 -6.32794 -4.60848 -30.9963
0.174855 -6.32761 -4.6069 -30.9964
0.1748 -6.32749 -4.60538 -30.9959
0.174752 -6.32715 -4.60322 -30.99
0.174712 -6.32668 -4.60064 -30.9796
0.174681 -6.3263 -4.59803 -30.9676
0.174658 -6.32571 -4.59493 -30.9508
0.174644 -6.32509 -4.5917 -30.9315
0.174637 -6.32455 -4.58859 -30.9118
0.174636 -6.32406 -4.58558 -30.8916
0.174642 -6.32369 -4.58281 -30.8719
0.179635 -6.31581 -4.57573 -29.9674
0.179625 -6.31534 -4.57271 -29.9494
0.17962 -6.31496 -4.56987 -29.9316
0.179622 -6.31417 -4.56638 -29.9084
0.179631 -6.31368 -4.56351 -29.8881
0.179649 -6.31299 -4.56048 -29.8652
0.179676 -6.3125 -4.55798 -29.8444
0.179712 -6.31215 -4.55596 -29.8253
0.179754 -6.3116 -4.55389 -29.8047
0.179803 -6.31142 -4.55274 -29.7891
0.179853 -6.31118 -4.55181 -29.7746
0.179904 -6.31106 -4.55137 -29.7633
0.179953 -6.31112 -4.55154 -29.7564
0.179997 -6.31088 -4.55147 -29.7486
0.180037 -6.31088 -4.55204 -29.7458
0.180071 -6.31116 -4.55331 -29.7485
0.1801 -6.31133 -4.55456 -29.7518
0.180125 -6.31153 -4.55603 -29.7572
0.180149 -6.31146 -4.55715 -29.7608
0.180169 -6.31149 -4.55857 -29.7666
0.180187 -6.31174 -4.56044 -29.7758
0.180206 -6.31189 -4.56221 -29.7842
0.180226 -6.31228 -4.56444 -29.7955
0.180247 -6.31258 -4.56657 -29.8059
0.180268 -6.31287 -4.56872 -29.8166
0.180286 -6.31314 -4.57082 -29.8273
0.180303 -6.31366 -4.57334 -29.8409
0.180316 -6.31414 -4.57573 -29.8542
0.180329 -6.31471 -4.57823 -29.8685
0.180338 -6.3152 -4.58052 -29.8819
0.180343 -6.31582 -4.58293 -29.8969
0.180343 -6.3162 -4.58482 -29.9092
0.180337 -6.31672 -4.58678 -29.9229
0.180325 -6.31718 -4.58848 -29.936
0.180303 -6.31786 -4.59033 -29.9517
0.180271 -6.318 -4.591 -29.9615
0.180226 -6.31859 -4.59215 -29.9764
0.180171 -6.31895 -4.59258 -29.9884
0.180107 -6.31923 -4.59253 -29.9987
0.180037 -6.31929 -4.59178 -30.0054
0.179966 -6.31931 -4.59062 -30.0096
0.179899 -6.31932 -4.58915 -30.0113
0.179842 -6.31924 -4.58731 -30.0088
0.179797 -6.31902 -4.58507 -30.0016
0.179769 -6.31862 -4.58246 -29.9892
0.179756 -6.3184 -4.58016 -29.9762
0.179759 -6.31804 -4.57768 -29.9596
0.179774 -6.31788 -4.5757 -29.9442
0.179798 -6.31771 -4.57387 -29.9282
0.179829 -6.31739 -4.572 -29.9108
0.184849 -6.3096 -4.56606 -29.0606
0.184861 -6.30949 -4.56476 -29.0506
0.184874 -6.30915 -4.56319 -29.0386
0.184888 -6.30889 -4.56188 -29.0279
0.184903 -6.30853 -4.56054 -29.017
0.184916 -6.30827 -4.55947 -29.0082
0.184925 -6.30828 -4.55893 -29.0033
0.184928 -6.30817 -4.55824 -28.9985
0.184924 -6.30819 -4.5578 -28.9964
0.18491 -6.30802 -4.557 -28.9934
0.184889 -6.30806 -4.55647 -28.9934
0.18486 -6.30755 -4.55493 -28.9881
0.184827 -6.30727 -4.55363 -28.9849
0.184794 -6.30714 -4.55246 -28.9828
0.184761 -6.30683 -4.55085 -28.9777
0.184733 -6.30638 -4.54889 -28.9695
0.184714 -6.30604 -4.54703 -28.9607
0.184703 -6.30553 -4.54483 -28.9483
0.184702 -6.30511 -4.54273 -28.9353
0.184706 -6.3047 -4.54063 -28.9212
0.184713 -6.30412 -4.53823 -28.9049
0.184717 -6.30362 -4.53589 -28.8892
0.184717 -6.30329 -4.53377 -28.8757
0.18471 -6.30285 -4.53135 -28.8615
0.184693 -6.30251 -4.52895 -28.8489
0.184667 -6.30192 -4.52593 -28.8337
0.184631 -6.30134 -4.52272 -28.8189
0.184587 -6.30081 -4.51932 -28.8039
0.18454 -6.30021 -4.51553 -28.7872
0.184489 -6.29995 -4.51204 -28.7728
0.184437 -6.29921 -4.50743 -28.7516
0.184386 -6.29838 -4.5024 -28.7274
0.184339 -6.29746 -4.49694 -28.7
0.184297 -6.29653 -4.49121 -28.6699
0.184261 -6.29549 -4.48508 -28.6364
0.184233 -6.29429 -4.47849 -28.5987
0.184211 -6.29322 -4.47196 -28.5603
0.184197 -6.29188 -4.46486 -28.5172
0.184191 -6.29058 -4.45775 -28.4726
0.184196 -6.28948 -4.45094 -28.4284
0.184209 -6.28822 -4.44385 -28.3812
0.184228 -6.28709 -4.43703 -28.3347
0.184253 -6.28593 -4.43025 -28.2875
0.184281 -6.2848 -4.42359 -28.2407
0.184313 -6.28366 -4.41708 -28.1943
0.184346 -6.28269 -4.41099 -28.1503
0.184381 -6.28178 -4.40521 -28.1081
0.184421 -6.28102 -4.3999 -28.0682
0.184467 -6.28017 -4.39472 -28.0281
0.184522 -6.27928 -4.3898 -27.9883
0.189565 -6.27126 -4.38147 -27.192
0.18961 -6.27057 -4.37738 -27.1603
0.189663 -6.26992 -4.3737 -27.1298
0.189725 -6.26963 -4.37096 -27.1041
0.189788 -6.26923 -4.36844 -27.0793
0.189851 -6.2688 -4.36623 -27.0567
0.18991 -6.26847 -4.36456 -27.0379
0.189961 -6.26844 -4.36376 -27.0257
0.190004 -6.26846 -4.36334 -27.017
0.190036 -6.26847 -4.36316 -27.0113
0.190058 -6.26847 -4.36321 -27.0085
0.190072 -6.26852 -4.36355 -27.0086
0.190081 -6.26859 -4.36411 -27.0109
0.190088 -6.2686 -4.36475 -27.0139
0.190096 -6.26865 -4.36566 -27.0184
0.190108 -6.26883 -4.36699 -27.0249
0.190127 -6.26899 -4.36852 -27.0316
0.190157 -6.26907 -4.37018 -27.0375
0.190199 -6.2693 -4.37242 -27.0455
0.190251 -6.26969 -4.37526 -27.0556
0.190316 -6.27001 -4.37836 -27.0656
0.19039 -6.27035 -4.38191 -27.0769
0.190472 -6.2712 -4.38672 -27.0951
0.190556 -6.27183 -4.39157 -27.1131
0.190636 -6.27251 -4.39686 -27.1343
0.190707 -6.27356 -4.40308 -27.1626
0.190761 -6.27476 -4.40976 -27.1961
0.190793 -6.27597 -4.4166 -27.2336
0.190801 -6.27726 -4.42356 -27.2755
0.190781 -6.2785 -4.43034 -27.3201
0.190735 -6.27964 -4.43673 -27.3661
0.190665 -6.28087 -4.44298 -27.4148
0.190575 -6.28189 -4.4485 -27.4617
0.190472 -6.28269 -4.45325 -27.506
0.190362 -6.28329 -4.45722 -27.5463
0.190254 -6.28366 -4.4604 -27.5817
0.190154 -6.28391 -4.46301 -27.6123
0.190068 -6.28404 -4.46513 -27.638
0.19 -6.28431 -4.46725 -27.661
0.189956 -6.28435 -4.46886 -27.6774
0.189939 -6.28381 -4.46948 -27.6837
0.189949 -6.28358 -4.47072 -27.6899
0.189985 -6.2835 -4.47239 -27.6951
0.190042 -6.28344 -4.47433 -27.6988
0.190116 -6.28339 -4.47659 -27.7019
0.190201 -6.28379 -4.47993 -27.7102
0.190285 -6.28401 -4.48326 -27.7185
0.190365 -6.28425 -4.48686 -27.7291
0.190433 -6.28491 -4.49134 -27.747
0.190485 -6.28556 -4.4959 -27.7676
0.195511 -6.27899 -4.49662 -27.058
0.195498 -6.27949 -4.50061 -27.0838
0.195466 -6.28011 -4.50444 -27.1113
0.195414 -6.28092 -4.50818 -27.1411
0.195341 -6.28172 -4.51136 -27.1704
0.195252 -6.28208 -4.51324 -27.1941
0.195148 -6.28266 -4.51486 -27.2183
0.195035 -6.2829 -4.51523 -27.2364
0.194918 -6.28297 -4.51464 -27.2491
0.194806 -6.28264 -4.51274 -27.2534
0.194703 -6.28216 -4.51 -27.2511
0.194615 -6.28173 -4.50684 -27.2443
0.194544 -6.28106 -4.50282 -27.23
0.19449 -6.28034 -4.49836 -27.2106
0.194453 -6.27955 -4.49351 -27.1865
0.19443 -6.2789 -4.48869 -27.1604
0.194421 -6.27797 -4.48325 -27.1288
0.194423 -6.27693 -4.47754 -27.0941
0.194434 -6.2761 -4.47216 -27.06
0.194453 -6.27525 -4.46676 -27.0247
0.194476 -6.27436 -4.46132 -26.9885
0.194498 -6.27352 -4.45604 -26.9535
0.19452 -6.27293 -4.45128 -26.9217
0.194539 -6.27212 -4.44621 -26.8883
0.194555 -6.27164 -4.44179 -26.8595
0.194567 -6.27101 -4.43722 -26.8301
0.19458 -6.27032 -4.43267 -26.8008
0.194598 -6.26977 -4.42851 -26.7732
0.194625 -6.2692 -4.42454 -26.7455
0.194665 -6.26881 -4.42113 -26.7194
0.194722 -6.2683 -4.41789 -26.6919
0.194796 -6.26802 -4.41542 -26.6669
0.194885 -6.26781 -4.41354 -26.6434
0.194984 -6.26745 -4.41189 -26.6199
0.195086 -6.26748 -4.4114 -26.603
0.195182 -6.26746 -4.41124 -26.589
0.195261 -6.26777 -4.41201 -26.5829
0.195315 -6.26819 -4.41319 -26.5826
0.195341 -6.2684 -4.41417 -26.585
0.195335 -6.26887 -4.41559 -26.5944
0.195296 -6.2694 -4.41696 -26.6079
0.195231 -6.26986 -4.41802 -26.6232
0.195143 -6.27027 -4.41868 -26.6392
0.195043 -6.27048 -4.41869 -26.653
0.194938 -6.27064 -4.41828 -26.6648
0.194839 -6.27066 -4.41737 -26.6727
0.194762 -6.27053 -4.41603 -26.6753
0.194716 -6.27015 -4.41424 -26.6708
0.194707 -6.26992 -4.41285 -26.6635
0.194741 -6.26942 -4.41127 -26.6494
0.199798 -6.26163 -4.4061 -25.9445
0.19988 -6.26131 -4.40553 -25.9305
0.199986 -6.2613 -4.40596 -25.9192
0.200102 -6.26118 -4.40671 -25.9085
0.200212 -6.26138 -4.40841 -25.9043
0.200301 -6.26175 -4.41076 -25.9066
0.200361 -6.26212 -4.41328 -25.9138
0.200383 -6.26251 -4.41591 -25.9263
0.200367 -6.26297 -4.41857 -25.944
0.200319 -6.26347 -4.42108 -25.965
0.200245 -6.26406 -4.42346 -25.9884
0.200158 -6.26448 -4.42521 -26.0101
0.200065 -6.26481 -4.42646 -26.0296
0.199975 -6.26499 -4.42712 -26.0452
0.199895 -6.2647 -4.42672 -26.0532
0.199827 -6.26445 -4.42615 -26.0586
0.199776 -6.26426 -4.42554 -26.0618
0.199743 -6.26387 -4.4245 -26.0599
0.199732 -6.2634 -4.42338 -26.0547
0.199743 -6.26308 -4.42258 -26.0486
0.199775 -6.26275 -4.42198 -26.0409
0.199827 -6.26239 -4.4216 -26.032
0.199895 -6.26215 -4.42175 -26.024
0.199974 -6.26208 -4.42256 -26.0184
0.20006 -6.26223 -4.42412 -26.0164
0.200148 -6.26236 -4.42603 -26.0162
0.200232 -6.26262 -4.42852 -26.02
0.200309 -6.26297 -4.43147 -26.0273
0.200375 -6.26326 -4.43461 -26.0371
0.20043 -6.26385 -4.43846 -26.0525
0.20047 -6.2643 -4.44224 -26.0695
0.200493 -6.26499 -4.44648 -26.0915
0.200499 -6.26583 -4.45098 -26.1171
0.20049 -6.26665 -4.4554 -26.1442
0.200469 -6.26748 -4.45973 -26.1724
0.20044 -6.26805 -4.46348 -26.1982
0.200407 -6.26875 -4.46729 -26.2248
0.200376 -6.26905 -4.47029 -26.2464
0.200349 -6.26933 -4.47308 -26.2664
0.200324 -6.26995 -4.47628 -26.2885
0.200298 -6.27028 -4.47882 -26.3068
0.200271 -6.27075 -4.48139 -26.3255
0.20024 -6.27116 -4.48363 -26.3427
0.200198 -6.27154 -4.48553 -26.3594
0.200144 -6.27187 -4.48701 -26.3752
0.200077 -6.27222 -4.4881 -26.3904
0.2 -6.27245 -4.48855 -26.4033
0.199913 -6.27242 -4.48805 -26.4118
0.199824 -6.2723 -4.48694 -26.417
0.199736 -6.27206 -4.48511 -26.4179
0.204633 -6.26434 -4.47847 -25.7475
0.204527 -6.26371 -4.47478 -25.7395
0.204433 -6.26315 -4.47065 -25.7277
0.204349 -6.26236 -4.46562 -25.7093
0.204278 -6.26119 -4.45953 -25.6832
0.204221 -6.26015 -4.45327 -25.6542
0.204181 -6.25902 -4.44656 -25.6207
0.204157 -6.25781 -4.43951 -25.5831
0.20415 -6.25654 -4.43224 -25.542
0.204159 -6.25532 -4.42499 -25.499
0.204186 -6.25416 -4.41785 -25.4546
0.204225 -6.25324 -4.41122 -25.4116
0.204273 -6.25213 -4.40441 -25.3664
0.204326 -6.25121 -4.39808 -25.3234
0.204377 -6.25028 -4.39189 -25.2813
0.204422 -6.24931 -4.38579 -25.2407
0.204455 -6.24814 -4.37948 -25.2003
0.204474 -6.2472 -4.37361 -25.1642
0.204477 -6.24648 -4.36817 -25.1326
0.204466 -6.24574 -4.36268 -25.1024
0.204444 -6.24484 -4.35692 -25.0718
0.204415 -6.24386 -4.35097 -25.0412
0.204382 -6.24297 -4.34515 -25.0117
0.204349 -6.24198 -4.33918 -24.9813
0.204322 -6.24118 -4.33356 -24.9523
0.204305 -6.24014 -4.32764 -24.9204
0.204299 -6.23906 -4.32181 -24.8875
0.204305 -6.23784 -4.31595 -24.853
0.204325 -6.23676 -4.31061 -24.8198
0.204359 -6.23584 -4.30589 -24.7885
0.204407 -6.2348 -4.30137 -24.7566
0.204468 -6.23406 -4.29781 -24.7287
0.204538 -6.23319 -4.2945 -24.7013
0.204614 -6.2325 -4.29201 -24.6778
0.204692 -6.23175 -4.28993 -24.6564
0.20477 -6.23138 -4.28901 -24.6418
0.204841 -6.23121 -4.28888 -24.6325
0.204906 -6.23107 -4.28925 -24.6268
0.204964 -6.23113 -4.29038 -24.6263
0.205017 -6.23097 -4.29149 -24.6263
0.205066 -6.23092 -4.29314 -24.63
0.205113 -6.23111 -4.29555 -24.638
0.205163 -6.23122 -4.29814 -24.6469
0.205216 -6.23147 -4.30128 -24.6585
0.205275 -6.23192 -4.30509 -24.6733
0.205338 -6.23248 -4.30938 -24.6903
0.205403 -6.23297 -4.31382 -24.7079
0.205471 -6.23367 -4.31887 -24.7286
0.205539 -6.23413 -4.32372 -24.7483
0.205601 -6.23518 -4.32972 -24.7751
0.210646 -6.22865 -4.33132 -24.1907
0.210653 -6.22977 -4.33719 -24.2227
0.210639 -6.23075 -4.3425 -24.254
0.2106 -6.23152 -4.34702 -24.2836
0.210537 -6.23214 -4.35072 -24.3116
0.210449 -6.23304 -4.35424 -24.3415
0.210339 -6.23385 -4.35687 -24.3688
0.210215 -6.23438 -4.35823 -24.3909
0.210082 -6.23464 -4.35835 -24.407
0.209949 -6.23492 -4.35769 -24.4188
0.209824 -6.23503 -4.35602 -24.4239
0.209713 -6.2348 -4.35312 -24.4207
0.209617 -6.23429 -4.34916 -24.4096
0.209539 -6.23339 -4.34407 -24.3901
0.209478 -6.23295 -4.33933 -24.3706
0.209433 -6.23211 -4.33364 -24.3438
0.209401 -6.23122 -4.32763 -24.3138
0.209382 -6.23032 -4.32149 -24.2815
0.209378 -6.22948 -4.31542 -24.2479
0.209391 -6.22859 -4.30932 -24.212
0.209426 -6.22758 -4.30322 -24.1738
0.209485 -6.22668 -4.29763 -24.1355
0.209573 -6.22575 -4.29247 -24.0965
0.209689 -6.22496 -4.28812 -24.0588
0.209831 -6.22436 -4.28481 -24.0239
0.209992 -6.2241 -4.28286 -23.9945
0.210161 -6.22396 -4.28189 -23.9698
0.210326 -6.22426 -4.28245 -23.9541
0.210473 -6.22466 -4.28384 -23.9452
0.21059 -6.22548 -4.28651 -23.9468
0.210669 -6.2262 -4.28939 -23.9539
0.210707 -6.2274 -4.29331 -23.9714
0.210707 -6.22854 -4.29722 -23.9933
0.210674 -6.22969 -4.30112 -24.0188
0.210617 -6.23069 -4.30462 -24.0448
0.210546 -6.23174 -4.30804 -24.0721
0.210466 -6.23271 -4.31109 -24.0983
0.210385 -6.23332 -4.31329 -24.1199
0.210307 -6.23376 -4.31501 -24.1385
0.210233 -6.23405 -4.31626 -24.1539
0.210166 -6.23438 -4.31739 -24.168
0.210104 -6.23472 -4.31839 -24.1807
0.21005 -6.23503 -4.31919 -24.1914
0.210004 -6.23537 -4.31996 -24.201
0.209966 -6.23507 -4.3196 -24.2033
0.20994 -6.23494 -4.31952 -24.2059
0.209928 -6.23483 -4.31953 -24.2074
0.209928 -6.23472 -4.31963 -24.2079
0.209938 -6.23486 -4.32028 -24.2104
0.209955 -6.23435 -4.31997 -24.2068
0.21496 -6.22689 -4.31637 -23.6234
0.214952 -6.22698 -4.31708 -23.6281
0.214942 -6.22708 -4.31774 -23.6329
0.21493 -6.22699 -4.31803 -23.6358
0.214916 -6.22686 -4.31817 -23.6381
0.214899 -6.22644 -4.31769 -23.6373
0.21488 -6.22644 -4.31781 -23.64
0.21486 -6.22622 -4.31742 -23.6402
0.214837 -6.22595 -4.31679 -23.6392
0.214812 -6.22586 -4.31626 -23.6391
0.214782 -6.22535 -4.31482 -23.6345
0.214746 -6.22495 -4.31332 -23.6302
0.214702 -6.22444 -4.31134 -23.6242
0.21465 -6.22378 -4.30881 -23.616
0.214595 -6.22319 -4.30605 -23.607
0.214537 -6.22282 -4.30336 -23.5986
0.214478 -6.22217 -4.29984 -23.5858
0.214422 -6.22142 -4.29586 -23.5701
0.214377 -6.22089 -4.292 -23.5539
0.214346 -6.21986 -4.28709 -23.5303
0.214335 -6.21894 -4.28225 -23.5051
0.214344 -6.21805 -4.27746 -23.4777
0.214378 -6.21688 -4.27226 -23.4455
0.214434 -6.21615 -4.26798 -23.4158
0.214508 -6.21512 -4.26339 -23.3826
0.214591 -6.21434 -4.25951 -23.3523
0.214674 -6.21363 -4.256 -23.324
0.214749 -6.21307 -4.25297 -23.2992
0.214809 -6.21285 -4.25068 -23.2802
0.21485 -6.2127 -4.24861 -23.2645
0.214871 -6.21242 -4.24639 -23.25
0.214877 -6.21222 -4.24434 -23.2382
0.214876 -6.21196 -4.24221 -23.2266
0.214878 -6.21176 -4.24025 -23.2156
0.214888 -6.21165 -4.23857 -23.2053
0.214909 -6.21152 -4.23704 -23.1947
0.214943 -6.21117 -4.2354 -23.1821
0.214986 -6.21103 -4.23439 -23.1719
0.215035 -6.21106 -4.23401 -23.1645
0.215087 -6.21125 -4.23422 -23.1601
0.215138 -6.2113 -4.23455 -23.1564
0.215187 -6.21161 -4.23564 -23.1571
0.215233 -6.21175 -4.23681 -23.1585
0.215278 -6.21218 -4.23878 -23.1644
0.215323 -6.21265 -4.24117 -23.1727
0.215368 -6.213 -4.24369 -23.1816
0.215414 -6.21369 -4.2471 -23.1953
0.215457 -6.21408 -4.25032 -23.2083
0.215495 -6.21488 -4.25451 -23.227
0.215528 -6.21564 -4.25887 -23.2473
0.220543 -6.20904 -4.25934 -22.7211
0.220529 -6.2101 -4.26431 -22.7491
0.220507 -6.21068 -4.26842 -22.7733
0.220476 -6.21142 -4.27269 -22.7993
0.220436 -6.21219 -4.27686 -22.8256
0.220391 -6.21258 -4.28022 -22.8483
0.22034 -6.21319 -4.28372 -22.8723
0.220287 -6.21391 -4.28719 -22.8963
0.220234 -6.2146 -4.29037 -22.9188
0.22018 -6.21495 -4.2927 -22.9369
0.220129 -6.21513 -4.29447 -22.9516
0.220081 -6.21547 -4.29625 -22.9662
0.220034 -6.21546 -4.29715 -22.9758
0.219991 -6.21562 -4.29806 -22.9852
0.21995 -6.21576 -4.29864 -22.9926
0.219907 -6.21584 -4.29879 -22.9979
0.219863 -6.21585 -4.29852 -23.001
0.219818 -6.21585 -4.2979 -23.0024
0.219772 -6.21547 -4.29627 -22.9985
0.219723 -6.21501 -4.29416 -22.9924
0.219671 -6.21448 -4.29157 -22.9839
0.219621 -6.21409 -4.28885 -22.9746
0.219573 -6.21367 -4.28576 -22.963
0.219528 -6.21308 -4.28207 -22.948
0.219486 -6.2124 -4.27792 -22.9301
0.219448 -6.21163 -4.27336 -22.9097
0.219414 -6.21078 -4.26844 -22.8868
0.219382 -6.21009 -4.26357 -22.864
0.219353 -6.20922 -4.2582 -22.8383
0.219328 -6.20821 -4.25246 -22.8101
0.219308 -6.20709 -4.24641 -22.7797
0.219295 -6.20598 -4.24032 -22.7484
0.21929 -6.20498 -4.23442 -22.7173
0.219295 -6.20384 -4.22833 -22.6841
0.219311 -6.20257 -4.22213 -22.6492
0.219334 -6.20165 -4.21665 -22.6174
0.219361 -6.2006 -4.21109 -22.5848
0.219389 -6.19974 -4.20601 -22.5547
0.219414 -6.19888 -4.20108 -22.5257
0.219432 -6.1979 -4.19609 -22.4971
0.219444 -6.19702 -4.19137 -22.4705
0.219453 -6.19601 -4.18656 -22.4438
0.21946 -6.19495 -4.18175 -22.4173
0.219467 -6.19395 -4.17716 -22.392
0.219473 -6.19326 -4.17321 -22.3702
0.219479 -6.19257 -4.16934 -22.3488
0.219487 -6.19196 -4.16573 -22.3287
0.219497 -6.19104 -4.16172 -22.3062
0.219509 -6.19025 -4.15805 -22.2853
0.219525 -6.18947 -4.15455 -22.265
0.224525 -6.1814 -4.14714 -21.7302
0.224521 -6.18067 -4.14371 -21.7126
0.224523 -6.17992 -4.14024 -21.6943
0.22453 -6.17926 -4.13696 -21.6765
0.224541 -6.17889 -4.13421 -21.6609
0.224556 -6.17815 -4.13086 -21.6419
0.224573 -6.17756 -4.1278 -21.6243
0.224591 -6.17707 -4.12495 -21.6077
0.224608 -6.17652 -4.12202 -21.5907
0.224628 -6.17587 -4.11898 -21.5729
0.224652 -6.17525 -4.11605 -21.5552
0.224682 -6.1746 -4.11316 -21.5371
0.224722 -6.17422 -4.11086 -21.5213
0.224773 -6.17369 -4.1085 -21.504
0.224834 -6.17319 -4.10643 -21.4874
0.224902 -6.17262 -4.1045 -21.4708
0.224976 -6.17236 -4.1034 -21.4579
0.225055 -6.17233 -4.103 -21.4484
0.225138 -6.17241 -4.10318 -21.4414
0.225228 -6.17261 -4.10397 -21.437
0.225325 -6.17303 -4.10557 -21.436
0.225432 -6.17357 -4.10787 -21.4379
0.225545 -6.17414 -4.11072 -21.442
0.225656 -6.17485 -4.11428 -21.4501
0.225755 -6.17574 -4.11857 -21.463
0.225836 -6.17674 -4.1234 -21.4804
0.225892 -6.17801 -4.12891 -21.5038
0.225918 -6.17926 -4.13446 -21.5303
0.225914 -6.1807 -4.14031 -21.5611
0.22588 -6.18182 -4.14548 -21.5913
0.225819 -6.18331 -4.151 -21.6259
0.225736 -6.18428 -4.15529 -21.6562
0.225634 -6.1853 -4.15924 -21.6865
0.225518 -6.18631 -4.16268 -21.7156
0.225392 -6.18707 -4.16516 -21.7407
0.22526 -6.18758 -4.16667 -21.7614
0.225125 -6.18797 -4.16743 -21.7784
0.224992 -6.18827 -4.1675 -21.7916
0.224866 -6.18832 -4.16665 -21.7994
0.224751 -6.18832 -4.16531 -21.8035
0.224651 -6.18798 -4.16303 -21.8013
0.224571 -6.18765 -4.16051 -21.7959
0.224516 -6.18706 -4.15743 -21.7851
0.22449 -6.18641 -4.15427 -21.771
0.224497 -6.18556 -4.15095 -21.753
0.224538 -6.18499 -4.14841 -21.7357
0.224612 -6.1843 -4.14612 -21.7165
0.224713 -6.18381 -4.14474 -21.6995
0.224834 -6.18347 -4.14426 -21.6854
0.224964 -6.18324 -4.14464 -21.6747
0.230082 -6.17579 -4.14181 -21.1781
0.230181 -6.17622 -4.14434 -21.182
0.230272 -6.17632 -4.14676 -21.186
0.230353 -6.17661 -4.14992 -21.1947
0.230424 -6.1775 -4.15442 -21.2112
0.230485 -6.17791 -4.15841 -21.2259
0.230538 -6.17854 -4.16303 -21.2446
0.230584 -6.1792 -4.16788 -21.265
0.230624 -6.17979 -4.17276 -21.2863
0.230656 -6.18073 -4.17831 -21.3117
0.230679 -6.18169 -4.18392 -21.3381
0.230689 -6.18248 -4.18916 -21.3639
0.230681 -6.1834 -4.19445 -21.3917
0.230653 -6.18403 -4.19897 -21.4173
0.230604 -6.18494 -4.20358 -21.4454
0.230532 -6.18597 -4.20793 -21.4743
0.230439 -6.18708 -4.21182 -21.5028
0.230328 -6.18766 -4.2142 -21.5253
0.230204 -6.18834 -4.21606 -21.5464
0.230072 -6.18878 -4.2168 -21.5626
0.229936 -6.18904 -4.21654 -21.574
0.229803 -6.18877 -4.21472 -21.5772
0.229677 -6.18832 -4.21198 -21.575
0.229563 -6.18759 -4.2082 -21.5663
0.229469 -6.1868 -4.20389 -21.553
0.229398 -6.18597 -4.19916 -21.5355
0.229355 -6.18519 -4.19435 -21.5148
0.229344 -6.18432 -4.18932 -21.49
0.229367 -6.18335 -4.18423 -21.4618
0.22942 -6.18234 -4.1793 -21.4315
0.229498 -6.18175 -4.17541 -21.4043
0.229596 -6.18113 -4.17186 -21.377
0.229703 -6.18047 -4.16869 -21.3508
0.229812 -6.17999 -4.16626 -21.3282
0.229918 -6.17952 -4.16427 -21.3082
0.230014 -6.17912 -4.16278 -21.2916
0.230096 -6.17918 -4.16238 -21.282
0.23016 -6.17944 -4.16254 -21.277
0.230202 -6.17989 -4.16316 -21.2763
0.230221 -6.18029 -4.16373 -21.2774
0.230216 -6.18051 -4.16391 -21.2788
0.230183 -6.18083 -4.16408 -21.2827
0.230125 -6.18101 -4.16372 -21.2862
0.230046 -6.18103 -4.16271 -21.2884
0.229948 -6.18114 -4.1614 -21.2907
0.229835 -6.18104 -4.15924 -21.2902
0.229713 -6.18093 -4.15654 -21.2876
0.229586 -6.18055 -4.15286 -21.2805
0.229462 -6.18005 -4.14847 -21.2696
0.229345 -6.17964 -4.1438 -21.2564
0.234219 -6.1711 -4.13328 -20.7612
0.234107 -6.17012 -4.12667 -20.738
0.234022 -6.16898 -4.1195 -20.7094
0.233967 -6.16748 -4.11153 -20.6743
0.233938 -6.16602 -4.1036 -20.637
0.233935 -6.16466 -4.09589 -20.5984
0.233954 -6.16296 -4.0878 -20.5561
0.23399 -6.16119 -4.07981 -20.5127
0.234041 -6.1596 -4.07246 -20.4713
0.234103 -6.15825 -4.06588 -20.4329
0.234173 -6.15719 -4.0602 -20.3982
0.23425 -6.15588 -4.05455 -20.3631
0.234337 -6.15498 -4.05011 -20.3333
0.234431 -6.15395 -4.04596 -20.3043
0.23453 -6.15292 -4.04239 -20.2778
0.234632 -6.1521 -4.03972 -20.2556
0.234734 -6.15125 -4.03754 -20.2359
0.234834 -6.15097 -4.03687 -20.2239
0.234928 -6.15087 -4.03702 -20.2166
0.235015 -6.15078 -4.03765 -20.2122
0.235095 -6.15095 -4.03915 -20.2129
0.235167 -6.15087 -4.04061 -20.214
0.235233 -6.15116 -4.04306 -20.2206
0.235295 -6.15143 -4.04582 -20.229
0.235355 -6.15188 -4.04918 -20.2406
0.235413 -6.1526 -4.0533 -20.2563
0.235467 -6.15341 -4.05784 -20.2743
0.235518 -6.15428 -4.0627 -20.2942
0.235559 -6.15504 -4.06755 -20.3148
0.235586 -6.15593 -4.07272 -20.3384
0.235597 -6.15653 -4.07741 -20.3609
0.235592 -6.15697 -4.08179 -20.3831
0.235569 -6.15805 -4.0871 -20.4116
0.235529 -6.15887 -4.09177 -20.4384
0.235477 -6.15945 -4.0958 -20.4631
0.235418 -6.15992 -4.09935 -20.4859
0.23536 -6.16041 -4.10268 -20.5077
0.235306 -6.16118 -4.1062 -20.53
0.235258 -6.16156 -4.10884 -20.5473
0.235219 -6.16187 -4.11114 -20.5622
0.235186 -6.16218 -4.11325 -20.5757
0.235156 -6.16259 -4.11533 -20.5887
0.235129 -6.1629 -4.11706 -20.5998
0.235101 -6.16302 -4.11829 -20.6084
0.235073 -6.16327 -4.11957 -20.6172
0.235049 -6.16319 -4.12016 -20.6223
0.235032 -6.16322 -4.12086 -20.6273
0.235023 -6.16329 -4.12155 -20.6315
0.235023 -6.16319 -4.12196 -20.6336
0.235028 -6.16336 -4.12284 -20.6375
0.24002 -6.1557 -4.11884 -20.1887
0.239996 -6.15575 -4.1193 -20.193
0.23997 -6.15605 -4.12008 -20.199
0.239942 -6.15594 -4.12009 -20.2014
0.239916 -6.15601 -4.1203 -20.2047
0.239892 -6.15582 -4.12004 -20.2054
0.239872 -6.15547 -4.11948 -20.2043
0.239859 -6.15534 -4.1193 -20.2045
0.239855 -6.15512 -4.11905 -20.2036
0.239863 -6.15511 -4.11925 -20.2039
0.239886 -6.15474 -4.119 -20.2008
0.239928 -6.15458 -4.11938 -20.1991
0.239991 -6.15444 -4.12007 -20.1972
0.240071 -6.15429 -4.12112 -20.1956
0.240165 -6.15447 -4.12311 -20.1974
0.240267 -6.15487 -4.12585 -20.2023
0.240371 -6.15538 -4.12916 -20.2098
0.240466 -6.15598 -4.13289 -20.22
0.240543 -6.15673 -4.13708 -20.234
0.240599 -6.15744 -4.14126 -20.2498
0.240627 -6.15796 -4.14509 -20.2661
0.240629 -6.15849 -4.14876 -20.2839
0.240602 -6.15917 -4.15239 -20.3039
0.240547 -6.16 -4.15587 -20.3255
0.240468 -6.16082 -4.15883 -20.3468
0.240368 -6.16164 -4.16122 -20.3669
0.240255 -6.16208 -4.16237 -20.3821
0.240135 -6.16244 -4.16276 -20.3942
0.240014 -6.1626 -4.16222 -20.4019
0.2399 -6.16253 -4.16075 -20.4043
0.2398 -6.16238 -4.15868 -20.4027
0.239717 -6.16223 -4.15626 -20.3979
0.239654 -6.16197 -4.15342 -20.3893
0.239613 -6.16153 -4.15014 -20.3767
0.239597 -6.16113 -4.14697 -20.3625
0.239605 -6.16055 -4.14362 -20.3453
0.239639 -6.15992 -4.14049 -20.3271
0.239697 -6.15975 -4.13855 -20.3126
0.239778 -6.15935 -4.13674 -20.2969
0.23988 -6.15902 -4.13565 -20.2829
0.239997 -6.15857 -4.13506 -20.2702
0.240122 -6.15861 -4.13599 -20.2642
0.240247 -6.1587 -4.13771 -20.262
0.240361 -6.15922 -4.14079 -20.2675
0.240454 -6.15978 -4.14445 -20.2776
0.240519 -6.16052 -4.1488 -20.2934
0.240555 -6.1614 -4.15363 -20.314
0.240563 -6.16233 -4.15866 -20.3379
0.240544 -6.16312 -4.16344 -20.3628
0.2405 -6.1638 -4.16789 -20.3883
0.245421 -6.15691 -4.16759 -19.9781
0.245299 -6.15709 -4.17022 -20.0006
0.245155 -6.15784 -4.17313 -20.0264
0.244991 -6.15785 -4.174 -20.0439
0.244816 -6.15778 -4.17391 -20.0578
0.244639 -6.15745 -4.17254 -20.0658
0.244469 -6.15676 -4.16974 -20.0663
0.244318 -6.15594 -4.166 -20.0607
0.244197 -6.15514 -4.1617 -20.0499
0.244114 -6.15403 -4.1564 -20.0311
0.244074 -6.15286 -4.15072 -20.0071
0.244073 -6.15147 -4.1445 -19.9772
0.244104 -6.15025 -4.13852 -19.9458
0.244156 -6.14897 -4.13244 -19.9122
0.244218 -6.14748 -4.12605 -19.8764
0.244278 -6.14615 -4.11998 -19.8422
0.244328 -6.14536 -4.11477 -19.8131
0.244361 -6.14426 -4.10896 -19.7825
0.244375 -6.14336 -4.10336 -19.7544
0.244371 -6.14252 -4.09768 -19.7273
0.244353 -6.14156 -4.09157 -19.6994
0.244324 -6.14057 -4.08517 -19.6709
0.244291 -6.13984 -4.07898 -19.6438
0.244259 -6.13874 -4.07195 -19.6125
0.244235 -6.13776 -4.065 -19.581
0.244227 -6.13648 -4.05751 -19.5455
0.244246 -6.1353 -4.05029 -19.5092
0.244298 -6.13441 -4.04383 -19.474
0.244387 -6.13343 -4.03764 -19.437
0.244513 -6.13237 -4.0319 -19.3994
0.24467 -6.13162 -4.02735 -19.3651
0.244846 -6.1312 -4.02411 -19.3356
0.245025 -6.13114 -4.02223 -19.3125
0.245192 -6.13131 -4.02142 -19.2954
0.245334 -6.13132 -4.0209 -19.2817
0.24544 -6.13166 -4.02136 -19.2757
0.245501 -6.1324 -4.02275 -19.2775
0.245517 -6.13306 -4.02406 -19.2826
0.245486 -6.13376 -4.02533 -19.2911
0.245413 -6.13461 -4.02657 -19.3028
0.245301 -6.13525 -4.02704 -19.3138
0.245157 -6.13585 -4.02692 -19.3245
0.244989 -6.13609 -4.02555 -19.3312
0.244804 -6.13593 -4.02281 -19.3327
0.244611 -6.13573 -4.01933 -19.3312
0.244423 -6.13501 -4.01432 -19.322
0.244249 -6.1341 -4.00841 -19.3072
0.244099 -6.13303 -4.00173 -19.2869
0.243983 -6.13168 -3.99425 -19.26
0.243906 -6.13021 -3.98639 -19.2282
0.248844 -6.12103 -3.97375 -18.7869
0.248821 -6.11913 -3.96498 -18.7471
0.24884 -6.11734 -3.95658 -18.706
0.248901 -6.1158 -3.94897 -18.6655
0.248999 -6.11412 -3.94162 -18.6233
0.249128 -6.11269 -3.93533 -18.584
0.249276 -6.11131 -3.92983 -18.547
0.249434 -6.11017 -3.92551 -18.5149
0.249594 -6.10932 -3.92245 -18.4886
0.249748 -6.10877 -3.92065 -18.4687
0.24989 -6.10834 -3.91977 -18.4541
0.250019 -6.10826 -3.9202 -18.4466
0.250138 -6.1082 -3.9213 -18.443
0.25025 -6.10835 -3.92342 -18.4447
0.250355 -6.10882 -3.92669 -18.4523
0.250454 -6.10932 -3.93059 -18.4633
0.250547 -6.10994 -3.93525 -18.4784
0.25063 -6.11078 -3.94076 -18.4982
0.250707 -6.11169 -3.94683 -18.5209
0.250776 -6.11265 -3.95336 -18.5465
0.250833 -6.11365 -3.96025 -18.5745
0.25088 -6.11486 -3.96772 -18.6061
0.250915 -6.11627 -3.97568 -18.6408
0.250938 -6.11787 -3.984 -18.6782
0.250945 -6.11915 -3.99173 -18.7139
0.250933 -6.12081 -3.99996 -18.7534
0.250898 -6.12244 -4.00784 -18.7929
0.250838 -6.12379 -4.01484 -18.8302
0.250753 -6.1248 -4.02075 -18.8644
0.250643 -6.12603 -4.02639 -18.8991
0.250514 -6.12701 -4.03093 -18.9301
0.250374 -6.12782 -4.03442 -18.9572
0.250226 -6.12847 -4.03689 -18.98
0.25008 -6.12898 -4.03838 -18.9981
0.249942 -6.12895 -4.03825 -19.008
0.249815 -6.12895 -4.03755 -19.0143
0.249708 -6.12864 -4.03578 -19.0141
0.249622 -6.12825 -4.03346 -19.0097
0.249559 -6.1278 -4.0307 -19.0015
0.249518 -6.12723 -4.02753 -18.9897
0.249496 -6.12662 -4.02417 -18.9756
0.249491 -6.12584 -4.02051 -18.9587
0.249503 -6.12515 -4.01705 -18.9415
0.249524 -6.12443 -4.01364 -18.9237
0.249555 -6.12383 -4.0106 -18.9071
0.249595 -6.12318 -4.00771 -18.8904
0.249644 -6.1225 -4.00501 -18.8739
0.249703 -6.1217 -4.00243 -18.8574
0.249772 -6.12118 -4.00068 -18.8439
0.249854 -6.12089 -3.99972 -18.8332
0.254931 -6.11322 -3.99501 -18.4365
0.255 -6.11332 -3.99528 -18.4326
0.255071 -6.11329 -3.99554 -18.4287
0.255132 -6.11343 -3.99628 -18.4278
0.255176 -6.11359 -3.99714 -18.4285
0.255197 -6.11373 -3.99793 -18.4306
0.255187 -6.11388 -3.99857 -18.4343
0.255148 -6.11439 -3.99954 -18.4416
0.255084 -6.11452 -3.99951 -18.4461
0.255001 -6.11443 -3.9987 -18.4484
0.254911 -6.1144 -3.99752 -18.4495
0.254821 -6.11447 -3.99611 -18.4494
0.254739 -6.11403 -3.99345 -18.4431
0.254667 -6.11385 -3.99088 -18.4365
0.254604 -6.11359 -3.98791 -18.4273
0.254549 -6.11319 -3.98443 -18.4151
0.254499 -6.11242 -3.98011 -18.3988
0.254454 -6.11172 -3.97573 -18.3818
0.254413 -6.11091 -3.971 -18.3629
0.254379 -6.11014 -3.96628 -18.3436
0.254358 -6.10919 -3.96125 -18.3218
0.254356 -6.10828 -3.95639 -18.2995
0.254377 -6.10731 -3.95166 -18.2761
0.254424 -6.1063 -3.94722 -18.2521
0.254503 -6.10551 -3.94364 -18.23
0.25461 -6.10487 -3.94095 -18.2098
0.254744 -6.10414 -3.93881 -18.1904
0.254899 -6.1037 -3.93797 -18.1755
0.255069 -6.10351 -3.93841 -18.1653
0.255246 -6.1034 -3.93983 -18.1593
0.255417 -6.10394 -3.94314 -18.1624
0.255576 -6.10442 -3.94707 -18.1692
0.255716 -6.10528 -3.95228 -18.1832
0.255834 -6.10636 -3.95837 -18.2029
0.255925 -6.1075 -3.96495 -18.2267
0.255984 -6.10905 -3.97248 -18.257
0.256011 -6.11044 -3.97979 -18.2887
0.256006 -6.11194 -3.98723 -18.3233
0.255968 -6.11341 -3.9944 -18.3589
0.255902 -6.11475 -4.00101 -18.3941
0.255811 -6.11591 -4.00688 -18.4276
0.255702 -6.11722 -4.01249 -18.4612
0.255584 -6.1182 -4.01698 -18.4904
0.255462 -6.1189 -4.02044 -18.5152
0.255343 -6.11971 -4.02353 -18.5381
0.255233 -6.12026 -4.02568 -18.556
0.255136 -6.1206 -4.02702 -18.5692
0.255058 -6.12081 -4.02773 -18.5782
0.254996 -6.12082 -4.02778 -18.5829
0.254951 -6.12098 -4.02783 -18.5864
0.259905 -6.11332 -4.02274 -18.2091
0.259853 -6.11329 -4.02175 -18.2082
0.259804 -6.11297 -4.01991 -18.2034
0.25975 -6.1128 -4.01793 -18.1982
0.259685 -6.11241 -4.01516 -18.1902
0.259604 -6.11171 -4.0114 -18.1788
0.259507 -6.1111 -4.00727 -18.1669
0.259399 -6.1104 -4.00246 -18.1526
0.259291 -6.1095 -3.99682 -18.1346
0.259195 -6.10845 -3.99051 -18.1127
0.25912 -6.10754 -3.98411 -18.0889
0.259073 -6.10626 -3.9769 -18.0594
0.25906 -6.10494 -3.9696 -18.0272
0.259079 -6.10357 -3.96232 -17.9928
0.259126 -6.10217 -3.95521 -17.9573
0.259194 -6.10091 -3.94866 -17.9228
0.259278 -6.09974 -3.94263 -17.8896
0.25937 -6.09875 -3.93733 -17.8592
0.259464 -6.09779 -3.93251 -17.8309
0.259554 -6.09725 -3.92883 -17.8081
0.259637 -6.09689 -3.92587 -17.7889
0.259708 -6.09629 -3.92287 -17.7705
0.259765 -6.09606 -3.92081 -17.7573
0.259807 -6.09573 -3.91884 -17.7455
0.259834 -6.09538 -3.91705 -17.7356
0.259846 -6.095 -3.91535 -17.727
0.25985 -6.09483 -3.91413 -17.7212
0.259853 -6.09466 -3.91303 -17.716
0.25986 -6.09457 -3.9122 -17.7118
0.259877 -6.09423 -3.91111 -17.7057
0.259907 -6.09399 -3.91037 -17.7003
0.259949 -6.09402 -3.91031 -17.6972
0.259996 -6.09392 -3.91024 -17.6937
0.260042 -6.09371 -3.91015 -17.6901
0.260083 -6.09386 -3.91084 -17.6905
0.260111 -6.09373 -3.91109 -17.6897
0.260123 -6.09391 -3.91189 -17.6924
0.260117 -6.09383 -3.91213 -17.694
0.260091 -6.09409 -3.91275 -17.6986
0.260046 -6.094 -3.91252 -17.7006
0.259983 -6.09371 -3.91159 -17.7007
0.259901 -6.09382 -3.9109 -17.7032
0.259801 -6.0939 -3.90965 -17.7042
0.259687 -6.09362 -3.90723 -17.7011
0.259559 -6.09336 -3.90422 -17.6962
0.259423 -6.09278 -3.90003 -17.6864
0.259286 -6.09161 -3.89423 -17.6695
0.259154 -6.0906 -3.88812 -17.6507
0.259039 -6.08959 -3.88155 -17.6288
0.25895 -6.08783 -3.87337 -17.5976
0.26387 -6.07881 -3.86101 -17.2144
0.263827 -6.077 -3.85226 -17.1782
0.263834 -6.07554 -3.8442 -17.1418
0.263892 -6.07375 -3.83588 -17.1009
0.263993 -6.07211 -3.82829 -17.0606
0.264127 -6.07047 -3.82132 -17.0209
0.264282 -6.06912 -3.81556 -16.9853
0.264436 -6.06795 -3.81078 -16.9541
0.26458 -6.06735 -3.80765 -16.9309
0.264709 -6.0666 -3.80488 -16.9103
0.264821 -6.06624 -3.80336 -16.8965
0.264918 -6.06589 -3.8024 -16.886
0.265004 -6.06587 -3.80247 -16.8809
0.265082 -6.06588 -3.80308 -16.8786
0.26515 -6.06602 -3.80432 -16.8797
0.265206 -6.06604 -3.8057 -16.8823
0.265248 -6.06671 -3.80845 -16.8919
0.265276 -6.06742 -3.81148 -16.9035
0.265292 -6.06814 -3.81465 -16.9165
0.265296 -6.06869 -3.81759 -16.9293
0.26529 -6.06923 -3.82052 -16.9427
0.265276 -6.06934 -3.82268 -16.9532
0.265258 -6.06979 -3.82533 -16.9661
0.265237 -6.07038 -3.82814 -16.9799
0.26522 -6.0707 -3.83041 -16.991
0.265214 -6.07076 -3.8322 -16.9994
0.265223 -6.07055 -3.83354 -17.0048
0.265249 -6.07085 -3.8358 -17.0131
0.265289 -6.07126 -3.83836 -17.0219
0.265337 -6.07173 -3.84116 -17.0312
0.26539 -6.07238 -3.84442 -17.0422
0.265439 -6.07312 -3.84793 -17.0547
0.265477 -6.07374 -3.85132 -17.0672
0.265502 -6.07435 -3.8547 -17.0806
0.265518 -6.07489 -3.85799 -17.0942
0.26553 -6.07552 -3.8614 -17.1085
0.265543 -6.07599 -3.86454 -17.1216
0.265561 -6.07672 -3.86815 -17.1364
0.265584 -6.07783 -3.87241 -17.1538
0.265605 -6.07873 -3.8763 -17.1696
0.265617 -6.07956 -3.88002 -17.1854
0.265611 -6.08064 -3.884 -17.2034
0.265578 -6.08165 -3.88759 -17.2214
0.265513 -6.0825 -3.89049 -17.2385
0.265416 -6.08308 -3.89241 -17.2533
0.265292 -6.08358 -3.89357 -17.2666
0.265149 -6.08401 -3.89399 -17.2777
0.265002 -6.08407 -3.89312 -17.2834
0.264861 -6.08409 -3.89162 -17.2859
0.264743 -6.0838 -3.88916 -17.2827
0.269645 -6.07615 -3.88227 -16.9385
0.269581 -6.07561 -3.87877 -16.9272
0.269574 -6.07522 -3.87554 -16.9136
0.269622 -6.07454 -3.87207 -16.8954
0.269712 -6.07384 -3.86897 -16.8763
0.269829 -6.07354 -3.86706 -16.8606
0.269956 -6.07347 -3.86609 -16.8484
0.270076 -6.07343 -3.86566 -16.8391
0.27017 -6.07338 -3.86562 -16.8331
0.270229 -6.07365 -3.86642 -16.8329
0.27025 -6.07385 -3.86723 -16.8351
0.270234 -6.074 -3.86798 -16.8394
0.270184 -6.07452 -3.86927 -16.8481
0.270107 -6.0748 -3.86997 -16.8559
0.270011 -6.07494 -3.87019 -16.8629
0.269906 -6.07498 -3.86998 -16.8685
0.269801 -6.07495 -3.86943 -16.8727
0.269713 -6.07478 -3.86851 -16.8742
0.269649 -6.07429 -3.86701 -16.8716
0.269623 -6.07359 -3.86528 -16.8657
0.269642 -6.07325 -3.86446 -16.861
0.269709 -6.07267 -3.86374 -16.8536
0.269825 -6.07247 -3.86433 -16.8489
0.269988 -6.07202 -3.86531 -16.8431
0.270186 -6.07179 -3.8676 -16.8407
0.270407 -6.07182 -3.87128 -16.843
0.270631 -6.07264 -3.87721 -16.8548
0.270838 -6.07346 -3.88393 -16.8711
0.271007 -6.07468 -3.8919 -16.8952
0.271118 -6.07605 -3.90042 -16.9252
0.271161 -6.0776 -3.90924 -16.9608
0.271133 -6.07927 -3.91796 -17.0004
0.27104 -6.08139 -3.92685 -17.0448
0.270892 -6.08291 -3.93394 -17.0849
0.270707 -6.0844 -3.94003 -17.123
0.270504 -6.08544 -3.94435 -17.1547
0.270303 -6.0865 -3.94769 -17.182
0.270119 -6.0872 -3.94949 -17.2016
0.269963 -6.08728 -3.94941 -17.2111
0.269841 -6.08705 -3.94806 -17.213
0.269747 -6.08672 -3.94589 -17.2096
0.269675 -6.08645 -3.94326 -17.2026
0.26962 -6.08608 -3.93993 -17.1916
0.269569 -6.08562 -3.93595 -17.1775
0.269512 -6.08509 -3.93131 -17.1609
0.269443 -6.08449 -3.92599 -17.1421
0.269359 -6.08341 -3.91926 -17.118
0.269258 -6.0827 -3.91252 -17.095
0.269145 -6.08179 -3.90484 -17.0686
0.269028 -6.08057 -3.89602 -17.0374
0.273893 -6.07153 -3.88171 -16.6733
0.27377 -6.06988 -3.87093 -16.6345
0.273674 -6.06824 -3.85976 -16.5923
0.273614 -6.06654 -3.84828 -16.5466
0.273594 -6.06455 -3.83634 -16.4965
0.273615 -6.06225 -3.82408 -16.4425
0.27367 -6.06004 -3.81233 -16.3887
0.273756 -6.05816 -3.80167 -16.3377
0.273869 -6.05622 -3.79156 -16.2876
0.274002 -6.05475 -3.783 -16.2429
0.274151 -6.05314 -3.77503 -16.1998
0.274314 -6.05158 -3.76804 -16.1603
0.274484 -6.05078 -3.76324 -16.1297
0.274656 -6.04999 -3.75937 -16.103
0.274824 -6.04917 -3.75633 -16.0802
0.274978 -6.04887 -3.75496 -16.0653
0.275111 -6.04901 -3.75504 -16.0579
0.275216 -6.04937 -3.75603 -16.056
0.275285 -6.04993 -3.75776 -16.0593
0.275314 -6.05041 -3.75959 -16.0655
0.275302 -6.05072 -3.76117 -16.0729
0.275253 -6.05096 -3.76257 -16.0817
0.275177 -6.05131 -3.76394 -16.092
0.275082 -6.05155 -3.76486 -16.1016
0.274979 -6.05155 -3.76506 -16.1084
0.274878 -6.05159 -3.76506 -16.1144
0.274787 -6.05118 -3.76405 -16.1154
0.274714 -6.05105 -3.76334 -16.1166
0.274666 -6.05033 -3.76155 -16.1118
0.27464 -6.04981 -3.76006 -16.1069
0.274634 -6.04916 -3.7584 -16.1001
0.274648 -6.04861 -3.75701 -16.0934
0.274679 -6.0481 -3.75585 -16.0866
0.274723 -6.0475 -3.75472 -16.0792
0.274775 -6.04699 -3.75392 -16.0727
0.274831 -6.0466 -3.75351 -16.0677
0.274891 -6.04625 -3.75336 -16.0635
0.274949 -6.04613 -3.75373 -16.0617
0.275001 -6.0459 -3.75402 -16.0599
0.275044 -6.04577 -3.75452 -16.0595
0.275078 -6.04578 -3.75525 -16.0607
0.275099 -6.04586 -3.75602 -16.0628
0.275105 -6.04588 -3.75655 -16.0646
0.275094 -6.046 -3.75703 -16.0674
0.275066 -6.04626 -3.75748 -16.0709
0.275024 -6.04636 -3.75735 -16.0728
0.274968 -6.04615 -3.75635 -16.0718
0.2749 -6.04618 -3.7554 -16.0717
0.274827 -6.04614 -3.75401 -16.07
0.274757 -6.04577 -3.75176 -16.0645
0.279675 -6.03801 -3.74509 -15.7539
0.279594 -6.03746 -3.74189 -15.7451
0.279538 -6.03679 -3.73836 -15.7334
0.279514 -6.03636 -3.73527 -15.7217
0.279527 -6.03584 -3.73223 -15.7082
0.279577 -6.03522 -3.72941 -15.6935
0.279662 -6.03449 -3.72692 -15.6783
0.279775 -6.03417 -3.72578 -15.6671
0.279906 -6.03407 -3.72572 -15.6595
0.280042 -6.03384 -3.72611 -15.6536
0.280168 -6.03371 -3.72732 -15.6517
0.280273 -6.03397 -3.72971 -15.6558
0.28035 -6.03421 -3.73247 -15.663
0.280394 -6.03493 -3.73627 -15.6765
0.280405 -6.03558 -3.74005 -15.6918
0.280388 -6.03609 -3.74359 -15.7076
0.28035 -6.03644 -3.74672 -15.7229
0.280295 -6.03701 -3.75001 -15.7397
0.280229 -6.03738 -3.75269 -15.7547
0.280157 -6.03779 -3.75518 -15.7692
0.280089 -6.03805 -3.75711 -15.7812
0.280034 -6.03822 -3.75868 -15.7909
0.280001 -6.03826 -3.75994 -15.798
0.28 -6.03862 -3.76173 -15.8056
0.280034 -6.03858 -3.76301 -15.8091
0.280102 -6.0387 -3.76486 -15.813
0.280197 -6.03899 -3.76735 -15.818
0.280308 -6.03925 -3.77021 -15.8238
0.280424 -6.03982 -3.77402 -15.8333
0.280536 -6.04059 -3.77856 -15.846
0.28064 -6.04141 -3.78354 -15.8609
0.280727 -6.04245 -3.78913 -15.8795
0.280793 -6.0435 -3.79493 -15.9001
0.280837 -6.04471 -3.80106 -15.9233
0.280855 -6.04571 -3.80677 -15.9461
0.280844 -6.04682 -3.81249 -15.9707
0.2808 -6.04784 -3.81771 -15.9951
0.280722 -6.04918 -3.82297 -16.0216
0.28061 -6.05017 -3.82702 -16.045
0.280467 -6.05097 -3.83001 -16.0657
0.280302 -6.0519 -3.83238 -16.0851
0.280125 -6.05226 -3.83293 -16.0976
0.27995 -6.05229 -3.83211 -16.1042
0.279794 -6.05242 -3.83073 -16.1073
0.279671 -6.05192 -3.82771 -16.1017
0.279585 -6.0515 -3.8244 -16.0928
0.279539 -6.05076 -3.8203 -16.0781
0.279526 -6.05003 -3.81608 -16.0611
0.279532 -6.04914 -3.81154 -16.0417
0.279547 -6.04829 -3.80702 -16.0218
0.284541 -6.04016 -3.79845 -15.7052
0.284518 -6.03945 -3.79383 -15.6873
0.284498 -6.0389 -3.78935 -15.6699
0.284486 -6.03811 -3.78442 -15.6502
0.28449 -6.03724 -3.77939 -15.6291
0.284513 -6.0367 -3.77504 -15.6099
0.284554 -6.03585 -3.77038 -15.5884
0.284609 -6.03519 -3.76629 -15.5685
0.284671 -6.03475 -3.76288 -15.551
0.284728 -6.03411 -3.75939 -15.5334
0.284777 -6.03368 -3.7565 -15.5189
0.284812 -6.03356 -3.75433 -15.508
0.284832 -6.03335 -3.75217 -15.498
0.28484 -6.03287 -3.74969 -15.4873
0.284839 -6.0325 -3.74749 -15.4782
0.284834 -6.0322 -3.74552 -15.4704
0.284825 -6.0322 -3.74415 -15.4652
0.284819 -6.03216 -3.74284 -15.4602
0.284821 -6.0318 -3.74113 -15.453
0.284837 -6.03175 -3.74019 -15.4482
0.284872 -6.03117 -3.73863 -15.4399
0.284933 -6.03091 -3.73803 -15.4341
0.285021 -6.0306 -3.73783 -15.4285
0.285133 -6.0305 -3.73853 -15.4253
0.285261 -6.03076 -3.74043 -15.4262
0.285395 -6.03109 -3.74304 -15.4298
0.285516 -6.03155 -3.74632 -15.4367
0.28561 -6.03244 -3.75066 -15.4496
0.285664 -6.03333 -3.75514 -15.465
0.285675 -6.03434 -3.75981 -15.4837
0.285643 -6.03551 -3.76452 -15.5048
0.285573 -6.03684 -3.76916 -15.5278
0.285481 -6.038 -3.77311 -15.5491
0.285383 -6.03885 -3.77613 -15.5668
0.285292 -6.0395 -3.7784 -15.5812
0.28522 -6.0399 -3.77995 -15.5915
0.285173 -6.04045 -3.78152 -15.6005
0.285155 -6.04063 -3.78232 -15.6048
0.28516 -6.04084 -3.78309 -15.6077
0.285182 -6.04089 -3.78352 -15.6083
0.285211 -6.04088 -3.7838 -15.6078
0.28524 -6.04116 -3.78449 -15.6091
0.285255 -6.04145 -3.78502 -15.6104
0.285247 -6.04191 -3.78555 -15.6131
0.285203 -6.04224 -3.78543 -15.615
0.285117 -6.04257 -3.78469 -15.6167
0.28499 -6.04278 -3.78302 -15.6167
0.284828 -6.04262 -3.77985 -15.6125
0.284643 -6.04232 -3.77556 -15.6049
0.284445 -6.04186 -3.77008 -15.5931
0.289227 -6.03352 -3.75867 -15.2889
0.289012 -6.03228 -3.74991 -15.2646
0.28882 -6.03074 -3.73984 -15.2338
0.288661 -6.02888 -3.72862 -15.1964
0.288542 -6.02696 -3.71692 -15.155
0.288469 -6.02479 -3.70461 -15.1086
0.288446 -6.02272 -3.69254 -15.0606
0.28847 -6.02038 -3.68033 -15.0095
0.288537 -6.01803 -3.66859 -14.9581
0.288641 -6.01601 -3.65808 -14.9099
0.288771 -6.01406 -3.64851 -14.8643
0.288915 -6.01216 -3.6399 -14.8218
0.289063 -6.01067 -3.63288 -14.7857
0.289208 -6.00948 -3.62727 -14.7554
0.289347 -6.0084 -3.62275 -14.7299
0.289474 -6.00746 -3.6193 -14.7094
0.289593 -6.00647 -3.61657 -14.6923
0.289708 -6.00586 -3.61527 -14.6812
0.289818 -6.00523 -3.61466 -14.6732
0.289921 -6.00498 -3.61534 -14.6707
0.290015 -6.00494 -3.61695 -14.6725
0.290097 -6.00528 -3.61968 -14.6794
0.290161 -6.00551 -3.62255 -14.6878
0.290204 -6.00594 -3.62596 -14.6995
0.290222 -6.00636 -3.6294 -14.7125
0.290213 -6.00664 -3.6325 -14.7255
0.290178 -6.00685 -3.63524 -14.7384
0.290119 -6.00723 -3.63791 -14.7522
0.290039 -6.0076 -3.64009 -14.7651
0.289943 -6.0077 -3.64126 -14.7747
0.289835 -6.00752 -3.64134 -14.7806
0.289717 -6.00718 -3.64051 -14.7832
0.289599 -6.00683 -3.63902 -14.7832
0.289487 -6.00625 -3.63652 -14.7788
0.289389 -6.00544 -3.63311 -14.7699
0.289313 -6.00465 -3.62931 -14.7583
0.289263 -6.00379 -3.62507 -14.7437
0.289248 -6.00243 -3.61986 -14.7232
0.289277 -6.00149 -3.61538 -14.7035
0.289355 -6.00048 -3.61104 -14.6819
0.28949 -5.99952 -3.60728 -14.6598
0.289679 -5.99866 -3.60438 -14.6384
0.289911 -5.99803 -3.6027 -14.6199
0.290161 -5.99761 -3.60227 -14.6056
0.290393 -5.99797 -3.60393 -14.6006
0.29058 -5.99855 -3.60655 -14.6018
0.290705 -5.99988 -3.61082 -14.6128
0.290772 -6.0009 -3.61477 -14.6255
0.290789 -6.00198 -3.61887 -14.6412
0.290767 -6.00324 -3.62321 -14.6598
0.295702 -5.99679 -3.62268 -14.4131
0.295587 -5.99794 -3.62614 -14.4325
0.295449 -5.99861 -3.62834 -14.448
0.295296 -5.99951 -3.63046 -14.4639
0.295137 -5.99994 -3.63131 -14.4751
0.294982 -6.00033 -3.63171 -14.4843
0.294841 -6.00013 -3.63082 -14.4876
0.294726 -6.00015 -3.63015 -14.4906
0.294644 -5.99964 -3.62858 -14.4884
0.294598 -5.99931 -3.62747 -14.4862
0.294588 -5.9989 -3.62652 -14.4829
0.294612 -5.99833 -3.62577 -14.4787
0.294668 -5.99782 -3.62568 -14.4756
0.294753 -5.99738 -3.62638 -14.4742
0.294864 -5.99654 -3.62716 -14.4719
0.295005 -5.99637 -3.62996 -14.4762
0.295174 -5.99645 -3.63411 -14.4844
0.29537 -5.99669 -3.63953 -14.4964
0.295586 -5.99726 -3.64653 -14.5136
0.295807 -5.99803 -3.65479 -14.5357
0.296012 -5.9992 -3.66454 -14.5643
0.296184 -6.00052 -3.67512 -14.5979
0.296308 -6.00211 -3.68651 -14.637
0.296382 -6.0043 -3.699 -14.683
0.29641 -6.00633 -3.71111 -14.7296
0.296401 -6.00856 -3.72325 -14.7783
0.296362 -6.01059 -3.73459 -14.8252
0.296299 -6.01261 -3.74534 -14.871
0.296211 -6.01441 -3.75499 -14.9138
0.296099 -6.01625 -3.76387 -14.9547
0.295962 -6.01769 -3.77113 -14.9905
0.295802 -6.01905 -3.77721 -15.0228
0.29562 -6.01996 -3.78136 -15.0486
0.29542 -6.02083 -3.78427 -15.0703
0.295212 -6.02133 -3.78534 -15.0852
0.295008 -6.02147 -3.78467 -15.093
0.294816 -6.02154 -3.78278 -15.0953
0.294642 -6.02162 -3.77995 -15.0929
0.294492 -6.02101 -3.7751 -15.0812
0.294365 -6.01996 -3.76877 -15.0624
0.294259 -6.01886 -3.76173 -15.0397
0.294172 -6.01752 -3.75378 -15.0124
0.294101 -6.01633 -3.74566 -14.9835
0.294044 -6.01498 -3.73696 -14.9516
0.294002 -6.01357 -3.72792 -14.9175
0.293975 -6.01217 -3.71877 -14.8823
0.293961 -6.01061 -3.70933 -14.8452
0.293957 -6.00915 -3.70005 -14.8083
0.29396 -6.00757 -3.69067 -14.7706
0.293973 -6.00607 -3.68157 -14.7335
0.298974 -5.99719 -3.66845 -14.4354
0.298987 -5.99576 -3.65967 -14.4003
0.299027 -5.99426 -3.65105 -14.3644
0.299099 -5.99272 -3.6428 -14.3285
0.299193 -5.99147 -3.63552 -14.2954
0.299294 -5.99067 -3.62954 -14.2671
0.299383 -5.98954 -3.62345 -14.2389
0.299445 -5.9887 -3.61819 -14.2153
0.299476 -5.98804 -3.61352 -14.1955
0.299482 -5.98703 -3.60847 -14.1753
0.299479 -5.98633 -3.60415 -14.1585
0.299483 -5.98534 -3.59962 -14.1405
0.299507 -5.98435 -3.59547 -14.1231
0.299565 -5.98387 -3.59269 -14.1095
0.299662 -5.98314 -3.59015 -14.0949
0.2998 -5.9825 -3.58854 -14.0821
0.299968 -5.98203 -3.58806 -14.0723
0.300148 -5.98175 -3.58876 -14.0666
0.300319 -5.9823 -3.59161 -14.0698
0.300464 -5.98267 -3.59476 -14.0753
0.300567 -5.98348 -3.59905 -14.0873
0.300616 -5.98411 -3.60317 -14.1012
0.300611 -5.98517 -3.60796 -14.1201
0.300562 -5.98621 -3.61244 -14.1399
0.300476 -5.98722 -3.61647 -14.1598
0.300367 -5.98784 -3.61932 -14.1761
0.300245 -5.98843 -3.62154 -14.1905
0.300121 -5.98878 -3.62276 -14.2012
0.300002 -5.98903 -3.62324 -14.2087
0.299889 -5.98896 -3.62257 -14.2114
0.299788 -5.98877 -3.62116 -14.2107
0.299698 -5.98858 -3.61923 -14.2074
0.299622 -5.98817 -3.61644 -14.2
0.299564 -5.98788 -3.61349 -14.1911
0.299533 -5.98719 -3.60956 -14.1772
0.299535 -5.98641 -3.60533 -14.1605
0.299573 -5.98557 -3.601 -14.1417
0.299638 -5.98486 -3.59694 -14.1227
0.299713 -5.98417 -3.59301 -14.1037
0.299779 -5.98353 -3.58921 -14.0857
0.299814 -5.98317 -3.58577 -14.0705
0.299809 -5.98291 -3.58228 -14.0571
0.299766 -5.98259 -3.57834 -14.0436
0.299693 -5.98247 -3.57431 -14.0313
0.299602 -5.98214 -3.56949 -14.0166
0.299507 -5.98152 -3.56376 -13.9986
0.299421 -5.98078 -3.55748 -13.9779
0.299349 -5.97994 -3.55078 -13.9549
0.299298 -5.9791 -3.5439 -13.9302
0.299269 -5.97816 -3.53682 -13.9037
0.304239 -5.96959 -3.52513 -13.6314
0.304222 -5.96805 -3.5169 -13.6004
0.304231 -5.96692 -3.5095 -13.5713
0.304264 -5.96597 -3.50266 -13.5434
0.304321 -5.96485 -3.49591 -13.5148
0.304404 -5.96387 -3.48993 -13.488
0.304516 -5.96297 -3.48476 -13.4631
0.304657 -5.96237 -3.48092 -13.442
0.304828 -5.96175 -3.47796 -13.423
0.305025 -5.96141 -3.47656 -13.409
0.305241 -5.96126 -3.4766 -13.3996
0.305465 -5.96143 -3.47833 -13.3965
0.305686 -5.96192 -3.48171 -13.3998
0.305886 -5.96282 -3.48678 -13.4105
0.306051 -5.96389 -3.49296 -13.4271
0.306166 -5.96538 -3.50043 -13.4507
0.306219 -5.9667 -3.50795 -13.4773
0.306206 -5.96829 -3.51595 -13.5086
0.306128 -5.97012 -3.52415 -13.5435
0.305996 -5.97185 -3.53173 -13.5785
0.305826 -5.9734 -3.53844 -13.6119
0.305637 -5.97485 -3.54434 -13.643
0.305452 -5.97556 -3.54838 -13.6668
0.305289 -5.97625 -3.55189 -13.6877
0.30516 -5.9766 -3.55445 -13.7033
0.305071 -5.97693 -3.55674 -13.7161
0.305023 -5.97683 -3.55821 -13.724
0.305004 -5.97695 -3.56007 -13.732
0.305002 -5.97707 -3.56198 -13.7395
0.30501 -5.97713 -3.56387 -13.7464
0.30502 -5.9773 -3.56603 -13.7543
0.305024 -5.97742 -3.56818 -13.7624
0.30502 -5.97731 -3.56994 -13.7694
0.30501 -5.97735 -3.57198 -13.7777
0.304996 -5.97709 -3.57346 -13.784
0.304979 -5.97742 -3.57592 -13.7943
0.304964 -5.97718 -3.57738 -13.8006
0.304954 -5.97711 -3.57909 -13.8076
0.304956 -5.97711 -3.58095 -13.8147
0.304974 -5.97712 -3.58287 -13.8213
0.305008 -5.9773 -3.5852 -13.8288
0.305057 -5.97722 -3.58721 -13.8343
0.305116 -5.97734 -3.58972 -13.8413
0.305178 -5.97738 -3.59222 -13.8482
0.305235 -5.97769 -3.59527 -13.8573
0.305284 -5.97832 -3.59894 -13.8692
0.305322 -5.9789 -3.60251 -13.8812
0.305351 -5.97944 -3.60599 -13.8934
0.305374 -5.9797 -3.60894 -13.9037
0.305394 -5.98015 -3.61214 -13.9151
0.310397 -5.97346 -3.61149 -13.6883
0.310377 -5.97381 -3.61399 -13.6987
0.31035 -5.97432 -3.61643 -13.7091
0.310312 -5.97486 -3.61854 -13.7188
0.310259 -5.97554 -3.62043 -13.7283
0.310188 -5.97599 -3.6214 -13.7351
0.310099 -5.97633 -3.6216 -13.7398
0.309993 -5.97672 -3.62126 -13.7432
0.309878 -5.97713 -3.6203 -13.7447
0.309762 -5.97683 -3.61753 -13.7393
0.309656 -5.9764 -3.61396 -13.7305
0.309572 -5.97613 -3.61023 -13.72
0.309515 -5.97541 -3.60544 -13.7043
0.30949 -5.97466 -3.60042 -13.6864
0.309493 -5.97385 -3.59527 -13.6666
0.309514 -5.97289 -3.58989 -13.6452
0.309541 -5.97233 -3.58527 -13.6265
0.309562 -5.97147 -3.58025 -13.6065
0.309572 -5.97091 -3.57581 -13.5892
0.309577 -5.97014 -3.57115 -13.5713
0.309587 -5.96971 -3.56728 -13.5561
0.309611 -5.96899 -3.56323 -13.5397
0.309655 -5.96854 -3.56005 -13.5257
0.309716 -5.96825 -3.55764 -13.5139
0.309784 -5.96763 -3.55521 -13.5017
0.309849 -5.9674 -3.55392 -13.4939
0.309897 -5.9671 -3.55291 -13.488
0.309917 -5.96686 -3.55227 -13.4847
0.30991 -5.96675 -3.55205 -13.4842
0.30989 -5.96641 -3.55156 -13.4832
0.309872 -5.96651 -3.55197 -13.4855
0.309876 -5.96616 -3.55186 -13.4849
0.309918 -5.96586 -3.55216 -13.4843
0.310001 -5.96575 -3.55326 -13.4849
0.310116 -5.96577 -3.55512 -13.4868
0.310241 -5.96589 -3.55763 -13.4909
0.310341 -5.96616 -3.5607 -13.4983
0.310384 -5.96681 -3.56444 -13.5106
0.310353 -5.96741 -3.56782 -13.5247
0.310247 -5.96802 -3.57064 -13.54
0.310084 -5.96864 -3.57274 -13.5551
0.309891 -5.96864 -3.57295 -13.5644
0.309698 -5.96853 -3.57222 -13.57
0.309534 -5.96786 -3.56992 -13.5685
0.30942 -5.96712 -3.56709 -13.5627
0.309375 -5.9665 -3.56435 -13.5543
0.309402 -5.96564 -3.56133 -13.5416
0.309499 -5.96496 -3.55903 -13.5286
0.309655 -5.96415 -3.55709 -13.5144
0.309846 -5.96384 -3.55667 -13.5045
0.315027 -5.95612 -3.5527 -13.2676
0.315177 -5.95616 -3.5538 -13.2654
0.315289 -5.95618 -3.55511 -13.2656
0.315351 -5.95662 -3.55716 -13.2706
0.315359 -5.95727 -3.55939 -13.2786
0.315316 -5.95805 -3.56151 -13.2883
0.31523 -5.95843 -3.56246 -13.2954
0.315115 -5.95874 -3.5627 -13.3012
0.314986 -5.9588 -3.5619 -13.3037
0.314855 -5.95869 -3.56019 -13.3028
0.314733 -5.95852 -3.55784 -13.2992
0.314626 -5.95816 -3.55465 -13.2918
0.314542 -5.95778 -3.55105 -13.2819
0.314484 -5.95721 -3.5468 -13.2685
0.314448 -5.95643 -3.54199 -13.252
0.314432 -5.95596 -3.53754 -13.236
0.314427 -5.95513 -3.53235 -13.2167
0.314427 -5.95388 -3.52635 -13.1943
0.314427 -5.953 -3.52088 -13.1738
0.314419 -5.95218 -3.51538 -13.1536
0.314402 -5.95137 -3.50974 -13.1332
0.314379 -5.95039 -3.5037 -13.1115
0.314357 -5.94939 -3.49747 -13.0892
0.314341 -5.94831 -3.49103 -13.0657
0.314335 -5.94742 -3.48484 -13.0428
0.314331 -5.94652 -3.47858 -13.0196
0.314326 -5.94586 -3.47267 -12.9976
0.314314 -5.94509 -3.46647 -12.9749
0.314289 -5.94422 -3.45994 -12.9515
0.314251 -5.94337 -3.45324 -12.928
0.314205 -5.9423 -3.44598 -12.9027
0.314161 -5.94103 -3.43821 -12.8754
0.314132 -5.93968 -3.4302 -12.8466
0.314129 -5.93839 -3.42234 -12.8173
0.314163 -5.9368 -3.41416 -12.7853
0.314237 -5.93524 -3.40641 -12.7532
0.314344 -5.9341 -3.39986 -12.7244
0.314475 -5.93298 -3.39395 -12.697
0.314612 -5.93224 -3.38928 -12.674
0.31474 -5.9313 -3.3849 -12.6525
0.314854 -5.93108 -3.38232 -12.6383
0.314954 -5.93093 -3.38045 -12.6273
0.315046 -5.93079 -3.37917 -12.6188
0.315139 -5.93088 -3.37893 -12.6142
0.315241 -5.93104 -3.37954 -12.6123
0.315358 -5.93131 -3.38107 -12.6134
0.315485 -5.93194 -3.384 -12.6192
0.315615 -5.93259 -3.38776 -12.628
0.315739 -5.93352 -3.3927 -12.6415
0.315845 -5.93455 -3.39846 -12.6587
0.32091 -5.92811 -3.40036 -12.4659
0.320909 -5.92953 -3.4072 -12.491
0.320863 -5.93086 -3.41377 -12.5169
0.320773 -5.93214 -3.41997 -12.5431
0.320647 -5.93334 -3.42561 -12.5688
0.320492 -5.93421 -3.43018 -12.5916
0.320323 -5.93482 -3.43371 -12.6112
0.320152 -5.93538 -3.43659 -12.6285
0.31999 -5.93579 -3.4387 -12.6427
0.319849 -5.93592 -3.43991 -12.6527
0.319739 -5.93533 -3.43961 -12.656
0.319672 -5.93492 -3.4395 -12.6582
0.319655 -5.93469 -3.43978 -12.6599
0.319691 -5.93407 -3.4397 -12.6582
0.319779 -5.9336 -3.44036 -12.6571
0.319914 -5.93331 -3.44196 -12.6577
0.320088 -5.93321 -3.4447 -12.6608
0.320286 -5.93327 -3.44853 -12.6671
0.320491 -5.9336 -3.45367 -12.6779
0.320687 -5.93476 -3.46096 -12.6969
0.320855 -5.93581 -3.46869 -12.7186
0.320986 -5.93719 -3.47741 -12.7453
0.321074 -5.93873 -3.48665 -12.7757
0.321118 -5.94042 -3.49619 -12.8089
0.321121 -5.94213 -3.50565 -12.8434
0.321089 -5.94372 -3.51459 -12.8775
0.321029 -5.94552 -3.52346 -12.9124
0.320942 -5.94699 -3.53118 -12.9442
0.320832 -5.94852 -3.53829 -12.9747
0.320695 -5.94967 -3.54391 -13.0008
0.320531 -5.95083 -3.54855 -13.0245
0.320341 -5.95168 -3.55157 -13.0434
0.320129 -5.95225 -3.55292 -13.057
0.319905 -5.95263 -3.5527 -13.0653
0.31967 -5.95234 -3.55004 -13.0651
0.319432 -5.9519 -3.54584 -13.0594
0.319201 -5.95082 -3.53932 -13.0447
0.318985 -5.94955 -3.53128 -13.024
0.318786 -5.94791 -3.52155 -12.9962
0.318611 -5.94615 -3.51064 -12.963
0.318463 -5.94418 -3.49855 -12.9244
0.318343 -5.94177 -3.48505 -12.8794
0.318256 -5.93942 -3.47112 -12.8314
0.318209 -5.93665 -3.45621 -12.7782
0.318207 -5.93383 -3.44116 -12.7226
0.318257 -5.93091 -3.42615 -12.6651
0.318359 -5.92854 -3.41253 -12.6107
0.31852 -5.92587 -3.39917 -12.555
0.318734 -5.92385 -3.38792 -12.505
0.318994 -5.92182 -3.37784 -12.4577
0.324263 -5.91301 -3.36588 -12.2119
0.324534 -5.91193 -3.35977 -12.1795
0.324798 -5.9108 -3.35477 -12.1515
0.325037 -5.91029 -3.35192 -12.1322
0.325235 -5.91043 -3.35109 -12.1219
0.325383 -5.91079 -3.35137 -12.1174
0.325478 -5.91138 -3.3526 -12.1183
0.325519 -5.91222 -3.35456 -12.1238
0.325509 -5.91317 -3.35685 -12.1325
0.325462 -5.91412 -3.35915 -12.1426
0.32539 -5.91463 -3.36061 -12.1505
0.325304 -5.91527 -3.36216 -12.1593
0.325213 -5.91555 -3.36294 -12.1656
0.325127 -5.91582 -3.36354 -12.1709
0.325056 -5.9158 -3.36357 -12.1737
0.325007 -5.91554 -3.36317 -12.1741
0.324988 -5.91554 -3.36331 -12.1753
0.324999 -5.9156 -3.3637 -12.1763
0.325035 -5.91544 -3.36397 -12.176
0.325078 -5.91559 -3.36497 -12.178
0.32511 -5.91565 -3.36596 -12.1803
0.325114 -5.91595 -3.36735 -12.1853
0.325084 -5.91624 -3.3686 -12.1909
0.325028 -5.91659 -3.36975 -12.1971
0.324957 -5.91656 -3.36998 -12.2006
0.324882 -5.91625 -3.36948 -12.2016
0.324808 -5.91605 -3.36891 -12.2023
0.324737 -5.91599 -3.3683 -12.2028
0.32467 -5.91572 -3.36713 -12.2011
0.324612 -5.91526 -3.36544 -12.1972
0.324569 -5.91474 -3.36352 -12.1918
0.324556 -5.91431 -3.3618 -12.186
0.324584 -5.91347 -3.35956 -12.1769
0.324662 -5.91288 -3.35814 -12.1688
0.324791 -5.91259 -3.35782 -12.1628
0.324964 -5.91251 -3.35856 -12.159
0.325166 -5.91247 -3.3602 -12.1574
0.325381 -5.91272 -3.36316 -12.1601
0.325591 -5.91291 -3.36682 -12.1654
0.325781 -5.91388 -3.37246 -12.1787
0.325938 -5.91473 -3.37844 -12.1945
0.326054 -5.91622 -3.38585 -12.2168
0.32612 -5.91818 -3.39419 -12.2444
0.326131 -5.91994 -3.40208 -12.2725
0.326083 -5.92147 -3.40924 -12.3001
0.325977 -5.92312 -3.41602 -12.3286
0.325821 -5.92451 -3.4216 -12.3547
0.325621 -5.92594 -3.42629 -12.3792
0.325388 -5.92693 -3.4292 -12.3986
0.325136 -5.92753 -3.43033 -12.4123
0.329858 -5.92015 -3.42512 -12.216
0.329567 -5.92006 -3.42252 -12.2175
0.329295 -5.91928 -3.41756 -12.2099
0.32906 -5.9183 -3.41125 -12.1961
0.328872 -5.91682 -3.40332 -12.1747
0.328741 -5.91517 -3.39453 -12.1481
0.328669 -5.91354 -3.3855 -12.1184
0.328653 -5.91122 -3.37524 -12.0823
0.328681 -5.90912 -3.36549 -12.0463
0.328741 -5.90712 -3.3562 -12.0109
0.32882 -5.90527 -3.34755 -11.9771
0.32891 -5.9033 -3.33916 -11.9438
0.329011 -5.90191 -3.33235 -11.9157
0.329128 -5.90037 -3.32598 -11.8887
0.329267 -5.89909 -3.32089 -11.8656
0.329431 -5.89801 -3.3171 -11.8461
0.329623 -5.89735 -3.31512 -11.8321
0.329835 -5.89699 -3.31484 -11.8235
0.330057 -5.89683 -3.31613 -11.8202
0.330274 -5.89662 -3.31848 -11.8208
0.330474 -5.89705 -3.32303 -11.8298
0.330649 -5.89757 -3.3287 -11.8437
0.330794 -5.89853 -3.33593 -11.8643
0.330908 -5.89969 -3.34419 -11.8895
0.331 -5.9009 -3.35313 -11.918
0.331076 -5.90238 -3.36302 -11.9504
0.331143 -5.90386 -3.37333 -11.9846
0.331204 -5.90565 -3.38454 -12.0222
0.331261 -5.90709 -3.39547 -12.059
0.331312 -5.9091 -3.40755 -12.1
0.331347 -5.91131 -3.42008 -12.1432
0.331358 -5.91339 -3.43234 -12.1864
0.331341 -5.91524 -3.44404 -12.2285
0.331297 -5.91708 -3.4554 -12.2705
0.331232 -5.91912 -3.46668 -12.313
0.331149 -5.92075 -3.47678 -12.3519
0.331055 -5.92251 -3.48651 -12.39
0.330956 -5.92428 -3.49566 -12.4263
0.330856 -5.92566 -3.50353 -12.458
0.330757 -5.92708 -3.51083 -12.4877
0.330659 -5.92808 -3.51677 -12.5125
0.330553 -5.92931 -3.52239 -12.5365
0.330436 -5.93003 -3.52637 -12.5551
0.33031 -5.9307 -3.52946 -12.5709
0.330179 -5.93103 -3.53115 -12.5819
0.330048 -5.93147 -3.53219 -12.5907
0.329926 -5.93128 -3.53138 -12.5924
0.329816 -5.93113 -3.5299 -12.5914
0.329718 -5.93115 -3.52803 -12.5884
0.32963 -5.93073 -3.52474 -12.58
0.334525 -5.92272 -3.51626 -12.3661
0.334406 -5.92239 -3.51149 -12.3537
0.334284 -5.92169 -3.50529 -12.3364
0.33416 -5.9203 -3.49713 -12.3123
0.334036 -5.91868 -3.48783 -12.2841
0.333911 -5.91736 -3.47832 -12.2552
0.333788 -5.91562 -3.46741 -12.2212
0.333671 -5.91389 -3.45595 -12.1851
0.333569 -5.91194 -3.44363 -12.1454
0.333491 -5.90981 -3.43071 -12.1027
0.333446 -5.90739 -3.41721 -12.0567
0.333446 -5.905 -3.40393 -12.0098
0.333505 -5.90263 -3.39112 -11.9625
0.333622 -5.90053 -3.37951 -11.9174
0.333796 -5.89861 -3.3692 -11.8748
0.334018 -5.89658 -3.35988 -11.8341
0.334275 -5.89558 -3.35368 -11.8032
0.334551 -5.89457 -3.3489 -11.7766
0.334831 -5.89384 -3.34603 -11.7567
0.335103 -5.8936 -3.3454 -11.7449
0.335356 -5.89371 -3.34662 -11.7404
0.335582 -5.89432 -3.34985 -11.7438
0.33577 -5.89535 -3.35472 -11.7543
0.335912 -5.89667 -3.3608 -11.7706
0.335995 -5.89824 -3.36768 -11.7918
0.336012 -5.89969 -3.37447 -11.8149
0.33596 -5.90082 -3.38047 -11.8378
0.335842 -5.90242 -3.38674 -11.8639
0.335672 -5.90368 -3.39172 -11.8874
0.33547 -5.90484 -3.39564 -11.9083
0.335252 -5.90555 -3.39782 -11.9237
0.335036 -5.90581 -3.39831 -11.9331
0.33484 -5.90592 -3.39763 -11.9377
0.334672 -5.90563 -3.39548 -11.9361
0.334532 -5.90512 -3.39223 -11.9297
0.334419 -5.90451 -3.38821 -11.9195
0.334336 -5.90345 -3.38294 -11.904
0.334281 -5.90266 -3.37777 -11.8877
0.334256 -5.90147 -3.3717 -11.8672
0.334264 -5.90026 -3.3655 -11.8452
0.334304 -5.89907 -3.35943 -11.8224
0.334377 -5.89788 -3.35352 -11.799
0.334478 -5.89668 -3.34791 -11.7757
0.334601 -5.89595 -3.34349 -11.7558
0.33474 -5.89558 -3.3401 -11.7391
0.334874 -5.89529 -3.33723 -11.7242
0.334986 -5.89525 -3.33506 -11.7127
0.335053 -5.89526 -3.33305 -11.7033
0.335061 -5.89534 -3.33103 -11.6959
0.335009 -5.89544 -3.32868 -11.6895
0.339889 -5.88817 -3.32165 -11.4974
0.339728 -5.88793 -3.31736 -11.4879
0.339574 -5.88741 -3.31198 -11.4745
0.339449 -5.88628 -3.30511 -11.4549
0.33936 -5.88547 -3.2985 -11.435
0.339303 -5.88447 -3.29144 -11.4125
0.339263 -5.88335 -3.28413 -11.3884
0.33923 -5.88226 -3.27688 -11.3644
0.339202 -5.88153 -3.2703 -11.3425
0.339187 -5.88055 -3.26352 -11.3195
0.339192 -5.87916 -3.25636 -11.2945
0.339228 -5.87776 -3.2497 -11.2702
0.339298 -5.87652 -3.24399 -11.2481
0.339398 -5.87549 -3.23942 -11.2289
0.339516 -5.87471 -3.23615 -11.2137
0.339646 -5.87429 -3.23437 -11.2032
0.339778 -5.87361 -3.23306 -11.1944
0.339908 -5.87313 -3.23296 -11.1898
0.340034 -5.87282 -3.23402 -11.1893
0.340157 -5.87309 -3.23689 -11.1952
0.340275 -5.87322 -3.24027 -11.2029
0.340386 -5.87344 -3.24451 -11.2139
0.34049 -5.87391 -3.2498 -11.2288
0.340587 -5.87462 -3.25607 -11.2473
0.340679 -5.8758 -3.26363 -11.2703
0.340767 -5.87692 -3.27151 -11.2946
0.340841 -5.87809 -3.2798 -11.3208
0.34089 -5.87924 -3.28823 -11.3482
0.34091 -5.88052 -3.29691 -11.3775
0.340904 -5.88162 -3.30518 -11.4063
0.34088 -5.88314 -3.31399 -11.4375
0.340851 -5.88439 -3.32212 -11.4665
0.34083 -5.88558 -3.32998 -11.4943
0.340824 -5.88688 -3.33782 -11.5216
0.340826 -5.8881 -3.34531 -11.5474
0.340816 -5.88951 -3.35278 -11.5735
0.34077 -5.89072 -3.35935 -11.5978
0.340671 -5.89177 -3.36485 -11.6201
0.340508 -5.89259 -3.36888 -11.6396
0.340285 -5.89347 -3.3717 -11.657
0.340015 -5.89405 -3.37253 -11.6691
0.339715 -5.894 -3.37072 -11.6732
0.339403 -5.89374 -3.36697 -11.6709
0.339094 -5.89256 -3.36012 -11.6578
0.338802 -5.8912 -3.35151 -11.6379
0.338541 -5.88925 -3.34062 -11.609
0.338322 -5.88709 -3.32831 -11.5738
0.338159 -5.88467 -3.31474 -11.5321
0.338061 -5.88203 -3.30033 -11.4853
0.338035 -5.87897 -3.28503 -11.433
0.343052 -5.86872 -3.26595 -11.2003
0.343137 -5.86607 -3.25163 -11.1485
0.343284 -5.86318 -3.23747 -11.0951
0.343484 -5.86081 -3.22503 -11.0461
0.343726 -5.85835 -3.21344 -10.9986
0.343994 -5.85623 -3.20359 -10.9564
0.344275 -5.8545 -3.1956 -10.9201
0.344553 -5.85343 -3.18995 -10.892
0.344813 -5.85292 -3.18639 -10.8717
0.345041 -5.85249 -3.18402 -10.8564
0.345226 -5.85265 -3.18353 -10.8489
0.345361 -5.85282 -3.18375 -10.8454
0.345441 -5.85337 -3.1851 -10.8475
0.345465 -5.85404 -3.18696 -10.8531
0.345447 -5.85466 -3.18893 -10.8604
0.345402 -5.85522 -3.19088 -10.8684
0.345351 -5.85601 -3.19331 -10.8783
0.345311 -5.85668 -3.19571 -10.8877
0.345299 -5.85726 -3.19819 -10.8966
0.345321 -5.85806 -3.20143 -10.9069
0.345377 -5.85854 -3.20458 -10.9159
0.345452 -5.85895 -3.20809 -10.9255
0.345528 -5.85975 -3.21267 -10.9386
0.345589 -5.86071 -3.21785 -10.9544
0.345625 -5.86154 -3.22301 -10.9708
0.345636 -5.86255 -3.22857 -10.9893
0.345629 -5.86364 -3.23426 -11.0089
0.345617 -5.86439 -3.23937 -11.0267
0.345607 -5.86545 -3.24498 -11.0461
0.345606 -5.86626 -3.25016 -11.0638
0.345614 -5.86727 -3.25564 -11.0822
0.345624 -5.86838 -3.26126 -11.101
0.345629 -5.86933 -3.26651 -11.1187
0.345616 -5.87035 -3.27165 -11.1367
0.345576 -5.87098 -3.27577 -11.152
0.345502 -5.87177 -3.27966 -11.1676
0.34539 -5.87281 -3.2833 -11.1836
0.345245 -5.87362 -3.28579 -11.1968
0.34508 -5.87429 -3.28718 -11.2069
0.344906 -5.87467 -3.28721 -11.2126
0.344732 -5.8744 -3.28526 -11.2116
0.344566 -5.87411 -3.28247 -11.2075
0.344412 -5.8737 -3.27872 -11.1997
0.34427 -5.8729 -3.27361 -11.1869
0.344142 -5.87175 -3.26732 -11.1695
0.344028 -5.87034 -3.26009 -11.1485
0.343933 -5.86909 -3.25273 -11.1264
0.343865 -5.86725 -3.24411 -11.0991
0.343827 -5.86548 -3.23555 -11.071
0.343824 -5.86382 -3.22722 -11.0427
0.348831 -5.85509 -3.21544 -10.8444
0.34886 -5.85319 -3.20694 -10.8149
0.348915 -5.85169 -3.1994 -10.7877
0.348984 -5.84976 -3.19147 -10.7588
0.349054 -5.84818 -3.18445 -10.733
0.34911 -5.84654 -3.17758 -10.7082
0.349142 -5.8453 -3.17157 -10.6869
0.349142 -5.84449 -3.16632 -10.6693
0.349112 -5.84321 -3.16023 -10.6496
0.349064 -5.84171 -3.15368 -10.629
0.349017 -5.84031 -3.14725 -10.6088
0.348997 -5.839 -3.14107 -10.5886
0.349024 -5.83745 -3.13478 -10.5665
0.349113 -5.83589 -3.12899 -10.5443
0.349269 -5.83427 -3.12388 -10.5224
0.349484 -5.83324 -3.12074 -10.5053
0.349743 -5.83241 -3.11899 -10.4917
0.350022 -5.83208 -3.11917 -10.4839
0.350295 -5.83208 -3.1209 -10.4816
0.350531 -5.83253 -3.12417 -10.4855
0.350704 -5.83356 -3.12893 -10.4963
0.350793 -5.83479 -3.13418 -10.5112
0.350793 -5.83618 -3.13951 -10.5291
0.350711 -5.83715 -3.14365 -10.5455
0.350567 -5.83795 -3.14684 -10.5605
0.350385 -5.83872 -3.14921 -10.574
0.350198 -5.83915 -3.15027 -10.5831
0.350036 -5.83955 -3.15071 -10.5895
0.34992 -5.83979 -3.15048 -10.5923
0.349867 -5.83981 -3.14977 -10.5915
0.349887 -5.83982 -3.14921 -10.589
0.349978 -5.83957 -3.14866 -10.5844
0.350126 -5.83938 -3.14886 -10.5806
0.350316 -5.83956 -3.15049 -10.5803
0.350526 -5.83989 -3.1532 -10.5831
0.350736 -5.84068 -3.15752 -10.5913
0.350928 -5.84177 -3.16309 -10.6041
0.351099 -5.8431 -3.16973 -10.6212
0.351248 -5.84475 -3.17746 -10.6426
0.351378 -5.84632 -3.18554 -10.6657
0.351493 -5.84822 -3.19459 -10.6925
0.35159 -5.85017 -3.20403 -10.7212
0.351661 -5.85258 -3.21441 -10.7537
0.351695 -5.85488 -3.22458 -10.7867
0.351681 -5.85749 -3.235 -10.822
0.351599 -5.85999 -3.24469 -10.8569
0.351445 -5.86249 -3.25351 -10.8912
0.351221 -5.86476 -3.26084 -10.9227
0.350941 -5.86661 -3.26617 -10.9493
0.35062 -5.86804 -3.26935 -10.97
0.35526 -5.86135 -3.26561 -10.8143
0.354881 -5.86168 -3.26369 -10.8195
0.354529 -5.86116 -3.25887 -10.8142
0.354223 -5.86043 -3.25247 -10.8023
0.353984 -5.85925 -3.2444 -10.7828
0.353824 -5.8577 -3.2351 -10.7568
0.353744 -5.85597 -3.22524 -10.7264
0.353733 -5.85407 -3.21509 -10.693
0.353774 -5.85194 -3.20477 -10.6574
0.353843 -5.8501 -3.19525 -10.6237
0.353914 -5.84826 -3.18604 -10.591
0.353972 -5.84659 -3.17746 -10.5607
0.35401 -5.84494 -3.16917 -10.532
0.354032 -5.84344 -3.16143 -10.5056
0.354053 -5.84203 -3.15418 -10.4809
0.354093 -5.84085 -3.14783 -10.4586
0.354164 -5.83939 -3.14164 -10.436
0.354277 -5.83804 -3.1365 -10.4156
0.354439 -5.83684 -3.13268 -10.3981
0.354645 -5.83597 -3.13067 -10.3854
0.354886 -5.83545 -3.13062 -10.3782
0.355155 -5.83526 -3.13258 -10.3768
0.355438 -5.83552 -3.13676 -10.3824
0.355722 -5.83604 -3.14286 -10.3943
0.355992 -5.83699 -3.15102 -10.4134
0.356231 -5.83818 -3.16074 -10.4385
0.356418 -5.84032 -3.17294 -10.4733
0.356535 -5.84232 -3.18547 -10.5112
0.356576 -5.84489 -3.19917 -10.5552
0.35654 -5.84747 -3.21274 -10.601
0.356433 -5.84974 -3.22536 -10.6459
0.356261 -5.85197 -3.23716 -10.69
0.356039 -5.85426 -3.24812 -10.7329
0.355787 -5.85608 -3.25722 -10.7706
0.355527 -5.85709 -3.26382 -10.8003
0.355282 -5.85809 -3.26934 -10.826
0.355073 -5.85871 -3.27331 -10.8455
0.354917 -5.85878 -3.27559 -10.8579
0.354819 -5.85839 -3.27654 -10.864
0.354777 -5.85847 -3.27795 -10.87
0.354777 -5.8581 -3.27836 -10.8713
0.354804 -5.85788 -3.27891 -10.8723
0.354845 -5.85738 -3.27891 -10.8711
0.354886 -5.8569 -3.27889 -10.8697
0.35492 -5.8565 -3.27893 -10.8688
0.354947 -5.8565 -3.27957 -10.8701
0.354976 -5.8564 -3.28005 -10.8708
0.355015 -5.85634 -3.28065 -10.8716
0.355069 -5.85651 -3.28178 -10.8737
0.35514 -5.85635 -3.28256 -10.8741
0.360209 -5.84888 -3.27954 -10.7112
0.360264 -5.84898 -3.28096 -10.7143
0.360315 -5.84964 -3.28338 -10.7206
0.360352 -5.85002 -3.28528 -10.7257
0.360364 -5.85061 -3.28739 -10.7322
0.360344 -5.85139 -3.28955 -10.7399
0.360287 -5.85189 -3.29083 -10.7458
0.360192 -5.85232 -3.29145 -10.7506
0.360066 -5.85256 -3.29107 -10.7532
0.359918 -5.85254 -3.28957 -10.7527
0.359759 -5.85236 -3.28707 -10.7492
0.359605 -5.852 -3.28359 -10.7425
0.359467 -5.8515 -3.2793 -10.7325
0.359344 -5.85074 -3.27403 -10.719
0.359229 -5.84978 -3.26795 -10.7025
0.359112 -5.84855 -3.26095 -10.6831
0.358984 -5.8471 -3.25312 -10.6612
0.35885 -5.84586 -3.24519 -10.6392
0.358729 -5.84383 -3.23563 -10.6114
0.358647 -5.84211 -3.22653 -10.584
0.358636 -5.84009 -3.21721 -10.5537
0.358722 -5.83845 -3.20924 -10.5251
0.358912 -5.8367 -3.20219 -10.4964
0.359192 -5.83518 -3.19697 -10.4711
0.359532 -5.83379 -3.19359 -10.4501
0.359887 -5.83338 -3.19343 -10.4393
0.360209 -5.83301 -3.19473 -10.4342
0.360459 -5.83341 -3.19837 -10.4389
0.360615 -5.83384 -3.20273 -10.4486
0.36068 -5.83515 -3.20887 -10.4667
0.36067 -5.83617 -3.21456 -10.4856
0.36061 -5.8372 -3.22008 -10.5053
0.360526 -5.83809 -3.22513 -10.5243
0.360447 -5.83896 -3.22988 -10.5421
0.360385 -5.83945 -3.23377 -10.5566
0.360338 -5.83997 -3.23747 -10.5701
0.360301 -5.84065 -3.24121 -10.5833
0.360265 -5.84106 -3.24423 -10.5943
0.360217 -5.84129 -3.24658 -10.6033
0.360156 -5.84171 -3.24883 -10.6125
0.360081 -5.84208 -3.2505 -10.6202
0.359995 -5.84211 -3.25107 -10.6246
0.359905 -5.84208 -3.25102 -10.6271
0.359816 -5.84201 -3.25037 -10.6276
0.359732 -5.84198 -3.24929 -10.6265
0.359658 -5.84156 -3.24709 -10.6215
0.359592 -5.8408 -3.24389 -10.613
0.359534 -5.84036 -3.24083 -10.6047
0.359479 -5.83976 -3.23713 -10.5942
0.359425 -5.83924 -3.23324 -10.583
0.36435 -5.83102 -3.22425 -10.411
0.364265 -5.82982 -3.21821 -10.3939
0.364183 -5.82858 -3.21166 -10.3751
0.364111 -5.82716 -3.20445 -10.3538
0.364052 -5.82577 -3.197 -10.3314
0.36401 -5.82405 -3.18881 -10.3061
0.363996 -5.82228 -3.18054 -10.2798
0.364017 -5.82081 -3.17293 -10.2546
0.364078 -5.81969 -3.16629 -10.2314
0.364186 -5.81817 -3.15953 -10.2066
0.364338 -5.81685 -3.15386 -10.184
0.364523 -5.81577 -3.14944 -10.1646
0.364723 -5.81522 -3.14685 -10.1507
0.364918 -5.81487 -3.14544 -10.1407
0.365091 -5.8149 -3.14546 -10.1359
0.365232 -5.81519 -3.14654 -10.1355
0.36534 -5.81561 -3.14835 -10.1383
0.365418 -5.81633 -3.15101 -10.1447
0.365477 -5.81671 -3.15337 -10.1507
0.365522 -5.81771 -3.15694 -10.1609
0.365554 -5.8185 -3.1602 -10.1705
0.36557 -5.81927 -3.16337 -10.1803
0.365557 -5.82017 -3.16649 -10.1907
0.365503 -5.82135 -3.16961 -10.2023
0.36539 -5.82222 -3.17144 -10.2113
0.365205 -5.82287 -3.17181 -10.2177
0.364945 -5.82313 -3.17015 -10.2196
0.364621 -5.82292 -3.16612 -10.2157
0.364258 -5.8226 -3.16025 -10.2069
0.363888 -5.82133 -3.15117 -10.1879
0.363551 -5.81956 -3.13986 -10.1608
0.363285 -5.81749 -3.12703 -10.1267
0.363125 -5.81465 -3.11236 -10.0836
0.36309 -5.8118 -3.09771 -10.0371
0.363187 -5.80906 -3.08379 -9.98932
0.363411 -5.80635 -3.07099 -9.94173
0.363739 -5.80404 -3.06031 -9.8982
0.364129 -5.80219 -3.05204 -9.86087
0.364537 -5.8007 -3.04606 -9.83053
0.364913 -5.79998 -3.04287 -9.81013
0.36521 -5.79986 -3.04187 -9.79893
0.365403 -5.80031 -3.04262 -9.79618
0.365486 -5.80104 -3.0442 -9.79902
0.365471 -5.80174 -3.04576 -9.80447
0.365382 -5.80247 -3.04719 -9.81145
0.365254 -5.8031 -3.04815 -9.81797
0.365116 -5.80324 -3.04795 -9.82107
0.364988 -5.80354 -3.04778 -9.82395
0.364885 -5.80356 -3.04696 -9.82406
0.364812 -5.80332 -3.04565 -9.82179
0.369745 -5.79585 -3.04037 -9.67398
0.369678 -5.79545 -3.03846 -9.66966
0.369625 -5.79512 -3.03657 -9.66504
0.369584 -5.79469 -3.03447 -9.65942
0.369564 -5.79372 -3.03151 -9.6505
0.369573 -5.79312 -3.02932 -9.64332
0.369618 -5.79252 -3.02744 -9.63616
0.369704 -5.79203 -3.02623 -9.63007
0.369825 -5.79176 -3.02595 -9.62603
0.369966 -5.79138 -3.02613 -9.62293
0.370109 -5.79128 -3.02738 -9.62317
0.370237 -5.79139 -3.02951 -9.62661
0.370338 -5.79165 -3.0323 -9.63286
0.370402 -5.79219 -3.03581 -9.64234
0.37043 -5.79303 -3.03991 -9.65464
0.370423 -5.79354 -3.04344 -9.66602
0.370385 -5.79412 -3.04692 -9.67807
0.370322 -5.79472 -3.05018 -9.69005
0.370243 -5.79507 -3.05269 -9.70011
0.370152 -5.7954 -3.05477 -9.70913
0.370055 -5.79554 -3.05615 -9.71602
0.369964 -5.79549 -3.05678 -9.72044
0.369883 -5.79531 -3.0568 -9.72263
0.369819 -5.79515 -3.05654 -9.72351
0.369774 -5.79461 -3.05536 -9.7209
0.369747 -5.79449 -3.05465 -9.71937
0.369735 -5.7944 -3.05376 -9.71684
0.369733 -5.79405 -3.05225 -9.71209
0.36973 -5.79337 -3.04992 -9.70476
0.369718 -5.79297 -3.04777 -9.69823
0.36969 -5.79245 -3.04506 -9.69035
0.369639 -5.79211 -3.04216 -9.68246
0.369562 -5.79151 -3.03829 -9.67215
0.369465 -5.7908 -3.0336 -9.65978
0.369358 -5.78986 -3.02794 -9.64452
0.369256 -5.78903 -3.02192 -9.62801
0.369176 -5.78772 -3.0147 -9.60708
0.369133 -5.78639 -3.00723 -9.58442
0.369128 -5.78507 -2.99976 -9.56072
0.369154 -5.78397 -2.99277 -9.53776
0.369193 -5.78263 -2.98554 -9.5137
0.369232 -5.78146 -2.9788 -9.49125
0.369261 -5.78069 -2.97295 -9.47188
0.369281 -5.77973 -2.96704 -9.45252
0.369309 -5.77856 -2.9611 -9.43288
0.36936 -5.77763 -2.95606 -9.41554
0.369447 -5.77689 -2.95202 -9.40042
0.369586 -5.77619 -2.94891 -9.38702
0.369776 -5.77558 -2.94703 -9.37621
0.370006 -5.77528 -2.94685 -9.3698
0.375238 -5.7675 -2.94351 -9.22867
0.37545 -5.7678 -2.94635 -9.23236
0.375643 -5.76878 -2.95119 -9.24278
0.375805 -5.76995 -2.95706 -9.25717
0.375938 -5.77098 -2.96324 -9.27326
0.376042 -5.7725 -2.97072 -9.29408
0.37612 -5.77414 -2.97871 -9.31715
0.376173 -5.77585 -2.98705 -9.34191
0.3762 -5.77743 -2.99522 -9.36678
0.376197 -5.77929 -3.0038 -9.39372
0.376156 -5.78091 -3.01175 -9.41961
0.376076 -5.78258 -3.01935 -9.44537
0.375961 -5.78404 -3.02606 -9.46928
0.375814 -5.7855 -3.03211 -9.49188
0.375649 -5.78652 -3.03667 -9.51037
0.375476 -5.78741 -3.0403 -9.52611
0.375307 -5.78799 -3.0427 -9.53791
0.375148 -5.78834 -3.04406 -9.54621
0.375009 -5.78837 -3.04436 -9.5507
0.374899 -5.78816 -3.04386 -9.55192
0.374828 -5.78795 -3.04318 -9.55161
0.374803 -5.78776 -3.04258 -9.55036
0.374833 -5.78727 -3.04176 -9.54701
0.37492 -5.78677 -3.04145 -9.54384
0.375062 -5.78667 -3.04257 -9.54373
0.375252 -5.78683 -3.04507 -9.54673
0.375476 -5.78724 -3.04902 -9.55341
0.375724 -5.78822 -3.05501 -9.56588
0.375989 -5.7894 -3.06247 -9.58246
0.376261 -5.79101 -3.07174 -9.60453
0.376516 -5.793 -3.08256 -9.63186
0.376718 -5.79545 -3.09479 -9.66486
0.376831 -5.79773 -3.10692 -9.69982
0.376831 -5.80047 -3.11951 -9.73913
0.37671 -5.80292 -3.13082 -9.77759
0.376482 -5.80529 -3.14078 -9.81463
0.376177 -5.80758 -3.14917 -9.84883
0.375831 -5.80986 -3.15593 -9.87907
0.375478 -5.81097 -3.15915 -9.89842
0.375147 -5.81198 -3.16072 -9.91212
0.374859 -5.81195 -3.15923 -9.91505
0.374624 -5.81153 -3.15599 -9.91108
0.374437 -5.81116 -3.15196 -9.90338
0.374296 -5.81014 -3.14614 -9.8888
0.374198 -5.80912 -3.13982 -9.87153
0.374139 -5.80814 -3.13329 -9.85257
0.374119 -5.80672 -3.12593 -9.82995
0.374136 -5.80551 -3.11905 -9.80786
0.374183 -5.80432 -3.1125 -9.786
0.374252 -5.80293 -3.10597 -9.7637
0.379303 -5.79407 -3.09554 -9.60132
0.379343 -5.79294 -3.09006 -9.58331
0.379386 -5.79189 -3.08512 -9.5669
0.379438 -5.79075 -3.08045 -9.55115
0.379504 -5.79017 -3.07729 -9.53968
0.379593 -5.78963 -3.07484 -9.52986
0.379707 -5.78932 -3.07351 -9.52285
0.379842 -5.7886 -3.07223 -9.51551
0.379986 -5.78828 -3.0724 -9.51244
0.38012 -5.7883 -3.07377 -9.51331
0.380223 -5.7887 -3.07621 -9.51828
0.380273 -5.78894 -3.07857 -9.52433
0.380252 -5.78881 -3.08011 -9.52962
0.380157 -5.78905 -3.08178 -9.53715
0.379998 -5.78902 -3.08226 -9.54264
0.379797 -5.78919 -3.08216 -9.54739
0.379583 -5.78879 -3.08015 -9.54655
0.379388 -5.7881 -3.07681 -9.54108
0.379235 -5.78746 -3.07285 -9.53266
0.37913 -5.78654 -3.06788 -9.51987
0.379069 -5.78534 -3.06207 -9.50336
0.379042 -5.78396 -3.05567 -9.48419
0.379033 -5.78247 -3.04885 -9.46325
0.379034 -5.78098 -3.04187 -9.44154
0.379044 -5.77953 -3.03483 -9.41947
0.37907 -5.77827 -3.02809 -9.3979
0.37912 -5.77691 -3.02129 -9.37554
0.379199 -5.77576 -3.01506 -9.35428
0.379304 -5.77448 -3.00894 -9.33272
0.379422 -5.77346 -3.00361 -9.31326
0.379539 -5.77263 -2.99894 -9.29592
0.379641 -5.77196 -2.9948 -9.28062
0.379724 -5.77188 -2.99186 -9.26947
0.37979 -5.77133 -2.98828 -9.25676
0.379843 -5.77077 -2.98477 -9.24459
0.379893 -5.77033 -2.98154 -9.23337
0.379936 -5.77047 -2.97934 -9.22551
0.379961 -5.77057 -2.97701 -9.2177
0.379952 -5.7707 -2.97454 -9.21027
0.379889 -5.771 -2.97193 -9.20369
0.379762 -5.77059 -2.96751 -9.19308
0.379576 -5.7706 -2.963 -9.18363
0.379351 -5.77014 -2.95687 -9.17008
0.379118 -5.76914 -2.94911 -9.15161
0.378921 -5.76764 -2.94003 -9.12819
0.378792 -5.76607 -2.93071 -9.10236
0.378754 -5.76431 -2.92138 -9.07428
0.378814 -5.76253 -2.91274 -9.04602
0.378955 -5.76048 -2.90469 -9.01764
0.379157 -5.75876 -2.89846 -8.99351
0.384368 -5.74999 -2.88991 -8.84541
0.384575 -5.74951 -2.88815 -8.83525
0.384775 -5.74914 -2.88769 -8.82928
0.384963 -5.74863 -2.88809 -8.82618
0.38514 -5.74845 -2.89003 -8.82807
0.385305 -5.74915 -2.89439 -8.8376
0.385461 -5.74947 -2.89897 -8.84798
0.385613 -5.75028 -2.90514 -8.86332
0.385762 -5.75101 -2.91189 -8.88048
0.3859 -5.75238 -2.9203 -8.90292
0.386013 -5.75351 -2.92868 -8.92587
0.386083 -5.75518 -2.93813 -8.95308
0.386084 -5.75697 -2.94758 -8.98183
0.386005 -5.75849 -2.95606 -9.00952
0.385844 -5.75989 -2.96351 -9.03597
0.385622 -5.76115 -2.96972 -9.06012
0.38537 -5.76212 -2.97437 -9.08025
0.38513 -5.76248 -2.97708 -9.09419
0.384939 -5.76252 -2.97858 -9.10328
0.384819 -5.76246 -2.97956 -9.10911
0.384776 -5.76217 -2.98008 -9.11174
0.384803 -5.76181 -2.98071 -9.11303
0.384883 -5.76123 -2.98135 -9.11306
0.384997 -5.76097 -2.98302 -9.11548
0.385127 -5.76091 -2.98552 -9.12007
0.385262 -5.76097 -2.98872 -9.12663
0.385387 -5.76114 -2.9925 -9.1352
0.385491 -5.76178 -2.99734 -9.14752
0.385559 -5.76252 -3.00241 -9.16136
0.385574 -5.76333 -3.00736 -9.1761
0.385527 -5.76432 -3.01214 -9.19182
0.385418 -5.76516 -3.01588 -9.20585
0.38526 -5.76594 -3.0186 -9.21792
0.385076 -5.76627 -3.01955 -9.22524
0.384889 -5.7667 -3.01967 -9.23007
0.38472 -5.76674 -3.01821 -9.22967
0.384584 -5.76628 -3.01514 -9.22351
0.384486 -5.76556 -3.011 -9.21321
0.384418 -5.76467 -3.00606 -9.19975
0.384367 -5.76368 -3.00052 -9.18399
0.384316 -5.76255 -2.99429 -9.16614
0.384253 -5.76154 -2.98784 -9.1479
0.384173 -5.76078 -2.98135 -9.12992
0.384081 -5.75943 -2.97341 -9.10781
0.383992 -5.75816 -2.96527 -9.08497
0.383926 -5.75671 -2.95662 -9.06001
0.383898 -5.75513 -2.94778 -9.03359
0.383922 -5.75347 -2.93908 -9.00637
0.384005 -5.75187 -2.93101 -8.97969
0.384136 -5.75039 -2.92385 -8.9547
0.389274 -5.74136 -2.91298 -8.80366
0.389407 -5.74021 -2.90765 -8.78455
0.38953 -5.7394 -2.90348 -8.7692
0.389625 -5.73861 -2.89983 -8.75602
0.389686 -5.73818 -2.89718 -8.74664
0.389717 -5.73748 -2.89437 -8.73748
0.389729 -5.73695 -2.8921 -8.73034
0.389735 -5.73645 -2.89014 -8.7243
0.389746 -5.73576 -2.88819 -8.71816
0.389769 -5.73523 -2.88686 -8.71362
0.389814 -5.73471 -2.88602 -8.71011
0.389882 -5.73451 -2.88628 -8.70936
0.389971 -5.73453 -2.88757 -8.71127
0.390085 -5.73438 -2.8893 -8.71396
0.390225 -5.73441 -2.8922 -8.71957
0.390394 -5.73487 -2.89679 -8.72961
0.390589 -5.73534 -2.90242 -8.74222
0.390811 -5.73636 -2.91008 -8.7603
0.391053 -5.73761 -2.91927 -8.78254
0.3913 -5.73907 -2.92993 -8.80903
0.391543 -5.74114 -2.94263 -8.84174
0.391765 -5.74362 -2.95693 -8.87965
0.391952 -5.74608 -2.97187 -8.92028
0.392093 -5.74886 -2.9878 -8.96488
0.392181 -5.75198 -3.0045 -9.01295
0.392214 -5.75527 -3.02142 -9.06294
0.392193 -5.75864 -3.03813 -9.11356
0.392125 -5.76189 -3.05412 -9.1631
0.392012 -5.76504 -3.06916 -9.2109
0.391855 -5.76812 -3.0831 -9.25641
0.391655 -5.77118 -3.09582 -9.29936
0.391409 -5.77387 -3.10651 -9.33733
0.391126 -5.77584 -3.11444 -9.36795
0.390818 -5.77747 -3.1202 -9.39266
0.390501 -5.77879 -3.12382 -9.41117
0.390194 -5.77986 -3.12547 -9.42359
0.389913 -5.7807 -3.12533 -9.42995
0.389667 -5.78054 -3.12228 -9.4267
0.389462 -5.77991 -3.11737 -9.41682
0.389298 -5.77915 -3.1114 -9.40275
0.389171 -5.77836 -3.10468 -9.3855
0.38907 -5.77684 -3.09614 -9.36213
0.388989 -5.77516 -3.0869 -9.33613
0.388922 -5.77366 -3.07758 -9.30955
0.388858 -5.77218 -3.06794 -9.2819
0.388792 -5.77057 -3.05775 -9.25265
0.388721 -5.76895 -3.04724 -9.22253
0.388648 -5.76716 -3.03617 -9.19074
0.388573 -5.76519 -3.02452 -9.15724
0.3885 -5.76302 -3.0123 -9.12196
0.393409 -5.75281 -2.99457 -8.95511
0.393324 -5.75069 -2.98184 -8.91897
0.39327 -5.74781 -2.96775 -8.87807
0.393261 -5.7447 -2.9534 -8.8353
0.393316 -5.74234 -2.94069 -8.79608
0.393451 -5.73967 -2.9282 -8.7557
0.393668 -5.73742 -2.91741 -8.71863
0.393952 -5.73538 -2.9082 -8.68484
0.394271 -5.73363 -2.90074 -8.65556
0.394579 -5.73228 -2.89514 -8.6321
0.394826 -5.73181 -2.89189 -8.617
0.394973 -5.73154 -2.8894 -8.60641
0.394998 -5.73146 -2.8872 -8.5993
0.394909 -5.73141 -2.88465 -8.59362
0.394734 -5.73112 -2.88103 -8.58665
0.394507 -5.73053 -2.87612 -8.57695
0.394273 -5.72958 -2.86988 -8.56343
0.394072 -5.72843 -2.86278 -8.5466
0.393929 -5.72711 -2.85514 -8.52689
0.393859 -5.72523 -2.84663 -8.50296
0.393873 -5.72359 -2.83892 -8.47963
0.393974 -5.72187 -2.83182 -8.45629
0.394155 -5.72029 -2.82597 -8.43494
0.394404 -5.71919 -2.82219 -8.41831
0.394705 -5.71852 -2.82053 -8.40695
0.395041 -5.7184 -2.82126 -8.40198
0.39539 -5.7184 -2.82365 -8.40168
0.395729 -5.71873 -2.8279 -8.40713
0.396036 -5.71992 -2.83473 -8.4209
0.39629 -5.72157 -2.84314 -8.44047
0.396472 -5.72333 -2.85216 -8.46336
0.39657 -5.72569 -2.86228 -8.49126
0.396585 -5.72792 -2.87184 -8.51933
0.396516 -5.73024 -2.88089 -8.54767
0.396362 -5.73247 -2.88873 -8.57424
0.396128 -5.73431 -2.89455 -8.5966
0.395818 -5.73604 -2.89852 -8.61514
0.395433 -5.73744 -2.9 -8.62792
0.394984 -5.73808 -2.89807 -8.63196
0.394495 -5.73809 -2.89291 -8.62728
0.393995 -5.73754 -2.88468 -8.61367
0.393523 -5.73613 -2.87314 -8.58951
0.393124 -5.73371 -2.8585 -8.55442
0.392838 -5.73108 -2.84263 -8.51312
0.3927 -5.72795 -2.82578 -8.46562
0.392728 -5.72479 -2.80943 -8.41603
0.392917 -5.72125 -2.79366 -8.36475
0.39325 -5.71819 -2.78054 -8.31844
0.393696 -5.71573 -2.77069 -8.27959
0.394221 -5.71368 -2.7641 -8.24886
0.399767 -5.70503 -2.75731 -8.11446
0.400303 -5.70463 -2.75847 -8.107
0.400817 -5.70498 -2.76321 -8.11053
0.401277 -5.70627 -2.77158 -8.12575
0.401656 -5.70834 -2.78289 -8.15124
0.401932 -5.71079 -2.79599 -8.18396
0.402096 -5.71358 -2.81027 -8.22241
0.40214 -5.71677 -2.8253 -8.26547
0.402074 -5.71974 -2.83953 -8.30849
0.401911 -5.72331 -2.85392 -8.35399
0.401661 -5.72609 -2.86572 -8.39373
0.401343 -5.7285 -2.87536 -8.42863
0.400972 -5.73033 -2.88221 -8.45654
0.400564 -5.73177 -2.88646 -8.47763
0.400136 -5.73262 -2.88768 -8.49028
0.399705 -5.73265 -2.8855 -8.49303
0.39929 -5.73205 -2.88035 -8.48666
0.398914 -5.73121 -2.87307 -8.47321
0.398595 -5.72933 -2.86262 -8.44917
0.398347 -5.72716 -2.85061 -8.41894
0.398191 -5.72467 -2.83742 -8.38328
0.398132 -5.72209 -2.82386 -8.34444
0.398168 -5.71934 -2.81026 -8.30349
0.398298 -5.71632 -2.79688 -8.26126
0.398516 -5.71369 -2.78521 -8.22232
0.398808 -5.71137 -2.77545 -8.1875
0.399162 -5.70933 -2.76782 -8.15773
0.399565 -5.70841 -2.76391 -8.138
0.400007 -5.70732 -2.7617 -8.12248
0.400476 -5.70762 -2.76386 -8.11933
0.400945 -5.70828 -2.7686 -8.12375
0.401371 -5.70993 -2.77669 -8.13885
0.401708 -5.71177 -2.78635 -8.16029
0.401909 -5.71433 -2.79782 -8.18981
0.401936 -5.71709 -2.80955 -8.22356
0.401792 -5.72027 -2.82122 -8.2607
0.401504 -5.72234 -2.82976 -8.29166
0.401124 -5.72482 -2.83749 -8.32218
0.400714 -5.72639 -2.84211 -8.34427
0.400323 -5.72745 -2.84447 -8.35934
0.399993 -5.728 -2.84484 -8.36732
0.399746 -5.72819 -2.84379 -8.36941
0.39959 -5.72795 -2.84159 -8.3662
0.399521 -5.72748 -2.83889 -8.35969
0.399522 -5.72668 -2.83577 -8.35048
0.399575 -5.72628 -2.83366 -8.34316
0.399659 -5.72563 -2.83153 -8.33514
0.399748 -5.72489 -2.8297 -8.32789
0.399823 -5.7247 -2.82915 -8.32471
0.399866 -5.72431 -2.82847 -8.32181
0.404847 -5.71683 -2.82416 -8.20689
0.404769 -5.71675 -2.82363 -8.20696
0.404664 -5.7165 -2.82245 -8.20565
0.404548 -5.71615 -2.82071 -8.20292
0.404441 -5.71533 -2.81787 -8.19684
0.404361 -5.71444 -2.81467 -8.18915
0.40432 -5.71332 -2.81104 -8.17944
0.404322 -5.71258 -2.80815 -8.17097
0.404374 -5.71162 -2.80517 -8.16124
0.404471 -5.7106 -2.80251 -8.15157
0.404598 -5.70975 -2.80065 -8.1436
0.404738 -5.70923 -2.79986 -8.1385
0.404864 -5.70867 -2.79946 -8.13478
0.404952 -5.70843 -2.79988 -8.13424
0.404984 -5.70834 -2.80061 -8.13573
0.404958 -5.70859 -2.80178 -8.13962
0.404888 -5.70836 -2.80187 -8.1413
0.40479 -5.70851 -2.80228 -8.14446
0.404684 -5.70791 -2.80109 -8.14314
0.404587 -5.70732 -2.79966 -8.14094
0.404506 -5.70653 -2.79771 -8.13689
0.40444 -5.70566 -2.79549 -8.13176
0.404387 -5.70486 -2.79331 -8.12649
0.404346 -5.7042 -2.79136 -8.12165
0.404312 -5.70305 -2.78857 -8.11421
0.40429 -5.70236 -2.78662 -8.10898
0.404289 -5.7012 -2.78405 -8.10152
0.404323 -5.70009 -2.78188 -8.09453
0.404411 -5.69924 -2.78068 -8.08928
0.404568 -5.69848 -2.78042 -8.08538
0.404794 -5.69782 -2.78134 -8.08353
0.405078 -5.69791 -2.78469 -8.08759
0.405392 -5.69791 -2.7891 -8.09412
0.405697 -5.69835 -2.79534 -8.10612
0.405961 -5.6992 -2.80312 -8.12341
0.40616 -5.70057 -2.81235 -8.14618
0.406283 -5.70218 -2.82224 -8.17233
0.406335 -5.70425 -2.83283 -8.20194
0.406318 -5.70616 -2.84281 -8.2312
0.40624 -5.70819 -2.85241 -8.26056
0.406109 -5.71019 -2.86111 -8.28844
0.405929 -5.71185 -2.86822 -8.31273
0.405711 -5.71387 -2.87475 -8.33614
0.405462 -5.71503 -2.87853 -8.35221
0.405198 -5.71599 -2.88061 -8.36368
0.404931 -5.71636 -2.88034 -8.36841
0.404676 -5.71616 -2.87783 -8.36641
0.404451 -5.7156 -2.87358 -8.35871
0.404274 -5.71464 -2.86777 -8.34544
0.404155 -5.71352 -2.86105 -8.32833
0.409069 -5.70446 -2.84873 -8.19287
0.409022 -5.70265 -2.83987 -8.16831
0.409017 -5.70093 -2.83099 -8.14287
0.409036 -5.69935 -2.82226 -8.11739
0.409064 -5.69801 -2.81398 -8.09301
0.409095 -5.69654 -2.80553 -8.06811
0.409129 -5.69537 -2.79778 -8.04515
0.409172 -5.69401 -2.78997 -8.02187
0.409229 -5.69254 -2.78238 -7.99891
0.409309 -5.69134 -2.7758 -7.97844
0.409419 -5.69023 -2.77008 -7.95985
0.409567 -5.6892 -2.76542 -7.9436
0.409758 -5.68864 -2.76265 -7.93196
0.409997 -5.68831 -2.76157 -7.92423
0.410276 -5.68833 -2.7625 -7.92149
0.410574 -5.68874 -2.76557 -7.92454
0.410865 -5.68934 -2.77034 -7.93258
0.41112 -5.69081 -2.77776 -7.94891
0.411305 -5.6926 -2.78658 -7.97054
0.411404 -5.69454 -2.79618 -7.99608
0.411419 -5.69682 -2.80654 -8.02543
0.411363 -5.69899 -2.81664 -8.05541
0.411258 -5.70075 -2.82581 -8.0837
0.411129 -5.70265 -2.83492 -8.11229
0.411006 -5.70404 -2.84288 -8.13751
0.410914 -5.70554 -2.85089 -8.16227
0.410866 -5.70681 -2.8585 -8.185
0.410864 -5.70831 -2.8666 -8.20824
0.410895 -5.70975 -2.87476 -8.231
0.41093 -5.71123 -2.88306 -8.25406
0.410945 -5.71232 -2.89066 -8.27551
0.410921 -5.71406 -2.89908 -8.30009
0.410844 -5.71543 -2.90633 -8.3224
0.410712 -5.71675 -2.91273 -8.34341
0.410534 -5.71769 -2.91749 -8.36067
0.410318 -5.71857 -2.92099 -8.37511
0.410078 -5.71899 -2.92245 -8.38421
0.409828 -5.71907 -2.92201 -8.38806
0.409577 -5.71892 -2.91984 -8.38696
0.409334 -5.71863 -2.91609 -8.38118
0.409108 -5.71759 -2.90983 -8.36779
0.408912 -5.7163 -2.90201 -8.34931
0.408745 -5.7146 -2.89245 -8.32519
0.408608 -5.71254 -2.88142 -8.29622
0.408502 -5.7104 -2.8695 -8.26406
0.408426 -5.70851 -2.85744 -8.23086
0.408378 -5.70643 -2.84463 -8.19492
0.408355 -5.70357 -2.8302 -8.15381
0.408354 -5.70074 -2.8157 -8.11205
0.40837 -5.69852 -2.80221 -8.07287
0.413374 -5.6881 -2.7832 -7.92104
0.413388 -5.68566 -2.76934 -7.88133
0.413426 -5.68317 -2.75563 -7.84161
0.413484 -5.68068 -2.74232 -7.80263
0.413556 -5.67857 -2.73017 -7.7667
0.41363 -5.67654 -2.71869 -7.73266
0.413696 -5.67438 -2.70756 -7.69976
0.413746 -5.67273 -2.69786 -7.67126
0.413788 -5.67089 -2.68844 -7.6437
0.413837 -5.66894 -2.67954 -7.6175
0.413917 -5.66755 -2.6725 -7.59599
0.414056 -5.6655 -2.66549 -7.57356
0.414267 -5.66415 -2.66111 -7.55724
0.41455 -5.66337 -2.65935 -7.54708
0.414893 -5.66269 -2.6596 -7.54156
0.415271 -5.66234 -2.66227 -7.54225
0.415649 -5.66301 -2.66842 -7.55281
0.415993 -5.66418 -2.67693 -7.57062
0.41628 -5.66566 -2.68715 -7.5943
0.416488 -5.66752 -2.69882 -7.62346
0.416608 -5.66973 -2.71142 -7.65685
0.41664 -5.67231 -2.72464 -7.6936
0.416592 -5.67462 -2.73701 -7.7294
0.416483 -5.67694 -2.74871 -7.7645
0.416328 -5.67911 -2.7593 -7.79729
0.416152 -5.6811 -2.76859 -7.82687
0.41597 -5.68286 -2.77644 -7.85249
0.415793 -5.6846 -2.78317 -7.87486
0.41563 -5.68588 -2.78806 -7.8918
0.415475 -5.68679 -2.79124 -7.90375
0.415314 -5.68777 -2.79341 -7.91297
0.415136 -5.6883 -2.79364 -7.917
0.414935 -5.6886 -2.7922 -7.91677
0.414708 -5.68845 -2.78868 -7.9111
0.414469 -5.68812 -2.78357 -7.90118
0.41424 -5.687 -2.77596 -7.88394
0.414041 -5.68597 -2.76756 -7.86384
0.413895 -5.68453 -2.75782 -7.83892
0.413816 -5.6825 -2.7468 -7.80909
0.413809 -5.68076 -2.73629 -7.77936
0.413865 -5.67863 -2.72546 -7.74751
0.41396 -5.67676 -2.71556 -7.71759
0.414063 -5.67528 -2.70688 -7.69101
0.414152 -5.67376 -2.69868 -7.66608
0.414207 -5.67257 -2.69146 -7.64455
0.414213 -5.67158 -2.68485 -7.62567
0.414164 -5.67016 -2.67763 -7.60605
0.414065 -5.66866 -2.67026 -7.58692
0.413935 -5.66707 -2.66266 -7.56772
0.413801 -5.66555 -2.65516 -7.54884
0.418668 -5.65626 -2.64291 -7.42665
0.418586 -5.65433 -2.6349 -7.4056
0.4186 -5.65208 -2.62699 -7.38312
0.418737 -5.64942 -2.61947 -7.35957
0.419003 -5.64769 -2.61504 -7.34247
0.419381 -5.64655 -2.61346 -7.33142
0.419834 -5.64582 -2.61461 -7.32673
0.420311 -5.64563 -2.61863 -7.32967
0.420756 -5.64616 -2.62557 -7.34133
0.421126 -5.64702 -2.63437 -7.35947
0.421388 -5.64874 -2.64541 -7.38572
0.421527 -5.65081 -2.65731 -7.4165
0.421546 -5.65294 -2.66908 -7.44899
0.42146 -5.65545 -2.68085 -7.48336
0.421293 -5.65772 -2.69124 -7.51534
0.421071 -5.65958 -2.69977 -7.54315
0.420826 -5.66113 -2.70654 -7.56647
0.420583 -5.66233 -2.7115 -7.5847
0.420366 -5.66309 -2.71462 -7.59735
0.420186 -5.66365 -2.71647 -7.60578
0.420049 -5.66413 -2.71741 -7.61091
0.419949 -5.66416 -2.71697 -7.61147
0.419881 -5.66395 -2.71563 -7.60897
0.41984 -5.6641 -2.71454 -7.60665
0.419821 -5.6638 -2.71247 -7.60121
0.419826 -5.66358 -2.71047 -7.5955
0.419852 -5.66336 -2.70848 -7.58947
0.419899 -5.66312 -2.70664 -7.58344
0.419968 -5.66298 -2.70525 -7.57832
0.420048 -5.66297 -2.70442 -7.57455
0.420139 -5.66338 -2.70475 -7.57382
0.42025 -5.66366 -2.70541 -7.57367
0.420389 -5.66407 -2.70698 -7.57555
0.420565 -5.66452 -2.70946 -7.57933
0.420777 -5.66528 -2.71347 -7.58671
0.421013 -5.66649 -2.71925 -7.5986
0.42125 -5.66791 -2.72638 -7.61426
0.421455 -5.66968 -2.73489 -7.63432
0.421592 -5.67209 -2.74498 -7.65999
0.421642 -5.67437 -2.75495 -7.6869
0.421588 -5.67696 -2.7651 -7.71621
0.421432 -5.67921 -2.77399 -7.7439
0.421188 -5.68157 -2.78204 -7.77085
0.42088 -5.68324 -2.78769 -7.79235
0.420538 -5.68443 -2.79123 -7.80857
0.420192 -5.68508 -2.79257 -7.81874
0.419864 -5.68542 -2.79217 -7.82373
0.419568 -5.68503 -2.78944 -7.82162
0.419321 -5.6842 -2.78512 -7.8141
0.41914 -5.68342 -2.78026 -7.80383
0.424016 -5.67459 -2.76974 -7.6849
0.423971 -5.67294 -2.76274 -7.66628
0.424014 -5.67152 -2.75626 -7.64754
0.42412 -5.66991 -2.74975 -7.62756
0.42426 -5.66859 -2.74411 -7.60939
0.424403 -5.66754 -2.73923 -7.59332
0.424522 -5.66694 -2.73529 -7.58026
0.4246 -5.66626 -2.73123 -7.56763
0.424623 -5.66565 -2.72705 -7.55564
0.424592 -5.66488 -2.7222 -7.54275
0.424511 -5.66464 -2.71765 -7.53157
0.424387 -5.6639 -2.71157 -7.51692
0.424236 -5.66306 -2.70455 -7.50012
0.42408 -5.66193 -2.69632 -7.48005
0.423934 -5.66069 -2.68724 -7.45743
0.42381 -5.65897 -2.67686 -7.43081
0.423717 -5.65724 -2.6661 -7.40255
0.423656 -5.65536 -2.65487 -7.37244
0.423621 -5.65315 -2.64305 -7.34021
0.423603 -5.65107 -2.63146 -7.30834
0.423588 -5.64912 -2.62019 -7.27729
0.423568 -5.64703 -2.60876 -7.2459
0.423539 -5.64477 -2.5972 -7.21427
0.423507 -5.64245 -2.58571 -7.18292
0.423481 -5.6405 -2.57512 -7.15395
0.423468 -5.63839 -2.56467 -7.12511
0.423484 -5.63588 -2.55411 -7.09551
0.423539 -5.63349 -2.54452 -7.06796
0.423645 -5.63124 -2.5362 -7.04307
0.423824 -5.62958 -2.53024 -7.02356
0.424095 -5.628 -2.52617 -7.00778
0.424468 -5.62656 -2.52448 -6.99694
0.424937 -5.62568 -2.5262 -6.99398
0.425473 -5.62547 -2.53168 -7.00033
0.426025 -5.62641 -2.54166 -7.01882
0.426531 -5.6279 -2.55482 -7.04676
0.426942 -5.63 -2.57075 -7.0839
0.427221 -5.63286 -2.58914 -7.12992
0.427357 -5.63652 -2.60943 -7.1835
0.427366 -5.6398 -2.62909 -7.23747
0.42728 -5.64343 -2.64899 -7.29371
0.427135 -5.64666 -2.66759 -7.34743
0.426965 -5.64967 -2.68506 -7.39848
0.426787 -5.65244 -2.70126 -7.44621
0.426609 -5.65529 -2.71663 -7.49173
0.426424 -5.65772 -2.73024 -7.53254
0.426219 -5.65997 -2.74235 -7.56957
0.425992 -5.6619 -2.75261 -7.60193
0.425747 -5.66346 -2.76088 -7.62917
0.425495 -5.66466 -2.76715 -7.65104
0.430246 -5.65786 -2.76699 -7.5661
0.430031 -5.65819 -2.76923 -7.576
0.429905 -5.65847 -2.77061 -7.582
0.429888 -5.65807 -2.77048 -7.58194
0.429975 -5.65805 -2.77099 -7.5818
0.430137 -5.658 -2.7717 -7.5809
0.430325 -5.65823 -2.77314 -7.58153
0.43049 -5.65872 -2.77516 -7.58414
0.430599 -5.65956 -2.77766 -7.58903
0.430628 -5.66066 -2.78017 -7.59538
0.430572 -5.66159 -2.78167 -7.60048
0.430431 -5.66258 -2.78225 -7.60454
0.430211 -5.66304 -2.78064 -7.60402
0.429932 -5.66329 -2.77721 -7.59959
0.429616 -5.66322 -2.77173 -7.59016
0.429286 -5.66255 -2.76368 -7.57396
0.42896 -5.66142 -2.75341 -7.55153
0.428662 -5.66008 -2.74152 -7.52414
0.428411 -5.65824 -2.72772 -7.49067
0.428221 -5.65574 -2.71206 -7.45096
0.428095 -5.65299 -2.69552 -7.40771
0.42803 -5.64989 -2.6782 -7.36122
0.428017 -5.64688 -2.66109 -7.31443
0.428035 -5.64387 -2.6442 -7.26767
0.42807 -5.64081 -2.62754 -7.22129
0.42811 -5.63793 -2.61158 -7.17677
0.428155 -5.6355 -2.59687 -7.13559
0.428221 -5.63313 -2.58293 -7.0962
0.428325 -5.63031 -2.56909 -7.05646
0.428482 -5.62787 -2.557 -7.0207
0.428702 -5.62553 -2.54646 -6.98815
0.428996 -5.62327 -2.53769 -6.95932
0.429353 -5.6221 -2.53257 -6.9395
0.429751 -5.62132 -2.53 -6.92603
0.430166 -5.62141 -2.53075 -6.92142
0.43056 -5.62162 -2.53341 -6.92234
0.430897 -5.62225 -2.53811 -6.92975
0.431147 -5.62373 -2.54521 -6.94511
0.431292 -5.62558 -2.5534 -6.96512
0.431321 -5.6276 -2.5619 -6.98783
0.43124 -5.62953 -2.56983 -7.01078
0.431068 -5.63119 -2.57657 -7.03197
0.430836 -5.63259 -2.58195 -7.05045
0.430577 -5.63377 -2.58597 -7.06567
0.430325 -5.63489 -2.58899 -7.07807
0.430101 -5.6354 -2.59017 -7.08498
0.429914 -5.6353 -2.5897 -7.08677
0.429764 -5.63478 -2.58801 -7.08462
0.429663 -5.6346 -2.58665 -7.08255
0.429638 -5.6342 -2.58494 -7.07829
0.434694 -5.62644 -2.57951 -6.98126
0.434852 -5.62601 -2.5787 -6.97653
0.435114 -5.62588 -2.57939 -6.9742
0.435416 -5.62605 -2.5816 -6.97533
0.435675 -5.62682 -2.58552 -6.98178
0.435821 -5.62773 -2.58987 -6.99121
0.435812 -5.62907 -2.59454 -7.00394
0.435653 -5.63013 -2.59782 -7.01537
0.43538 -5.63117 -2.59984 -7.02521
0.435049 -5.63212 -2.60037 -7.03198
0.434718 -5.63222 -2.59824 -7.03159
0.434445 -5.6315 -2.59383 -7.02406
0.434277 -5.63072 -2.58887 -7.01335
0.434233 -5.62977 -2.58373 -7.00011
0.434313 -5.62859 -2.57876 -6.98536
0.434498 -5.62748 -2.57486 -6.97185
0.434751 -5.62693 -2.57313 -6.96309
0.435026 -5.62658 -2.573 -6.95835
0.435283 -5.62674 -2.57496 -6.95953
0.435492 -5.62728 -2.57863 -6.96609
0.435638 -5.62829 -2.58392 -6.97806
0.435722 -5.62932 -2.58991 -6.9929
0.435756 -5.63067 -2.59692 -7.01127
0.435763 -5.63184 -2.60404 -7.03037
0.435765 -5.63281 -2.6112 -7.04969
0.435779 -5.63405 -2.61922 -7.0711
0.435817 -5.63518 -2.62751 -7.09285
0.435881 -5.63636 -2.63638 -7.11576
0.435978 -5.6376 -2.64593 -7.13993
0.436105 -5.63902 -2.65638 -7.16607
0.436252 -5.64049 -2.66749 -7.19361
0.436404 -5.64261 -2.68024 -7.22547
0.43654 -5.64468 -2.69326 -7.25831
0.436638 -5.6469 -2.70668 -7.29283
0.436673 -5.64929 -2.72019 -7.32866
0.436625 -5.65198 -2.73364 -7.3657
0.436487 -5.65399 -2.745 -7.39864
0.43626 -5.6563 -2.75556 -7.43099
0.435962 -5.6584 -2.76423 -7.45945
0.435617 -5.65926 -2.76909 -7.47847
0.43525 -5.66009 -2.77214 -7.49304
0.434884 -5.66052 -2.77279 -7.5011
0.434536 -5.66012 -2.77039 -7.5006
0.434222 -5.6594 -2.76596 -7.49405
0.433952 -5.65834 -2.75966 -7.48163
0.433733 -5.65675 -2.75136 -7.46289
0.433569 -5.65501 -2.74196 -7.44018
0.433459 -5.65307 -2.73155 -7.41383
0.433396 -5.6507 -2.71995 -7.38342
0.433367 -5.6479 -2.70726 -7.34945
0.438321 -5.63788 -2.69029 -7.22085
0.438264 -5.63565 -2.67758 -7.18766
0.438208 -5.63316 -2.66401 -7.15216
0.438154 -5.6304 -2.64963 -7.11441
0.438107 -5.62784 -2.63532 -7.07677
0.438077 -5.62468 -2.61989 -7.0358
0.438071 -5.62176 -2.6049 -6.99564
0.438093 -5.61897 -2.59036 -6.95626
0.438154 -5.61613 -2.57616 -6.91716
0.438258 -5.61345 -2.5629 -6.87991
0.438411 -5.61114 -2.55114 -6.84593
0.438617 -5.60876 -2.54036 -6.81382
0.438871 -5.60664 -2.53135 -6.78571
0.439168 -5.60478 -2.52421 -6.76201
0.439496 -5.60338 -2.51941 -6.74412
0.439836 -5.60295 -2.51778 -6.73455
0.440169 -5.60265 -2.51783 -6.72959
0.440474 -5.60311 -2.52046 -6.73196
0.440721 -5.60379 -2.52445 -6.73884
0.440892 -5.60483 -2.52972 -6.75026
0.440982 -5.60626 -2.53601 -6.76566
0.440991 -5.60767 -2.54225 -6.78219
0.440925 -5.60869 -2.54756 -6.79738
0.440799 -5.61055 -2.55381 -6.81598
0.440633 -5.61194 -2.5586 -6.83136
0.440446 -5.61282 -2.56181 -6.84282
0.440257 -5.61352 -2.56402 -6.85165
0.440085 -5.61364 -2.56457 -6.85583
0.439941 -5.61405 -2.56506 -6.85935
0.439833 -5.61362 -2.56368 -6.85737
0.439766 -5.6135 -2.56255 -6.85538
0.43975 -5.61323 -2.56108 -6.85169
0.439797 -5.61291 -2.55964 -6.8471
0.439911 -5.61247 -2.55836 -6.84192
0.44009 -5.61242 -2.55835 -6.8391
0.440317 -5.61265 -2.55951 -6.83869
0.440559 -5.61303 -2.56165 -6.84064
0.440769 -5.61363 -2.56465 -6.8454
0.440907 -5.61462 -2.56851 -6.85354
0.440948 -5.61592 -2.57266 -6.86397
0.440879 -5.6174 -2.57651 -6.87532
0.440707 -5.61861 -2.57892 -6.88444
0.440456 -5.6194 -2.57939 -6.88962
0.440153 -5.62015 -2.57849 -6.89196
0.439832 -5.62025 -2.57515 -6.88807
0.439524 -5.61992 -2.56991 -6.87887
0.439268 -5.61903 -2.56284 -6.86394
0.43909 -5.61792 -2.5549 -6.84543
0.439013 -5.6166 -2.54654 -6.82424
0.439052 -5.61519 -2.53846 -6.80199
0.444181 -5.6063 -2.52688 -6.69278
0.444394 -5.60465 -2.52014 -6.67172
0.444683 -5.6034 -2.5154 -6.65484
0.445025 -5.60294 -2.5135 -6.64471
0.445387 -5.60309 -2.51415 -6.64103
0.445731 -5.60373 -2.51702 -6.64347
0.446026 -5.60476 -2.52169 -6.65139
0.446239 -5.60644 -2.52823 -6.66547
0.446348 -5.60827 -2.53538 -6.68269
0.446334 -5.61072 -2.54342 -6.70407
0.446191 -5.61273 -2.55006 -6.72374
0.445914 -5.61438 -2.55491 -6.74071
0.445508 -5.61602 -2.55814 -6.75538
0.444989 -5.61664 -2.55762 -6.76188
0.444387 -5.61666 -2.55387 -6.76111
0.443748 -5.61544 -2.54574 -6.7493
0.443125 -5.61376 -2.53477 -6.72965
0.442581 -5.61134 -2.52088 -6.70101
0.442182 -5.60779 -2.50413 -6.66249
0.441991 -5.60365 -2.48631 -6.61795
0.442048 -5.59927 -2.46898 -6.57097
0.442365 -5.59522 -2.4541 -6.52669
0.442917 -5.59137 -2.44226 -6.4871
0.443642 -5.58815 -2.43471 -6.45648
0.444451 -5.58606 -2.43247 -6.4388
0.445248 -5.58508 -2.4353 -6.43476
0.445955 -5.58535 -2.44301 -6.44489
0.446528 -5.58677 -2.45485 -6.46781
0.446952 -5.58913 -2.46987 -6.5012
0.447235 -5.59194 -2.4867 -6.54135
0.447403 -5.59513 -2.50479 -6.5865
0.447471 -5.59887 -2.52405 -6.63612
0.447454 -5.60277 -2.54346 -6.6874
0.447374 -5.60641 -2.56206 -6.73751
0.447252 -5.61001 -2.58003 -6.78664
0.447112 -5.61323 -2.59677 -6.83279
0.446976 -5.61634 -2.6127 -6.8768
0.446853 -5.61917 -2.62759 -6.9179
0.446743 -5.62206 -2.64204 -6.95766
0.446652 -5.62438 -2.65504 -6.99331
0.446579 -5.62661 -2.66739 -7.027
0.446524 -5.62894 -2.67948 -7.0597
0.446481 -5.631 -2.69065 -7.08983
0.446428 -5.63316 -2.70145 -7.11913
0.446337 -5.63533 -2.71147 -7.147
0.446183 -5.6373 -2.7201 -7.1722
0.445955 -5.63931 -2.7274 -7.19513
0.445653 -5.64097 -2.73246 -7.21337
0.445293 -5.64186 -2.73437 -7.22423
0.444903 -5.64196 -2.73304 -7.22705
0.449488 -5.63417 -2.72478 -7.13173
0.44909 -5.63379 -2.71877 -7.1223
0.448758 -5.63257 -2.70981 -7.10406
0.448521 -5.63077 -2.69876 -7.07886
0.448395 -5.62869 -2.6866 -7.04893
0.448366 -5.62596 -2.67302 -7.01376
0.448402 -5.62343 -2.65972 -6.97831
0.448466 -5.62123 -2.64697 -6.94387
0.448521 -5.61887 -2.63394 -6.90882
0.448551 -5.6166 -2.62092 -6.87422
0.448554 -5.61417 -2.60743 -6.8388
0.44853 -5.61193 -2.594 -6.80393
0.44848 -5.60969 -2.58021 -6.7685
0.448405 -5.60732 -2.56575 -6.7317
0.448297 -5.60491 -2.55066 -6.69373
0.448157 -5.60217 -2.53436 -6.65303
0.447993 -5.59947 -2.51742 -6.61098
0.447818 -5.59654 -2.4994 -6.56623
0.44766 -5.59345 -2.4806 -6.51914
0.447556 -5.59015 -2.4612 -6.46964
0.447544 -5.58653 -2.44147 -6.41797
0.447656 -5.58251 -2.42181 -6.36468
0.447895 -5.57901 -2.40422 -6.31508
0.448238 -5.57621 -2.38939 -6.27132
0.448635 -5.57348 -2.37638 -6.23166
0.44901 -5.57146 -2.36612 -6.19957
0.449295 -5.57016 -2.35822 -6.17495
0.449441 -5.56903 -2.35121 -6.15459
0.44944 -5.5682 -2.34483 -6.13791
0.449313 -5.56714 -2.33776 -6.12114
0.449111 -5.56581 -2.32978 -6.10298
0.448897 -5.56442 -2.32129 -6.08364
0.44873 -5.56288 -2.31242 -6.06264
0.448663 -5.56106 -2.30332 -6.0397
0.448731 -5.55895 -2.29449 -6.01565
0.448935 -5.55679 -2.2868 -5.99274
0.449241 -5.55534 -2.28178 -5.97552
0.449585 -5.5543 -2.27895 -5.96354
0.449883 -5.55347 -2.27764 -5.95616
0.450059 -5.55304 -2.27765 -5.95386
0.450066 -5.55321 -2.27862 -5.95631
0.449897 -5.55347 -2.27914 -5.95989
0.449594 -5.55336 -2.27802 -5.96099
0.449241 -5.5528 -2.27515 -5.95817
0.448936 -5.55139 -2.27018 -5.94917
0.448773 -5.55007 -2.26539 -5.93877
0.448813 -5.54832 -2.26068 -5.9259
0.449059 -5.54636 -2.25713 -5.91336
0.449463 -5.54513 -2.25682 -5.90725
0.449946 -5.54406 -2.25891 -5.90636
0.455413 -5.53668 -2.26064 -5.83991
0.455807 -5.53745 -2.26919 -5.85694
0.456117 -5.53882 -2.27984 -5.88044
0.45633 -5.54075 -2.29213 -5.90936
0.45644 -5.54307 -2.30533 -5.94198
0.456449 -5.54569 -2.31889 -5.9768
0.456374 -5.54787 -2.33122 -6.00958
0.456244 -5.55015 -2.34306 -6.04182
0.456096 -5.55228 -2.35388 -6.07167
0.455972 -5.55382 -2.36304 -6.09697
0.455902 -5.55503 -2.37113 -6.11878
0.455901 -5.5562 -2.37889 -6.13883
0.455964 -5.55757 -2.38686 -6.15855
0.456065 -5.55899 -2.39488 -6.17786
0.456168 -5.56067 -2.40318 -6.19789
0.45623 -5.56229 -2.41106 -6.21734
0.45622 -5.56405 -2.41852 -6.23673
0.456123 -5.56608 -2.4255 -6.25605
0.455938 -5.56811 -2.43127 -6.27347
0.455679 -5.56965 -2.43479 -6.28613
0.455369 -5.57082 -2.43617 -6.29397
0.455032 -5.57126 -2.43477 -6.29501
0.454691 -5.57129 -2.43121 -6.29052
0.454366 -5.57058 -2.42507 -6.27914
0.454074 -5.56958 -2.41734 -6.26313
0.453827 -5.56827 -2.40817 -6.24279
0.453631 -5.56631 -2.3973 -6.21728
0.453498 -5.5645 -2.38634 -6.19066
0.453432 -5.56211 -2.37436 -6.16049
0.453439 -5.55979 -2.36279 -6.13039
0.453523 -5.55677 -2.35066 -6.09777
0.45368 -5.55443 -2.34062 -6.06963
0.453893 -5.553 -2.33322 -6.0476
0.454142 -5.55111 -2.32629 -6.02634
0.454405 -5.54996 -2.32188 -6.01142
0.454666 -5.54909 -2.31918 -6.001
0.45491 -5.5484 -2.31794 -5.99457
0.455126 -5.54825 -2.31861 -5.99346
0.455308 -5.54844 -2.32069 -5.99644
0.455445 -5.54917 -2.32431 -6.00397
0.455533 -5.55 -2.32849 -6.01363
0.455577 -5.55086 -2.33299 -6.02465
0.455581 -5.55131 -2.33689 -6.03466
0.455551 -5.55232 -2.34171 -6.04751
0.455494 -5.55345 -2.34664 -6.06102
0.455419 -5.55421 -2.35083 -6.07283
0.455348 -5.5551 -2.35519 -6.08504
0.455302 -5.55588 -2.35945 -6.09668
0.455302 -5.5564 -2.36359 -6.10737
0.455377 -5.55664 -2.36789 -6.11746
0.460526 -5.54985 -2.36959 -6.05343
0.460745 -5.5508 -2.377 -6.06944
0.461026 -5.55215 -2.38623 -6.08931
0.461286 -5.55388 -2.39705 -6.11346
0.461426 -5.55551 -2.40796 -6.13943
0.461377 -5.55772 -2.41934 -6.1691
0.461129 -5.55948 -2.42868 -6.19625
0.46073 -5.56117 -2.43618 -6.22076
0.460261 -5.56251 -2.4412 -6.23992
0.459804 -5.56291 -2.44293 -6.25056
0.459433 -5.56258 -2.44214 -6.25358
0.459197 -5.56141 -2.43918 -6.24922
0.459127 -5.56055 -2.43665 -6.24369
0.459233 -5.55917 -2.43381 -6.23497
0.459502 -5.55788 -2.43225 -6.22733
0.459901 -5.55712 -2.43318 -6.22432
0.460378 -5.55675 -2.43653 -6.22643
0.460863 -5.55715 -2.44291 -6.23614
0.461283 -5.5587 -2.4526 -6.25518
0.461578 -5.56081 -2.46407 -6.28044
0.461711 -5.5631 -2.47605 -6.30912
0.46168 -5.56591 -2.48849 -6.34125
0.461507 -5.56847 -2.49961 -6.372
0.461234 -5.57066 -2.50889 -6.39943
0.460909 -5.57257 -2.51633 -6.42293
0.460577 -5.57378 -2.52124 -6.4401
0.460267 -5.57456 -2.52416 -6.4519
0.459994 -5.57481 -2.52501 -6.45792
0.459766 -5.57485 -2.52455 -6.45994
0.459592 -5.57461 -2.52282 -6.45795
0.459484 -5.5737 -2.51943 -6.45079
0.459456 -5.57249 -2.51526 -6.4405
0.459513 -5.5714 -2.51134 -6.42968
0.459647 -5.57059 -2.50818 -6.41971
0.459838 -5.56987 -2.50562 -6.4105
0.460047 -5.56936 -2.50385 -6.40305
0.460238 -5.56931 -2.50312 -6.39854
0.460377 -5.56978 -2.50335 -6.39719
0.460453 -5.57024 -2.50334 -6.39611
0.460468 -5.57092 -2.50331 -6.39581
0.460425 -5.57195 -2.50323 -6.39623
0.460336 -5.57267 -2.50188 -6.394
0.46021 -5.57281 -2.4987 -6.38763
0.460057 -5.57256 -2.49395 -6.3776
0.459891 -5.57295 -2.48938 -6.36823
0.459716 -5.57296 -2.48331 -6.35509
0.45954 -5.57253 -2.47571 -6.33808
0.459366 -5.57209 -2.46738 -6.31914
0.459192 -5.57144 -2.45806 -6.29766
0.459018 -5.5701 -2.44701 -6.27173
0.463826 -5.56089 -2.43047 -6.16476
0.463643 -5.55914 -2.41768 -6.13475
0.463513 -5.55709 -2.40426 -6.10241
0.463455 -5.55483 -2.39077 -6.06891
0.463484 -5.55234 -2.37751 -6.03487
0.4636 -5.54995 -2.36541 -6.00266
0.463784 -5.54771 -2.3548 -5.97337
0.464003 -5.54602 -2.34642 -5.94929
0.464229 -5.54453 -2.33965 -5.92925
0.464436 -5.54336 -2.33459 -5.91379
0.464618 -5.54278 -2.33158 -5.90384
0.464769 -5.54212 -2.32929 -5.89614
0.464881 -5.54155 -2.32785 -5.89106
0.464954 -5.54134 -2.32751 -5.88928
0.464987 -5.54149 -2.32808 -5.89031
0.464986 -5.54103 -2.32782 -5.88965
0.464964 -5.541 -2.32834 -5.89125
0.464928 -5.54107 -2.32909 -5.89361
0.464885 -5.54099 -2.32956 -5.89536
0.464836 -5.54076 -2.32977 -5.89652
0.464775 -5.54076 -2.3303 -5.89862
0.464709 -5.54018 -2.32978 -5.89815
0.464661 -5.53955 -2.32924 -5.89739
0.464652 -5.539 -2.32907 -5.89706
0.464702 -5.53826 -2.32907 -5.89643
0.46483 -5.53803 -2.33074 -5.89902
0.465044 -5.53779 -2.33346 -5.90321
0.465332 -5.53781 -2.33795 -5.91089
0.465679 -5.53842 -2.34488 -5.924
0.466059 -5.53972 -2.35447 -5.94339
0.46644 -5.54127 -2.36586 -5.96725
0.466778 -5.5432 -2.37895 -5.99593
0.467029 -5.5457 -2.39367 -6.02978
0.467159 -5.54904 -2.40987 -6.06889
0.467153 -5.55231 -2.42544 -6.10819
0.467019 -5.55513 -2.43923 -6.14467
0.466776 -5.55828 -2.45211 -6.18033
0.466453 -5.56072 -2.46205 -6.2097
0.466088 -5.56273 -2.46939 -6.23308
0.465711 -5.56459 -2.47455 -6.25116
0.465353 -5.56546 -2.47623 -6.26021
0.465038 -5.56583 -2.47542 -6.26242
0.464779 -5.56566 -2.4723 -6.258
0.464574 -5.56545 -2.46795 -6.24976
0.464408 -5.56478 -2.46182 -6.23644
0.46426 -5.56389 -2.45445 -6.21975
0.464128 -5.56288 -2.44612 -6.20042
0.464022 -5.56177 -2.43712 -6.17901
0.46397 -5.56017 -2.42707 -6.15423
0.464004 -5.55867 -2.41744 -6.12937
0.469113 -5.54987 -2.40438 -6.02986
0.469306 -5.54864 -2.39657 -6.00779
0.469575 -5.54797 -2.39085 -5.99002
0.469868 -5.54719 -2.3861 -5.9744
0.470124 -5.54717 -2.38363 -5.96496
0.470289 -5.54721 -2.38188 -5.95849
0.470329 -5.54775 -2.38111 -5.95605
0.470236 -5.54837 -2.38016 -5.95485
0.470033 -5.54911 -2.37877 -5.95395
0.469759 -5.5495 -2.37597 -5.95042
0.469451 -5.54944 -2.37152 -5.94316
0.469145 -5.5486 -2.36492 -5.93049
0.468873 -5.54763 -2.35748 -5.91526
0.468656 -5.5459 -2.34832 -5.89501
0.468501 -5.54416 -2.33896 -5.87345
0.468404 -5.54227 -2.32933 -5.85047
0.468363 -5.53999 -2.31921 -5.82557
0.468377 -5.53768 -2.3094 -5.80075
0.468445 -5.53534 -2.30005 -5.77643
0.468566 -5.53287 -2.29118 -5.75266
0.468732 -5.53078 -2.28374 -5.73195
0.468925 -5.5288 -2.27733 -5.71353
0.469116 -5.52715 -2.27226 -5.69849
0.469284 -5.5257 -2.26819 -5.68623
0.469417 -5.52491 -2.26577 -5.67856
0.469516 -5.52379 -2.26323 -5.67099
0.469607 -5.52341 -2.26238 -5.66778
0.469726 -5.52288 -2.26193 -5.6652
0.469903 -5.52271 -2.26292 -5.66555
0.470155 -5.52222 -2.26451 -5.6665
0.470468 -5.52224 -2.26826 -5.67209
0.470797 -5.52289 -2.27429 -5.68319
0.47108 -5.52428 -2.28249 -5.70028
0.471253 -5.5259 -2.29146 -5.72056
0.471273 -5.52778 -2.30059 -5.74312
0.471123 -5.52906 -2.30781 -5.76298
0.470831 -5.53039 -2.31374 -5.78138
0.470451 -5.53156 -2.31778 -5.79614
0.470047 -5.53221 -2.31933 -5.80502
0.469682 -5.53262 -2.31911 -5.80897
0.469404 -5.53188 -2.31601 -5.80465
0.469237 -5.53087 -2.31194 -5.7965
0.469185 -5.52986 -2.30786 -5.78689
0.469239 -5.52869 -2.30383 -5.77615
0.469386 -5.52752 -2.30052 -5.76603
0.46961 -5.52659 -2.29861 -5.75849
0.469897 -5.52633 -2.29903 -5.75604
0.47023 -5.52598 -2.30069 -5.75611
0.470579 -5.52661 -2.30536 -5.76351
0.470908 -5.52735 -2.31143 -5.77464
0.476164 -5.52093 -2.31462 -5.7188
0.476302 -5.52265 -2.32343 -5.73889
0.476323 -5.52451 -2.33231 -5.76056
0.476219 -5.52647 -2.34066 -5.78245
0.475992 -5.52833 -2.34768 -5.80257
0.47566 -5.52981 -2.35256 -5.81868
0.475258 -5.53042 -2.35426 -5.82782
0.474829 -5.53067 -2.3536 -5.83144
0.474422 -5.53033 -2.35032 -5.82832
0.474074 -5.52959 -2.345 -5.8194
0.47381 -5.52872 -2.33845 -5.80636
0.473645 -5.5271 -2.32996 -5.78731
0.473572 -5.52506 -2.32045 -5.76456
0.47357 -5.52259 -2.31012 -5.73893
0.473606 -5.5207 -2.30078 -5.71531
0.473644 -5.51846 -2.29091 -5.69033
0.473665 -5.51645 -2.28144 -5.66656
0.473671 -5.51412 -2.2715 -5.64179
0.473692 -5.51215 -2.26237 -5.61886
0.473768 -5.51035 -2.25409 -5.59742
0.473933 -5.50879 -2.2472 -5.57836
0.474197 -5.50703 -2.24133 -5.56068
0.474546 -5.50585 -2.23808 -5.54853
0.474952 -5.50571 -2.23842 -5.54464
0.475377 -5.5056 -2.24062 -5.54513
0.475797 -5.50611 -2.24561 -5.55256
0.4762 -5.50782 -2.25423 -5.56917
0.47658 -5.50934 -2.26398 -5.5888
0.476921 -5.51149 -2.27597 -5.61438
0.477196 -5.51445 -2.29015 -5.64609
0.477361 -5.51776 -2.30512 -5.68103
0.47737 -5.52139 -2.32016 -5.71799
0.477194 -5.525 -2.33389 -5.75394
0.476842 -5.52866 -2.34577 -5.78752
0.47635 -5.53158 -2.35399 -5.8138
0.475772 -5.53362 -2.35809 -5.83098
0.475175 -5.53435 -2.35737 -5.83653
0.474619 -5.5347 -2.35365 -5.83416
0.474161 -5.53413 -2.34654 -5.82216
0.47384 -5.53265 -2.33665 -5.80154
0.47368 -5.53108 -2.32606 -5.7772
0.473684 -5.52894 -2.31461 -5.74871
0.473826 -5.52726 -2.3046 -5.72214
0.474067 -5.52517 -2.29496 -5.6953
0.474362 -5.52317 -2.28673 -5.67134
0.474666 -5.52218 -2.28152 -5.65481
0.474946 -5.52185 -2.27871 -5.64451
0.475189 -5.52167 -2.27736 -5.63827
0.475387 -5.52193 -2.27778 -5.63698
0.475536 -5.52255 -2.27975 -5.64009
0.480618 -5.51588 -2.27845 -5.57726
0.480635 -5.51677 -2.2819 -5.58551
0.48063 -5.51766 -2.28573 -5.59493
0.480625 -5.51877 -2.29031 -5.60619
0.480642 -5.51944 -2.2946 -5.6165
0.480694 -5.52006 -2.29935 -5.62753
0.480771 -5.52112 -2.30541 -5.64146
0.480851 -5.5225 -2.3125 -5.65786
0.480908 -5.52373 -2.31959 -5.67453
0.480909 -5.52521 -2.32707 -5.69282
0.480833 -5.5265 -2.33383 -5.71026
0.480679 -5.52799 -2.34015 -5.72757
0.480457 -5.52931 -2.34519 -5.74254
0.4802 -5.52988 -2.34781 -5.75205
0.479949 -5.53033 -2.34913 -5.75828
0.47974 -5.52987 -2.34798 -5.75796
0.479597 -5.5294 -2.34611 -5.7551
0.479517 -5.52876 -2.34343 -5.74949
0.479476 -5.52811 -2.34033 -5.74237
0.479445 -5.5271 -2.3362 -5.73261
0.479403 -5.52651 -2.33232 -5.72359
0.479337 -5.52524 -2.32672 -5.71065
0.479246 -5.52401 -2.32057 -5.69663
0.479134 -5.52275 -2.31375 -5.68119
0.479006 -5.52143 -2.30618 -5.66412
0.47887 -5.52038 -2.2984 -5.64663
0.47873 -5.51863 -2.28882 -5.62475
0.478587 -5.51665 -2.27827 -5.60047
0.478456 -5.51487 -2.26756 -5.57567
0.47835 -5.51274 -2.2559 -5.54824
0.47828 -5.51066 -2.24416 -5.52016
0.478254 -5.50789 -2.23128 -5.48878
0.478276 -5.50552 -2.21931 -5.4591
0.478351 -5.50323 -2.20798 -5.43037
0.478481 -5.50079 -2.1971 -5.40214
0.478669 -5.49849 -2.18738 -5.37614
0.478909 -5.49714 -2.18038 -5.35624
0.479178 -5.49537 -2.17386 -5.33723
0.479445 -5.49403 -2.16919 -5.3228
0.479673 -5.49317 -2.16628 -5.31312
0.479834 -5.49252 -2.16438 -5.30668
0.479915 -5.49214 -2.16331 -5.30318
0.479928 -5.4921 -2.16295 -5.30215
0.479906 -5.49188 -2.16235 -5.30092
0.479893 -5.49164 -2.16187 -5.29988
0.479928 -5.49147 -2.16184 -5.29942
0.480033 -5.49119 -2.16219 -5.29913
0.480211 -5.49084 -2.16322 -5.29969
0.480436 -5.49131 -2.16649 -5.30522
0.480648 -5.49165 -2.17022 -5.312
0.485769 -5.48516 -2.171 -5.25788
0.485741 -5.48627 -2.17572 -5.26961
0.485564 -5.48721 -2.17913 -5.2798
0.485251 -5.48776 -2.18045 -5.28641
0.48485 -5.48799 -2.17956 -5.28863
0.484424 -5.48813 -2.17691 -5.28684
0.484038 -5.48773 -2.17197 -5.27905
0.48375 -5.48605 -2.16395 -5.26269
0.483588 -5.48405 -2.15498 -5.24263
0.483555 -5.48177 -2.14563 -5.22023
0.48364 -5.47982 -2.13735 -5.19918
0.483822 -5.47768 -2.12962 -5.17842
0.484085 -5.47618 -2.12414 -5.16229
0.484418 -5.47463 -2.12004 -5.14877
0.484814 -5.47366 -2.11858 -5.14103
0.48525 -5.47336 -2.12003 -5.13994
0.485688 -5.47402 -2.12483 -5.14693
0.486075 -5.47499 -2.13157 -5.15915
0.486352 -5.47671 -2.14051 -5.17781
0.486475 -5.47877 -2.15028 -5.20015
0.486434 -5.48111 -2.16016 -5.22447
0.486254 -5.48349 -2.16925 -5.2484
0.485984 -5.48556 -2.17666 -5.26925
0.485685 -5.48717 -2.18208 -5.28564
0.485405 -5.48819 -2.18542 -5.29679
0.485171 -5.48894 -2.18738 -5.30407
0.484982 -5.48927 -2.18781 -5.3072
0.484825 -5.4893 -2.18703 -5.30703
0.484683 -5.48888 -2.18483 -5.30323
0.484542 -5.48846 -2.18195 -5.29778
0.484397 -5.48759 -2.17765 -5.28893
0.484249 -5.4867 -2.17273 -5.27859
0.484105 -5.48559 -2.16689 -5.26598
0.483978 -5.48404 -2.1599 -5.25036
0.483892 -5.48277 -2.15321 -5.23502
0.483883 -5.48108 -2.14599 -5.21758
0.483974 -5.47962 -2.13976 -5.20144
0.484166 -5.47819 -2.13453 -5.18668
0.484435 -5.47667 -2.13035 -5.17364
0.484737 -5.47558 -2.12809 -5.16494
0.485033 -5.47517 -2.12809 -5.16178
0.485307 -5.4756 -2.13047 -5.16464
0.485552 -5.47614 -2.13383 -5.17016
0.485762 -5.47705 -2.13839 -5.17898
0.485915 -5.47839 -2.14395 -5.19082
0.485971 -5.47972 -2.14928 -5.20312
0.485905 -5.48094 -2.1537 -5.21453
0.485708 -5.48223 -2.157 -5.22464
0.485399 -5.4836 -2.15884 -5.23243
0.485029 -5.48379 -2.15695 -5.23183
0.489641 -5.47659 -2.14926 -5.16408
0.489317 -5.47597 -2.14287 -5.15213
0.489152 -5.475 -2.13527 -5.13558
0.489166 -5.47372 -2.12715 -5.11593
0.489303 -5.47224 -2.11917 -5.09528
0.489465 -5.47105 -2.11214 -5.07671
0.489566 -5.47031 -2.10612 -5.06118
0.489587 -5.46997 -2.10082 -5.04823
0.489573 -5.46923 -2.09497 -5.03433
0.489591 -5.46894 -2.09029 -5.02291
0.489688 -5.46815 -2.0856 -5.01062
0.48987 -5.46794 -2.08306 -5.00267
0.490109 -5.46778 -2.08195 -4.99757
0.490356 -5.46795 -2.08269 -4.99682
0.490556 -5.46849 -2.0851 -5.00056
0.490673 -5.4693 -2.08862 -5.00782
0.490692 -5.47008 -2.09241 -5.01672
0.490623 -5.47111 -2.09658 -5.02741
0.490489 -5.47201 -2.10028 -5.03766
0.49032 -5.47251 -2.10296 -5.04582
0.490148 -5.47276 -2.10485 -5.05213
0.490005 -5.47288 -2.10627 -5.05702
0.489924 -5.47271 -2.10719 -5.06007
0.489926 -5.47248 -2.10828 -5.06267
0.490016 -5.47211 -2.10974 -5.06525
0.490175 -5.47172 -2.11194 -5.06888
0.490365 -5.47206 -2.11619 -5.07711
0.49053 -5.47246 -2.12118 -5.08737
0.490633 -5.47322 -2.12714 -5.10059
0.490661 -5.47425 -2.13364 -5.11588
0.490626 -5.47517 -2.13984 -5.13112
0.490555 -5.47633 -2.14628 -5.14731
0.490468 -5.47683 -2.15138 -5.16045
0.490389 -5.47741 -2.15651 -5.17358
0.490337 -5.47797 -2.16157 -5.18627
0.490329 -5.4787 -2.16705 -5.19952
0.490383 -5.47939 -2.17286 -5.21287
0.490514 -5.48005 -2.17923 -5.22677
0.490724 -5.48081 -2.18664 -5.24229
0.491001 -5.48191 -2.19563 -5.26087
0.491315 -5.48334 -2.20618 -5.28277
0.491619 -5.48514 -2.21819 -5.30825
0.491856 -5.48787 -2.23215 -5.33907
0.491956 -5.49046 -2.24559 -5.37014
0.491853 -5.4933 -2.25829 -5.40164
0.491514 -5.4961 -2.26885 -5.43064
0.490941 -5.49815 -2.2752 -5.45218
0.490175 -5.49947 -2.2768 -5.46454
0.489298 -5.49972 -2.27277 -5.46466
0.488413 -5.49886 -2.26325 -5.45164
0.492603 -5.48871 -2.24319 -5.35736
0.491985 -5.48486 -2.22304 -5.31589
0.491643 -5.48026 -2.20041 -5.26544
0.4916 -5.47513 -2.17683 -5.20947
0.491821 -5.47009 -2.15429 -5.15321
0.492236 -5.46531 -2.13372 -5.09971
0.492758 -5.46121 -2.11614 -5.05234
0.493298 -5.45768 -2.10142 -5.01169
0.493793 -5.45494 -2.08973 -4.97883
0.494199 -5.45323 -2.08124 -4.95453
0.494506 -5.45236 -2.07533 -4.93739
0.494729 -5.4517 -2.07074 -4.92425
0.494899 -5.45105 -2.06705 -4.91378
0.495057 -5.45118 -2.06561 -4.90879
0.495229 -5.45109 -2.06483 -4.90524
0.495422 -5.45128 -2.06565 -4.90526
0.495624 -5.45183 -2.0682 -4.90932
0.495812 -5.45285 -2.07253 -4.91774
0.495964 -5.45447 -2.07871 -4.9309
0.496068 -5.45612 -2.08556 -4.94609
0.496118 -5.45773 -2.09267 -4.96245
0.496109 -5.45939 -2.09998 -4.97989
0.496042 -5.46125 -2.10749 -4.99836
0.495916 -5.46285 -2.11417 -5.01548
0.495737 -5.46433 -2.12002 -5.03118
0.495521 -5.46545 -2.12456 -5.04415
0.495296 -5.46619 -2.12772 -5.05395
0.495093 -5.46667 -2.12982 -5.06101
0.494949 -5.46657 -2.13058 -5.06428
0.49489 -5.46665 -2.13159 -5.0673
0.494932 -5.46661 -2.13271 -5.06954
0.495067 -5.4668 -2.13485 -5.07322
0.495262 -5.46679 -2.13741 -5.07731
0.495477 -5.46733 -2.14171 -5.08531
0.49567 -5.46838 -2.14749 -5.09706
0.495802 -5.46941 -2.15363 -5.11028
0.495859 -5.47069 -2.16032 -5.12555
0.495845 -5.47215 -2.16718 -5.14197
0.495788 -5.47353 -2.17367 -5.15797
0.49573 -5.47461 -2.17947 -5.17235
0.495711 -5.47564 -2.18515 -5.18603
0.495764 -5.47678 -2.19122 -5.19988
0.495891 -5.47812 -2.19806 -5.21476
0.496068 -5.47938 -2.20523 -5.22991
0.496244 -5.48091 -2.21318 -5.2469
0.496354 -5.4829 -2.22183 -5.26624
0.496344 -5.48459 -2.22934 -5.28414
0.496178 -5.48671 -2.23633 -5.30249
0.495851 -5.48857 -2.24103 -5.31714
0.49539 -5.49008 -2.24288 -5.32648
0.499822 -5.48293 -2.23588 -5.26276
0.499203 -5.48245 -2.22901 -5.25311
0.498615 -5.48123 -2.21844 -5.23436
0.498111 -5.47888 -2.20393 -5.20538
0.497732 -5.47621 -2.1874 -5.17028
0.4975 -5.47295 -2.16901 -5.12921
0.497422 -5.46945 -2.14998 -5.085
0.497494 -5.46571 -2.13086 -5.03905
0.497688 -5.462 -2.11257 -4.99386
0.497961 -5.45895 -2.09644 -4.95299
0.498257 -5.45603 -2.0816 -4.91502
0.498503 -5.45322 -2.06779 -4.88
0.498628 -5.45118 -2.05564 -4.85011
0.498599 -5.44924 -2.04347 -4.82167
0.498425 -5.44711 -2.03037 -4.79243
0.498156 -5.44498 -2.01643 -4.76211
0.497874 -5.44234 -2.00093 -4.72816
0.497665 -5.43914 -1.98417 -4.69054
0.497594 -5.43528 -1.96661 -4.64968
0.497703 -5.43196 -1.95097 -4.6117
0.497998 -5.42857 -1.93688 -4.57569
0.498441 -5.42575 -1.92584 -4.54556
0.498963 -5.423 -1.91715 -4.52031
0.49948 -5.42142 -1.91247 -4.50461
0.499896 -5.42098 -1.91122 -4.49791
0.500143 -5.42083 -1.9112 -4.49566
0.500187 -5.42118 -1.91198 -4.4971
0.50004 -5.42139 -1.91177 -4.49792
0.499756 -5.42133 -1.90984 -4.49594
0.499412 -5.42084 -1.90583 -4.48958
0.49909 -5.41986 -1.89972 -4.47809
0.498843 -5.41849 -1.892 -4.46209
0.498697 -5.41663 -1.88286 -4.44185
0.498651 -5.41474 -1.87342 -4.41997
0.498697 -5.41258 -1.86358 -4.39634
0.498827 -5.41037 -1.85404 -4.37271
0.499023 -5.40848 -1.84569 -4.3513
0.499265 -5.40722 -1.83927 -4.33408
0.499524 -5.40582 -1.83359 -4.31843
0.499766 -5.40526 -1.83031 -4.30862
0.49998 -5.40503 -1.82856 -4.30267
0.500177 -5.40507 -1.82833 -4.30044
0.500376 -5.40537 -1.8297 -4.30195
0.500601 -5.40595 -1.83292 -4.30756
0.500869 -5.40709 -1.8387 -4.31884
0.501173 -5.40804 -1.84589 -4.3331
0.501481 -5.40961 -1.85586 -4.35384
0.501755 -5.41158 -1.86805 -4.38003
0.501964 -5.41416 -1.88255 -4.4122
0.502102 -5.41722 -1.89888 -4.44924
0.507173 -5.41269 -1.91153 -4.43411
0.507193 -5.41598 -1.92948 -4.47557
0.507231 -5.4193 -1.94808 -4.51838
0.507313 -5.42253 -1.96723 -4.56206
0.507437 -5.42598 -1.9875 -4.60793
0.50758 -5.42925 -2.00814 -4.65446
0.507703 -5.43313 -2.03018 -4.70441
0.507769 -5.43721 -2.05259 -4.75573
0.507751 -5.4408 -2.07372 -4.80486
0.507634 -5.44457 -2.0942 -4.85344
0.507414 -5.44846 -2.11342 -4.90011
0.507097 -5.45223 -2.13056 -4.94293
0.506685 -5.45541 -2.14433 -4.97892
0.506176 -5.45798 -2.15433 -5.00716
0.505579 -5.45996 -2.16022 -5.02677
0.5049 -5.46085 -2.16086 -5.03504
0.504148 -5.46101 -2.15665 -5.03271
0.503355 -5.45966 -2.14623 -5.01629
0.50257 -5.45755 -2.13109 -4.98869
0.501867 -5.45404 -2.11069 -4.94786
0.501353 -5.44903 -2.08583 -4.89459
0.501149 -5.44371 -2.05992 -4.83576
0.50135 -5.43783 -2.03419 -4.77344
0.501942 -5.43203 -2.01119 -4.71391
0.502756 -5.42766 -1.9938 -4.66558
0.503553 -5.42428 -1.981 -4.62828
0.504171 -5.42228 -1.97273 -4.60333
0.504589 -5.42126 -1.96773 -4.58784
0.504873 -5.42081 -1.96505 -4.57902
0.505089 -5.42064 -1.96409 -4.57482
0.505277 -5.42087 -1.96502 -4.57529
0.505432 -5.42122 -1.96723 -4.57902
0.505531 -5.42191 -1.97085 -4.58656
0.505564 -5.42281 -1.97537 -4.59677
0.505525 -5.42351 -1.97979 -4.60742
0.505435 -5.42441 -1.98461 -4.61946
0.505329 -5.42512 -1.98911 -4.63091
0.505242 -5.42538 -1.99292 -4.64058
0.505192 -5.42592 -1.99737 -4.65139
0.505176 -5.42604 -2.00129 -4.66067
0.505184 -5.4263 -2.00568 -4.67082
0.505194 -5.42622 -2.00961 -4.67987
0.505198 -5.42625 -2.01376 -4.6895
0.505194 -5.42641 -2.01809 -4.69962
0.505192 -5.427 -2.02305 -4.7112
0.505196 -5.4275 -2.02771 -4.72202
0.505202 -5.42785 -2.03192 -4.73176
0.505197 -5.42814 -2.03568 -4.74057
0.505172 -5.42802 -2.03828 -4.74685
0.505127 -5.42807 -2.04056 -4.75257
0.510049 -5.42109 -2.03856 -4.70211
0.509956 -5.42133 -2.03949 -4.70512
0.509892 -5.42135 -2.03937 -4.70543
0.509867 -5.42083 -2.03781 -4.70204
0.509872 -5.42065 -2.03642 -4.6988
0.509888 -5.42063 -2.03496 -4.69529
0.509887 -5.42043 -2.03283 -4.69038
0.509857 -5.42023 -2.03031 -4.68485
0.509806 -5.4199 -2.02724 -4.67822
0.509755 -5.41974 -2.02423 -4.67175
0.509728 -5.41941 -2.02094 -4.66441
0.509753 -5.41873 -2.01743 -4.65606
0.509855 -5.41829 -2.01507 -4.6497
0.510046 -5.41782 -2.01383 -4.64508
0.510335 -5.41791 -2.01514 -4.64549
0.510728 -5.41852 -2.01934 -4.65158
0.511212 -5.41992 -2.0272 -4.66527
0.511749 -5.42161 -2.03795 -4.68509
0.512286 -5.42404 -2.05228 -4.71308
0.512768 -5.42727 -2.06991 -4.74909
0.513147 -5.43132 -2.09036 -4.79248
0.513386 -5.43595 -2.11259 -4.8412
0.513459 -5.44119 -2.13592 -4.89395
0.51335 -5.44642 -2.15848 -4.94671
0.513049 -5.45134 -2.17904 -4.99676
0.512568 -5.45621 -2.19729 -5.04333
0.511936 -5.46014 -2.21122 -5.08156
0.511207 -5.46278 -2.21992 -5.10883
0.510449 -5.46478 -2.22447 -5.12689
0.50973 -5.46542 -2.22393 -5.13289
0.509108 -5.46501 -2.21926 -5.12836
0.508627 -5.46337 -2.2108 -5.11367
0.508305 -5.46136 -2.20066 -5.09343
0.508148 -5.4585 -2.18874 -5.0674
0.508143 -5.45564 -2.17706 -5.0404
0.508272 -5.45279 -2.16621 -5.01402
0.508507 -5.45005 -2.15679 -4.98989
0.508822 -5.44792 -2.15002 -4.97115
0.509193 -5.44625 -2.14587 -4.95796
0.509601 -5.44498 -2.14445 -4.95071
0.510028 -5.44465 -2.14672 -4.95179
0.510464 -5.4445 -2.15142 -4.95841
0.510908 -5.44547 -2.16016 -4.97421
0.511361 -5.44697 -2.17185 -4.99669
0.511798 -5.4489 -2.18615 -5.0253
0.512167 -5.45151 -2.20302 -5.06045
0.512404 -5.45477 -2.22173 -5.10105
0.51246 -5.4585 -2.2411 -5.14497
0.512323 -5.4623 -2.25962 -5.18887
0.512007 -5.46573 -2.27582 -5.2293
0.516534 -5.46124 -2.28467 -5.20361
0.515938 -5.4635 -2.29362 -5.23004
0.515287 -5.46485 -2.29794 -5.24651
0.514616 -5.465 -2.29708 -5.25138
0.513958 -5.46453 -2.29211 -5.24672
0.513345 -5.46304 -2.28251 -5.231
0.5128 -5.46068 -2.26888 -5.20529
0.512346 -5.45722 -2.25122 -5.16934
0.512004 -5.45297 -2.23054 -5.12528
0.511788 -5.44829 -2.20803 -5.0757
0.511705 -5.4437 -2.18509 -5.02379
0.51176 -5.43888 -2.1618 -4.96971
0.511942 -5.43414 -2.13918 -4.91596
0.512223 -5.42963 -2.11784 -4.86424
0.51256 -5.42551 -2.09826 -4.81609
0.512893 -5.42202 -2.08076 -4.77284
0.513153 -5.41899 -2.06478 -4.73378
0.513284 -5.41616 -2.04938 -4.69728
0.513279 -5.41398 -2.03488 -4.66408
0.51317 -5.4115 -2.0194 -4.62958
0.513017 -5.40889 -2.00321 -4.59384
0.51289 -5.40583 -1.98602 -4.55554
0.51284 -5.40285 -1.96908 -4.51714
0.512896 -5.39969 -1.95246 -4.47851
0.513067 -5.39647 -1.93679 -4.44108
0.513343 -5.39334 -1.92273 -4.40649
0.513696 -5.39105 -1.91185 -4.37853
0.514094 -5.38915 -1.90357 -4.3562
0.514499 -5.38776 -1.8981 -4.34025
0.514879 -5.38688 -1.89536 -4.33079
0.515221 -5.38687 -1.89584 -4.32901
0.515534 -5.38747 -1.89899 -4.33358
0.515836 -5.38833 -1.90419 -4.34291
0.516143 -5.3898 -1.91203 -4.35818
0.516447 -5.39161 -1.9219 -4.3781
0.516719 -5.39377 -1.93357 -4.40237
0.516921 -5.39645 -1.94694 -4.43107
0.517026 -5.39971 -1.96162 -4.46359
0.517031 -5.40247 -1.97534 -4.49476
0.516952 -5.40541 -1.98889 -4.52629
0.51682 -5.4083 -2.00171 -4.55662
0.516667 -5.41106 -2.01359 -4.58503
0.516534 -5.41384 -2.02488 -4.61192
0.516458 -5.41594 -2.03464 -4.63482
0.516467 -5.41813 -2.04448 -4.65717
0.516568 -5.42023 -2.05442 -4.67888
0.516725 -5.42258 -2.06514 -4.70187
0.516863 -5.42503 -2.07619 -4.72577
0.516904 -5.42751 -2.08702 -4.75004
0.5168 -5.43021 -2.09731 -4.77443
0.521537 -5.42499 -2.10113 -4.73968
0.521135 -5.42707 -2.10688 -4.75631
0.520677 -5.42887 -2.11009 -4.76776
0.52022 -5.4298 -2.1099 -4.77151
0.519792 -5.43026 -2.10711 -4.76912
0.519405 -5.43 -2.10151 -4.75999
0.519067 -5.42914 -2.09355 -4.74505
0.51878 -5.42774 -2.08357 -4.72504
0.518545 -5.42577 -2.07181 -4.7005
0.518376 -5.4237 -2.05941 -4.67391
0.518292 -5.42135 -2.04652 -4.6454
0.518299 -5.41876 -2.03361 -4.61602
0.518392 -5.41622 -2.02154 -4.58781
0.518563 -5.41409 -2.01126 -4.56298
0.518799 -5.41167 -2.00185 -4.53955
0.519079 -5.40975 -1.99481 -4.52115
0.519377 -5.40815 -1.98985 -4.50733
0.519671 -5.40688 -1.98698 -4.49828
0.519928 -5.40681 -1.98745 -4.49712
0.520117 -5.40647 -1.98847 -4.49779
0.520221 -5.40701 -1.99164 -4.50406
0.520242 -5.40737 -1.99482 -4.51106
0.520207 -5.4083 -1.9991 -4.52106
0.520154 -5.4087 -2.00256 -4.52935
0.520102 -5.40871 -2.0054 -4.53622
0.520056 -5.40892 -2.00863 -4.54392
0.520016 -5.40928 -2.01212 -4.55216
0.519987 -5.40915 -2.01479 -4.55847
0.519988 -5.40907 -2.01767 -4.56496
0.520036 -5.40861 -2.02015 -4.57016
0.520126 -5.40855 -2.02366 -4.57731
0.520241 -5.40823 -2.02709 -4.58406
0.520352 -5.40863 -2.032 -4.59418
0.520437 -5.40918 -2.03724 -4.60527
0.520478 -5.40984 -2.04249 -4.61678
0.520465 -5.41071 -2.0477 -4.62867
0.520403 -5.41149 -2.05214 -4.63926
0.520314 -5.4122 -2.0558 -4.64832
0.520229 -5.41272 -2.05849 -4.65518
0.520185 -5.41289 -2.06016 -4.65935
0.520216 -5.41312 -2.06183 -4.66283
0.520327 -5.41351 -2.06395 -4.66663
0.520494 -5.41398 -2.06656 -4.67105
0.520674 -5.41484 -2.07022 -4.67768
0.520824 -5.41541 -2.07361 -4.684
0.520912 -5.41665 -2.07816 -4.69349
0.520925 -5.41817 -2.08297 -4.70423
0.520869 -5.4196 -2.0872 -4.71428
0.520771 -5.42102 -2.09092 -4.72357
0.52066 -5.42218 -2.09372 -4.73091
0.52555 -5.41578 -2.09171 -4.68241
0.525464 -5.41665 -2.09323 -4.68657
0.525446 -5.41738 -2.09446 -4.68948
0.525485 -5.41805 -2.0957 -4.69192
0.525541 -5.41899 -2.0975 -4.69544
0.525554 -5.41915 -2.09782 -4.69604
0.525466 -5.42003 -2.09874 -4.69889
0.525226 -5.42117 -2.09886 -4.70129
0.524813 -5.4215 -2.09577 -4.69808
0.524249 -5.42101 -2.08897 -4.68786
0.523585 -5.42011 -2.07894 -4.67128
0.522898 -5.41803 -2.06445 -4.64481
0.522273 -5.41459 -2.04565 -4.60803
0.52181 -5.4106 -2.02466 -4.56479
0.5216 -5.40599 -2.00247 -4.51657
0.521716 -5.40069 -1.98023 -4.46541
0.522187 -5.3957 -1.96092 -4.41788
0.522959 -5.39177 -1.94675 -4.37949
0.5239 -5.38882 -1.93795 -4.35187
0.52483 -5.38727 -1.93485 -4.33721
0.525584 -5.38698 -1.93633 -4.3343
0.526055 -5.38789 -1.94105 -4.34098
0.526202 -5.38937 -1.94672 -4.35243
0.526037 -5.39146 -1.95227 -4.3662
0.525605 -5.39309 -1.95499 -4.37588
0.524981 -5.39416 -1.95412 -4.37914
0.524256 -5.3939 -1.94817 -4.37185
0.523549 -5.39268 -1.93803 -4.35496
0.522983 -5.39027 -1.92405 -4.32822
0.522663 -5.38737 -1.90846 -4.29579
0.522647 -5.3837 -1.89203 -4.25892
0.522935 -5.37998 -1.87704 -4.22287
0.523457 -5.37653 -1.86484 -4.19122
0.524106 -5.3742 -1.85715 -4.16879
0.524755 -5.37283 -1.85359 -4.15564
0.525292 -5.37267 -1.85401 -4.15234
0.525637 -5.373 -1.85643 -4.15502
0.525752 -5.37453 -1.86118 -4.16476
0.525634 -5.37575 -1.86492 -4.17404
0.525319 -5.37688 -1.86734 -4.18197
0.524872 -5.3777 -1.86768 -4.1863
0.524378 -5.37757 -1.86478 -4.18373
0.523927 -5.37653 -1.85899 -4.17435
0.523591 -5.37466 -1.85092 -4.15888
0.523421 -5.37236 -1.84186 -4.13988
0.523424 -5.36992 -1.8329 -4.11971
0.52358 -5.36744 -1.82469 -4.10003
0.523851 -5.36549 -1.81856 -4.08414
0.524191 -5.3638 -1.8142 -4.07172
0.524551 -5.36239 -1.81164 -4.06317
0.529855 -5.35408 -1.80685 -4.01187
0.530069 -5.35365 -1.80759 -4.01187
0.530198 -5.35376 -1.8096 -4.01537
0.530242 -5.35406 -1.81201 -4.02039
0.530222 -5.35426 -1.81415 -4.02528
0.530173 -5.35467 -1.81653 -4.03093
0.530137 -5.35477 -1.81839 -4.03534
0.530146 -5.35522 -1.82103 -4.04112
0.530205 -5.35556 -1.82389 -4.04702
0.530314 -5.35569 -1.82697 -4.05303
0.530469 -5.35638 -1.83175 -4.06245
0.530664 -5.35702 -1.83735 -4.07338
0.530903 -5.35784 -1.84435 -4.08704
0.531193 -5.35932 -1.85375 -4.10564
0.531527 -5.36118 -1.86525 -4.12851
0.531882 -5.36364 -1.87922 -4.15666
0.532217 -5.36644 -1.8951 -4.18913
0.532493 -5.36978 -1.91286 -4.22621
0.532684 -5.3734 -1.93175 -4.26641
0.532785 -5.37757 -1.95177 -4.30981
0.532799 -5.38213 -1.97231 -4.35504
0.532728 -5.38601 -1.99115 -4.39724
0.532566 -5.39005 -2.00932 -4.4387
0.532302 -5.39372 -2.02543 -4.47651
0.531921 -5.39701 -2.03898 -4.5097
0.53141 -5.3999 -2.04941 -4.53712
0.530775 -5.40189 -2.05542 -4.55587
0.530033 -5.4031 -2.05687 -4.56547
0.529229 -5.40311 -2.05297 -4.56373
0.52843 -5.40199 -2.04399 -4.55064
0.527708 -5.39919 -2.0295 -4.52455
0.527138 -5.3953 -2.01124 -4.48871
0.52679 -5.39114 -1.99161 -4.44784
0.526722 -5.3862 -1.97094 -4.40224
0.526971 -5.38113 -1.95156 -4.35689
0.527524 -5.37666 -1.93585 -4.31728
0.528299 -5.37317 -1.92514 -4.2871
0.529162 -5.37055 -1.91941 -4.26736
0.529969 -5.3695 -1.91945 -4.26096
0.530609 -5.36957 -1.92378 -4.26543
0.531051 -5.37046 -1.93121 -4.27832
0.531343 -5.37219 -1.94131 -4.29833
0.531567 -5.37425 -1.95307 -4.32254
0.531794 -5.37662 -1.96646 -4.35034
0.532051 -5.37904 -1.98115 -4.38071
0.532327 -5.38234 -1.99847 -4.41672
0.532587 -5.38552 -2.01651 -4.45443
0.532792 -5.38933 -2.03618 -4.49613
0.532907 -5.39371 -2.05691 -4.54094
0.532903 -5.39798 -2.07703 -4.58539
0.53776 -5.39476 -2.09187 -4.57643
0.537457 -5.39877 -2.10879 -4.61605
0.537041 -5.40265 -2.12337 -4.65157
0.536544 -5.40537 -2.13362 -4.67836
0.536006 -5.40802 -2.14128 -4.69985
0.535469 -5.40957 -2.14462 -4.71191
0.534974 -5.41032 -2.1444 -4.71579
0.534557 -5.4101 -2.14065 -4.71123
0.534246 -5.40966 -2.13511 -4.70176
0.534058 -5.40874 -2.1278 -4.6873
0.533996 -5.40734 -2.11921 -4.66892
0.534042 -5.40613 -2.1109 -4.65021
0.534162 -5.40471 -2.10244 -4.63053
0.534308 -5.40365 -2.09487 -4.6126
0.534438 -5.40303 -2.08829 -4.59699
0.534535 -5.40227 -2.08163 -4.58149
0.534599 -5.40157 -2.07518 -4.56677
0.534637 -5.40083 -2.0687 -4.55217
0.534642 -5.40029 -2.06251 -4.53852
0.534578 -5.39993 -2.05633 -4.52546
0.534408 -5.39932 -2.049 -4.51077
0.534107 -5.39863 -2.04041 -4.49439
0.533675 -5.39719 -2.02898 -4.47282
0.533161 -5.39517 -2.01486 -4.44597
0.532646 -5.39269 -1.99845 -4.41403
0.532235 -5.38903 -1.97912 -4.37471
0.53203 -5.38495 -1.95906 -4.33205
0.532088 -5.38063 -1.93959 -4.28852
0.532406 -5.37621 -1.92186 -4.24679
0.532917 -5.37254 -1.90788 -4.21184
0.533513 -5.36952 -1.89757 -4.1844
0.534085 -5.36706 -1.89051 -4.16438
0.534556 -5.36572 -1.88717 -4.15336
0.5349 -5.3651 -1.88635 -4.14887
0.535143 -5.36496 -1.88723 -4.14893
0.535316 -5.36527 -1.88952 -4.15261
0.535426 -5.36581 -1.89249 -4.1583
0.535453 -5.36646 -1.89556 -4.16482
0.535368 -5.36728 -1.8983 -4.17152
0.535166 -5.36782 -1.89951 -4.17574
0.534881 -5.36786 -1.89854 -4.17584
0.534556 -5.36781 -1.896 -4.17278
0.53423 -5.36699 -1.8908 -4.16389
0.533933 -5.36589 -1.88396 -4.15112
0.533681 -5.36423 -1.8752 -4.13378
0.53349 -5.36253 -1.8657 -4.11431
0.53338 -5.35991 -1.85433 -4.09008
0.533372 -5.35719 -1.84286 -4.06484
0.533484 -5.35491 -1.83269 -4.04155
0.533724 -5.35253 -1.82336 -4.01917
0.539047 -5.34302 -1.81157 -3.95375
0.539413 -5.34165 -1.80633 -3.93964
0.539775 -5.34104 -1.8035 -3.93084
0.540076 -5.34043 -1.80148 -3.92425
0.540282 -5.34048 -1.80099 -3.92168
0.540384 -5.34101 -1.80135 -3.92173
0.540394 -5.34187 -1.80205 -3.92317
0.540332 -5.34254 -1.80196 -3.92344
0.540223 -5.34302 -1.80101 -3.92214
0.540093 -5.34311 -1.79882 -3.91833
0.539959 -5.34349 -1.79661 -3.91448
0.539831 -5.34341 -1.79313 -3.90782
0.5397 -5.34341 -1.7893 -3.90042
0.539553 -5.34327 -1.7847 -3.89146
0.539374 -5.34256 -1.77851 -3.87925
0.539154 -5.34186 -1.77154 -3.86562
0.538906 -5.34048 -1.76263 -3.84794
0.538663 -5.3388 -1.75251 -3.82758
0.538466 -5.33683 -1.74147 -3.80487
0.538359 -5.33448 -1.72982 -3.78015
0.538377 -5.33157 -1.71777 -3.75371
0.538548 -5.32927 -1.70795 -3.73107
0.53887 -5.32705 -1.69999 -3.71144
0.539302 -5.32564 -1.69545 -3.69857
0.539773 -5.3245 -1.69348 -3.69105
0.540206 -5.32429 -1.69488 -3.69114
0.54054 -5.32455 -1.69842 -3.69657
0.540755 -5.32535 -1.70372 -3.70662
0.540852 -5.32638 -1.70976 -3.71909
0.540839 -5.32761 -1.71606 -3.73289
0.540734 -5.32909 -1.72238 -3.74736
0.540572 -5.33033 -1.72762 -3.75989
0.540394 -5.33099 -1.7312 -3.76894
0.540249 -5.33117 -1.73343 -3.77479
0.54018 -5.33168 -1.73596 -3.78078
0.540213 -5.3317 -1.73772 -3.7844
0.540342 -5.33201 -1.74037 -3.78925
0.540532 -5.3325 -1.74379 -3.79537
0.54072 -5.33329 -1.74804 -3.8033
0.540835 -5.33427 -1.75258 -3.81236
0.540831 -5.33536 -1.75677 -3.8215
0.540686 -5.33644 -1.75985 -3.82923
0.540403 -5.33753 -1.76144 -3.8347
0.540005 -5.33831 -1.76064 -3.83579
0.539526 -5.33816 -1.75621 -3.82953
0.539009 -5.3375 -1.7489 -3.81723
0.538517 -5.33646 -1.73913 -3.79939
0.538112 -5.33423 -1.72601 -3.77357
0.537847 -5.33144 -1.71128 -3.74321
0.537744 -5.32822 -1.69582 -3.7101
0.54276 -5.31722 -1.676 -3.63286
0.542899 -5.31387 -1.66156 -3.60063
0.543168 -5.31058 -1.6486 -3.57078
0.543563 -5.30801 -1.63873 -3.54681
0.544065 -5.30604 -1.63206 -3.52913
0.544616 -5.30452 -1.62842 -3.51768
0.545114 -5.30417 -1.62868 -3.51502
0.545466 -5.30411 -1.6307 -3.51711
0.54563 -5.30506 -1.63496 -3.52526
0.545645 -5.30616 -1.63964 -3.53525
0.545619 -5.30727 -1.64453 -3.54595
0.545684 -5.30793 -1.64934 -3.55591
0.545943 -5.30927 -1.65679 -3.57027
0.546413 -5.31056 -1.66631 -3.58769
0.547013 -5.31253 -1.6794 -3.61191
0.547581 -5.31515 -1.69556 -3.6429
0.547939 -5.31894 -1.71462 -3.68144
0.547979 -5.32334 -1.73437 -3.72356
0.547706 -5.32758 -1.75242 -3.7642
0.547215 -5.33194 -1.76865 -3.80247
0.546634 -5.33529 -1.78101 -3.8331
0.546072 -5.33803 -1.79038 -3.85723
0.545589 -5.33942 -1.79585 -3.87244
0.5452 -5.34001 -1.79867 -3.88129
0.544887 -5.34021 -1.79974 -3.88585
0.544626 -5.3399 -1.79904 -3.88618
0.544414 -5.33952 -1.79744 -3.88424
0.544268 -5.33873 -1.7946 -3.87916
0.544215 -5.3376 -1.79102 -3.87177
0.544269 -5.33643 -1.78751 -3.86382
0.544409 -5.33529 -1.78442 -3.85614
0.544585 -5.33447 -1.78221 -3.85012
0.54474 -5.33374 -1.78034 -3.84498
0.544834 -5.33341 -1.779 -3.84143
0.544841 -5.33325 -1.77741 -3.83795
0.544739 -5.33283 -1.77444 -3.83225
0.544534 -5.33261 -1.7705 -3.82518
0.544264 -5.33188 -1.76418 -3.81341
0.543971 -5.33081 -1.75578 -3.7973
0.543691 -5.32947 -1.74552 -3.77706
0.543436 -5.32737 -1.73272 -3.75111
0.543201 -5.32488 -1.71811 -3.72109
0.542981 -5.32254 -1.70273 -3.68929
0.542773 -5.31932 -1.68497 -3.6522
0.542589 -5.31604 -1.66641 -3.6132
0.542449 -5.31227 -1.64666 -3.5713
0.542385 -5.30862 -1.62721 -3.52954
0.54243 -5.30484 -1.60818 -3.48797
0.542617 -5.30101 -1.59038 -3.44817
0.542965 -5.2972 -1.57459 -3.41176
0.548432 -5.28659 -1.55813 -3.34242
0.549011 -5.2845 -1.55047 -3.32249
0.549677 -5.28296 -1.54687 -3.31076
0.550371 -5.28223 -1.5478 -3.30858
0.551035 -5.28299 -1.55421 -3.31826
0.551624 -5.28421 -1.56403 -3.33568
0.552105 -5.28702 -1.5787 -3.36403
0.55246 -5.29011 -1.59552 -3.39769
0.552689 -5.29387 -1.61464 -3.43697
0.552811 -5.29779 -1.63481 -3.47913
0.552851 -5.3019 -1.65571 -3.52337
0.552837 -5.30598 -1.67679 -3.56831
0.552791 -5.31059 -1.69879 -3.61543
0.552737 -5.31495 -1.72031 -3.6616
0.552668 -5.31875 -1.74069 -3.70543
0.552543 -5.32295 -1.76118 -3.74989
0.552304 -5.327 -1.78029 -3.79222
0.55192 -5.33086 -1.79733 -3.83119
0.551404 -5.33334 -1.80982 -3.86142
0.550824 -5.33544 -1.81926 -3.88565
0.550273 -5.33653 -1.82481 -3.90141
0.549844 -5.33688 -1.82747 -3.91013
0.5496 -5.33657 -1.82805 -3.91311
0.549551 -5.33599 -1.82788 -3.9131
0.549662 -5.33516 -1.82746 -3.91142
0.549866 -5.33448 -1.82772 -3.91051
0.550088 -5.33411 -1.82889 -3.91143
0.550273 -5.33416 -1.83095 -3.91453
0.550397 -5.3344 -1.83335 -3.91879
0.550458 -5.3354 -1.83685 -3.92583
0.550475 -5.33608 -1.83958 -3.93153
0.550466 -5.33689 -1.84223 -3.93725
0.550441 -5.33746 -1.84417 -3.94159
0.550394 -5.33816 -1.84598 -3.94579
0.55032 -5.33892 -1.84747 -3.9495
0.55022 -5.33976 -1.84859 -3.95261
0.550098 -5.34019 -1.84843 -3.95316
0.549956 -5.34023 -1.84697 -3.95106
0.549798 -5.34043 -1.84511 -3.94821
0.549624 -5.34013 -1.84166 -3.94207
0.54944 -5.33942 -1.83675 -3.93288
0.549253 -5.33883 -1.8313 -3.92254
0.549072 -5.33778 -1.82439 -3.90904
0.548914 -5.33645 -1.81645 -3.89314
0.548798 -5.33482 -1.80767 -3.87515
0.54875 -5.3328 -1.79822 -3.85523
0.5488 -5.3313 -1.79004 -3.83734
0.548963 -5.32945 -1.78214 -3.81927
0.549223 -5.32771 -1.7756 -3.80345
0.549524 -5.32655 -1.77132 -3.7922
0.554768 -5.31835 -1.76449 -3.74186
0.55491 -5.31798 -1.76297 -3.7377
0.554969 -5.31791 -1.76227 -3.73581
0.554979 -5.31784 -1.76179 -3.73471
0.554989 -5.31794 -1.76188 -3.73484
0.555044 -5.31795 -1.76235 -3.73549
0.555168 -5.31786 -1.76345 -3.73698
0.555357 -5.31773 -1.76549 -3.74001
0.555577 -5.31808 -1.76938 -3.74677
0.555785 -5.31895 -1.77506 -3.75741
0.555929 -5.31978 -1.78125 -3.76952
0.555954 -5.32118 -1.78847 -3.78462
0.555838 -5.32238 -1.79483 -3.79889
0.555595 -5.32347 -1.80009 -3.81168
0.555269 -5.32447 -1.804 -3.82221
0.554909 -5.32495 -1.80575 -3.82839
0.554554 -5.32473 -1.80507 -3.82941
0.554228 -5.32389 -1.80218 -3.82552
0.553939 -5.32278 -1.79777 -3.81815
0.553687 -5.32123 -1.79161 -3.80681
0.553477 -5.31939 -1.78412 -3.79233
0.553318 -5.31689 -1.77485 -3.77369
0.553226 -5.31439 -1.76512 -3.75365
0.553211 -5.31155 -1.7547 -3.73158
0.553273 -5.30896 -1.74483 -3.71018
0.553407 -5.30646 -1.73554 -3.68952
0.553596 -5.30411 -1.72713 -3.6704
0.553825 -5.30229 -1.72045 -3.65469
0.554092 -5.3002 -1.71435 -3.63999
0.554411 -5.29851 -1.71024 -3.62917
0.554815 -5.29718 -1.70848 -3.62279
0.555341 -5.29647 -1.71001 -3.62259
0.555989 -5.29645 -1.71535 -3.62968
0.55672 -5.29789 -1.72607 -3.64757
0.557456 -5.30034 -1.74125 -3.67478
0.558099 -5.30398 -1.76065 -3.71144
0.55856 -5.3087 -1.78327 -3.75603
0.558784 -5.31403 -1.80732 -3.80516
0.558748 -5.31991 -1.83172 -3.85677
0.558465 -5.32547 -1.85406 -3.90578
0.557976 -5.3307 -1.87359 -3.9504
0.557329 -5.33545 -1.88956 -3.98869
0.556579 -5.33898 -1.9004 -4.01698
0.555787 -5.34127 -1.90599 -4.03453
0.555006 -5.34247 -1.9067 -4.04172
0.554285 -5.34265 -1.90301 -4.03913
0.553667 -5.34159 -1.89494 -4.02651
0.553188 -5.33961 -1.88371 -4.00611
0.552886 -5.3374 -1.87122 -3.98171
0.552798 -5.33425 -1.85713 -3.95236
0.557926 -5.32366 -1.83966 -3.8792
0.558283 -5.32084 -1.8285 -3.85321
0.558789 -5.31825 -1.81976 -3.8313
0.559303 -5.31596 -1.81336 -3.81433
0.559695 -5.31514 -1.8107 -3.80607
0.559909 -5.3146 -1.80908 -3.80121
0.559967 -5.31432 -1.80796 -3.79847
0.559933 -5.31446 -1.8074 -3.79752
0.559857 -5.31453 -1.80646 -3.79605
0.559767 -5.3144 -1.80485 -3.79329
0.55967 -5.31394 -1.80235 -3.78869
0.55957 -5.31342 -1.79939 -3.78313
0.559488 -5.31272 -1.79581 -3.77617
0.559447 -5.31223 -1.79249 -3.76946
0.55948 -5.31126 -1.78855 -3.76095
0.559602 -5.31025 -1.78505 -3.75277
0.559792 -5.30944 -1.7826 -3.74635
0.560004 -5.30883 -1.78117 -3.74193
0.560181 -5.3093 -1.78203 -3.74256
0.560275 -5.30962 -1.78276 -3.74345
0.560271 -5.30995 -1.78324 -3.74449
0.560172 -5.31005 -1.78273 -3.74408
0.559998 -5.31025 -1.78159 -3.74284
0.559798 -5.31081 -1.78021 -3.74128
0.55963 -5.31056 -1.77678 -3.7352
0.559551 -5.30989 -1.77237 -3.72646
0.5596 -5.30934 -1.76831 -3.71759
0.559753 -5.30902 -1.76506 -3.70974
0.559927 -5.30898 -1.76261 -3.70344
0.560019 -5.30875 -1.75972 -3.69676
0.559959 -5.30899 -1.75685 -3.69113
0.559736 -5.3089 -1.75211 -3.68264
0.559388 -5.30838 -1.74498 -3.66993
0.558969 -5.30742 -1.7353 -3.65231
0.558516 -5.30601 -1.723 -3.62935
0.558038 -5.30396 -1.70772 -3.60026
0.557522 -5.30097 -1.68886 -3.5638
0.55696 -5.29752 -1.66716 -3.52156
0.556374 -5.29319 -1.64193 -3.47192
0.555824 -5.28775 -1.61312 -3.41437
0.555399 -5.2815 -1.58193 -3.35091
0.555195 -5.27488 -1.55008 -3.28466
0.555284 -5.2677 -1.5185 -3.21723
0.555698 -5.26055 -1.48941 -3.15323
0.556418 -5.25385 -1.46459 -3.09668
0.55738 -5.24828 -1.44592 -3.05192
0.558486 -5.2448 -1.43537 -3.02367
0.559627 -5.24275 -1.43174 -3.00986
0.560707 -5.24196 -1.43434 -3.00952
0.561632 -5.24308 -1.44351 -3.02378
0.567322 -5.23843 -1.45365 -3.01448
0.567728 -5.24163 -1.46974 -3.04567
0.567898 -5.24587 -1.48788 -3.08233
0.56789 -5.25004 -1.50558 -3.11904
0.567767 -5.25462 -1.52327 -3.15638
0.567559 -5.25874 -1.53916 -3.19046
0.567258 -5.26211 -1.55239 -3.2196
0.566845 -5.26561 -1.56406 -3.24616
0.566323 -5.26867 -1.57283 -3.26737
0.565738 -5.27061 -1.57752 -3.2805
0.565168 -5.2717 -1.57883 -3.28653
0.564703 -5.27198 -1.5774 -3.28626
0.564413 -5.27159 -1.57428 -3.28146
0.564325 -5.27055 -1.57034 -3.27375
0.56444 -5.26979 -1.56789 -3.26797
0.564734 -5.26897 -1.56704 -3.26451
0.565164 -5.26832 -1.56862 -3.2653
0.565672 -5.26851 -1.57397 -3.2735
0.566196 -5.26933 -1.58272 -3.28866
0.566679 -5.27107 -1.59511 -3.31158
0.567072 -5.27368 -1.6106 -3.34141
0.567343 -5.27683 -1.62814 -3.37619
0.567478 -5.28024 -1.64667 -3.4138
0.567485 -5.28372 -1.66534 -3.45248
0.567385 -5.28743 -1.68402 -3.49181
0.567225 -5.2911 -1.702 -3.53009
0.567061 -5.29436 -1.71863 -3.5656
0.56693 -5.29727 -1.73407 -3.59847
0.566839 -5.29995 -1.74854 -3.62908
0.566762 -5.30263 -1.76233 -3.6582
0.566656 -5.30518 -1.77496 -3.68511
0.566498 -5.30726 -1.78555 -3.70812
0.566275 -5.30962 -1.79508 -3.72939
0.565994 -5.3118 -1.80254 -3.74674
0.565669 -5.31325 -1.80683 -3.75782
0.565315 -5.31433 -1.80846 -3.76357
0.564938 -5.31499 -1.80727 -3.76361
0.564544 -5.31496 -1.80278 -3.75688
0.564153 -5.31421 -1.79507 -3.7434
0.563793 -5.31314 -1.78501 -3.72478
0.563486 -5.31129 -1.7721 -3.69987
0.563233 -5.309 -1.75724 -3.67049
0.563019 -5.30623 -1.74059 -3.63709
0.562817 -5.30363 -1.72334 -3.60235
0.562607 -5.30034 -1.70416 -3.56358
0.56239 -5.29692 -1.68411 -3.52301
0.562197 -5.29281 -1.66251 -3.47903
0.562077 -5.28888 -1.64127 -3.4353
0.562077 -5.28468 -1.62019 -3.39117
0.562239 -5.28018 -1.59995 -3.34787
0.567552 -5.26861 -1.57802 -3.27106
0.568042 -5.26478 -1.56326 -3.23767
0.568687 -5.26203 -1.55334 -3.21348
0.569422 -5.26019 -1.5482 -3.1987
0.570161 -5.25918 -1.54752 -3.19316
0.570801 -5.25929 -1.5513 -3.19735
0.571275 -5.26036 -1.55855 -3.20964
0.571563 -5.26211 -1.56813 -3.22774
0.571686 -5.26447 -1.57931 -3.25006
0.571694 -5.26672 -1.59055 -3.27314
0.571621 -5.26917 -1.60207 -3.29727
0.571479 -5.2717 -1.6134 -3.32142
0.571278 -5.27384 -1.62351 -3.34339
0.571038 -5.27559 -1.63218 -3.36268
0.570784 -5.27748 -1.64028 -3.38086
0.570548 -5.27876 -1.64658 -3.39525
0.570369 -5.27988 -1.65204 -3.40757
0.570271 -5.28046 -1.65627 -3.4169
0.570251 -5.28084 -1.66006 -3.42483
0.570284 -5.28106 -1.66356 -3.43185
0.570317 -5.28131 -1.66693 -3.4386
0.570297 -5.28245 -1.67135 -3.44784
0.57018 -5.28289 -1.67365 -3.45329
0.569959 -5.28336 -1.67471 -3.45682
0.569674 -5.28334 -1.67348 -3.456
0.569378 -5.28267 -1.66972 -3.45003
0.569113 -5.28174 -1.6642 -3.44024
0.568894 -5.28027 -1.65669 -3.42603
0.568714 -5.27884 -1.64829 -3.40974
0.568572 -5.27683 -1.63815 -3.38961
0.568478 -5.2748 -1.62744 -3.368
0.568451 -5.27261 -1.61626 -3.34503
0.568511 -5.27024 -1.605 -3.32137
0.568663 -5.26812 -1.59474 -3.29926
0.568888 -5.26643 -1.58608 -3.28005
0.569141 -5.26466 -1.57819 -3.26228
0.569373 -5.26366 -1.57245 -3.24909
0.56954 -5.26269 -1.56733 -3.23756
0.569617 -5.2618 -1.56261 -3.22737
0.569608 -5.26109 -1.55818 -3.21827
0.569538 -5.26007 -1.55311 -3.2082
0.569452 -5.25949 -1.54871 -3.19958
0.569393 -5.25873 -1.5441 -3.19041
0.56939 -5.2578 -1.53955 -3.181
0.569466 -5.25682 -1.53558 -3.17238
0.569628 -5.25594 -1.53274 -3.16561
0.569851 -5.25522 -1.53129 -3.16139
0.570078 -5.25503 -1.53173 -3.16102
0.570233 -5.25517 -1.53334 -3.1635
0.570255 -5.25522 -1.5348 -3.16638
0.575095 -5.24812 -1.53186 -3.13373
0.57477 -5.24829 -1.53147 -3.13469
0.574353 -5.24789 -1.52857 -3.13102
0.573897 -5.24692 -1.52309 -3.12228
0.57346 -5.24528 -1.51502 -3.10812
0.573108 -5.24301 -1.50486 -3.08916
0.572914 -5.24005 -1.49315 -3.06616
0.572937 -5.23688 -1.48153 -3.04218
0.573211 -5.23401 -1.47181 -3.02078
0.57372 -5.23116 -1.4643 -3.00269
0.574389 -5.22918 -1.46084 -2.99211
0.575101 -5.22842 -1.46199 -2.99077
0.575723 -5.22878 -1.46706 -2.99789
0.576168 -5.23021 -1.47522 -3.01224
0.576391 -5.23211 -1.48465 -3.03032
0.57639 -5.23429 -1.49425 -3.04991
0.576192 -5.23624 -1.50252 -3.06786
0.575848 -5.23787 -1.50893 -3.08279
0.575432 -5.23903 -1.51313 -3.09359
0.575027 -5.23987 -1.51557 -3.10076
0.57472 -5.24028 -1.51653 -3.10439
0.57458 -5.24033 -1.51688 -3.10585
0.574635 -5.23977 -1.51688 -3.10557
0.574872 -5.23916 -1.51806 -3.10669
0.575229 -5.23897 -1.5215 -3.1118
0.575607 -5.23924 -1.52717 -3.12136
0.575902 -5.24002 -1.53467 -3.13507
0.576033 -5.24109 -1.5429 -3.15117
0.575969 -5.24315 -1.55229 -3.1707
0.575754 -5.2445 -1.55947 -3.18655
0.575482 -5.24585 -1.56555 -3.20049
0.575264 -5.24652 -1.5697 -3.21019
0.575174 -5.24682 -1.57295 -3.21734
0.575222 -5.24685 -1.57587 -3.22304
0.575367 -5.24724 -1.57975 -3.23017
0.575541 -5.24792 -1.58448 -3.23885
0.575686 -5.24916 -1.59026 -3.24985
0.575766 -5.2504 -1.59593 -3.26098
0.575772 -5.25161 -1.60115 -3.27162
0.575716 -5.253 -1.60612 -3.28208
0.57561 -5.25422 -1.6101 -3.29083
0.575455 -5.25484 -1.61219 -3.296
0.575247 -5.25517 -1.61277 -3.29838
0.57499 -5.25579 -1.61269 -3.29968
0.574707 -5.25551 -1.60987 -3.29553
0.574416 -5.25501 -1.60548 -3.28822
0.574136 -5.25417 -1.5994 -3.27736
0.573882 -5.25275 -1.59132 -3.26223
0.573664 -5.25117 -1.58213 -3.24463
0.573507 -5.2493 -1.57182 -3.22438
0.578417 -5.23959 -1.55629 -3.16541
0.578414 -5.23727 -1.54472 -3.14189
0.578473 -5.23455 -1.53257 -3.11687
0.578507 -5.23214 -1.52081 -3.09276
0.578442 -5.22979 -1.50857 -3.06822
0.578271 -5.22791 -1.49624 -3.04404
0.578059 -5.22509 -1.48138 -3.01491
0.577909 -5.22207 -1.46563 -2.98364
0.577897 -5.2189 -1.44966 -2.95119
0.578044 -5.21562 -1.43409 -2.91874
0.578298 -5.21261 -1.4198 -2.88839
0.57856 -5.21001 -1.40691 -2.86088
0.578734 -5.20734 -1.39419 -2.83416
0.578763 -5.20565 -1.3829 -2.81106
0.578647 -5.20369 -1.3705 -2.78641
0.578435 -5.20179 -1.35738 -2.76076
0.578213 -5.19948 -1.34293 -2.73241
0.578088 -5.19678 -1.32778 -2.70217
0.578148 -5.19374 -1.31284 -2.67149
0.578447 -5.19113 -1.30038 -2.64476
0.578983 -5.18863 -1.29072 -2.62269
0.579697 -5.18735 -1.28627 -2.61042
0.580481 -5.18694 -1.28653 -2.60743
0.581223 -5.1874 -1.29122 -2.61359
0.581851 -5.18936 -1.30085 -2.63025
0.582333 -5.19205 -1.31358 -2.65379
0.582666 -5.19566 -1.32915 -2.68371
0.582857 -5.19977 -1.34637 -2.71759
0.582923 -5.20433 -1.36466 -2.7542
0.582886 -5.20854 -1.38233 -2.79004
0.582778 -5.21285 -1.39987 -2.82597
0.582642 -5.21737 -1.41739 -2.86199
0.582503 -5.22121 -1.43331 -2.89483
0.582364 -5.22504 -1.44869 -2.9266
0.5822 -5.22836 -1.46249 -2.95531
0.581957 -5.23177 -1.47527 -2.98237
0.581592 -5.23509 -1.4862 -3.00635
0.581096 -5.23775 -1.49379 -3.02429
0.580504 -5.23951 -1.49736 -3.03461
0.579904 -5.24056 -1.49735 -3.03772
0.579389 -5.24038 -1.4933 -3.03221
0.579024 -5.23937 -1.48653 -3.02036
0.578835 -5.23774 -1.47806 -3.00413
0.578801 -5.23596 -1.46923 -2.98635
0.578879 -5.23403 -1.46038 -2.96797
0.579026 -5.23244 -1.4526 -2.9514
0.5792 -5.23079 -1.44528 -2.93566
0.579363 -5.22956 -1.43921 -2.92249
0.579488 -5.22837 -1.43363 -2.91054
0.579554 -5.22783 -1.42945 -2.90172
0.584537 -5.21977 -1.42094 -2.85986
0.584465 -5.21927 -1.41667 -2.85161
0.584393 -5.21848 -1.41191 -2.84239
0.584344 -5.21763 -1.40719 -2.83312
0.584326 -5.2166 -1.40249 -2.82374
0.584323 -5.21552 -1.39804 -2.81481
0.584305 -5.21445 -1.39391 -2.80657
0.584237 -5.21355 -1.39014 -2.7993
0.584111 -5.21238 -1.38583 -2.79123
0.583942 -5.21083 -1.3807 -2.78171
0.583763 -5.20903 -1.37505 -2.77117
0.583619 -5.2073 -1.3696 -2.76087
0.583558 -5.20494 -1.36354 -2.74894
0.583629 -5.20287 -1.35897 -2.73939
0.583861 -5.20052 -1.35544 -2.7312
0.584248 -5.19895 -1.35523 -2.72897
0.584739 -5.19815 -1.35848 -2.7332
0.585249 -5.19761 -1.36417 -2.74225
0.58568 -5.19785 -1.37261 -2.7572
0.585955 -5.19896 -1.38323 -2.77722
0.586039 -5.20028 -1.39408 -2.7986
0.585953 -5.20177 -1.40448 -2.8199
0.58575 -5.20337 -1.41392 -2.83985
0.5855 -5.20485 -1.42194 -2.85716
0.585273 -5.2059 -1.42814 -2.87073
0.585109 -5.20613 -1.43213 -2.87957
0.58502 -5.20627 -1.43542 -2.88662
0.584991 -5.20649 -1.43849 -2.89294
0.584988 -5.20629 -1.44059 -2.89717
0.584987 -5.20627 -1.44275 -2.90152
0.584981 -5.20629 -1.44476 -2.9056
0.584986 -5.20607 -1.4463 -2.90868
0.585047 -5.20623 -1.44877 -2.91333
0.585201 -5.20595 -1.45119 -2.91743
0.585455 -5.20608 -1.4554 -2.92462
0.585774 -5.20657 -1.46155 -2.93539
0.586093 -5.20746 -1.46961 -2.94997
0.586357 -5.20938 -1.48044 -2.97037
0.586555 -5.2115 -1.49238 -2.9933
0.586717 -5.21386 -1.50547 -3.01873
0.586895 -5.21643 -1.51976 -3.04647
0.58712 -5.21926 -1.53553 -3.07689
0.587383 -5.2227 -1.55338 -3.11127
0.587648 -5.22594 -1.57184 -3.14682
0.587864 -5.22961 -1.59165 -3.18532
0.587986 -5.23397 -1.61278 -3.22693
0.587986 -5.23848 -1.63378 -3.26893
0.587845 -5.24286 -1.65358 -3.30937
0.587564 -5.24738 -1.67217 -3.34815
0.587173 -5.25106 -1.68747 -3.38104
0.59169 -5.24679 -1.69556 -3.37132
0.591139 -5.24896 -1.70368 -3.39063
0.590595 -5.25082 -1.70899 -3.40433
0.590095 -5.25151 -1.71032 -3.40985
0.589679 -5.25151 -1.70882 -3.40927
0.589383 -5.25102 -1.70535 -3.40406
0.589234 -5.25033 -1.70099 -3.39621
0.58924 -5.24924 -1.69597 -3.38615
0.58937 -5.24794 -1.69098 -3.37544
0.589565 -5.24698 -1.68707 -3.36652
0.589752 -5.24638 -1.68411 -3.35956
0.589866 -5.24623 -1.68192 -3.35453
0.589867 -5.24587 -1.67892 -3.34855
0.589751 -5.24598 -1.67585 -3.34309
0.589547 -5.24562 -1.67089 -3.33435
0.589308 -5.24515 -1.66459 -3.32311
0.589101 -5.24424 -1.65662 -3.30838
0.588972 -5.24299 -1.64753 -3.29093
0.588938 -5.24139 -1.63759 -3.27128
0.58898 -5.23983 -1.62775 -3.25137
0.589065 -5.23796 -1.61746 -3.23037
0.589151 -5.23645 -1.6078 -3.2106
0.589194 -5.23492 -1.59789 -3.19058
0.589155 -5.23369 -1.58793 -3.1709
0.589007 -5.23243 -1.57699 -3.14986
0.588756 -5.23118 -1.56482 -3.12687
0.588456 -5.22906 -1.54995 -3.09874
0.588182 -5.22661 -1.53355 -3.06737
0.588018 -5.2237 -1.51603 -3.03319
0.588006 -5.22058 -1.49851 -2.99818
0.588137 -5.21737 -1.48176 -2.96401
0.588375 -5.21452 -1.46695 -2.93321
0.588668 -5.21223 -1.45465 -2.90717
0.588968 -5.20998 -1.444 -2.8844
0.589257 -5.20847 -1.43623 -2.86747
0.589539 -5.20775 -1.43144 -2.85654
0.589835 -5.20704 -1.4284 -2.84904
0.590168 -5.2069 -1.42821 -2.84707
0.590543 -5.2072 -1.43075 -2.85032
0.590932 -5.20802 -1.43604 -2.85897
0.591284 -5.20935 -1.44374 -2.8726
0.591512 -5.2113 -1.45335 -2.8906
0.591537 -5.21357 -1.46346 -2.91057
0.59131 -5.21603 -1.47279 -2.93026
0.590844 -5.21809 -1.47947 -2.94588
0.590221 -5.21943 -1.48253 -2.95509
0.589569 -5.21978 -1.48153 -2.95636
0.588997 -5.21899 -1.47668 -2.94953
0.588561 -5.21753 -1.46932 -2.93701
0.58826 -5.2154 -1.45995 -2.91978
0.59305 -5.20519 -1.44474 -2.86602
0.592957 -5.20201 -1.43289 -2.84295
0.59302 -5.19904 -1.42197 -2.82099
0.593242 -5.19591 -1.41196 -2.80009
0.593601 -5.19349 -1.40484 -2.78428
0.594068 -5.19108 -1.39979 -2.77209
0.594603 -5.19009 -1.39939 -2.7688
0.595157 -5.18963 -1.40209 -2.77157
0.595676 -5.18993 -1.4081 -2.78102
0.596126 -5.19103 -1.41716 -2.79679
0.596503 -5.19278 -1.42872 -2.81783
0.596823 -5.19494 -1.44216 -2.84282
0.59711 -5.19773 -1.4577 -2.87207
0.597372 -5.20084 -1.47467 -2.90423
0.597604 -5.20428 -1.49291 -2.939
0.597784 -5.20797 -1.51192 -2.97554
0.59787 -5.212 -1.53141 -3.01347
0.597806 -5.21644 -1.55077 -3.05188
0.597525 -5.2207 -1.56811 -3.08746
0.596997 -5.22438 -1.58177 -3.11711
0.596245 -5.22739 -1.59085 -3.13895
0.595327 -5.22918 -1.59393 -3.14988
0.594344 -5.22982 -1.59104 -3.14938
0.5934 -5.22852 -1.58119 -3.13485
0.592583 -5.22645 -1.56691 -3.11083
0.591951 -5.2229 -1.54782 -3.07621
0.591534 -5.21838 -1.52564 -3.03425
0.591348 -5.21299 -1.50142 -2.98702
0.591399 -5.20754 -1.47744 -2.93908
0.591686 -5.20197 -1.45456 -2.89216
0.592189 -5.19708 -1.43493 -2.85069
0.592846 -5.19277 -1.41889 -2.81571
0.593562 -5.18966 -1.40766 -2.79005
0.594235 -5.18722 -1.40009 -2.77192
0.594791 -5.18637 -1.39733 -2.76387
0.595199 -5.18605 -1.39707 -2.76145
0.595476 -5.18619 -1.39881 -2.7636
0.595654 -5.18736 -1.40324 -2.77152
0.59576 -5.18844 -1.40825 -2.78092
0.595813 -5.18943 -1.41369 -2.79143
0.595839 -5.19057 -1.4199 -2.80355
0.595863 -5.19152 -1.42628 -2.81604
0.595914 -5.19275 -1.43373 -2.8305
0.596009 -5.19398 -1.44189 -2.84617
0.596147 -5.19507 -1.45062 -2.86273
0.59631 -5.19684 -1.46127 -2.88297
0.596469 -5.19891 -1.47304 -2.90541
0.596597 -5.20142 -1.48596 -2.93027
0.59667 -5.20397 -1.49905 -2.95573
0.59668 -5.20657 -1.51205 -2.9813
0.601617 -5.20192 -1.52068 -2.97372
0.601478 -5.20478 -1.5327 -2.9979
0.601293 -5.20713 -1.54277 -3.01854
0.601056 -5.20907 -1.55087 -3.03558
0.600769 -5.21066 -1.55688 -3.04879
0.600435 -5.21159 -1.56007 -3.05674
0.600058 -5.21202 -1.56056 -3.05962
0.599651 -5.21209 -1.55848 -3.05763
0.599234 -5.21164 -1.55357 -3.05011
0.598841 -5.21073 -1.54608 -3.0374
0.598517 -5.20921 -1.53607 -3.01937
0.598304 -5.2069 -1.52371 -2.99614
0.598223 -5.20431 -1.51037 -2.97031
0.598265 -5.20151 -1.49658 -2.94298
0.598384 -5.19887 -1.48319 -2.91607
0.598515 -5.19643 -1.47024 -2.88997
0.59859 -5.19432 -1.45763 -2.86484
0.598564 -5.19208 -1.44429 -2.83874
0.598432 -5.18966 -1.42976 -2.8108
0.598224 -5.18722 -1.41419 -2.78115
0.598002 -5.18449 -1.39724 -2.74884
0.597827 -5.18153 -1.37929 -2.71431
0.597751 -5.17858 -1.36127 -2.6792
0.597802 -5.17502 -1.34268 -2.64238
0.597978 -5.17176 -1.32551 -2.60782
0.598238 -5.16892 -1.31026 -2.57671
0.598508 -5.16617 -1.29637 -2.54823
0.598705 -5.16412 -1.28451 -2.52408
0.598779 -5.16206 -1.27307 -2.5013
0.598741 -5.1601 -1.26193 -2.47958
0.598661 -5.15811 -1.25089 -2.4582
0.598634 -5.15615 -1.24037 -2.43765
0.598737 -5.15407 -1.2307 -2.41823
0.598997 -5.1521 -1.22282 -2.40171
0.599377 -5.15005 -1.21667 -2.38811
0.599799 -5.14929 -1.21457 -2.38231
0.600179 -5.14888 -1.21459 -2.38084
0.60046 -5.14932 -1.21706 -2.38456
0.600637 -5.15022 -1.22096 -2.3915
0.600752 -5.15139 -1.22574 -2.4004
0.60087 -5.15238 -1.23071 -2.40967
0.60102 -5.15334 -1.23624 -2.41988
0.601191 -5.15453 -1.24274 -2.43192
0.601335 -5.15613 -1.25031 -2.44615
0.601405 -5.15816 -1.25863 -2.46213
0.601386 -5.16005 -1.26639 -2.47739
0.601289 -5.1624 -1.27435 -2.49336
0.601129 -5.16437 -1.28089 -2.50683
0.600923 -5.16595 -1.28587 -2.51743
0.6007 -5.16751 -1.2899 -2.52626
0.605486 -5.16103 -1.28795 -2.5025
0.605342 -5.16192 -1.28951 -2.50615
0.605347 -5.16249 -1.29072 -2.50847
0.605504 -5.16328 -1.293 -2.51225
0.605745 -5.16419 -1.29635 -2.51776
0.605956 -5.16543 -1.30087 -2.52566
0.60602 -5.16688 -1.30569 -2.53474
0.605868 -5.16851 -1.30991 -2.54357
0.605483 -5.17 -1.31222 -2.54968
0.604901 -5.17064 -1.31083 -2.54943
0.60421 -5.17059 -1.3058 -2.54255
0.60353 -5.16938 -1.29656 -2.5274
0.602996 -5.16737 -1.28449 -2.5061
0.602725 -5.16443 -1.27045 -2.47981
0.602772 -5.16073 -1.25589 -2.4512
0.603096 -5.15764 -1.24403 -2.42675
0.603595 -5.15494 -1.23496 -2.40707
0.604143 -5.1528 -1.229 -2.39328
0.604636 -5.15153 -1.22637 -2.38621
0.605025 -5.15111 -1.22667 -2.38527
0.605314 -5.1511 -1.2289 -2.38845
0.605556 -5.1517 -1.23336 -2.39617
0.60582 -5.15216 -1.23899 -2.40605
0.606151 -5.1531 -1.24707 -2.42041
0.606551 -5.15489 -1.25844 -2.44089
0.606978 -5.15756 -1.27309 -2.46756
0.607361 -5.16021 -1.28915 -2.4971
0.607629 -5.1639 -1.30776 -2.53204
0.607735 -5.16759 -1.32649 -2.56787
0.607675 -5.17194 -1.34578 -2.60546
0.607468 -5.17591 -1.36324 -2.64016
0.60713 -5.17988 -1.37902 -2.6722
0.606671 -5.18331 -1.39167 -2.69877
0.606103 -5.18607 -1.40057 -2.71856
0.605452 -5.18735 -1.40404 -2.72823
0.604749 -5.1879 -1.40321 -2.72979
0.604034 -5.18759 -1.39795 -2.72276
0.603354 -5.18606 -1.38789 -2.70622
0.602763 -5.18314 -1.37328 -2.68036
0.602331 -5.18012 -1.35708 -2.65065
0.602122 -5.17585 -1.33836 -2.61499
0.602165 -5.17114 -1.31956 -2.57807
0.60245 -5.16706 -1.30347 -2.54544
0.602911 -5.16314 -1.28994 -2.51707
0.60346 -5.16016 -1.28058 -2.49654
0.604005 -5.1578 -1.27478 -2.48299
0.604481 -5.15623 -1.27255 -2.47669
0.60487 -5.15561 -1.2739 -2.47774
0.6052 -5.15515 -1.27736 -2.48311
0.605528 -5.15518 -1.28352 -2.49373
0.610889 -5.14824 -1.28827 -2.48099
0.611311 -5.14946 -1.30041 -2.50265
0.611801 -5.15142 -1.31599 -2.53059
0.612298 -5.15411 -1.3347 -2.56451
0.612706 -5.1574 -1.35574 -2.60319
0.612931 -5.16184 -1.37908 -2.64703
0.612906 -5.16624 -1.40161 -2.69038
0.612599 -5.17098 -1.42282 -2.73247
0.612028 -5.17514 -1.44021 -2.76844
0.61127 -5.1783 -1.45248 -2.7955
0.610426 -5.18017 -1.45897 -2.81186
0.609601 -5.18074 -1.45989 -2.81744
0.608885 -5.18026 -1.45616 -2.81356
0.608335 -5.17862 -1.44833 -2.80095
0.607987 -5.17639 -1.43812 -2.7828
0.607857 -5.17312 -1.42562 -2.7592
0.607937 -5.16974 -1.41314 -2.73468
0.60819 -5.16668 -1.402 -2.712
0.608565 -5.16383 -1.39241 -2.69179
0.609006 -5.16188 -1.38571 -2.6769
0.60947 -5.16028 -1.38097 -2.66571
0.609932 -5.15941 -1.3788 -2.6595
0.610369 -5.15946 -1.37937 -2.65871
0.610749 -5.15979 -1.38131 -2.66079
0.611031 -5.16116 -1.38541 -2.66745
0.611175 -5.16242 -1.38913 -2.67398
0.611151 -5.16449 -1.39333 -2.68218
0.610947 -5.16631 -1.39551 -2.68726
0.61057 -5.16777 -1.39487 -2.6877
0.610049 -5.16858 -1.39051 -2.68158
0.609432 -5.16831 -1.3815 -2.6669
0.608775 -5.16737 -1.36853 -2.64471
0.608133 -5.16562 -1.35166 -2.61487
0.607563 -5.1627 -1.33078 -2.57689
0.607138 -5.15922 -1.30769 -2.53395
0.60694 -5.1549 -1.28301 -2.48694
0.607042 -5.15014 -1.25866 -2.43932
0.607468 -5.14596 -1.23767 -2.39696
0.608161 -5.14214 -1.22052 -2.36106
0.608981 -5.13941 -1.20871 -2.33506
0.609751 -5.1379 -1.20202 -2.31921
0.610338 -5.13747 -1.19941 -2.31194
0.610686 -5.13844 -1.20045 -2.31263
0.610802 -5.13963 -1.20236 -2.31588
0.610736 -5.14041 -1.20344 -2.31821
0.610564 -5.14157 -1.20471 -2.3213
0.610367 -5.14264 -1.2053 -2.32318
0.610195 -5.14319 -1.20453 -2.32236
0.610042 -5.14341 -1.2027 -2.31942
0.609862 -5.14346 -1.19988 -2.31466
0.614559 -5.13551 -1.1906 -2.27921
0.614098 -5.13473 -1.18309 -2.26653
0.613521 -5.13335 -1.17237 -2.24811
0.612898 -5.13115 -1.15815 -2.2231
0.612338 -5.12779 -1.14039 -2.191
0.611959 -5.12379 -1.12091 -2.15491
0.611854 -5.11931 -1.10122 -2.11741
0.612079 -5.11456 -1.08302 -2.08167
0.612632 -5.11027 -1.06878 -2.05243
0.613453 -5.10711 -1.06049 -2.0338
0.614431 -5.10471 -1.05797 -2.02573
0.615451 -5.10384 -1.06247 -2.03097
0.61642 -5.10458 -1.07377 -2.04936
0.617272 -5.10684 -1.09115 -2.07965
0.617955 -5.11034 -1.11339 -2.11968
0.618424 -5.11501 -1.13941 -2.16758
0.618642 -5.12028 -1.16726 -2.21978
0.618621 -5.12589 -1.19557 -2.27369
0.618421 -5.13106 -1.22238 -2.32542
0.618145 -5.1361 -1.24801 -2.37525
0.617904 -5.14065 -1.27201 -2.42187
0.617771 -5.14505 -1.29533 -2.4668
0.617754 -5.14918 -1.31806 -2.51016
0.617796 -5.15319 -1.34046 -2.55265
0.617817 -5.1568 -1.36175 -2.5931
0.61774 -5.16126 -1.38351 -2.63486
0.61752 -5.16524 -1.40287 -2.67268
0.617139 -5.16909 -1.41982 -2.70665
0.616601 -5.17232 -1.43298 -2.73411
0.61594 -5.1745 -1.4412 -2.75275
0.615217 -5.17604 -1.44508 -2.7634
0.614521 -5.17594 -1.44318 -2.7629
0.613951 -5.17543 -1.43821 -2.75595
0.61358 -5.17448 -1.43098 -2.74375
0.613447 -5.17238 -1.42123 -2.72563
0.613541 -5.16973 -1.41079 -2.7052
0.613817 -5.16741 -1.40176 -2.68667
0.614193 -5.16528 -1.39422 -2.67059
0.614555 -5.16408 -1.38929 -2.65958
0.61481 -5.1632 -1.3855 -2.65122
0.614912 -5.16312 -1.38313 -2.64625
0.614878 -5.16301 -1.38044 -2.64126
0.614788 -5.16275 -1.3772 -2.63543
0.614745 -5.16267 -1.37434 -2.63014
0.614839 -5.16223 -1.37151 -2.62434
0.615099 -5.16192 -1.37015 -2.62062
0.615466 -5.16191 -1.3708 -2.62029
0.615826 -5.16257 -1.37381 -2.62452
0.616056 -5.16418 -1.37902 -2.63349
0.616068 -5.1656 -1.38354 -2.64207
0.62081 -5.15977 -1.38279 -2.62047
0.620302 -5.16119 -1.38358 -2.62411
0.619637 -5.16185 -1.38037 -2.62082
0.618886 -5.16135 -1.37221 -2.60851
0.61812 -5.15965 -1.35916 -2.5869
0.617411 -5.15693 -1.34184 -2.55686
0.61683 -5.15307 -1.32062 -2.51879
0.616428 -5.14815 -1.2964 -2.47421
0.61623 -5.14278 -1.27104 -2.42659
0.616235 -5.13706 -1.24549 -2.3778
0.616419 -5.13153 -1.22136 -2.33103
0.616737 -5.1261 -1.19893 -2.28704
0.617133 -5.12129 -1.17932 -2.2482
0.61755 -5.11721 -1.16278 -2.21517
0.617931 -5.11368 -1.14881 -2.18721
0.618234 -5.11053 -1.13681 -2.1633
0.618445 -5.108 -1.12684 -2.14359
0.618578 -5.10552 -1.11767 -2.12569
0.618679 -5.10339 -1.10978 -2.11035
0.618813 -5.10126 -1.10283 -2.09667
0.619051 -5.09965 -1.09809 -2.08686
0.61943 -5.09778 -1.09475 -2.07923
0.619942 -5.09668 -1.0949 -2.0778
0.620521 -5.09663 -1.09909 -2.08381
0.621069 -5.09735 -1.10648 -2.09597
0.621491 -5.09872 -1.11623 -2.11301
0.621728 -5.10116 -1.12824 -2.13493
0.621768 -5.10388 -1.14041 -2.15782
0.621631 -5.10605 -1.1507 -2.17777
0.621345 -5.10862 -1.1602 -2.19676
0.620944 -5.11055 -1.16678 -2.21064
0.620489 -5.11217 -1.1709 -2.22008
0.620069 -5.11315 -1.1723 -2.22424
0.619776 -5.11322 -1.1711 -2.22301
0.619678 -5.11281 -1.16888 -2.21914
0.619786 -5.11244 -1.16728 -2.21571
0.620058 -5.11202 -1.16667 -2.21359
0.62042 -5.11215 -1.16831 -2.21541
0.620801 -5.11268 -1.17198 -2.22101
0.621145 -5.11367 -1.17754 -2.23031
0.621415 -5.11566 -1.18567 -2.24472
0.621582 -5.11792 -1.1947 -2.26121
0.621606 -5.12037 -1.20392 -2.27858
0.621453 -5.12255 -1.21192 -2.29427
0.621129 -5.1247 -1.21848 -2.30791
0.620687 -5.12653 -1.22282 -2.31777
0.620224 -5.12743 -1.22398 -2.32171
0.619834 -5.12787 -1.22313 -2.32155
0.619552 -5.12751 -1.22013 -2.31691
0.61936 -5.12683 -1.21606 -2.30989
0.624192 -5.11847 -1.20683 -2.27461
0.624032 -5.1172 -1.20057 -2.26341
0.623915 -5.11589 -1.19393 -2.25131
0.623881 -5.11439 -1.18702 -2.23839
0.623957 -5.11266 -1.18024 -2.22535
0.62414 -5.11111 -1.17468 -2.21421
0.624408 -5.10985 -1.17084 -2.20602
0.624721 -5.10915 -1.1693 -2.20201
0.625044 -5.10874 -1.16961 -2.20146
0.625356 -5.10903 -1.17248 -2.20576
0.625653 -5.10942 -1.17681 -2.21286
0.625946 -5.11041 -1.18352 -2.22443
0.626262 -5.11177 -1.19228 -2.23977
0.626622 -5.11371 -1.20364 -2.25981
0.627024 -5.11618 -1.21757 -2.28449
0.627425 -5.11937 -1.23425 -2.31431
0.627741 -5.12293 -1.25257 -2.34749
0.627899 -5.12664 -1.27147 -2.3823
0.627861 -5.13108 -1.29107 -2.41918
0.627628 -5.13521 -1.30893 -2.45354
0.627244 -5.1391 -1.32461 -2.48446
0.626765 -5.1426 -1.33756 -2.51068
0.626241 -5.14511 -1.34664 -2.52983
0.625712 -5.14674 -1.352 -2.54205
0.625196 -5.14798 -1.35451 -2.54887
0.624706 -5.14857 -1.35385 -2.54962
0.624253 -5.14837 -1.34991 -2.54406
0.623838 -5.14728 -1.34272 -2.53218
0.623467 -5.14556 -1.3329 -2.51517
0.623144 -5.14326 -1.32083 -2.49367
0.62289 -5.14029 -1.30671 -2.46803
0.622731 -5.13686 -1.29132 -2.43958
0.622686 -5.13373 -1.2765 -2.41176
0.622769 -5.13017 -1.26157 -2.38322
0.622972 -5.12674 -1.24795 -2.35673
0.623286 -5.12392 -1.23689 -2.33466
0.623687 -5.12137 -1.2281 -2.31658
0.624143 -5.11959 -1.22265 -2.30461
0.624626 -5.11857 -1.22058 -2.29894
0.625092 -5.11813 -1.22148 -2.29891
0.625501 -5.11822 -1.22498 -2.304
0.625806 -5.11846 -1.22999 -2.3123
0.625974 -5.1198 -1.23761 -2.32599
0.626009 -5.12089 -1.24509 -2.33992
0.625943 -5.12231 -1.25311 -2.35524
0.625834 -5.12403 -1.26153 -2.37148
0.625744 -5.12504 -1.26881 -2.38552
0.625735 -5.12626 -1.27682 -2.40061
0.625845 -5.12725 -1.28526 -2.41605
0.626091 -5.12843 -1.29523 -2.43384
0.631429 -5.1227 -1.30328 -2.42826
0.63177 -5.12492 -1.31742 -2.45328
0.632037 -5.12735 -1.33251 -2.48032
0.632129 -5.13043 -1.34843 -2.5096
0.631979 -5.13349 -1.36305 -2.53741
0.631581 -5.13642 -1.37522 -2.56167
0.630983 -5.13854 -1.38314 -2.57887
0.630272 -5.13992 -1.38666 -2.58836
0.629539 -5.14005 -1.385 -2.58827
0.628866 -5.13961 -1.37963 -2.58099
0.628315 -5.13769 -1.36957 -2.56441
0.627922 -5.13507 -1.35681 -2.54211
0.627696 -5.13181 -1.3421 -2.51546
0.627611 -5.12852 -1.32701 -2.4875
0.627621 -5.1253 -1.31205 -2.45942
0.62769 -5.12169 -1.29671 -2.43042
0.627809 -5.11811 -1.28195 -2.40229
0.628 -5.11502 -1.26888 -2.37707
0.628286 -5.11209 -1.25732 -2.35435
0.628679 -5.10949 -1.24798 -2.33539
0.629161 -5.10805 -1.2425 -2.32336
0.629688 -5.10651 -1.23881 -2.31452
0.630213 -5.10596 -1.23862 -2.31223
0.630701 -5.10609 -1.24121 -2.31528
0.63112 -5.10693 -1.24626 -2.32315
0.631437 -5.10869 -1.25372 -2.33588
0.631631 -5.11067 -1.26188 -2.35036
0.631697 -5.11309 -1.27063 -2.36642
0.631651 -5.11583 -1.2794 -2.38292
0.631543 -5.11809 -1.28668 -2.3969
0.631434 -5.12064 -1.29385 -2.41066
0.631375 -5.12263 -1.29969 -2.42177
0.631371 -5.12462 -1.30531 -2.43226
0.631372 -5.12676 -1.31089 -2.44266
0.631298 -5.12866 -1.3154 -2.45134
0.631091 -5.13094 -1.31934 -2.4595
0.630747 -5.13249 -1.3204 -2.46281
0.630318 -5.13369 -1.31904 -2.46195
0.629889 -5.13403 -1.31458 -2.4553
0.629535 -5.13357 -1.30757 -2.44358
0.629307 -5.13231 -1.29859 -2.42767
0.629213 -5.13124 -1.28984 -2.41167
0.629238 -5.13017 -1.28144 -2.39587
0.629353 -5.12878 -1.27318 -2.38
0.629532 -5.12773 -1.26646 -2.36676
0.629754 -5.12727 -1.26187 -2.35736
0.629989 -5.12681 -1.25847 -2.35013
0.6302 -5.12682 -1.25697 -2.34654
0.630354 -5.12716 -1.25697 -2.34597
0.630435 -5.12768 -1.25794 -2.34748
0.635416 -5.12074 -1.25499 -2.32361
0.635309 -5.12133 -1.25637 -2.32656
0.635174 -5.1216 -1.25725 -2.32867
0.635048 -5.12181 -1.25812 -2.33075
0.63497 -5.12159 -1.25863 -2.33199
0.63497 -5.12163 -1.26025 -2.33499
0.635074 -5.1218 -1.26316 -2.34
0.635299 -5.12213 -1.26779 -2.34775
0.635635 -5.12255 -1.27436 -2.35866
0.636043 -5.12375 -1.28411 -2.37518
0.636466 -5.12521 -1.29604 -2.39566
0.636816 -5.12734 -1.31035 -2.42077
0.637011 -5.12969 -1.32542 -2.44787
0.636988 -5.13294 -1.34144 -2.47755
0.636734 -5.13592 -1.35548 -2.50446
0.636285 -5.13864 -1.36677 -2.52712
0.635694 -5.14048 -1.37374 -2.54236
0.635005 -5.14187 -1.3767 -2.55061
0.634238 -5.14199 -1.37399 -2.54866
0.633429 -5.14109 -1.36587 -2.53684
0.632632 -5.1386 -1.35149 -2.5133
0.631912 -5.13477 -1.33171 -2.47933
0.631334 -5.13025 -1.30827 -2.43792
0.630939 -5.12478 -1.28146 -2.38946
0.630733 -5.11881 -1.25283 -2.33684
0.630694 -5.11251 -1.22332 -2.28193
0.63079 -5.10597 -1.19362 -2.22619
0.630998 -5.09927 -1.16439 -2.17097
0.631319 -5.09342 -1.13786 -2.12041
0.63175 -5.08757 -1.1131 -2.07287
0.632274 -5.08305 -1.09278 -2.03333
0.632849 -5.07868 -1.0751 -1.99862
0.633416 -5.07543 -1.06168 -1.9719
0.633917 -5.07342 -1.05248 -1.95328
0.634303 -5.07174 -1.04555 -1.93923
0.634554 -5.07061 -1.04085 -1.92974
0.634685 -5.06997 -1.03792 -1.92391
0.634737 -5.06965 -1.03631 -1.92078
0.634781 -5.06913 -1.03525 -1.91867
0.634905 -5.06888 -1.0359 -1.91951
0.635181 -5.06857 -1.03831 -1.92314
0.635633 -5.06895 -1.04433 -1.93291
0.636207 -5.06988 -1.05392 -1.9489
0.636787 -5.07161 -1.06723 -1.97172
0.637245 -5.07453 -1.0842 -2.00163
0.637511 -5.07807 -1.10297 -2.03544
0.63759 -5.08194 -1.12234 -2.07092
0.637532 -5.08618 -1.14187 -2.10715
0.637408 -5.09011 -1.16014 -2.14128
0.637277 -5.09336 -1.17648 -2.17188
0.642151 -5.08922 -1.18786 -2.17625
0.642023 -5.09289 -1.203 -2.20442
0.641905 -5.0958 -1.21575 -2.22819
0.641746 -5.09891 -1.22749 -2.25027
0.641477 -5.10166 -1.23674 -2.26818
0.641046 -5.10378 -1.24242 -2.28013
0.640448 -5.10577 -1.24485 -2.28673
0.639719 -5.10645 -1.24169 -2.28353
0.638938 -5.10639 -1.23395 -2.27205
0.638205 -5.1048 -1.22073 -2.2503
0.637616 -5.10205 -1.2034 -2.2204
0.637235 -5.09831 -1.18316 -2.18436
0.63707 -5.09426 -1.16206 -2.14597
0.637078 -5.08996 -1.14083 -2.10673
0.63719 -5.08544 -1.1199 -2.06772
0.637352 -5.08157 -1.10094 -2.03219
0.637551 -5.07761 -1.08295 -1.99837
0.637794 -5.07405 -1.067 -1.96818
0.638079 -5.07072 -1.05301 -1.9415
0.638385 -5.06782 -1.0414 -1.91918
0.638692 -5.06551 -1.03245 -1.90177
0.63899 -5.06359 -1.02576 -1.88857
0.63928 -5.0617 -1.02069 -1.87839
0.639562 -5.06075 -1.01871 -1.87392
0.639832 -5.05993 -1.01832 -1.87241
0.640083 -5.05954 -1.01992 -1.8746
0.640313 -5.05984 -1.02373 -1.88093
0.640527 -5.06047 -1.02906 -1.8901
0.640746 -5.06147 -1.03592 -1.90204
0.641 -5.06247 -1.04376 -1.91568
0.641304 -5.06385 -1.05332 -1.93232
0.641645 -5.06578 -1.06491 -1.95254
0.64197 -5.0683 -1.07835 -1.97617
0.642194 -5.07149 -1.09328 -2.00284
0.642229 -5.07518 -1.10854 -2.03069
0.642008 -5.0787 -1.122 -2.05605
0.641519 -5.0813 -1.13145 -2.07495
0.640804 -5.08347 -1.13705 -2.08755
0.639955 -5.08451 -1.13731 -2.09079
0.639108 -5.08431 -1.13235 -2.08443
0.638415 -5.0831 -1.12335 -2.0701
0.638009 -5.08074 -1.11131 -2.04923
0.637979 -5.07791 -1.09883 -2.02631
0.638336 -5.07502 -1.08798 -2.00518
0.639005 -5.07289 -1.08108 -1.99037
0.639804 -5.07139 -1.07802 -1.98225
0.640489 -5.0713 -1.0793 -1.9825
0.640857 -5.07203 -1.08253 -1.98728
0.640817 -5.07355 -1.08607 -1.9939
0.640404 -5.07474 -1.08682 -1.99657
0.644699 -5.06783 -1.07913 -1.96924
0.643855 -5.06753 -1.07078 -1.95657
0.64306 -5.06563 -1.05677 -1.93336
0.642451 -5.06269 -1.03894 -1.90253
0.642129 -5.0589 -1.01873 -1.86646
0.642147 -5.0549 -0.998537 -1.82941
0.642493 -5.05066 -0.979394 -1.79337
0.643078 -5.04672 -0.962919 -1.7616
0.643747 -5.0438 -0.950357 -1.73681
0.644328 -5.04198 -0.941303 -1.71871
0.644687 -5.04079 -0.934004 -1.70444
0.644799 -5.0403 -0.927706 -1.69265
0.644739 -5.04027 -0.921525 -1.68153
0.644596 -5.03993 -0.914006 -1.66818
0.644388 -5.03941 -0.905138 -1.65253
0.644061 -5.0384 -0.893939 -1.63291
0.643586 -5.0369 -0.87996 -1.60856
0.643042 -5.03464 -0.862712 -1.57837
0.642584 -5.03145 -0.842588 -1.54265
0.642348 -5.02767 -0.821225 -1.50409
0.642384 -5.02365 -0.800317 -1.46571
0.642646 -5.01964 -0.781033 -1.42981
0.643012 -5.01587 -0.76397 -1.39778
0.643339 -5.01295 -0.749835 -1.37122
0.643502 -5.01007 -0.736557 -1.3466
0.643449 -5.00782 -0.724381 -1.32444
0.643226 -5.00484 -0.710507 -1.29953
0.64296 -5.00219 -0.696813 -1.27501
0.642818 -4.9992 -0.682862 -1.24976
0.642955 -4.99625 -0.670462 -1.2268
0.643438 -4.99327 -0.660697 -1.20803
0.644211 -4.99103 -0.655691 -1.19744
0.645104 -4.98973 -0.655835 -1.19604
0.645911 -4.98996 -0.661456 -1.20478
0.64648 -4.99106 -0.670276 -1.21977
0.646782 -4.99358 -0.682279 -1.24104
0.646897 -4.99635 -0.694891 -1.26375
0.646918 -4.99929 -0.707707 -1.28702
0.646883 -5.00183 -0.719563 -1.30865
0.646781 -5.00465 -0.731261 -1.33014
0.646586 -5.00738 -0.741774 -1.34967
0.646291 -5.00999 -0.750618 -1.36638
0.645916 -5.012 -0.756718 -1.37828
0.645509 -5.01358 -0.760283 -1.38565
0.645123 -5.01413 -0.760432 -1.38675
0.644806 -5.01461 -0.7591 -1.385
0.644581 -5.01429 -0.75542 -1.37877
0.644441 -5.01345 -0.750154 -1.36946
0.644352 -5.01295 -0.744953 -1.36015
0.644292 -5.01207 -0.738749 -1.34895
0.649243 -5.00355 -0.727743 -1.31872
0.649251 -5.00217 -0.720466 -1.30552
0.649391 -5.00126 -0.714702 -1.29479
0.649667 -5.00008 -0.709759 -1.28529
0.650032 -4.99933 -0.707152 -1.27985
0.650402 -4.99927 -0.707257 -1.27931
0.6507 -4.99964 -0.70934 -1.28249
0.650875 -5.00093 -0.713808 -1.29022
0.65091 -5.00246 -0.719081 -1.29968
0.650835 -5.00391 -0.724331 -1.30932
0.650711 -5.0051 -0.729237 -1.31844
0.650622 -5.00589 -0.733811 -1.3269
0.650647 -5.00729 -0.740278 -1.33854
0.650832 -5.00821 -0.747344 -1.35093
0.65118 -5.00943 -0.756846 -1.36737
0.651651 -5.01092 -0.769019 -1.38836
0.652168 -5.01327 -0.784752 -1.41564
0.652641 -5.01672 -0.804056 -1.44942
0.652969 -5.02055 -0.824888 -1.48622
0.653054 -5.02484 -0.846248 -1.52451
0.652827 -5.02978 -0.867126 -1.56266
0.652276 -5.03442 -0.88468 -1.59564
0.65144 -5.03812 -0.896774 -1.61953
0.650403 -5.04012 -0.901516 -1.63069
0.64928 -5.04088 -0.899528 -1.62991
0.648198 -5.03956 -0.889725 -1.61484
0.647254 -5.03669 -0.87365 -1.58797
0.646519 -5.03249 -0.852586 -1.55145
0.646023 -5.02712 -0.827732 -1.50738
0.645747 -5.02128 -0.801123 -1.45955
0.645657 -5.01502 -0.77362 -1.40964
0.645744 -5.00835 -0.745996 -1.35912
0.646031 -5.00223 -0.720811 -1.31265
0.646549 -4.99622 -0.69833 -1.27069
0.647324 -4.99106 -0.680919 -1.23753
0.648365 -4.98693 -0.669954 -1.21564
0.649634 -4.98465 -0.667638 -1.20908
0.651035 -4.984 -0.67395 -1.21788
0.652427 -4.98543 -0.689418 -1.24317
0.653656 -4.98906 -0.713415 -1.28403
0.6546 -4.99449 -0.744079 -1.33728
0.655197 -5.00102 -0.778828 -1.39846
0.655453 -5.00899 -0.816996 -1.46642
0.655418 -5.01683 -0.854916 -1.53457
0.655163 -5.02499 -0.892519 -1.60269
0.654749 -5.03281 -0.928154 -1.66773
0.654223 -5.04003 -0.960912 -1.72798
0.653607 -5.04655 -0.990245 -1.78241
0.65291 -5.05215 -1.01542 -1.82966
0.652152 -5.05646 -1.03554 -1.8681
0.656346 -5.05232 -1.04673 -1.87622
0.65554 -5.05378 -1.05587 -1.89493
0.654844 -5.05476 -1.06163 -1.90729
0.654332 -5.05422 -1.06295 -1.91115
0.654036 -5.05333 -1.06257 -1.91134
0.653932 -5.05214 -1.06118 -1.90914
0.653948 -5.04997 -1.0579 -1.9032
0.65399 -5.04869 -1.05585 -1.89939
0.653996 -5.04729 -1.05317 -1.89455
0.653959 -5.04586 -1.0499 -1.88877
0.65392 -5.04458 -1.04644 -1.88266
0.653933 -5.04306 -1.04245 -1.87545
0.654034 -5.04134 -1.03837 -1.86781
0.65423 -5.0397 -1.03502 -1.86122
0.654502 -5.03849 -1.03323 -1.85723
0.65481 -5.03757 -1.03284 -1.85566
0.655118 -5.03774 -1.03512 -1.85889
0.655392 -5.03806 -1.03828 -1.86378
0.655605 -5.03848 -1.04197 -1.8698
0.655741 -5.03932 -1.04638 -1.87732
0.655781 -5.0401 -1.05029 -1.88423
0.655717 -5.04119 -1.05392 -1.89092
0.655558 -5.0424 -1.05662 -1.89622
0.655314 -5.04357 -1.05775 -1.89896
0.654982 -5.04391 -1.0557 -1.89623
0.654552 -5.04388 -1.05087 -1.8888
0.654022 -5.04337 -1.04283 -1.87588
0.653425 -5.04164 -1.03027 -1.85497
0.652831 -5.03965 -1.01508 -1.82928
0.652349 -5.03621 -0.995989 -1.7962
0.652101 -5.03193 -0.975208 -1.7594
0.652179 -5.02738 -0.955174 -1.72304
0.652617 -5.0233 -0.938559 -1.69194
0.653366 -5.01952 -0.92626 -1.66785
0.654322 -5.01693 -0.920471 -1.65501
0.65535 -5.01565 -0.921483 -1.65423
0.6563 -5.01627 -0.929893 -1.66691
0.65706 -5.01803 -0.9436 -1.68952
0.657574 -5.0213 -0.962238 -1.72155
0.65783 -5.02495 -0.98297 -1.75795
0.657858 -5.02923 -1.00537 -1.79794
0.657722 -5.03326 -1.02739 -1.8377
0.657501 -5.0375 -1.04952 -1.87791
0.657285 -5.04141 -1.07083 -1.91668
0.657151 -5.04498 -1.09156 -1.95418
0.657134 -5.0484 -1.11236 -1.99146
0.657211 -5.05126 -1.13262 -2.02749
0.657313 -5.05473 -1.15414 -2.0657
0.657371 -5.05849 -1.17598 -2.10461
0.657361 -5.06169 -1.19632 -2.14103
0.662277 -5.05773 -1.21201 -2.15302
0.662129 -5.06097 -1.23013 -2.18569
0.661971 -5.06429 -1.24701 -2.21621
0.6618 -5.067 -1.26132 -2.24223
0.661604 -5.06966 -1.27386 -2.26519
0.661374 -5.07199 -1.28394 -2.28391
0.661096 -5.07398 -1.29133 -2.29802
0.660749 -5.07557 -1.29565 -2.30693
0.660313 -5.07653 -1.29621 -2.30944
0.659789 -5.07683 -1.29273 -2.30507
0.659211 -5.07698 -1.28601 -2.2951
0.658637 -5.07534 -1.27345 -2.27466
0.658118 -5.07354 -1.25817 -2.24915
0.657695 -5.07108 -1.23987 -2.21785
0.657395 -5.06772 -1.21862 -2.18084
0.657213 -5.0638 -1.19553 -2.14011
0.657133 -5.05979 -1.17175 -2.09779
0.657122 -5.05563 -1.14744 -2.0543
0.657138 -5.05113 -1.12238 -2.0094
0.657149 -5.04685 -1.0975 -1.96482
0.657132 -5.0426 -1.07241 -1.91995
0.657087 -5.0381 -1.04658 -1.87384
0.657012 -5.03343 -1.02007 -1.82657
0.656883 -5.02928 -0.993895 -1.78006
0.656655 -5.02468 -0.966097 -1.73087
0.65632 -5.01977 -0.936656 -1.67898
0.655947 -5.01423 -0.905159 -1.62344
0.655694 -5.00809 -0.87249 -1.56545
0.655772 -5.00183 -0.841054 -1.50887
0.656326 -4.99547 -0.812813 -1.45698
0.657359 -4.99023 -0.791611 -1.41674
0.65874 -4.98607 -0.778398 -1.39017
0.660252 -4.9844 -0.775699 -1.38218
0.661678 -4.98493 -0.782407 -1.39113
0.662843 -4.98742 -0.796925 -1.41445
0.66364 -4.99136 -0.81693 -1.44821
0.664041 -4.99713 -0.841582 -1.49102
0.66408 -5.00319 -0.866972 -1.53591
0.663836 -5.00929 -0.891707 -1.58031
0.663398 -5.01477 -0.913946 -1.62079
0.662837 -5.02007 -0.934006 -1.65777
0.662204 -5.02455 -0.950498 -1.68865
0.66156 -5.02769 -0.962517 -1.71167
0.660966 -5.03023 -0.971486 -1.72917
0.660474 -5.03135 -0.976453 -1.73931
0.660117 -5.03178 -0.979125 -1.74501
0.6599 -5.03209 -0.980987 -1.74891
0.659804 -5.03199 -0.981956 -1.75089
0.659807 -5.03184 -0.982993 -1.75273
0.659884 -5.03128 -0.983751 -1.75388
0.664989 -5.02384 -0.981752 -1.73687
0.665101 -5.02375 -0.984197 -1.74091
0.665215 -5.02368 -0.987125 -1.74579
0.665296 -5.02397 -0.990946 -1.75233
0.665325 -5.02473 -0.99564 -1.76055
0.665313 -5.02503 -0.999513 -1.76744
0.665283 -5.026 -1.00437 -1.7761
0.665254 -5.0261 -1.00763 -1.78195
0.66525 -5.02678 -1.0118 -1.78932
0.665285 -5.02699 -1.01517 -1.7952
0.66534 -5.02731 -1.01873 -1.80135
0.665368 -5.02781 -1.0224 -1.80776
0.665308 -5.02842 -1.02561 -1.8136
0.665124 -5.02895 -1.0276 -1.81762
0.664835 -5.02967 -1.02852 -1.82003
0.66451 -5.0295 -1.02657 -1.81748
0.664237 -5.02882 -1.02283 -1.81159
0.664103 -5.0279 -1.0184 -1.80411
0.66418 -5.02644 -1.01368 -1.79555
0.664496 -5.02475 -1.01015 -1.78844
0.665019 -5.02428 -1.01095 -1.78845
0.665667 -5.02442 -1.0154 -1.79457
0.666332 -5.02511 -1.02331 -1.80674
0.666917 -5.02741 -1.03608 -1.82768
0.667347 -5.03027 -1.05118 -1.85314
0.667573 -5.03376 -1.06798 -1.8821
0.667579 -5.03786 -1.08549 -1.91296
0.667357 -5.04173 -1.10142 -1.94167
0.666914 -5.04511 -1.11447 -1.96598
0.666275 -5.04818 -1.1242 -1.98504
0.665494 -5.05019 -1.12885 -1.99559
0.664651 -5.05135 -1.1286 -1.99769
0.663836 -5.05087 -1.12235 -1.98907
0.66315 -5.04916 -1.11139 -1.97167
0.662676 -5.04606 -1.09629 -1.94627
0.662441 -5.04279 -1.07999 -1.91803
0.662411 -5.03879 -1.06227 -1.88664
0.662495 -5.03469 -1.04449 -1.85482
0.662591 -5.03123 -1.0279 -1.8251
0.662637 -5.02764 -1.01105 -1.79506
0.662626 -5.02401 -0.993949 -1.76472
0.662613 -5.02052 -0.97709 -1.73483
0.662666 -5.01708 -0.960699 -1.70559
0.662823 -5.01346 -0.944807 -1.67698
0.66306 -5.01058 -0.9312 -1.65223
0.663314 -5.00786 -0.918892 -1.62977
0.663538 -5.005 -0.907164 -1.60843
0.663749 -5.00286 -0.897481 -1.59075
0.664006 -5.00101 -0.889316 -1.57567
0.664347 -4.99927 -0.882652 -1.56306
0.669687 -4.99049 -0.87359 -1.53468
0.669886 -4.99025 -0.870885 -1.52947
0.669848 -4.99028 -0.868015 -1.52452
0.669567 -4.99037 -0.863842 -1.51782
0.669128 -4.98966 -0.856578 -1.50605
0.668648 -4.98843 -0.846757 -1.48985
0.668213 -4.98611 -0.833796 -1.468
0.66787 -4.98319 -0.818979 -1.44265
0.667649 -4.97985 -0.803135 -1.41521
0.667577 -4.97603 -0.786801 -1.38658
0.667692 -4.97253 -0.772123 -1.36048
0.668033 -4.96856 -0.758659 -1.33607
0.668601 -4.96538 -0.749351 -1.31856
0.669329 -4.9629 -0.744451 -1.30851
0.670093 -4.96226 -0.745797 -1.30938
0.670764 -4.96257 -0.751315 -1.31775
0.67128 -4.9638 -0.760285 -1.33246
0.671655 -4.96597 -0.772183 -1.35256
0.671945 -4.96828 -0.785365 -1.37505
0.672192 -4.97122 -0.800469 -1.40098
0.672415 -4.97437 -0.816659 -1.42884
0.672608 -4.97835 -0.834734 -1.46005
0.67275 -4.98191 -0.852251 -1.49037
0.672823 -4.98577 -0.870091 -1.5214
0.672814 -4.98996 -0.887887 -1.55254
0.672707 -4.99413 -0.904631 -1.58207
0.672467 -4.99826 -0.919682 -1.60897
0.672053 -5.00175 -0.93133 -1.63035
0.671454 -5.00462 -0.938929 -1.64512
0.670702 -5.00667 -0.941722 -1.65186
0.669886 -5.00776 -0.939408 -1.64981
0.669115 -5.00714 -0.93113 -1.63716
0.668488 -5.00559 -0.918922 -1.61721
0.668061 -5.00367 -0.904619 -1.59305
0.667838 -5.00048 -0.887536 -1.56349
0.667788 -4.99689 -0.869796 -1.53236
0.667884 -4.99347 -0.852965 -1.50249
0.668133 -4.99036 -0.837936 -1.47547
0.66855 -4.98726 -0.824906 -1.45162
0.669112 -4.98552 -0.816625 -1.43584
0.669722 -4.98405 -0.811285 -1.42515
0.670244 -4.98386 -0.810079 -1.42192
0.670575 -4.98438 -0.811205 -1.4232
0.670696 -4.98569 -0.814042 -1.42791
0.670666 -4.98674 -0.816343 -1.43201
0.670577 -4.98769 -0.818281 -1.43561
0.670506 -4.98859 -0.820027 -1.43882
0.670497 -4.98936 -0.821689 -1.44176
0.670547 -4.98989 -0.823216 -1.44433
0.670617 -4.99102 -0.825974 -1.44902
0.67562 -4.98455 -0.824136 -1.43508
0.675497 -4.98531 -0.82537 -1.43749
0.675254 -4.98625 -0.825842 -1.43883
0.674908 -4.98663 -0.823961 -1.43629
0.674488 -4.98643 -0.819582 -1.42955
0.674032 -4.98527 -0.812009 -1.4173
0.67359 -4.98374 -0.802434 -1.40151
0.673212 -4.98159 -0.790782 -1.38193
0.672959 -4.97867 -0.777292 -1.35887
0.672882 -4.97532 -0.763258 -1.33449
0.673022 -4.97247 -0.751009 -1.3128
0.673384 -4.96936 -0.739974 -1.29281
0.673898 -4.96669 -0.73165 -1.27729
0.674423 -4.965 -0.726661 -1.2676
0.674785 -4.96413 -0.723829 -1.26198
0.674836 -4.96371 -0.721191 -1.25728
0.674515 -4.96369 -0.717244 -1.251
0.673877 -4.96323 -0.709568 -1.23878
0.673069 -4.96147 -0.696376 -1.21721
0.672287 -4.95867 -0.67851 -1.18736
0.671703 -4.95438 -0.656212 -1.14934
0.67141 -4.94968 -0.632468 -1.10823
0.67141 -4.94443 -0.608148 -1.06562
0.671661 -4.93901 -0.584794 -1.02432
0.672124 -4.93402 -0.564226 -0.987609
0.672799 -4.93007 -0.5483 -0.95877
0.6737 -4.92675 -0.53725 -0.93819
0.674808 -4.92477 -0.532999 -0.929239
0.67602 -4.92454 -0.536455 -0.933587
0.677159 -4.92616 -0.547281 -0.950826
0.678043 -4.9297 -0.564409 -0.979304
0.678535 -4.93428 -0.584846 -1.01403
0.678584 -4.93963 -0.606572 -1.05162
0.678232 -4.94488 -0.626819 -1.08729
0.677582 -4.94951 -0.643904 -1.11799
0.676789 -4.95326 -0.657169 -1.14236
0.676017 -4.95575 -0.666316 -1.15959
0.675403 -4.95723 -0.672529 -1.17146
0.675037 -4.95767 -0.676742 -1.17944
0.674947 -4.95777 -0.681098 -1.18719
0.675105 -4.95785 -0.686863 -1.19696
0.675432 -4.95775 -0.694193 -1.20915
0.675827 -4.95861 -0.705002 -1.22726
0.676187 -4.96007 -0.718325 -1.24978
0.676425 -4.96176 -0.732887 -1.27467
0.676493 -4.96414 -0.748749 -1.30213
0.676378 -4.96639 -0.763778 -1.32849
0.6761 -4.96825 -0.776905 -1.35188
0.675709 -4.96998 -0.788228 -1.37238
0.67527 -4.97106 -0.796738 -1.38809
0.679817 -4.96382 -0.797851 -1.38074
0.67939 -4.96379 -0.801096 -1.38722
0.679032 -4.96292 -0.801617 -1.38886
0.678756 -4.96137 -0.799992 -1.38661
0.678617 -4.95971 -0.797813 -1.38311
0.678707 -4.95763 -0.795497 -1.37891
0.679101 -4.95557 -0.794949 -1.37717
0.679797 -4.95441 -0.798665 -1.38219
0.680692 -4.95426 -0.807293 -1.39528
0.681598 -4.95552 -0.82123 -1.41748
0.68233 -4.95798 -0.839181 -1.44691
0.682785 -4.9615 -0.85974 -1.48137
0.682963 -4.96567 -0.88125 -1.51804
0.682949 -4.97022 -0.902687 -1.555
0.682843 -4.97451 -0.922693 -1.58971
0.682697 -4.97911 -0.942097 -1.62349
0.68252 -4.98312 -0.959183 -1.65336
0.682294 -4.987 -0.974478 -1.68028
0.682002 -4.99018 -0.986733 -1.70214
0.681633 -4.99302 -0.996223 -1.71944
0.681178 -4.99561 -1.00277 -1.73189
0.680632 -4.99689 -1.00426 -1.73586
0.680032 -4.99799 -1.00247 -1.7343
0.679445 -4.99817 -0.996291 -1.7251
0.678927 -4.99744 -0.986096 -1.70874
0.678482 -4.99576 -0.972052 -1.68551
0.67804 -4.99363 -0.954929 -1.6569
0.677505 -4.99099 -0.93422 -1.62225
0.676855 -4.98712 -0.908382 -1.5789
0.676172 -4.98232 -0.87807 -1.52775
0.675602 -4.97636 -0.843673 -1.46914
0.67528 -4.9694 -0.806614 -1.40528
0.675262 -4.9625 -0.769974 -1.34148
0.675523 -4.95546 -0.734443 -1.27908
0.675983 -4.9487 -0.701482 -1.22085
0.676551 -4.94217 -0.671376 -1.16747
0.677163 -4.93685 -0.646022 -1.12237
0.677793 -4.93248 -0.625164 -1.08512
0.678445 -4.92934 -0.609467 -1.05686
0.679126 -4.92707 -0.598484 -1.03677
0.679805 -4.9256 -0.592072 -1.02464
0.680429 -4.92556 -0.591008 -1.02186
0.680936 -4.92643 -0.593841 -1.02599
0.681285 -4.92803 -0.599608 -1.03543
0.681481 -4.92987 -0.606832 -1.0476
0.681559 -4.93212 -0.615322 -1.06214
0.681552 -4.93451 -0.624284 -1.07762
0.681477 -4.93713 -0.633498 -1.09364
0.681337 -4.93929 -0.641522 -1.10772
0.681131 -4.94156 -0.649028 -1.12102
0.685842 -4.93569 -0.650092 -1.11515
0.685465 -4.93679 -0.653052 -1.12084
0.685034 -4.9374 -0.653628 -1.12253
0.68457 -4.93726 -0.651374 -1.11942
0.684122 -4.93674 -0.647103 -1.11281
0.683756 -4.93565 -0.640965 -1.10285
0.683557 -4.93397 -0.633721 -1.0907
0.68363 -4.93172 -0.626588 -1.07831
0.684058 -4.92961 -0.622161 -1.07002
0.684829 -4.9282 -0.622527 -1.06944
0.68578 -4.92797 -0.628861 -1.07882
0.686643 -4.92923 -0.640935 -1.09816
0.687192 -4.93158 -0.656637 -1.12416
0.687364 -4.93514 -0.674764 -1.1549
0.687253 -4.93862 -0.692277 -1.18507
0.687006 -4.94194 -0.708726 -1.21367
0.686763 -4.94533 -0.724649 -1.24137
0.686617 -4.94779 -0.738701 -1.26571
0.68662 -4.95014 -0.752768 -1.28981
0.686776 -4.95253 -0.767471 -1.3147
0.687006 -4.95474 -0.782513 -1.34002
0.687179 -4.95764 -0.798865 -1.36768
0.687177 -4.96089 -0.815169 -1.3956
0.686966 -4.96402 -0.829883 -1.42122
0.686594 -4.96679 -0.842169 -1.44305
0.686122 -4.96897 -0.851451 -1.45995
0.685606 -4.97043 -0.857469 -1.47138
0.685126 -4.9713 -0.860807 -1.47814
0.684781 -4.97149 -0.861955 -1.48086
0.684639 -4.97121 -0.862121 -1.48145
0.684682 -4.97104 -0.862863 -1.48263
0.684822 -4.97037 -0.863385 -1.48323
0.684951 -4.97036 -0.865435 -1.48647
0.684994 -4.97005 -0.867014 -1.48909
0.684941 -4.97012 -0.868927 -1.49249
0.684838 -4.97024 -0.870505 -1.49542
0.684756 -4.96991 -0.871079 -1.49659
0.68475 -4.96956 -0.871638 -1.49756
0.684825 -4.96917 -0.872395 -1.4987
0.684943 -4.96904 -0.873853 -1.50094
0.685048 -4.96899 -0.875507 -1.50356
0.685089 -4.96916 -0.877298 -1.50654
0.685038 -4.96925 -0.878302 -1.50838
0.684902 -4.96946 -0.878617 -1.50922
0.684723 -4.96939 -0.877496 -1.50769
0.684562 -4.96912 -0.875308 -1.50428
0.684486 -4.96858 -0.872405 -1.49946
0.684552 -4.96779 -0.869465 -1.49426
0.684792 -4.96709 -0.867759 -1.49081
0.685201 -4.96691 -0.868679 -1.4915
0.690709 -4.95989 -0.868372 -1.47908
0.691224 -4.96107 -0.875307 -1.48978
0.691652 -4.96289 -0.884631 -1.50472
0.691871 -4.96544 -0.895552 -1.52281
0.691793 -4.96835 -0.906264 -1.5412
0.691404 -4.9711 -0.914739 -1.55649
0.690777 -4.97305 -0.919148 -1.56541
0.690063 -4.9742 -0.919406 -1.56747
0.689422 -4.97431 -0.915547 -1.56234
0.688968 -4.97327 -0.908156 -1.55075
0.68872 -4.97146 -0.898582 -1.53496
0.688649 -4.96977 -0.888897 -1.51857
0.688722 -4.96762 -0.878558 -1.50075
0.688912 -4.96551 -0.868789 -1.48365
0.68917 -4.96389 -0.860532 -1.469
0.689425 -4.96275 -0.853627 -1.45667
0.689596 -4.96162 -0.846896 -1.44483
0.689624 -4.96091 -0.840505 -1.43387
0.689496 -4.96069 -0.834033 -1.42309
0.689249 -4.9602 -0.82595 -1.4098
0.688946 -4.95896 -0.81539 -1.39239
0.688659 -4.95753 -0.803538 -1.37272
0.688434 -4.95528 -0.78973 -1.34958
0.688288 -4.9531 -0.775806 -1.32606
0.6882 -4.95046 -0.761119 -1.30113
0.68812 -4.94797 -0.746737 -1.27669
0.688003 -4.94501 -0.731457 -1.25077
0.687817 -4.94239 -0.716426 -1.2254
0.687571 -4.93891 -0.699494 -1.19687
0.687321 -4.93536 -0.682071 -1.16748
0.687147 -4.93119 -0.663643 -1.13623
0.68713 -4.92684 -0.645605 -1.10537
0.687325 -4.92303 -0.629985 -1.07832
0.687731 -4.91906 -0.616308 -1.05429
0.688307 -4.91583 -0.606627 -1.03686
0.689 -4.91339 -0.601276 -1.02668
0.689746 -4.91179 -0.60046 -1.02418
0.690481 -4.91117 -0.604198 -1.02946
0.691129 -4.91183 -0.612525 -1.04267
0.691618 -4.91345 -0.624161 -1.06172
0.691897 -4.91577 -0.637776 -1.08445
0.691987 -4.91837 -0.651979 -1.10845
0.691982 -4.92103 -0.666034 -1.13235
0.692009 -4.92387 -0.680332 -1.15662
0.692173 -4.92693 -0.695366 -1.1819
0.692483 -4.93052 -0.712007 -1.20964
0.692819 -4.93426 -0.729286 -1.2384
0.692964 -4.93839 -0.746502 -1.26736
0.692735 -4.94278 -0.761799 -1.29376
0.692046 -4.94677 -0.772349 -1.31299
0.695913 -4.94232 -0.77152 -1.30429
0.694478 -4.94373 -0.765938 -1.29753
0.692977 -4.9431 -0.750921 -1.27484
0.691613 -4.94015 -0.726953 -1.23659
0.690574 -4.93455 -0.695106 -1.18419
0.689986 -4.92808 -0.66029 -1.12584
0.689891 -4.92084 -0.624665 -1.06524
0.69025 -4.91347 -0.590982 -1.00728
0.69096 -4.90629 -0.561008 -0.955206
0.691899 -4.90002 -0.536688 -0.912558
0.692965 -4.89507 -0.519106 -0.881304
0.694088 -4.89223 -0.50972 -0.863969
0.695213 -4.89094 -0.5075 -0.858814
0.696271 -4.89111 -0.51186 -0.864876
0.697155 -4.89305 -0.522453 -0.881656
0.697724 -4.8963 -0.537101 -0.905635
0.697879 -4.9002 -0.55299 -0.932221
0.697612 -4.9043 -0.567822 -0.957589
0.697007 -4.90826 -0.579897 -0.978801
0.696193 -4.91141 -0.587517 -0.992823
0.695307 -4.91332 -0.589887 -0.998098
0.69447 -4.91403 -0.587369 -0.995036
0.693779 -4.91339 -0.580336 -0.984101
0.693311 -4.91168 -0.570194 -0.967556
0.693128 -4.90938 -0.558863 -0.948578
0.693267 -4.90685 -0.548131 -0.930176
0.693689 -4.90418 -0.539098 -0.91429
0.69429 -4.90225 -0.533709 -0.904367
0.694917 -4.9011 -0.531881 -0.900456
0.69542 -4.90107 -0.533544 -0.902618
0.695721 -4.90157 -0.536917 -0.907931
0.695836 -4.90238 -0.54105 -0.914769
0.695857 -4.90371 -0.546137 -0.923341
0.695878 -4.9052 -0.551731 -0.93277
0.695925 -4.90648 -0.557367 -0.942237
0.69595 -4.90797 -0.563659 -0.952838
0.695889 -4.90939 -0.569799 -0.963304
0.695726 -4.91048 -0.575087 -0.972471
0.695531 -4.91169 -0.580371 -0.981681
0.695425 -4.91258 -0.585453 -0.990428
0.695514 -4.91353 -0.59184 -1.0011
0.695837 -4.91425 -0.599888 -1.01425
0.696352 -4.91553 -0.611459 -1.03305
0.696967 -4.9175 -0.626902 -1.0582
0.697566 -4.92028 -0.646128 -1.08972
0.698063 -4.92425 -0.669172 -1.12778
0.698416 -4.92882 -0.694342 -1.16961
0.69862 -4.9338 -0.720646 -1.21356
0.698675 -4.93912 -0.747287 -1.25833
0.698585 -4.94472 -0.773466 -1.30258
0.703324 -4.94258 -0.79324 -1.32688
0.702849 -4.94752 -0.813847 -1.36227
0.702185 -4.95177 -0.829847 -1.39036
0.701337 -4.95557 -0.840973 -1.41071
0.700354 -4.95779 -0.844916 -1.41931
0.699327 -4.95835 -0.841564 -1.41576
0.698365 -4.95725 -0.831368 -1.40053
0.697556 -4.95503 -0.815986 -1.37621
0.696932 -4.95161 -0.796112 -1.34389
0.696484 -4.94738 -0.773123 -1.30592
0.696195 -4.94196 -0.747112 -1.26251
0.696088 -4.93588 -0.719819 -1.21658
0.69622 -4.92973 -0.693335 -1.1716
0.696613 -4.92376 -0.669166 -1.13012
0.697216 -4.91841 -0.648804 -1.09478
0.697903 -4.91466 -0.634049 -1.06883
0.698527 -4.91144 -0.622667 -1.04871
0.699001 -4.90915 -0.614706 -1.0346
0.699332 -4.90753 -0.609239 -1.02491
0.699589 -4.90654 -0.606047 -1.01917
0.699841 -4.90602 -0.604831 -1.01675
0.700092 -4.90567 -0.605019 -1.01671
0.700288 -4.90565 -0.606514 -1.01893
0.700362 -4.90599 -0.608764 -1.0226
0.700257 -4.90689 -0.611386 -1.02716
0.699974 -4.90739 -0.61212 -1.02881
0.699585 -4.90752 -0.610791 -1.02715
0.699199 -4.9068 -0.606743 -1.02091
0.698928 -4.90571 -0.601418 -1.01234
0.698842 -4.90384 -0.594853 -1.00141
0.69893 -4.90193 -0.58889 -0.991246
0.699126 -4.90034 -0.584478 -0.983545
0.699354 -4.89934 -0.58211 -0.97924
0.699587 -4.89818 -0.580578 -0.976337
0.699858 -4.89736 -0.580928 -0.976547
0.700214 -4.89678 -0.583334 -0.980094
0.700667 -4.89711 -0.589276 -0.989436
0.701174 -4.89803 -0.598191 -1.00368
0.701615 -4.89937 -0.609314 -1.0217
0.701858 -4.90209 -0.623251 -1.04471
0.70182 -4.90515 -0.637096 -1.06797
0.701501 -4.90782 -0.64859 -1.08773
0.701002 -4.91026 -0.657506 -1.10347
0.70048 -4.91166 -0.662578 -1.11281
0.700094 -4.91251 -0.665309 -1.11802
0.69994 -4.91213 -0.665433 -1.11847
0.700028 -4.91193 -0.666093 -1.11944
0.700284 -4.91206 -0.667963 -1.12217
0.700582 -4.91234 -0.670634 -1.12618
0.700789 -4.91312 -0.674142 -1.13174
0.705788 -4.90719 -0.673781 -1.12312
0.705533 -4.90858 -0.67545 -1.12631
0.705054 -4.90957 -0.67378 -1.12429
0.704374 -4.90963 -0.667256 -1.11447
0.703558 -4.90885 -0.655694 -1.09643
0.702693 -4.90672 -0.638259 -1.06859
0.701881 -4.90316 -0.615207 -1.03119
0.701213 -4.89856 -0.587979 -0.98649
0.700754 -4.89263 -0.557014 -0.93515
0.70052 -4.88629 -0.524781 -0.88133
0.700515 -4.87958 -0.492329 -0.826835
0.700757 -4.87247 -0.460678 -0.773412
0.701283 -4.86614 -0.432993 -0.726389
0.702117 -4.86054 -0.410433 -0.687723
0.703226 -4.85632 -0.395038 -0.660884
0.704475 -4.85359 -0.387287 -0.646768
0.705638 -4.85277 -0.387197 -0.645551
0.706452 -4.85378 -0.393018 -0.654502
0.70674 -4.85582 -0.401296 -0.668015
0.706497 -4.85837 -0.409288 -0.681554
0.705888 -4.86064 -0.414649 -0.691077
0.705176 -4.86191 -0.416188 -0.694342
0.704618 -4.86199 -0.414409 -0.691921
0.704373 -4.86135 -0.411348 -0.687049
0.704465 -4.86061 -0.409176 -0.683332
0.704778 -4.85988 -0.408563 -0.682006
0.705127 -4.85979 -0.410398 -0.68473
0.705385 -4.8605 -0.414475 -0.691279
0.705535 -4.86079 -0.418353 -0.697599
0.705656 -4.86143 -0.423351 -0.70581
0.705835 -4.86263 -0.430102 -0.716885
0.7061 -4.86401 -0.438226 -0.730151
0.706415 -4.86575 -0.448039 -0.746169
0.706688 -4.86796 -0.459336 -0.764687
0.706826 -4.87045 -0.47112 -0.784153
0.706764 -4.87324 -0.48258 -0.803296
0.706493 -4.87592 -0.492251 -0.81971
0.706072 -4.87824 -0.499282 -0.831913
0.705598 -4.87946 -0.502372 -0.837624
0.705162 -4.88031 -0.502981 -0.839158
0.704799 -4.88043 -0.500798 -0.835946
0.704473 -4.88011 -0.496367 -0.828933
0.704116 -4.87923 -0.489275 -0.817504
0.703658 -4.87815 -0.479686 -0.802004
0.703078 -4.87648 -0.466586 -0.780745
0.702424 -4.87358 -0.448772 -0.751637
0.701799 -4.86942 -0.426578 -0.715099
0.701334 -4.86477 -0.402156 -0.674608
0.701143 -4.8593 -0.376201 -0.63124
0.701296 -4.85373 -0.351321 -0.589365
0.70675 -4.8406 -0.324354 -0.539925
0.707469 -4.83552 -0.305807 -0.508535
0.708366 -4.83167 -0.293092 -0.486775
0.709316 -4.82936 -0.286785 -0.475662
0.710212 -4.82874 -0.286802 -0.475089
0.710988 -4.82884 -0.290977 -0.481479
0.711611 -4.83032 -0.299776 -0.495604
0.712061 -4.83284 -0.311939 -0.515387
0.712322 -4.83586 -0.325735 -0.537985
0.71238 -4.83924 -0.340103 -0.561668
0.712223 -4.84288 -0.353963 -0.584687
0.711867 -4.84609 -0.365374 -0.603838
0.711357 -4.84907 -0.374083 -0.618672
0.710754 -4.85114 -0.378645 -0.62675
0.710109 -4.85232 -0.378921 -0.627776
0.709447 -4.85282 -0.37527 -0.622307
0.708782 -4.85173 -0.366139 -0.607734
0.708157 -4.8497 -0.352906 -0.586288
0.707656 -4.84668 -0.336096 -0.558755
0.707369 -4.84314 -0.317508 -0.528068
0.707303 -4.83902 -0.297886 -0.495479
0.707387 -4.83465 -0.278349 -0.462928
0.707574 -4.83059 -0.260245 -0.432706
0.707898 -4.82684 -0.244236 -0.405901
0.708439 -4.8235 -0.231454 -0.384364
0.709199 -4.82139 -0.224104 -0.371759
0.710077 -4.82065 -0.222661 -0.368909
0.710922 -4.82087 -0.226096 -0.374155
0.711606 -4.82194 -0.23342 -0.385904
0.712039 -4.82442 -0.244556 -0.404068
0.712158 -4.82733 -0.256672 -0.424017
0.711944 -4.83058 -0.268396 -0.443518
0.711436 -4.83319 -0.27715 -0.458311
0.710727 -4.83536 -0.282742 -0.468024
0.709986 -4.83653 -0.284382 -0.47123
0.709406 -4.83663 -0.282811 -0.469011
0.709138 -4.83564 -0.279292 -0.46335
0.709247 -4.83402 -0.275887 -0.457631
0.709677 -4.83307 -0.275761 -0.457144
0.710288 -4.83238 -0.278489 -0.46127
0.710914 -4.83286 -0.285327 -0.47218
0.711395 -4.83448 -0.295347 -0.488431
0.711596 -4.83646 -0.305969 -0.505853
0.711459 -4.83913 -0.316482 -0.523336
0.711024 -4.84097 -0.323321 -0.534973
0.710423 -4.84233 -0.326692 -0.541007
0.709856 -4.84298 -0.326619 -0.541318
0.709495 -4.84252 -0.323406 -0.536265
0.709442 -4.84163 -0.319393 -0.52965
0.709699 -4.84075 -0.316427 -0.524543
0.715149 -4.83286 -0.3115 -0.51244
0.715667 -4.83305 -0.313378 -0.515156
0.716152 -4.83381 -0.317602 -0.521747
0.716499 -4.83619 -0.325353 -0.534221
0.71664 -4.83843 -0.332982 -0.54664
0.716565 -4.84111 -0.340757 -0.559462
0.716332 -4.84324 -0.346625 -0.56928
0.716047 -4.8451 -0.351091 -0.576845
0.715795 -4.84669 -0.354376 -0.582448
0.715599 -4.8479 -0.356451 -0.586018
0.715413 -4.84841 -0.356711 -0.586599
0.715133 -4.84894 -0.35585 -0.585411
0.714671 -4.84933 -0.352831 -0.580821
0.714005 -4.84891 -0.345827 -0.569821
0.713227 -4.84705 -0.333646 -0.55035
0.712506 -4.84405 -0.317339 -0.523981
0.712019 -4.84029 -0.298784 -0.493681
0.711897 -4.83618 -0.280237 -0.463115
0.712185 -4.83169 -0.263233 -0.434839
0.712836 -4.82764 -0.250443 -0.413334
0.713755 -4.82434 -0.243235 -0.40092
0.714823 -4.82261 -0.243299 -0.400426
0.7159 -4.82246 -0.250481 -0.411626
0.71684 -4.82411 -0.264325 -0.433807
0.717485 -4.82651 -0.281745 -0.461982
0.717731 -4.83048 -0.302496 -0.495838
0.717574 -4.83491 -0.323214 -0.529913
0.717121 -4.83878 -0.341266 -0.559863
0.716552 -4.84145 -0.355365 -0.583456
0.716043 -4.84395 -0.367587 -0.603952
0.715715 -4.8453 -0.376992 -0.619688
0.715605 -4.84645 -0.38585 -0.634346
0.715676 -4.84731 -0.394445 -0.648412
0.715858 -4.84823 -0.403512 -0.663149
0.716074 -4.84954 -0.413492 -0.679345
0.716258 -4.85153 -0.424551 -0.697335
0.716362 -4.85356 -0.435136 -0.714617
0.71635 -4.85549 -0.444486 -0.729985
0.716192 -4.85782 -0.45285 -0.743886
0.715843 -4.8595 -0.457702 -0.752223
0.715251 -4.86083 -0.458661 -0.754421
0.714408 -4.86113 -0.453801 -0.747308
0.713404 -4.86034 -0.442734 -0.73011
0.712427 -4.85792 -0.425092 -0.701979
0.711668 -4.85385 -0.402007 -0.664564
0.71124 -4.84884 -0.376181 -0.622245
0.711152 -4.84339 -0.349749 -0.578596
0.711409 -4.83773 -0.324455 -0.536557
0.71207 -4.8328 -0.303406 -0.501282
0.713112 -4.82844 -0.287637 -0.474535
0.71924 -4.81803 -0.274212 -0.448532
0.720106 -4.81672 -0.270454 -0.441854
0.720564 -4.81642 -0.269488 -0.439995
0.720674 -4.81741 -0.270747 -0.441983
0.720559 -4.81824 -0.271192 -0.44278
0.720288 -4.81874 -0.270058 -0.441094
0.719883 -4.81918 -0.267379 -0.436965
0.719386 -4.81883 -0.261653 -0.427903
0.71889 -4.81797 -0.25353 -0.414904
0.718523 -4.81628 -0.243134 -0.398095
0.718396 -4.814 -0.231876 -0.379728
0.718553 -4.81162 -0.221629 -0.362869
0.718954 -4.80951 -0.213755 -0.349781
0.719489 -4.80815 -0.209363 -0.342338
0.720046 -4.80761 -0.208496 -0.340658
0.72054 -4.80754 -0.21018 -0.343173
0.720925 -4.80793 -0.213964 -0.349166
0.721183 -4.80923 -0.22016 -0.359148
0.721305 -4.8109 -0.227362 -0.370834
0.72129 -4.81289 -0.235 -0.383299
0.721147 -4.81476 -0.241892 -0.39462
0.720908 -4.81667 -0.248048 -0.404796
0.720635 -4.81807 -0.252478 -0.412182
0.720396 -4.81905 -0.255559 -0.417351
0.720256 -4.81946 -0.257421 -0.420474
0.72023 -4.82 -0.259607 -0.424058
0.720286 -4.82054 -0.262024 -0.427974
0.72035 -4.82101 -0.264423 -0.431854
0.720342 -4.82147 -0.266443 -0.435157
0.720221 -4.82213 -0.267951 -0.437694
0.719998 -4.82234 -0.267482 -0.437063
0.719709 -4.82194 -0.264563 -0.432467
0.719378 -4.82147 -0.259959 -0.425136
0.719015 -4.82056 -0.252962 -0.413903
0.71864 -4.81916 -0.24348 -0.398596
0.71829 -4.81685 -0.230959 -0.378282
0.718007 -4.81437 -0.216964 -0.355501
0.717841 -4.81159 -0.20178 -0.330698
0.717817 -4.80837 -0.185692 -0.304341
0.717915 -4.80517 -0.169834 -0.278313
0.718074 -4.80223 -0.154756 -0.253547
0.718195 -4.79937 -0.139855 -0.229096
0.718193 -4.79676 -0.124897 -0.204594
0.718031 -4.7941 -0.108861 -0.178364
0.71773 -4.79072 -0.0902784 -0.14798
0.717372 -4.78724 -0.0702772 -0.115253
0.717068 -4.78307 -0.0484104 -0.0794253
0.716953 -4.77869 -0.0264894 -0.0434673
0.717156 -4.77419 -0.0061473 -0.0100844
0.717753 -4.76974 0.0108024 0.0177063
0.723661 -4.75898 0.0257275 0.0418257
0.724692 -4.75705 0.0297402 0.0482804
0.725593 -4.75668 0.0275401 0.0446533
0.72617 -4.75783 0.0206099 0.0333901
0.72641 -4.76007 0.0108679 0.0176012
0.726412 -4.76195 0.00153555 0.00248692
0.726269 -4.7639 -0.007645 -0.012384
0.726043 -4.76545 -0.0155136 -0.0251381
0.725781 -4.76678 -0.0221445 -0.0358957
0.725523 -4.76772 -0.027118 -0.0439731
0.725296 -4.76854 -0.0308836 -0.050095
0.725105 -4.76932 -0.0335952 -0.0545076
0.724947 -4.76968 -0.0346202 -0.0561829
0.724831 -4.76962 -0.0340692 -0.0552976
0.724793 -4.76944 -0.0328033 -0.0532457
0.724866 -4.76953 -0.0319208 -0.051808
0.725059 -4.76982 -0.0317801 -0.051566
0.725339 -4.77005 -0.0323114 -0.0524078
0.725631 -4.77023 -0.033497 -0.0543089
0.725847 -4.77142 -0.0368482 -0.0597244
0.725915 -4.77259 -0.0400864 -0.064967
0.725809 -4.77397 -0.0430511 -0.0697819
0.725572 -4.77534 -0.0450564 -0.0730562
0.725294 -4.77638 -0.0456467 -0.0740417
0.725078 -4.77657 -0.0443801 -0.0720086
0.724993 -4.77656 -0.0429063 -0.0696256
0.725057 -4.77672 -0.0424485 -0.0688766
0.725256 -4.7764 -0.0423237 -0.0686552
0.725549 -4.77687 -0.0449286 -0.0728512
0.72588 -4.7777 -0.0495185 -0.0802572
0.726175 -4.77941 -0.0566769 -0.0918218
0.726329 -4.7811 -0.0641524 -0.103911
0.726239 -4.78318 -0.071578 -0.115953
0.725859 -4.78548 -0.0775841 -0.125748
0.72523 -4.78652 -0.0788834 -0.127965
0.724487 -4.78682 -0.0762311 -0.123789
0.723831 -4.78627 -0.0700955 -0.113929
0.723478 -4.78489 -0.0619266 -0.100701
0.72358 -4.78229 -0.0528441 -0.0859194
0.724126 -4.78016 -0.0471904 -0.0766692
0.724879 -4.77914 -0.0463636 -0.0752476
0.725504 -4.77898 -0.0489571 -0.0793884
0.725775 -4.77964 -0.0533776 -0.0865243
0.725662 -4.78083 -0.0577551 -0.0936347
0.725287 -4.78173 -0.0600168 -0.0973519
0.724846 -4.78218 -0.0599314 -0.0972725
0.724529 -4.78192 -0.0577013 -0.0936939
0.724464 -4.78102 -0.0544286 -0.0883876
0.72469 -4.77995 -0.0518347 -0.0841491
0.72516 -4.77958 -0.0520962 -0.0845189
0.730714 -4.77272 -0.0513361 -0.0826525
0.73115 -4.7738 -0.0563203 -0.0906232
0.731292 -4.77568 -0.0620561 -0.0998331
0.730998 -4.77755 -0.0654507 -0.105337
0.730248 -4.77912 -0.0644951 -0.103905
0.729153 -4.77968 -0.0570672 -0.0920765
0.727902 -4.77841 -0.0416742 -0.0673558
0.726709 -4.77475 -0.0180472 -0.0292167
0.725759 -4.76995 0.010405 0.0168667
0.725187 -4.76336 0.0431028 0.0699257
0.725052 -4.75578 0.0769536 0.124865
0.725334 -4.74813 0.10889 0.176617
0.725956 -4.74138 0.136107 0.220573
0.726791 -4.73541 0.158243 0.25615
0.7277 -4.73076 0.174314 0.281812
0.728561 -4.72734 0.184845 0.298486
0.729287 -4.72535 0.190143 0.306734
0.729864 -4.72416 0.191857 0.309256
0.730315 -4.72395 0.190168 0.306343
0.730652 -4.72474 0.185516 0.298711
0.730846 -4.72551 0.180256 0.290165
0.730864 -4.72674 0.174297 0.280566
0.730708 -4.72793 0.169115 0.272282
0.730432 -4.72879 0.165592 0.266711
0.730114 -4.72951 0.163411 0.263312
0.729852 -4.72954 0.163156 0.262996
0.729731 -4.72922 0.163609 0.263769
0.729814 -4.72878 0.163598 0.263722
0.730128 -4.72865 0.161533 0.260281
0.730639 -4.72915 0.156256 0.251602
0.731231 -4.73019 0.147862 0.237894
0.731719 -4.73222 0.136262 0.219085
0.731952 -4.73466 0.123536 0.198559
0.731873 -4.73766 0.110589 0.177769
0.731546 -4.74034 0.0996654 0.160282
0.731113 -4.74267 0.0909736 0.14639
0.730726 -4.7443 0.084745 0.13644
0.730478 -4.74564 0.0797221 0.128396
0.730391 -4.74568 0.0770642 0.12413
0.730428 -4.74624 0.0733724 0.118178
0.730533 -4.74653 0.069835 0.112464
0.730662 -4.7472 0.0653824 0.105275
0.730783 -4.74819 0.060183 0.0968873
0.730876 -4.74929 0.0547215 0.0880836
0.730957 -4.75037 0.0492338 0.0792414
0.731052 -4.75206 0.0425769 0.0685184
0.731184 -4.75385 0.0354665 0.0570654
0.731352 -4.75548 0.0282977 0.0455204
0.731511 -4.75753 0.0202046 0.0324946
0.731591 -4.76002 0.0116273 0.0186978
0.736494 -4.75491 0.00855737 0.0136695
0.736167 -4.75721 0.00338422 0.00540833
0.73564 -4.75889 0.00190371 0.00304451
0.734948 -4.75977 0.00487658 0.0078062
0.734168 -4.75975 0.0125973 0.0201867
0.733406 -4.75872 0.0249414 0.0400089
0.732778 -4.75648 0.0414967 0.0666227
0.732375 -4.75335 0.0606964 0.0975013
0.73224 -4.74958 0.0809951 0.130133
0.732368 -4.74565 0.100556 0.161533
0.732719 -4.74173 0.118287 0.189924
0.733229 -4.73846 0.132579 0.212724
0.733817 -4.73567 0.143477 0.230024
0.734401 -4.73378 0.150391 0.240919
0.734895 -4.73284 0.15362 0.245926
0.735231 -4.73257 0.154287 0.246881
0.735375 -4.7327 0.153578 0.245699
0.735335 -4.73312 0.152275 0.243627
0.735183 -4.73381 0.150719 0.241186
0.73506 -4.73403 0.149875 0.239877
0.735109 -4.73406 0.148538 0.23772
0.735363 -4.7345 0.145013 0.231999
0.735684 -4.73495 0.140018 0.223909
0.735853 -4.73615 0.133124 0.212837
0.735738 -4.73761 0.126313 0.201978
0.735379 -4.73889 0.120956 0.193507
0.73495 -4.73946 0.117815 0.188592
0.734657 -4.73915 0.116324 0.186279
0.734658 -4.73856 0.114149 0.182797
0.735017 -4.73818 0.109144 0.174695
0.73569 -4.73857 0.09943 0.159002
0.736539 -4.73932 0.0853715 0.136363
0.737387 -4.74156 0.0654432 0.104412
0.738075 -4.74522 0.0407131 0.0648955
0.738499 -4.74991 0.0130579 0.0208019
0.738592 -4.75506 -0.0151273 -0.0240957
0.738327 -4.76038 -0.0419443 -0.0668352
0.737718 -4.76529 -0.0651158 -0.103843
0.736847 -4.76955 -0.0833435 -0.133069
0.735873 -4.77236 -0.0951306 -0.152089
0.734996 -4.7732 -0.100168 -0.160333
0.734383 -4.77284 -0.100859 -0.161575
0.734099 -4.77213 -0.0998627 -0.16004
0.734102 -4.77082 -0.0976797 -0.156541
0.7343 -4.7692 -0.095352 -0.15277
0.734587 -4.76813 -0.094505 -0.151353
0.734875 -4.76743 -0.0947587 -0.1517
0.735106 -4.76761 -0.0967929 -0.154908
0.735247 -4.7677 -0.0986412 -0.157836
0.735278 -4.76808 -0.100565 -0.160907
0.740139 -4.76135 -0.0977672 -0.155404
0.739771 -4.76164 -0.0964557 -0.153395
0.739151 -4.76142 -0.0914539 -0.145563
0.738296 -4.76001 -0.0808898 -0.128897
0.737326 -4.75739 -0.0645891 -0.103058
0.736448 -4.75297 -0.0422328 -0.0674666
0.735862 -4.74761 -0.0165782 -0.0265047
0.735678 -4.74158 0.0103782 0.0165965
0.735868 -4.73508 0.037121 0.0593473
0.736289 -4.7288 0.0619518 0.0989889
0.736786 -4.72332 0.0839415 0.134034
0.737236 -4.71852 0.103707 0.165494
0.737571 -4.7143 0.121953 0.194523
0.737764 -4.71039 0.139691 0.222758
0.737794 -4.70691 0.157353 0.250912
0.737636 -4.70381 0.175668 0.280177
0.737305 -4.70064 0.195939 0.312647
0.736886 -4.69639 0.219923 0.351117
0.736539 -4.69143 0.246375 0.393534
0.736441 -4.68628 0.273164 0.436382
0.73671 -4.68093 0.298735 0.477058
0.737349 -4.67618 0.320329 0.511099
0.73823 -4.67203 0.337218 0.537403
0.739127 -4.66971 0.347554 0.553203
0.7398 -4.66857 0.353427 0.562039
0.740094 -4.66822 0.356939 0.567398
0.740017 -4.6685 0.359498 0.571526
0.73976 -4.66845 0.362964 0.577237
0.739648 -4.66754 0.367295 0.584213
0.739988 -4.66716 0.368207 0.585394
0.740865 -4.66692 0.364607 0.578985
0.742038 -4.66821 0.353711 0.560795
0.743102 -4.67106 0.336637 0.53296
0.74376 -4.67591 0.31461 0.497646
0.74394 -4.6812 0.292042 0.461836
0.743747 -4.68697 0.270014 0.427112
0.74332 -4.69265 0.250121 0.395872
0.742752 -4.69764 0.233775 0.370285
0.742053 -4.70174 0.221762 0.351587
0.741176 -4.70477 0.215077 0.341392
0.74007 -4.70599 0.215739 0.342955
0.738766 -4.70646 0.222483 0.3543
0.737444 -4.70455 0.237761 0.379308
0.736425 -4.70049 0.259554 0.414649
0.736029 -4.69509 0.283853 0.453712
0.736359 -4.68899 0.306985 0.490466
0.737222 -4.68339 0.325456 0.519368
0.738233 -4.67959 0.337179 0.537338
0.739042 -4.67683 0.344668 0.548673
0.739475 -4.67548 0.348802 0.554928
0.744518 -4.66726 0.356488 0.563313
0.744325 -4.66668 0.360584 0.569935
0.744104 -4.66539 0.366522 0.579492
0.744015 -4.6643 0.372051 0.588304
0.744192 -4.66266 0.377359 0.596556
0.744687 -4.66129 0.379922 0.600207
0.745402 -4.66071 0.378316 0.597097
0.746093 -4.66153 0.371998 0.586582
0.74649 -4.66376 0.362389 0.571126
0.746466 -4.66607 0.353347 0.556893
0.746109 -4.66861 0.345562 0.544885
0.745619 -4.66993 0.341711 0.539167
0.745145 -4.67106 0.339829 0.536538
0.744717 -4.67109 0.34134 0.539234
0.744282 -4.67092 0.344895 0.545168
0.743799 -4.6698 0.352035 0.556815
0.743293 -4.66784 0.36256 0.573854
0.742859 -4.66552 0.375247 0.594282
0.742606 -4.6623 0.390076 0.617976
0.74262 -4.65888 0.404726 0.641173
0.742962 -4.65526 0.417811 0.661599
0.743694 -4.65243 0.426099 0.674058
0.744848 -4.65049 0.427814 0.675722
0.746332 -4.64999 0.420975 0.663598
0.747897 -4.65216 0.403583 0.634852
0.749224 -4.65679 0.377324 0.592493
0.750085 -4.66346 0.344924 0.540996
0.750417 -4.67078 0.310718 0.48713
0.750265 -4.67905 0.275958 0.432722
0.749697 -4.68678 0.244679 0.383965
0.748752 -4.69389 0.218501 0.343318
0.747477 -4.69968 0.199829 0.314515
0.745953 -4.70327 0.191048 0.301309
0.744301 -4.70479 0.192254 0.303884
0.742694 -4.70417 0.20314 0.321786
0.741369 -4.70072 0.223521 0.354704
0.740603 -4.69534 0.249468 0.396288
0.740589 -4.68885 0.276722 0.43959
0.741257 -4.68192 0.301821 0.479028
0.74224 -4.67655 0.320801 0.508478
0.743132 -4.67236 0.335091 0.530491
0.743754 -4.66968 0.345178 0.546003
0.744149 -4.66798 0.352469 0.55724
0.744423 -4.66694 0.35774 0.565364
0.744635 -4.66607 0.361905 0.571784
0.744784 -4.66568 0.364749 0.576162
0.744869 -4.66549 0.367043 0.57972
0.74492 -4.66529 0.369318 0.583273
0.745 -4.66503 0.371586 0.586792
0.745155 -4.66472 0.373615 0.589872
0.750356 -4.65749 0.378601 0.593603
0.750551 -4.65799 0.378836 0.593816
0.750688 -4.65843 0.379385 0.594568
0.750689 -4.65919 0.380207 0.595855
0.750534 -4.65984 0.382573 0.599688
0.750276 -4.66075 0.386049 0.605345
0.750019 -4.66119 0.391669 0.614367
0.749869 -4.66114 0.398859 0.625769
0.749887 -4.66072 0.406732 0.638107
0.750059 -4.66084 0.413201 0.648107
0.750295 -4.661 0.419031 0.657045
0.750466 -4.6611 0.424712 0.6658
0.750463 -4.66173 0.429982 0.674066
0.75023 -4.66214 0.436911 0.68514
0.749791 -4.66245 0.445931 0.699695
0.749228 -4.66204 0.458287 0.719623
0.748639 -4.66118 0.473444 0.744007
0.748095 -4.65868 0.493096 0.775454
0.747629 -4.6555 0.515256 0.810808
0.747256 -4.65184 0.539147 0.848826
0.746991 -4.64793 0.563935 0.888167
0.746853 -4.64314 0.590092 0.929535
0.746843 -4.63842 0.615533 0.969622
0.746932 -4.63372 0.639966 1.00799
0.747059 -4.62897 0.663465 1.04483
0.74716 -4.62437 0.685861 1.07995
0.747199 -4.62044 0.706504 1.1124
0.747161 -4.61667 0.72657 1.14405
0.74705 -4.61274 0.746815 1.1761
0.746888 -4.60855 0.767553 1.20902
0.746742 -4.60379 0.789122 1.24324
0.746704 -4.5987 0.810578 1.27711
0.74683 -4.59385 0.830301 1.30796
0.74709 -4.58928 0.847745 1.33498
0.747396 -4.58504 0.862809 1.35814
0.747733 -4.58084 0.875832 1.37802
0.748234 -4.57762 0.884494 1.39072
0.749102 -4.5752 0.887578 1.39395
0.75041 -4.57405 0.882881 1.38416
0.75197 -4.57473 0.869073 1.35968
0.753395 -4.57728 0.847369 1.32322
0.754317 -4.58223 0.819316 1.27785
0.754572 -4.58847 0.789391 1.23076
0.754205 -4.59503 0.761374 1.18765
0.753386 -4.60131 0.737545 1.15173
0.752338 -4.60648 0.719794 1.12558
0.751293 -4.60993 0.708778 1.10989
0.750463 -4.61205 0.702751 1.10168
0.749995 -4.61272 0.700456 1.09876
0.749943 -4.61299 0.698614 1.09595
0.755193 -4.60528 0.700735 1.09163
0.755572 -4.60579 0.696121 1.0839
0.755919 -4.60644 0.690284 1.07432
0.75608 -4.60748 0.68359 1.06368
0.756002 -4.60939 0.676036 1.05203
0.755736 -4.61056 0.670794 1.04424
0.755399 -4.61185 0.666412 1.03788
0.755103 -4.61281 0.663248 1.03336
0.754925 -4.61301 0.66147 1.03083
0.754914 -4.61248 0.660312 1.02904
0.75509 -4.61229 0.657297 1.0241
0.755438 -4.61239 0.651958 1.01532
0.755917 -4.61285 0.643839 1.00204
0.756444 -4.61407 0.632278 0.98336
0.7569 -4.61637 0.617274 0.959446
0.757166 -4.61911 0.600785 0.933488
0.757175 -4.62221 0.583997 0.907393
0.756942 -4.62514 0.568637 0.8838
0.756554 -4.62849 0.554138 0.861705
0.756132 -4.6308 0.542882 0.844673
0.755793 -4.63245 0.533826 0.830955
0.755633 -4.63382 0.525578 0.81829
0.755696 -4.63465 0.517846 0.806186
0.75596 -4.63613 0.508028 0.790623
0.756335 -4.63769 0.496967 0.773027
0.756676 -4.63997 0.483969 0.752469
0.756861 -4.64243 0.470733 0.731711
0.756829 -4.64503 0.458172 0.712217
0.756554 -4.64784 0.447073 0.695215
0.756014 -4.65021 0.439423 0.683808
0.755216 -4.65184 0.436592 0.680121
0.754272 -4.65216 0.439827 0.686018
0.753429 -4.65104 0.448568 0.700434
0.752962 -4.64842 0.461264 0.720705
0.753004 -4.64559 0.473857 0.74034
0.753455 -4.64262 0.485075 0.757413
0.754016 -4.64031 0.493732 0.770356
0.754357 -4.63888 0.500711 0.780893
0.754276 -4.63807 0.50812 0.792533
0.753778 -4.63702 0.518677 0.809534
0.753053 -4.63469 0.534478 0.834999
0.75238 -4.63188 0.553399 0.86533
0.752016 -4.6278 0.575112 0.899719
0.752113 -4.62302 0.596765 0.933472
0.752647 -4.61875 0.614727 0.960887
0.753446 -4.61484 0.628484 0.981348
0.754269 -4.61263 0.635977 0.991965
0.754909 -4.61096 0.639965 0.997338
0.75527 -4.61082 0.63981 0.996621
0.755374 -4.61142 0.637607 0.993052
0.760321 -4.60456 0.639159 0.988992
0.760347 -4.60512 0.63557 0.983405
0.760749 -4.60562 0.629428 0.973388
0.761632 -4.60688 0.617645 0.954058
0.762783 -4.60944 0.598928 0.923751
0.763751 -4.61352 0.574336 0.884699
0.764166 -4.61932 0.546019 0.840623
0.763943 -4.62591 0.51784 0.797473
0.763267 -4.63224 0.492778 0.759548
0.76245 -4.63689 0.473269 0.73026
0.761782 -4.64016 0.457883 0.707139
0.761448 -4.64257 0.444462 0.686714
0.761467 -4.64473 0.430798 0.665585
0.761726 -4.64689 0.415945 0.642419
0.762027 -4.64993 0.39866 0.61548
0.762176 -4.65286 0.381481 0.588842
0.76208 -4.65658 0.363914 0.561797
0.761766 -4.65982 0.348853 0.538768
0.761347 -4.66263 0.336462 0.519918
0.760943 -4.6646 0.327284 0.506004
0.760612 -4.66589 0.320788 0.496177
0.760336 -4.66679 0.316411 0.489584
0.760059 -4.66748 0.313963 0.485973
0.75972 -4.66752 0.314517 0.487048
0.759283 -4.66702 0.318248 0.493108
0.758732 -4.66552 0.326292 0.50594
0.758067 -4.66329 0.338528 0.525373
0.75732 -4.6603 0.355143 0.551703
0.756544 -4.65658 0.376011 0.58472
0.755816 -4.65138 0.401973 0.625694
0.755249 -4.64523 0.431295 0.671839
0.754971 -4.63781 0.463234 0.721857
0.755094 -4.63042 0.493932 0.769568
0.755672 -4.62278 0.522154 0.812918
0.756643 -4.61637 0.544129 0.846042
0.757825 -4.61155 0.558771 0.867453
0.758983 -4.60837 0.566435 0.878009
0.759931 -4.60676 0.568226 0.879686
0.760584 -4.60646 0.565722 0.875059
0.760936 -4.60734 0.560171 0.866071
0.761034 -4.60827 0.554306 0.856893
0.760961 -4.6098 0.547676 0.846724
0.76083 -4.61139 0.541287 0.836992
0.760758 -4.61277 0.535246 0.827729
0.760829 -4.61328 0.530152 0.819774
0.76106 -4.61438 0.523097 0.808621
0.7614 -4.61613 0.513808 0.793906
0.761729 -4.61841 0.502802 0.776565
0.761889 -4.62122 0.491007 0.758189
0.761774 -4.6241 0.480335 0.741822
0.766338 -4.61927 0.476714 0.731844
0.765624 -4.62124 0.473331 0.727327
0.764751 -4.62184 0.475882 0.732083
0.763795 -4.62152 0.483721 0.745073
0.762852 -4.61978 0.497426 0.76713
0.762054 -4.61657 0.516261 0.797012
0.761557 -4.61252 0.537775 0.830766
0.761484 -4.60692 0.561477 0.867466
0.761853 -4.60205 0.581889 0.898566
0.762569 -4.59758 0.598469 0.923302
0.763478 -4.59409 0.609769 0.939614
0.764444 -4.59151 0.61588 0.947832
0.765385 -4.59058 0.615809 0.946558
0.766243 -4.59126 0.610012 0.936598
0.766939 -4.59328 0.599716 0.919953
0.767386 -4.59589 0.587217 0.900257
0.767536 -4.59955 0.57291 0.87815
0.767436 -4.60368 0.558588 0.856308
0.767223 -4.60727 0.546214 0.837572
0.767041 -4.61059 0.535098 0.820721
0.766945 -4.61383 0.524657 0.804808
0.766867 -4.61702 0.51501 0.79009
0.766663 -4.62 0.507184 0.778291
0.76622 -4.62276 0.502184 0.771064
0.76554 -4.62468 0.501878 0.771278
0.764745 -4.62571 0.506488 0.779172
0.764006 -4.62506 0.516839 0.795865
0.763438 -4.62365 0.530584 0.817639
0.763039 -4.621 0.547869 0.844716
0.76272 -4.61789 0.567145 0.874803
0.762386 -4.61488 0.587518 0.906625
0.762015 -4.61081 0.610902 0.943167
0.761664 -4.60627 0.635948 0.982289
0.761438 -4.60162 0.661278 1.02172
0.761435 -4.59618 0.687014 1.06149
0.761725 -4.59082 0.710464 1.0973
0.762327 -4.58587 0.729986 1.12656
0.763159 -4.58169 0.744346 1.14747
0.764031 -4.57925 0.752161 1.15819
0.764703 -4.57811 0.755363 1.1621
0.764997 -4.57723 0.757345 1.1647
0.764888 -4.57733 0.758405 1.1665
0.764521 -4.57675 0.762066 1.17269
0.76414 -4.57595 0.767278 1.1813
0.763966 -4.57457 0.773698 1.19146
0.764101 -4.57326 0.779064 1.19951
0.764506 -4.57173 0.783038 1.20499
0.765026 -4.57106 0.783675 1.20515
0.765488 -4.57126 0.78133 1.20082
0.765813 -4.57203 0.777067 1.19376
0.770992 -4.56576 0.77577 1.18376
0.771081 -4.5674 0.769201 1.1736
0.771117 -4.56886 0.762726 1.16367
0.771024 -4.57059 0.756122 1.15373
0.770723 -4.57251 0.750354 1.14538
0.770209 -4.57314 0.748612 1.14348
0.769584 -4.57345 0.749439 1.14568
0.768996 -4.57286 0.75347 1.15272
0.768549 -4.57157 0.759817 1.1631
0.768259 -4.56888 0.769167 1.17786
0.768082 -4.56635 0.778632 1.19263
0.767986 -4.56326 0.789306 1.20913
0.767989 -4.56015 0.79997 1.22546
0.768118 -4.55717 0.809951 1.24054
0.768395 -4.55437 0.818694 1.25348
0.768796 -4.55233 0.824853 1.26225
0.769246 -4.55068 0.829038 1.26792
0.769639 -4.55 0.830618 1.26968
0.769872 -4.54972 0.831197 1.27018
0.769873 -4.54991 0.831504 1.27065
0.769639 -4.54947 0.834093 1.27499
0.769237 -4.54873 0.838807 1.28287
0.768777 -4.54717 0.846482 1.29538
0.768352 -4.54552 0.855575 1.31002
0.768016 -4.54315 0.866713 1.32766
0.767808 -4.53984 0.879764 1.34802
0.767766 -4.5364 0.892719 1.36794
0.767934 -4.53307 0.904426 1.38557
0.768329 -4.5301 0.913648 1.39898
0.768936 -4.52751 0.91974 1.4072
0.769686 -4.52544 0.922139 1.4095
0.770476 -4.52524 0.918693 1.40279
0.771194 -4.52579 0.911862 1.39106
0.771718 -4.52787 0.901266 1.37396
0.771932 -4.53064 0.889709 1.35597
0.77175 -4.53314 0.880366 1.34205
0.77116 -4.53563 0.874289 1.3338
0.770266 -4.53746 0.873471 1.3341
0.769245 -4.53778 0.879531 1.34514
0.768249 -4.53679 0.891795 1.36566
0.767359 -4.53444 0.909801 1.39485
0.766598 -4.53041 0.933504 1.43261
0.765981 -4.52558 0.960774 1.47565
0.765554 -4.51947 0.991484 1.52367
0.765399 -4.51265 1.02346 1.57312
0.765587 -4.50553 1.05453 1.62049
0.766149 -4.49911 1.08158 1.66083
0.767059 -4.49314 1.1038 1.69294
0.768216 -4.48906 1.11804 1.7122
0.769446 -4.4864 1.12514 1.72032
0.775501 -4.47809 1.12968 1.71377
0.776208 -4.47882 1.12519 1.70541
0.776536 -4.48051 1.11831 1.69427
0.776525 -4.48258 1.11116 1.68346
0.77627 -4.48462 1.1052 1.67498
0.775853 -4.48646 1.10119 1.66979
0.775297 -4.48809 1.09963 1.66863
0.774589 -4.48876 1.10235 1.67428
0.773747 -4.48808 1.1104 1.68835
0.772873 -4.48589 1.12396 1.7109
0.772157 -4.48213 1.1422 1.74028
0.771845 -4.47755 1.16205 1.77123
0.772113 -4.47267 1.1803 1.79843
0.772949 -4.46862 1.19311 1.81598
0.774126 -4.46579 1.19894 1.82208
0.775342 -4.46438 1.19776 1.81743
0.776402 -4.46461 1.18997 1.80315
0.777266 -4.46642 1.17639 1.78058
0.777956 -4.46976 1.15774 1.75081
0.778448 -4.47404 1.13585 1.71661
0.778686 -4.47909 1.11215 1.68028
0.77864 -4.48502 1.08763 1.64333
0.778353 -4.49034 1.06573 1.61084
0.777934 -4.495 1.04693 1.58327
0.777454 -4.49936 1.03086 1.55993
0.776874 -4.50301 1.0186 1.54253
0.776147 -4.50556 1.01143 1.5331
0.775364 -4.50754 1.00842 1.53009
0.774754 -4.50837 1.00957 1.53303
0.774512 -4.50805 1.01325 1.53911
0.774635 -4.50728 1.01708 1.54469
0.774935 -4.50649 1.02 1.54852
0.775185 -4.50634 1.02137 1.5501
0.775256 -4.50679 1.02198 1.55088
0.775158 -4.50737 1.02306 1.55272
0.774974 -4.50738 1.02585 1.55733
0.774797 -4.50731 1.02922 1.5628
0.774715 -4.50696 1.03295 1.56863
0.774829 -4.50682 1.03532 1.57199
0.775221 -4.50661 1.03568 1.57174
0.775881 -4.50684 1.03226 1.56521
0.776662 -4.50853 1.02311 1.54979
0.777342 -4.51082 1.01038 1.52916
0.777757 -4.51451 0.993832 1.50332
0.777865 -4.51861 0.976223 1.47647
0.777718 -4.52306 0.958457 1.44988
0.777395 -4.52717 0.942199 1.42588
0.776996 -4.53051 0.928392 1.4057
0.776638 -4.53333 0.916398 1.38818
0.776398 -4.53612 0.90509 1.37148
0.781235 -4.53061 0.900046 1.35539
0.781031 -4.53225 0.892554 1.34446
0.78068 -4.53392 0.887083 1.33682
0.780047 -4.53467 0.886535 1.33708
0.779053 -4.53478 0.891875 1.34685
0.777725 -4.53335 0.905681 1.37003
0.776217 -4.53013 0.928648 1.4075
0.774795 -4.52422 0.961449 1.45989
0.773768 -4.51659 1.00047 1.52116
0.77334 -4.50704 1.04353 1.5875
0.773544 -4.49672 1.08625 1.65207
0.774287 -4.48677 1.12486 1.70914
0.77547 -4.47836 1.15578 1.75345
0.776997 -4.47183 1.17727 1.78253
0.778708 -4.46719 1.18884 1.7961
0.780345 -4.46538 1.1895 1.79332
0.781666 -4.46633 1.18087 1.77731
0.782565 -4.46883 1.16671 1.75397
0.783021 -4.4728 1.14878 1.72602
0.782956 -4.4772 1.1309 1.69929
0.782352 -4.48129 1.11629 1.67863
0.781471 -4.48479 1.10612 1.66521
0.780762 -4.48709 1.10026 1.65789
0.78051 -4.48821 1.09688 1.65333
0.780623 -4.48917 1.09331 1.64771
0.780754 -4.49029 1.08959 1.64183
0.780583 -4.49154 1.08722 1.63862
0.779989 -4.49276 1.08795 1.64098
0.779074 -4.49283 1.09442 1.65267
0.778103 -4.49139 1.10674 1.67336
0.777423 -4.48846 1.12316 1.69967
0.777354 -4.48456 1.14011 1.72547
0.778056 -4.48013 1.15388 1.74474
0.779419 -4.47724 1.15891 1.74929
0.781045 -4.47625 1.15438 1.73881
0.782457 -4.47812 1.14021 1.71437
0.783326 -4.48195 1.12031 1.68258
0.783555 -4.48722 1.09799 1.64858
0.783221 -4.49273 1.07718 1.61802
0.782473 -4.49771 1.06052 1.59453
0.781478 -4.50118 1.05041 1.58133
0.780406 -4.50369 1.04605 1.57694
0.779406 -4.50441 1.04851 1.58267
0.778587 -4.50357 1.05667 1.59666
0.778003 -4.50134 1.06937 1.61707
0.777642 -4.49821 1.08498 1.64143
0.77745 -4.49482 1.10182 1.66732
0.777384 -4.49105 1.11955 1.69429
0.777423 -4.48677 1.13784 1.72188
0.777592 -4.4828 1.15464 1.74693
0.782899 -4.47166 1.17352 1.76347
0.783389 -4.46868 1.18458 1.77897
0.784066 -4.46597 1.19196 1.7885
0.784848 -4.4644 1.1939 1.78963
0.785634 -4.46429 1.18997 1.78195
0.786359 -4.4651 1.18144 1.76755
0.78697 -4.46672 1.16907 1.74768
0.787394 -4.46995 1.15234 1.72175
0.787535 -4.47352 1.13465 1.69501
0.787329 -4.47767 1.11697 1.66904
0.786823 -4.48103 1.10269 1.64876
0.786166 -4.48359 1.09216 1.63438
0.785538 -4.48541 1.08494 1.62488
0.78508 -4.48616 1.08089 1.61975
0.784893 -4.4863 1.07815 1.61603
0.785033 -4.48621 1.075 1.61102
0.785492 -4.48637 1.06957 1.60195
0.786153 -4.48701 1.06115 1.588
0.786754 -4.48891 1.04911 1.56879
0.787002 -4.4915 1.03621 1.549
0.786756 -4.49462 1.0247 1.53228
0.786063 -4.49753 1.01738 1.52268
0.785086 -4.49925 1.01662 1.52344
0.784016 -4.4994 1.02311 1.53525
0.783034 -4.4978 1.03648 1.55725
0.78233 -4.49504 1.05441 1.58563
0.782063 -4.4908 1.07558 1.61801
0.782285 -4.48572 1.09704 1.64982
0.782917 -4.4814 1.11467 1.67499
0.783762 -4.47838 1.12703 1.69174
0.784525 -4.47666 1.13471 1.7016
0.784898 -4.47581 1.14007 1.70884
0.784719 -4.47549 1.14566 1.71761
0.784108 -4.47481 1.15407 1.73156
0.783397 -4.47318 1.16597 1.751
0.782944 -4.47089 1.17931 1.77206
0.782959 -4.46795 1.1922 1.79139
0.783425 -4.46479 1.20241 1.80566
0.784162 -4.46252 1.20749 1.81159
0.784942 -4.46165 1.20687 1.80885
0.785617 -4.4615 1.20235 1.80053
0.786135 -4.46253 1.19386 1.78664
0.786467 -4.46393 1.18358 1.77051
0.786548 -4.46606 1.17197 1.75295
0.786313 -4.46864 1.16077 1.73673
0.785766 -4.47061 1.1529 1.72615
0.785047 -4.47155 1.14938 1.72246
0.784428 -4.47175 1.14899 1.72324
0.784192 -4.47063 1.15101 1.72678
0.784466 -4.46983 1.15075 1.72579
0.790105 -4.46164 1.15192 1.71521
0.79083 -4.46214 1.14443 1.7025
0.791402 -4.46347 1.13409 1.68589
0.791675 -4.46573 1.12206 1.66743
0.791631 -4.46853 1.1102 1.64991
0.791314 -4.47098 1.10102 1.63692
0.790783 -4.47279 1.09577 1.63021
0.790087 -4.47412 1.0948 1.63021
0.789275 -4.47437 1.09953 1.63893
0.788398 -4.47318 1.11074 1.65748
0.787475 -4.47095 1.12781 1.68493
0.786492 -4.46731 1.15151 1.72248
0.785463 -4.46208 1.18209 1.77054
0.784469 -4.45494 1.21959 1.82902
0.783662 -4.44643 1.26196 1.89451
0.783219 -4.43693 1.30678 1.9629
0.783289 -4.42667 1.35135 2.02968
0.783993 -4.4167 1.39133 2.08786
0.785401 -4.4074 1.42333 2.13205
0.787493 -4.40041 1.44213 2.15447
0.790119 -4.39659 1.44455 2.15091
0.79299 -4.39646 1.42936 2.12058
0.795743 -4.40091 1.39607 2.06403
0.798054 -4.4095 1.34757 1.98656
0.799723 -4.42165 1.28757 1.89414
0.800664 -4.43605 1.22123 1.79443
0.800839 -4.4519 1.15292 1.6937
0.800223 -4.46826 1.08733 1.59857
0.798813 -4.48387 1.02961 1.51639
0.796686 -4.49722 0.984822 1.45429
0.794064 -4.50717 0.956405 1.41699
0.791299 -4.51316 0.945275 1.4054
0.788824 -4.51497 0.950183 1.41713
0.787025 -4.51337 0.966943 1.44542
0.786065 -4.50861 0.992031 1.48473
0.785774 -4.50265 1.02009 1.5273
0.785733 -4.49647 1.04914 1.57087
0.785581 -4.49047 1.07916 1.61612
0.78526 -4.48399 1.11159 1.66538
0.784969 -4.47679 1.1461 1.71771
0.784942 -4.46923 1.18053 1.76937
0.785305 -4.46168 1.21246 1.81639
0.786071 -4.45448 1.23971 1.85541
0.787183 -4.44876 1.25919 1.8819
0.788546 -4.44453 1.27004 1.89483
0.790049 -4.44222 1.27126 1.89304
0.791547 -4.44231 1.26233 1.87619
0.792829 -4.44472 1.24463 1.84689
0.793639 -4.44897 1.2212 1.81028
0.793788 -4.45465 1.19548 1.77182
0.798243 -4.45312 1.17624 1.73358
0.797178 -4.45807 1.15893 1.71034
0.795957 -4.46143 1.14887 1.6981
0.794862 -4.46269 1.14626 1.69658
0.794023 -4.46276 1.14859 1.70182
0.793414 -4.46102 1.15624 1.71447
0.792929 -4.45902 1.16633 1.73048
0.792491 -4.4561 1.17985 1.75151
0.792093 -4.45214 1.19678 1.77754
0.791776 -4.44766 1.21581 1.80652
0.791588 -4.44274 1.23616 1.8372
0.791567 -4.4372 1.25745 1.86889
0.791731 -4.43219 1.277 1.89755
0.792069 -4.42765 1.29429 1.92242
0.792545 -4.42292 1.31001 1.94461
0.793086 -4.41922 1.32193 1.96097
0.793597 -4.41641 1.33056 1.9725
0.794032 -4.4141 1.33681 1.98068
0.79443 -4.41233 1.34067 1.98539
0.794884 -4.4114 1.34118 1.98502
0.795449 -4.41111 1.33825 1.97927
0.796085 -4.41191 1.33084 1.96674
0.796718 -4.41323 1.32009 1.94931
0.797293 -4.41582 1.30499 1.92562
0.797787 -4.41936 1.28648 1.89713
0.798185 -4.42325 1.26599 1.86599
0.798427 -4.42833 1.24285 1.83133
0.798429 -4.43333 1.22031 1.7981
0.798157 -4.4383 1.19935 1.76783
0.797661 -4.44293 1.18132 1.74233
0.797035 -4.44662 1.16764 1.72351
0.796344 -4.44981 1.15781 1.71048
0.795606 -4.45178 1.15327 1.70535
0.794827 -4.4523 1.15457 1.70895
0.794028 -4.45216 1.16043 1.71935
0.793275 -4.45073 1.1716 1.73755
0.792685 -4.44797 1.18739 1.76228
0.792385 -4.44469 1.20517 1.78934
0.792456 -4.44074 1.22374 1.81675
0.792874 -4.43683 1.24065 1.84089
0.793509 -4.43343 1.25448 1.85991
0.794193 -4.4309 1.26457 1.87326
0.794805 -4.42974 1.27033 1.88034
0.79531 -4.42917 1.27332 1.88357
0.795751 -4.42932 1.27331 1.88251
0.796199 -4.43073 1.26916 1.87532
0.796696 -4.43301 1.26116 1.86234
0.797203 -4.43594 1.24966 1.84419
0.797573 -4.43935 1.23561 1.8226
0.797636 -4.44318 1.22033 1.79992
0.802312 -4.43949 1.21029 1.77471
0.801716 -4.44316 1.19791 1.75786
0.801142 -4.44584 1.1884 1.74516
0.80079 -4.44714 1.18145 1.73571
0.800701 -4.44804 1.17456 1.72578
0.800751 -4.44909 1.16664 1.71404
0.800766 -4.45048 1.15788 1.70113
0.80066 -4.45148 1.15003 1.68982
0.800498 -4.45259 1.14237 1.67891
0.800419 -4.45326 1.13535 1.66875
0.800551 -4.454 1.1272 1.65651
0.800927 -4.45456 1.11754 1.64154
0.801452 -4.45637 1.10369 1.62013
0.801955 -4.4583 1.08798 1.59607
0.802262 -4.46132 1.06982 1.56883
0.802252 -4.46469 1.05182 1.54246
0.801911 -4.4679 1.03613 1.52008
0.801316 -4.47093 1.02367 1.50292
0.800607 -4.47283 1.01639 1.49356
0.799908 -4.47345 1.01449 1.49207
0.799239 -4.47359 1.01666 1.49651
0.798537 -4.47235 1.02469 1.50966
0.797777 -4.47042 1.03769 1.53027
0.797067 -4.46733 1.05611 1.55882
0.796585 -4.46303 1.07892 1.59345
0.796439 -4.45802 1.1039 1.63064
0.796575 -4.45266 1.12944 1.66808
0.796791 -4.44756 1.15436 1.70442
0.796886 -4.44252 1.17948 1.74131
0.796839 -4.43787 1.20451 1.77836
0.796836 -4.43318 1.22945 1.8152
0.797065 -4.42844 1.25306 1.84953
0.79753 -4.42397 1.27389 1.87916
0.798048 -4.42014 1.29127 1.90357
0.798388 -4.41719 1.3057 1.92403
0.798457 -4.41487 1.31859 1.94285
0.798349 -4.41229 1.33182 1.96261
0.798272 -4.40976 1.34445 1.98142
0.798406 -4.40703 1.35598 1.99806
0.798801 -4.40447 1.36492 2.01025
0.799348 -4.40251 1.37037 2.0169
0.799836 -4.40197 1.37159 2.01746
0.800077 -4.40206 1.37119 2.01626
0.799994 -4.40235 1.37119 2.01648
0.799658 -4.4023 1.37333 2.02046
0.799211 -4.40171 1.37813 2.02866
0.798782 -4.4001 1.38619 2.04163
0.7985 -4.39817 1.39568 2.05633
0.798502 -4.39605 1.40525 2.07043
0.798881 -4.39403 1.41303 2.0809
0.804509 -4.385 1.42211 2.07962
0.805087 -4.38433 1.42395 2.08082
0.805304 -4.38407 1.4253 2.08222
0.804984 -4.38487 1.42695 2.08546
0.804209 -4.38495 1.43319 2.0966
0.803244 -4.38365 1.4452 2.11671
0.802454 -4.38091 1.46181 2.14314
0.802171 -4.37682 1.48057 2.17141
0.802527 -4.37258 1.49709 2.19468
0.803363 -4.36888 1.50891 2.2097
0.804346 -4.36625 1.51521 2.2162
0.805194 -4.36497 1.51646 2.2157
0.805783 -4.36553 1.51295 2.20895
0.806067 -4.36662 1.50801 2.20096
0.806011 -4.3686 1.50227 2.19275
0.805632 -4.36981 1.49956 2.18982
0.805052 -4.37084 1.49934 2.19108
0.804455 -4.3709 1.5026 2.19747
0.804014 -4.36998 1.50846 2.20724
0.80387 -4.36828 1.51522 2.21754
0.804121 -4.36666 1.51982 2.22357
0.804769 -4.36512 1.52079 2.22321
0.805697 -4.36443 1.51605 2.21373
0.806718 -4.3655 1.50402 2.19338
0.807664 -4.36784 1.48612 2.16474
0.808434 -4.37172 1.46277 2.1287
0.808944 -4.37722 1.43503 2.08701
0.809099 -4.38351 1.40585 2.04418
0.808846 -4.38973 1.37837 2.00485
0.808236 -4.39557 1.35444 1.97153
0.807405 -4.40055 1.3356 1.9461
0.806517 -4.40403 1.32304 1.92992
0.805697 -4.40637 1.31586 1.92141
0.804994 -4.40787 1.31316 1.91914
0.804392 -4.40776 1.31598 1.9247
0.803872 -4.40669 1.32295 1.93614
0.803467 -4.40505 1.33289 1.95167
0.803231 -4.40272 1.34533 1.97047
0.803187 -4.40001 1.35896 1.99054
0.803312 -4.39715 1.37284 2.01055
0.803539 -4.39464 1.38585 2.02904
0.803788 -4.39226 1.39838 2.04675
0.803976 -4.3906 1.40976 2.06292
0.80397 -4.3891 1.4217 2.08042
0.803619 -4.38747 1.43602 2.10228
0.802876 -4.38552 1.45425 2.13094
0.801886 -4.38239 1.47828 2.16882
0.800946 -4.37754 1.50817 2.21528
0.800378 -4.37137 1.5413 2.26555
0.800406 -4.36438 1.57432 2.31401
0.806025 -4.34963 1.60853 2.3478
0.807119 -4.34356 1.6315 2.3781
0.80844 -4.33954 1.64558 2.3947
0.809713 -4.33696 1.65234 2.40076
0.810763 -4.33654 1.6516 2.39658
0.811543 -4.33759 1.64556 2.38552
0.812084 -4.33993 1.63542 2.36924
0.812408 -4.34334 1.62234 2.34936
0.812482 -4.34732 1.60826 2.32875
0.812243 -4.351 1.59595 2.31161
0.811684 -4.35439 1.58661 2.29966
0.810909 -4.35709 1.58155 2.29452
0.810111 -4.35866 1.58132 2.29645
0.809498 -4.35882 1.58549 2.30425
0.809173 -4.35785 1.59243 2.31527
0.809113 -4.35677 1.59956 2.32579
0.809207 -4.35548 1.60661 2.33578
0.809322 -4.35426 1.61316 2.34497
0.809386 -4.35368 1.61842 2.35243
0.809384 -4.35303 1.62378 2.36023
0.809311 -4.35209 1.62981 2.36921
0.809135 -4.35131 1.63615 2.37894
0.80883 -4.35027 1.64398 2.39122
0.808433 -4.34859 1.65413 2.40716
0.808046 -4.34647 1.66605 2.42567
0.807772 -4.3435 1.67985 2.4466
0.807694 -4.33981 1.69446 2.46811
0.807885 -4.33633 1.70721 2.4861
0.808372 -4.33323 1.71671 2.49843
0.809099 -4.33061 1.72204 2.50393
0.80994 -4.32931 1.72156 2.50063
0.810733 -4.32935 1.71561 2.48956
0.811348 -4.33087 1.70475 2.47193
0.811734 -4.3325 1.69215 2.45248
0.811925 -4.3346 1.67775 2.43104
0.812045 -4.33719 1.66156 2.40723
0.812262 -4.34021 1.64311 2.37987
0.812719 -4.34354 1.62162 2.34741
0.813455 -4.34748 1.59557 2.30762
0.814358 -4.35268 1.56359 2.25885
0.815219 -4.35892 1.52657 2.20304
0.815854 -4.3666 1.48494 2.14131
0.816212 -4.37511 1.4409 2.07688
0.816372 -4.38475 1.39465 2.00982
0.816463 -4.39419 1.34872 1.94342
0.816538 -4.40379 1.30277 1.87704
0.816499 -4.41367 1.25748 1.81186
0.816132 -4.42341 1.21533 1.75192
0.815254 -4.43294 1.17867 1.70091
0.813846 -4.44121 1.1513 1.66428
0.817035 -4.43958 1.14067 1.64248
0.815073 -4.44259 1.13926 1.64441
0.813268 -4.4428 1.15021 1.66389
0.811804 -4.44012 1.17213 1.69866
0.81075 -4.43556 1.20171 1.74379
0.810061 -4.42913 1.23758 1.79736
0.809604 -4.42158 1.27764 1.85659
0.809228 -4.41348 1.32062 1.91994
0.808856 -4.40481 1.36631 1.98728
0.808538 -4.39579 1.41375 2.05708
0.808443 -4.38628 1.46188 2.12736
0.808758 -4.37646 1.50847 2.19432
0.809569 -4.36706 1.5503 2.2529
0.810773 -4.35878 1.58487 2.29972
0.812095 -4.35229 1.61093 2.33373
0.813297 -4.34788 1.62861 2.35586
0.814317 -4.34543 1.63868 2.36746
0.815184 -4.34438 1.64247 2.37041
0.815881 -4.34491 1.64027 2.36521
0.816354 -4.34609 1.63448 2.3555
0.816614 -4.34817 1.62552 2.34184
0.816748 -4.35037 1.61513 2.32649
0.816823 -4.35288 1.60324 2.30914
0.816804 -4.35556 1.59068 2.29111
0.816531 -4.35774 1.57985 2.27628
0.815833 -4.35986 1.57183 2.26665
0.814698 -4.36123 1.56928 2.26613
0.813348 -4.36058 1.57473 2.27777
0.812144 -4.3579 1.5871 2.29907
0.811416 -4.35362 1.60355 2.32498
0.811354 -4.34841 1.62047 2.34969
0.811949 -4.34307 1.63441 2.36817
0.813009 -4.33822 1.64317 2.37777
0.814224 -4.33512 1.64471 2.37644
0.815256 -4.33387 1.64012 2.36681
0.815875 -4.33417 1.63178 2.35299
0.816054 -4.3357 1.62186 2.33817
0.815957 -4.33749 1.61282 2.32541
0.815764 -4.3391 1.60562 2.31557
0.815476 -4.3405 1.60076 2.30939
0.814948 -4.34168 1.59939 2.3089
0.81409 -4.34144 1.60484 2.31921
0.812998 -4.33985 1.61757 2.34074
0.811919 -4.3367 1.63737 2.37254
0.811134 -4.33219 1.66241 2.41116
0.810849 -4.32653 1.69018 2.4523
0.811115 -4.31994 1.71825 2.4922
0.81184 -4.31409 1.74223 2.52474
0.812853 -4.30938 1.76059 2.54816
0.813971 -4.30571 1.77322 2.56292
0.819976 -4.29725 1.78216 2.55697
0.820723 -4.29677 1.78356 2.55666
0.821214 -4.29775 1.78076 2.55112
0.821557 -4.29973 1.77478 2.54149
0.821945 -4.30204 1.76628 2.52812
0.822519 -4.30491 1.75408 2.5089
0.82322 -4.30863 1.73749 2.48306
0.823746 -4.31354 1.71708 2.45233
0.823759 -4.31937 1.69566 2.42169
0.823177 -4.32516 1.67698 2.39672
0.822238 -4.32994 1.66354 2.38021
0.821317 -4.33316 1.65563 2.37156
0.820708 -4.33489 1.65176 2.36776
0.820499 -4.33573 1.64944 2.36504
0.820574 -4.33663 1.64641 2.36049
0.820714 -4.33744 1.64302 2.35523
0.820759 -4.33843 1.63939 2.34989
0.820642 -4.33985 1.63569 2.34493
0.820333 -4.34094 1.63379 2.34309
0.81982 -4.34144 1.63477 2.34595
0.819147 -4.34119 1.63923 2.35428
0.818452 -4.33991 1.64738 2.36801
0.817928 -4.33767 1.65813 2.38497
0.8177 -4.33478 1.66966 2.40224
0.817756 -4.3311 1.68121 2.41869
0.818025 -4.32784 1.69009 2.43066
0.818479 -4.32556 1.69473 2.43598
0.81918 -4.32351 1.69545 2.43494
0.820197 -4.32175 1.69108 2.42565
0.821442 -4.32199 1.67818 2.4035
0.82265 -4.32421 1.65753 2.37043
0.823547 -4.32792 1.63155 2.33073
0.824077 -4.33301 1.60193 2.28694
0.8244 -4.33941 1.5694 2.23964
0.824705 -4.34594 1.53602 2.19118
0.825012 -4.35273 1.50178 2.14155
0.82516 -4.3602 1.46701 2.09158
0.824931 -4.36803 1.43406 2.04518
0.824185 -4.37545 1.40628 2.00737
0.822932 -4.38175 1.3866 1.9823
0.821335 -4.38624 1.37703 1.97244
0.819672 -4.38856 1.37793 1.97774
0.818256 -4.38789 1.38924 1.99742
0.81736 -4.38508 1.40722 2.02549
0.817124 -4.381 1.42784 2.05576
0.817474 -4.37649 1.44773 2.08351
0.818157 -4.37291 1.46373 2.10478
0.818884 -4.36995 1.47652 2.12128
0.819466 -4.36858 1.48507 2.13206
0.819847 -4.36765 1.49197 2.14096
0.824985 -4.35997 1.50176 2.14159
0.824866 -4.36025 1.50724 2.14971
0.82451 -4.36008 1.51499 2.16169
0.823918 -4.35943 1.52582 2.17872
0.823133 -4.3578 1.54112 2.20266
0.822263 -4.35502 1.56125 2.23379
0.821479 -4.35068 1.58626 2.27175
0.82098 -4.34493 1.61461 2.31374
0.820908 -4.33868 1.64302 2.35466
0.821293 -4.33253 1.66881 2.3905
0.822028 -4.32678 1.69044 2.41932
0.822888 -4.32234 1.70622 2.43936
0.823602 -4.31929 1.71688 2.45246
0.824009 -4.31727 1.72419 2.46169
0.824161 -4.31599 1.72933 2.46857
0.824274 -4.31478 1.73309 2.47361
0.8246 -4.3133 1.73495 2.47529
0.825285 -4.31266 1.73159 2.46843
0.826304 -4.31298 1.72175 2.45139
0.827478 -4.31509 1.70394 2.42258
0.82855 -4.31847 1.67985 2.38525
0.829294 -4.32423 1.64924 2.33968
0.8296 -4.33059 1.61689 2.29294
0.829508 -4.33756 1.58419 2.24682
0.829179 -4.34443 1.55303 2.2035
0.828823 -4.35094 1.52376 2.1629
0.828603 -4.35643 1.49691 2.12536
0.828584 -4.36168 1.47055 2.08797
0.828692 -4.36721 1.44359 2.04943
0.828735 -4.37311 1.41651 2.01087
0.828494 -4.37841 1.3923 1.97708
0.827825 -4.38337 1.37222 1.95014
0.826766 -4.38781 1.35781 1.93214
0.825501 -4.39034 1.35184 1.92659
0.824264 -4.39085 1.354 1.93256
0.82323 -4.38937 1.36335 1.94835
0.822438 -4.38648 1.37798 1.97115
0.821828 -4.38293 1.39613 1.99859
0.821314 -4.37806 1.41868 2.03215
0.820852 -4.37264 1.44413 2.06977
0.820475 -4.36637 1.47256 2.11149
0.820268 -4.35968 1.50246 2.15491
0.820323 -4.35233 1.53311 2.19872
0.820675 -4.34514 1.56204 2.23925
0.821264 -4.33859 1.58771 2.27441
0.821945 -4.33285 1.60974 2.30406
0.822541 -4.32866 1.62744 2.32771
0.822908 -4.32496 1.64359 2.34975
0.823 -4.32202 1.65876 2.37118
0.822868 -4.319 1.67506 2.39487
0.827578 -4.3084 1.69728 2.41283
0.827268 -4.30459 1.71789 2.44303
0.827063 -4.3005 1.73991 2.47496
0.82699 -4.29673 1.76189 2.50645
0.82701 -4.29201 1.78574 2.54032
0.827079 -4.28745 1.80941 2.57378
0.827182 -4.28279 1.83322 2.60732
0.827302 -4.27893 1.85551 2.63865
0.827346 -4.27467 1.87862 2.67136
0.827154 -4.27067 1.90229 2.70565
0.826605 -4.26638 1.92867 2.74498
0.825763 -4.26149 1.95895 2.79093
0.824879 -4.25511 1.99417 2.84415
0.824268 -4.24733 2.03259 2.90109
0.824155 -4.23842 2.07159 2.95716
0.824601 -4.22976 2.10679 3.00578
0.825513 -4.22166 2.13621 3.04439
0.826733 -4.21458 2.15821 3.07121
0.828107 -4.20957 2.17073 3.0839
0.829513 -4.20687 2.17341 3.08247
0.830882 -4.20619 2.16699 3.06831
0.832195 -4.20759 2.15164 3.04176
0.833483 -4.21121 2.12726 3.00265
0.834783 -4.21633 2.09516 2.95273
0.836088 -4.22371 2.05422 2.89052
0.837315 -4.23285 2.00593 2.81843
0.838287 -4.2438 1.95161 2.73893
0.838809 -4.25629 1.89376 2.65609
0.838749 -4.26977 1.83569 2.57484
0.838074 -4.28284 1.78209 2.50166
0.836844 -4.29555 1.73476 2.4388
0.835184 -4.30661 1.6972 2.39073
0.833289 -4.3143 1.6728 2.36173
0.831388 -4.31917 1.66031 2.34946
0.829716 -4.3206 1.65954 2.3531
0.828482 -4.3202 1.66591 2.36565
0.827787 -4.31804 1.6772 2.38368
0.82759 -4.31479 1.69062 2.40332
0.827718 -4.31098 1.70435 2.42246
0.827972 -4.30756 1.71657 2.43908
0.828247 -4.30448 1.72734 2.45358
0.828576 -4.30203 1.73583 2.46466
0.82906 -4.30029 1.74114 2.47075
0.829759 -4.29893 1.74299 2.47129
0.830625 -4.2982 1.7404 2.46505
0.831508 -4.29954 1.7312 2.44941
0.832222 -4.30169 1.7183 2.42908
0.83265 -4.30462 1.70293 2.40611
0.83278 -4.30824 1.68621 2.38211
0.832673 -4.3126 1.66877 2.35778
0.837382 -4.30911 1.65737 2.32851
0.836951 -4.31256 1.64432 2.31137
0.836422 -4.31537 1.63438 2.29884
0.835755 -4.31718 1.62871 2.2927
0.834954 -4.31837 1.62715 2.29269
0.834146 -4.31808 1.63099 2.30033
0.833562 -4.31664 1.63852 2.31257
0.833408 -4.3144 1.64741 2.32555
0.833718 -4.31206 1.65483 2.33515
0.834315 -4.31041 1.65878 2.33905
0.83493 -4.30928 1.65986 2.33885
0.835394 -4.30923 1.65794 2.33485
0.835707 -4.3099 1.65417 2.32866
0.835938 -4.31132 1.64874 2.32038
0.836041 -4.31257 1.64386 2.31323
0.835807 -4.31423 1.64013 2.30863
0.834999 -4.31609 1.64029 2.31108
0.833592 -4.3164 1.64934 2.32776
0.831892 -4.31436 1.66912 2.36049
0.830403 -4.30965 1.6986 2.40649
0.829557 -4.3027 1.73413 2.45933
0.829501 -4.29491 1.77033 2.51083
0.830108 -4.28643 1.80476 2.5578
0.831186 -4.27924 1.83264 2.59393
0.832622 -4.27366 1.85217 2.61706
0.834305 -4.27002 1.86206 2.62572
0.836001 -4.26899 1.86143 2.61951
0.837358 -4.27014 1.85273 2.60305
0.838083 -4.27363 1.83829 2.58053
0.838091 -4.27808 1.82303 2.55908
0.837487 -4.28266 1.81028 2.54301
0.836485 -4.28637 1.80278 2.53551
0.835326 -4.28878 1.80145 2.53716
0.834217 -4.28877 1.80771 2.54935
0.833307 -4.2877 1.81839 2.56722
0.832684 -4.28532 1.83285 2.58957
0.832366 -4.28196 1.84949 2.61408
0.832312 -4.27798 1.8669 2.63886
0.832419 -4.27399 1.88371 2.66228
0.832542 -4.27028 1.89961 2.68435
0.832549 -4.26665 1.91553 2.70683
0.832383 -4.26298 1.93228 2.73104
0.832087 -4.25914 1.95033 2.75753
0.831775 -4.25484 1.96989 2.78623
0.831603 -4.24994 1.99029 2.81567
0.831734 -4.24479 2.00954 2.84245
0.832289 -4.24012 2.02462 2.86187
0.833317 -4.23619 2.03328 2.87057
0.834759 -4.23311 2.03394 2.86653
0.836425 -4.23266 2.0231 2.84558
0.842993 -4.22721 2.00612 2.79972
0.844164 -4.23175 1.97641 2.75443
0.84481 -4.23816 1.94134 2.70349
0.844904 -4.24533 1.90485 2.65238
0.844532 -4.25242 1.87 2.605
0.843884 -4.2592 1.83804 2.56243
0.843214 -4.26471 1.81044 2.52597
0.842753 -4.26947 1.78554 2.49259
0.842622 -4.27342 1.76238 2.46064
0.842778 -4.27726 1.73906 2.42762
0.843064 -4.28176 1.71429 2.39224
0.843322 -4.28655 1.68913 2.35641
0.843457 -4.29128 1.66484 2.32215
0.843353 -4.29691 1.64086 2.28899
0.842794 -4.30205 1.62136 2.26328
0.841636 -4.30624 1.60932 2.24956
0.840015 -4.30873 1.60723 2.25098
0.838299 -4.30895 1.61564 2.26739
0.83684 -4.30659 1.63343 2.29636
0.835824 -4.30228 1.65762 2.3332
0.835278 -4.29584 1.68667 2.37564
0.835172 -4.28863 1.71667 2.4182
0.835485 -4.2814 1.74476 2.45684
0.836204 -4.27475 1.76846 2.48808
0.837281 -4.26883 1.78628 2.50991
0.838607 -4.26434 1.79635 2.52008
0.839982 -4.2622 1.79731 2.51729
0.841135 -4.26203 1.79105 2.50509
0.841824 -4.26381 1.77967 2.48714
0.841955 -4.26687 1.76644 2.46827
0.84162 -4.2697 1.75546 2.4539
0.841022 -4.27177 1.74824 2.44553
0.840351 -4.27321 1.74462 2.44242
0.839685 -4.27381 1.74486 2.4447
0.839006 -4.2735 1.74919 2.45275
0.838288 -4.2723 1.7577 2.4668
0.837592 -4.26997 1.77051 2.48684
0.837082 -4.26612 1.78727 2.5119
0.836946 -4.26162 1.80483 2.537
0.837284 -4.25697 1.82055 2.55806
0.838089 -4.25262 1.83201 2.57169
0.839294 -4.24969 1.83602 2.57362
0.840797 -4.24893 1.83046 2.56123
0.842399 -4.24999 1.81592 2.53607
0.8438 -4.25356 1.7925 2.4992
0.84474 -4.25899 1.76336 2.45584
0.845123 -4.26622 1.73082 2.40943
0.845017 -4.27397 1.69875 2.36508
0.844539 -4.2818 1.66919 2.32524
0.843752 -4.28844 1.64542 2.29426
0.847627 -4.28659 1.63276 2.2662
0.846137 -4.29063 1.62509 2.25952
0.844398 -4.29234 1.62849 2.26892
0.842614 -4.2915 1.64304 2.29404
0.841103 -4.28786 1.66756 2.33245
0.840207 -4.28183 1.69855 2.37834
0.840167 -4.27454 1.73064 2.42338
0.840985 -4.26746 1.75832 2.45975
0.842399 -4.26186 1.77781 2.48283
0.843979 -4.25794 1.78885 2.49358
0.845292 -4.2566 1.79146 2.49333
0.846048 -4.25707 1.78928 2.48807
0.846172 -4.25865 1.78573 2.48278
0.84579 -4.26027 1.78422 2.48179
0.845128 -4.26174 1.78568 2.48578
0.844384 -4.26165 1.7926 2.49761
0.843644 -4.2605 1.80403 2.51574
0.842874 -4.2584 1.82002 2.54035
0.842033 -4.25539 1.84075 2.57185
0.841201 -4.2507 1.86733 2.61158
0.84056 -4.24503 1.89747 2.65575
0.840276 -4.2382 1.92987 2.70201
0.840382 -4.23101 1.96161 2.7461
0.840794 -4.22382 1.99094 2.7858
0.841425 -4.21772 2.01523 2.81767
0.842261 -4.21231 2.03428 2.84148
0.843368 -4.20822 2.0459 2.85397
0.844812 -4.20595 2.04802 2.85203
0.846558 -4.20524 2.04022 2.83532
0.848433 -4.20743 2.02027 2.80139
0.850151 -4.21259 1.9893 2.75287
0.851373 -4.2209 1.94944 2.69384
0.851786 -4.23055 1.90721 2.6342
0.851228 -4.2411 1.86705 2.58042
0.849783 -4.25025 1.83577 2.54151
0.84779 -4.25738 1.81579 2.51976
0.845717 -4.26129 1.80871 2.51609
0.844016 -4.26237 1.81195 2.52567
0.84301 -4.26089 1.82229 2.54311
0.842846 -4.25796 1.83488 2.56118
0.843455 -4.25449 1.84578 2.57454
0.844521 -4.25218 1.85116 2.57878
0.845529 -4.25149 1.85124 2.57581
0.845991 -4.25246 1.84855 2.57067
0.845686 -4.25388 1.84799 2.57082
0.844741 -4.25486 1.85289 2.58051
0.843483 -4.25442 1.86529 2.60167
0.842244 -4.25206 1.88536 2.63353
0.841251 -4.24816 1.91116 2.67272
0.840649 -4.24251 1.9413 2.7168
0.845488 -4.22838 1.97702 2.75097
0.845815 -4.22185 2.0061 2.79035
0.846572 -4.21572 2.03069 2.82202
0.847617 -4.21048 2.04905 2.84402
0.848824 -4.20683 2.05947 2.85443
0.850077 -4.20502 2.06145 2.85295
0.85121 -4.2053 2.05515 2.84045
0.852033 -4.20727 2.04254 2.8203
0.852458 -4.21037 2.02608 2.79618
0.852579 -4.2138 2.00808 2.77095
0.852607 -4.21763 1.98852 2.74386
0.85273 -4.22143 1.96771 2.71475
0.852995 -4.22519 1.94535 2.68307
0.853304 -4.22983 1.92014 2.64734
0.8535 -4.23501 1.89354 2.61007
0.853446 -4.24 1.86803 2.57507
0.853075 -4.24516 1.84435 2.54353
0.852395 -4.24978 1.8248 2.51858
0.851495 -4.25331 1.81101 2.50218
0.850546 -4.25561 1.80314 2.49409
0.849674 -4.25637 1.80125 2.49404
0.848866 -4.25599 1.80448 2.50088
0.84803 -4.25426 1.81332 2.51561
0.847162 -4.25112 1.82782 2.53833
0.846452 -4.24696 1.8463 2.56614
0.846217 -4.24181 1.86642 2.59483
0.846739 -4.23578 1.88484 2.61882
0.848105 -4.23086 1.89519 2.62896
0.850136 -4.22768 1.89442 2.62161
0.852434 -4.22782 1.87968 2.59421
0.854499 -4.2313 1.85259 2.55063
0.855913 -4.23853 1.81545 2.49537
0.856423 -4.24761 1.77508 2.43842
0.855967 -4.25746 1.73676 2.38706
0.854658 -4.26627 1.70635 2.34886
0.85276 -4.27304 1.68723 2.32771
0.850673 -4.27726 1.68027 2.3238
0.848884 -4.2782 1.68502 2.33527
0.847804 -4.27658 1.6972 2.35515
0.847527 -4.27356 1.712 2.37646
0.847768 -4.27018 1.72631 2.39565
0.848163 -4.26676 1.73954 2.41288
0.848573 -4.26402 1.75049 2.42689
0.849015 -4.26184 1.75908 2.43753
0.849475 -4.2602 1.7652 2.4447
0.849861 -4.25956 1.76842 2.44804
0.850078 -4.25922 1.77055 2.45036
0.85014 -4.25936 1.77167 2.45174
0.850187 -4.25959 1.77218 2.45231
0.850375 -4.2599 1.77124 2.45046
0.855723 -4.25313 1.77192 2.43608
0.856128 -4.25422 1.76566 2.42633
0.856481 -4.25617 1.75613 2.41224
0.856714 -4.25834 1.74484 2.39607
0.8569 -4.26105 1.73121 2.37685
0.857217 -4.26381 1.71539 2.35426
0.857813 -4.26691 1.69586 2.32583
0.858678 -4.27095 1.67092 2.28931
0.859599 -4.27627 1.64042 2.24512
0.860239 -4.28333 1.60531 2.19544
0.860324 -4.29083 1.57039 2.14746
0.859762 -4.29911 1.53761 2.10401
0.858663 -4.30638 1.51183 2.07139
0.857264 -4.31181 1.49521 2.05195
0.855821 -4.31515 1.48804 2.04557
0.854533 -4.31603 1.49013 2.05152
0.853527 -4.3153 1.49884 2.06594
0.852851 -4.31325 1.51238 2.08626
0.852488 -4.31014 1.52914 2.11029
0.852371 -4.30615 1.54789 2.13644
0.852417 -4.3023 1.56627 2.16169
0.852541 -4.29851 1.58409 2.18597
0.852651 -4.29465 1.6016 2.20985
0.852656 -4.291 1.61865 2.23336
0.852503 -4.28711 1.63646 2.25834
0.852222 -4.28347 1.65445 2.28392
0.851929 -4.279 1.67422 2.31201
0.851785 -4.27424 1.69406 2.3398
0.851957 -4.26906 1.71286 2.3653
0.852569 -4.26432 1.7276 2.38394
0.853623 -4.26107 1.73514 2.39138
0.854944 -4.25874 1.73595 2.3888
0.856205 -4.25883 1.72842 2.37493
0.857069 -4.26102 1.71507 2.35422
0.857339 -4.26411 1.70031 2.33322
0.856987 -4.26749 1.68733 2.31636
0.856164 -4.27057 1.6785 2.30646
0.855178 -4.27243 1.67543 2.30489
0.854364 -4.27299 1.67716 2.30947
0.853918 -4.27168 1.68316 2.31895
0.853823 -4.26996 1.68981 2.32836
0.853933 -4.26794 1.69644 2.3372
0.854113 -4.26664 1.7013 2.3434
0.8543 -4.26529 1.70575 2.34902
0.854481 -4.26397 1.70969 2.35395
0.854632 -4.26318 1.71246 2.35734
0.85472 -4.26267 1.71476 2.36027
0.85473 -4.26229 1.7172 2.36359
0.854667 -4.26206 1.72007 2.36772
0.854536 -4.26151 1.72447 2.37414
0.859289 -4.25335 1.73489 2.37527
0.858938 -4.25212 1.74396 2.38867
0.858558 -4.25057 1.75556 2.40562
0.858173 -4.24847 1.77007 2.42659
0.857786 -4.24573 1.78759 2.45172
0.857386 -4.24223 1.80836 2.48135
0.856972 -4.23862 1.8312 2.51391
0.856554 -4.23427 1.85706 2.55066
0.856175 -4.22915 1.88566 2.59109
0.855946 -4.22333 1.91605 2.63355
0.856021 -4.21759 1.94551 2.67381
0.856471 -4.21167 1.973 2.71017
0.857179 -4.20647 1.99627 2.73986
0.857932 -4.20225 2.01495 2.76308
0.858608 -4.19903 2.0294 2.7807
0.859196 -4.19698 2.03951 2.79263
0.859688 -4.19581 2.04604 2.79998
0.860027 -4.19516 2.05014 2.80448
0.860205 -4.19566 2.05122 2.80538
0.860353 -4.19621 2.05106 2.80467
0.860688 -4.19636 2.04946 2.8014
0.861299 -4.19713 2.04375 2.79162
0.861996 -4.19898 2.03328 2.77506
0.86245 -4.20195 2.01943 2.75471
0.862465 -4.20581 2.00448 2.73427
0.862109 -4.20936 1.9916 2.71782
0.861588 -4.21287 1.98057 2.7044
0.861085 -4.21536 1.97277 2.69533
0.860665 -4.21705 1.96746 2.68939
0.860312 -4.21818 1.9641 2.68589
0.860014 -4.21873 1.9625 2.68464
0.859801 -4.21867 1.96243 2.6852
0.859729 -4.21805 1.96315 2.68641
0.859856 -4.2175 1.96284 2.68559
0.860194 -4.21727 1.9603 2.68106
0.860672 -4.21782 1.95439 2.6715
0.861164 -4.21895 1.94562 2.65799
0.861549 -4.2206 1.93467 2.64185
0.861754 -4.22314 1.92172 2.62354
0.861761 -4.22569 1.909 2.60616
0.861622 -4.22837 1.89688 2.59003
0.861453 -4.23064 1.88633 2.57613
0.861354 -4.23282 1.87656 2.56308
0.861299 -4.2349 1.86762 2.55103
0.86112 -4.237 1.86004 2.54121
0.860586 -4.23871 1.85602 2.53728
0.859562 -4.23995 1.85739 2.54219
0.858137 -4.23982 1.86669 2.55916
0.856632 -4.23688 1.88584 2.58995
0.855492 -4.23219 1.91087 2.62782
0.860071 -4.21814 1.94309 2.65791
0.8606 -4.21055 1.96898 2.69167
0.862005 -4.20403 1.98636 2.711
0.863942 -4.19968 1.99217 2.71283
0.865996 -4.19787 1.98614 2.6982
0.867811 -4.19905 1.96902 2.66936
0.869149 -4.20321 1.94299 2.63001
0.869883 -4.20939 1.9121 2.58602
0.869962 -4.21672 1.88041 2.54292
0.869397 -4.22455 1.85132 2.50522
0.868264 -4.23113 1.82978 2.47929
0.866714 -4.23601 1.8178 2.46747
0.864942 -4.23819 1.81758 2.47223
0.863127 -4.23792 1.82858 2.49241
0.861405 -4.23528 1.85 2.52666
0.8599 -4.22975 1.88177 2.57454
0.858774 -4.22236 1.92043 2.63088
0.858223 -4.21281 1.96404 2.69234
0.858378 -4.20266 2.00719 2.751
0.859188 -4.19275 2.04614 2.80174
0.860452 -4.18385 2.07813 2.84136
0.861933 -4.17707 2.1007 2.86729
0.863444 -4.17252 2.11365 2.87991
0.864853 -4.1705 2.11682 2.87953
0.866065 -4.17047 2.11185 2.86876
0.867024 -4.17206 2.10026 2.84986
0.867705 -4.17482 2.08378 2.82528
0.868083 -4.17905 2.0631 2.79601
0.868128 -4.18401 2.04082 2.76569
0.867859 -4.18812 2.02089 2.73953
0.867333 -4.19203 2.00326 2.71727
0.866638 -4.19527 1.98938 2.7006
0.865847 -4.19762 1.98008 2.69044
0.86503 -4.19889 1.97579 2.68715
0.86431 -4.19887 1.97648 2.69032
0.863826 -4.19798 1.98046 2.69725
0.863642 -4.19625 1.98653 2.70609
0.863689 -4.19419 1.99316 2.71497
0.863827 -4.19179 2.00018 2.7241
0.863931 -4.19021 2.00583 2.73147
0.863971 -4.18817 2.01238 2.74026
0.864013 -4.18655 2.01803 2.74782
0.864185 -4.18518 2.02234 2.75314
0.864598 -4.18401 2.02431 2.7545
0.865283 -4.18351 2.02211 2.74933
0.866173 -4.18403 2.01465 2.73638
0.867104 -4.18586 2.00161 2.71574
0.867874 -4.18908 1.98381 2.68921
0.868333 -4.19343 1.9631 2.65973
0.868425 -4.19848 1.94161 2.63033
0.873129 -4.19614 1.92605 2.59519
0.872451 -4.2009 1.91013 2.57574
0.871498 -4.20474 1.89978 2.56459
0.870406 -4.20703 1.89633 2.56315
0.869337 -4.20748 1.89995 2.57119
0.868421 -4.20597 1.90998 2.5875
0.867739 -4.20403 1.92284 2.60696
0.867377 -4.20043 1.93921 2.63025
0.867467 -4.19676 1.95454 2.65077
0.868113 -4.19322 1.96632 2.66476
0.869316 -4.19024 1.97189 2.66861
0.870901 -4.18933 1.96777 2.65819
0.872465 -4.19053 1.95469 2.63579
0.873522 -4.19411 1.93476 2.60576
0.873796 -4.19925 1.91253 2.57501
0.873366 -4.20504 1.89196 2.54857
0.872525 -4.21046 1.87582 2.52926
0.871477 -4.2139 1.86738 2.52092
0.870251 -4.21605 1.86614 2.52279
0.868898 -4.21656 1.87305 2.53607
0.867616 -4.2151 1.88809 2.56021
0.866691 -4.21106 1.91048 2.59334
0.866347 -4.20592 1.93534 2.62812
0.866669 -4.20045 1.95884 2.65906
0.8676 -4.19551 1.9775 2.6815
0.868948 -4.19171 1.98906 2.69299
0.870419 -4.18981 1.99217 2.69265
0.87172 -4.19049 1.98665 2.68117
0.872647 -4.19304 1.97521 2.6629
0.873118 -4.19694 1.96032 2.64141
0.87317 -4.2017 1.94411 2.61941
0.872909 -4.20638 1.92903 2.59986
0.872464 -4.21088 1.91563 2.58312
0.871953 -4.21462 1.90489 2.57014
0.871467 -4.21745 1.89687 2.56075
0.871058 -4.21952 1.89091 2.55391
0.870742 -4.2211 1.88629 2.54859
0.870484 -4.22194 1.88332 2.54533
0.870241 -4.22299 1.88055 2.5423
0.870008 -4.22318 1.87983 2.54201
0.869839 -4.22331 1.8797 2.54233
0.869792 -4.22335 1.87983 2.54264
0.869857 -4.22291 1.88075 2.54369
0.869928 -4.22243 1.88198 2.54514
0.869872 -4.22231 1.88358 2.54748
0.869595 -4.22243 1.88672 2.55254
0.869097 -4.22158 1.89417 2.56408
0.868465 -4.22003 1.90571 2.58158
0.867819 -4.21761 1.92135 2.6047
0.867281 -4.21444 1.94017 2.63185
0.871931 -4.20282 1.96583 2.65244
0.871919 -4.19809 1.98768 2.68196
0.87233 -4.19321 2.00741 2.7073
0.873081 -4.18948 2.0216 2.72409
0.873977 -4.18654 2.03051 2.7333
0.87482 -4.18525 2.03301 2.73402
0.875527 -4.18519 2.03029 2.72816
0.876141 -4.18585 2.02346 2.71707
0.876744 -4.18751 2.01198 2.69981
0.877368 -4.19026 1.99579 2.67617
0.877947 -4.1939 1.97568 2.64747
0.878324 -4.19864 1.95248 2.61525
0.878333 -4.20374 1.92909 2.58389
0.877904 -4.20888 1.90786 2.55671
0.877102 -4.21329 1.89132 2.53686
0.876127 -4.21668 1.8803 2.52488
0.875247 -4.2186 1.87483 2.52007
0.874687 -4.21889 1.87378 2.52028
0.874536 -4.21842 1.87419 2.52126
0.87473 -4.21735 1.87476 2.52146
0.875104 -4.2168 1.87324 2.51835
0.875458 -4.21681 1.86997 2.51293
0.875616 -4.21758 1.86556 2.50655
0.875482 -4.21857 1.8621 2.50228
0.875104 -4.21924 1.86125 2.50222
0.874654 -4.21923 1.86363 2.50671
0.874339 -4.21822 1.86907 2.51494
0.874275 -4.21726 1.87478 2.5228
0.874411 -4.21617 1.88051 2.53012
0.874599 -4.21555 1.8853 2.53602
0.874723 -4.21473 1.89055 2.54273
0.874764 -4.2143 1.89546 2.5492
0.874747 -4.21404 1.90039 2.55588
0.874707 -4.2133 1.90634 2.56401
0.87467 -4.21297 1.91163 2.57123
0.874628 -4.21277 1.9167 2.57817
0.874529 -4.21188 1.92314 2.58713
0.874292 -4.21138 1.92976 2.59673
0.873852 -4.21051 1.93861 2.60996
0.873191 -4.209 1.95095 2.62856
0.872352 -4.2059 1.96886 2.65524
0.87149 -4.20185 1.99106 2.68784
0.870865 -4.19654 2.01689 2.72466
0.870758 -4.19035 2.04348 2.76092
0.871283 -4.18357 2.06812 2.79253
0.872249 -4.17814 2.08637 2.81405
0.87331 -4.17417 2.09831 2.82671
0.87425 -4.17176 2.10457 2.8321
0.875068 -4.17061 2.10604 2.83143
0.87581 -4.17046 2.10339 2.82547
0.881379 -4.16405 2.1013 2.80483
0.881628 -4.16604 2.09318 2.79321
0.881471 -4.1686 2.08532 2.78321
0.880865 -4.17112 2.08023 2.77832
0.879892 -4.17257 2.08064 2.78195
0.878739 -4.17257 2.08739 2.79463
0.877678 -4.17063 2.10045 2.81552
0.877002 -4.16733 2.11696 2.83983
0.876952 -4.16249 2.13472 2.86382
0.877597 -4.15798 2.14811 2.87966
0.878758 -4.15471 2.15418 2.88399
0.880014 -4.1528 2.15316 2.87851
0.880895 -4.15276 2.14621 2.86634
0.881139 -4.15412 2.13673 2.8529
0.880799 -4.1556 2.12886 2.84349
0.880129 -4.15669 2.12423 2.83947
0.879379 -4.15678 2.12392 2.84146
0.878695 -4.1559 2.12758 2.84858
0.878111 -4.15385 2.13527 2.86078
0.87755 -4.15121 2.14609 2.87711
0.876856 -4.14789 2.16085 2.89919
0.875961 -4.14332 2.18114 2.92941
0.87501 -4.13756 2.20667 2.96692
0.874353 -4.1299 2.23689 3.00981
0.874478 -4.12102 2.26724 3.05021
0.875829 -4.11256 2.29024 3.0764
0.878274 -4.10635 2.2994 3.08011
0.880808 -4.10373 2.29386 3.06385
0.882468 -4.10501 2.27756 3.03634
0.883239 -4.10834 2.25641 3.00553
0.883653 -4.11313 2.23172 2.97126
0.884061 -4.11883 2.20387 2.93282
0.884492 -4.12517 2.17333 2.89076
0.884833 -4.13188 2.14104 2.84672
0.884986 -4.13915 2.10754 2.80169
0.884953 -4.1467 2.07389 2.75706
0.884849 -4.15421 2.04078 2.71337
0.884795 -4.16153 2.00818 2.67018
0.884777 -4.16852 1.97633 2.62789
0.884602 -4.1758 1.94518 2.58698
0.884034 -4.18303 1.91702 2.55117
0.88302 -4.18912 1.89528 2.52514
0.881763 -4.19355 1.88132 2.51011
0.880628 -4.19601 1.87455 2.50429
0.879922 -4.19704 1.87209 2.50302
0.879716 -4.19703 1.87134 2.5026
0.8799 -4.19661 1.86998 2.50026
0.880334 -4.1962 1.86658 2.49448
0.880897 -4.19665 1.8593 2.48317
0.881482 -4.19816 1.84788 2.46628
0.886955 -4.19336 1.83705 2.43669
0.887211 -4.19631 1.82087 2.41453
0.8872 -4.1999 1.80406 2.39228
0.886834 -4.20316 1.78978 2.37431
0.886061 -4.20621 1.77944 2.36266
0.884906 -4.2075 1.77704 2.36255
0.883497 -4.20723 1.78297 2.37421
0.882045 -4.20517 1.79742 2.39739
0.88082 -4.20082 1.81995 2.43083
0.880123 -4.19436 1.84789 2.4701
0.880245 -4.1871 1.87566 2.50687
0.881363 -4.17973 1.89836 2.53399
0.883394 -4.17421 1.9097 2.54326
0.885941 -4.172 1.90608 2.53115
0.888414 -4.17336 1.88831 2.50056
0.890269 -4.17878 1.85852 2.45599
0.891187 -4.18638 1.82362 2.40739
0.891109 -4.1956 1.78805 2.36064
0.890176 -4.2045 1.75782 2.32317
0.888654 -4.2121 1.73619 2.2985
0.886838 -4.21769 1.72487 2.28819
0.884984 -4.22029 1.72519 2.29341
0.883306 -4.22027 1.73552 2.31153
0.881974 -4.2175 1.75452 2.34037
0.881135 -4.21276 1.77889 2.37513
0.880893 -4.20687 1.80489 2.4105
0.881246 -4.20046 1.82938 2.44223
0.882043 -4.19493 1.8487 2.4658
0.883024 -4.19043 1.86238 2.48129
0.883942 -4.18776 1.8697 2.48845
0.884665 -4.18662 1.8721 2.48961
0.885134 -4.18651 1.87146 2.48744
0.885304 -4.18658 1.87045 2.48562
0.88512 -4.18731 1.86971 2.48515
0.884584 -4.18771 1.87222 2.49
0.883803 -4.18734 1.87948 2.50186
0.882915 -4.1854 1.89306 2.52247
0.882021 -4.18192 1.91272 2.55126
0.881238 -4.17762 1.9365 2.58526
0.880732 -4.17185 1.96408 2.6236
0.880627 -4.16581 1.99163 2.66071
0.88095 -4.15924 2.01784 2.69474
0.881675 -4.15332 2.03918 2.721
0.882734 -4.14847 2.0538 2.73721
0.883953 -4.14509 2.0607 2.74262
0.885033 -4.14329 2.06067 2.73924
0.885695 -4.14367 2.05459 2.72912
0.88592 -4.14478 2.04653 2.71772
0.885973 -4.14614 2.03765 2.70576
0.886183 -4.14726 2.02793 2.69222
0.89167 -4.14155 2.01926 2.66421
0.892325 -4.14409 2.00288 2.64066
0.892948 -4.14775 1.98308 2.61273
0.893295 -4.15211 1.96208 2.58406
0.893205 -4.15716 1.94178 2.55758
0.892604 -4.16241 1.9249 2.53706
0.891458 -4.16657 1.91558 2.52802
0.889781 -4.16861 1.91728 2.53503
0.887693 -4.16843 1.93119 2.55943
0.885456 -4.16486 1.95919 2.6031
0.883461 -4.15788 1.99957 2.66274
0.882193 -4.14745 2.0489 2.73236
0.882066 -4.1359 2.09854 2.79896
0.883207 -4.12378 2.14291 2.85444
0.885322 -4.11364 2.17475 2.88994
0.887794 -4.10681 2.19151 2.9041
0.890032 -4.10345 2.19456 2.90084
0.891716 -4.10359 2.18617 2.88429
0.892763 -4.10644 2.16994 2.85951
0.893222 -4.11067 2.15005 2.83185
0.893208 -4.11524 2.12968 2.80506
0.892883 -4.11974 2.11041 2.7807
0.892423 -4.12425 2.09238 2.75836
0.89198 -4.1278 2.07707 2.73954
0.89163 -4.13064 2.06374 2.72302
0.891368 -4.13327 2.05146 2.70762
0.89114 -4.13542 2.04082 2.69426
0.890917 -4.13719 2.03187 2.68311
0.890744 -4.13876 2.02419 2.6735
0.89072 -4.13964 2.01809 2.66552
0.890908 -4.14069 2.01142 2.65614
0.891243 -4.14226 2.00319 2.64428
0.891536 -4.14411 1.99429 2.63167
0.891597 -4.14701 1.98443 2.61847
0.891346 -4.14948 1.97718 2.60964
0.890805 -4.15148 1.9735 2.60636
0.890046 -4.15283 1.97421 2.60953
0.889146 -4.15299 1.98052 2.62052
0.88819 -4.15178 1.99267 2.63943
0.887288 -4.14905 2.01046 2.6657
0.886606 -4.14482 2.03272 2.69729
0.886369 -4.1397 2.05639 2.72944
0.88678 -4.13412 2.07819 2.75709
0.887838 -4.12936 2.09365 2.77429
0.889194 -4.1258 2.10158 2.78055
0.890363 -4.12476 2.10107 2.77622
0.8911 -4.12521 2.09552 2.7666
0.891497 -4.12656 2.08682 2.75388
0.891765 -4.12881 2.07503 2.73751
0.892073 -4.13125 2.06099 2.71804
0.897525 -4.12712 2.0472 2.68346
0.898239 -4.13097 2.02504 2.6523
0.899311 -4.13557 1.99722 2.61275
0.900568 -4.1415 1.96267 2.56396
0.901599 -4.14991 1.92111 2.5068
0.90199 -4.15973 1.8774 2.4487
0.901558 -4.17005 1.83628 2.39622
0.900348 -4.18001 1.80188 2.35449
0.898504 -4.18792 1.77905 2.32943
0.896207 -4.19334 1.76979 2.32324
0.8937 -4.19516 1.77629 2.33832
0.891307 -4.19314 1.79793 2.37316
0.889408 -4.18732 1.83225 2.42362
0.888368 -4.17896 1.87343 2.481
0.888395 -4.16883 1.91613 2.53747
0.889404 -4.159 1.9535 2.58401
0.891061 -4.15046 1.98207 2.61693
0.892987 -4.1444 1.9994 2.63412
0.894946 -4.14163 2.00433 2.63483
0.896835 -4.14137 1.99857 2.62173
0.898535 -4.14402 1.98234 2.59552
0.899859 -4.1492 1.95797 2.55984
0.900591 -4.15705 1.92765 2.51816
0.900593 -4.16559 1.89742 2.47866
0.899896 -4.17431 1.87043 2.44529
0.898698 -4.18178 1.85038 2.4223
0.897306 -4.18713 1.83881 2.41089
0.896036 -4.19034 1.83469 2.4089
0.895123 -4.19188 1.83556 2.41249
0.894676 -4.19181 1.83946 2.41883
0.894679 -4.19165 1.84228 2.42253
0.895012 -4.19109 1.84357 2.42333
0.895491 -4.1914 1.84103 2.41869
0.895892 -4.1922 1.83593 2.41092
0.895991 -4.19403 1.8288 2.40129
0.895663 -4.19525 1.8241 2.39599
0.894961 -4.19609 1.82267 2.39599
0.894097 -4.19598 1.82577 2.40239
0.893341 -4.19456 1.83333 2.41437
0.892894 -4.19221 1.84347 2.42894
0.892797 -4.18884 1.85524 2.44472
0.892964 -4.18533 1.86652 2.45912
0.893264 -4.18253 1.87572 2.47042
0.893536 -4.18002 1.88392 2.48045
0.893607 -4.17822 1.89137 2.49006
0.893373 -4.17617 1.90081 2.50315
0.892889 -4.17358 1.91342 2.52112
0.892362 -4.17058 1.92874 2.54281
0.892039 -4.16653 1.94677 2.56751
0.892073 -4.1621 1.96493 2.59137
0.897395 -4.15018 1.98597 2.60358
0.897856 -4.14615 2.00053 2.62132
0.89831 -4.1431 2.01208 2.63511
0.898724 -4.1406 2.02147 2.6462
0.899235 -4.13886 2.02784 2.65303
0.900012 -4.13782 2.03012 2.65371
0.901033 -4.13762 2.02736 2.64711
0.901979 -4.13907 2.01906 2.6335
0.902424 -4.14216 2.00764 2.61731
0.902149 -4.1459 1.99749 2.60488
0.901229 -4.14908 1.99265 2.60122
0.899905 -4.15082 1.9955 2.60878
0.898465 -4.15057 2.0068 2.62775
0.897163 -4.1481 2.02595 2.65668
0.896191 -4.14382 2.0507 2.69204
0.895689 -4.13789 2.07878 2.73044
0.895745 -4.13154 2.10589 2.76587
0.896354 -4.12513 2.12942 2.79488
0.897376 -4.1197 2.14628 2.8138
0.898589 -4.11603 2.15478 2.82112
0.899792 -4.11358 2.15612 2.81911
0.900867 -4.11343 2.14909 2.80656
0.90176 -4.11456 2.1362 2.78697
0.90246 -4.11727 2.11775 2.76075
0.902975 -4.12105 2.09539 2.73005
0.903306 -4.12556 2.07057 2.69671
0.903442 -4.13054 2.04464 2.66255
0.903355 -4.1356 2.0193 2.6298
0.902994 -4.14055 1.99606 2.60058
0.902307 -4.14511 1.97676 2.5774
0.901337 -4.14841 1.9639 2.56338
0.900275 -4.15034 1.95782 2.55846
0.899378 -4.15055 1.95828 2.56161
0.898787 -4.1498 1.96285 2.56928
0.898402 -4.14825 1.97085 2.58086
0.898008 -4.14617 1.98219 2.59684
0.897506 -4.14299 1.99826 2.61936
0.896992 -4.13946 2.0176 2.64623
0.89667 -4.1352 2.03977 2.67626
0.896699 -4.13007 2.06344 2.70724
0.8971 -4.1247 2.08622 2.7359
0.897753 -4.12038 2.10517 2.75875
0.898475 -4.11664 2.12107 2.77735
0.89912 -4.11432 2.13291 2.79085
0.899616 -4.11292 2.14203 2.80124
0.899932 -4.1121 2.14959 2.81013
0.900052 -4.11223 2.15553 2.81752
0.89997 -4.11239 2.16199 2.82622
0.899706 -4.11242 2.16972 2.83716
0.899308 -4.11194 2.17966 2.85143
0.903807 -4.10325 2.19668 2.85938
0.903278 -4.10124 2.2123 2.88141
0.902806 -4.09892 2.22946 2.90526
0.902429 -4.09555 2.24888 2.9318
0.902224 -4.09158 2.26898 2.95867
0.902339 -4.08721 2.288 2.98309
0.902932 -4.08325 2.30269 3.00027
0.904009 -4.07993 2.31108 3.00763
0.905342 -4.07849 2.31074 3.00276
0.906567 -4.07844 2.30362 2.98946
0.907366 -4.08046 2.29064 2.96999
0.907597 -4.08401 2.27502 2.94899
0.907268 -4.08804 2.26062 2.93138
0.90651 -4.09188 2.24987 2.91989
0.905556 -4.09396 2.24589 2.9178
0.904666 -4.09446 2.2478 2.92315
0.904048 -4.09403 2.25328 2.93228
0.903801 -4.09256 2.2611 2.94326
0.903926 -4.09071 2.26885 2.95294
0.904332 -4.08913 2.27458 2.95907
0.904802 -4.08811 2.27784 2.96176
0.905035 -4.08828 2.27873 2.96216
0.904822 -4.08812 2.28149 2.96644
0.904238 -4.08773 2.287 2.97553
0.90364 -4.08698 2.29488 2.98776
0.903466 -4.08508 2.30434 3.00065
0.904007 -4.08249 2.31176 3.00852
0.905245 -4.08079 2.31224 3.00502
0.906848 -4.08146 2.30266 2.98728
0.90835 -4.08439 2.28424 2.95849
0.909389 -4.08949 2.25926 2.92279
0.909844 -4.09592 2.23117 2.885
0.909801 -4.10283 2.20288 2.84856
0.909412 -4.10989 2.17582 2.81477
0.908796 -4.11636 2.15182 2.78561
0.908085 -4.12198 2.13137 2.7613
0.907445 -4.12656 2.11427 2.74108
0.907048 -4.13018 2.09926 2.72281
0.906998 -4.13339 2.08412 2.70332
0.907257 -4.13648 2.06742 2.68089
0.907659 -4.14019 2.04778 2.65425
0.907999 -4.14435 2.02611 2.62518
0.908114 -4.14892 2.00361 2.5957
0.907951 -4.15362 1.98181 2.56791
0.907562 -4.15798 1.9623 2.54373
0.907027 -4.16166 1.94614 2.52426
0.906413 -4.16491 1.93317 2.50914
0.90576 -4.16691 1.92496 2.50029
0.905098 -4.16794 1.9211 2.49709
0.904456 -4.1682 1.92116 2.49894
0.908822 -4.15971 1.93019 2.49863
0.908248 -4.15788 1.93865 2.51117
0.907819 -4.15531 1.94984 2.52686
0.907559 -4.15192 1.96317 2.54487
0.907462 -4.14841 1.97674 2.56272
0.907521 -4.14484 1.9899 2.57962
0.907762 -4.14131 2.00182 2.59438
0.908212 -4.13792 2.01171 2.60591
0.908778 -4.13491 2.01912 2.61388
0.90918 -4.13354 2.02316 2.61796
0.909065 -4.13222 2.02903 2.62588
0.908222 -4.13084 2.03978 2.64223
0.906661 -4.12836 2.05951 2.67238
0.904585 -4.12354 2.09163 2.7203
0.902353 -4.11546 2.13744 2.78675
0.90048 -4.10364 2.19548 2.86837
0.899583 -4.08923 2.25936 2.95479
0.900205 -4.07346 2.32094 3.03322
0.902502 -4.05858 2.37049 3.09009
0.906009 -4.04772 2.39943 3.11571
0.909654 -4.04179 2.40744 3.11358
0.912289 -4.0418 2.398 3.09241
0.91342 -4.04535 2.3808 3.06643
0.91334 -4.05038 2.36281 3.04352
0.912649 -4.0553 2.34779 3.02647
0.911857 -4.05941 2.33656 3.01462
0.911261 -4.06224 2.32893 3.00673
0.910973 -4.06389 2.32371 3.00094
0.910965 -4.06541 2.31835 2.99405
0.911105 -4.0669 2.3125 2.98603
0.911191 -4.06845 2.30655 2.97807
0.911021 -4.07081 2.30044 2.97073
0.910502 -4.07234 2.29817 2.9695
0.909706 -4.07307 2.30039 2.97497
0.908848 -4.07276 2.30722 2.98661
0.908208 -4.07118 2.31773 3.00233
0.908035 -4.06817 2.33009 3.01892
0.908458 -4.06508 2.33973 3.03
0.90943 -4.06264 2.34361 3.03177
0.910708 -4.06161 2.33979 3.02258
0.911967 -4.06251 2.32798 3.00318
0.912931 -4.06582 2.30885 2.97535
0.913444 -4.07026 2.28638 2.94475
0.913497 -4.07537 2.26303 2.9145
0.913185 -4.08067 2.24077 2.88682
0.912675 -4.0852 2.22179 2.86397
0.912138 -4.0892 2.20565 2.84484
0.911696 -4.09226 2.19268 2.82947
0.911387 -4.09486 2.18165 2.8162
0.911189 -4.09749 2.1715 2.80371
0.915999 -4.09203 2.16769 2.7841
0.915701 -4.09313 2.16287 2.7788
0.915241 -4.09437 2.16004 2.77656
0.914639 -4.09445 2.16175 2.78059
0.914082 -4.09376 2.16679 2.78876
0.913826 -4.09265 2.17314 2.79773
0.914039 -4.09097 2.17913 2.80479
0.9147 -4.08953 2.18196 2.8064
0.915598 -4.08894 2.1801 2.80125
0.916431 -4.0901 2.17268 2.78918
0.916973 -4.09223 2.16233 2.77426
0.917176 -4.09537 2.15015 2.75802
0.917129 -4.09859 2.13839 2.74307
0.91697 -4.10172 2.1275 2.72958
0.916812 -4.10456 2.11773 2.71751
0.916709 -4.10736 2.1084 2.70585
0.916625 -4.1096 2.10052 2.69597
0.916451 -4.11184 2.09357 2.68757
0.916099 -4.11398 2.08851 2.6821
0.915561 -4.11578 2.0863 2.68084
0.914901 -4.11666 2.08818 2.68518
0.914218 -4.11671 2.0938 2.69443
0.913589 -4.11575 2.10313 2.7083
0.91301 -4.11356 2.1163 2.72699
0.912429 -4.11026 2.13316 2.75046
0.911848 -4.10612 2.15323 2.77811
0.911402 -4.10144 2.17535 2.80803
0.911285 -4.09615 2.19829 2.83799
0.911564 -4.09072 2.21996 2.8651
0.912049 -4.08545 2.23956 2.88886
0.912407 -4.08093 2.25711 2.91035
0.912384 -4.07688 2.27471 2.93312
0.91193 -4.07306 2.29419 2.95971
0.911244 -4.0682 2.31803 2.99271
0.910746 -4.06245 2.34452 3.02857
0.910914 -4.05595 2.37035 3.06137
0.912034 -4.04959 2.39036 3.08342
0.914014 -4.04478 2.39942 3.0884
0.916389 -4.04368 2.39334 3.07259
0.918514 -4.04595 2.37463 3.04152
0.919858 -4.05098 2.34785 3.00283
0.920215 -4.05802 2.31792 2.9634
0.919704 -4.06581 2.28974 2.929
0.918644 -4.07252 2.2678 2.90428
0.917383 -4.0781 2.25233 2.88844
0.916216 -4.08156 2.24425 2.88174
0.91537 -4.08312 2.24172 2.88115
0.914972 -4.08352 2.24178 2.88247
0.915028 -4.08367 2.24125 2.88162
0.915419 -4.08362 2.23909 2.87762
0.920926 -4.07687 2.23782 2.85879
0.921376 -4.07841 2.22941 2.84665
0.921712 -4.08041 2.2191 2.83245
0.921891 -4.08331 2.20671 2.8161
0.921907 -4.08601 2.1947 2.80072
0.921762 -4.08879 2.18315 2.78642
0.92152 -4.09152 2.17252 2.77358
0.921349 -4.09384 2.16296 2.76189
0.921432 -4.09566 2.15361 2.7497
0.921824 -4.09724 2.14299 2.73498
0.922368 -4.09976 2.12894 2.71545
0.922769 -4.10311 2.11269 2.69355
0.922731 -4.10742 2.096 2.67237
0.922087 -4.11187 2.08249 2.65701
0.920863 -4.11482 2.07682 2.6533
0.919275 -4.11612 2.07995 2.66189
0.917683 -4.11524 2.09209 2.68207
0.916478 -4.11153 2.11231 2.71154
0.915939 -4.10607 2.13603 2.7436
0.916096 -4.1001 2.15875 2.77231
0.916712 -4.09424 2.17823 2.79545
0.917423 -4.08936 2.19328 2.81258
0.917935 -4.08578 2.20448 2.82536
0.918115 -4.08298 2.21402 2.83704
0.918032 -4.08077 2.22299 2.8488
0.917905 -4.07771 2.23365 2.86285
0.917921 -4.07462 2.24389 2.87592
0.918118 -4.07115 2.25367 2.88784
0.918408 -4.06815 2.26144 2.89688
0.918678 -4.06591 2.26694 2.90307
0.918911 -4.06394 2.27119 2.90777
0.919161 -4.06216 2.27417 2.9108
0.919464 -4.06094 2.27504 2.91095
0.919796 -4.06013 2.27393 2.90848
0.920104 -4.05983 2.27084 2.90356
0.920358 -4.05986 2.2663 2.89695
0.920591 -4.06039 2.26005 2.88823
0.920876 -4.06102 2.25247 2.87766
0.921221 -4.06225 2.24263 2.86402
0.921508 -4.06411 2.23093 2.84818
0.921642 -4.06642 2.21841 2.83179
0.921688 -4.06918 2.20541 2.81505
0.921765 -4.07215 2.19208 2.79781
0.921825 -4.07448 2.18007 2.78229
0.92167 -4.07703 2.16897 2.76859
0.921257 -4.07991 2.15952 2.75777
0.920787 -4.0817 2.15397 2.75208
0.920467 -4.08279 2.15074 2.74891
0.920356 -4.08336 2.14873 2.74668
0.920413 -4.08448 2.14561 2.74251
0.925575 -4.07798 2.1465 2.72836
0.925845 -4.07866 2.14291 2.723
0.926213 -4.08011 2.13693 2.71432
0.926527 -4.08201 2.1296 2.70408
0.926604 -4.08429 2.12211 2.69435
0.92635 -4.08674 2.1161 2.68746
0.925813 -4.08889 2.11325 2.68539
0.925162 -4.09025 2.11449 2.68887
0.924596 -4.09017 2.12034 2.69796
0.924243 -4.08916 2.12901 2.71002
0.924084 -4.0884 2.1379 2.7218
0.923984 -4.08757 2.14748 2.7343
0.923772 -4.08589 2.15968 2.75046
0.923306 -4.08388 2.17456 2.77082
0.922556 -4.08165 2.19282 2.79635
0.921632 -4.0779 2.21692 2.82992
0.92075 -4.07273 2.24611 2.86993
0.920144 -4.06611 2.27912 2.91402
0.919981 -4.05889 2.31279 2.9576
0.920277 -4.05143 2.34497 2.99778
0.920868 -4.04419 2.37426 3.03328
0.921459 -4.03797 2.3998 3.06394
0.921763 -4.03309 2.4225 3.0919
0.921674 -4.02836 2.44579 3.12193
0.921332 -4.02337 2.47092 3.15518
0.921058 -4.01764 2.49787 3.19054
0.921185 -4.01148 2.52417 3.22369
0.921848 -4.00563 2.54655 3.24993
0.922882 -4.00064 2.56305 3.26732
0.923971 -3.99761 2.57202 3.27489
0.924901 -3.99635 2.57459 3.27487
0.925621 -3.99642 2.5722 3.26929
0.926137 -3.99747 2.56613 3.25975
0.926442 -3.99945 2.55713 3.24725
0.926588 -4.00172 2.54678 3.2336
0.926748 -4.00379 2.53568 3.21894
0.927179 -4.00655 2.52111 3.19897
0.928017 -4.00994 2.50182 3.17162
0.929027 -4.0148 2.47633 3.13589
0.929658 -4.02059 2.4478 3.09766
0.929546 -4.02776 2.41858 3.06105
0.928861 -4.03436 2.39354 3.0316
0.928037 -4.04046 2.37233 3.00739
0.927393 -4.04492 2.35576 2.98847
0.927022 -4.04841 2.34172 2.97184
0.926905 -4.05138 2.3286 2.95557
0.926967 -4.05407 2.31561 2.93888
0.927057 -4.05676 2.30245 2.9219
0.92696 -4.05956 2.28997 2.90636
0.926499 -4.06211 2.28037 2.89562
0.9306 -4.05685 2.27969 2.88199
0.929382 -4.0581 2.28147 2.88802
0.928094 -4.05758 2.29115 2.9043
0.926983 -4.05448 2.30909 2.93055
0.926331 -4.05025 2.3308 2.96019
0.926388 -4.04422 2.35456 2.99018
0.927211 -4.03896 2.37323 3.01122
0.928512 -4.03438 2.38567 3.02276
0.929819 -4.03216 2.38957 3.02344
0.930825 -4.032 2.38669 3.01654
0.931461 -4.03334 2.37908 3.00487
0.931748 -4.03587 2.3683 2.99033
0.93173 -4.03825 2.3575 2.97675
0.931485 -4.04085 2.34668 2.96387
0.931134 -4.04331 2.33669 2.95236
0.930806 -4.04466 2.32901 2.94369
0.930654 -4.04557 2.32187 2.93515
0.930866 -4.04625 2.31368 2.92413
0.931518 -4.04754 2.30177 2.90705
0.932382 -4.04964 2.28584 2.88425
0.932925 -4.053 2.26739 2.8593
0.932623 -4.05711 2.25115 2.83975
0.931336 -4.06112 2.24218 2.83234
0.929393 -4.06339 2.24492 2.84172
0.927404 -4.06259 2.26068 2.86781
0.925935 -4.05863 2.28687 2.90564
0.925255 -4.05253 2.31861 2.94813
0.925265 -4.0458 2.35099 2.98928
0.925675 -4.03876 2.38233 3.02778
0.926217 -4.03214 2.41118 3.06265
0.926709 -4.02652 2.43671 3.09344
0.927022 -4.02192 2.45951 3.12133
0.927049 -4.01755 2.48185 3.14959
0.926778 -4.01303 2.50521 3.18016
0.926363 -4.00818 2.53 3.21306
0.926086 -4.00254 2.556 3.24706
0.926213 -3.99664 2.58043 3.27765
0.926845 -3.99092 2.60067 3.3011
0.927871 -3.98613 2.61423 3.31464
0.929072 -3.98319 2.6193 3.31678
0.930236 -3.98179 2.61681 3.30948
0.931249 -3.98222 2.607 3.29349
0.932103 -3.98404 2.59125 3.27059
0.932856 -3.98672 2.57089 3.24227
0.933545 -3.9909 2.5452 3.20751
0.934078 -3.99607 2.51594 3.16882
0.93425 -4.00214 2.48505 3.12934
0.933931 -4.00863 2.45534 3.09298
0.933248 -4.01467 2.42933 3.06247
0.93253 -4.01943 2.4081 3.03803
0.937075 -4.01581 2.39387 3.00543
0.937067 -4.01891 2.37623 2.98332
0.937541 -4.02197 2.35651 2.95706
0.938311 -4.02568 2.33289 2.92502
0.939084 -4.03068 2.30482 2.88744
0.939561 -4.03705 2.27363 2.84693
0.939573 -4.04392 2.24269 2.80815
0.939109 -4.05121 2.21377 2.77331
0.938246 -4.05759 2.1904 2.74655
0.937107 -4.0626 2.17411 2.72943
0.935862 -4.06579 2.16579 2.72261
0.934703 -4.06718 2.16488 2.72484
0.933778 -4.06659 2.17065 2.73481
0.933189 -4.06495 2.18028 2.74867
0.932955 -4.06228 2.19246 2.76473
0.932935 -4.05953 2.20509 2.78071
0.93284 -4.05649 2.21912 2.79869
0.932423 -4.05342 2.23548 2.82058
0.931722 -4.04974 2.25589 2.84848
0.931077 -4.04502 2.28023 2.8812
0.930891 -4.03872 2.30725 2.91593
0.931299 -4.03264 2.33173 2.94558
0.932039 -4.02681 2.35298 2.97006
0.932615 -4.02277 2.36972 2.98934
0.932689 -4.01901 2.38661 3.01042
0.932357 -4.01555 2.40471 3.03432
0.93204 -4.01167 2.42442 3.06023
0.932128 -4.00736 2.44367 3.08424
0.932705 -4.00316 2.45978 3.10266
0.933555 -3.99963 2.47121 3.11423
0.934414 -3.9973 2.47733 3.11908
0.935162 -3.99619 2.47863 3.11821
0.9358 -3.99605 2.47576 3.11249
0.936345 -3.99748 2.46789 3.10078
0.936795 -3.99972 2.45656 3.08506
0.937148 -4.00226 2.44291 3.06677
0.937397 -4.00536 2.42682 3.04575
0.93754 -4.00879 2.40905 3.02299
0.937554 -4.01266 2.38988 2.99889
0.937447 -4.01645 2.37067 2.97512
0.93734 -4.01954 2.35238 2.95251
0.937479 -4.02309 2.33205 2.92656
0.938054 -4.02693 2.3085 2.89523
0.93892 -4.03191 2.27985 2.85666
0.939553 -4.03775 2.24847 2.81545
0.93945 -4.0449 2.21706 2.77642
0.938593 -4.0513 2.19171 2.74718
0.937439 -4.05626 2.17382 2.72811
0.936568 -4.05947 2.16202 2.71582
0.936329 -4.06173 2.15227 2.70426
0.941692 -4.05632 2.1455 2.68041
0.942381 -4.05905 2.13109 2.66045
0.943054 -4.0626 2.11339 2.63647
0.943394 -4.06696 2.0938 2.6111
0.943294 -4.07219 2.0736 2.58618
0.942841 -4.07711 2.05569 2.56508
0.942238 -4.08143 2.04058 2.54786
0.941742 -4.08446 2.02865 2.5343
0.941572 -4.08706 2.01705 2.52025
0.941839 -4.08924 2.00419 2.50348
0.942491 -4.09188 1.98755 2.48097
0.943291 -4.09635 1.96487 2.45058
0.943863 -4.10155 1.93957 2.41756
0.943846 -4.1074 1.9145 2.38635
0.943079 -4.11322 1.89373 2.36239
0.941681 -4.11798 1.88103 2.35002
0.939988 -4.12098 1.87815 2.35065
0.93837 -4.12088 1.88665 2.36536
0.937054 -4.11827 1.90424 2.39077
0.936086 -4.11406 1.9282 2.42336
0.935436 -4.10788 1.95806 2.4626
0.93508 -4.10113 1.99044 2.50428
0.934981 -4.09351 2.02485 2.54784
0.935092 -4.08588 2.05903 2.59054
0.935408 -4.07815 2.09223 2.63141
0.936003 -4.0715 2.12126 2.66623
0.936926 -4.06552 2.14554 2.69409
0.93809 -4.06093 2.16312 2.7128
0.939222 -4.05794 2.17417 2.72337
0.940003 -4.0571 2.17929 2.72751
0.940291 -4.05724 2.18224 2.73037
0.940196 -4.05763 2.18518 2.73432
0.939978 -4.05785 2.18863 2.73928
0.939876 -4.05759 2.19227 2.74412
0.940021 -4.05763 2.19361 2.74538
0.940425 -4.05767 2.19232 2.74259
0.941005 -4.05835 2.18684 2.73404
0.941658 -4.05944 2.17763 2.72064
0.942262 -4.06207 2.16334 2.70105
0.942678 -4.06585 2.14571 2.67787
0.942751 -4.06959 2.12842 2.65609
0.942324 -4.074 2.11242 2.63731
0.941334 -4.07742 2.10265 2.62787
0.939861 -4.07945 2.10141 2.63044
0.938119 -4.07943 2.11043 2.64663
0.936389 -4.07654 2.13061 2.67688
0.93493 -4.07084 2.16056 2.71875
0.933946 -4.06275 2.19759 2.76825
0.933624 -4.05373 2.23662 2.81839
0.934079 -4.04386 2.27471 2.86499
0.940166 -4.02737 2.31129 2.89222
0.941541 -4.02 2.33615 2.91905
0.942719 -4.01495 2.35374 2.93736
0.943377 -4.01172 2.36713 2.95202
0.943544 -4.00952 2.37922 2.96656
0.943439 -4.00753 2.39194 2.98275
0.943246 -4.00523 2.40621 3.00116
0.943045 -4.00275 2.42176 3.0212
0.942864 -3.9995 2.43947 3.04388
0.942702 -3.99598 2.45834 3.06796
0.942501 -3.99235 2.47824 3.09345
0.942184 -3.98852 2.49969 3.12127
0.941787 -3.98421 2.52315 3.15189
0.94147 -3.9794 2.54791 3.1839
0.941397 -3.97434 2.57231 3.21464
0.941634 -3.96875 2.59549 3.24279
0.942178 -3.9637 2.6145 3.26465
0.943038 -3.95945 2.62777 3.27823
0.944271 -3.9565 2.63307 3.28055
0.945877 -3.95533 2.62838 3.26915
0.947612 -3.9568 2.61226 3.24315
0.949035 -3.96058 2.58716 3.20717
0.949834 -3.96655 2.556 3.16587
0.950027 -3.97386 2.52228 3.12347
0.949808 -3.9809 2.48996 3.08416
0.949352 -3.9883 2.45861 3.04679
0.948794 -3.9949 2.43048 3.01371
0.94826 -4.0006 2.40558 2.98451
0.947894 -4.00564 2.38291 2.95753
0.947805 -4.01029 2.36109 2.93072
0.947972 -4.01454 2.3395 2.90341
0.948209 -4.01891 2.31755 2.87545
0.948183 -4.02394 2.29594 2.84871
0.947581 -4.02899 2.27828 2.8286
0.946313 -4.03277 2.26921 2.82112
0.944591 -4.03516 2.27006 2.82732
0.942829 -4.03423 2.28353 2.8494
0.941463 -4.03134 2.30518 2.8806
0.940773 -4.02597 2.3331 2.91763
0.940807 -4.01929 2.36267 2.9545
0.941389 -4.0134 2.38858 2.98506
0.942199 -4.00808 2.41076 3.01017
0.942932 -4.00402 2.42853 3.03001
0.943463 -4.00126 2.44257 3.04581
0.943862 -3.99882 2.45472 3.05967
0.94423 -3.99709 2.46425 3.07035
0.944496 -3.99574 2.47215 3.07933
0.944449 -3.99495 2.47947 3.0886
0.943975 -3.99438 2.48835 3.10121
0.943237 -3.99269 2.50154 3.12009
0.947569 -3.9823 2.52264 3.13203
0.947351 -3.97847 2.54054 3.15498
0.947729 -3.97439 2.55613 3.17307
0.948417 -3.97088 2.56739 3.18474
0.948846 -3.96888 2.57446 3.19207
0.94857 -3.9671 2.58242 3.20286
0.947665 -3.96498 2.594 3.22029
0.946765 -3.96146 2.60984 3.24304
0.946697 -3.9564 2.62603 3.26339
0.947882 -3.95168 2.63469 3.27007
0.949921 -3.94865 2.63149 3.25908
0.951861 -3.94834 2.61669 3.23414
0.952932 -3.95128 2.59362 3.20202
0.953091 -3.95563 2.56857 3.17057
0.952905 -3.96059 2.54327 3.13997
0.952975 -3.96521 2.51786 3.10836
0.953483 -3.96983 2.49033 3.07274
0.954122 -3.97494 2.46027 3.03362
0.954387 -3.98136 2.42855 2.99366
0.95397 -3.98795 2.39995 2.95971
0.952966 -3.99379 2.3778 2.93548
0.951795 -3.99824 2.36302 2.92083
0.950869 -4.00114 2.35444 2.91305
0.950358 -4.00221 2.35081 2.91013
0.950219 -4.0025 2.34929 2.90867
0.950357 -4.0029 2.3476 2.90615
0.950686 -4.00335 2.34534 2.90235
0.95104 -4.00399 2.34246 2.8977
0.951154 -4.00554 2.3389 2.89296
0.950834 -4.00666 2.33862 2.89358
0.95016 -4.00804 2.34136 2.89903
0.949469 -4.00814 2.34914 2.91078
0.94909 -4.00683 2.36044 2.92595
0.949117 -4.00498 2.37214 2.94037
0.94942 -4.00346 2.38189 2.95151
0.949829 -4.00224 2.38946 2.95961
0.950275 -4.00201 2.39343 2.96314
0.95074 -4.00234 2.39446 2.96297
0.951166 -4.00323 2.39268 2.95945
0.951494 -4.00529 2.38754 2.95206
0.951732 -4.00774 2.38069 2.94286
0.951904 -4.01018 2.37311 2.93296
0.951959 -4.01251 2.3655 2.92339
0.951812 -4.01549 2.3574 2.91383
0.951479 -4.01833 2.35072 2.90658
0.951113 -4.02078 2.34566 2.90144
0.950918 -4.02238 2.34209 2.89762
0.951048 -4.02389 2.33737 2.89139
0.951505 -4.02558 2.33009 2.881
0.952067 -4.02827 2.31903 2.86563
0.95731 -4.02373 2.31161 2.84082
0.956851 -4.02728 2.30194 2.83029
0.955603 -4.02992 2.29968 2.8312
0.953801 -4.03075 2.3079 2.8467
0.951943 -4.02901 2.32733 2.87627
0.950557 -4.02474 2.35554 2.91536
0.949954 -4.01817 2.38904 2.95871
0.950092 -4.01067 2.42306 3.0004
0.950638 -4.00318 2.45512 3.03836
0.951155 -3.99637 2.48474 3.07334
0.95137 -3.99056 2.51256 3.10705
0.951318 -3.98551 2.53951 3.14054
0.951291 -3.97992 2.56696 3.17458
0.951629 -3.97426 2.59209 3.20452
0.952505 -3.96922 2.61149 3.22554
0.95383 -3.96518 2.62301 3.23526
0.955306 -3.964 2.62339 3.23074
0.956605 -3.96448 2.61574 3.21693
0.95752 -3.96667 2.60159 3.19648
0.958033 -3.97038 2.58267 3.17153
0.958283 -3.97505 2.56068 3.14371
0.958444 -3.97974 2.53739 3.1146
0.958609 -3.98493 2.51204 3.08295
0.958755 -3.9902 2.4856 3.05003
0.958794 -3.99581 2.45828 3.01639
0.958661 -4.00203 2.43043 2.98262
0.958366 -4.0078 2.40446 2.95167
0.957961 -4.01284 2.38122 2.92437
0.957497 -4.01722 2.36075 2.90064
0.956992 -4.02093 2.34327 2.88069
0.956447 -4.02389 2.32911 2.8649
0.955871 -4.02618 2.31823 2.85323
0.955296 -4.02724 2.31156 2.84674
0.95478 -4.02774 2.30767 2.84349
0.954425 -4.02705 2.30694 2.84365
0.954316 -4.02638 2.30633 2.84322
0.954458 -4.02502 2.30613 2.84255
0.954791 -4.02446 2.30322 2.83798
0.955199 -4.02448 2.29791 2.83022
0.955507 -4.02445 2.29185 2.82184
0.955495 -4.0253 2.28485 2.81327
0.955017 -4.02633 2.27987 2.80853
0.95416 -4.02661 2.27958 2.8107
0.953279 -4.0257 2.2842 2.819
0.952792 -4.02295 2.29289 2.83117
0.95289 -4.01971 2.30108 2.841
0.9535 -4.01653 2.30634 2.84566
0.954481 -4.01476 2.30541 2.84159
0.955752 -4.01372 2.29866 2.82951
0.957217 -4.01484 2.28338 2.80639
0.963586 -4.01052 2.26502 2.76543
0.964406 -4.01585 2.23774 2.7298
0.964307 -4.02282 2.21052 2.69687
0.963146 -4.02926 2.19095 2.67622
0.961138 -4.03371 2.18409 2.67341
0.958732 -4.03518 2.19227 2.69015
0.956482 -4.033 2.21519 2.72467
0.954934 -4.02755 2.24902 2.77077
0.954422 -4.01945 2.28864 2.8211
0.954833 -4.01074 2.32757 2.86784
0.955598 -4.00276 2.36302 2.9092
0.956134 -3.9963 2.39502 2.94694
0.956314 -3.9904 2.42621 2.98475
0.95644 -3.98472 2.45647 3.02159
0.956878 -3.97936 2.48378 3.05378
0.957736 -3.97475 2.50565 3.07791
0.958795 -3.97153 2.52064 3.0929
0.959647 -3.96978 2.52987 3.10147
0.959969 -3.96953 2.53551 3.10735
0.959718 -3.96989 2.54098 3.11487
0.959146 -3.96999 2.54834 3.12574
0.958575 -3.96865 2.55899 3.14068
0.958184 -3.96657 2.57083 3.15649
0.957977 -3.96357 2.58346 3.17269
0.957902 -3.96086 2.59441 3.18639
0.957967 -3.95746 2.60475 3.19887
0.958271 -3.95443 2.61167 3.20635
0.958918 -3.95198 2.61354 3.20648
0.959898 -3.95038 2.6089 3.19752
0.961046 -3.95021 2.59663 3.17868
0.962157 -3.95194 2.57662 3.15054
0.963111 -3.95517 2.55047 3.11548
0.963869 -3.96007 2.51892 3.07453
0.964382 -3.96603 2.48415 3.03047
0.96456 -3.97283 2.4481 2.98594
0.964356 -3.97964 2.41378 2.94471
0.963846 -3.98626 2.38265 2.90826
0.963175 -3.99186 2.35663 2.87851
0.962445 -3.99648 2.33589 2.85533
0.961696 -4.00032 2.32028 2.83846
0.960939 -4.00314 2.31027 2.82845
0.960154 -4.00412 2.30745 2.8273
0.9593 -4.0045 2.30996 2.8329
0.958378 -4.00358 2.31905 2.84679
0.957492 -4.00102 2.33489 2.86888
0.95681 -3.99741 2.35532 2.89605
0.956533 -3.9925 2.379 2.926
0.956831 -3.98751 2.4016 2.95288
0.957662 -3.98258 2.42122 2.97443
0.958595 -3.9795 2.43515 2.98862
0.963929 -3.97003 2.45196 2.9926
0.963249 -3.96877 2.4677 3.01394
0.961764 -3.96589 2.4926 3.04905
0.960186 -3.96074 2.52667 3.09581
0.959385 -3.95331 2.56568 3.14623
0.95992 -3.94472 2.60223 3.18927
0.961717 -3.937 2.62873 3.21573
0.964111 -3.93192 2.64116 3.22292
0.966289 -3.93062 2.63953 3.21366
0.967788 -3.93256 2.62766 3.19426
0.968575 -3.9368 2.60957 3.16969
0.96884 -3.94197 2.58908 3.14394
0.968791 -3.94793 2.56735 3.11771
0.968542 -3.95346 2.54713 3.09396
0.968104 -3.95854 2.52939 3.07379
0.967448 -3.96331 2.51484 3.05819
0.966571 -3.96694 2.50577 3.04992
0.965568 -3.96918 2.50299 3.04971
0.964609 -3.97023 2.50573 3.05608
0.96387 -3.96938 2.51415 3.06869
0.963419 -3.96765 2.52541 3.08388
0.963164 -3.96534 2.53843 3.1006
0.962911 -3.96282 2.55279 3.11896
0.962482 -3.95992 2.56947 3.14074
0.961857 -3.9561 2.58989 3.16776
0.961267 -3.95164 2.61291 3.19788
0.961139 -3.94629 2.6366 3.2273
0.961884 -3.94078 2.6561 3.24865
0.963559 -3.93582 2.66708 3.2564
0.965733 -3.93397 2.66419 3.24556
0.967783 -3.93526 2.64883 3.22001
0.969311 -3.93944 2.6237 3.18443
0.970286 -3.94598 2.59156 3.14226
0.970885 -3.95392 2.55501 3.09604
0.971206 -3.96253 2.51611 3.04789
0.971138 -3.97201 2.47605 2.99957
0.970478 -3.98122 2.43914 2.95687
0.969174 -3.98924 2.40912 2.92441
0.967508 -3.99562 2.3875 2.90316
0.966006 -3.99894 2.37525 2.89275
0.965158 -4.00011 2.36794 2.88638
0.965154 -4.00037 2.36042 2.87722
0.96581 -4.00067 2.34932 2.86175
0.966725 -4.00186 2.33312 2.83933
0.967507 -4.00414 2.3127 2.8122
0.967899 -4.00837 2.28847 2.78161
0.967785 -4.01296 2.26509 2.75351
0.967174 -4.01719 2.2455 2.73142
0.966202 -4.02079 2.23126 2.71684
0.965098 -4.02274 2.22423 2.71137
0.969071 -4.0152 2.22873 2.70572
0.96833 -4.01332 2.2348 2.71517
0.968018 -4.01048 2.24359 2.72672
0.968037 -4.00741 2.25291 2.73799
0.968106 -4.00441 2.26248 2.74944
0.96804 -4.00135 2.27321 2.76266
0.967924 -3.99851 2.28454 2.77676
0.967949 -3.99547 2.29629 2.79098
0.968138 -3.99251 2.30744 2.80398
0.968307 -3.98955 2.31844 2.81685
0.968254 -3.98711 2.32944 2.83037
0.967919 -3.98439 2.34281 2.8476
0.967398 -3.98181 2.35822 2.86788
0.966893 -3.97817 2.37732 2.89262
0.966641 -3.97367 2.39853 2.91918
0.966805 -3.96857 2.41977 2.94453
0.96739 -3.96356 2.4385 2.96553
0.96818 -3.95939 2.45302 2.98075
0.968857 -3.95655 2.46333 2.9912
0.969215 -3.95474 2.4712 2.99964
0.969302 -3.95368 2.47778 3.00735
0.969393 -3.95275 2.48357 3.0141
0.969761 -3.95165 2.48774 3.01802
0.970445 -3.95147 2.48744 3.01553
0.971203 -3.9522 2.48299 3.00778
0.971677 -3.95408 2.4757 2.99748
0.971633 -3.95642 2.46899 2.9895
0.971053 -3.95911 2.46496 2.9864
0.97009 -3.96077 2.46707 2.99192
0.968968 -3.96141 2.47552 3.00565
0.967961 -3.9595 2.49208 3.0289
0.967356 -3.95643 2.51257 3.05572
0.967326 -3.95257 2.53415 3.08206
0.967762 -3.9487 2.55404 3.10484
0.968297 -3.94519 2.57178 3.12469
0.968545 -3.94267 2.58778 3.14332
0.968342 -3.94065 2.60444 3.16423
0.967798 -3.93787 2.62471 3.19064
0.967156 -3.93435 2.64836 3.22153
0.966636 -3.93005 2.67454 3.25512
0.966393 -3.92477 2.70229 3.28972
0.966495 -3.91894 2.72945 3.32244
0.966907 -3.91351 2.75325 3.34998
0.967516 -3.90867 2.77275 3.37158
0.968226 -3.90462 2.78719 3.38665
0.969078 -3.90165 2.79545 3.39371
0.970252 -3.9 2.79579 3.39001
0.971876 -3.90062 2.78502 3.37131
0.973707 -3.90402 2.76219 3.33739
0.975154 -3.90965 2.73068 3.29442
0.980747 -3.91016 2.69837 3.23687
0.980476 -3.91853 2.66325 3.19562
0.979699 -3.92693 2.63153 3.16007
0.978638 -3.93421 2.60601 3.13281
0.9773 -3.9397 2.58893 3.11655
0.975588 -3.9433 2.582 3.11365
0.973494 -3.9445 2.58733 3.1268
0.971219 -3.94215 2.60704 3.15799
0.969144 -3.93614 2.6398 3.20453
0.96767 -3.92747 2.681 3.25949
0.967082 -3.91627 2.72674 3.31712
0.967484 -3.90447 2.77004 3.3684
0.968757 -3.89335 2.80578 3.40737
0.970616 -3.88388 2.8307 3.43105
0.972733 -3.87716 2.84251 3.43787
0.974843 -3.87392 2.84048 3.42797
0.97671 -3.87386 2.82645 3.40453
0.978057 -3.87629 2.80395 3.37277
0.978651 -3.88102 2.77643 3.33765
0.978431 -3.88648 2.74959 3.30612
0.977574 -3.89175 2.72702 3.28186
0.976397 -3.89553 2.71169 3.26734
0.975184 -3.89761 2.70381 3.2619
0.974078 -3.89765 2.70354 3.26528
0.973089 -3.89635 2.7094 3.27569
0.97218 -3.89349 2.72164 3.29356
0.971362 -3.88953 2.73913 3.31751
0.970721 -3.88401 2.76188 3.34727
0.970407 -3.87721 2.78801 3.38004
0.970559 -3.87021 2.81389 3.41087
0.971222 -3.86325 2.83726 3.43686
0.972295 -3.8576 2.85481 3.4543
0.973514 -3.85346 2.86615 3.46368
0.974491 -3.8509 2.8726 3.46799
0.974867 -3.85035 2.87595 3.4707
0.974498 -3.85025 2.88143 3.47863
0.973614 -3.84948 2.8921 3.49468
0.972802 -3.84697 2.90844 3.51736
0.972775 -3.84323 2.92571 3.53835
0.973982 -3.84024 2.93567 3.54599
0.976216 -3.8387 2.93403 3.5359
0.978599 -3.84033 2.91874 3.50891
0.980179 -3.84627 2.89196 3.4711
0.980589 -3.85389 2.86249 3.43429
0.980066 -3.86248 2.83408 3.40203
0.979041 -3.8704 2.81039 3.37712
0.977853 -3.87644 2.79343 3.36082
0.976755 -3.88087 2.78203 3.35086
0.975997 -3.88366 2.77465 3.34457
0.975792 -3.88513 2.76859 3.33797
0.981148 -3.87873 2.76465 3.31502
0.981889 -3.88032 2.75188 3.29722
0.982728 -3.88312 2.73351 3.27242
0.983347 -3.88725 2.71056 3.24289
0.983554 -3.89219 2.68555 3.2123
0.983323 -3.89747 2.66082 3.18347
0.982777 -3.90224 2.63866 3.1587
0.982083 -3.90652 2.6193 3.13775
0.981342 -3.90965 2.60393 3.12169
0.980609 -3.91183 2.59221 3.10996
0.97994 -3.91268 2.58452 3.10285
0.979412 -3.91259 2.5797 3.09874
0.979118 -3.91155 2.57698 3.0964
0.979174 -3.91039 2.57374 3.09233
0.979721 -3.90916 2.56825 3.08401
0.980819 -3.9088 2.55721 3.06731
0.982291 -3.91013 2.53856 3.04038
0.983685 -3.91382 2.51244 3.00484
0.984421 -3.91936 2.48304 2.96745
0.984052 -3.92599 2.45613 2.93639
0.982491 -3.93218 2.43842 2.91986
0.980114 -3.93569 2.43571 2.92368
0.977609 -3.93583 2.44835 2.94639
0.975637 -3.93197 2.47445 2.98381
0.974608 -3.92571 2.50735 3.02667
0.97465 -3.91736 2.54261 3.06911
0.975684 -3.90932 2.57281 3.10226
0.977462 -3.90268 2.59384 3.12194
0.979583 -3.89889 2.60261 3.12571
0.981586 -3.89862 2.59897 3.11497
0.983095 -3.90113 2.58631 3.09504
0.983974 -3.90603 2.56758 3.06988
0.984313 -3.9121 2.54653 3.04366
0.984253 -3.91878 2.52529 3.01846
0.98387 -3.92528 2.5063 2.99693
0.983177 -3.93105 2.49165 2.98151
0.982171 -3.93603 2.48256 2.97368
0.980886 -3.93889 2.4822 2.97715
0.979405 -3.94043 2.48971 2.99066
0.97787 -3.93989 2.50628 3.0153
0.976484 -3.93632 2.53259 3.05127
0.97546 -3.9309 2.56497 3.09353
0.974948 -3.92397 2.60083 3.13843
0.974984 -3.9162 2.63697 3.18192
0.975525 -3.90885 2.66957 3.21946
0.976468 -3.90208 2.6971 3.24952
0.977665 -3.89654 2.71782 3.27048
0.978918 -3.89263 2.73114 3.28231
0.979981 -3.89089 2.7372 3.28602
0.980603 -3.89091 2.73855 3.28555
0.985618 -3.88444 2.74303 3.27418
0.985072 -3.88561 2.74538 3.2788
0.984157 -3.88538 2.75341 3.29145
0.983059 -3.88387 2.76722 3.31166
0.982046 -3.88129 2.78578 3.33731
0.981462 -3.87676 2.8086 3.36664
0.981545 -3.87134 2.83128 3.39354
0.982266 -3.86603 2.85002 3.4135
0.983506 -3.86196 2.86136 3.42276
0.985285 -3.85978 2.86242 3.41784
0.987539 -3.86052 2.85001 3.39526
0.989703 -3.8644 2.82502 3.35814
0.990909 -3.87145 2.79212 3.31499
0.990725 -3.8808 2.75808 3.27517
0.989393 -3.88953 2.73121 3.24764
0.987488 -3.89601 2.7152 3.23482
0.985532 -3.89943 2.71067 3.23583
0.983904 -3.90047 2.71468 3.24599
0.982992 -3.89846 2.72528 3.26169
0.983081 -3.89521 2.73554 3.27367
0.984003 -3.89266 2.73959 3.27545
0.9851 -3.89145 2.73679 3.26845
0.985672 -3.89212 2.72906 3.25733
0.985445 -3.89333 2.72171 3.24931
0.984731 -3.89386 2.71793 3.24715
0.98425 -3.89336 2.71656 3.24709
0.984726 -3.89203 2.7132 3.24151
0.986252 -3.89154 2.70183 3.22293
0.98791 -3.89346 2.68121 3.19296
0.988529 -3.89804 2.65662 3.1617
0.98775 -3.90386 2.6358 3.13939
0.985993 -3.90815 2.62604 3.13335
0.983868 -3.90933 2.63027 3.14518
0.98188 -3.90739 2.64721 3.17184
0.980428 -3.90231 2.67434 3.20909
0.979828 -3.89557 2.70554 3.24852
0.980242 -3.88775 2.736 3.2837
0.981529 -3.88051 2.75992 3.30806
0.983213 -3.87569 2.77333 3.31845
0.984708 -3.87294 2.77813 3.31915
0.98561 -3.87275 2.7759 3.31345
0.985851 -3.87402 2.77061 3.30632
0.985672 -3.87492 2.76635 3.30183
0.985451 -3.87617 2.76152 3.29681
0.985494 -3.87708 2.75607 3.29016
0.985839 -3.87835 2.74798 3.27935
0.986274 -3.87932 2.73858 3.26669
0.986574 -3.88116 2.72687 3.25175
0.986679 -3.88337 2.71457 3.23673
0.986636 -3.88602 2.70204 3.22193
0.991406 -3.88108 2.69518 3.19829
0.990916 -3.88316 2.68717 3.19035
0.990226 -3.88441 2.68336 3.18805
0.989552 -3.88513 2.6827 3.18945
0.98924 -3.88421 2.68522 3.19344
0.989589 -3.88355 2.68493 3.19197
0.990715 -3.88234 2.68038 3.18294
0.992506 -3.88305 2.66538 3.15942
0.994658 -3.88661 2.63774 3.11988
0.996708 -3.89337 2.59806 3.06664
0.998087 -3.90346 2.54946 3.00512
0.99831 -3.91574 2.49869 2.94461
0.997189 -3.92822 2.45404 2.89524
0.99487 -3.93921 2.42223 2.86438
0.991715 -3.9467 2.40892 2.8577
0.988173 -3.94904 2.41741 2.87805
0.984793 -3.94629 2.44599 2.92207
0.982249 -3.93808 2.49122 2.98381
0.981145 -3.92622 2.54402 3.05048
0.981702 -3.91271 2.59489 3.10971
0.983557 -3.90025 2.63533 3.15222
0.985943 -3.89048 2.66184 3.17623
0.988153 -3.88442 2.67433 3.18399
0.989825 -3.88215 2.67498 3.17938
0.990905 -3.88188 2.66893 3.16874
0.99147 -3.88288 2.65917 3.15535
0.991578 -3.88522 2.64723 3.14084
0.9913 -3.88761 2.63666 3.12917
0.990897 -3.8895 2.62854 3.12081
0.990891 -3.891 2.62076 3.1116
0.991774 -3.89164 2.6105 3.09665
0.993316 -3.89462 2.59063 3.06831
0.994453 -3.89959 2.56481 3.03425
0.994437 -3.90632 2.53837 3.00302
0.993585 -3.91318 2.51612 2.97926
0.992693 -3.91845 2.49975 2.96253
0.992259 -3.92262 2.4862 2.94776
0.992277 -3.92585 2.47389 2.93311
0.992432 -3.92917 2.46138 2.91782
0.992387 -3.93295 2.44944 2.9038
0.991964 -3.93625 2.44138 2.89547
0.991126 -3.93925 2.43845 2.89445
0.989891 -3.94086 2.44389 2.90453
0.988331 -3.94069 2.45931 2.92746
0.986615 -3.93791 2.48626 2.96469
0.984967 -3.93296 2.52325 3.01383
0.983569 -3.92516 2.57 3.07404
0.982534 -3.91568 2.62278 3.14048
0.981967 -3.90465 2.67924 3.20993
0.982032 -3.89261 2.73567 3.27732
0.987848 -3.87322 2.79137 3.32436
0.989479 -3.8626 2.8328 3.36814
0.991709 -3.8543 2.86068 3.39364
0.994155 -3.84883 2.87395 3.40099
0.996476 -3.84779 2.87097 3.38956
0.998386 -3.85043 2.85502 3.36428
0.999562 -3.85592 2.83073 3.33173
0.999755 -3.86278 2.8045 3.30022
0.998987 -3.86986 2.7817 3.27591
0.997556 -3.87551 2.76694 3.2632
0.995866 -3.87921 2.76143 3.26223
0.994298 -3.88067 2.76466 3.27119
0.993167 -3.87957 2.77519 3.28739
0.992678 -3.8766 2.78934 3.30578
0.992866 -3.87333 2.80208 3.32026
0.993551 -3.86946 2.81257 3.33038
0.994401 -3.86729 2.81682 3.33257
0.995121 -3.86657 2.81609 3.32929
0.995611 -3.86679 2.81214 3.32298
0.995921 -3.86759 2.80604 3.31474
0.996097 -3.86898 2.79807 3.30475
0.99611 -3.87067 2.78933 3.29438
0.995923 -3.87237 2.781 3.28516
0.995594 -3.87341 2.77463 3.27871
0.995284 -3.87454 2.76864 3.27265
0.99517 -3.87476 2.76385 3.26738
0.99535 -3.87487 2.75789 3.25973
0.995854 -3.87504 2.74942 3.24808
0.996668 -3.87647 2.73556 3.22907
0.997689 -3.87899 2.71629 3.20304
0.998688 -3.88339 2.69086 3.16988
0.999319 -3.88895 2.6625 3.13449
0.999271 -3.89545 2.63449 3.10166
0.998456 -3.90206 2.61103 3.07655
0.997047 -3.90705 2.5968 3.06411
0.995312 -3.90998 2.59314 3.06512
0.993461 -3.91077 2.60016 3.07914
0.991697 -3.90833 2.61887 3.10682
0.990339 -3.90313 2.64636 3.14374
0.989771 -3.89581 2.67798 3.18313
0.990272 -3.8879 2.70687 3.21584
0.99188 -3.88056 2.72709 3.23461
0.994317 -3.87615 2.73216 3.23267
0.997047 -3.87531 2.7208 3.21042
0.999433 -3.8786 2.69422 3.17146
1.00092 -3.8853 2.65755 3.12366
1.0012 -3.89407 2.61775 3.07602
1.0003 -3.90296 2.58208 3.03684
0.998582 -3.91089 2.55477 3.00988
0.996554 -3.91648 2.53856 2.99686
0.999635 -3.91122 2.53862 2.9877
0.998108 -3.91081 2.54362 2.99817
0.997082 -3.90859 2.55464 3.01425
0.996441 -3.90378 2.57185 3.03651
0.996056 -3.89811 2.59152 3.06092
0.995943 -3.8921 2.61162 3.08501
0.996283 -3.88601 2.62975 3.10536
0.997293 -3.88063 2.64188 3.11653
0.999024 -3.87676 2.64417 3.11383
1.00125 -3.87499 2.6344 3.09542
1.0035 -3.87692 2.61057 3.06054
1.00524 -3.88229 2.57584 3.0146
1.00605 -3.89039 2.53519 2.96462
1.00589 -3.89976 2.49456 2.91759
1.00502 -3.90852 2.45917 2.87868
1.00382 -3.91675 2.42962 2.8475
1.00251 -3.92254 2.40936 2.82743
1.00113 -3.92634 2.39801 2.818
0.999653 -3.92849 2.39547 2.81918
0.998135 -3.92836 2.40298 2.83232
0.996759 -3.92549 2.42053 2.85694
0.995784 -3.9205 2.4453 2.88901
0.995417 -3.91416 2.47363 2.92356
0.995726 -3.90731 2.5017 2.95581
0.99663 -3.9008 2.52619 2.98204
0.997901 -3.89613 2.54374 2.99893
0.999222 -3.89276 2.5556 3.00893
1.00031 -3.89132 2.56204 3.01324
1.00096 -3.89187 2.56468 3.01436
1.00105 -3.89325 2.56764 3.01759
1.00045 -3.89477 2.57453 3.02749
0.999143 -3.89587 2.5886 3.04802
0.997292 -3.8952 2.61361 3.08318
0.995252 -3.89101 2.65241 3.13537
0.993511 -3.8838 2.70215 3.19976
0.992489 -3.87378 2.75919 3.27067
0.992303 -3.86212 2.81828 3.34135
0.992733 -3.85094 2.87384 3.40574
0.993427 -3.83991 2.92573 3.46481
0.994196 -3.82985 2.97226 3.51719
0.995092 -3.82093 3.01223 3.56128
0.996284 -3.81342 3.04372 3.5942
0.997853 -3.80794 3.06417 3.61266
0.999703 -3.80451 3.07276 3.61609
1.0016 -3.80377 3.06873 3.60449
1.00329 -3.80593 3.05312 3.58013
1.00457 -3.81105 3.0277 3.54579
1.00541 -3.81802 2.99624 3.50601
1.00586 -3.82643 2.96106 3.4633
1.00594 -3.83489 2.92605 3.42208
1.01052 -3.83645 2.8969 3.37265
1.00938 -3.84506 2.86977 3.34482
1.00754 -3.85171 2.85396 3.33248
1.00518 -3.85539 2.85262 3.33874
1.00277 -3.8554 2.86626 3.36276
1.00089 -3.85191 2.8917 3.39897
1.00001 -3.8458 2.92321 3.43903
1.00031 -3.83775 2.95524 3.47566
1.00161 -3.83034 2.9802 3.50049
1.00343 -3.82534 2.99384 3.51014
1.00523 -3.82272 2.99691 3.50742
1.00658 -3.82272 2.99098 3.49581
1.00728 -3.8252 2.97855 3.47886
1.0075 -3.82909 2.96262 3.45949
1.00763 -3.83289 2.94546 3.43902
1.008 -3.83694 2.9252 3.41409
1.00867 -3.84144 2.90069 3.38324
1.00935 -3.84697 2.87159 3.34703
1.00968 -3.85361 2.83979 3.30891
1.00942 -3.86109 2.80812 3.27283
1.00859 -3.86783 2.78129 3.24425
1.00733 -3.87322 2.76157 3.22526
1.00591 -3.87625 2.75087 3.21731
1.00459 -3.87781 2.74689 3.21685
1.00359 -3.87717 2.7495 3.22313
1.00298 -3.87501 2.75614 3.23289
1.00273 -3.87175 2.76489 3.24396
1.00281 -3.86867 2.77252 3.25266
1.00319 -3.86542 2.77855 3.25849
1.00384 -3.86273 2.78083 3.25903
1.00468 -3.86135 2.77766 3.25263
1.00551 -3.86082 2.77004 3.24101
1.00619 -3.8616 2.75809 3.22486
1.0066 -3.86322 2.74367 3.20669
1.00673 -3.86574 2.72777 3.18768
1.00658 -3.86864 2.7123 3.17009
1.00614 -3.87096 2.70006 3.15717
1.00539 -3.87278 2.69204 3.15012
1.00443 -3.87343 2.69011 3.15088
1.00343 -3.87239 2.69504 3.15979
1.00263 -3.86998 2.70526 3.17432
1.00221 -3.8663 2.71911 3.1919
1.00222 -3.86233 2.73334 3.20857
1.00255 -3.85832 2.74663 3.22312
1.00294 -3.85475 2.75819 3.23541
1.00317 -3.85206 2.76803 3.24621
1.0032 -3.84955 2.77791 3.25772
1.00322 -3.84684 2.78799 3.26946
1.00352 -3.84425 2.79629 3.2782
1.0042 -3.84194 2.8011 3.28162
1.01005 -3.83334 2.80495 3.2671
1.01075 -3.83326 2.80064 3.25983
1.01108 -3.83441 2.7937 3.25069
1.01096 -3.83643 2.78631 3.24247
1.01052 -3.8382 2.78123 3.23797
1.01 -3.83869 2.78001 3.23822
1.00964 -3.83852 2.78078 3.24028
1.00957 -3.83783 2.78216 3.24211
1.00981 -3.83724 2.78209 3.24124
1.01025 -3.83699 2.77983 3.23722
1.01056 -3.83745 2.77567 3.23137
1.01039 -3.8384 2.77221 3.2279
1.00952 -3.83879 2.77383 3.23255
1.00818 -3.83797 2.78279 3.24731
1.00692 -3.83514 2.79921 3.27057
1.00628 -3.83036 2.81999 3.29692
1.00649 -3.82429 2.84088 3.32067
1.00736 -3.81854 2.85722 3.33687
1.00854 -3.81442 2.86628 3.34354
1.00976 -3.812 2.86815 3.34167
1.01089 -3.81211 2.8618 3.33055
1.01189 -3.81366 2.84944 3.31289
1.01277 -3.81655 2.83159 3.28929
1.01359 -3.82047 2.80887 3.26024
1.01446 -3.82605 2.78004 3.224
1.01539 -3.833 2.74552 3.18106
1.01623 -3.8409 2.70685 3.13367
1.01671 -3.85034 2.66481 3.08354
1.01664 -3.86033 2.62345 3.03588
1.01595 -3.87057 2.58561 2.99413
1.01466 -3.87936 2.55632 2.96398
1.01284 -3.88621 2.53805 2.94809
1.01063 -3.89031 2.53334 2.94905
1.00822 -3.89143 2.54283 2.96718
1.00588 -3.8888 2.56693 3.00225
1.00399 -3.88271 2.60291 3.05008
1.00287 -3.87347 2.64689 3.10509
1.00272 -3.86272 2.69224 3.15875
1.00355 -3.85213 2.73271 3.20359
1.00515 -3.84264 2.76428 3.23543
1.00723 -3.83551 2.7836 3.2513
1.00943 -3.83145 2.78957 3.25117
1.01133 -3.83053 2.78394 3.23854
1.01244 -3.83266 2.77031 3.21913
1.01249 -3.83659 2.755 3.2012
1.01152 -3.84013 2.74513 3.19279
1.00996 -3.84221 2.74385 3.19623
1.00843 -3.84168 2.752 3.21057
1.0075 -3.83896 2.76603 3.22992
1.00739 -3.83516 2.78087 3.24761
1.0129 -3.82364 2.79753 3.2493
1.01366 -3.82022 2.80564 3.25627
1.01441 -3.81809 2.8085 3.25717
1.01513 -3.81718 2.80614 3.25212
1.01605 -3.81716 2.79795 3.23969
1.01737 -3.81871 2.78116 3.21609
1.01897 -3.82217 2.75457 3.18035
1.02037 -3.82823 2.71864 3.13455
1.02109 -3.83642 2.67736 3.08478
1.02104 -3.84564 2.6356 3.03681
1.02045 -3.85496 2.59659 2.99358
1.01965 -3.86323 2.56277 2.95691
1.01883 -3.87066 2.53393 2.926
1.018 -3.87632 2.51197 2.90302
1.01709 -3.88098 2.49618 2.88735
1.01603 -3.88409 2.48826 2.88118
1.01478 -3.88505 2.48997 2.88671
1.01334 -3.88477 2.50025 2.90273
1.01184 -3.8821 2.52094 2.93111
1.01048 -3.87758 2.55005 2.96896
1.00954 -3.87098 2.58589 3.01348
1.0092 -3.86294 2.62487 3.05993
1.00945 -3.85405 2.66384 3.10458
1.01016 -3.84602 2.69845 3.14272
1.01115 -3.83888 2.72775 3.17371
1.01233 -3.83295 2.75071 3.19673
1.01361 -3.8291 2.76554 3.20988
1.015 -3.8269 2.77265 3.21374
1.01643 -3.8271 2.77072 3.20697
1.01773 -3.8294 2.761 3.19165
1.01859 -3.83305 2.74667 3.1724
1.01877 -3.83835 2.72979 3.15235
1.01823 -3.84405 2.71477 3.13665
1.01721 -3.84941 2.70402 3.12737
1.01605 -3.85257 2.70045 3.1268
1.01508 -3.85404 2.70208 3.1317
1.01439 -3.85406 2.70738 3.13998
1.01384 -3.85304 2.71546 3.15104
1.01319 -3.85117 2.72667 3.16608
1.01232 -3.84844 2.74188 3.18649
1.01132 -3.84417 2.7624 3.21349
1.01055 -3.83878 2.78621 3.24369
1.01042 -3.83209 2.81078 3.27269
1.01122 -3.82524 2.83068 3.29325
1.01285 -3.81971 2.84091 3.29983
1.01494 -3.81585 2.84012 3.29214
1.01712 -3.81596 2.82481 3.26737
1.01922 -3.81937 2.79688 3.22839
1.02106 -3.82567 2.75845 3.17829
1.02232 -3.83481 2.71239 3.12138
1.02771 -3.83841 2.66814 3.05435
1.02717 -3.85023 2.62271 3.00392
1.02597 -3.86074 2.58579 2.96509
1.02435 -3.87001 2.55845 2.93839
1.02251 -3.87612 2.54447 2.9276
1.02061 -3.87988 2.54243 2.93071
1.01881 -3.88091 2.55237 2.94735
1.01727 -3.87905 2.57346 2.97621
1.01604 -3.8747 2.60374 3.01487
1.01511 -3.86837 2.64126 3.06111
1.01446 -3.86081 2.68363 3.1122
1.0141 -3.85208 2.72959 3.16663
1.01399 -3.84297 2.77667 3.22161
1.01403 -3.83393 2.82344 3.27572
1.01407 -3.82478 2.87014 3.3298
1.01404 -3.81571 2.91636 3.38351
1.01414 -3.80639 2.96158 3.43563
1.01454 -3.79777 3.00259 3.48185
1.0151 -3.78977 3.03894 3.52203
1.0156 -3.78263 3.07057 3.55695
1.01602 -3.77645 3.09738 3.58653
1.01658 -3.77008 3.12029 3.61105
1.0175 -3.76492 3.13536 3.62522
1.01876 -3.76117 3.14115 3.62743
1.02014 -3.75934 3.13676 3.61746
1.02143 -3.75971 3.12244 3.59638
1.02262 -3.76188 3.09946 3.56576
1.02386 -3.7657 3.06787 3.52515
1.02535 -3.77157 3.02625 3.47226
1.02709 -3.77962 2.97408 3.40664
1.02872 -3.79054 2.91153 3.32968
1.02976 -3.80377 2.84289 3.24793
1.0298 -3.81829 2.77416 3.16926
1.02882 -3.83288 2.71124 3.10035
1.02699 -3.84666 2.65841 3.04535
1.02456 -3.8571 2.62171 3.01043
1.02176 -3.86439 2.60168 2.99561
1.01895 -3.86735 2.59983 3.00174
1.01663 -3.86565 2.61419 3.02521
1.01529 -3.86078 2.638 3.05679
1.01513 -3.85373 2.66532 3.08895
1.01577 -3.84643 2.69067 3.11635
1.01654 -3.84047 2.71186 3.13852
1.0169 -3.83518 2.73204 3.16073
1.01686 -3.83061 2.75225 3.18426
1.01682 -3.82571 2.77343 3.20889
1.01715 -3.82084 2.79299 3.23046
1.01788 -3.81632 2.80897 3.24663
1.01879 -3.81311 2.81941 3.25578
1.01978 -3.8114 2.82388 3.25779
1.02579 -3.80309 2.82759 3.24294
1.02667 -3.80464 2.82027 3.23176
1.02713 -3.80715 2.81042 3.21903
1.02699 -3.81025 2.80092 3.20859
1.02642 -3.8133 2.79403 3.20248
1.02577 -3.81555 2.79066 3.20067
1.02533 -3.81725 2.78924 3.2004
1.02521 -3.8181 2.78904 3.20053
1.02534 -3.81849 2.78877 3.19983
1.02551 -3.81889 2.7878 3.1982
1.02557 -3.81972 2.78602 3.19596
1.02549 -3.82052 2.78462 3.19461
1.02533 -3.82163 2.78317 3.19342
1.02515 -3.82204 2.78336 3.19421
1.02492 -3.82224 2.78454 3.19627
1.02462 -3.82159 2.78805 3.20124
1.02424 -3.8207 2.79306 3.20818
1.02383 -3.81926 2.80007 3.21753
1.02342 -3.81768 2.80829 3.22828
1.02304 -3.8148 2.81938 3.24222
1.02283 -3.81188 2.83043 3.25559
1.02305 -3.80808 2.84104 3.26711
1.02396 -3.80527 2.84547 3.26929
1.02552 -3.80394 2.841 3.25918
1.02723 -3.80474 2.82697 3.23767
1.02847 -3.80834 2.80506 3.20871
1.02891 -3.81385 2.78007 3.17877
1.0286 -3.81972 2.75712 3.15349
1.02771 -3.82556 2.73865 3.13506
1.02632 -3.82955 2.72932 3.12862
1.02443 -3.83136 2.73127 3.13664
1.02218 -3.8305 2.74619 3.16072
1.01999 -3.8262 2.77423 3.19982
1.01861 -3.81832 2.81157 3.24729
1.01885 -3.80864 2.84841 3.28908
1.02107 -3.79916 2.87423 3.31168
1.02466 -3.79338 2.87966 3.30632
1.02821 -3.79296 2.86437 3.27738
1.03046 -3.79758 2.83533 3.23707
1.03088 -3.80628 2.80108 3.19667
1.02962 -3.81552 2.77291 3.16842
1.02733 -3.82275 2.75759 3.15793
1.02484 -3.82597 2.75796 3.16601
1.02278 -3.82574 2.77072 3.18708
1.02136 -3.82231 2.79304 3.21721
1.02059 -3.81705 2.82047 3.25124
1.02056 -3.81026 2.84996 3.28534
1.02152 -3.80313 2.87587 3.31211
1.02339 -3.79797 2.89143 3.32393
1.02537 -3.79567 2.89619 3.32299
1.03138 -3.78895 2.89903 3.30684
1.03108 -3.791 2.89936 3.30821
1.0298 -3.79246 2.90711 3.32116
1.02808 -3.79177 2.92538 3.34762
1.02642 -3.78846 2.95384 3.38565
1.02513 -3.78315 2.98958 3.43095
1.02423 -3.77536 3.03182 3.48247
1.0236 -3.76685 3.0766 3.53608
1.02319 -3.75672 3.12445 3.59252
1.02326 -3.74637 3.17053 3.64524
1.02425 -3.73618 3.2101 3.68716
1.02637 -3.72749 3.23651 3.70981
1.02934 -3.72208 3.24417 3.70788
1.03248 -3.72128 3.23134 3.68199
1.03515 -3.72526 3.20033 3.63726
1.03707 -3.73268 3.15655 3.58083
1.03826 -3.74298 3.10378 3.51693
1.03876 -3.75564 3.04564 3.44941
1.03854 -3.76881 2.98818 3.38506
1.03758 -3.78188 2.93547 3.32842
1.03596 -3.79318 2.89274 3.2851
1.03391 -3.80208 2.86237 3.25704
1.03183 -3.80748 2.84585 3.24476
1.03013 -3.81014 2.84009 3.24354
1.02903 -3.8103 2.84236 3.24963
1.02843 -3.80849 2.85026 3.26055
1.02802 -3.80661 2.86041 3.27348
1.02749 -3.80323 2.87608 3.29311
1.0267 -3.79932 2.89661 3.31915
1.02571 -3.79381 2.92432 3.35414
1.02467 -3.78729 2.95809 3.39633
1.02375 -3.77953 2.99744 3.44459
1.02313 -3.77077 3.04056 3.49626
1.02294 -3.76041 3.08659 3.54984
1.02325 -3.74936 3.13205 3.60106
1.02401 -3.73937 3.17233 3.64463
1.02518 -3.73043 3.20609 3.67923
1.0267 -3.72295 3.23147 3.70288
1.02841 -3.71834 3.24562 3.71291
1.02994 -3.71591 3.25084 3.71333
1.0309 -3.71547 3.25003 3.70898
1.03114 -3.71721 3.24525 3.70263
1.0309 -3.71886 3.24147 3.69918
1.03053 -3.72028 3.23859 3.69722
1.03035 -3.72111 3.236 3.69494
1.03063 -3.7214 3.23148 3.68876
1.03162 -3.72241 3.22019 3.67234
1.03324 -3.72517 3.19844 3.6418
1.03493 -3.72993 3.16655 3.59962
1.03591 -3.73785 3.12625 3.55046
1.04076 -3.73922 3.08996 3.49287
1.03971 -3.74757 3.0544 3.45617
1.0384 -3.75462 3.02511 3.42735
1.03734 -3.75983 3.00153 3.40411
1.03676 -3.76296 2.98232 3.3842
1.03667 -3.76541 2.96372 3.36339
1.03701 -3.76758 2.94398 3.33991
1.0377 -3.77047 2.92058 3.31114
1.03859 -3.77432 2.89297 3.27703
1.03935 -3.7794 2.8619 3.23947
1.03961 -3.78606 2.82923 3.2017
1.03919 -3.79319 2.79947 3.16928
1.03826 -3.79975 2.7759 3.1454
1.03716 -3.80464 2.76043 3.13119
1.0362 -3.80778 2.75227 3.12485
1.03543 -3.8098 2.74963 3.12417
1.03466 -3.81103 2.75223 3.12945
1.03358 -3.81081 2.76265 3.14458
1.03197 -3.80867 2.78365 3.17343
1.02984 -3.80406 2.8176 3.21876
1.02745 -3.79637 2.86576 3.2814
1.02517 -3.78584 2.92648 3.35841
1.02338 -3.77106 2.99947 3.44816
1.02249 -3.75299 3.07912 3.54282
1.0228 -3.73395 3.15667 3.63096
1.02449 -3.71547 3.22439 3.70273
1.02764 -3.69984 3.27333 3.74739
1.03206 -3.68916 3.29613 3.75735
1.03696 -3.68522 3.28959 3.73218
1.04105 -3.68814 3.25847 3.68234
1.04337 -3.69772 3.21072 3.6203
1.04383 -3.71051 3.15863 3.56001
1.04292 -3.72358 3.11111 3.50951
1.04119 -3.73566 3.07237 3.47155
1.03906 -3.74509 3.04613 3.44895
1.03685 -3.75184 3.03245 3.44079
1.03486 -3.75465 3.03234 3.44728
1.03336 -3.75443 3.04238 3.46372
1.03245 -3.7519 3.05922 3.48596
1.03207 -3.74762 3.08027 3.51123
1.03204 -3.74296 3.10227 3.53644
1.03214 -3.73844 3.12408 3.56096
1.0323 -3.7344 3.14485 3.58405
1.03264 -3.73024 3.16462 3.60538
1.03327 -3.72637 3.18138 3.62227
1.03411 -3.72409 3.19226 3.63172
1.03495 -3.72265 3.19877 3.63617
1.03563 -3.72272 3.20039 3.63562
1.03606 -3.7238 3.1988 3.63231
1.03616 -3.72544 3.19577 3.6285
1.04099 -3.71963 3.19709 3.61318
1.04079 -3.72099 3.1945 3.61096
1.04085 -3.72196 3.19086 3.60661
1.0413 -3.72305 3.18393 3.59722
1.04204 -3.72492 3.17189 3.58108
1.04285 -3.72796 3.15446 3.55863
1.04348 -3.73228 3.13282 3.5321
1.04369 -3.73728 3.10998 3.50563
1.04338 -3.74306 3.08795 3.48183
1.0426 -3.74841 3.07045 3.46469
1.04158 -3.75217 3.06 3.4563
1.0406 -3.7544 3.05581 3.45479
1.0399 -3.75526 3.05632 3.45769
1.03949 -3.75529 3.05956 3.46275
1.03919 -3.75482 3.06476 3.46964
1.03882 -3.75286 3.07395 3.48128
1.0383 -3.75133 3.0844 3.49485
1.03777 -3.749 3.0979 3.51195
1.03754 -3.74565 3.11329 3.53018
1.03782 -3.7417 3.12774 3.54559
1.03847 -3.7388 3.13747 3.55442
1.03911 -3.73678 3.14328 3.55879
1.03968 -3.73573 3.14528 3.55911
1.04042 -3.73538 3.14284 3.55381
1.04148 -3.73623 3.13389 3.54008
1.0426 -3.73861 3.11815 3.51853
1.04333 -3.74265 3.09756 3.49283
1.04344 -3.74771 3.07573 3.46786
1.04301 -3.75279 3.0561 3.44713
1.04236 -3.75772 3.03926 3.4303
1.04179 -3.76126 3.02658 3.41786
1.0415 -3.76385 3.01616 3.40704
1.04148 -3.76576 3.00662 3.39631
1.04168 -3.76748 2.99659 3.38435
1.04199 -3.76964 2.98477 3.36999
1.04228 -3.7726 2.97083 3.35333
1.04236 -3.77598 2.95643 3.3368
1.0421 -3.77965 2.94316 3.32267
1.04146 -3.78284 2.93358 3.31388
1.04058 -3.78543 2.9285 3.31094
1.03964 -3.78654 2.92925 3.31478
1.03881 -3.78593 2.93554 3.32455
1.03817 -3.78426 2.94543 3.33781
1.03777 -3.78134 2.95831 3.3537
1.03768 -3.77802 2.97157 3.36902
1.0379 -3.77449 2.98382 3.38219
1.03827 -3.77083 2.99473 3.39337
1.0385 -3.76846 3.00275 3.40167
1.03851 -3.7663 3.01064 3.4106
1.03841 -3.76402 3.01912 3.42052
1.04337 -3.75395 3.03238 3.41919
1.04349 -3.75148 3.04072 3.42824
1.04364 -3.74916 3.04848 3.43648
1.04356 -3.74736 3.05635 3.44563
1.04299 -3.74545 3.06733 3.45986
1.04198 -3.74224 3.08482 3.48299
1.04082 -3.73776 3.10855 3.51367
1.04002 -3.73176 3.13681 3.54836
1.04001 -3.72399 3.16653 3.58201
1.04101 -3.71635 3.19075 3.60595
1.04289 -3.71068 3.20361 3.61397
1.04523 -3.70766 3.20317 3.60536
1.04753 -3.70758 3.19006 3.58271
1.04945 -3.71126 3.16494 3.548
1.05094 -3.71743 3.1317 3.50578
1.052 -3.72614 3.092 3.45784
1.05239 -3.73725 3.04901 3.4085
1.05175 -3.74791 3.0117 3.36885
1.05005 -3.75829 2.98339 3.34256
1.04771 -3.76606 2.96942 3.33435
1.04528 -3.76999 2.97102 3.3439
1.04323 -3.77059 2.98518 3.36645
1.04178 -3.76743 3.00991 3.39907
1.04099 -3.76296 3.03848 3.43391
1.04081 -3.75695 3.06905 3.46908
1.04106 -3.75041 3.09847 3.5015
1.04153 -3.74483 3.12373 3.52845
1.04201 -3.73911 3.14685 3.55292
1.0424 -3.73466 3.16595 3.57315
1.04265 -3.73076 3.18278 3.59126
1.04274 -3.72721 3.19835 3.60853
1.04263 -3.72392 3.21353 3.62604
1.04241 -3.72046 3.22927 3.64457
1.04232 -3.7164 3.24539 3.6631
1.04261 -3.7122 3.25936 3.67784
1.04335 -3.70906 3.26743 3.6843
1.04439 -3.70693 3.2689 3.6823
1.04548 -3.70586 3.26383 3.67276
1.04648 -3.70616 3.25216 3.65613
1.04735 -3.70818 3.23384 3.63253
1.04803 -3.71143 3.2105 3.60397
1.04843 -3.71602 3.18313 3.57188
1.04849 -3.72137 3.15407 3.53906
1.04829 -3.7266 3.12566 3.50784
1.04809 -3.73186 3.09739 3.47678
1.04815 -3.73626 3.06968 3.4455
1.04852 -3.74112 3.03931 3.41021
1.04903 -3.74614 3.00682 3.3721
1.04943 -3.75226 2.97163 3.33136
1.04954 -3.75957 2.93509 3.29008
1.05429 -3.75909 2.9054 3.2421
1.05372 -3.7654 2.87607 3.21111
1.05285 -3.77113 2.85225 3.18714
1.05169 -3.77547 2.83646 3.173
1.0504 -3.77776 2.8301 3.16977
1.04928 -3.77836 2.83164 3.17489
1.04837 -3.77669 2.84128 3.18845
1.04732 -3.7741 2.85776 3.21016
1.04586 -3.76986 2.88395 3.24412
1.04429 -3.76374 2.91979 3.28936
1.04325 -3.75477 2.96394 3.34244
1.0431 -3.74439 3.01015 3.39503
1.04383 -3.73413 3.0528 3.4407
1.04523 -3.72491 3.0884 3.47619
1.04699 -3.71793 3.11402 3.49912
1.04875 -3.71332 3.13002 3.51121
1.05001 -3.71193 3.13733 3.51517
1.05042 -3.71209 3.14213 3.51919
1.04998 -3.71284 3.14876 3.52808
1.04907 -3.71297 3.16019 3.54397
1.04818 -3.71188 3.17642 3.5652
1.04779 -3.70848 3.19685 3.58948
1.04821 -3.70513 3.21423 3.60753
1.04946 -3.70271 3.22428 3.61451
1.0511 -3.70235 3.22434 3.60891
1.05255 -3.70363 3.21669 3.59542
1.05345 -3.70732 3.2022 3.57615
1.05385 -3.71259 3.18369 3.55412
1.05394 -3.71844 3.16349 3.53128
1.05383 -3.72464 3.14236 3.50806
1.05361 -3.73067 3.12138 3.48538
1.05335 -3.73603 3.10135 3.46386
1.05308 -3.7407 3.08231 3.44348
1.05277 -3.74489 3.06415 3.42418
1.05241 -3.749 3.04657 3.40572
1.05195 -3.75227 3.03134 3.39016
1.05131 -3.75553 3.01792 3.3772
1.0504 -3.75795 3.00896 3.37011
1.04927 -3.75846 3.00695 3.37149
1.0483 -3.75722 3.01058 3.37867
1.04805 -3.75468 3.016 3.38557
1.04885 -3.75136 3.01847 3.38574
1.05055 -3.74969 3.01146 3.37243
1.05249 -3.75093 2.99329 3.3459
1.05396 -3.75457 2.9677 3.31265
1.05456 -3.76053 2.93863 3.27835
1.05416 -3.76754 2.91176 3.2496
1.0529 -3.77399 2.89256 3.23203
1.05102 -3.77863 2.88482 3.22916
1.04882 -3.7802 2.89118 3.24306
1.05161 -3.77092 2.91577 3.26198
1.04969 -3.76586 2.94816 3.30424
1.04831 -3.75743 2.99024 3.3558
1.0477 -3.74711 3.03626 3.40945
1.04816 -3.73611 3.07971 3.4567
1.04991 -3.72578 3.11361 3.48895
1.05252 -3.71821 3.13207 3.50091
1.05498 -3.71466 3.13512 3.49615
1.05631 -3.71469 3.12884 3.48477
1.05623 -3.71692 3.12061 3.47587
1.05524 -3.71857 3.11739 3.47553
1.0542 -3.71892 3.11929 3.48108
1.05379 -3.71782 3.12366 3.48731
1.05421 -3.71566 3.12698 3.48963
1.05515 -3.71425 3.12521 3.48455
1.05605 -3.71477 3.11749 3.47297
1.05656 -3.7164 3.10704 3.45967
1.05672 -3.71884 3.09547 3.44626
1.05675 -3.72158 3.08365 3.433
1.05666 -3.72453 3.07188 3.42017
1.0563 -3.72645 3.06328 3.41178
1.05558 -3.72883 3.05633 3.40634
1.05468 -3.72985 3.05416 3.40685
1.05385 -3.72912 3.05648 3.41211
1.05335 -3.72774 3.05974 3.41739
1.05338 -3.7251 3.06275 3.42063
1.05412 -3.72237 3.06097 3.41624
1.05561 -3.72085 3.04976 3.39892
1.05774 -3.72229 3.02458 3.36407
1.06014 -3.72648 2.98592 3.31358
1.06224 -3.73408 2.93506 3.25069
1.06347 -3.7452 2.87615 3.18176
1.06339 -3.75817 2.81755 3.11717
1.06189 -3.77114 2.76772 3.06635
1.05932 -3.78143 2.73456 3.03698
1.05623 -3.78794 2.72103 3.03078
1.05313 -3.78951 2.72839 3.04793
1.0504 -3.78608 2.755 3.08567
1.04832 -3.77929 2.79535 3.13706
1.0471 -3.76937 2.84571 3.19729
1.04665 -3.75701 2.9023 3.26229
1.04655 -3.74458 2.96028 3.32777
1.0464 -3.73177 3.02067 3.39616
1.04608 -3.71899 3.08311 3.46742
1.04578 -3.7052 3.14861 3.5421
1.04584 -3.69125 3.21375 3.61516
1.04662 -3.67694 3.27567 3.68206
1.04827 -3.6645 3.32748 3.73443
1.05038 -3.65422 3.36761 3.77186
1.0522 -3.64753 3.39568 3.79674
1.05817 -3.63607 3.42087 3.8033
1.05856 -3.63347 3.43821 3.8212
1.05907 -3.63115 3.45197 3.83463
1.06019 -3.62977 3.45811 3.83738
1.06182 -3.63004 3.45393 3.82687
1.06338 -3.63274 3.43925 3.805
1.06435 -3.63807 3.41659 3.77649
1.06457 -3.64489 3.39075 3.74718
1.06424 -3.6521 3.36517 3.72004
1.06373 -3.6584 3.34228 3.69651
1.0633 -3.66387 3.32151 3.67505
1.06298 -3.66886 3.30194 3.65449
1.06267 -3.67329 3.28393 3.63562
1.06228 -3.67731 3.26763 3.61889
1.06191 -3.68068 3.25318 3.60413
1.06185 -3.68315 3.23952 3.58921
1.06241 -3.68597 3.22204 3.56796
1.06368 -3.68986 3.19714 3.53615
1.06534 -3.69541 3.16329 3.49326
1.0667 -3.70321 3.12178 3.44304
1.06708 -3.7134 3.07689 3.39231
1.06625 -3.72425 3.03599 3.34984
1.06447 -3.73399 3.00482 3.32099
1.06222 -3.7412 2.98653 3.30776
1.05991 -3.74443 2.98312 3.31119
1.05781 -3.74427 2.99234 3.32802
1.0562 -3.74133 3.0109 3.35375
1.0555 -3.73543 3.0354 3.3833
1.05596 -3.72868 3.05783 3.40679
1.05736 -3.7227 3.07271 3.41883
1.05901 -3.71873 3.07818 3.4196
1.06032 -3.71708 3.0758 3.41273
1.06106 -3.71752 3.06813 3.40185
1.06121 -3.71932 3.05839 3.39059
1.0608 -3.72134 3.05027 3.38286
1.06003 -3.72233 3.04677 3.38146
1.0592 -3.72216 3.04774 3.38517
1.05876 -3.72098 3.05096 3.39017
1.05908 -3.71906 3.05287 3.39127
1.06027 -3.7174 3.04882 3.38294
1.06198 -3.71795 3.03462 3.36178
1.06341 -3.7211 3.01202 3.33227
1.06385 -3.72619 2.98668 3.30285
1.06311 -3.73206 2.96496 3.28113
1.06151 -3.73657 2.95286 3.27265
1.05965 -3.73864 2.9522 3.27766
1.05796 -3.73787 2.96237 3.29421
1.05657 -3.73487 2.98117 3.31948
1.05539 -3.72969 3.00784 3.35292
1.05439 -3.72266 3.04116 3.39329
1.05863 -3.70667 3.08355 3.42679
1.05841 -3.69694 3.12365 3.47208
1.0589 -3.68713 3.16088 3.51182
1.05994 -3.67839 3.19152 3.54241
1.06107 -3.67108 3.21512 3.56478
1.06208 -3.66531 3.23209 3.58022
1.06319 -3.66066 3.24226 3.58771
1.06482 -3.65825 3.24143 3.58133
1.06697 -3.65795 3.22812 3.55941
1.06924 -3.66112 3.20065 3.52164
1.07108 -3.66743 3.16203 3.47315
1.07218 -3.67706 3.11515 3.41816
1.07244 -3.68788 3.06677 3.36426
1.0719 -3.69919 3.02075 3.31545
1.0707 -3.70994 2.98093 3.27541
1.06908 -3.71846 2.95111 3.24756
1.06745 -3.72413 2.93167 3.2311
1.06633 -3.72759 2.9189 3.22038
1.06613 -3.7293 2.90831 3.20931
1.06676 -3.73128 2.89373 3.19133
1.06777 -3.73374 2.8743 3.16692
1.0687 -3.73792 2.8488 3.13607
1.06944 -3.74352 2.81867 3.10078
1.06997 -3.75036 2.785 3.0622
1.07024 -3.75752 2.75061 3.02363
1.07003 -3.76557 2.71668 2.98692
1.06912 -3.77323 2.68834 2.95828
1.06742 -3.77951 2.67014 2.94293
1.06512 -3.78304 2.66613 2.94487
1.0627 -3.78285 2.67755 2.96421
1.06084 -3.77912 2.70113 2.99554
1.06013 -3.77275 2.73057 3.03022
1.0608 -3.76539 2.75821 3.05898
1.06256 -3.75913 2.77743 3.07517
1.06475 -3.7554 2.78554 3.07783
1.06653 -3.75536 2.78328 3.07019
1.06729 -3.75737 2.7778 3.06197
1.06684 -3.76095 2.77417 3.05925
1.06544 -3.76362 2.77924 3.06887
1.06357 -3.76424 2.79556 3.09232
1.06178 -3.76174 2.82376 3.12879
1.06048 -3.7567 2.86034 3.17319
1.05991 -3.75014 2.90065 3.21965
1.06003 -3.74265 2.94119 3.26428
1.06064 -3.73449 2.97996 3.30538
1.06155 -3.72791 3.01231 3.33841
1.06259 -3.72326 3.03733 3.36286
1.0635 -3.71941 3.05753 3.38233
1.06394 -3.71725 3.07335 3.39843
1.06369 -3.71524 3.08974 3.41733
1.06788 -3.70566 3.11284 3.42938
1.06695 -3.70253 3.13505 3.45687
1.06648 -3.69803 3.15848 3.48422
1.06692 -3.69266 3.17836 3.50472
1.0684 -3.68742 3.18924 3.51183
1.07062 -3.68512 3.18445 3.4993
1.0729 -3.68634 3.16404 3.46949
1.07461 -3.69064 3.1318 3.42864
1.07557 -3.69785 3.0911 3.3811
1.07589 -3.70623 3.04711 3.33199
1.0758 -3.71491 3.00261 3.28357
1.07555 -3.72354 2.95881 3.23645
1.07534 -3.73219 2.91551 3.18971
1.07527 -3.74018 2.87358 3.14405
1.07524 -3.74788 2.83283 3.09954
1.075 -3.756 2.79352 3.0572
1.07438 -3.76382 2.75872 3.02086
1.07331 -3.7702 2.73221 2.9948
1.07179 -3.77546 2.71512 2.9803
1.06977 -3.77819 2.71163 2.98208
1.06723 -3.77778 2.72446 3.00332
1.0643 -3.77397 2.75491 3.04526
1.06135 -3.76528 2.80453 3.10873
1.05904 -3.75215 2.86899 3.18713
1.05804 -3.73538 2.94106 3.27026
1.05878 -3.71686 3.01068 3.34533
1.06125 -3.70009 3.0659 3.39878
1.06501 -3.68695 3.09977 3.42419
1.06926 -3.67926 3.10868 3.42039
1.07306 -3.67792 3.09415 3.39235
1.07573 -3.68275 3.06128 3.34795
1.07711 -3.69127 3.01903 3.29753
1.07728 -3.70231 2.97331 3.24706
1.07648 -3.71361 2.93115 3.20341
1.07503 -3.72343 2.89734 3.17073
1.0734 -3.73116 2.87307 3.14894
1.07207 -3.73596 2.85824 3.13659
1.07138 -3.73917 2.8482 3.12757
1.07145 -3.74088 2.84045 3.11885
1.072 -3.74301 2.83085 3.10672
1.07243 -3.746 2.82029 3.09389
1.07216 -3.74926 2.81319 3.08689
1.07094 -3.7526 2.81331 3.09052
1.06902 -3.75378 2.82632 3.11039
1.06679 -3.75213 2.8535 3.14687
1.06451 -3.74735 2.89479 3.19925
1.06227 -3.73922 2.94976 3.26689
1.06021 -3.7276 3.01725 3.34812
1.0587 -3.71273 3.09375 3.4379
1.05826 -3.69587 3.17208 3.5264
1.06424 -3.67081 3.24868 3.59128
1.06677 -3.6548 3.30555 3.64549
1.07052 -3.64245 3.33977 3.67031
1.07465 -3.63608 3.34764 3.66481
1.07806 -3.63558 3.33377 3.63808
1.08 -3.64058 3.30525 3.60048
1.08041 -3.64838 3.27214 3.56306
1.07969 -3.6566 3.2419 3.53249
1.0783 -3.66356 3.21917 3.51226
1.07658 -3.66872 3.20553 3.50296
1.07483 -3.67102 3.20252 3.50538
1.07334 -3.67079 3.20815 3.5164
1.07245 -3.66839 3.21919 3.53143
1.07245 -3.66453 3.2308 3.54416
1.07348 -3.66054 3.23699 3.54754
1.07542 -3.65785 3.2325 3.53624
1.07783 -3.65853 3.213 3.50704
1.08008 -3.66298 3.1795 3.46325
1.08152 -3.6708 3.13656 3.41193
1.08174 -3.68053 3.09151 3.36226
1.08076 -3.69075 3.05077 3.32094
1.07906 -3.69927 3.01981 3.29243
1.07731 -3.70558 2.99857 3.27456
1.07615 -3.70911 2.98517 3.26346
1.07586 -3.71096 2.97438 3.25255
1.07642 -3.71192 2.96208 3.23741
1.0776 -3.71393 2.94323 3.21326
1.07908 -3.7179 2.91585 3.179
1.08043 -3.7241 2.8807 3.13678
1.08127 -3.73229 2.84061 3.09071
1.08147 -3.74194 2.79898 3.04484
1.08105 -3.75164 2.76056 3.00423
1.07992 -3.7606 2.72927 2.97328
1.07806 -3.76802 2.70914 2.95644
1.07563 -3.77242 2.70435 2.95789
1.07306 -3.77337 2.71529 2.97698
1.0709 -3.77077 2.73976 3.00983
1.06957 -3.76463 2.77424 3.05152
1.06914 -3.75639 2.81299 3.09537
1.0695 -3.74776 2.85058 3.13568
1.07058 -3.73962 2.88317 3.16834
1.07218 -3.73324 2.90708 3.18984
1.07361 -3.72894 2.92344 3.20354
1.07408 -3.72705 2.93598 3.21588
1.07352 -3.72627 2.95029 3.23323
1.07243 -3.72364 2.97223 3.26059
1.07126 -3.71952 3.0006 3.2953
1.07024 -3.7137 3.03478 3.33599
1.06958 -3.70642 3.07285 3.37996
1.06952 -3.69783 3.11201 3.42322
1.07526 -3.68164 3.15145 3.44808
1.07689 -3.6742 3.17737 3.47119
1.07909 -3.66996 3.1893 3.47711
1.08124 -3.66856 3.18915 3.47004
1.08262 -3.67024 3.18024 3.45591
1.08284 -3.67417 3.16843 3.44239
1.08193 -3.67873 3.16011 3.43625
1.08026 -3.68156 3.16108 3.44261
1.0784 -3.68197 3.17209 3.46056
1.07698 -3.67961 3.19131 3.48613
1.07647 -3.67491 3.21428 3.51289
1.07699 -3.66975 3.2344 3.53316
1.07826 -3.66528 3.24786 3.5437
1.07967 -3.66276 3.25323 3.5449
1.08061 -3.66214 3.2533 3.54191
1.08068 -3.66333 3.25173 3.53995
1.07982 -3.66448 3.25482 3.54614
1.07823 -3.66426 3.26682 3.56448
1.07629 -3.66132 3.29025 3.5965
1.0746 -3.65565 3.32311 3.63814
1.07368 -3.647 3.36207 3.68393
1.07381 -3.63728 3.39977 3.72482
1.07492 -3.62764 3.43068 3.75477
1.07683 -3.62001 3.44906 3.76821
1.07926 -3.6153 3.45196 3.76289
1.08202 -3.61385 3.43804 3.73816
1.08492 -3.61722 3.40465 3.69194
1.08759 -3.62478 3.35465 3.6288
1.08948 -3.63647 3.29197 3.55482
1.09026 -3.65113 3.22325 3.47812
1.08992 -3.66685 3.15591 3.40653
1.08866 -3.68144 3.09672 3.3465
1.08677 -3.69407 3.04912 3.30078
1.08452 -3.70453 3.01459 3.27018
1.08213 -3.71133 2.99588 3.25706
1.07982 -3.71454 2.99233 3.26015
1.07774 -3.71412 3.00294 3.27804
1.07598 -3.71058 3.02532 3.30786
1.07468 -3.70459 3.05618 3.34564
1.07408 -3.6967 3.09141 3.38611
1.07446 -3.68772 3.1254 3.42213
1.07598 -3.67938 3.15075 3.44502
1.07845 -3.67321 3.16166 3.44902
1.08141 -3.67058 3.15485 3.43219
1.08419 -3.67252 3.1301 3.39651
1.08615 -3.67918 3.09122 3.34828
1.08676 -3.68804 3.048 3.29961
1.08599 -3.69833 3.00676 3.25729
1.08426 -3.70797 2.97393 3.22686
1.08217 -3.71448 2.9543 3.21175
1.08513 -3.71061 2.95127 3.1997
1.08329 -3.71097 2.95624 3.21051
1.08168 -3.7079 2.97301 3.23354
1.08027 -3.70258 2.99879 3.26583
1.07922 -3.69562 3.03087 3.30398
1.07884 -3.68686 3.06647 3.34396
1.07936 -3.67733 3.1002 3.37911
1.08067 -3.66844 3.12697 3.40419
1.08225 -3.66209 3.14324 3.4169
1.08351 -3.6579 3.15136 3.42172
1.08425 -3.65545 3.15395 3.4222
1.08479 -3.65437 3.15169 3.41804
1.08565 -3.6539 3.14407 3.40709
1.08691 -3.6549 3.12844 3.38623
1.08806 -3.65806 3.10505 3.35734
1.08852 -3.66265 3.07872 3.32747
1.08808 -3.66799 3.05416 3.30226
1.08705 -3.67272 3.03534 3.28504
1.08593 -3.67569 3.02392 3.27603
1.08508 -3.6772 3.01835 3.27257
1.08442 -3.67771 3.0176 3.27375
1.08364 -3.67666 3.02381 3.28285
1.08246 -3.67463 3.03786 3.3017
1.08091 -3.6707 3.06244 3.33317
1.07944 -3.66462 3.09685 3.37524
1.07866 -3.65604 3.13811 3.42266
1.07898 -3.64609 3.17978 3.46708
1.0802 -3.63719 3.21486 3.50139
1.08165 -3.62993 3.24219 3.52642
1.08268 -3.62498 3.26267 3.5453
1.08314 -3.62173 3.27901 3.56154
1.08354 -3.61907 3.2921 3.57446
1.08448 -3.61657 3.29953 3.57941
1.086 -3.61597 3.29637 3.57098
1.08761 -3.61744 3.28279 3.55102
1.08896 -3.62115 3.25992 3.52188
1.09009 -3.62703 3.22873 3.48458
1.09116 -3.63496 3.18961 3.43899
1.09221 -3.64415 3.14423 3.38678
1.09306 -3.65496 3.0934 3.32946
1.09333 -3.66718 3.04039 3.27159
1.09268 -3.68046 2.9897 3.21897
1.09095 -3.69226 2.94969 3.18091
1.08836 -3.70136 2.92511 3.16192
1.0855 -3.70645 2.9182 3.16277
1.08323 -3.70691 2.92676 3.17869
1.08218 -3.70413 2.9435 3.19998
1.08227 -3.69968 2.96214 3.21997
1.0828 -3.69595 2.97827 3.23591
1.083 -3.69267 2.99447 3.25291
1.08747 -3.682 3.0185 3.26556
1.08633 -3.67795 3.04497 3.29763
1.08512 -3.67228 3.07851 3.33767
1.08452 -3.66524 3.11545 3.3796
1.08512 -3.65679 3.15086 3.41612
1.087 -3.64936 3.17625 3.43767
1.08944 -3.64516 3.18715 3.44174
1.09131 -3.64459 3.18653 3.43518
1.09194 -3.64638 3.1816 3.42789
1.09152 -3.64904 3.17787 3.42519
1.09071 -3.65147 3.17738 3.42719
1.09002 -3.65209 3.18159 3.43391
1.0896 -3.65211 3.18747 3.44161
1.0894 -3.65109 3.19514 3.45051
1.0895 -3.6505 3.20109 3.45663
1.09006 -3.64979 3.20458 3.45861
1.09107 -3.64999 3.20246 3.45312
1.09216 -3.65189 3.19385 3.44042
1.09276 -3.65525 3.18173 3.42548
1.0925 -3.65971 3.17005 3.41369
1.09142 -3.66364 3.16417 3.41073
1.08988 -3.6657 3.16729 3.41894
1.08832 -3.66592 3.17859 3.43604
1.08711 -3.66398 3.19693 3.45972
1.08638 -3.65948 3.22127 3.48842
1.08611 -3.65398 3.24754 3.51772
1.08621 -3.64804 3.27382 3.54585
1.08651 -3.64245 3.29846 3.57156
1.08678 -3.63734 3.32169 3.59584
1.08682 -3.63242 3.34493 3.62087
1.08661 -3.62754 3.36902 3.64762
1.08639 -3.62214 3.39429 3.67575
1.08643 -3.6166 3.41842 3.70174
1.08692 -3.6109 3.43939 3.72277
1.08786 -3.60682 3.45246 3.73367
1.0892 -3.60328 3.45821 3.73532
1.09084 -3.60203 3.45282 3.72387
1.09264 -3.60356 3.43533 3.69891
1.09426 -3.60731 3.40803 3.66409
1.09525 -3.61357 3.37342 3.62358
1.09537 -3.62144 3.33652 3.58354
1.09479 -3.62953 3.3019 3.54826
1.09395 -3.63629 3.2725 3.51936
1.09325 -3.64172 3.2474 3.49461
1.09281 -3.64674 3.22409 3.47092
1.09262 -3.65123 3.20209 3.44781
1.09269 -3.65505 3.18088 3.42476
1.09299 -3.65862 3.15906 3.40034
1.09338 -3.66256 3.13559 3.37389
1.09355 -3.66806 3.10968 3.34547
1.09811 -3.66608 3.09086 3.31143
1.09686 -3.67039 3.07555 3.29877
1.09516 -3.67331 3.069 3.29686
1.09375 -3.67349 3.07123 3.3035
1.09336 -3.67117 3.07714 3.31103
1.09426 -3.66851 3.07836 3.30964
1.09612 -3.66758 3.0687 3.29366
1.09835 -3.66937 3.04632 3.26299
1.10035 -3.67474 3.01155 3.2199
1.10161 -3.6834 2.96822 3.16993
1.10184 -3.69322 2.92399 3.12204
1.10102 -3.7035 2.88372 3.08135
1.09941 -3.7126 2.85255 3.05248
1.09747 -3.71921 2.83333 3.03728
1.09562 -3.72297 2.82589 3.03442
1.0941 -3.7241 2.82858 3.04154
1.09286 -3.72279 2.84023 3.05752
1.09179 -3.71943 2.85983 3.08164
1.09082 -3.7143 2.88645 3.1131
1.09007 -3.70778 2.91821 3.14951
1.08981 -3.70044 2.95187 3.1866
1.09026 -3.69273 2.98367 3.21959
1.09144 -3.68572 3.00915 3.24357
1.0931 -3.68077 3.02471 3.25539
1.09481 -3.67821 3.03025 3.25628
1.09606 -3.67822 3.02775 3.24988
1.09645 -3.67987 3.02216 3.24272
1.09602 -3.68229 3.01767 3.23916
1.09536 -3.68337 3.01773 3.24119
1.09524 -3.68366 3.01857 3.24245
1.09601 -3.68392 3.0157 3.23708
1.09731 -3.68545 3.0061 3.22296
1.09828 -3.68942 2.99044 3.20336
1.0981 -3.69445 2.9762 3.1886
1.09656 -3.69904 2.97067 3.18716
1.09413 -3.7012 2.97909 3.20329
1.09169 -3.70005 3.00133 3.23441
1.09 -3.69493 3.0346 3.27535
1.08941 -3.68691 3.07276 3.31833
1.08987 -3.67832 3.10835 3.35533
1.09115 -3.67062 3.13652 3.38178
1.0929 -3.66487 3.15437 3.39558
1.09465 -3.66177 3.16132 3.39762
1.09583 -3.66166 3.15946 3.39196
1.09612 -3.66303 3.15464 3.3859
1.09568 -3.66415 3.15174 3.38413
1.09513 -3.66479 3.15051 3.38452
1.0951 -3.66476 3.14857 3.38252
1.09586 -3.66478 3.14188 3.37301
1.09705 -3.66571 3.12832 3.35478
1.103 -3.66163 3.11164 3.3189
1.10322 -3.66655 3.08836 3.29342
1.10273 -3.67127 3.06803 3.2732
1.10175 -3.67551 3.05241 3.25942
1.10052 -3.67793 3.04429 3.2544
1.09919 -3.67904 3.04296 3.25691
1.09789 -3.67812 3.04932 3.26758
1.09677 -3.675 3.06286 3.28544
1.096 -3.67051 3.08079 3.30699
1.0957 -3.66489 3.10097 3.32956
1.09589 -3.65858 3.12103 3.35052
1.09644 -3.65239 3.13863 3.36772
1.09715 -3.64694 3.15259 3.38051
1.0978 -3.64246 3.16304 3.38971
1.09826 -3.63906 3.17059 3.39637
1.09859 -3.6365 3.17589 3.40103
1.09906 -3.63423 3.17896 3.40285
1.10009 -3.63273 3.17648 3.39703
1.10184 -3.6324 3.1651 3.37947
1.10398 -3.63496 3.14123 3.34749
1.10584 -3.64116 3.10558 3.30394
1.10696 -3.65021 3.06272 3.25505
1.10724 -3.66081 3.01782 3.20652
1.10675 -3.67202 2.97499 3.16241
1.10555 -3.68198 2.93979 3.12838
1.10375 -3.6902 2.91505 3.10711
1.10162 -3.6959 2.90284 3.10009
1.09956 -3.69853 2.9033 3.10638
1.09793 -3.69781 2.91502 3.12354
1.09686 -3.69417 2.93529 3.14835
1.09619 -3.6895 2.95984 3.17659
1.0957 -3.68388 2.98835 3.20865
1.09514 -3.67764 3.0208 3.24514
1.0944 -3.67009 3.05901 3.2884
1.09354 -3.66172 3.10238 3.33767
1.0927 -3.65218 3.151 3.39256
1.09209 -3.6409 3.20463 3.45222
1.09183 -3.62882 3.26023 3.51298
1.09197 -3.61685 3.31464 3.57114
1.09259 -3.60485 3.3662 3.62464
1.09373 -3.59364 3.41153 3.66962
1.09531 -3.58406 3.44765 3.70313
1.09703 -3.57678 3.47317 3.72468
1.09857 -3.57251 3.4878 3.73513
1.09975 -3.57052 3.49398 3.73773
1.10061 -3.57052 3.49296 3.7337
1.1014 -3.57134 3.48658 3.72424
1.10233 -3.57339 3.4733 3.7069
1.1035 -3.5768 3.45219 3.68046
1.10477 -3.58232 3.42212 3.64422
1.11079 -3.58201 3.38972 3.59015
1.11117 -3.59069 3.34981 3.54667
1.11076 -3.59988 3.31138 3.50729
1.10961 -3.60818 3.27932 3.47693
1.10795 -3.61525 3.25552 3.45684
1.10612 -3.61949 3.24287 3.44913
1.10441 -3.62094 3.24037 3.45181
1.10312 -3.62006 3.2453 3.46111
1.10252 -3.6171 3.25443 3.47272
1.1028 -3.61324 3.26247 3.48042
1.10392 -3.60992 3.26425 3.47877
1.10555 -3.60886 3.25568 3.46452
1.10715 -3.60944 3.23876 3.44153
1.10825 -3.61275 3.21414 3.412
1.10864 -3.61765 3.18633 3.38127
1.10848 -3.62345 3.1582 3.35191
1.10806 -3.62858 3.13304 3.32647
1.10765 -3.63291 3.11091 3.30421
1.10728 -3.63731 3.0905 3.28362
1.10675 -3.64075 3.07474 3.26842
1.10574 -3.64388 3.06486 3.2609
1.10414 -3.64499 3.06605 3.26689
1.10229 -3.64363 3.07945 3.28668
1.10086 -3.63941 3.10325 3.3164
1.10037 -3.63341 3.13158 3.34814
1.10074 -3.62652 3.16022 3.37763
1.10133 -3.6201 3.18699 3.40442
1.10169 -3.61482 3.212 3.43003
1.10186 -3.61005 3.23639 3.45554
1.10211 -3.60516 3.26025 3.48022
1.10245 -3.60096 3.28156 3.50188
1.10267 -3.59731 3.30101 3.52194
1.1026 -3.59408 3.31984 3.54226
1.10226 -3.59049 3.33983 3.56467
1.10195 -3.58674 3.35988 3.58711
1.10214 -3.58194 3.37884 3.60672
1.10354 -3.57738 3.38928 3.61325
1.10668 -3.57533 3.38093 3.59412
1.11115 -3.57754 3.34733 3.54411
1.11546 -3.58722 3.28629 3.46604
1.11813 -3.60312 3.20809 3.37549
1.11872 -3.62268 3.12478 3.28608
1.11774 -3.64295 3.04606 3.20611
1.1158 -3.66226 2.9772 3.13907
1.11326 -3.67826 2.92403 3.09005
1.11026 -3.69055 2.88871 3.06099
1.10697 -3.69828 2.87356 3.05397
1.10371 -3.70138 2.87814 3.06788
1.1009 -3.69937 2.90112 3.10028
1.09896 -3.69298 2.93764 3.14484
1.10316 -3.67632 2.985 3.18337
1.10355 -3.66585 3.02805 3.22815
1.10467 -3.65608 3.06572 3.26498
1.10582 -3.64791 3.09729 3.29519
1.10658 -3.642 3.1232 3.32046
1.10709 -3.6368 3.14628 3.34344
1.10772 -3.63244 3.16513 3.36157
1.10861 -3.62913 3.17812 3.37267
1.10964 -3.62724 3.18431 3.37608
1.11069 -3.62707 3.18342 3.37195
1.11167 -3.62768 3.17761 3.36283
1.1123 -3.63034 3.16662 3.3493
1.11203 -3.63426 3.15582 3.33868
1.11047 -3.63746 3.15371 3.34115
1.10784 -3.63798 3.16689 3.36309
1.1049 -3.63477 3.19696 3.40404
1.10248 -3.62685 3.24261 3.46022
1.10099 -3.61537 3.29814 3.52425
1.10043 -3.60203 3.35744 3.58944
1.10073 -3.58797 3.41564 3.65066
1.10202 -3.57402 3.4676 3.70186
1.10448 -3.56197 3.50586 3.73438
1.10795 -3.55371 3.524 3.74195
1.11171 -3.55073 3.51964 3.72467
1.11482 -3.55322 3.49616 3.68951
1.11663 -3.56023 3.46061 3.64606
1.11702 -3.56998 3.42096 3.60303
1.11621 -3.58048 3.38441 3.56714
1.11448 -3.58926 3.35787 3.54464
1.11218 -3.59611 3.34329 3.53656
1.10964 -3.59934 3.34387 3.54525
1.10724 -3.59883 3.35882 3.56884
1.10529 -3.59477 3.38571 3.60375
1.10404 -3.58773 3.42069 3.64509
1.10363 -3.57848 3.45923 3.68755
1.1042 -3.56858 3.49492 3.72367
1.10594 -3.56003 3.51995 3.74443
1.10878 -3.55439 3.52805 3.74343
1.11212 -3.55246 3.51716 3.72066
1.11508 -3.55538 3.4882 3.68025
1.11688 -3.56362 3.44561 3.62944
1.11717 -3.57378 3.40095 3.58149
1.11604 -3.58419 3.36182 3.54386
1.11399 -3.59345 3.33304 3.51999
1.11175 -3.59965 3.31757 3.51071
1.11003 -3.60204 3.31402 3.51239
1.10922 -3.60193 3.31677 3.51787
1.10917 -3.60091 3.32097 3.52247
1.10939 -3.59975 3.32529 3.52637
1.10947 -3.5987 3.3303 3.53141
1.11433 -3.59041 3.34078 3.52707
1.11408 -3.58932 3.34927 3.53683
1.11378 -3.58782 3.36011 3.54926
1.11336 -3.58569 3.37402 3.56527
1.11283 -3.58331 3.39063 3.58453
1.11224 -3.5797 3.41155 3.60855
1.11166 -3.57526 3.4359 3.6362
1.11112 -3.57029 3.46286 3.66653
1.11067 -3.5641 3.493 3.69995
1.11049 -3.55744 3.52366 3.73301
1.11089 -3.55066 3.55179 3.76147
1.11202 -3.54436 3.57355 3.78067
1.11372 -3.53967 3.5854 3.78742
1.11558 -3.5379 3.58531 3.78101
1.11712 -3.53864 3.5758 3.76577
1.11789 -3.54178 3.56037 3.74694
1.11757 -3.54628 3.54488 3.7317
1.1163 -3.55006 3.53574 3.72633
1.1147 -3.55212 3.53474 3.73063
1.11353 -3.5519 3.54021 3.74031
1.11323 -3.54996 3.54777 3.7493
1.1136 -3.54699 3.55445 3.75513
1.11396 -3.54502 3.55791 3.75757
1.11383 -3.54362 3.56123 3.7615
1.1134 -3.54184 3.56664 3.76868
1.11325 -3.53926 3.57288 3.77577
1.11382 -3.53721 3.57472 3.7758
1.11506 -3.53531 3.57076 3.7674
1.11664 -3.53577 3.55698 3.74758
1.11811 -3.53838 3.5349 3.7194
1.11916 -3.54321 3.50646 3.68601
1.11962 -3.54967 3.47499 3.65144
1.11958 -3.55664 3.4439 3.6189
1.11929 -3.56392 3.41394 3.58834
1.11879 -3.57072 3.38708 3.56169
1.11792 -3.57631 3.36607 3.54236
1.11673 -3.58131 3.35078 3.53003
1.11563 -3.5838 3.34344 3.52577
1.11508 -3.58477 3.33989 3.52378
1.11519 -3.58527 3.33593 3.51925
1.11575 -3.58585 3.32952 3.5107
1.11643 -3.58704 3.31996 3.49849
1.11702 -3.58872 3.3081 3.48418
1.11746 -3.59161 3.29321 3.46712
1.11771 -3.59557 3.27623 3.44845
1.11761 -3.5999 3.2597 3.43137
1.117 -3.60356 3.24719 3.42007
1.11602 -3.60677 3.23912 3.41457
1.11519 -3.60847 3.23591 3.41374
1.11511 -3.60884 3.23362 3.41156
1.12095 -3.60122 3.23186 3.39194
1.12223 -3.60284 3.21783 3.37336
1.12324 -3.60582 3.19871 3.35031
1.12349 -3.61059 3.17724 3.32708
1.12285 -3.61609 3.15857 3.30939
1.12141 -3.62022 3.14907 3.3037
1.11934 -3.62224 3.15192 3.31281
1.11697 -3.62136 3.16898 3.33778
1.11478 -3.61631 3.20113 3.37828
1.11321 -3.60824 3.24353 3.42784
1.11262 -3.59798 3.29093 3.47978
1.11313 -3.58723 3.3365 3.52636
1.11456 -3.57704 3.37549 3.56298
1.11647 -3.56901 3.40416 3.5871
1.11823 -3.56367 3.42287 3.60116
1.11931 -3.56105 3.43436 3.60976
1.11957 -3.56022 3.44286 3.61783
1.11923 -3.55985 3.45212 3.62866
1.1185 -3.55816 3.4659 3.64554
1.11744 -3.55596 3.48372 3.66774
1.11628 -3.55182 3.50793 3.69708
1.11551 -3.54596 3.53602 3.72927
1.11564 -3.53902 3.56305 3.75731
1.11691 -3.53256 3.58246 3.77351
1.11908 -3.52798 3.58935 3.77342
1.12157 -3.52665 3.58148 3.75681
1.12358 -3.5291 3.56084 3.72845
1.12463 -3.53426 3.53332 3.6962
1.12474 -3.54078 3.50428 3.66544
1.12438 -3.54751 3.47657 3.63764
1.12403 -3.55396 3.45026 3.61123
1.12391 -3.56023 3.4243 3.58444
1.12394 -3.56661 3.39807 3.55688
1.12393 -3.57278 3.37273 3.53038
1.1238 -3.57872 3.34901 3.50596
1.12359 -3.58435 3.32737 3.48398
1.12333 -3.58962 3.30796 3.46445
1.12299 -3.59442 3.29132 3.44808
1.12243 -3.59873 3.27831 3.43616
1.12157 -3.60206 3.27078 3.43088
1.12044 -3.60464 3.26899 3.43248
1.11915 -3.60547 3.27474 3.44247
1.1179 -3.60407 3.28818 3.46046
1.11695 -3.60126 3.30633 3.4825
1.11666 -3.59677 3.32676 3.50495
1.11732 -3.59145 3.34425 3.52128
1.11894 -3.58748 3.35194 3.52428
1.12107 -3.5857 3.34743 3.51285
1.12303 -3.5874 3.33027 3.48876
1.12429 -3.59195 3.30472 3.4581
1.12969 -3.59065 3.28045 3.41629
1.12935 -3.59783 3.25257 3.38828
1.12853 -3.6045 3.22923 3.36641
1.12742 -3.60949 3.21322 3.35302
1.12619 -3.61307 3.20429 3.34735
1.12501 -3.6147 3.20288 3.34937
1.12402 -3.61478 3.20737 3.35703
1.12323 -3.61347 3.21667 3.36914
1.12256 -3.6107 3.23038 3.38551
1.12197 -3.60747 3.24642 3.40411
1.12157 -3.6028 3.26549 3.42535
1.12158 -3.59783 3.28376 3.44446
1.12224 -3.59223 3.29931 3.45874
1.12348 -3.58801 3.30702 3.46301
1.12484 -3.58566 3.30654 3.45832
1.12571 -3.58556 3.29991 3.44871
1.12576 -3.58692 3.29189 3.44017
1.12509 -3.58821 3.28729 3.4374
1.12411 -3.58847 3.28816 3.44134
1.12327 -3.58725 3.29402 3.45002
1.12293 -3.58476 3.30238 3.45983
1.12309 -3.58121 3.31122 3.4686
1.12349 -3.57882 3.3164 3.4728
1.12387 -3.57681 3.31972 3.47509
1.12419 -3.5755 3.32093 3.47537
1.12449 -3.57442 3.32084 3.47436
1.12472 -3.57384 3.31937 3.4721
1.12484 -3.57327 3.31789 3.47017
1.12493 -3.57302 3.31595 3.46787
1.1251 -3.57289 3.31349 3.46477
1.12524 -3.57252 3.31141 3.46216
1.12503 -3.57282 3.30978 3.46112
1.12429 -3.57276 3.31217 3.46589
1.12331 -3.57157 3.32006 3.47718
1.12268 -3.56909 3.33145 3.49107
1.12288 -3.56539 3.34251 3.50202
1.12399 -3.56218 3.34723 3.50351
1.12571 -3.56059 3.34211 3.49281
1.12765 -3.56148 3.32561 3.46958
1.12943 -3.56551 3.29793 3.43529
1.13064 -3.57252 3.26202 3.39423
1.131 -3.58132 3.22346 3.35304
1.13044 -3.59056 3.18795 3.31776
1.12912 -3.59911 3.15994 3.29246
1.1273 -3.60504 3.14412 3.28128
1.12524 -3.6084 3.14093 3.28392
1.12327 -3.60899 3.14994 3.29911
1.12167 -3.60649 3.17004 3.32493
1.12053 -3.60096 3.19928 3.35901
1.1198 -3.59402 3.23347 3.39712
1.12434 -3.57861 3.27532 3.42719
1.1242 -3.57005 3.31434 3.46845
1.12454 -3.5609 3.35269 3.5075
1.12533 -3.55276 3.38605 3.53993
1.12633 -3.54558 3.41405 3.56602
1.1274 -3.5403 3.43502 3.58452
1.12865 -3.53629 3.44916 3.59531
1.13018 -3.53385 3.45468 3.59616
1.13188 -3.53391 3.44966 3.58557
1.13343 -3.53673 3.43458 3.56502
1.13464 -3.5423 3.4108 3.53653
1.13552 -3.54948 3.38144 3.50339
1.13605 -3.55755 3.34885 3.46799
1.13618 -3.56684 3.31407 3.43159
1.13579 -3.57626 3.2809 3.39841
1.1348 -3.5848 3.25318 3.37263
1.13324 -3.59165 3.23415 3.35754
1.13132 -3.59652 3.22509 3.3538
1.12946 -3.59878 3.22624 3.36051
1.12812 -3.59769 3.2365 3.37522
1.12763 -3.59438 3.25068 3.39147
1.12808 -3.59085 3.26243 3.40238
1.12909 -3.5879 3.26934 3.40652
1.12985 -3.58666 3.27185 3.40685
1.12948 -3.58648 3.2763 3.4126
1.12773 -3.58562 3.29057 3.43281
1.12524 -3.58176 3.31987 3.47103
1.12325 -3.57461 3.361 3.52025
1.12285 -3.56437 3.4066 3.56927
1.12429 -3.55402 3.44522 3.60512
1.12677 -3.54511 3.47203 3.62516
1.12905 -3.5406 3.48471 3.63108
1.1302 -3.5392 3.49032 3.63323
1.13011 -3.53971 3.49486 3.63822
1.12924 -3.53976 3.50381 3.65035
1.1282 -3.53863 3.5178 3.66832
1.12751 -3.53589 3.5353 3.68882
1.12758 -3.53228 3.55184 3.70583
1.12851 -3.52866 3.56305 3.71447
1.12994 -3.52662 3.56528 3.71211
1.13132 -3.52625 3.55959 3.70166
1.1323 -3.52796 3.54734 3.68572
1.1328 -3.53145 3.53096 3.66708
1.1328 -3.53595 3.51353 3.64898
1.13216 -3.54022 3.49965 3.6366
1.13076 -3.54369 3.49309 3.63428
1.12879 -3.54463 3.4984 3.64619
1.12671 -3.54272 3.51565 3.67092
1.12503 -3.53796 3.54271 3.7047
1.12404 -3.53013 3.57714 3.74401
1.12876 -3.5132 3.61829 3.77124
1.12914 -3.50356 3.65312 3.80626
1.13006 -3.49488 3.68226 3.83348
1.13137 -3.4875 3.70403 3.85169
1.13286 -3.48268 3.71606 3.85912
1.13428 -3.47936 3.72079 3.8592
1.13551 -3.4782 3.71806 3.85219
1.13658 -3.47905 3.70864 3.8388
1.13743 -3.4814 3.69437 3.82119
1.13773 -3.48537 3.67747 3.80269
1.13733 -3.48903 3.66387 3.78995
1.13652 -3.49279 3.6539 3.78235
1.13572 -3.49501 3.64962 3.78058
1.13518 -3.49609 3.64934 3.78209
1.13481 -3.49612 3.65253 3.78662
1.13437 -3.49558 3.65908 3.79489
1.1336 -3.49447 3.67024 3.80904
1.13257 -3.49254 3.68689 3.8298
1.13177 -3.48882 3.70877 3.85526
1.13189 -3.48372 3.73062 3.87757
1.13327 -3.47964 3.74332 3.88601
1.13554 -3.47698 3.74375 3.87871
1.13806 -3.47803 3.72809 3.85392
1.14051 -3.48241 3.6977 3.81428
1.14256 -3.49074 3.65345 3.76188
1.14366 -3.50241 3.60051 3.7038
1.14354 -3.51508 3.54758 3.64975
1.14243 -3.52841 3.49833 3.60257
1.14084 -3.53968 3.45849 3.56652
1.13919 -3.54859 3.42846 3.54066
1.13767 -3.55446 3.40907 3.52534
1.13622 -3.55849 3.39855 3.51895
1.13466 -3.56018 3.39862 3.52386
1.13289 -3.5594 3.41048 3.54167
1.13106 -3.55635 3.43373 3.57159
1.12946 -3.55067 3.46754 3.61186
1.12847 -3.54179 3.51003 3.65932
1.12839 -3.53203 3.55353 3.70494
1.12932 -3.52221 3.5928 3.7428
1.1311 -3.51388 3.6224 3.76771
1.13332 -3.50766 3.64011 3.7787
1.13545 -3.50527 3.64395 3.77561
1.13699 -3.50584 3.63784 3.76417
1.13779 -3.5091 3.62475 3.74798
1.13806 -3.51332 3.60909 3.7309
1.13809 -3.51801 3.59205 3.71318
1.13804 -3.52279 3.57461 3.69534
1.13782 -3.52729 3.55822 3.67908
1.13734 -3.53152 3.54414 3.66608
1.13662 -3.53558 3.53312 3.657
1.14079 -3.53049 3.53216 3.64262
1.14012 -3.53163 3.53137 3.64397
1.13983 -3.53195 3.53263 3.64617
1.13995 -3.53155 3.5344 3.64762
1.14027 -3.53152 3.53456 3.64677
1.14049 -3.53207 3.53356 3.64503
1.14036 -3.5326 3.53393 3.64583
1.13968 -3.53347 3.53714 3.65132
1.13835 -3.53322 3.54778 3.6666
1.13655 -3.53056 3.5691 3.69448
1.13496 -3.52515 3.59967 3.73133
1.13445 -3.51771 3.63319 3.76778
1.13536 -3.50937 3.66243 3.79505
1.13724 -3.50209 3.68159 3.80859
1.13926 -3.49777 3.68832 3.80878
1.14084 -3.49707 3.68398 3.79904
1.14183 -3.49832 3.67351 3.78494
1.14238 -3.50093 3.65926 3.76846
1.14255 -3.50408 3.64379 3.75197
1.1423 -3.50783 3.62858 3.73713
1.14162 -3.51138 3.6165 3.72691
1.14072 -3.51392 3.60928 3.72239
1.14005 -3.51524 3.60591 3.7211
1.14 -3.5152 3.60397 3.71927
1.14063 -3.51544 3.5985 3.71157
1.14151 -3.51625 3.58894 3.69885
1.14199 -3.5183 3.57663 3.68462
1.14163 -3.52089 3.56628 3.67513
1.14041 -3.52347 3.56164 3.67425
1.13871 -3.52408 3.56694 3.68522
1.13701 -3.5219 3.58275 3.70709
1.13565 -3.51729 3.60667 3.73632
1.13478 -3.51068 3.63608 3.76967
1.13447 -3.50279 3.6677 3.80349
1.13478 -3.49437 3.69809 3.83395
1.13572 -3.48653 3.72313 3.85673
1.13716 -3.48007 3.73999 3.86929
1.13885 -3.47572 3.747 3.87078
1.14054 -3.4741 3.74348 3.8614
1.14203 -3.47481 3.73124 3.84376
1.14302 -3.478 3.71218 3.82081
1.14322 -3.48309 3.69053 3.79789
1.14251 -3.48806 3.67294 3.78213
1.14124 -3.49166 3.66289 3.77597
1.14014 -3.49336 3.65966 3.77628
1.13997 -3.49332 3.65877 3.7759
1.14104 -3.4932 3.65297 3.76641
1.1429 -3.49452 3.63781 3.74466
1.1447 -3.49905 3.61195 3.7122
1.14577 -3.50583 3.58046 3.67639
1.15098 -3.50734 3.5507 3.62933
1.15041 -3.51574 3.52143 3.60121
1.14899 -3.52404 3.49897 3.58265
1.1465 -3.52988 3.49117 3.58242
1.14306 -3.53225 3.50259 3.60497
1.13931 -3.52884 3.53689 3.65227
1.13626 -3.52035 3.58871 3.71571
1.13486 -3.50659 3.65117 3.78503
1.13551 -3.4913 3.7104 3.84426
1.13787 -3.47681 3.75715 3.88461
1.14127 -3.46611 3.78405 3.90076
1.1449 -3.46073 3.78895 3.89342
1.1479 -3.46068 3.77545 3.86941
1.1495 -3.46541 3.75042 3.83842
1.14944 -3.47202 3.72483 3.81242
1.14807 -3.47869 3.70565 3.79732
1.14607 -3.4836 3.69713 3.79522
1.14408 -3.48467 3.70188 3.8067
1.14251 -3.48404 3.71435 3.82477
1.14147 -3.48049 3.73472 3.84922
1.14093 -3.47495 3.7599 3.87704
1.1408 -3.46891 3.78606 3.90442
1.14104 -3.4627 3.81146 3.92982
1.14145 -3.45648 3.83553 3.95321
1.14178 -3.45119 3.85723 3.97443
1.14191 -3.44633 3.87822 3.99558
1.14189 -3.44181 3.89898 4.01704
1.14173 -3.4371 3.92073 4.04002
1.14125 -3.43248 3.94418 4.06592
1.14031 -3.42688 3.97255 4.09853
1.13927 -3.42017 4.00555 4.13636
1.13892 -3.41112 4.04135 4.17458
1.13995 -3.40169 4.07075 4.20116
1.14233 -3.39386 4.08586 4.20797
1.14551 -3.3901 4.08072 4.19101
1.14877 -3.39084 4.05558 4.15337
1.15127 -3.3961 4.01437 4.10226
1.15233 -3.40562 3.96353 4.04657
1.15195 -3.41656 3.91284 3.99611
1.15086 -3.42688 3.86726 3.95333
1.1501 -3.43527 3.82656 3.9143
1.15033 -3.44288 3.7849 3.8709
1.15114 -3.45119 3.73888 3.82115
1.15151 -3.46034 3.69154 3.77157
1.15089 -3.47015 3.64733 3.72841
1.14948 -3.47902 3.61109 3.69587
1.1478 -3.48612 3.58418 3.6737
1.14634 -3.49044 3.56674 3.6605
1.1454 -3.49224 3.55605 3.65252
1.145 -3.49327 3.54728 3.64478
1.14984 -3.48595 3.5445 3.62657
1.14966 -3.48575 3.53896 3.62149
1.14951 -3.48525 3.53461 3.6175
1.14974 -3.48457 3.52949 3.61155
1.15066 -3.48405 3.52039 3.59937
1.15207 -3.48507 3.50379 3.57801
1.15327 -3.48863 3.48002 3.55004
1.15362 -3.49369 3.4547 3.52312
1.15303 -3.49899 3.43325 3.50305
1.1518 -3.50361 3.41877 3.492
1.15036 -3.50644 3.4131 3.49056
1.14912 -3.50654 3.41648 3.49778
1.14846 -3.50505 3.42453 3.50806
1.14859 -3.50303 3.43239 3.5157
1.1495 -3.50084 3.43709 3.51773
1.15079 -3.50012 3.4353 3.51196
1.15183 -3.50125 3.42826 3.50159
1.15199 -3.50432 3.4197 3.49236
1.15096 -3.50769 3.41672 3.49246
1.14897 -3.50901 3.42575 3.50774
1.14685 -3.50765 3.44669 3.5357
1.14561 -3.50272 3.4763 3.56993
1.14592 -3.49618 3.50495 3.5984
1.14765 -3.48993 3.5248 3.61333
1.14997 -3.48636 3.53119 3.61256
1.15198 -3.48624 3.52528 3.60021
1.1532 -3.4894 3.51073 3.58156
1.15341 -3.49407 3.49428 3.56415
1.1525 -3.49892 3.48205 3.55448
1.15073 -3.50259 3.47886 3.55669
1.14871 -3.5039 3.48658 3.57083
1.14717 -3.50191 3.50416 3.59368
1.14652 -3.49732 3.52685 3.61899
1.14673 -3.49197 3.54886 3.6409
1.14732 -3.48708 3.56765 3.65831
1.14769 -3.4834 3.58358 3.67344
1.14754 -3.47987 3.60063 3.69142
1.14701 -3.47607 3.62038 3.71336
1.14663 -3.47164 3.64201 3.73678
1.14691 -3.46629 3.66304 3.75744
1.14794 -3.46225 3.67713 3.76853
1.14925 -3.45949 3.68413 3.7714
1.15028 -3.45866 3.68478 3.76869
1.15083 -3.45912 3.68208 3.76413
1.15112 -3.46057 3.67705 3.75804
1.15148 -3.46235 3.67006 3.74972
1.15198 -3.46439 3.66076 3.73859
1.15235 -3.46761 3.64848 3.72484
1.15231 -3.47118 3.63656 3.71281
1.15187 -3.47499 3.62644 3.70388
1.15636 -3.47 3.62475 3.6878
1.15605 -3.47204 3.62028 3.68422
1.15596 -3.47402 3.61588 3.68004
1.1558 -3.47557 3.61277 3.6774
1.1554 -3.47666 3.61189 3.67775
1.15495 -3.47702 3.61351 3.68085
1.1548 -3.47656 3.6161 3.68396
1.15521 -3.4763 3.6157 3.68225
1.15609 -3.47645 3.61057 3.67421
1.15709 -3.47787 3.59957 3.65986
1.15778 -3.48122 3.58337 3.64122
1.15793 -3.48532 3.56632 3.62344
1.15751 -3.48993 3.5509 3.60906
1.15668 -3.4935 3.54103 3.60162
1.15566 -3.49599 3.53714 3.60082
1.15476 -3.49698 3.53918 3.60572
1.15425 -3.49647 3.54547 3.61371
1.15434 -3.49481 3.55316 3.62129
1.15495 -3.49374 3.55764 3.62393
1.15577 -3.49385 3.55771 3.62143
1.15639 -3.49509 3.55462 3.61633
1.15664 -3.49688 3.55076 3.61164
1.15659 -3.49926 3.54676 3.60772
1.15633 -3.50185 3.54374 3.60548
1.15571 -3.5037 3.54455 3.60823
1.15454 -3.50503 3.55074 3.61819
1.15287 -3.50407 3.56665 3.63965
1.15115 -3.50075 3.59163 3.67064
1.14999 -3.49494 3.62283 3.70626
1.14988 -3.48725 3.65495 3.73947
1.15091 -3.4799 3.68036 3.76209
1.15278 -3.47357 3.6958 3.77174
1.15495 -3.47016 3.69816 3.76705
1.15684 -3.47034 3.68842 3.75102
1.15793 -3.47318 3.67176 3.73054
1.15801 -3.47753 3.65405 3.7123
1.15719 -3.48211 3.64035 3.70102
1.15579 -3.48559 3.63438 3.69942
1.15401 -3.48678 3.63906 3.70988
1.15188 -3.48548 3.65585 3.7339
1.14948 -3.48056 3.68724 3.77381
1.14723 -3.47221 3.73164 3.82675
1.14578 -3.46057 3.7849 3.88629
1.14572 -3.44671 3.83966 3.94272
1.14713 -3.43256 3.88757 3.987
1.14955 -3.42056 3.922 4.01385
1.15222 -3.41255 3.94021 4.02313
1.15452 -3.40806 3.94522 4.02021
1.15619 -3.40716 3.93943 4.00853
1.15731 -3.40934 3.92541 3.99041
1.16308 -3.40572 3.91069 3.95571
1.16368 -3.41039 3.88865 3.93138
1.16421 -3.41553 3.86434 3.90505
1.1646 -3.42164 3.83754 3.87664
1.16488 -3.42839 3.80928 3.84717
1.16499 -3.43551 3.78074 3.818
1.16463 -3.4436 3.75298 3.79114
1.1635 -3.45042 3.73281 3.77443
1.16168 -3.45579 3.72257 3.76997
1.15971 -3.45843 3.72397 3.77781
1.15819 -3.458 3.73497 3.79392
1.1575 -3.455 3.75129 3.81278
1.15771 -3.45078 3.76754 3.82859
1.15872 -3.44678 3.77875 3.83663
1.16016 -3.44558 3.77972 3.83285
1.16139 -3.44598 3.77423 3.82326
1.16176 -3.44785 3.76629 3.81396
1.16107 -3.4502 3.76137 3.81125
1.15957 -3.45172 3.7639 3.81877
1.15785 -3.45113 3.77567 3.8364
1.15664 -3.44793 3.79465 3.85971
1.15651 -3.44277 3.8153 3.88115
1.15753 -3.43751 3.83067 3.89334
1.15917 -3.43407 3.83651 3.89376
1.16055 -3.433 3.83435 3.88697
1.16093 -3.43398 3.82928 3.88052
1.16018 -3.43571 3.82752 3.88126
1.15871 -3.43639 3.8338 3.89256
1.15729 -3.43433 3.84957 3.91339
1.15658 -3.42998 3.87056 3.93712
1.15689 -3.42433 3.89125 3.95713
1.15816 -3.41966 3.90461 3.96635
1.16017 -3.41676 3.90719 3.9621
1.16246 -3.41697 3.89645 3.94342
1.16442 -3.42019 3.87465 3.91476
1.16553 -3.42693 3.84452 3.88062
1.16555 -3.43557 3.81279 3.84852
1.16457 -3.44437 3.78557 3.82424
1.16295 -3.45152 3.76752 3.81132
1.16116 -3.45589 3.76038 3.80994
1.15969 -3.45753 3.76233 3.81677
1.15886 -3.45714 3.7696 3.8269
1.15875 -3.45561 3.77818 3.83597
1.15914 -3.45424 3.78461 3.84119
1.15961 -3.4529 3.78952 3.84463
1.15981 -3.45221 3.79322 3.84771
1.15971 -3.45188 3.79721 3.85208
1.15945 -3.4511 3.80319 3.85902
1.1591 -3.45012 3.81088 3.868
1.15856 -3.44904 3.82084 3.87992
1.16259 -3.43938 3.84069 3.88653
1.16121 -3.43546 3.8642 3.91497
1.15988 -3.43016 3.89375 3.94943
1.15931 -3.42215 3.92768 3.98583
1.16001 -3.41343 3.95735 4.0135
1.16199 -3.40613 3.97484 4.02438
1.16475 -3.40168 3.97601 4.01603
1.16756 -3.40141 3.95967 3.98989
1.16975 -3.40524 3.92932 3.95188
1.17088 -3.41281 3.89007 3.90865
1.1708 -3.42144 3.85095 3.86961
1.16972 -3.43016 3.81692 3.83894
1.16811 -3.4373 3.79208 3.81922
1.16654 -3.4421 3.7769 3.80904
1.16558 -3.44416 3.76937 3.8046
1.16549 -3.44473 3.76408 3.79954
1.16595 -3.44564 3.75666 3.79055
1.16614 -3.447 3.74898 3.78219
1.16553 -3.44877 3.74433 3.77948
1.16428 -3.44935 3.74697 3.78622
1.16274 -3.44855 3.7572 3.80158
1.16117 -3.44496 3.77685 3.82661
1.15995 -3.43948 3.80254 3.8567
1.15967 -3.43141 3.83132 3.88682
1.16078 -3.42346 3.85337 3.90545
1.16295 -3.41735 3.86298 3.90789
1.16512 -3.41431 3.85984 3.89745
1.16644 -3.4146 3.84789 3.88099
1.16685 -3.41689 3.83251 3.86411
1.16681 -3.41952 3.81751 3.84912
1.16665 -3.42225 3.80334 3.83535
1.16638 -3.42463 3.79136 3.82415
1.16583 -3.4269 3.78246 3.81697
1.16495 -3.42819 3.77927 3.81663
1.16399 -3.42811 3.78221 3.82276
1.16339 -3.42638 3.78966 3.83226
1.1635 -3.42376 3.79737 3.8397
1.16431 -3.42173 3.80049 3.8402
1.1655 -3.42112 3.79683 3.83255
1.16666 -3.4214 3.78814 3.82
1.16737 -3.42421 3.77376 3.80316
1.16743 -3.42765 3.75947 3.78857
1.1668 -3.43147 3.74804 3.7791
1.16555 -3.4344 3.74354 3.77861
1.16382 -3.43525 3.74927 3.79001
1.16186 -3.43342 3.76649 3.81384
1.16006 -3.42895 3.7938 3.84745
1.1589 -3.42163 3.82838 3.88642
1.15874 -3.41241 3.86451 3.92365
1.15967 -3.40326 3.89479 3.95121
1.16649 -3.38761 3.91918 3.95271
1.16891 -3.38267 3.92386 3.94924
1.17165 -3.38118 3.91213 3.92822
1.17426 -3.38368 3.88437 3.89168
1.1761 -3.38992 3.84479 3.84599
1.17674 -3.39902 3.7998 3.79893
1.17638 -3.40937 3.75531 3.75559
1.17558 -3.41849 3.71634 3.71914
1.17475 -3.42697 3.68167 3.68706
1.17401 -3.43398 3.65251 3.66015
1.1733 -3.44005 3.62818 3.63798
1.17251 -3.44482 3.60987 3.62208
1.17155 -3.44847 3.59793 3.61304
1.17046 -3.45058 3.59336 3.61179
1.16944 -3.45077 3.59608 3.61771
1.16882 -3.44988 3.60251 3.6261
1.16895 -3.44798 3.60927 3.63248
1.16987 -3.44633 3.61138 3.63176
1.17106 -3.4464 3.60612 3.62277
1.17166 -3.4486 3.596 3.61077
1.17102 -3.45061 3.59001 3.6067
1.16929 -3.45175 3.59262 3.61469
1.16727 -3.4505 3.606 3.63441
1.16594 -3.44661 3.62683 3.65959
1.16578 -3.44064 3.64964 3.68311
1.16662 -3.43414 3.6689 3.69989
1.16788 -3.42912 3.68075 3.70782
1.1691 -3.42613 3.68513 3.70835
1.17024 -3.42452 3.68347 3.70308
1.1716 -3.4247 3.6739 3.68918
1.17338 -3.42744 3.65353 3.66316
1.1752 -3.43238 3.62362 3.62752
1.17622 -3.44039 3.58696 3.58774
1.17582 -3.45011 3.55156 3.55354
1.17423 -3.45874 3.52576 3.5325
1.17222 -3.46532 3.51135 3.52407
1.17046 -3.46847 3.50889 3.52692
1.16909 -3.46873 3.51597 3.53816
1.16801 -3.46712 3.5302 3.55579
1.1672 -3.46354 3.55085 3.57906
1.16688 -3.45907 3.57415 3.60354
1.1672 -3.45432 3.59663 3.62519
1.16801 -3.44968 3.6163 3.6425
1.16876 -3.44675 3.63145 3.65542
1.16888 -3.44503 3.6457 3.66936
1.16824 -3.44353 3.66326 3.68907
1.16716 -3.44075 3.68737 3.71679
1.16619 -3.43677 3.71642 3.74919
1.16582 -3.43095 3.74858 3.78283
1.1663 -3.42457 3.77841 3.81137
1.17249 -3.41173 3.80525 3.81818
1.17407 -3.40804 3.81875 3.82656
1.17571 -3.40656 3.82246 3.82493
1.17718 -3.40758 3.81682 3.81452
1.17821 -3.41112 3.80355 3.79795
1.17836 -3.41635 3.78762 3.78154
1.17728 -3.42163 3.77633 3.77373
1.17516 -3.42516 3.77569 3.7799
1.17281 -3.42498 3.78842 3.80025
1.17116 -3.42146 3.80993 3.8272
1.1708 -3.41605 3.83269 3.85127
1.17171 -3.40995 3.85053 3.86617
1.17344 -3.40508 3.85846 3.86844
1.17519 -3.40311 3.85494 3.85914
1.17623 -3.40341 3.84474 3.84552
1.17627 -3.40532 3.83296 3.8336
1.17555 -3.40736 3.82436 3.82733
1.17454 -3.40841 3.82124 3.82753
1.17361 -3.4075 3.82456 3.83388
1.17303 -3.40595 3.83067 3.84191
1.17293 -3.40299 3.83918 3.85076
1.17321 -3.4002 3.84639 3.85708
1.17365 -3.39755 3.8522 3.86147
1.17409 -3.39541 3.85609 3.86391
1.17453 -3.39392 3.85788 3.86427
1.17499 -3.39329 3.85702 3.86188
1.17553 -3.39318 3.85375 3.85683
1.17617 -3.3939 3.84726 3.84823
1.17679 -3.39561 3.83762 3.83659
1.17703 -3.39835 3.82659 3.82478
1.17657 -3.40137 3.81822 3.81788
1.17547 -3.40366 3.81627 3.81953
1.17409 -3.40431 3.82244 3.83019
1.17289 -3.4028 3.83622 3.84792
1.17204 -3.39937 3.85574 3.87031
1.17144 -3.39496 3.87865 3.8953
1.17097 -3.38951 3.90469 3.92304
1.17069 -3.38392 3.93138 3.95079
1.17084 -3.37733 3.95816 3.9772
1.1717 -3.37123 3.97956 3.99576
1.17351 -3.36582 3.99173 4.0018
1.1762 -3.36362 3.98762 3.98853
1.17911 -3.36528 3.96652 3.95763
1.18116 -3.37163 3.93178 3.91617
1.18171 -3.38082 3.89247 3.8752
1.18104 -3.3908 3.85559 3.84066
1.17991 -3.39999 3.82409 3.81293
1.17911 -3.40732 3.79745 3.78894
1.17909 -3.41317 3.77181 3.76345
1.17961 -3.41922 3.74299 3.73304
1.18494 -3.41854 3.71627 3.68971
1.18454 -3.42554 3.6875 3.66236
1.1836 -3.43246 3.66301 3.64094
1.18268 -3.43817 3.64395 3.62481
1.18226 -3.44217 3.6289 3.61113
1.18225 -3.44572 3.61477 3.59711
1.18198 -3.44908 3.60308 3.58629
1.18081 -3.45215 3.59787 3.58464
1.17876 -3.45384 3.60368 3.59669
1.17644 -3.45186 3.62394 3.62403
1.17472 -3.4466 3.65451 3.65997
1.1741 -3.43856 3.68993 3.69739
1.17449 -3.42983 3.72332 3.7296
1.17542 -3.42147 3.75182 3.75519
1.17646 -3.41494 3.77309 3.77313
1.17747 -3.40961 3.78833 3.78512
1.1784 -3.40579 3.7973 3.79109
1.17907 -3.40326 3.80146 3.79308
1.17925 -3.40205 3.8028 3.79383
1.1789 -3.40067 3.80583 3.79799
1.17829 -3.39906 3.81116 3.80527
1.17795 -3.39611 3.81918 3.81439
1.17821 -3.39317 3.82523 3.81958
1.17899 -3.39098 3.82667 3.81849
1.17994 -3.3897 3.82336 3.81211
1.18085 -3.38981 3.81496 3.8008
1.18165 -3.39135 3.80179 3.78513
1.18225 -3.3942 3.78474 3.76625
1.18265 -3.39748 3.76589 3.74622
1.18302 -3.4013 3.74469 3.72396
1.18355 -3.40562 3.72033 3.69809
1.18419 -3.41091 3.69165 3.66757
1.18474 -3.41745 3.65883 3.63329
1.18506 -3.42429 3.62451 3.59822
1.18521 -3.43206 3.58817 3.56171
1.18527 -3.4399 3.55147 3.5251
1.18517 -3.44812 3.51466 3.48888
1.1847 -3.45538 3.48159 3.4574
1.18387 -3.46206 3.45289 3.43132
1.18291 -3.46783 3.42919 3.41053
1.18215 -3.47187 3.41087 3.39449
1.18172 -3.47527 3.39498 3.37991
1.18145 -3.47824 3.38123 3.36699
1.18106 -3.48053 3.37119 3.35808
1.18042 -3.48201 3.36642 3.35517
1.17955 -3.48293 3.36732 3.35854
1.17854 -3.48216 3.37616 3.37023
1.17743 -3.48006 3.39259 3.38984
1.17619 -3.47651 3.41702 3.41783
1.17487 -3.47064 3.45085 3.45556
1.17855 -3.45558 3.49686 3.49069
1.17754 -3.44577 3.54563 3.54241
1.17718 -3.4343 3.59753 3.59535
1.17764 -3.42274 3.64692 3.64331
1.17872 -3.41156 3.69129 3.68424
1.17993 -3.40158 3.72981 3.71888
1.18066 -3.39418 3.76274 3.74938
1.18063 -3.38787 3.79562 3.78224
1.18004 -3.3813 3.83223 3.82064
1.17934 -3.37378 3.87316 3.86374
1.17883 -3.36537 3.91694 3.9091
1.17852 -3.35622 3.96226 3.95535
1.17844 -3.34658 4.00753 4.00082
1.17893 -3.33681 4.04939 4.04095
1.18051 -3.32719 4.08269 4.06871
1.18345 -3.32019 4.0983 4.07412
1.18732 -3.31778 4.09062 4.05324
1.19111 -3.32138 4.05925 4.00937
1.19381 -3.33009 4.01107 3.95283
1.19494 -3.34323 3.95326 3.89216
1.19464 -3.35856 3.89427 3.83502
1.19339 -3.3726 3.84251 3.78802
1.19163 -3.3849 3.79998 3.75164
1.18966 -3.395 3.76782 3.72606
1.18775 -3.40189 3.74725 3.71167
1.18618 -3.40621 3.73569 3.7051
1.18516 -3.40782 3.73124 3.70389
1.18469 -3.40797 3.72996 3.70408
1.18462 -3.40754 3.72924 3.7036
1.1848 -3.40734 3.72715 3.70096
1.18521 -3.40695 3.72361 3.69614
1.18593 -3.40733 3.71594 3.6863
1.18695 -3.40849 3.70329 3.67061
1.18808 -3.41187 3.68329 3.64731
1.18896 -3.41612 3.65974 3.62128
1.18918 -3.42215 3.63412 3.59529
1.18838 -3.42851 3.61282 3.57662
1.1865 -3.43357 3.60217 3.57172
1.18384 -3.43647 3.60553 3.58308
1.18092 -3.4347 3.62697 3.61331
1.17833 -3.42827 3.664 3.65821
1.17679 -3.41829 3.7099 3.7089
1.17704 -3.40644 3.75451 3.75271
1.17946 -3.39436 3.78716 3.77757
1.18346 -3.3859 3.79703 3.77459
1.18762 -3.38361 3.78185 3.74634
1.19057 -3.3874 3.74824 3.70385
1.19179 -3.39598 3.70526 3.65763
1.19146 -3.40611 3.66353 3.61744
1.18999 -3.41628 3.629 3.58777
1.19275 -3.41638 3.61266 3.56335
1.19015 -3.42047 3.60828 3.56682
1.18771 -3.42021 3.62015 3.58591
1.18588 -3.41684 3.64334 3.61443
1.18496 -3.41088 3.6733 3.64699
1.18504 -3.40368 3.70414 3.67735
1.18605 -3.39589 3.73163 3.7015
1.18772 -3.38983 3.74982 3.71429
1.1896 -3.38654 3.757 3.71554
1.1911 -3.38611 3.75505 3.70893
1.19194 -3.3879 3.7476 3.69896
1.19229 -3.39053 3.73835 3.68875
1.19255 -3.39383 3.72725 3.67699
1.19299 -3.39759 3.71382 3.66239
1.19346 -3.402 3.69806 3.64541
1.1935 -3.40729 3.68197 3.62943
1.19275 -3.41265 3.67017 3.62007
1.19136 -3.41665 3.66704 3.62122
1.18986 -3.41878 3.67287 3.63154
1.18881 -3.41847 3.68617 3.64792
1.18839 -3.41643 3.70327 3.66613
1.18836 -3.41376 3.72122 3.684
1.18828 -3.41125 3.7392 3.70202
1.18792 -3.40893 3.75826 3.72203
1.18744 -3.40642 3.77892 3.74399
1.1873 -3.40249 3.80133 3.76667
1.1877 -3.39865 3.82068 3.78454
1.18844 -3.39501 3.83604 3.7974
1.18913 -3.39251 3.8466 3.80564
1.1896 -3.39155 3.85266 3.81015
1.18978 -3.39121 3.85671 3.81358
1.18964 -3.39057 3.86141 3.81866
1.1893 -3.38977 3.86702 3.8253
1.189 -3.38876 3.87309 3.83226
1.18888 -3.38715 3.87962 3.83912
1.1888 -3.38541 3.88595 3.84566
1.18851 -3.38385 3.89259 3.85315
1.1879 -3.38178 3.90185 3.86429
1.18706 -3.37881 3.91488 3.87997
1.1863 -3.37451 3.93146 3.89886
1.18616 -3.36887 3.94862 3.91637
1.18707 -3.36268 3.96072 3.92536
1.18914 -3.35802 3.96036 3.91818
1.19194 -3.35664 3.9429 3.89172
1.19468 -3.35949 3.90841 3.84883
1.19657 -3.36672 3.86096 3.79611
1.19725 -3.37667 3.80811 3.742
1.19693 -3.38751 3.75628 3.69208
1.19602 -3.39768 3.70967 3.64905
1.1948 -3.40655 3.6702 3.6139
1.19835 -3.40651 3.64331 3.57678
1.19678 -3.41169 3.62244 3.56097
1.19531 -3.41396 3.61236 3.55544
1.194 -3.41431 3.61085 3.55784
1.19271 -3.41318 3.61737 3.56812
1.19127 -3.41002 3.63348 3.58833
1.1899 -3.40397 3.65993 3.61863
1.18923 -3.39638 3.69086 3.65124
1.18988 -3.38808 3.71944 3.67753
1.19179 -3.38033 3.73938 3.69132
1.19427 -3.37524 3.74631 3.69046
1.19653 -3.37422 3.73984 3.67713
1.19807 -3.37653 3.7243 3.65716
1.19873 -3.38137 3.704 3.63521
1.19859 -3.38709 3.68418 3.61618
1.19789 -3.39262 3.66802 3.60243
1.19702 -3.3969 3.65717 3.5944
1.19638 -3.39995 3.65014 3.58941
1.19617 -3.40203 3.64472 3.58469
1.19629 -3.40347 3.63943 3.57912
1.19652 -3.40554 3.63217 3.57131
1.19671 -3.40792 3.62387 3.56258
1.19685 -3.41024 3.61545 3.55389
1.19689 -3.41291 3.60672 3.5452
1.19676 -3.41607 3.5983 3.53729
1.19644 -3.41868 3.59275 3.53278
1.19605 -3.42075 3.59022 3.53145
1.19576 -3.4223 3.59016 3.53225
1.19554 -3.42311 3.59276 3.53544
1.19512 -3.42407 3.5977 3.54157
1.19411 -3.42467 3.60817 3.55486
1.19238 -3.42329 3.62937 3.58093
1.19016 -3.41919 3.66357 3.62143
1.18806 -3.41208 3.70962 3.67345
1.18681 -3.40142 3.76432 3.73152
1.18678 -3.38899 3.81999 3.7868
1.18759 -3.37716 3.87044 3.8342
1.1884 -3.36607 3.91665 3.87734
1.18867 -3.35603 3.96059 3.91995
1.18866 -3.34644 4.00348 3.96244
1.18918 -3.33654 4.04327 4.00005
1.19087 -3.32813 4.07188 4.02265
1.19358 -3.32194 4.08486 4.02632
1.1965 -3.3199 4.0795 4.0112
1.19882 -3.32184 4.05938 3.98372
1.20019 -3.32748 4.02851 3.94889
1.20085 -3.33516 3.99173 3.91069
1.20125 -3.34381 3.95107 3.86957
1.20173 -3.35353 3.90575 3.82364
1.20228 -3.36364 3.85703 3.77422
1.20756 -3.36727 3.80998 3.7119
1.20708 -3.37888 3.76052 3.66517
1.2056 -3.38936 3.71957 3.62971
1.20322 -3.39811 3.69109 3.60904
1.20052 -3.40315 3.67859 3.60489
1.19832 -3.40398 3.68007 3.61299
1.19711 -3.40078 3.69123 3.6276
1.19685 -3.39623 3.70455 3.64148
1.19722 -3.39184 3.716 3.65161
1.19809 -3.38759 3.72433 3.65714
1.1995 -3.385 3.72512 3.65359
1.20126 -3.38401 3.7178 3.64106
1.20282 -3.3859 3.70184 3.62075
1.20367 -3.38997 3.68159 3.5984
1.20368 -3.39572 3.66087 3.5781
1.20299 -3.40155 3.64447 3.56414
1.20172 -3.4059 3.63665 3.56022
1.19997 -3.40829 3.6397 3.56842
1.19783 -3.40796 3.65601 3.59082
1.1955 -3.4046 3.68631 3.62765
1.19325 -3.39789 3.73028 3.67783
1.1914 -3.38779 3.78593 3.73848
1.19029 -3.37516 3.84865 3.80395
1.19023 -3.35972 3.91483 3.86959
1.19125 -3.34502 3.97459 3.92528
1.19304 -3.33224 4.02376 3.96788
1.19503 -3.32171 4.0618 3.9987
1.19676 -3.31439 4.08859 4.01929
1.19788 -3.30949 4.10779 4.03439
1.19814 -3.30617 4.12387 4.04928
1.19751 -3.30318 4.1419 4.06914
1.19638 -3.29919 4.16506 4.09576
1.19557 -3.29348 4.19223 4.12526
1.19588 -3.28674 4.21739 4.14894
1.19764 -3.28048 4.233 4.1582
1.20047 -3.27691 4.23255 4.14794
1.20356 -3.27736 4.21456 4.11971
1.20593 -3.28307 4.18094 4.0788
1.20676 -3.29246 4.14082 4.03689
1.20571 -3.30276 4.1055 4.00595
1.20331 -3.3115 4.08263 3.99158
1.20075 -3.31629 4.07473 3.99234
1.19916 -3.31728 4.0765 3.99936
1.19916 -3.31588 4.07946 4.00228
1.2007 -3.31446 4.07477 3.99256
1.20315 -3.31554 4.0563 3.96635
1.20553 -3.32082 4.02318 3.9262
1.20687 -3.3292 3.98224 3.88192
1.20673 -3.33962 3.94091 3.84209
1.2053 -3.34992 3.90664 3.81319
1.20822 -3.35032 3.88865 3.78647
1.20627 -3.35507 3.87799 3.7822
1.20513 -3.35672 3.87502 3.78287
1.20502 -3.35695 3.87316 3.7814
1.20571 -3.35717 3.86772 3.77393
1.20682 -3.3583 3.85642 3.75944
1.20805 -3.36107 3.83816 3.73784
1.20905 -3.36598 3.81341 3.71064
1.20943 -3.37189 3.787 3.68378
1.20901 -3.3785 3.76259 3.66133
1.20792 -3.38448 3.74453 3.64703
1.20647 -3.38896 3.73528 3.64239
1.20496 -3.3911 3.73611 3.64779
1.20366 -3.39124 3.74532 3.66072
1.20271 -3.38945 3.76148 3.67941
1.20194 -3.38616 3.78331 3.70313
1.20109 -3.38157 3.81096 3.73286
1.20009 -3.37587 3.84434 3.76869
1.19926 -3.36862 3.8827 3.80891
1.19911 -3.36005 3.92235 3.84829
1.19985 -3.35117 3.95801 3.88089
1.20123 -3.34366 3.98499 3.90284
1.20289 -3.33772 4.00259 3.91469
1.20478 -3.33416 4.00869 3.9145
1.2069 -3.33307 4.00244 3.90154
1.20866 -3.33614 3.98326 3.87716
1.20952 -3.34141 3.95861 3.85045
1.20952 -3.34825 3.93251 3.82506
1.2089 -3.35524 3.90931 3.80442
1.20765 -3.36104 3.89368 3.79315
1.20568 -3.36493 3.88956 3.79534
1.20315 -3.36591 3.9002 3.81371
1.20059 -3.36327 3.92604 3.84717
1.19873 -3.35652 3.96426 3.89066
1.19832 -3.34705 4.00642 3.93339
1.19967 -3.33677 4.04287 3.96468
1.20208 -3.32897 4.06565 3.97903
1.20393 -3.32496 4.07694 3.98395
1.20402 -3.32347 4.08652 3.99302
1.20249 -3.32211 4.10338 4.01458
1.20032 -3.3183 4.13233 4.05021
1.19837 -3.31121 4.17274 4.0965
1.19695 -3.30077 4.22251 4.15025
1.19604 -3.28851 4.27748 4.20748
1.19559 -3.27491 4.33529 4.26598
1.19579 -3.26086 4.39182 4.32087
1.197 -3.24718 4.44159 4.36543
1.19932 -3.23544 4.47789 4.39257
1.2025 -3.22662 4.49646 4.39915
1.2062 -3.22311 4.4919 4.38119
1.21516 -3.21753 4.46788 4.32564
1.21877 -3.22537 4.41727 4.26398
1.22101 -3.23858 4.35163 4.19289
1.22114 -3.25523 4.28278 4.12613
1.21946 -3.2722 4.22175 4.07291
1.217 -3.28639 4.17505 4.036
1.2143 -3.29664 4.14487 4.01573
1.21142 -3.3031 4.13185 4.01266
1.20862 -3.30516 4.13625 4.02621
1.20633 -3.30269 4.15579 4.05292
1.20469 -3.29733 4.18515 4.08713
1.2039 -3.28923 4.22054 4.12437
1.20455 -3.28004 4.25332 4.15417
1.20681 -3.27175 4.27422 4.16677
1.20961 -3.26745 4.2778 4.16061
1.21156 -3.26696 4.2693 4.14564
1.21256 -3.26936 4.25348 4.12687
1.21352 -3.27305 4.23168 4.10247
1.21513 -3.27809 4.2007 4.06707
1.21721 -3.28582 4.15725 4.01809
1.21895 -3.29664 4.10348 3.96048
1.21939 -3.31014 4.04616 3.90374
1.21803 -3.32434 3.99558 3.85925
1.21494 -3.33661 3.96182 3.83637
1.21072 -3.34389 3.95277 3.84097
1.20628 -3.34506 3.96932 3.87122
1.20273 -3.33941 4.00771 3.92021
1.20098 -3.32809 4.05823 3.97542
1.20156 -3.31442 4.10651 4.02076
1.20447 -3.30125 4.13997 4.04375
1.20907 -3.29283 4.14682 4.03503
1.21416 -3.29136 4.12378 3.99577
1.21819 -3.29788 4.07531 3.93574
1.2199 -3.3107 4.01409 3.87117
1.21903 -3.32581 3.95607 3.81796
1.21632 -3.33905 3.91317 3.78497
1.21296 -3.34803 3.88985 3.77283
1.20992 -3.35244 3.88413 3.77674
1.20768 -3.35261 3.89223 3.79166
1.20625 -3.34894 3.91072 3.81418
1.20542 -3.34366 3.93417 3.8397
1.2049 -3.33688 3.9616 3.86811
1.2046 -3.32884 3.99192 3.89871
1.20472 -3.32065 4.0213 3.92699
1.2057 -3.31251 4.04579 3.94772
1.20765 -3.306 4.05926 3.95446
1.21014 -3.3024 4.05857 3.94564
1.21232 -3.30287 4.04433 3.92473
1.21341 -3.30649 4.02319 3.90072
1.21316 -3.31167 4.00273 3.8817
1.21689 -3.3089 3.9936 3.86095
1.21512 -3.31154 3.99105 3.86411
1.21323 -3.31163 3.99981 3.87861
1.2115 -3.30869 4.0196 3.90336
1.21039 -3.30328 4.04653 3.93313
1.21046 -3.29629 4.07396 3.95956
1.21198 -3.28951 4.09349 3.97356
1.21456 -3.28532 4.09807 3.96956
1.21739 -3.28431 4.08722 3.94984
1.2197 -3.28775 4.06185 3.9179
1.22103 -3.29526 4.02679 3.87982
1.2212 -3.30424 3.99088 3.84471
1.22017 -3.31333 3.96073 3.81888
1.2181 -3.32111 3.94218 3.80746
1.21529 -3.32606 3.93984 3.81399
1.2122 -3.32628 3.9571 3.84046
1.20933 -3.32179 3.99222 3.88373
1.20719 -3.31283 4.04135 3.93853
1.20616 -3.3015 4.09623 3.9954
1.20648 -3.28846 4.15059 4.04736
1.20801 -3.27593 4.19645 4.08688
1.2104 -3.26543 4.22878 4.11024
1.21318 -3.25878 4.24371 4.1153
1.21594 -3.25636 4.24128 4.10359
1.21831 -3.25791 4.22382 4.07876
1.21995 -3.2624 4.19617 4.04662
1.22066 -3.27043 4.16083 4.01019
1.22051 -3.27914 4.12554 3.97668
1.21976 -3.28747 4.09378 3.94849
1.21878 -3.29449 4.06745 3.92626
1.21793 -3.29985 4.04619 3.90845
1.21748 -3.30457 4.02658 3.89094
1.21746 -3.30846 4.00752 3.87258
1.2177 -3.312 3.98765 3.85263
1.21801 -3.31601 3.96568 3.83043
1.2183 -3.32016 3.94238 3.80702
1.21856 -3.32485 3.91719 3.78189
1.21885 -3.32992 3.89023 3.75497
1.21931 -3.33554 3.86048 3.72486
1.22005 -3.34215 3.8262 3.68953
1.22095 -3.34991 3.7869 3.64894
1.22161 -3.3596 3.74282 3.60451
1.22161 -3.3697 3.69954 3.56285
1.22078 -3.37927 3.6616 3.5287
1.21936 -3.38802 3.63113 3.50342
1.21773 -3.39448 3.61069 3.48835
1.2162 -3.39846 3.59979 3.48221
1.21493 -3.40031 3.59667 3.4828
1.21408 -3.40019 3.59944 3.48792
1.21385 -3.39874 3.60462 3.49363
1.21929 -3.38973 3.612 3.48515
1.2202 -3.38896 3.61053 3.48114
1.22104 -3.38933 3.6048 3.47321
1.22123 -3.39098 3.59768 3.46582
1.22055 -3.39282 3.59404 3.46424
1.21939 -3.39331 3.59741 3.47079
1.21847 -3.39249 3.60577 3.48147
1.21824 -3.39026 3.6163 3.4923
1.21839 -3.38784 3.62617 3.50142
1.21818 -3.38585 3.63658 3.51206
1.21742 -3.38295 3.65175 3.52892
1.21661 -3.37929 3.67056 3.54946
1.21644 -3.374 3.69112 3.56984
1.21721 -3.36845 3.7076 3.58351
1.21868 -3.36424 3.71559 3.5869
1.22021 -3.36224 3.71466 3.58151
1.22106 -3.36297 3.70758 3.5722
1.22075 -3.36452 3.70234 3.56804
1.21935 -3.36614 3.70376 3.57351
1.21741 -3.3648 3.71787 3.59284
1.21571 -3.36085 3.74205 3.62127
1.21487 -3.3542 3.7726 3.65337
1.21501 -3.34632 3.80359 3.68295
1.21572 -3.33891 3.83098 3.7073
1.21632 -3.33275 3.85485 3.72855
1.21638 -3.32736 3.87841 3.75114
1.21585 -3.32194 3.90495 3.77847
1.2149 -3.31557 3.93695 3.81242
1.21378 -3.30785 3.97522 3.85303
1.21274 -3.29826 4.01989 3.89968
1.21212 -3.2875 4.06777 3.94812
1.21257 -3.27538 4.11479 3.99229
1.21491 -3.26443 4.1494 4.0181
1.21888 -3.25701 4.16278 4.01794
1.22219 -3.25597 4.15609 4.00063
1.22308 -3.2592 4.14373 3.98583
1.22223 -3.26406 4.13446 3.97968
1.22116 -3.26705 4.13222 3.98098
1.22083 -3.26883 4.1319 3.98178
1.22138 -3.26999 4.12937 3.97754
1.22248 -3.27182 4.12119 3.96609
1.22366 -3.27486 4.10685 3.94846
1.22457 -3.27994 4.08644 3.92594
1.22497 -3.28708 4.06184 3.90101
1.2249 -3.29453 4.03759 3.87796
1.22456 -3.30169 4.01533 3.85766
1.2242 -3.30835 3.9951 3.83933
1.22396 -3.31481 3.97592 3.82165
1.22376 -3.32063 3.95867 3.8057
1.22334 -3.32616 3.94393 3.79282
1.22737 -3.32367 3.93885 3.77551
1.22565 -3.32716 3.93926 3.78121
1.22344 -3.32857 3.95149 3.79979
1.22125 -3.32625 3.9773 3.83146
1.21956 -3.32097 4.01279 3.871
1.21851 -3.31278 4.05533 3.91542
1.21793 -3.30307 4.10099 3.96139
1.21778 -3.2924 4.14708 4.00639
1.2184 -3.28122 4.18951 4.04534
1.22005 -3.27091 4.2218 4.07101
1.22252 -3.26322 4.23866 4.079
1.22534 -3.25972 4.2372 4.0682
1.22825 -3.26058 4.21765 4.03986
1.23093 -3.26582 4.18156 3.99655
1.23272 -3.27456 4.13498 3.94631
1.23288 -3.28674 4.08488 3.898
1.23136 -3.29862 4.04343 3.86319
1.22897 -3.30844 4.01533 3.8438
1.22682 -3.3146 4.0008 3.8366
1.2256 -3.31769 3.99475 3.83461
1.22527 -3.31834 3.99328 3.83424
1.22535 -3.3187 3.99218 3.83293
1.22539 -3.31937 3.99118 3.83184
1.2251 -3.32019 3.99193 3.83346
1.22434 -3.31995 3.99805 3.84172
1.22324 -3.31902 4.00963 3.85633
1.2222 -3.3162 4.02765 3.87696
1.22169 -3.31185 4.04877 3.8989
1.22199 -3.30633 4.0693 3.91772
1.22299 -3.30186 4.08325 3.92792
1.22432 -3.29842 4.09028 3.93043
1.22544 -3.29738 4.08957 3.92615
1.22596 -3.29798 4.0851 3.9202
1.22571 -3.29936 4.08102 3.91706
1.22485 -3.30029 4.08123 3.92003
1.2237 -3.3 4.08733 3.92958
1.22267 -3.2976 4.0997 3.94479
1.22205 -3.29451 4.11403 3.96058
1.22191 -3.29013 4.12945 3.97588
1.22225 -3.28553 4.14249 3.98735
1.22315 -3.2811 4.1504 3.992
1.22484 -3.27825 4.14796 3.98417
1.22727 -3.27815 4.1309 3.95992
1.22986 -3.28176 4.09822 3.92031
1.23167 -3.28917 4.05425 3.87256
1.23201 -3.29906 4.00738 3.82674
1.23101 -3.30993 3.96456 3.7889
1.22947 -3.31909 3.93106 3.76159
1.22813 -3.32588 3.90624 3.74193
1.2272 -3.33065 3.8879 3.72718
1.23154 -3.3261 3.8793 3.70583
1.23121 -3.32797 3.86943 3.69739
1.23146 -3.32991 3.8581 3.68583
1.23223 -3.33218 3.84318 3.66928
1.23306 -3.33546 3.82404 3.64855
1.23333 -3.34025 3.80258 3.62727
1.23265 -3.34557 3.78421 3.61173
1.23108 -3.34942 3.77515 3.6077
1.22908 -3.35085 3.77754 3.61585
1.22728 -3.34927 3.79066 3.63371
1.22609 -3.34492 3.81145 3.65721
1.22555 -3.33907 3.83556 3.68197
1.22555 -3.33203 3.86084 3.70624
1.22599 -3.3255 3.88327 3.72642
1.22678 -3.31994 3.90109 3.74109
1.22773 -3.31498 3.91498 3.75151
1.22843 -3.31181 3.92465 3.75865
1.22852 -3.30966 3.93412 3.76743
1.22807 -3.30747 3.94708 3.78122
1.22751 -3.30485 3.96393 3.79909
1.22731 -3.30115 3.98394 3.81891
1.22761 -3.29715 4.0039 3.83711
1.22818 -3.29369 4.02182 3.8525
1.22865 -3.29093 4.03812 3.86664
1.22885 -3.28833 4.05453 3.88172
1.22894 -3.28668 4.06931 3.89557
1.22933 -3.28504 4.08208 3.90657
1.23035 -3.28398 4.08891 3.90985
1.23198 -3.28428 4.0864 3.90229
1.23363 -3.28697 4.07362 3.88486
1.23447 -3.2922 4.05435 3.86387
1.23392 -3.29898 4.03581 3.8479
1.23205 -3.3048 4.02655 3.8449
1.22945 -3.30766 4.03152 3.85778
1.22684 -3.30669 4.05115 3.88484
1.22466 -3.30172 4.08351 3.92282
1.22305 -3.29346 4.12522 3.96812
1.22202 -3.28328 4.17171 4.01621
1.22186 -3.27163 4.21864 4.06193
1.22306 -3.25954 4.25876 4.09655
1.22583 -3.24915 4.28277 4.11033
1.22978 -3.24266 4.28366 4.09798
1.2342 -3.24229 4.25741 4.05828
1.23829 -3.24891 4.20516 3.99522
1.24116 -3.26182 4.13397 3.9185
1.24201 -3.279 4.0556 3.8416
1.24061 -3.29683 3.98435 3.77835
1.23764 -3.31309 3.92845 3.73429
1.23435 -3.3244 3.89293 3.71039
1.23187 -3.33034 3.87427 3.70003
1.23557 -3.32556 3.86883 3.68377
1.23509 -3.32628 3.86398 3.68058
1.23477 -3.32666 3.86158 3.67925
1.23416 -3.32655 3.86333 3.68274
1.23337 -3.32564 3.86983 3.6913
1.23285 -3.3231 3.88048 3.70302
1.23301 -3.32012 3.89008 3.71169
1.23389 -3.31695 3.89558 3.7143
1.23516 -3.31513 3.89339 3.7084
1.23649 -3.31509 3.88297 3.69448
1.23781 -3.31726 3.86378 3.67231
1.23921 -3.32099 3.83655 3.6423
1.24066 -3.32727 3.79974 3.60314
1.24176 -3.33573 3.75601 3.55852
1.24198 -3.34588 3.71032 3.5146
1.24111 -3.35649 3.66902 3.47794
1.2394 -3.3655 3.63822 3.45351
1.23732 -3.37239 3.61957 3.44155
1.23518 -3.37595 3.61512 3.44329
1.23293 -3.37638 3.62517 3.45915
1.23048 -3.37325 3.65129 3.49101
1.22799 -3.36624 3.69395 3.53898
1.22585 -3.35605 3.75001 3.59894
1.22449 -3.34185 3.81753 3.66782
1.22409 -3.3259 3.88906 3.73778
1.22454 -3.30957 3.95944 3.80401
1.22556 -3.29391 4.02524 3.86399
1.22682 -3.2796 4.08487 3.91721
1.22795 -3.26755 4.1375 3.96403
1.22859 -3.25685 4.18653 4.00893
1.2286 -3.24735 4.23401 4.05438
1.22829 -3.23787 4.28195 4.10129
1.2283 -3.22805 4.32847 4.14583
1.22923 -3.21819 4.36862 4.18112
1.23147 -3.20985 4.39455 4.19827
1.23499 -3.20448 4.39957 4.19111
1.23907 -3.2046 4.37867 4.15746
1.24249 -3.21099 4.33472 4.10438
1.24427 -3.22254 4.27673 4.04369
1.24433 -3.23616 4.21593 3.98602
1.24348 -3.24984 4.1577 3.93365
1.24265 -3.26276 4.10228 3.8838
1.24226 -3.27426 4.04927 3.83483
1.2421 -3.28527 3.99721 3.786
1.24178 -3.29643 3.94664 3.73907
1.24103 -3.30645 3.90197 3.699
1.23986 -3.31555 3.86439 3.66682
1.23856 -3.32297 3.83535 3.64307
1.23735 -3.32802 3.81545 3.62772
1.23621 -3.33155 3.80306 3.61927
1.24005 -3.3259 3.80289 3.60789
1.23909 -3.32589 3.80565 3.61334
1.2387 -3.32448 3.81219 3.62068
1.23907 -3.32275 3.81781 3.62495
1.24008 -3.32168 3.81888 3.62298
1.24131 -3.32175 3.81463 3.61539
1.24208 -3.32364 3.80648 3.60542
1.24188 -3.32692 3.79909 3.59898
1.24061 -3.32995 3.79891 3.60251
1.23849 -3.33092 3.81137 3.62051
1.23603 -3.32832 3.83931 3.65433
1.23377 -3.3223 3.88083 3.70061
1.23208 -3.31299 3.9331 3.75557
1.23108 -3.30112 3.99232 3.81522
1.23082 -3.28744 4.05449 3.87547
1.23143 -3.27332 4.11391 3.93032
1.23292 -3.26003 4.16519 3.97448
1.23495 -3.24923 4.20408 4.00498
1.2369 -3.24128 4.23096 4.02425
1.23825 -3.23672 4.24754 4.03562
1.23899 -3.23418 4.25804 4.04319
1.23954 -3.2327 4.26386 4.0469
1.24041 -3.23214 4.26355 4.04378
1.2417 -3.23261 4.25541 4.03187
1.24317 -3.23482 4.23818 4.01079
1.24445 -3.23992 4.21132 3.98128
1.24515 -3.24646 4.17992 3.94939
1.24505 -3.25435 4.14727 3.91882
1.24438 -3.2615 4.1186 3.89383
1.24371 -3.26835 4.09245 3.87119
1.24352 -3.27352 4.06896 3.84958
1.24372 -3.27859 4.04437 3.8257
1.24381 -3.28452 4.0184 3.80085
1.24345 -3.28967 3.99584 3.7806
1.24276 -3.29477 3.97637 3.76426
1.24206 -3.29845 3.96186 3.75265
1.24152 -3.30146 3.95033 3.74336
1.24106 -3.30384 3.94174 3.73662
1.24046 -3.30563 3.93697 3.73389
1.23957 -3.30664 3.93757 3.73712
1.23844 -3.30658 3.94487 3.74749
1.23722 -3.30439 3.96058 3.76611
1.23613 -3.30034 3.98335 3.79111
1.23524 -3.29443 4.01212 3.82123
1.23458 -3.28739 4.04459 3.85422
1.23424 -3.27963 4.0785 3.88759
1.23455 -3.27055 4.11192 3.91846
1.2359 -3.26223 4.13705 3.93813
1.23834 -3.25582 4.14807 3.94082
1.24137 -3.2534 4.14031 3.92386
1.249 -3.24819 4.11973 3.88049
1.25058 -3.25443 4.08372 3.8417
1.25131 -3.26304 4.04196 3.80021
1.25185 -3.27264 3.99668 3.75603
1.2525 -3.28275 3.94832 3.70865
1.25282 -3.29397 3.89819 3.66063
1.25211 -3.30583 3.85194 3.61924
1.25015 -3.31674 3.81681 3.59185
1.24737 -3.32446 3.79861 3.58271
1.24462 -3.32798 3.79745 3.58952
1.24278 -3.32736 3.80877 3.60555
1.24213 -3.32417 3.82534 3.62312
1.24223 -3.31999 3.84253 3.6391
1.24251 -3.31567 3.85893 3.65384
1.24294 -3.31189 3.87254 3.66545
1.24405 -3.30893 3.8795 3.66874
1.24621 -3.30735 3.87478 3.65794
1.24892 -3.30959 3.85324 3.62972
1.2509 -3.31553 3.81969 3.59243
1.25093 -3.32428 3.784 3.55877
1.24876 -3.33305 3.75857 3.54098
1.2453 -3.33894 3.75109 3.54375
1.24204 -3.33883 3.76383 3.56514
1.24018 -3.3339 3.78843 3.5938
1.24001 -3.32701 3.81427 3.61884
1.24083 -3.31924 3.83753 3.63847
1.24168 -3.313 3.85575 3.65326
1.24195 -3.3079 3.87246 3.66829
1.24165 -3.30317 3.89083 3.68659
1.2411 -3.29824 3.91206 3.70833
1.24068 -3.29265 3.93592 3.73223
1.24067 -3.28596 3.96128 3.75629
1.24141 -3.27944 3.98303 3.77469
1.24309 -3.27423 3.99581 3.78166
1.24556 -3.27134 3.99571 3.77407
1.24809 -3.27268 3.98056 3.75214
1.24969 -3.27762 3.95625 3.72446
1.2496 -3.28486 3.93169 3.70158
1.24768 -3.29186 3.9174 3.69383
1.24431 -3.29602 3.92179 3.70798
1.24034 -3.29486 3.9494 3.74604
1.23684 -3.28758 3.99809 3.80294
1.23468 -3.27507 4.06034 3.86893
1.23412 -3.25915 4.12709 3.9343
1.235 -3.24266 4.18892 3.99039
1.2369 -3.22791 4.23915 4.03206
1.23928 -3.21566 4.27558 4.05887
1.24184 -3.20698 4.29633 4.07016
1.24457 -3.20234 4.30002 4.06473
1.24739 -3.20158 4.28677 4.04305
1.25472 -3.19772 4.2627 3.99687
1.25583 -3.20478 4.22624 3.95916
1.25563 -3.21362 4.18918 3.92507
1.25467 -3.22194 4.15724 3.89814
1.25359 -3.22894 4.13146 3.8773
1.25241 -3.2345 4.11272 3.86336
1.25066 -3.23825 4.10461 3.86112
1.24814 -3.23939 4.11154 3.87544
1.24526 -3.23661 4.13639 3.90788
1.24271 -3.22922 4.17804 3.95535
1.24103 -3.21836 4.23059 4.01049
1.24052 -3.2047 4.2884 4.06699
1.24127 -3.19078 4.34252 4.11582
1.24337 -3.17815 4.38537 4.14943
1.24669 -3.16832 4.41024 4.16184
1.25068 -3.16364 4.41155 4.14978
1.25441 -3.16495 4.39009 4.11733
1.25703 -3.17148 4.35201 4.07311
1.25832 -3.18202 4.304 4.02403
1.25869 -3.19411 4.25264 3.97486
1.2586 -3.20717 4.19982 3.92575
1.25822 -3.21972 4.14905 3.87946
1.25752 -3.23232 4.10082 3.8365
1.25664 -3.24315 4.05893 3.8
1.25591 -3.25254 4.02207 3.76768
1.25556 -3.26104 3.98795 3.73674
1.25543 -3.26947 3.95507 3.70632
1.255 -3.27725 3.92643 3.68075
1.25386 -3.28463 3.90471 3.6637
1.25199 -3.29103 3.89345 3.6586
1.24964 -3.29401 3.89779 3.66957
1.24716 -3.29348 3.91754 3.6955
1.24495 -3.28922 3.95129 3.73395
1.24337 -3.28172 3.99504 3.78008
1.24252 -3.27203 4.04402 3.82906
1.24212 -3.26115 4.09494 3.87853
1.24187 -3.24966 4.14625 3.92789
1.2418 -3.23795 4.1962 3.97543
1.24232 -3.22575 4.24239 4.01752
1.24409 -3.21416 4.27776 4.04527
1.24756 -3.20492 4.29323 4.0486
1.25205 -3.2014 4.28121 4.02276
1.25572 -3.20447 4.24638 3.97839
1.25699 -3.21351 4.20064 3.93156
1.25576 -3.22426 4.15968 3.89703
1.2531 -3.23275 4.13336 3.88061
1.25031 -3.23717 4.12323 3.87972
1.24839 -3.23725 4.12549 3.88782
1.24767 -3.23513 4.13221 3.8964
1.24783 -3.2317 4.13955 3.90281
1.25337 -3.22096 4.14871 3.89416
1.25419 -3.21796 4.15029 3.89311
1.25548 -3.21669 4.14391 3.88314
1.25729 -3.21737 4.1274 3.86208
1.25938 -3.22091 4.09879 3.82895
1.26132 -3.22731 4.05946 3.78638
1.26261 -3.2369 4.01195 3.73823
1.26281 -3.24853 3.96276 3.69183
1.26173 -3.26035 3.91971 3.65484
1.25974 -3.27024 3.88898 3.63192
1.25754 -3.27776 3.87102 3.62148
1.25569 -3.28182 3.86564 3.62177
1.25429 -3.28279 3.87062 3.63047
1.25318 -3.28161 3.88355 3.64582
1.25239 -3.27885 3.90216 3.6656
1.25207 -3.2752 3.92325 3.68635
1.2521 -3.27053 3.9459 3.70757
1.25209 -3.26569 3.96923 3.72951
1.25184 -3.26109 3.99347 3.75303
1.25135 -3.25625 4.02002 3.77947
1.25059 -3.25121 4.04947 3.80947
1.24967 -3.24444 4.08453 3.84528
1.24904 -3.23645 4.12243 3.88293
1.24932 -3.22727 4.15889 3.91637
1.25096 -3.21832 4.18635 3.93708
1.25391 -3.21219 4.19622 3.93707
1.25771 -3.21078 4.18348 3.91327
1.26148 -3.21484 4.14856 3.86899
1.2642 -3.22473 4.09633 3.81208
1.26507 -3.23861 4.03754 3.75477
1.26397 -3.25369 3.98397 3.70818
1.26137 -3.26727 3.94455 3.67905
1.25808 -3.27678 3.92489 3.67029
1.25487 -3.2818 3.92436 3.67918
1.25232 -3.2816 3.94123 3.70252
1.25078 -3.27753 3.96932 3.7335
1.2502 -3.27132 4.00243 3.76639
1.25002 -3.26412 4.03794 3.80035
1.24966 -3.2566 4.07584 3.83712
1.24921 -3.24912 4.11534 3.87573
1.24921 -3.24042 4.15581 3.91381
1.24996 -3.23195 4.19168 3.94525
1.25106 -3.22438 4.22116 3.9695
1.25184 -3.21879 4.24442 3.98887
1.25195 -3.21399 4.2662 4.00899
1.25155 -3.20945 4.28868 4.03141
1.25111 -3.20404 4.31308 4.05578
1.25109 -3.19776 4.33727 4.0786
1.25174 -3.19139 4.35728 4.09526
1.25301 -3.18621 4.36905 4.10218
1.25931 -3.17581 4.37575 4.08792
1.26014 -3.17505 4.37149 4.08125
1.26052 -3.1753 4.36381 4.07282
1.26094 -3.17607 4.35279 4.06121
1.26203 -3.17746 4.33518 4.04129
1.26414 -3.18042 4.30573 4.00712
1.2668 -3.1867 4.26083 3.95701
1.26866 -3.1973 4.2039 3.89841
1.26854 -3.21039 4.14669 3.84573
1.26646 -3.22306 4.10062 3.80926
1.26351 -3.23255 4.07146 3.79099
1.26102 -3.23789 4.05728 3.78523
1.25987 -3.23954 4.05176 3.78354
1.26012 -3.23942 4.04716 3.77851
1.26109 -3.23946 4.03914 3.7681
1.26182 -3.24106 4.02783 3.75538
1.26156 -3.2443 4.01758 3.7466
1.26012 -3.24689 4.01648 3.74985
1.25785 -3.24696 4.02976 3.76904
1.25554 -3.24331 4.05815 3.80257
1.25415 -3.23646 4.09606 3.84236
1.25439 -3.22731 4.1353 3.87841
1.25635 -3.21887 4.16479 3.89998
1.25929 -3.2129 4.17931 3.90445
1.26195 -3.21174 4.17764 3.89467
1.26334 -3.21424 4.16723 3.88069
1.26331 -3.21942 4.15452 3.86895
1.26233 -3.22449 4.14644 3.86442
1.26105 -3.22779 4.14578 3.86774
1.25993 -3.22955 4.15105 3.87609
1.25908 -3.22917 4.16238 3.88928
1.25824 -3.22798 4.17809 3.90657
1.25695 -3.2254 4.20136 3.93235
1.25496 -3.22113 4.23532 3.97043
1.25257 -3.21347 4.28334 4.02311
1.25071 -3.20237 4.34191 4.08418
1.25055 -3.18821 4.4026 4.1418
1.25285 -3.17444 4.45015 4.17885
1.25729 -3.16395 4.47307 4.18554
1.26239 -3.15994 4.46619 4.16222
1.26621 -3.16409 4.43412 4.11985
1.26756 -3.17347 4.39194 4.07633
1.26658 -3.18521 4.35201 4.04239
1.26429 -3.19508 4.32427 4.02391
1.26182 -3.2014 4.31055 4.01898
1.2599 -3.20429 4.30799 4.02273
1.25872 -3.20373 4.31408 4.03218
1.25814 -3.20166 4.32401 4.04332
1.25784 -3.19843 4.33691 4.05635
1.25753 -3.19539 4.35095 4.07048
1.2621 -3.18408 4.37255 4.07587
1.26169 -3.17967 4.39244 4.09574
1.26146 -3.17413 4.41487 4.11742
1.26143 -3.16842 4.43735 4.13848
1.26164 -3.16294 4.45825 4.1573
1.26214 -3.15761 4.47648 4.17264
1.26292 -3.15313 4.48976 4.18243
1.26389 -3.14986 4.49688 4.18584
1.26497 -3.14848 4.49636 4.18178
1.26605 -3.14835 4.48944 4.17178
1.26691 -3.15025 4.47591 4.15639
1.26718 -3.15367 4.45928 4.14007
1.26658 -3.1574 4.44501 4.12877
1.26526 -3.15987 4.4381 4.12666
1.26383 -3.16056 4.43904 4.1322
1.26307 -3.15844 4.44649 4.14164
1.26331 -3.15552 4.45349 4.14735
1.26408 -3.15287 4.45761 4.14866
1.26444 -3.15107 4.46084 4.15049
1.26395 -3.15057 4.46579 4.15669
1.263 -3.14873 4.47764 4.17088
1.26231 -3.14586 4.49355 4.18797
1.26241 -3.14157 4.51063 4.20356
1.26329 -3.13779 4.52283 4.21199
1.26448 -3.13529 4.52842 4.21324
1.26521 -3.13467 4.52884 4.21119
1.26499 -3.13456 4.53019 4.21319
1.26418 -3.13452 4.53457 4.21995
1.26395 -3.13315 4.54083 4.22655
1.26494 -3.13144 4.54254 4.22483
1.26601 -3.1319 4.53728 4.21639
1.26541 -3.13367 4.5348 4.21607
1.2632 -3.13415 4.54436 4.23234
1.26094 -3.13119 4.56677 4.26084
1.26003 -3.12518 4.59424 4.28958
1.26111 -3.1177 4.61632 4.30649
1.26429 -3.11199 4.62039 4.29946
1.2689 -3.11074 4.59819 4.26325
1.27339 -3.11729 4.54709 4.20101
1.27628 -3.13043 4.47693 4.12682
1.27706 -3.14758 4.39996 4.05339
1.27599 -3.16592 4.32684 3.98938
1.27373 -3.18231 4.26591 3.94016
1.2711 -3.19507 4.22013 3.90594
1.26881 -3.2043 4.18738 3.88263
1.26732 -3.20983 4.16486 3.86631
1.26668 -3.21318 4.14739 3.85203
1.26639 -3.21588 4.13238 3.83898
1.26566 -3.21813 4.12236 3.83187
1.26426 -3.21939 4.12091 3.83475
1.26769 -3.21057 4.13475 3.83722
1.26662 -3.20678 4.15254 3.85698
1.26639 -3.20188 4.173 3.87671
1.26693 -3.19618 4.19325 3.89386
1.26795 -3.19156 4.20887 3.90522
1.26897 -3.18845 4.21972 3.91214
1.26954 -3.18729 4.22691 3.91705
1.26962 -3.18639 4.23454 3.92384
1.26971 -3.1863 4.24054 3.92914
1.27035 -3.18557 4.24436 3.93068
1.27163 -3.18602 4.2405 3.92316
1.27304 -3.18828 4.22825 3.90752
1.27387 -3.19321 4.20902 3.8872
1.27375 -3.1987 4.19003 3.87003
1.27278 -3.20438 4.1743 3.85843
1.27147 -3.20839 4.16525 3.85402
1.27042 -3.21075 4.16095 3.85324
1.27006 -3.21152 4.15828 3.85185
1.27051 -3.21168 4.15277 3.84538
1.27155 -3.21231 4.14117 3.83152
1.27284 -3.21454 4.12139 3.80936
1.27417 -3.21842 4.09374 3.77983
1.2754 -3.22428 4.05848 3.74367
1.27619 -3.23244 4.01738 3.70347
1.27606 -3.24212 3.97583 3.66555
1.27477 -3.25117 3.94189 3.63792
1.27262 -3.25831 3.92018 3.62399
1.27025 -3.26247 3.91227 3.62342
1.26832 -3.26309 3.9167 3.63306
1.26723 -3.26034 3.9298 3.64835
1.26703 -3.25636 3.94493 3.66296
1.26751 -3.25154 3.95961 3.67522
1.26828 -3.24758 3.97047 3.68304
1.26911 -3.24499 3.97681 3.68652
1.26989 -3.24328 3.97978 3.68701
1.27043 -3.24343 3.97867 3.68442
1.27044 -3.24424 3.97763 3.68342
1.26977 -3.24493 3.98039 3.68793
1.26872 -3.24421 3.98981 3.69972
1.26803 -3.24255 4.00273 3.71371
1.26834 -3.23939 4.0159 3.72502
1.26945 -3.23708 4.02315 3.72848
1.27031 -3.23646 4.02572 3.72833
1.26995 -3.23724 4.02965 3.73303
1.26833 -3.23751 4.04217 3.74941
1.26628 -3.2352 4.06652 3.77812
1.26482 -3.22929 4.10052 3.8141
1.26458 -3.22181 4.13549 3.84736
1.26566 -3.21397 4.16472 3.87125
1.26776 -3.20722 4.18272 3.88154
1.27521 -3.19594 4.19039 3.86591
1.2773 -3.19682 4.17872 3.84884
1.27861 -3.20071 4.15801 3.82587
1.27908 -3.20623 4.13351 3.80192
1.27895 -3.21212 4.10914 3.77988
1.27854 -3.21759 4.0869 3.76065
1.27804 -3.22261 4.06703 3.74381
1.27752 -3.22749 4.04914 3.72887
1.27692 -3.2319 4.03425 3.71689
1.27625 -3.23459 4.02471 3.71005
1.27563 -3.23646 4.01867 3.70628
1.27527 -3.23707 4.01564 3.70453
1.27537 -3.23724 4.01244 3.70128
1.27597 -3.23741 4.00661 3.69417
1.27693 -3.23892 3.99493 3.68064
1.27789 -3.24185 3.97782 3.66213
1.27832 -3.2464 3.95739 3.64209
1.27794 -3.25138 3.93873 3.626
1.27698 -3.25535 3.92556 3.61658
1.27614 -3.25822 3.91643 3.61053
1.27602 -3.2598 3.90833 3.60342
1.2767 -3.26113 3.89673 3.59082
1.27774 -3.26408 3.87806 3.57069
1.27859 -3.2685 3.85426 3.54642
1.27893 -3.2736 3.82896 3.52221
1.27875 -3.28029 3.80239 3.49825
1.27813 -3.28577 3.78077 3.48006
1.27703 -3.29105 3.76403 3.46762
1.27547 -3.29426 3.75696 3.46535
1.27352 -3.29487 3.76145 3.47481
1.27136 -3.29291 3.77774 3.49578
1.26932 -3.28722 3.80664 3.52819
1.26799 -3.2786 3.84337 3.56595
1.26827 -3.26764 3.8803 3.59945
1.27067 -3.25709 3.90501 3.61553
1.27438 -3.25108 3.90763 3.60743
1.27741 -3.25042 3.8924 3.58482
1.27838 -3.25402 3.87028 3.56175
1.27758 -3.25943 3.85075 3.54598
1.27632 -3.26321 3.83918 3.53884
1.27545 -3.26507 3.83359 3.53609
1.27483 -3.26603 3.83196 3.53632
1.27407 -3.26593 3.83578 3.54195
1.27336 -3.26425 3.84541 3.55281
1.27319 -3.26106 3.85819 3.56509
1.27358 -3.25813 3.86917 3.57414
1.27402 -3.25629 3.87758 3.58068
1.27398 -3.25518 3.88618 3.58874
1.27337 -3.25352 3.89888 3.60218
1.27255 -3.25069 3.91666 3.62095
1.277 -3.2394 3.9416 3.6313
1.2772 -3.23479 3.96174 3.64929
1.27825 -3.23023 3.977 3.66034
1.2797 -3.22762 3.98374 3.66239
1.28092 -3.22684 3.98398 3.65911
1.28173 -3.2281 3.97915 3.65236
1.28226 -3.23045 3.97151 3.64384
1.28229 -3.23424 3.96245 3.63546
1.28144 -3.23732 3.95906 3.63475
1.28008 -3.23942 3.96286 3.64211
1.27891 -3.23953 3.9737 3.65541
1.27808 -3.23778 3.98989 3.67269
1.27729 -3.23485 4.01063 3.69407
1.27648 -3.23052 4.03634 3.7201
1.27607 -3.2251 4.06431 3.74709
1.27661 -3.21912 4.08951 3.76873
1.27852 -3.2135 4.10536 3.77768
1.28184 -3.21117 4.10243 3.76521
1.28562 -3.21395 4.07794 3.73171
1.28779 -3.2227 4.03952 3.69033
1.28667 -3.2347 4.00556 3.66251
1.28243 -3.24503 3.99431 3.66427
1.27662 -3.24892 4.01635 3.70128
1.27106 -3.24372 4.07213 3.7691
1.26735 -3.22957 4.15239 3.85463
1.26634 -3.2106 4.23949 3.93862
1.26791 -3.19002 4.31926 4.00776
1.27126 -3.17152 4.38052 4.05389
1.27532 -3.15885 4.41601 4.07373
1.27914 -3.15186 4.42813 4.07269
1.28213 -3.15081 4.42011 4.05584
1.28374 -3.15409 4.40022 4.03255
1.28356 -3.15991 4.37821 4.01292
1.28208 -3.16527 4.36296 4.00356
1.28041 -3.16824 4.35681 4.00314
1.27929 -3.16897 4.3567 4.00653
1.27883 -3.16779 4.36005 4.01108
1.27888 -3.16613 4.36306 4.0137
1.27929 -3.16421 4.36437 4.01358
1.27979 -3.16341 4.36188 4.00974
1.28006 -3.1631 4.35783 4.00517
1.28004 -3.16369 4.35258 4.00042
1.27982 -3.16389 4.34875 3.99758
1.27954 -3.16336 4.3469 3.99674
1.27939 -3.16252 4.34567 3.99609
1.27942 -3.16154 4.3439 3.99436
1.27958 -3.16097 4.34037 3.99062
1.27984 -3.16062 4.33501 3.98489
1.28044 -3.16049 4.32622 3.97494
1.28164 -3.16102 4.31086 3.95713
1.28817 -3.15565 4.29099 3.91892
1.28929 -3.1605 4.25891 3.88622
1.28939 -3.1671 4.22492 3.85491
1.28846 -3.17384 4.19525 3.83062
1.28708 -3.17927 4.17292 3.81431
1.28585 -3.18236 4.15837 3.80465
1.28481 -3.18345 4.1505 3.80052
1.28368 -3.1829 4.1496 3.80304
1.28256 -3.18111 4.15504 3.81136
1.28195 -3.17752 4.16542 3.82269
1.28222 -3.1729 4.1762 3.83178
1.28319 -3.16892 4.18279 3.83491
1.28425 -3.1662 4.18507 3.83385
1.28471 -3.16565 4.18453 3.83198
1.2843 -3.16553 4.18727 3.83571
1.28325 -3.16477 4.19649 3.8473
1.28209 -3.16241 4.21293 3.86587
1.28145 -3.15794 4.23426 3.88738
1.28185 -3.1526 4.25383 3.90412
1.28347 -3.14775 4.26474 3.9092
1.28598 -3.14541 4.26107 3.89822
1.28856 -3.147 4.24145 3.8725
1.29027 -3.15251 4.21033 3.83898
1.29064 -3.16056 4.17536 3.80603
1.28991 -3.16916 4.14334 3.77897
1.28884 -3.17661 4.1173 3.75832
1.28816 -3.1825 4.09591 3.74077
1.28799 -3.18722 4.07691 3.72391
1.28783 -3.19169 4.05976 3.7087
1.28708 -3.19571 4.04788 3.70002
1.28551 -3.19901 4.04481 3.70173
1.28342 -3.19951 4.0551 3.71717
1.28144 -3.19663 4.07829 3.74423
1.28011 -3.19138 4.10939 3.77668
1.27972 -3.18377 4.14479 3.8104
1.28007 -3.17599 4.17846 3.84029
1.28066 -3.1685 4.20956 3.86708
1.28099 -3.16185 4.23874 3.8929
1.28083 -3.15609 4.26779 3.92006
1.28024 -3.14979 4.30046 3.95189
1.27934 -3.14276 4.33788 3.98909
1.27836 -3.13441 4.38099 4.03182
1.27772 -3.12448 4.42841 4.07749
1.27787 -3.11321 4.47644 4.12123
1.27891 -3.10265 4.51837 4.15644
1.28059 -3.09339 4.55132 4.18128
1.28253 -3.08686 4.57238 4.19428
1.28442 -3.0827 4.58243 4.19729
1.28608 -3.0819 4.5805 4.19011
1.28755 -3.08331 4.56885 4.17468
1.29404 -3.07978 4.55055 4.1371
1.29592 -3.08582 4.51599 4.09973
1.29847 -3.09485 4.46527 4.04572
1.30144 -3.10755 4.39647 3.97431
1.30406 -3.1245 4.3114 3.88957
1.3055 -3.14553 4.21594 3.79925
1.30534 -3.16907 4.11921 3.71255
1.30361 -3.19223 4.03164 3.63844
1.30066 -3.21245 3.96135 3.5831
1.29702 -3.22861 3.91206 3.54847
1.29329 -3.23882 3.88643 3.53539
1.29008 -3.24378 3.8807 3.53896
1.28773 -3.24343 3.89165 3.55541
1.28617 -3.23964 3.91367 3.57985
1.28509 -3.23384 3.94321 3.60993
1.28433 -3.22684 3.97791 3.64384
1.28412 -3.21867 4.01538 3.67878
1.28469 -3.20968 4.05181 3.71048
1.28595 -3.20106 4.08297 3.73536
1.2873 -3.19532 4.10516 3.75172
1.28806 -3.1912 4.12346 3.76623
1.28789 -3.18833 4.14199 3.78366
1.28694 -3.1852 4.16539 3.80782
1.2857 -3.18075 4.19556 3.83912
1.28454 -3.1745 4.23227 3.87619
1.2836 -3.16622 4.27481 3.91802
1.28285 -3.15655 4.32132 3.96297
1.28232 -3.14604 4.36982 4.0091
1.28228 -3.13474 4.41792 4.05338
1.28312 -3.12331 4.46063 4.08986
1.28519 -3.11285 4.49133 4.11139
1.2884 -3.10531 4.50304 4.11185
1.29212 -3.10317 4.49088 4.08893
1.29542 -3.10593 4.45877 4.04936
1.29744 -3.11428 4.41124 3.99995
1.29783 -3.12554 4.35905 3.95145
1.29674 -3.1375 4.3107 3.91089
1.29486 -3.14759 4.2724 3.88178
1.29315 -3.1545 4.24446 3.8615
1.29232 -3.1592 4.22152 3.84308
1.29231 -3.16257 4.19984 3.82337
1.29262 -3.16609 4.17696 3.80165
1.29289 -3.16961 4.15403 3.77998
1.29299 -3.17341 4.13157 3.75925
1.29286 -3.17783 4.11018 3.74016
1.29247 -3.18215 4.09224 3.72497
1.2916 -3.18577 4.08089 3.71714
1.29 -3.18804 4.08017 3.72109
1.28786 -3.18757 4.09389 3.73979
1.28574 -3.18457 4.12058 3.77038
1.28891 -3.17067 4.16432 3.80105
1.28744 -3.16178 4.21327 3.85012
1.28664 -3.15004 4.26904 3.90349
1.28715 -3.13801 4.32146 3.94988
1.28952 -3.12614 4.3623 3.97986
1.29338 -3.11786 4.38118 3.98515
1.29702 -3.11584 4.37697 3.97015
1.29862 -3.11934 4.36048 3.95035
1.29781 -3.12494 4.34573 3.93941
1.29571 -3.12891 4.34144 3.9419
1.29375 -3.12991 4.34717 3.9531
1.29279 -3.1281 4.35813 3.96601
1.29288 -3.1248 4.36882 3.97547
1.2936 -3.12192 4.37484 3.97871
1.29465 -3.12013 4.37477 3.97543
1.29591 -3.11926 4.36858 3.96595
1.29712 -3.12062 4.35489 3.94984
1.29766 -3.1241 4.33715 3.93209
1.29715 -3.12817 4.32213 3.92003
1.2958 -3.13165 4.31411 3.91683
1.29418 -3.13277 4.31577 3.92325
1.29285 -3.13139 4.32522 3.93588
1.29251 -3.12789 4.33727 3.94789
1.29399 -3.12377 4.34207 3.94773
1.29757 -3.12249 4.32655 3.92276
1.30216 -3.12653 4.28541 3.87175
1.30573 -3.13726 4.22342 3.80532
1.30678 -3.15327 4.15408 3.73985
1.30514 -3.17093 4.09281 3.68932
1.30163 -3.18616 4.05154 3.66196
1.29732 -3.19635 4.03569 3.65975
1.29313 -3.19968 4.04664 3.68157
1.28974 -3.19696 4.07928 3.72102
1.28768 -3.18912 4.12673 3.77033
1.28724 -3.1773 4.18101 3.82122
1.28827 -3.1654 4.23074 3.86358
1.29005 -3.15501 4.27159 3.8955
1.29174 -3.1477 4.30232 3.9184
1.2928 -3.14258 4.32695 3.93759
1.29312 -3.13948 4.34802 3.9558
1.2928 -3.13663 4.37001 3.97678
1.29217 -3.13385 4.39334 3.99996
1.29179 -3.12984 4.41824 4.02382
1.29215 -3.12481 4.44093 4.04336
1.29325 -3.1204 4.45612 4.05373
1.29456 -3.11783 4.46199 4.05496
1.29557 -3.11683 4.46093 4.05086
1.2963 -3.11773 4.45341 4.04175
1.29709 -3.11966 4.4405 4.02757
1.2979 -3.12239 4.42302 4.00922
1.3031 -3.1192 4.40748 3.97919
1.30227 -3.12399 4.39178 3.96753
1.3006 -3.12791 4.38524 3.96671
1.29837 -3.12887 4.39298 3.98054
1.29584 -3.12651 4.41622 4.00939
1.29345 -3.12021 4.45475 4.05185
1.29176 -3.1106 4.5041 4.10211
1.29128 -3.09775 4.55903 4.15368
1.2923 -3.08468 4.60876 4.19566
1.29464 -3.0735 4.64535 4.22135
1.29761 -3.06548 4.66535 4.22982
1.30039 -3.06209 4.66785 4.22303
1.30243 -3.06271 4.65688 4.2065
1.30351 -3.06652 4.63701 4.1851
1.3037 -3.07186 4.61365 4.16341
1.30332 -3.07749 4.5902 4.14345
1.30279 -3.08234 4.5682 4.12526
1.3024 -3.08624 4.54716 4.1075
1.30228 -3.08997 4.52478 4.08764
1.30265 -3.09326 4.49988 4.06399
1.30373 -3.09714 4.46832 4.03216
1.30551 -3.1026 4.42653 3.98902
1.30754 -3.11065 4.37311 3.93474
1.30906 -3.12173 4.31062 3.87402
1.30939 -3.13558 4.24479 3.8139
1.30834 -3.14987 4.18462 3.76284
1.30622 -3.16229 4.13728 3.72631
1.3035 -3.17212 4.10531 3.70522
1.30068 -3.17757 4.09145 3.70073
1.29821 -3.17894 4.0933 3.70944
1.29658 -3.17556 4.10841 3.72783
1.29614 -3.17047 4.12697 3.74594
1.29698 -3.16441 4.1433 3.75832
1.29871 -3.15976 4.15091 3.7602
1.30055 -3.15813 4.14785 3.75213
1.30164 -3.15901 4.13864 3.74065
1.30157 -3.16145 4.12927 3.73239
1.30063 -3.16371 4.12488 3.73111
1.29965 -3.16435 4.12669 3.73558
1.2993 -3.16403 4.13038 3.73991
1.29957 -3.16266 4.13422 3.74262
1.29975 -3.1624 4.13601 3.74372
1.29921 -3.16235 4.1406 3.74943
1.298 -3.16115 4.15218 3.76342
1.29683 -3.15831 4.17016 3.78312
1.29664 -3.1535 4.19022 3.80187
1.29793 -3.14813 4.20428 3.81085
1.30029 -3.14528 4.20437 3.80401
1.30257 -3.14628 4.19054 3.78485
1.30353 -3.15043 4.17048 3.76397
1.30764 -3.14823 4.15895 3.74177
1.30548 -3.15231 4.15469 3.74411
1.30318 -3.15289 4.16455 3.75964
1.30145 -3.15022 4.18504 3.78314
1.30048 -3.14485 4.2125 3.81081
1.30002 -3.13782 4.24372 3.8404
1.29985 -3.13006 4.27642 3.87052
1.29991 -3.12205 4.30878 3.8996
1.30041 -3.11436 4.33792 3.92449
1.30158 -3.10787 4.35961 3.94055
1.30351 -3.10299 4.37063 3.94468
1.30582 -3.10078 4.36869 3.93595
1.30776 -3.10183 4.35546 3.91821
1.30858 -3.10625 4.336 3.89826
1.3079 -3.11152 4.32036 3.88622
1.30584 -3.11598 4.31597 3.8884
1.30288 -3.11754 4.32876 3.90876
1.29976 -3.11419 4.36168 3.94796
1.29719 -3.10602 4.41165 4.00108
1.29566 -3.09422 4.47248 4.06106
1.2951 -3.0799 4.5389 4.12314
1.29519 -3.06502 4.60556 4.18339
1.29579 -3.05034 4.66926 4.23929
1.29707 -3.0368 4.72536 4.28601
1.29919 -3.02435 4.77044 4.31982
1.30196 -3.01509 4.79888 4.33633
1.30481 -3.01023 4.80904 4.33604
1.30718 -3.01011 4.80272 4.32248
1.3089 -3.01314 4.78498 4.30086
1.31012 -3.01892 4.75796 4.27257
1.31105 -3.02664 4.72384 4.23894
1.31174 -3.03582 4.68426 4.2012
1.31219 -3.0459 4.64121 4.16116
1.3123 -3.05666 4.59657 4.12082
1.31189 -3.06802 4.55257 4.08263
1.31086 -3.07823 4.51456 4.05172
1.30923 -3.08664 4.48564 4.03078
1.30731 -3.09295 4.46688 4.01981
1.30569 -3.09625 4.45796 4.01677
1.30499 -3.09722 4.45381 4.0152
1.30539 -3.0971 4.44846 4.00914
1.3064 -3.09739 4.43817 3.99676
1.30725 -3.09964 4.42208 3.97968
1.30758 -3.10284 4.40411 3.96253
1.30758 -3.10718 4.38457 3.94495
1.30767 -3.11114 4.36504 3.92708
1.30818 -3.11495 4.34336 3.90607
1.30917 -3.11973 4.31613 3.87863
1.3105 -3.12587 4.28211 3.84418
1.31169 -3.13385 4.24199 3.80471
1.31716 -3.13706 4.20217 3.75333
1.31663 -3.14804 4.16227 3.71919
1.31522 -3.15786 4.13178 3.69589
1.31297 -3.16604 4.11426 3.68652
1.30981 -3.17092 4.11559 3.69663
1.30599 -3.17091 4.13998 3.7294
1.30232 -3.16472 4.18752 3.78286
1.29975 -3.1531 4.25149 3.84824
1.29891 -3.13776 4.32205 3.91463
1.29985 -3.12118 4.38896 3.97236
1.3021 -3.10598 4.44401 4.01523
1.30499 -3.09393 4.4831 4.0416
1.30781 -3.08599 4.50573 4.05324
1.31006 -3.08291 4.51307 4.05285
1.31147 -3.08262 4.51161 4.04718
1.31189 -3.08497 4.50484 4.03984
1.31143 -3.08767 4.49912 4.03612
1.31055 -3.0901 4.49605 4.03608
1.30974 -3.09099 4.49663 4.03909
1.30919 -3.09053 4.49951 4.04337
1.30869 -3.08974 4.50323 4.04826
1.30801 -3.0876 4.51058 4.05696
1.30725 -3.08501 4.52031 4.06811
1.30677 -3.0808 4.533 4.08103
1.30693 -3.07566 4.54502 4.09134
1.30772 -3.07096 4.55228 4.0954
1.3087 -3.06748 4.55387 4.09374
1.30927 -3.06562 4.55178 4.0901
1.30897 -3.0645 4.55117 4.09049
1.30786 -3.06316 4.55627 4.09852
1.30649 -3.05973 4.57027 4.11545
1.30548 -3.05452 4.59037 4.13673
1.30527 -3.04795 4.61249 4.15736
1.30596 -3.04091 4.63196 4.1727
1.30746 -3.03484 4.64383 4.1786
1.30954 -3.0312 4.64397 4.17206
1.31186 -3.03044 4.63144 4.15345
1.31399 -3.03374 4.60557 4.12357
1.3157 -3.03989 4.57026 4.08664
1.31702 -3.04807 4.52822 4.04499
1.31792 -3.05888 4.48002 3.9992
1.31816 -3.07099 4.4306 3.95436
1.31768 -3.0829 4.38515 3.91521
1.31681 -3.09465 4.34452 3.88149
1.31589 -3.10476 4.31098 3.85422
1.31494 -3.11358 4.28419 3.83304
1.31374 -3.12093 4.26564 3.81992
1.31214 -3.12599 4.25825 3.81796
1.31031 -3.12933 4.26126 3.82599
1.30876 -3.12973 4.27467 3.84257
1.31295 -3.12049 4.2978 3.85104
1.31311 -3.11683 4.31785 3.86856
1.31418 -3.1143 4.33049 3.8767
1.31598 -3.11315 4.33296 3.87361
1.31811 -3.11489 4.32204 3.8576
1.31985 -3.1196 4.3 3.83288
1.32032 -3.12709 4.27294 3.80741
1.319 -3.13517 4.25144 3.79205
1.3161 -3.14133 4.24483 3.79449
1.31247 -3.14291 4.25881 3.8175
1.30927 -3.13859 4.29255 3.85716
1.30735 -3.12973 4.33826 3.90395
1.30678 -3.11835 4.38801 3.95044
1.30694 -3.10595 4.43794 3.99492
1.30725 -3.09368 4.48637 4.03755
1.30756 -3.08273 4.53125 4.07697
1.3078 -3.07156 4.57528 4.11583
1.30801 -3.06094 4.61696 4.15267
1.30865 -3.04986 4.65566 4.18543
1.31035 -3.04025 4.68349 4.20497
1.3133 -3.03339 4.69389 4.20483
1.31696 -3.03091 4.68283 4.18327
1.32035 -3.03402 4.65097 4.14416
1.32247 -3.04233 4.60488 4.09651
1.32283 -3.05362 4.55517 4.05119
1.32177 -3.06563 4.51002 4.01424
1.32041 -3.07581 4.47328 3.98564
1.31981 -3.08393 4.44152 3.95914
1.31974 -3.09086 4.41221 3.93323
1.31876 -3.09824 4.38806 3.91461
1.316 -3.10409 4.37972 3.91536
1.31205 -3.10533 4.39509 3.94093
1.30822 -3.10104 4.43292 3.98648
1.30574 -3.09054 4.48763 4.04335
1.30539 -3.07659 4.5462 4.09723
1.30717 -3.06147 4.59759 4.13789
1.31023 -3.04985 4.63103 4.15826
1.31322 -3.04219 4.64806 4.16403
1.31518 -3.03977 4.65145 4.16089
1.31584 -3.04024 4.64979 4.1573
1.31543 -3.04161 4.64959 4.15841
1.31432 -3.04217 4.65557 4.16728
1.31297 -3.04124 4.66899 4.18358
1.31193 -3.03782 4.68976 4.20553
1.31159 -3.03292 4.71334 4.22778
1.3119 -3.02805 4.73519 4.24637
1.31232 -3.02362 4.75509 4.26283
1.31234 -3.01977 4.77495 4.28061
1.31194 -3.01608 4.79663 4.30133
1.31159 -3.01128 4.82115 4.32447
1.31673 -2.9984 4.84945 4.33287
1.31764 -2.99349 4.86817 4.3466
1.31918 -2.98978 4.87833 4.35061
1.32056 -2.98855 4.87948 4.34707
1.32091 -2.98891 4.87781 4.34442
1.32009 -2.98996 4.87895 4.34816
1.3187 -2.99069 4.88535 4.35845
1.31753 -2.98859 4.89924 4.37472
1.31695 -2.98511 4.91558 4.39125
1.3169 -2.98067 4.93199 4.40606
1.31723 -2.97604 4.94604 4.41749
1.31795 -2.97116 4.95651 4.42444
1.31914 -2.96819 4.95799 4.42178
1.32089 -2.96667 4.94932 4.40819
1.32302 -2.96811 4.92703 4.38128
1.32495 -2.97248 4.89289 4.34457
1.32607 -2.98014 4.85003 4.30288
1.32624 -2.9889 4.80556 4.26288
1.32593 -2.99821 4.7615 4.22479
1.32584 -3.0071 4.71791 4.18639
1.32642 -3.01579 4.6719 4.14373
1.32745 -3.02549 4.62079 4.09524
1.32795 -3.03713 4.5666 4.04568
1.32685 -3.04942 4.51869 4.00657
1.32385 -3.05973 4.48809 3.98844
1.31993 -3.06546 4.4806 3.99361
1.31668 -3.06505 4.49401 4.01545
1.31519 -3.06003 4.51825 4.0417
1.31531 -3.05212 4.54525 4.06549
1.31616 -3.04544 4.5669 4.08219
1.31708 -3.03964 4.58436 4.09493
1.31789 -3.03577 4.59608 4.10288
1.31873 -3.03227 4.60406 4.10739
1.31977 -3.03015 4.60543 4.10539
1.32094 -3.03007 4.59866 4.0957
1.32203 -3.03213 4.58428 4.07952
1.32282 -3.03483 4.56633 4.06112
1.32321 -3.03913 4.54486 4.04084
1.32321 -3.04408 4.52294 4.02135
1.32282 -3.04896 4.50327 4.00505
1.32199 -3.05323 4.48845 3.99437
1.32078 -3.05637 4.48067 3.99112
1.31949 -3.05744 4.48139 3.99564
1.31863 -3.05653 4.48834 4.00447
1.31847 -3.05461 4.49714 4.0128
1.31871 -3.05211 4.50618 4.02014
1.31849 -3.05024 4.51603 4.02958
1.31727 -3.04761 4.53298 4.04846
1.31558 -3.04328 4.55888 4.07681
1.31499 -3.0363 4.58914 4.10573
1.32182 -3.02073 4.6153 4.10779
1.32571 -3.01585 4.61565 4.09604
1.32927 -3.0175 4.5941 4.06599
1.33037 -3.0246 4.56428 4.03628
1.32898 -3.03281 4.54174 4.02055
1.32642 -3.03856 4.5343 4.0217
1.32398 -3.04011 4.5426 4.03648
1.32239 -3.03876 4.56067 4.05744
1.32183 -3.03482 4.58443 4.08028
1.32226 -3.03024 4.60748 4.09947
1.32334 -3.02644 4.62577 4.11238
1.32431 -3.0238 4.64022 4.12221
1.3246 -3.02235 4.65386 4.13342
1.32443 -3.02142 4.6689 4.1473
1.32423 -3.02068 4.68526 4.16247
1.3239 -3.01983 4.70399 4.18014
1.32296 -3.01841 4.72867 4.20507
1.32107 -3.0156 4.76408 4.24263
1.31855 -3.00955 4.8145 4.29573
1.31634 -3.00002 4.87734 4.35909
1.31549 -2.9871 4.9457 4.42303
1.31663 -2.97268 5.00845 4.47528
1.31962 -2.96016 5.05366 4.50546
1.3235 -2.95202 5.0754 4.51158
1.32699 -2.9501 5.07373 4.49824
1.32924 -2.95296 5.05639 4.47527
1.33013 -2.95899 5.03067 4.44951
1.33001 -2.96667 5.00199 4.42453
1.32938 -2.97423 4.97433 4.40216
1.32866 -2.98112 4.94831 4.3815
1.32801 -2.98667 4.92471 4.36275
1.32739 -2.99144 4.90267 4.34526
1.32692 -2.99507 4.88219 4.32864
1.32698 -2.99793 4.86047 4.30918
1.32781 -3.00107 4.83307 4.28222
1.32907 -3.0052 4.79813 4.24723
1.33004 -3.0113 4.75634 4.20715
1.33015 -3.01923 4.71192 4.16752
1.32947 -3.02679 4.67133 4.13373
1.32871 -3.03331 4.63501 4.10396
1.32855 -3.03887 4.59998 4.07341
1.32912 -3.0442 4.56289 4.03884
1.32995 -3.05039 4.5222 4.00034
1.33044 -3.05818 4.47905 3.96069
1.33025 -3.06655 4.43827 3.92521
1.32933 -3.07469 4.40379 3.89741
1.32779 -3.08146 4.37957 3.88047
1.32569 -3.08561 4.36934 3.87752
1.3233 -3.0866 4.37449 3.88911
1.32123 -3.08329 4.39473 3.91323
1.32516 -3.07041 4.42582 3.92922
1.3254 -3.06275 4.45456 3.95402
1.3265 -3.05567 4.47802 3.97154
1.32765 -3.05108 4.49384 3.98214
1.32833 -3.04755 4.50649 3.99129
1.32867 -3.04516 4.51651 3.99913
1.32928 -3.04286 4.5238 4.00375
1.33058 -3.04176 4.52371 3.99977
1.33214 -3.04273 4.51476 3.98719
1.33296 -3.04607 4.50077 3.97238
1.33235 -3.05072 4.48943 3.96418
1.33034 -3.05426 4.48957 3.97031
1.32733 -3.05407 4.50812 3.99573
1.32392 -3.05026 4.54522 4.03899
1.32081 -3.04084 4.60186 4.09897
1.31884 -3.02683 4.67088 4.16665
1.31878 -3.00963 4.74203 4.2303
1.3209 -2.99255 4.80181 4.27677
1.32457 -2.97889 4.84028 4.29908
1.32862 -2.97123 4.85359 4.29779
1.33215 -2.96929 4.8453 4.27906
1.33477 -2.97253 4.81999 4.24835
1.33621 -2.98 4.78376 4.21187
1.33637 -2.98959 4.74484 4.17712
1.3355 -2.99926 4.70988 4.14902
1.33423 -3.00717 4.68272 4.12903
1.33322 -3.01372 4.66117 4.11314
1.33293 -3.01811 4.64396 4.09885
1.33341 -3.02248 4.62529 4.08089
1.3344 -3.02763 4.60299 4.05823
1.33528 -3.03396 4.57784 4.03337
1.33542 -3.04183 4.55286 4.01097
1.33451 -3.04984 4.53412 3.99717
1.33245 -3.05701 4.52699 3.99705
1.32923 -3.06101 4.53905 4.01742
1.32538 -3.06033 4.57373 4.05986
1.3219 -3.05324 4.63078 4.12133
1.31964 -3.04098 4.70225 4.19209
1.31898 -3.02517 4.7791 4.26274
1.31974 -3.00887 4.85126 4.32461
1.32154 -2.99355 4.91287 4.37357
1.32416 -2.98087 4.95833 4.40529
1.32755 -2.97222 4.98264 4.4156
1.33147 -2.96835 4.98304 4.40295
1.33534 -2.97014 4.95934 4.3693
1.33829 -2.97788 4.91582 4.32143
1.33954 -2.9906 4.86118 4.2694
1.33893 -3.00484 4.80793 4.22454
1.33694 -3.01776 4.7649 4.19298
1.33429 -3.02791 4.73574 4.1756
1.33641 -3.02698 4.72623 4.16059
1.33353 -3.02908 4.72908 4.1721
1.33105 -3.02697 4.74596 4.19479
1.32967 -3.02061 4.77202 4.22222
1.32998 -3.01237 4.79659 4.24297
1.33194 -3.00492 4.80976 4.24836
1.33487 -3.0002 4.80626 4.23594
1.33794 -2.99976 4.78447 4.20704
1.34048 -3.00413 4.74656 4.16582
1.34196 -3.01232 4.69864 4.1192
1.34223 -3.02312 4.64729 4.07337
1.34149 -3.03407 4.59989 4.03403
1.33997 -3.04363 4.56136 4.00479
1.33782 -3.05124 4.53453 3.98763
1.3355 -3.05569 4.52125 3.98285
1.33368 -3.05681 4.51899 3.98632
1.33272 -3.05492 4.52362 3.99325
1.33262 -3.05135 4.52998 3.99918
1.33332 -3.04781 4.53265 3.99944
1.33478 -3.04558 4.52691 3.99
1.33668 -3.04582 4.50996 3.9694
1.3384 -3.04807 4.48431 3.94176
1.33949 -3.05305 4.45166 3.90987
1.33999 -3.05962 4.41605 3.87716
1.34014 -3.06737 4.37907 3.84425
1.34002 -3.07522 4.34361 3.81348
1.33924 -3.08253 4.31378 3.7895
1.33744 -3.0888 4.29448 3.77761
1.33501 -3.09274 4.28955 3.78016
1.33283 -3.0924 4.30006 3.79562
1.33156 -3.0886 4.32068 3.81745
1.33127 -3.08343 4.34464 3.83945
1.33164 -3.07759 4.36912 3.86
1.33219 -3.07247 4.39186 3.8785
1.33243 -3.06831 4.41394 3.89728
1.33213 -3.0647 4.43789 3.91933
1.33137 -3.06001 4.46729 3.94754
1.33061 -3.05435 4.5008 3.97942
1.33039 -3.04776 4.53527 4.01056
1.33105 -3.04087 4.56601 4.03575
1.3325 -3.03512 4.58805 4.05082
1.33431 -3.03113 4.59982 4.05568
1.33588 -3.03016 4.6011 4.05204
1.33648 -3.03177 4.59704 4.04665
1.33558 -3.03429 4.59626 4.04872
1.3333 -3.03524 4.60707 4.06517
1.33075 -3.03214 4.6326 4.09553
1.32953 -3.02567 4.66453 4.12752
1.33073 -3.01759 4.69019 4.14651
1.33427 -3.0114 4.69618 4.14077
1.34418 -3.00263 4.67901 4.09522
1.34886 -3.00928 4.62866 4.0371
1.35178 -3.02291 4.5596 3.96829
1.35229 -3.04054 4.48621 3.90293
1.3507 -3.05913 4.42044 3.85024
1.34761 -3.07513 4.37264 3.81733
1.34351 -3.08696 4.34842 3.80779
1.33874 -3.09221 4.35369 3.82598
1.33373 -3.09014 4.38989 3.87228
1.32904 -3.08096 4.45442 3.94306
1.32531 -3.06442 4.5432 4.03297
1.32307 -3.04227 4.64704 4.13214
1.32265 -3.01661 4.75532 4.22978
1.32411 -2.99058 4.85597 4.31453
1.32714 -2.96642 4.94009 4.37924
1.33109 -2.94704 5.00058 4.41971
1.33525 -2.93376 5.03556 4.43677
1.33906 -2.92678 5.04671 4.43393
1.34209 -2.92563 5.03816 4.41642
1.3439 -2.92872 5.01739 4.39228
1.34437 -2.93458 4.9915 4.36812
1.34401 -2.94116 4.96563 4.34665
1.34369 -2.94687 4.94082 4.32594
1.34401 -2.95237 4.91275 4.30035
1.34502 -2.95865 4.87743 4.26622
1.34635 -2.96594 4.83401 4.22406
1.3476 -2.97545 4.78163 4.17442
1.34856 -2.98672 4.7227 4.12005
1.34903 -2.99994 4.65919 4.06321
1.34868 -3.0136 4.59736 4.01033
1.34729 -3.02669 4.54306 3.96704
1.34525 -3.03757 4.50091 3.93621
1.34338 -3.04566 4.47012 3.91472
1.3424 -3.05076 4.44716 3.89747
1.34245 -3.05454 4.42576 3.87857
1.34314 -3.05843 4.40213 3.85587
1.34382 -3.06285 4.37682 3.83177
1.34387 -3.06851 4.35166 3.80959
1.34303 -3.07472 4.33127 3.79413
1.34149 -3.07954 4.32082 3.78929
1.3398 -3.0815 4.3224 3.79547
1.33842 -3.0816 4.33247 3.80825
1.33744 -3.07912 4.3506 3.82697
1.33667 -3.07511 4.37437 3.8501
1.33597 -3.06966 4.40332 3.8776
1.33549 -3.06347 4.43498 3.90689
1.33547 -3.05672 4.46684 3.93503
1.33593 -3.0498 4.49633 3.95965
1.33668 -3.0435 4.52127 3.97937
1.33752 -3.03853 4.54033 3.99363
1.34326 -3.02771 4.55777 3.99184
1.34394 -3.02513 4.56675 3.99767
1.3448 -3.02356 4.57009 3.99805
1.34579 -3.02388 4.56602 3.99155
1.34639 -3.02513 4.55849 3.9832
1.34599 -3.02677 4.55292 3.97951
1.34446 -3.02833 4.5542 3.98516
1.34215 -3.02773 4.56789 4.004
1.33965 -3.02359 4.59601 4.03619
1.33758 -3.01526 4.63706 4.07852
1.33662 -3.00423 4.68368 4.12248
1.33729 -2.99172 4.72756 4.15903
1.33968 -2.98006 4.75897 4.17921
1.34306 -2.97195 4.77136 4.17954
1.34598 -2.96914 4.7658 4.16559
1.34728 -2.97054 4.75161 4.1492
1.34698 -2.97388 4.73793 4.13818
1.34601 -2.97675 4.72971 4.13397
1.34531 -2.9783 4.72626 4.13311
1.3453 -2.97871 4.72458 4.13166
1.34583 -2.97895 4.72174 4.12755
1.34641 -2.98021 4.71635 4.12108
1.34655 -2.98238 4.71068 4.11569
1.34596 -2.98455 4.70894 4.11597
1.3446 -2.98609 4.71444 4.12493
1.34273 -2.98571 4.73029 4.14457
1.34079 -2.98207 4.7579 4.17481
1.33938 -2.97541 4.79378 4.21072
1.3391 -2.96708 4.83056 4.24389
1.34021 -2.95834 4.86096 4.26708
1.34241 -2.95107 4.87848 4.27545
1.34519 -2.94723 4.87868 4.26679
1.34803 -2.94717 4.86175 4.24301
1.35041 -2.95177 4.82873 4.20675
1.35185 -2.95982 4.78592 4.16502
1.35209 -2.97046 4.73951 4.12391
1.35114 -2.98123 4.69787 4.09055
1.34914 -2.99045 4.66726 4.06992
1.34633 -2.99692 4.6521 4.06516
1.34326 -2.99867 4.65572 4.07764
1.34095 -2.99619 4.6731 4.0999
1.34057 -2.99006 4.69506 4.12033
1.34246 -2.98346 4.70825 4.12609
1.34557 -2.97963 4.70506 4.11379
1.34811 -2.98123 4.68585 4.08925
1.34901 -2.98594 4.66175 4.06551
1.34841 -2.99214 4.64021 4.04852
1.34711 -2.99715 4.62688 4.04079
1.34582 -2.99987 4.62256 4.04088
1.34479 -3.00068 4.62554 4.0466
1.34872 -2.99298 4.63926 4.04677
1.3474 -2.99105 4.65757 4.06673
1.34612 -2.98717 4.68443 4.09406
1.34538 -2.98106 4.71748 4.1252
1.34544 -2.9744 4.75074 4.15411
1.34612 -2.96777 4.78129 4.1787
1.34698 -2.96215 4.80729 4.19875
1.34748 -2.95808 4.82966 4.21674
1.34713 -2.95412 4.85395 4.23903
1.34588 -2.95011 4.88319 4.26855
1.34422 -2.94385 4.9212 4.30707
1.34305 -2.93498 4.96512 4.34927
1.34316 -2.92452 5.00759 4.38614
1.34478 -2.91418 5.04029 4.40947
1.34751 -2.90604 5.05672 4.41487
1.35052 -2.90229 5.05391 4.4026
1.35299 -2.90298 5.03529 4.37836
1.35461 -2.90787 5.00508 4.34687
1.3554 -2.9152 4.9695 4.31346
1.35513 -2.92363 4.93512 4.28448
1.35338 -2.93125 4.91099 4.26904
1.35036 -2.93621 4.90422 4.27269
1.34722 -2.93667 4.91631 4.29319
1.34505 -2.93204 4.94313 4.32359
1.3441 -2.9248 4.97592 4.35534
1.34458 -2.91562 5.00839 4.38219
1.34681 -2.90764 5.0287 4.39267
1.3503 -2.90298 5.02977 4.38227
1.35379 -2.90309 5.01114 4.35478
1.35639 -2.90835 4.97658 4.31645
1.35809 -2.91785 4.93072 4.27134
1.35897 -2.93043 4.87803 4.22295
1.3588 -2.94418 4.82575 4.1782
1.35763 -2.95744 4.77993 4.14212
1.35611 -2.96922 4.74227 4.11409
1.35497 -2.97829 4.71231 4.09151
1.35433 -2.98552 4.68681 4.07131
1.35367 -2.99213 4.66445 4.05386
1.35257 -2.99777 4.6478 4.04267
1.35124 -3.00183 4.6382 4.0383
1.3503 -3.00373 4.63421 4.03764
1.35016 -3.00374 4.63196 4.03608
1.3507 -3.00393 4.62594 4.02922
1.35142 -3.00543 4.61444 4.01707
1.3519 -3.00753 4.60009 4.00316
1.35214 -3.0101 4.5839 3.98837
1.35253 -3.01332 4.56454 3.97037
1.35349 -3.01686 4.54024 3.94643
1.35497 -3.02213 4.50734 3.91356
1.35638 -3.02972 4.46639 3.87398
1.36198 -3.03206 4.42591 3.82308
1.36129 -3.04246 4.38561 3.79019
1.35919 -3.05181 4.35745 3.77166
1.35583 -3.05857 4.34798 3.77279
1.35175 -3.05965 4.36397 3.7981
1.34776 -3.0551 4.40356 3.84392
1.34467 -3.04425 4.46349 3.90518
1.34302 -3.02876 4.53507 3.97267
1.34299 -3.01066 4.60911 4.03761
1.34435 -2.99228 4.67724 4.09315
1.34646 -2.97664 4.73273 4.13524
1.3485 -2.96417 4.77604 4.16674
1.35016 -2.95437 4.80959 4.19087
1.3517 -2.94658 4.8342 4.20753
1.35335 -2.94183 4.84717 4.21366
1.35492 -2.93972 4.84964 4.21093
1.35596 -2.93952 4.8451 4.20376
1.35633 -2.94048 4.83708 4.19566
1.35643 -2.94253 4.82582 4.18558
1.35697 -2.9449 4.81002 4.17022
1.35849 -2.94759 4.78581 4.14457
1.36089 -2.95325 4.74633 4.10313
1.36325 -2.9623 4.6929 4.04992
1.36448 -2.97454 4.63183 3.99361
1.36409 -2.98911 4.57106 3.94235
1.36226 -3.00264 4.52108 3.90448
1.35956 -3.01366 4.48659 3.88239
1.35665 -3.02016 4.47085 3.87708
1.35407 -3.02296 4.47054 3.88418
1.35226 -3.02153 4.48339 3.90057
1.35145 -3.01795 4.50203 3.91913
1.35154 -3.01264 4.52273 3.93689
1.35217 -3.00735 4.54103 3.95097
1.35315 -3.0031 4.554 3.95939
1.35457 -3.00026 4.55904 3.95963
1.35642 -2.99913 4.55389 3.94975
1.35828 -3.00183 4.53547 3.92839
1.35947 -3.00675 4.50961 3.90257
1.35957 -3.01326 4.48155 3.878
1.35877 -3.02036 4.45551 3.85775
1.35792 -3.02555 4.43461 3.84205
1.35791 -3.02981 4.41316 3.82348
1.35887 -3.03435 4.3861 3.79737
1.36011 -3.03987 4.35285 3.76515
1.36067 -3.04731 4.31589 3.73162
1.35983 -3.05589 4.28268 3.70522
1.35748 -3.06317 4.26258 3.6942
1.35432 -3.06673 4.2614 3.7018
1.35137 -3.06532 4.27895 3.72517
1.34952 -3.05972 4.30896 3.75642
1.35413 -3.04394 4.34785 3.77741
1.35497 -3.03479 4.38049 3.80342
1.35628 -3.02773 4.40568 3.82159
1.35724 -3.022 4.42723 3.83757
1.35727 -3.01747 4.44909 3.85643
1.35626 -3.01383 4.47518 3.88195
1.35454 -3.00809 4.51204 3.91887
1.3528 -2.99998 4.55897 3.96473
1.35175 -2.98904 4.61307 4.01491
1.35182 -2.97683 4.66721 4.06182
1.35294 -2.96498 4.71514 4.10012
1.35474 -2.95407 4.75414 4.12855
1.35692 -2.94595 4.78024 4.14455
1.35934 -2.94107 4.79203 4.14737
1.36176 -2.93995 4.78901 4.1374
1.36358 -2.94225 4.77479 4.11961
1.36405 -2.94795 4.75499 4.10111
1.36286 -2.95431 4.7402 4.09192
1.36043 -2.95852 4.73833 4.09759
1.3578 -2.95919 4.7506 4.11617
1.35608 -2.95605 4.77248 4.14037
1.35599 -2.95 4.79594 4.16101
1.35745 -2.94425 4.81062 4.16924
1.35963 -2.94023 4.81316 4.16477
1.36144 -2.93993 4.80326 4.15067
1.36233 -2.94239 4.78655 4.13353
1.36257 -2.94583 4.76792 4.11671
1.36288 -2.94928 4.74773 4.09837
1.3637 -2.95361 4.7223 4.07396
1.36493 -2.95914 4.69013 4.04254
1.36619 -2.96648 4.651 4.00513
1.36704 -2.97604 4.60636 3.96421
1.36708 -2.98706 4.56092 3.92499
1.36609 -2.99756 4.52186 3.8942
1.36432 -3.00668 4.49284 3.87424
1.36252 -3.01265 4.47582 3.86465
1.36156 -3.01629 4.46538 3.85836
1.36178 -3.01899 4.45491 3.84869
1.36263 -3.02198 4.44137 3.8346
1.36302 -3.02597 4.42693 3.82104
1.3622 -3.03016 4.41803 3.81565
1.3602 -3.03382 4.41961 3.82264
1.35769 -3.03395 4.43711 3.84486
1.3557 -3.03053 4.46703 3.87646
1.35506 -3.02412 4.50251 3.9091
1.35571 -3.0167 4.5358 3.93612
1.35664 -3.01071 4.56308 3.95709
1.35682 -3.00569 4.5888 3.97885
1.35604 -3.0008 4.61732 4.00588
1.35482 -2.99503 4.65055 4.03834
1.35873 -2.97953 4.69332 4.06375
1.35823 -2.97021 4.73286 4.09952
1.3587 -2.95998 4.76888 4.12927
1.36048 -2.95029 4.7941 4.14567
1.36329 -2.94367 4.80138 4.14343
1.36616 -2.94123 4.7903 4.12517
1.36837 -2.9428 4.76458 4.0964
1.36989 -2.94778 4.72766 4.06015
1.37099 -2.95491 4.68275 4.01834
1.37186 -2.96389 4.63105 3.97145
1.37273 -2.97443 4.57302 3.9192
1.3738 -2.98608 4.5087 3.86107
1.37483 -2.99966 4.43744 3.79721
1.37515 -3.01492 4.3633 3.73289
1.37441 -3.02983 4.29392 3.67552
1.37301 -3.04407 4.23149 3.62576
1.37168 -3.05599 4.17746 3.58295
1.37084 -3.06579 4.12943 3.54393
1.37042 -3.07453 4.08452 3.50645
1.37002 -3.08264 4.04273 3.47158
1.36921 -3.08995 4.00651 3.44252
1.3679 -3.09656 3.97749 3.42086
1.36644 -3.10089 3.95829 3.40798
1.36532 -3.10272 3.9475 3.40149
1.36474 -3.10312 3.9413 3.39759
1.36464 -3.10257 3.93758 3.39463
1.36498 -3.1022 3.9333 3.39009
1.36569 -3.10273 3.92644 3.38242
1.36628 -3.10361 3.91934 3.37485
1.36599 -3.10615 3.91407 3.37102
1.36443 -3.10792 3.91969 3.37972
1.3618 -3.10623 3.94386 3.40713
1.35861 -3.10163 3.98647 3.45204
1.35538 -3.09184 4.05043 3.51578
1.35255 -3.07698 4.13321 3.59514
1.35047 -3.05866 4.22859 3.68376
1.34951 -3.03648 4.33261 3.77706
1.35005 -3.01286 4.43523 3.86499
1.35212 -2.99023 4.52695 3.93888
1.35522 -2.97121 4.60058 3.99378
1.35855 -2.95672 4.65492 4.03104
1.36148 -2.9473 4.69137 4.05388
1.36376 -2.9421 4.7138 4.06644
1.36545 -2.94007 4.72588 4.07183
1.36648 -2.94034 4.73135 4.07344
1.36666 -2.94231 4.73443 4.07556
1.36591 -2.94454 4.74076 4.08326
1.36458 -2.94612 4.75321 4.09798
1.36342 -2.94562 4.77224 4.11787
1.36322 -2.94289 4.79377 4.13708
1.36914 -2.93264 4.81432 4.13682
1.37084 -2.93127 4.82102 4.13744
1.37261 -2.93248 4.81691 4.12859
1.37365 -2.9365 4.80517 4.11543
1.37355 -2.94226 4.79181 4.10427
1.37249 -2.94763 4.78324 4.1001
1.37092 -2.95138 4.78234 4.10402
1.36936 -2.95269 4.78959 4.11492
1.36828 -2.95146 4.80285 4.12958
1.36797 -2.94897 4.81689 4.14257
1.36843 -2.94557 4.8287 4.15134
1.36934 -2.9436 4.83346 4.15268
1.37034 -2.94307 4.8315 4.14798
1.37128 -2.94382 4.8237 4.13842
1.37221 -2.94579 4.81039 4.12421
1.37317 -2.94895 4.79177 4.10538
1.37405 -2.95363 4.76799 4.08239
1.37459 -2.95932 4.74176 4.05833
1.37447 -2.96628 4.71557 4.03627
1.37349 -2.97312 4.69509 4.02161
1.37167 -2.97834 4.68563 4.01882
1.36938 -2.98083 4.69006 4.02935
1.36716 -2.98013 4.70795 4.05129
1.36532 -2.97575 4.73817 4.08279
1.36383 -2.9686 4.77785 4.12147
1.3626 -2.95907 4.82534 4.1662
1.36178 -2.9482 4.87687 4.21324
1.36172 -2.93563 4.92955 4.25894
1.36251 -2.92308 4.97716 4.29757
1.36378 -2.91172 5.0164 4.32741
1.36506 -2.9026 5.04592 4.3488
1.36635 -2.89551 5.06576 4.36177
1.36824 -2.89019 5.07331 4.36224
1.37127 -2.8871 5.06321 4.34395
1.37516 -2.88912 5.02837 4.30185
1.37862 -2.89727 4.97083 4.24194
1.38047 -2.90963 4.90141 4.1771
1.3808 -2.92551 4.82645 4.11224
1.38053 -2.9417 4.75221 4.04978
1.38027 -2.95707 4.68016 3.98912
1.38003 -2.97228 4.60973 3.92979
1.37956 -2.98744 4.54239 3.87369
1.3787 -3.00162 4.48174 3.82434
1.37738 -3.01495 4.42948 3.78337
1.37563 -3.0258 4.39 3.75443
1.37355 -3.03445 4.36391 3.73777
1.37127 -3.03977 4.35345 3.735
1.36888 -3.04182 4.35863 3.74597
1.36638 -3.04011 4.38036 3.77156
1.36382 -3.03465 4.41826 3.81132
1.36647 -3.01756 4.47566 3.85335
1.36498 -3.00515 4.53744 3.9108
1.36495 -2.98999 4.60143 3.96603
1.36644 -2.97499 4.65721 4.00973
1.36897 -2.96205 4.69857 4.03787
1.37181 -2.95325 4.72185 4.04948
1.37417 -2.94822 4.73031 4.04976
1.37552 -2.94733 4.72743 4.04333
1.37604 -2.94795 4.72017 4.03561
1.3765 -2.94937 4.70886 4.02458
1.37761 -2.95156 4.69072 4.00586
1.37934 -2.95574 4.66215 3.97646
1.38094 -2.96254 4.6242 3.9395
1.38156 -2.97156 4.58261 3.90233
1.38092 -2.98122 4.54491 3.87202
1.37946 -2.99012 4.51568 3.85119
1.37774 -2.99684 4.4974 3.84039
1.37597 -3.00125 4.49016 3.83913
1.374 -3.0029 4.49561 3.84932
1.37166 -3.00167 4.51508 3.87257
1.36926 -2.99657 4.54966 3.90906
1.36766 -2.98778 4.59465 3.95235
1.36775 -2.97628 4.64113 3.99208
1.36958 -2.96568 4.67694 4.01748
1.37244 -2.95783 4.69686 4.02621
1.37549 -2.95395 4.69954 4.01957
1.37801 -2.95496 4.68648 4.00106
1.37939 -2.95951 4.66493 3.97869
1.37937 -2.9661 4.64263 3.95971
1.37822 -2.97285 4.62621 3.949
1.37645 -2.97768 4.62056 3.94927
1.3745 -2.97943 4.62756 3.96087
1.3727 -2.97851 4.64542 3.98135
1.37136 -2.97469 4.67244 4.00841
1.37072 -2.96908 4.70388 4.03728
1.37081 -2.96234 4.73598 4.06456
1.37135 -2.95589 4.76509 4.08794
1.37182 -2.9502 4.7912 4.10892
1.37192 -2.94575 4.81503 4.12905
1.37185 -2.94157 4.8382 4.14913
1.37208 -2.93701 4.85987 4.16703
1.37283 -2.93248 4.87706 4.17949
1.37399 -2.92909 4.88659 4.18413
1.37539 -2.92727 4.88713 4.1803
1.37699 -2.92794 4.87652 4.16638
1.37862 -2.93109 4.85506 4.14316
1.37987 -2.9363 4.82553 4.11423
1.38036 -2.94329 4.79182 4.08402
1.37994 -2.95135 4.75867 4.05701
1.37871 -2.95913 4.73114 4.03715
1.38202 -2.95723 4.71785 4.01615
1.38057 -2.96034 4.7092 4.013
1.38 -2.96108 4.70552 4.01153
1.38032 -2.9607 4.70189 4.00751
1.38087 -2.96093 4.69579 4.0007
1.38078 -2.96209 4.69016 3.99617
1.37957 -2.96345 4.69038 3.99987
1.37754 -2.96273 4.70228 4.01593
1.3755 -2.9592 4.72551 4.04174
1.37433 -2.95204 4.75699 4.07214
1.37448 -2.94311 4.78851 4.09867
1.37575 -2.93535 4.81178 4.11478
1.37753 -2.92913 4.82555 4.12122
1.37924 -2.92556 4.82919 4.11922
1.38036 -2.92425 4.8261 4.11325
1.38064 -2.92429 4.821 4.10806
1.3804 -2.92515 4.81589 4.10442
1.38029 -2.92603 4.8107 4.10033
1.38069 -2.9265 4.80393 4.09337
1.38159 -2.92716 4.79309 4.08148
1.38271 -2.92993 4.77482 4.06264
1.38363 -2.93391 4.75204 4.04054
1.38411 -2.93948 4.72614 4.01714
1.38409 -2.94593 4.7 3.99497
1.38353 -2.95209 4.67751 3.97747
1.38213 -2.95724 4.66303 3.96917
1.3798 -2.96066 4.66108 3.97422
1.37706 -2.96043 4.67535 3.99431
1.37478 -2.95635 4.70331 4.02488
1.37332 -2.94852 4.74145 4.06182
1.37252 -2.9388 4.78471 4.10128
1.37225 -2.92749 4.83083 4.1416
1.37264 -2.91578 4.87529 4.17853
1.37376 -2.90451 4.91404 4.20833
1.37555 -2.89529 4.94215 4.22689
1.37778 -2.88893 4.9571 4.23281
1.37998 -2.88555 4.95949 4.22812
1.38175 -2.88536 4.95094 4.2154
1.38308 -2.88837 4.93282 4.19594
1.38417 -2.89294 4.90832 4.17181
1.38523 -2.89927 4.87692 4.14196
1.38624 -2.90731 4.839 4.10676
1.38678 -2.91652 4.79779 4.07018
1.3861 -2.92694 4.75853 4.03886
1.38382 -2.93597 4.73158 4.02259
1.38068 -2.94148 4.72211 4.02367
1.37822 -2.94207 4.7278 4.03572
1.37772 -2.93885 4.73843 4.04626
1.37948 -2.93522 4.74071 4.04306
1.38266 -2.93407 4.72661 4.02174
1.39068 -2.93037 4.69965 3.97575
1.39201 -2.93919 4.65928 3.93784
1.39119 -2.94964 4.62334 3.90978
1.38887 -2.95849 4.60113 3.89747
1.38613 -2.96454 4.59431 3.89938
1.38361 -2.96596 4.60427 3.91496
1.38144 -2.96404 4.62741 3.94083
1.37967 -2.95888 4.66188 3.97527
1.37849 -2.95098 4.70425 4.01484
1.37813 -2.94146 4.74921 4.05428
1.37896 -2.93113 4.79051 4.08706
1.38127 -2.92204 4.81921 4.10468
1.38437 -2.91668 4.82937 4.10413
1.3867 -2.91643 4.82363 4.09236
1.38724 -2.91918 4.81287 4.08164
1.3863 -2.92228 4.80566 4.07828
1.38492 -2.92386 4.80472 4.08156
1.38406 -2.92377 4.80689 4.08594
1.38414 -2.92205 4.80831 4.0869
1.38487 -2.92066 4.80398 4.08108
1.38567 -2.92054 4.79307 4.06945
1.38628 -2.92136 4.77723 4.0542
1.38687 -2.92309 4.75661 4.03501
1.38776 -2.92577 4.72992 4.00979
1.38916 -2.92982 4.69498 3.97616
1.39072 -2.93633 4.65044 3.934
1.39168 -2.94519 4.60035 3.88896
1.39142 -2.95547 4.55164 3.84849
1.39013 -2.96518 4.51115 3.8178
1.38851 -2.97325 4.481 3.79671
1.387 -2.97881 4.46181 3.78456
1.38548 -2.98184 4.45401 3.78208
1.38376 -2.98252 4.45841 3.79054
1.38199 -2.98063 4.47517 3.80965
1.38059 -2.97589 4.50293 3.83716
1.37987 -2.96892 4.53795 3.86902
1.37982 -2.9614 4.57525 3.90099
1.37984 -2.95389 4.61445 3.93434
1.37904 -2.94661 4.65898 3.97462
1.37725 -2.93751 4.71527 4.02788
1.37553 -2.92556 4.78241 4.09032
1.37518 -2.91124 4.85237 4.15121
1.37646 -2.89614 4.91619 4.20191
1.3785 -2.88387 4.96628 4.23844
1.38043 -2.87443 5.00417 4.26481
1.38194 -2.86739 5.03209 4.28389
1.3829 -2.86318 5.05118 4.29717
1.38321 -2.86006 5.06654 4.30926
1.38315 -2.85757 5.07974 4.32068
1.38326 -2.85487 5.09075 4.32972
1.38899 -2.84465 5.1008 4.32035
1.39066 -2.84284 5.09648 4.31152
1.39322 -2.84358 5.07657 4.28678
1.3962 -2.84809 5.0388 4.24582
1.39885 -2.85716 4.98443 4.19205
1.40051 -2.87064 4.91848 4.13168
1.40083 -2.88706 4.84874 4.07216
1.39979 -2.90286 4.78614 4.02256
1.39752 -2.91777 4.7354 3.98639
1.3942 -2.92925 4.7042 3.96955
1.39031 -2.93551 4.69683 3.97444
1.38672 -2.93572 4.71233 3.99787
1.38459 -2.93033 4.74313 4.03018
1.3847 -2.9218 4.77641 4.05814
1.38667 -2.91352 4.80082 4.07308
1.38906 -2.90891 4.8115 4.07513
1.39045 -2.90726 4.81512 4.07412
1.39051 -2.90811 4.81727 4.07574
1.38979 -2.90914 4.82336 4.08303
1.38866 -2.90891 4.83636 4.09736
1.38713 -2.90684 4.85836 4.12055
1.38548 -2.90249 4.88974 4.1521
1.38444 -2.8955 4.92749 4.18728
1.38457 -2.88709 4.96441 4.21826
1.38579 -2.87902 4.99388 4.23958
1.38756 -2.8726 5.01254 4.24997
1.3895 -2.86865 5.01916 4.24965
1.39134 -2.86769 5.0138 4.2395
1.39277 -2.87008 4.99799 4.2218
1.39366 -2.87388 4.97737 4.20169
1.39435 -2.87958 4.95161 4.17787
1.3953 -2.88579 4.92196 4.15003
1.39642 -2.89347 4.8868 4.11708
1.39707 -2.90292 4.84858 4.08297
1.39658 -2.91393 4.81278 4.05426
1.39455 -2.92423 4.78898 4.04009
1.39101 -2.93103 4.78667 4.0484
1.38651 -2.93228 4.81143 4.08255
1.38195 -2.92699 4.86332 4.1402
1.37821 -2.9147 4.93863 4.21574
1.37568 -2.89713 5.02937 4.30108
1.37422 -2.87598 5.12889 4.39084
1.37367 -2.85188 5.23297 4.48175
1.37433 -2.82687 5.33324 4.56541
1.37685 -2.80339 5.4182 4.62965
1.38126 -2.78346 5.47802 4.66584
1.38625 -2.77042 5.50716 4.67375
1.38999 -2.76546 5.51064 4.66414
1.392 -2.76544 5.50008 4.64849
1.39327 -2.76839 5.4795 4.62687
1.39951 -2.76558 5.45435 4.58509
1.40054 -2.77268 5.41643 4.54986
1.4011 -2.78051 5.37534 4.51355
1.40149 -2.78924 5.33145 4.47546
1.40227 -2.79899 5.28287 4.43218
1.40331 -2.80993 5.22931 4.38401
1.40362 -2.82236 5.17471 4.33728
1.40235 -2.83548 5.12732 4.30145
1.39946 -2.84669 5.09713 4.28496
1.39558 -2.85289 5.09157 4.29218
1.39162 -2.85399 5.10954 4.31959
1.38827 -2.84871 5.14982 4.36416
1.38581 -2.83893 5.2054 4.41908
1.3844 -2.82504 5.27141 4.47968
1.3844 -2.80871 5.33913 4.53723
1.3863 -2.79241 5.39689 4.58003
1.39006 -2.77952 5.43251 4.59778
1.39477 -2.77213 5.44064 4.58911
1.39905 -2.7724 5.42133 4.55884
1.40171 -2.77849 5.3849 4.51961
1.40229 -2.78829 5.34264 4.48229
1.40127 -2.79943 5.30309 4.45235
1.39978 -2.80875 5.27135 4.43039
1.39888 -2.81596 5.24444 4.41062
1.39875 -2.82257 5.2171 4.38802
1.39871 -2.82802 5.19117 4.36635
1.398 -2.83372 5.16778 4.3489
1.39655 -2.83842 5.15156 4.33973
1.395 -2.84077 5.14424 4.33839
1.39406 -2.84097 5.14241 4.33978
1.39412 -2.8393 5.14189 4.33913
1.39513 -2.83782 5.13646 4.33142
1.39659 -2.83825 5.12262 4.31523
1.39784 -2.84131 5.10106 4.29321
1.39839 -2.8459 5.07689 4.27122
1.39814 -2.85125 5.05416 4.25283
1.39743 -2.85565 5.03689 4.24047
1.39658 -2.8592 5.02482 4.23289
1.3957 -2.86164 5.01828 4.23004
1.39471 -2.86281 5.01798 4.23279
1.39357 -2.86198 5.02545 4.24254
1.3924 -2.85985 5.03919 4.25773
1.39127 -2.85592 5.0594 4.27827
1.39028 -2.85068 5.08429 4.3024
1.38967 -2.84303 5.11366 4.32914
1.38994 -2.83499 5.14011 4.35068
1.3915 -2.82666 5.15846 4.36133
1.39431 -2.82156 5.15869 4.35272
1.39789 -2.82034 5.1384 4.32451
1.40151 -2.8246 5.09632 4.27801
1.40947 -2.82697 5.04038 4.20715
1.41109 -2.84153 4.96979 4.14348
1.41092 -2.85837 4.89979 4.08559
1.40904 -2.87462 4.84101 4.04197
1.40619 -2.8884 4.79862 4.01471
1.40347 -2.89779 4.77349 4.00142
1.40182 -2.90296 4.76003 3.99482
1.40166 -2.90585 4.74916 3.98617
1.40271 -2.90861 4.73343 3.96999
1.40411 -2.91264 4.71051 3.94683
1.40486 -2.91867 4.68268 3.92141
1.4045 -2.92593 4.65545 3.8996
1.40334 -2.93308 4.63318 3.88415
1.40201 -2.93799 4.619 3.87595
1.40086 -2.94117 4.61089 3.87231
1.3998 -2.94232 4.60934 3.87394
1.39852 -2.9423 4.61401 3.88143
1.397 -2.94005 4.62742 3.89695
1.39584 -2.93525 4.64778 3.91734
1.39592 -2.92865 4.66836 3.93444
1.39769 -2.92255 4.67924 3.93865
1.40066 -2.9192 4.6737 3.92563
1.40351 -2.92036 4.65167 3.89919
1.40455 -2.92582 4.62247 3.87185
1.40308 -2.93306 4.59992 3.85699
1.39999 -2.93774 4.59548 3.86178
1.39659 -2.93752 4.61201 3.88512
1.39396 -2.93217 4.64571 3.92087
1.39301 -2.92347 4.68671 3.95817
1.39413 -2.91282 4.72502 3.98733
1.39676 -2.90397 4.75016 4.001
1.39977 -2.89923 4.75875 3.99962
1.40239 -2.89845 4.75332 3.98758
1.40426 -2.90213 4.73594 3.9677
1.40504 -2.90863 4.71341 3.94665
1.40454 -2.91617 4.6931 3.93105
1.40298 -2.92321 4.68058 3.92491
1.4008 -2.92704 4.68156 3.93185
1.39847 -2.92794 4.69515 3.94982
1.39657 -2.92595 4.71886 3.97518
1.39569 -2.92062 4.74897 4.00306
1.39614 -2.91386 4.7774 4.02573
1.39765 -2.90803 4.79708 4.03795
1.39942 -2.90489 4.80543 4.03986
1.40048 -2.90403 4.80682 4.03795
1.40016 -2.90474 4.80777 4.03969
1.39853 -2.90512 4.81533 4.05074
1.39674 -2.90281 4.83196 4.06995
1.39621 -2.89799 4.8508 4.08736
1.39738 -2.89252 4.86257 4.09387
1.40436 -2.88136 4.86643 4.07675
1.40623 -2.88023 4.85475 4.06154
1.408 -2.88178 4.8321 4.03753
1.41032 -2.88602 4.79582 4.0006
1.41346 -2.89454 4.74051 3.94569
1.41648 -2.90725 4.66862 3.87757
1.41808 -2.92457 4.58674 3.80525
1.41772 -2.94415 4.50661 3.73973
1.41563 -2.96306 4.43887 3.68897
1.41227 -2.97857 4.39191 3.65861
1.40808 -2.98945 4.37014 3.65131
1.4035 -2.99452 4.37627 3.66837
1.39906 -2.99198 4.41182 3.70991
1.39539 -2.9829 4.47121 3.76973
1.39301 -2.96845 4.54695 3.84015
1.39208 -2.951 4.62953 3.91249
1.39251 -2.93212 4.71166 3.98069
1.39415 -2.91319 4.78689 4.03947
1.39666 -2.89697 4.84799 4.08368
1.39892 -2.88494 4.89489 4.11653
1.3997 -2.87575 4.93665 4.14933
1.39888 -2.86782 4.98122 4.18926
1.39723 -2.85863 5.03404 4.23868
1.39569 -2.84646 5.09602 4.29561
1.39513 -2.8318 5.16162 4.35264
1.3962 -2.81678 5.22083 4.39919
1.39887 -2.80327 5.26531 4.42821
1.40224 -2.79437 5.28891 4.43737
1.40498 -2.79019 5.29555 4.43427
1.40628 -2.7903 5.29172 4.42697
1.40637 -2.7918 5.28567 4.42162
1.40612 -2.794 5.27816 4.41612
1.40628 -2.79588 5.26832 4.4074
1.40708 -2.79779 5.25314 4.39218
1.40838 -2.80071 5.22978 4.36861
1.40999 -2.8061 5.19538 4.33495
1.41163 -2.81349 5.15133 4.29319
1.41278 -2.8235 5.09938 4.24642
1.41284 -2.83502 5.04646 4.20218
1.41159 -2.84716 4.9991 4.16644
1.40946 -2.85716 4.96453 4.14388
1.40722 -2.86348 4.94478 4.13396
1.40535 -2.86682 4.93699 4.13294
1.40387 -2.86795 4.93858 4.13864
1.40264 -2.86604 4.95019 4.152
1.40164 -2.86241 4.96849 4.17032
1.40089 -2.85713 4.99178 4.1921
1.40049 -2.85125 5.01646 4.21404
1.40074 -2.84432 5.04005 4.2331
1.40207 -2.83807 5.05506 4.24167
1.40919 -2.82594 5.0619 4.22596
1.41125 -2.82488 5.05044 4.21024
1.41251 -2.82659 5.03032 4.1897
1.41233 -2.8308 5.00805 4.17171
1.41045 -2.83425 4.99544 4.16674
1.40761 -2.83468 4.99864 4.17781
1.40543 -2.83092 5.01519 4.19815
1.40549 -2.82384 5.03414 4.21384
1.40808 -2.8171 5.04098 4.21182
1.41181 -2.81423 5.02858 4.19036
1.41491 -2.81768 4.99799 4.15573
1.41652 -2.8255 4.95887 4.11852
1.41661 -2.83548 4.91988 4.08589
1.41552 -2.84526 4.88821 4.0627
1.41391 -2.85351 4.86674 4.04947
1.41265 -2.85899 4.85494 4.04324
1.41244 -2.86249 4.84689 4.03716
1.41317 -2.86611 4.83596 4.02596
1.41403 -2.87103 4.82098 4.01106
1.41415 -2.87683 4.8061 3.99833
1.41319 -2.88322 4.79557 3.99226
1.41125 -2.88802 4.79568 3.99784
1.40882 -2.88977 4.80931 4.01612
1.40693 -2.88774 4.83396 4.04215
1.40675 -2.88266 4.86061 4.06494
1.40872 -2.87786 4.87584 4.07199
1.41175 -2.87647 4.87252 4.06048
1.41392 -2.8793 4.85515 4.0398
1.414 -2.88545 4.83382 4.02182
1.41233 -2.89171 4.81885 4.0141
1.41029 -2.89474 4.81461 4.01637
1.40925 -2.89483 4.81503 4.01967
1.40982 -2.8938 4.81084 4.01455
1.41164 -2.89358 4.79556 3.99664
1.41383 -2.89614 4.76651 3.96629
1.41559 -2.90213 4.72587 3.9276
1.41644 -2.91044 4.67981 3.88696
1.41623 -2.92005 4.63452 3.84992
1.41511 -2.92953 4.59584 3.82083
1.41354 -2.93726 4.56793 3.80183
1.4119 -2.94295 4.55141 3.79248
1.4099 -2.94574 4.54972 3.79644
1.40678 -2.9455 4.56806 3.82021
1.4023 -2.94081 4.61336 3.87041
1.39756 -2.92921 4.68848 3.94679
1.39426 -2.91025 4.78598 4.03839
1.39337 -2.88607 4.89234 4.13077
1.39465 -2.8609 4.9932 4.21207
1.39729 -2.83805 5.07928 4.27657
1.40036 -2.81915 5.14742 4.32444
1.40809 -2.79712 5.20308 4.34723
1.41006 -2.78643 5.24131 4.37304
1.41113 -2.77913 5.27001 4.39366
1.41159 -2.77362 5.29317 4.41151
1.41222 -2.76851 5.3113 4.42465
1.41368 -2.76411 5.32016 4.42745
1.41602 -2.76263 5.31345 4.41455
1.41846 -2.76428 5.29221 4.38935
1.41995 -2.76944 5.26114 4.35902
1.41997 -2.77689 5.22826 4.33172
1.41885 -2.78474 5.20016 4.31183
1.41737 -2.79039 5.18129 4.30068
1.41609 -2.7937 5.1702 4.29534
1.41518 -2.79521 5.1644 4.29328
1.41461 -2.79556 5.16155 4.29265
1.41457 -2.79526 5.15857 4.29029
1.41555 -2.79494 5.15019 4.28035
1.41767 -2.79556 5.1309 4.25793
1.42014 -2.79936 5.09739 4.22279
1.42193 -2.80701 5.05279 4.18056
1.42257 -2.81732 5.00394 4.13829
1.42171 -2.8285 4.95945 4.10396
1.41913 -2.83871 4.92851 4.08578
1.41541 -2.84495 4.91887 4.08849
1.41202 -2.84558 4.92975 4.10739
1.41038 -2.84059 4.95301 4.13156
1.41096 -2.83331 4.97497 4.14817
1.41307 -2.82734 4.98567 4.1509
1.4156 -2.82456 4.98233 4.1407
1.41794 -2.82573 4.96515 4.1196
1.41982 -2.83052 4.93656 4.09046
1.42097 -2.83833 4.90046 4.05725
1.42149 -2.84771 4.8614 4.02345
1.42176 -2.85721 4.82216 3.99022
1.4217 -2.86725 4.78342 3.95832
1.42071 -2.87794 4.74912 3.93269
1.41868 -2.88674 4.72708 3.92003
1.41636 -2.89233 4.71902 3.91974
1.41451 -2.89403 4.72305 3.92822
1.41322 -2.89332 4.73441 3.94127
1.4121 -2.89058 4.75228 3.95929
1.41092 -2.88642 4.77594 3.98234
1.40993 -2.87979 4.80604 4.01026
1.40962 -2.87191 4.83733 4.03725
1.41033 -2.86363 4.86457 4.05792
1.41198 -2.85692 4.88161 4.06738
1.4142 -2.8525 4.88617 4.06481
1.41659 -2.85152 4.8765 4.0499
1.41893 -2.85427 4.85288 4.02364
1.42089 -2.86025 4.81808 3.98929
1.4268 -2.86183 4.78126 3.94239
1.42618 -2.87174 4.74379 3.91321
1.42437 -2.88132 4.71525 3.89459
1.42226 -2.88796 4.69969 3.88752
1.4206 -2.89123 4.69522 3.88836
1.41969 -2.8918 4.69786 3.89303
1.41942 -2.89132 4.70295 3.898
1.4195 -2.89062 4.70836 3.90226
1.41968 -2.88952 4.71451 3.90686
1.41977 -2.88928 4.71984 3.91103
1.41956 -2.88873 4.72756 3.918
1.41884 -2.88773 4.73978 3.93013
1.41762 -2.88607 4.75828 3.94885
1.41643 -2.88244 4.78412 3.97364
1.41603 -2.87684 4.81327 3.99899
1.41671 -2.87086 4.8389 4.01834
1.418 -2.86559 4.85803 4.03056
1.41912 -2.86271 4.86977 4.03709
1.41957 -2.86149 4.87866 4.04321
1.41909 -2.86072 4.89033 4.05423
1.41763 -2.85943 4.90996 4.0747
1.41528 -2.85576 4.94365 4.10949
1.4122 -2.8489 4.99475 4.16102
1.40879 -2.83667 5.06716 4.23155
1.40574 -2.81974 5.15697 4.31589
1.40388 -2.79826 5.258 4.40629
1.40397 -2.77351 5.35971 4.49121
1.40662 -2.74908 5.44605 4.55497
1.41187 -2.72931 5.5005 4.58342
1.41857 -2.71703 5.51488 4.5737
1.42467 -2.71507 5.48948 4.53313
1.429 -2.72202 5.43457 4.47418
1.432 -2.73525 5.35864 4.40242
1.43435 -2.75336 5.26575 4.31903
1.43557 -2.77468 5.16397 4.23195
1.43463 -2.79839 5.06438 4.15306
1.43146 -2.82036 4.98198 4.09454
1.42739 -2.83724 4.9238 4.05825
1.42449 -2.84792 4.88516 4.0346
1.42424 -2.85421 4.85253 4.00834
1.42602 -2.86039 4.81346 3.97112
1.42747 -2.87002 4.76699 3.92879
1.42675 -2.88093 4.72667 3.89751
1.42396 -2.89163 4.70128 3.88417
1.42061 -2.89751 4.69765 3.89035
1.41817 -2.89872 4.70994 3.90722
1.41708 -2.89613 4.73155 3.92816
1.41668 -2.89159 4.7582 3.9514
1.41598 -2.88684 4.78943 3.97931
1.41439 -2.88128 4.82985 4.01741
1.41696 -2.86548 4.88938 4.05955
1.4143 -2.85333 4.96075 4.12654
1.41211 -2.83751 5.04481 4.20297
1.41075 -2.81795 5.13798 4.28475
1.4104 -2.79654 5.2331 4.36514
1.41162 -2.77454 5.32165 4.43516
1.41477 -2.75438 5.39221 4.48396
1.41893 -2.73913 5.43753 4.5084
1.42269 -2.72958 5.45971 4.51484
1.4255 -2.72603 5.4621 4.50788
1.42761 -2.72661 5.44984 4.49113
1.42937 -2.73032 5.42546 4.46553
1.43082 -2.73686 5.39087 4.43255
1.43162 -2.74563 5.35037 4.39679
1.43147 -2.75589 5.30931 4.36353
1.43042 -2.7651 5.27514 4.33862
1.42877 -2.77349 5.24904 4.32215
1.42683 -2.77944 5.23415 4.31575
1.42516 -2.78174 5.23058 4.31784
1.42464 -2.7821 5.23008 4.31901
1.42593 -2.78125 5.22436 4.3104
1.42879 -2.78343 5.20138 4.28285
1.43212 -2.78954 5.15993 4.23882
1.4346 -2.80052 5.10338 4.18512
1.43538 -2.81509 5.04078 4.13155
1.43443 -2.83037 4.98262 4.08657
1.43249 -2.84411 4.93485 4.05288
1.43055 -2.85511 4.89792 4.02799
1.42924 -2.86321 4.86932 4.00814
1.42835 -2.86971 4.84609 3.99151
1.42716 -2.87462 4.83054 3.98201
1.42527 -2.87757 4.82639 3.98388
1.423 -2.87795 4.83532 3.99761
1.42116 -2.87499 4.8559 4.01983
1.42036 -2.86888 4.88345 4.04492
1.4206 -2.86189 4.91064 4.06674
1.42139 -2.85542 4.93409 4.08389
1.42201 -2.85004 4.95434 4.09888
1.4219 -2.84574 4.97432 4.11573
1.42095 -2.84127 4.99862 4.1386
1.41962 -2.83554 5.02912 4.16773
1.41887 -2.82763 5.06366 4.19858
1.41953 -2.81852 5.09445 4.22215
1.42171 -2.81031 5.11282 4.23088
1.42476 -2.80537 5.11323 4.22215
1.42776 -2.80501 5.0955 4.19868
1.42987 -2.80934 5.06412 4.16665
1.43083 -2.81644 5.02703 4.13339
1.43085 -2.8253 4.98899 4.10203
1.4301 -2.83399 4.95592 4.07697
1.43348 -2.83432 4.93655 4.05147
1.43106 -2.83955 4.92784 4.05116
1.42824 -2.841 4.93658 4.06635
1.42558 -2.83826 4.96179 4.09476
1.42386 -2.83185 4.99801 4.12963
1.424 -2.82263 5.03602 4.16062
1.42633 -2.81306 5.0639 4.17681
1.42974 -2.8077 5.07229 4.17377
1.43248 -2.80705 5.06545 4.16018
1.4336 -2.81109 5.05018 4.14439
1.43293 -2.81654 5.03798 4.1363
1.43074 -2.82121 5.03694 4.14178
1.42783 -2.82196 5.05329 4.16369
1.42537 -2.81871 5.08364 4.19594
1.42416 -2.81157 5.12221 4.23135
1.42406 -2.80292 5.16145 4.26407
1.42407 -2.79438 5.19963 4.29557
1.42352 -2.78577 5.23976 4.33039
1.42288 -2.77596 5.28307 4.36818
1.42335 -2.76492 5.32389 4.40047
1.42578 -2.75477 5.35083 4.4152
1.42956 -2.74873 5.35501 4.40695
1.433 -2.74852 5.33759 4.38206
1.43519 -2.75273 5.30671 4.35006
1.43642 -2.76057 5.26646 4.31338
1.43684 -2.7706 5.22176 4.27553
1.43627 -2.78102 5.17942 4.24253
1.43514 -2.7904 5.14322 4.2162
1.43425 -2.79779 5.11288 4.19392
1.43382 -2.80409 5.08517 4.17245
1.43324 -2.80996 5.0606 4.15396
1.43179 -2.81504 5.04378 4.14435
1.42944 -2.8177 5.04036 4.14836
1.42703 -2.8167 5.05097 4.1641
1.4259 -2.8118 5.06967 4.18285
1.42705 -2.80547 5.08318 4.1906
1.43031 -2.80097 5.07941 4.17795
1.43399 -2.80158 5.05426 4.1466
1.43609 -2.80753 5.01576 4.10901
1.43597 -2.81682 4.97553 4.07638
1.43436 -2.82559 4.94374 4.05489
1.43204 -2.8321 4.92437 4.04553
1.42945 -2.83517 4.91974 4.04906
1.42724 -2.83458 4.92805 4.06217
1.4264 -2.8304 4.9432 4.07705
1.42731 -2.82492 4.9551 4.08427
1.42912 -2.82103 4.95728 4.08089
1.43065 -2.82011 4.95029 4.07079
1.43161 -2.82111 4.93799 4.05795
1.4326 -2.8233 4.92041 4.0407
1.43902 -2.81976 4.89868 4.00492
1.44062 -2.82533 4.86429 3.97239
1.44197 -2.83378 4.82091 3.93327
1.44285 -2.84398 4.77249 3.89141
1.44328 -2.85561 4.72109 3.84833
1.44329 -2.86832 4.66887 3.80574
1.44274 -2.88073 4.62046 3.76771
1.4414 -2.89194 4.5806 3.73868
1.43919 -2.90152 4.55321 3.72204
1.43637 -2.90814 4.54221 3.72035
1.43332 -2.91027 4.55037 3.73494
1.43029 -2.90781 4.57737 3.76507
1.42752 -2.90065 4.6219 3.80908
1.42557 -2.88941 4.679 3.8614
1.42503 -2.8751 4.74095 3.91401
1.42594 -2.85975 4.79904 3.95944
1.42784 -2.84599 4.84599 3.99287
1.43024 -2.83542 4.87787 4.0124
1.43281 -2.82871 4.89329 4.01786
1.43517 -2.82574 4.89357 4.01147
1.43694 -2.82626 4.88173 3.99685
1.43801 -2.82907 4.86231 3.97798
1.43867 -2.83366 4.83726 3.95567
1.43924 -2.83911 4.80813 3.93028
1.43967 -2.84567 4.77536 3.90232
1.43959 -2.85287 4.74246 3.87567
1.43881 -2.8599 4.71378 3.85432
1.43771 -2.8656 4.69209 3.83951
1.43692 -2.8694 4.67682 3.82913
1.43662 -2.87198 4.6653 3.82048
1.43636 -2.8742 4.65707 3.81445
1.43535 -2.87612 4.65585 3.81612
1.43311 -2.87716 4.66742 3.8316
1.42977 -2.87409 4.7004 3.86767
1.42616 -2.86611 4.75553 3.92295
1.42331 -2.85297 4.82871 3.99129
1.42188 -2.83522 4.91308 4.0651
1.42179 -2.81512 5.00032 4.13754
1.42257 -2.79551 5.08333 4.20393
1.42386 -2.77704 5.15962 4.26316
1.42545 -2.76018 5.2273 4.31426
1.42736 -2.74621 5.28284 4.35427
1.42979 -2.73484 5.32443 4.3811
1.43274 -2.727 5.34855 4.39188
1.43575 -2.72317 5.35483 4.38782
1.43823 -2.72412 5.34468 4.37195
1.43999 -2.72903 5.3223 4.34833
1.44112 -2.73673 5.29175 4.31998
1.44147 -2.7463 5.25766 4.2911
1.44065 -2.75605 5.22762 4.26899
1.44357 -2.75721 5.21273 4.24824
1.44075 -2.76261 5.20987 4.25421
1.43811 -2.76391 5.2228 4.27261
1.43626 -2.76075 5.24859 4.29922
1.43562 -2.7547 5.28 4.32689
1.43648 -2.74845 5.30705 4.34645
1.4387 -2.7431 5.32344 4.35314
1.4414 -2.74115 5.3246 4.34593
1.44342 -2.74347 5.31279 4.33023
1.44407 -2.74893 5.2952 4.31396
1.44324 -2.75573 5.27941 4.30357
1.44132 -2.76055 5.2736 4.30454
1.43908 -2.76257 5.27864 4.31536
1.4375 -2.76119 5.29155 4.33067
1.43754 -2.75717 5.30407 4.3408
1.43969 -2.75318 5.30407 4.33432
1.44337 -2.75276 5.28174 4.30508
1.44686 -2.75788 5.23752 4.25874
1.44841 -2.76822 5.18152 4.20869
1.44754 -2.78119 5.12716 4.16704
1.4452 -2.79269 5.08487 4.13934
1.44289 -2.80018 5.05675 4.12305
1.44154 -2.80405 5.03778 4.11145
1.44115 -2.80676 5.02081 4.09869
1.4414 -2.80811 5.00485 4.08495
1.44211 -2.80995 4.98558 4.06724
1.44306 -2.81287 4.9616 4.04499
1.44392 -2.81739 4.93309 4.01935
1.44437 -2.82357 4.90201 3.99279
1.44421 -2.82999 4.87332 3.96988
1.44312 -2.83634 4.85123 3.95486
1.4409 -2.84122 4.84225 3.95362
1.43791 -2.84282 4.85139 3.96932
1.4348 -2.83943 4.88081 4.00205
1.4321 -2.83192 4.92658 4.04719
1.43025 -2.81909 4.98698 4.10211
1.42955 -2.80431 5.05169 4.15737
1.4299 -2.78848 5.11549 4.20883
1.43086 -2.77359 5.17326 4.25353
1.43202 -2.75997 5.22392 4.2917
1.43328 -2.74873 5.26486 4.32151
1.43469 -2.73907 5.29641 4.34316
1.43636 -2.73107 5.31702 4.35497
1.43866 -2.72513 5.3232 4.35307
1.44184 -2.72373 5.30742 4.3306
1.44549 -2.72674 5.26914 4.28851
1.44877 -2.73507 5.20981 4.23062
1.45107 -2.7483 5.1348 4.16309
1.4521 -2.76513 5.05162 4.09276
1.45165 -2.78395 4.96881 4.0269
1.45469 -2.79415 4.90165 3.96417
1.45153 -2.80881 4.849 3.93014
1.4479 -2.81795 4.82012 3.91652
1.44459 -2.82234 4.81187 3.91877
1.44219 -2.82126 4.82187 3.93344
1.44094 -2.81733 4.84185 3.95319
1.44045 -2.81121 4.86882 3.97656
1.43999 -2.80408 4.90176 4.00474
1.43927 -2.79654 4.94064 4.03853
1.43866 -2.78768 4.98553 4.07695
1.43858 -2.77861 5.03166 4.1149
1.43903 -2.76888 5.07764 4.15119
1.43958 -2.75957 5.12166 4.18558
1.43964 -2.75134 5.1648 4.22066
1.43912 -2.74358 5.20983 4.259
1.43857 -2.73461 5.25842 4.30037
1.43868 -2.72447 5.30701 4.33976
1.43983 -2.71501 5.34843 4.37016
1.44177 -2.70701 5.37909 4.38928
1.44374 -2.70274 5.39625 4.39729
1.44491 -2.70093 5.40597 4.40162
1.44518 -2.70102 5.41229 4.40597
1.44517 -2.70131 5.41801 4.41063
1.44558 -2.70143 5.4214 4.41215
1.44636 -2.70228 5.41987 4.40852
1.44685 -2.70437 5.41463 4.40277
1.44654 -2.70685 5.41045 4.40031
1.44564 -2.70927 5.40946 4.40225
1.44485 -2.71064 5.41155 4.40636
1.4449 -2.71037 5.41361 4.40787
1.44612 -2.71021 5.40834 4.39988
1.44802 -2.71174 5.39151 4.38042
1.44952 -2.71606 5.36443 4.35393
1.4498 -2.72343 5.33192 4.3267
1.44904 -2.73009 5.30346 4.30585
1.44794 -2.73563 5.27975 4.28986
1.44702 -2.74041 5.25896 4.27568
1.44638 -2.74365 5.24156 4.26342
1.44589 -2.74551 5.22718 4.25317
1.4455 -2.74712 5.21379 4.24343
1.44542 -2.74781 5.20124 4.23344
1.44611 -2.7487 5.18453 4.21782
1.44793 -2.75007 5.15908 4.19185
1.45064 -2.75453 5.11821 4.15088
1.45325 -2.76299 5.0625 4.09831
1.45459 -2.77551 4.99823 4.04257
1.45398 -2.79018 4.93615 3.99402
1.45172 -2.80372 4.88671 3.96016
1.44887 -2.81407 4.85369 3.94114
1.4467 -2.81949 4.83584 3.93254
1.45099 -2.81447 4.82818 3.91471
1.4515 -2.81599 4.81531 3.9029
1.45221 -2.81803 4.80016 3.88874
1.45216 -2.82106 4.78591 3.87733
1.4513 -2.82416 4.77691 3.87231
1.45012 -2.82607 4.77559 3.87441
1.44861 -2.82693 4.78287 3.88436
1.44657 -2.82456 4.80465 3.90755
1.44457 -2.81913 4.83952 3.94134
1.44352 -2.81088 4.88235 3.97913
1.44347 -2.80105 4.9273 4.01589
1.44363 -2.79115 4.97202 4.05188
1.44358 -2.78188 5.01622 4.08806
1.44374 -2.77211 5.05978 4.1231
1.44458 -2.7621 5.09889 4.15256
1.44631 -2.75397 5.12662 4.17014
1.44898 -2.74805 5.13927 4.17272
1.45204 -2.7464 5.1332 4.159
1.45456 -2.74975 5.11094 4.13381
1.45604 -2.75663 5.07955 4.10425
1.4563 -2.76587 5.04563 4.07612
1.45526 -2.77512 5.01792 4.05663
1.45322 -2.78298 5.0019 4.04934
1.45067 -2.78777 5.0015 4.05615
1.44784 -2.78912 5.01777 4.07728
1.4449 -2.78549 5.05334 4.11456
1.44218 -2.77797 5.1047 4.1642
1.44027 -2.76627 5.16832 4.22169
1.4394 -2.75122 5.23854 4.28162
1.43934 -2.73521 5.30874 4.33921
1.44004 -2.71896 5.37503 4.39123
1.44208 -2.70354 5.43015 4.43001
1.44566 -2.69176 5.4637 4.44634
1.44993 -2.68486 5.47263 4.44049
1.45349 -2.68473 5.45817 4.4179
1.4555 -2.68967 5.42955 4.38866
1.45604 -2.69794 5.39451 4.35873
1.45568 -2.70706 5.35948 4.3315
1.45503 -2.7158 5.32695 4.30714
1.45428 -2.72329 5.29885 4.28662
1.45312 -2.73012 5.27635 4.27182
1.4514 -2.735 5.26396 4.26685
1.44966 -2.73723 5.26201 4.27038
1.44871 -2.73652 5.26714 4.27734
1.44872 -2.73443 5.27339 4.2824
1.4492 -2.73254 5.27736 4.28419
1.4497 -2.73149 5.27872 4.28382
1.45009 -2.73094 5.27848 4.28248
1.45044 -2.73127 5.27586 4.27934
1.45091 -2.73184 5.27108 4.27406
1.45676 -2.72559 5.26603 4.25281
1.45821 -2.7283 5.2485 4.23445
1.46006 -2.73346 5.22014 4.20622
1.46149 -2.74119 5.18365 4.17273
1.46158 -2.75129 5.14539 4.14169
1.45998 -2.76141 5.11544 4.12208
1.45708 -2.76945 5.10103 4.11865
1.45363 -2.77301 5.1066 4.13294
1.45052 -2.77121 5.13084 4.16145
1.44859 -2.76438 5.16771 4.19695
1.4484 -2.75426 5.20747 4.22979
1.45016 -2.74418 5.23768 4.24916
1.45349 -2.73675 5.24941 4.24893
1.45707 -2.73433 5.24004 4.23091
1.45941 -2.73749 5.21528 4.20419
1.46016 -2.74394 5.18485 4.17751
1.46 -2.75244 5.15281 4.15216
1.45947 -2.76021 5.12434 4.1307
1.45862 -2.7669 5.1012 4.11444
1.45731 -2.77221 5.08566 4.10561
1.45546 -2.77546 5.08064 4.10677
1.45331 -2.77627 5.08717 4.11812
1.45162 -2.77359 5.10408 4.13663
1.45108 -2.76836 5.12457 4.15476
1.45153 -2.76254 5.14225 4.1678
1.45207 -2.75728 5.15623 4.17758
1.45222 -2.75243 5.1688 4.18734
1.45243 -2.7481 5.17871 4.19478
1.45349 -2.74388 5.18262 4.19486
1.45571 -2.74153 5.17356 4.18116
1.45853 -2.7431 5.14727 4.15185
1.46095 -2.7485 5.10725 4.11276
1.46218 -2.75752 5.05935 4.07076
1.46199 -2.76838 5.01178 4.033
1.46047 -2.77848 4.97335 4.00624
1.45802 -2.78644 4.94893 3.99326
1.45549 -2.79039 4.94064 3.99352
1.45372 -2.79097 4.94358 4.00076
1.45317 -2.78888 4.95184 4.00895
1.45368 -2.7861 4.95886 4.01324
1.45432 -2.78419 4.96294 4.01478
1.45412 -2.78359 4.96742 4.01894
1.4531 -2.7822 4.97828 4.03056
1.45224 -2.7793 4.9943 4.04591
1.45263 -2.7747 5.00994 4.05749
1.45445 -2.77102 5.01587 4.0572
1.45689 -2.77023 5.00835 4.04436
1.45892 -2.77333 4.98897 4.02308
1.46005 -2.77936 4.96341 3.9994
1.46001 -2.78763 4.93712 3.97831
1.46359 -2.7886 4.9228 3.95708
1.46094 -2.79365 4.92172 3.96339
1.45796 -2.79464 4.9385 3.98501
1.45596 -2.79131 4.96804 4.01436
1.4559 -2.78491 5.00009 4.04043
1.45776 -2.77857 5.02294 4.05372
1.46041 -2.77549 5.03034 4.05233
1.46233 -2.77631 5.02593 4.04345
1.4629 -2.77973 5.01726 4.03491
1.46274 -2.7844 5.00795 4.02787
1.46261 -2.78879 4.99924 4.02121
1.46246 -2.79233 4.99238 4.01611
1.46168 -2.79627 4.98832 4.01499
1.46005 -2.79901 4.99287 4.02312
1.45796 -2.79869 5.00993 4.04267
1.45601 -2.79576 5.03711 4.07005
1.45476 -2.7896 5.07225 4.10194
1.45455 -2.78145 5.10928 4.1325
1.45533 -2.77343 5.14141 4.15625
1.45676 -2.76617 5.16617 4.17218
1.45831 -2.76131 5.18119 4.17985
1.45933 -2.75878 5.18925 4.18342
1.4592 -2.75799 5.196 4.18925
1.45806 -2.75666 5.20812 4.2023
1.457 -2.75411 5.22446 4.21854
1.45707 -2.74923 5.24144 4.23206
1.45845 -2.74538 5.24885 4.23403
1.46056 -2.7433 5.24424 4.22419
1.46248 -2.74417 5.22791 4.20551
1.4634 -2.74816 5.20441 4.18397
1.46305 -2.75311 5.18207 4.16701
1.46193 -2.75732 5.16554 4.1569
1.46098 -2.76021 5.15368 4.15005
1.46084 -2.76157 5.1432 4.14202
1.46143 -2.76259 5.12982 4.12957
1.4624 -2.76443 5.11107 4.11175
1.46353 -2.76797 5.08556 4.08808
1.46468 -2.77337 5.05349 4.05911
1.46547 -2.78041 5.01734 4.02788
1.46522 -2.78842 4.98324 4.0012
1.46334 -2.79657 4.9591 3.98694
1.45998 -2.80164 4.95501 3.99281
1.45608 -2.80172 4.97434 4.01912
1.45284 -2.79574 5.01455 4.06064
1.45118 -2.78537 5.06573 4.10678
1.45143 -2.77189 5.11853 4.14888
1.45333 -2.75853 5.16203 4.17866
1.45635 -2.74838 5.18786 4.19086
1.45983 -2.74288 5.19281 4.18485
1.4629 -2.74295 5.17796 4.16414
1.46949 -2.73961 5.15671 4.12846
1.46905 -2.74676 5.13003 4.10833
1.46702 -2.75305 5.11327 4.10057
1.46429 -2.75628 5.11105 4.10642
1.4616 -2.75517 5.12439 4.12473
1.45935 -2.74952 5.15146 4.1529
1.45804 -2.74122 5.18525 4.18389
1.45834 -2.73079 5.21855 4.2099
1.46061 -2.72084 5.24001 4.22065
1.46421 -2.71465 5.24099 4.21104
1.46756 -2.71389 5.22236 4.1865
1.46933 -2.71805 5.19264 4.15766
1.46948 -2.72444 5.16205 4.13275
1.46883 -2.7306 5.13636 4.11401
1.46806 -2.73605 5.11602 4.09987
1.4673 -2.74084 5.10097 4.08992
1.46642 -2.74483 5.09224 4.08537
1.46526 -2.74701 5.09262 4.08891
1.46355 -2.74711 5.10456 4.10329
1.46095 -2.74516 5.13102 4.13191
1.4577 -2.73897 5.17686 4.17811
1.45497 -2.72798 5.2388 4.23602
1.4541 -2.71296 5.30675 4.29354
1.45563 -2.69618 5.36793 4.33848
1.4591 -2.68213 5.40902 4.36128
1.46335 -2.67332 5.42525 4.36167
1.46687 -2.67126 5.41908 4.34625
1.46855 -2.6739 5.40216 4.32774
1.46826 -2.67894 5.38526 4.31504
1.46677 -2.68397 5.37542 4.31152
1.46497 -2.68686 5.37604 4.31733
1.46339 -2.68695 5.38672 4.33057
1.46236 -2.68456 5.40453 4.34794
1.46232 -2.68054 5.42399 4.36373
1.4636 -2.67637 5.43731 4.3706
1.46594 -2.67414 5.43754 4.36383
1.46845 -2.67602 5.42152 4.34354
1.4702 -2.68132 5.39406 4.31637
1.47079 -2.68922 5.36096 4.28818
1.47052 -2.69803 5.32747 4.26217
1.47007 -2.70614 5.29611 4.23839
1.4698 -2.71381 5.26561 4.21474
1.46973 -2.72087 5.23628 4.19148
1.46968 -2.72744 5.20857 4.16944
1.46919 -2.73423 5.18379 4.15097
1.46758 -2.74073 5.16785 4.14276
1.46456 -2.74447 5.16993 4.15296
1.46075 -2.74435 5.19322 4.18255
1.45752 -2.73782 5.23769 4.22771
1.45622 -2.72618 5.29228 4.2756
1.46149 -2.7058 5.34975 4.30644
1.46189 -2.69267 5.40155 4.34695
1.46213 -2.68066 5.45025 4.38541
1.46277 -2.66837 5.49559 4.41995
1.46381 -2.6579 5.53263 4.44659
1.4649 -2.64881 5.5627 4.46744
1.46609 -2.64079 5.58618 4.48267
1.46779 -2.63485 5.59932 4.488
1.4701 -2.63122 5.59995 4.48145
1.47234 -2.6315 5.58707 4.46434
1.47364 -2.63486 5.56682 4.44423
1.47376 -2.64034 5.54516 4.42656
1.47312 -2.64632 5.52671 4.41376
1.47219 -2.65116 5.51438 4.40671
1.47103 -2.65468 5.50904 4.4059
1.46949 -2.65614 5.51342 4.41405
1.46778 -2.65477 5.52885 4.43153
1.46658 -2.65159 5.55076 4.45276
1.46628 -2.6461 5.57623 4.47409
1.46657 -2.64059 5.59993 4.49223
1.46665 -2.63559 5.6228 4.51033
1.46632 -2.63054 5.64729 4.53097
1.46625 -2.62459 5.67274 4.55162
1.46705 -2.61954 5.69206 4.56463
1.4688 -2.61503 5.70259 4.56764
1.47113 -2.61335 5.69905 4.55755
1.47345 -2.61536 5.68095 4.53595
1.47498 -2.62063 5.6528 4.50878
1.47527 -2.62775 5.62167 4.48308
1.47462 -2.63551 5.5922 4.46152
1.47377 -2.64188 5.56723 4.44416
1.47305 -2.64746 5.54477 4.42841
1.47249 -2.65216 5.52456 4.41395
1.47217 -2.6558 5.50604 4.40011
1.472 -2.65921 5.4876 4.38588
1.47184 -2.66257 5.46929 4.37172
1.47176 -2.66551 5.4514 4.35764
1.47188 -2.66813 5.43308 4.34264
1.47207 -2.67074 5.41386 4.32672
1.47212 -2.67376 5.39404 4.31073
1.47204 -2.67733 5.37396 4.29492
1.4721 -2.68022 5.35505 4.27964
1.47248 -2.68353 5.33433 4.26198
1.47302 -2.68726 5.31167 4.24232
1.47336 -2.69197 5.28742 4.22197
1.47324 -2.69688 5.26484 4.20429
1.47257 -2.70194 5.24598 4.19113
1.47144 -2.70597 5.23428 4.185
1.47002 -2.70818 5.23173 4.18701
1.46848 -2.70845 5.23873 4.19701
1.47191 -2.69854 5.26073 4.20482
1.47057 -2.69385 5.28728 4.22988
1.46979 -2.68692 5.31997 4.25829
1.46961 -2.67924 5.35401 4.28605
1.46991 -2.67149 5.38657 4.31124
1.47041 -2.66384 5.4168 4.33396
1.47036 -2.65697 5.44607 4.35753
1.46887 -2.65003 5.4816 4.39041
1.46618 -2.64072 5.53038 4.43762
1.46415 -2.62719 5.58996 4.49162
1.46503 -2.61059 5.64518 4.53327
1.46954 -2.59551 5.6754 4.54357
1.47616 -2.5871 5.66778 4.51711
1.4823 -2.589 5.62239 4.46237
1.48601 -2.60053 5.55187 4.39539
1.48692 -2.6176 5.47333 4.33056
1.48577 -2.6357 5.40029 4.27609
1.48341 -2.65177 5.34077 4.23568
1.48036 -2.66432 5.29899 4.21121
1.47704 -2.67227 5.27713 4.20327
1.47407 -2.67527 5.27346 4.20881
1.47221 -2.6739 5.28202 4.22097
1.47217 -2.66966 5.29311 4.22992
1.47449 -2.66506 5.29409 4.22405
1.47868 -2.66394 5.27339 4.19561
1.48266 -2.66966 5.22966 4.14966
1.4841 -2.68136 5.17675 4.10368
1.48225 -2.69489 5.13361 4.07456
1.47796 -2.70572 5.11434 4.07107
1.4729 -2.71002 5.12507 4.09362
1.469 -2.70712 5.15979 4.1323
1.46772 -2.69811 5.20573 4.17273
1.46931 -2.68681 5.24659 4.20094
1.47276 -2.67865 5.26871 4.20875
1.4764 -2.67558 5.27085 4.20009
1.47863 -2.67772 5.25977 4.18493
1.47877 -2.68313 5.2464 4.17391
1.47732 -2.68874 5.23991 4.17281
1.47555 -2.69216 5.24308 4.18037
1.47432 -2.69258 5.25391 4.1925
1.47364 -2.6916 5.26776 4.20548
1.47336 -2.68941 5.28347 4.21883
1.47378 -2.6865 5.29758 4.2289
1.47512 -2.68463 5.30385 4.23003
1.47663 -2.68526 5.30065 4.22316
1.47695 -2.68836 5.29414 4.21706
1.47575 -2.691 5.29468 4.22094
1.47407 -2.69174 5.30416 4.23331
1.47307 -2.69101 5.3175 4.24683
1.47312 -2.68826 5.33143 4.25781
1.47899 -2.6779 5.34459 4.25138
1.48029 -2.67679 5.3445 4.24757
1.48147 -2.6774 5.33662 4.23792
1.48199 -2.67965 5.32411 4.22651
1.48163 -2.68258 5.31181 4.21778
1.48054 -2.68481 5.3042 4.21484
1.47913 -2.68534 5.30357 4.21836
1.47784 -2.68373 5.30967 4.22689
1.47708 -2.6801 5.3202 4.23744
1.47719 -2.6754 5.33042 4.24528
1.47836 -2.67132 5.33392 4.24471
1.48045 -2.66882 5.32656 4.23285
1.48287 -2.6697 5.30557 4.20931
1.48482 -2.67336 5.27508 4.17962
1.4859 -2.68081 5.2374 4.14674
1.48614 -2.68995 5.19924 4.11588
1.48558 -2.69909 5.1664 4.09139
1.48406 -2.70797 5.14304 4.07708
1.4813 -2.71407 5.1379 4.0806
1.47748 -2.71619 5.15591 4.1055
1.47346 -2.71224 5.19926 4.15129
1.47028 -2.70236 5.26279 4.2111
1.46846 -2.68735 5.33931 4.27763
1.46812 -2.66965 5.41923 4.34266
1.46932 -2.65152 5.4933 4.39845
1.47176 -2.63518 5.55387 4.43957
1.47447 -2.62313 5.59712 4.46592
1.47628 -2.6152 5.62795 4.48501
1.4768 -2.60961 5.654 4.50416
1.47668 -2.60423 5.67974 4.52506
1.47688 -2.5992 5.70224 4.54236
1.47799 -2.59407 5.71854 4.55192
1.47993 -2.59113 5.72251 4.5491
1.48207 -2.59125 5.71345 4.53534
1.4835 -2.59482 5.69488 4.51625
1.48352 -2.60013 5.67564 4.50093
1.48207 -2.60515 5.66413 4.4962
1.47978 -2.60826 5.66476 4.50365
1.47779 -2.60785 5.67732 4.51972
1.47733 -2.6045 5.69369 4.53418
1.47883 -2.60063 5.70249 4.53656
1.48136 -2.59905 5.69699 4.52445
1.48314 -2.60158 5.67927 4.50496
1.48309 -2.60664 5.65961 4.48952
1.48185 -2.6107 5.6467 4.48302
1.48109 -2.61338 5.63691 4.47756
1.4816 -2.61505 5.62418 4.46592
1.48254 -2.6178 5.60512 4.44796
1.48292 -2.6216 5.58354 4.42969
1.48286 -2.62615 5.5614 4.41231
1.48749 -2.62322 5.54508 4.38567
1.4863 -2.62715 5.53097 4.37801
1.48417 -2.62913 5.529 4.38273
1.48202 -2.62803 5.53961 4.39751
1.48097 -2.62355 5.55781 4.41506
1.48128 -2.61708 5.57632 4.42886
1.48253 -2.6113 5.58805 4.43444
1.48445 -2.60729 5.58922 4.42962
1.48687 -2.60643 5.57595 4.41192
1.48924 -2.60962 5.54768 4.38255
1.49107 -2.61633 5.50806 4.34591
1.4924 -2.62503 5.46145 4.3053
1.49323 -2.6363 5.40878 4.26142
1.49268 -2.64875 5.35866 4.22348
1.49014 -2.66033 5.32234 4.202
1.48626 -2.66843 5.30756 4.20129
1.48223 -2.67051 5.31694 4.22015
1.47924 -2.66643 5.34531 4.25124
1.47853 -2.65758 5.38078 4.2815
1.48095 -2.64754 5.4056 4.29421
1.48567 -2.64179 5.40419 4.27945
1.49008 -2.64308 5.37712 4.24543
1.49186 -2.65101 5.33715 4.20884
1.49075 -2.66119 5.30142 4.18379
1.4882 -2.66972 5.27871 4.173
1.4862 -2.67419 5.26823 4.17032
1.48613 -2.67576 5.25982 4.16384
1.48794 -2.67697 5.24349 4.14588
1.49016 -2.68144 5.21443 4.11676
1.49126 -2.6895 5.17852 4.08539
1.49077 -2.69911 5.1453 4.06051
1.4892 -2.70783 5.12169 4.04613
1.48726 -2.71421 5.11041 4.04249
1.48521 -2.71801 5.11192 4.04928
1.48284 -2.71881 5.12831 4.06875
1.47983 -2.71594 5.16325 4.10481
1.47627 -2.70794 5.22049 4.1603
1.47306 -2.69438 5.2978 4.23111
1.47126 -2.67609 5.38705 4.30768
1.4711 -2.65525 5.47835 4.38116
1.47207 -2.63426 5.56437 4.44702
1.47384 -2.61441 5.64041 4.50238
1.47654 -2.59711 5.70025 4.5418
1.48036 -2.58442 5.73609 4.55857
1.48506 -2.5774 5.74343 4.54998
1.48981 -2.57732 5.72129 4.51798
1.49345 -2.58487 5.67417 4.46985
1.49531 -2.59759 5.61357 4.41661
1.49568 -2.61314 5.54828 4.36416
1.49527 -2.6293 5.48409 4.31484
1.49951 -2.63727 5.42857 4.2591
1.49831 -2.65185 5.37563 4.22092
1.49629 -2.6641 5.33557 4.19513
1.49312 -2.67352 5.31365 4.18676
1.48918 -2.67775 5.31565 4.19943
1.4854 -2.67651 5.33973 4.22919
1.48289 -2.66978 5.37985 4.26819
1.48265 -2.65863 5.42502 4.30472
1.48485 -2.64764 5.45908 4.32531
1.48795 -2.64044 5.47533 4.32915
1.4898 -2.6374 5.48053 4.32789
1.48981 -2.63681 5.48416 4.33072
1.48884 -2.63625 5.49176 4.33956
1.48802 -2.63425 5.50328 4.35105
1.48823 -2.6311 5.51346 4.35849
1.48977 -2.62863 5.51437 4.35469
1.49218 -2.62784 5.50235 4.33819
1.49447 -2.63131 5.475 4.31
1.49592 -2.63824 5.4375 4.27633
1.49664 -2.6471 5.39459 4.24054
1.49737 -2.65737 5.34601 4.20032
1.49839 -2.66826 5.29176 4.15486
1.49878 -2.68088 5.23379 4.10827
1.49741 -2.69458 5.18104 4.07059
1.49449 -2.70542 5.14515 4.0503
1.49124 -2.71222 5.1273 4.04502
1.48885 -2.71413 5.12449 4.04931
1.48783 -2.7122 5.12979 4.05626
1.48809 -2.70882 5.13522 4.05987
1.48908 -2.70577 5.13615 4.05788
1.49024 -2.70436 5.13077 4.05049
1.49129 -2.70506 5.11905 4.0384
1.4923 -2.70721 5.10219 4.02237
1.49312 -2.71056 5.08156 4.00391
1.49297 -2.71553 5.06088 3.98801
1.49123 -2.72012 5.04967 3.98383
1.48848 -2.72218 5.05373 3.99439
1.48642 -2.7195 5.07175 4.0142
1.48654 -2.71385 5.09128 4.02932
1.48885 -2.70908 5.09903 4.02919
1.49166 -2.70738 5.09281 4.01669
1.49301 -2.71012 5.07875 4.00198
1.49218 -2.71452 5.07008 3.99737
1.48964 -2.71813 5.07576 4.00867
1.48611 -2.71739 5.10379 4.0404
1.48223 -2.71167 5.15496 4.09157
1.47886 -2.69982 5.2277 4.15878
1.47699 -2.68297 5.31291 4.23191
1.47757 -2.66366 5.39627 4.29662
1.48066 -2.6453 5.46328 4.3409
1.48997 -2.62383 5.51022 4.35085
1.49413 -2.61703 5.52646 4.3515
1.49778 -2.61555 5.52169 4.33716
1.50097 -2.6194 5.49727 4.30881
1.5032 -2.6283 5.45775 4.27147
1.50365 -2.64064 5.41335 4.23545
1.50223 -2.6537 5.37512 4.20952
1.49958 -2.6647 5.35085 4.19793
1.49641 -2.67138 5.34504 4.20226
1.49329 -2.67345 5.35719 4.22059
1.49055 -2.67063 5.38603 4.25112
1.48822 -2.66423 5.42774 4.29075
1.48637 -2.65357 5.48145 4.3386
1.48541 -2.64072 5.53958 4.38745
1.48601 -2.62607 5.5948 4.4294
1.48863 -2.61251 5.63444 4.45292
1.49311 -2.60299 5.64757 4.44989
1.49842 -2.60016 5.62868 4.4193
1.50282 -2.60558 5.58115 4.36916
1.50456 -2.6175 5.51977 4.31612
1.50288 -2.63202 5.4638 4.27714
1.4986 -2.64365 5.42995 4.26276
1.4938 -2.64872 5.42315 4.27111
1.49081 -2.64679 5.43491 4.28896
1.49093 -2.64014 5.44955 4.30017
1.49342 -2.6341 5.45188 4.29482
1.49619 -2.63206 5.43887 4.27664
1.49761 -2.63394 5.41764 4.2559
1.4975 -2.63745 5.39704 4.24003
1.49681 -2.64138 5.37927 4.22803
1.4969 -2.64445 5.36178 4.21402
1.49868 -2.64717 5.33689 4.18947
1.50177 -2.65282 5.2957 4.14859
1.50441 -2.6631 5.23979 4.09758
1.50491 -2.67773 5.17948 4.04909
1.50309 -2.69262 5.1293 4.01471
1.50012 -2.70481 5.09602 3.99657
1.49718 -2.71226 5.08084 3.99249
1.49479 -2.71581 5.07954 3.99784
1.49288 -2.71533 5.09074 4.01179
1.49124 -2.71247 5.11082 4.03203
1.48994 -2.7067 5.13933 4.05806
1.48929 -2.69867 5.17244 4.086
1.48951 -2.69018 5.20392 4.11026
1.49032 -2.68191 5.23124 4.12959
1.4909 -2.67526 5.25438 4.14625
1.49048 -2.66867 5.28053 4.16804
1.48908 -2.66162 5.3138 4.19824
1.48743 -2.65282 5.356 4.23627
1.48641 -2.64108 5.40562 4.27848
1.49139 -2.62084 5.4597 4.30685
1.49233 -2.60786 5.50524 4.34002
1.49396 -2.59668 5.54114 4.36357
1.49599 -2.58796 5.5652 4.37656
1.49828 -2.58219 5.57597 4.37833
1.50052 -2.57998 5.57315 4.36958
1.5019 -2.58076 5.56187 4.35672
1.50151 -2.58384 5.55078 4.34916
1.49945 -2.58591 5.55095 4.35529
1.49708 -2.58489 5.56474 4.37301
1.49576 -2.58064 5.58687 4.39428
1.49548 -2.57427 5.61219 4.41501
1.49519 -2.56766 5.63924 4.43715
1.49438 -2.56046 5.67109 4.46465
1.49409 -2.5519 5.70522 4.49238
1.49614 -2.54264 5.7297 4.50547
1.50083 -2.53689 5.72794 4.49002
1.50621 -2.53837 5.69444 4.44782
1.51035 -2.54718 5.63617 4.39025
1.51316 -2.5628 5.55841 4.32162
1.51503 -2.58309 5.46737 4.24559
1.51533 -2.60547 5.37407 4.17232
1.51357 -2.62839 5.28935 4.11132
1.51038 -2.64863 5.22286 4.06821
1.50664 -2.66436 5.17853 4.04368
1.50276 -2.6742 5.15892 4.03879
1.49894 -2.67803 5.16384 4.05294
1.49558 -2.67642 5.19009 4.08269
1.493 -2.66921 5.23457 4.12481
1.49106 -2.65894 5.29052 4.17432
1.48952 -2.64557 5.3564 4.23065
1.48885 -2.62927 5.42764 4.28884
1.49025 -2.61224 5.49132 4.33509
1.49403 -2.59768 5.53325 4.35715
1.49867 -2.58907 5.54723 4.35462
1.50239 -2.58668 5.53904 4.33743
1.50463 -2.59039 5.5149 4.31211
1.50563 -2.59677 5.4846 4.28556
1.5055 -2.60563 5.45232 4.2607
1.50416 -2.61381 5.42781 4.24534
1.50205 -2.62041 5.41456 4.24092
1.50013 -2.62365 5.4134 4.24545
1.49907 -2.62346 5.4205 4.25401
1.4991 -2.62212 5.42817 4.25996
1.5003 -2.62079 5.43042 4.25829
1.50264 -2.62118 5.42076 4.24412
1.50541 -2.62484 5.39626 4.21714
1.50747 -2.633 5.35908 4.18238
1.50806 -2.64436 5.31725 4.1481
1.50754 -2.65643 5.27799 4.1189
1.51168 -2.6601 5.24797 4.08425
1.51071 -2.67055 5.21828 4.06375
1.50924 -2.67935 5.197 4.05113
1.50707 -2.68542 5.18852 4.05033
1.50472 -2.68847 5.19293 4.06012
1.503 -2.6881 5.20739 4.07608
1.5025 -2.68486 5.22599 4.09199
1.50328 -2.68082 5.24102 4.10163
1.50486 -2.67795 5.24742 4.10234
1.50651 -2.67758 5.24401 4.09518
1.50751 -2.68006 5.23364 4.08435
1.50735 -2.68413 5.22342 4.07682
1.50597 -2.68785 5.22087 4.07856
1.50371 -2.689 5.23223 4.09358
1.50094 -2.68715 5.2593 4.12235
1.49807 -2.68104 5.30374 4.16515
1.49585 -2.67042 5.36228 4.21737
1.49536 -2.65658 5.42498 4.2681
1.49727 -2.64228 5.47769 4.30407
1.50126 -2.63035 5.50904 4.31718
1.50607 -2.62485 5.51134 4.30521
1.51012 -2.62626 5.48869 4.276
1.51239 -2.63413 5.44951 4.23912
1.51263 -2.64522 5.40658 4.20504
1.51108 -2.65687 5.37023 4.18105
1.50807 -2.66624 5.35003 4.17366
1.50407 -2.6708 5.353 4.18707
1.49989 -2.66986 5.37983 4.21978
1.49632 -2.66201 5.42958 4.26896
1.49378 -2.64919 5.49481 4.32761
1.49223 -2.63206 5.57079 4.392
1.49159 -2.61249 5.65111 4.45724
1.49196 -2.59245 5.72827 4.51699
1.49354 -2.57266 5.79622 4.56573
1.4964 -2.55571 5.84578 4.59596
1.50048 -2.54296 5.87053 4.60286
1.50525 -2.5365 5.86551 4.58434
1.5094 -2.53713 5.83373 4.54697
1.51167 -2.54408 5.78501 4.50223
1.51204 -2.55405 5.73149 4.4595
1.51176 -2.56423 5.6784 4.419
1.51247 -2.57445 5.62069 4.37203
1.51486 -2.58599 5.55014 4.31035
1.51763 -2.60079 5.46486 4.23637
1.51846 -2.61978 5.37391 4.16359
1.51637 -2.6405 5.29277 4.10638
1.51239 -2.6575 5.23524 4.07243
1.50829 -2.66827 5.20321 4.05852
1.50536 -2.67326 5.19019 4.05624
1.50392 -2.67367 5.18904 4.05922
1.50838 -2.6646 5.1978 4.05407
1.50786 -2.66249 5.20692 4.06258
1.50687 -2.6594 5.22347 4.07815
1.50568 -2.65451 5.24888 4.10125
1.50501 -2.64789 5.27968 4.12713
1.50536 -2.64012 5.31043 4.15021
1.50659 -2.63308 5.33483 4.16589
1.5084 -2.62833 5.34851 4.17154
1.51068 -2.62554 5.35037 4.16669
1.51334 -2.62662 5.33595 4.14817
1.51598 -2.63193 5.30541 4.11724
1.51785 -2.64092 5.2636 4.07977
1.51819 -2.65279 5.21839 4.04382
1.51675 -2.66479 5.18102 4.01868
1.51387 -2.67518 5.15877 4.00902
1.5102 -2.68122 5.15801 4.01819
1.50645 -2.6812 5.18084 4.04601
1.50341 -2.67577 5.22252 4.08681
1.50168 -2.66566 5.27632 4.13365
1.50155 -2.65281 5.33311 4.17852
1.50297 -2.63953 5.38365 4.21413
1.50542 -2.629 5.4198 4.23553
1.50781 -2.62244 5.44126 4.24556
1.50901 -2.61913 5.45477 4.25269
1.50858 -2.61779 5.46851 4.26465
1.50698 -2.61587 5.48974 4.28574
1.50536 -2.6108 5.52092 4.31471
1.5048 -2.6036 5.55518 4.34312
1.50566 -2.59613 5.584 4.36313
1.50745 -2.58937 5.60351 4.37319
1.50898 -2.58589 5.61194 4.37534
1.50927 -2.58466 5.61635 4.37792
1.50845 -2.58328 5.62391 4.3862
1.50754 -2.58119 5.63372 4.39649
1.50746 -2.57755 5.64263 4.40368
1.50854 -2.57385 5.64359 4.40128
1.51087 -2.57183 5.62935 4.38341
1.51435 -2.57312 5.59374 4.34569
1.51818 -2.57984 5.5336 4.2881
1.52124 -2.59235 5.45323 4.21732
1.52286 -2.60924 5.36151 4.14197
1.52289 -2.62901 5.26706 4.06892
1.52132 -2.64828 5.1816 4.00705
1.51849 -2.66529 5.11239 3.96089
1.51536 -2.67809 5.06281 3.93058
1.51275 -2.68597 5.03149 3.91302
1.51045 -2.68994 5.01619 3.90704
1.50782 -2.69105 5.01748 3.91488
1.50519 -2.68748 5.03775 3.93756
1.5038 -2.68007 5.06931 3.96588
1.50911 -2.66276 5.10747 3.98169
1.51033 -2.65385 5.13632 4.00093
1.5113 -2.6464 5.16169 4.01813
1.51155 -2.64095 5.18544 4.03593
1.5116 -2.63567 5.21026 4.05511
1.51212 -2.63014 5.23407 4.07226
1.51313 -2.62594 5.25246 4.08383
1.51413 -2.62305 5.2663 4.09188
1.51477 -2.62214 5.27621 4.09785
1.51501 -2.62163 5.28614 4.10491
1.51475 -2.62146 5.2979 4.11477
1.5138 -2.62155 5.31398 4.12983
1.51232 -2.61963 5.33962 4.15382
1.51077 -2.61555 5.37423 4.18503
1.50961 -2.6095 5.41526 4.22022
1.50897 -2.60158 5.46027 4.2571
1.50864 -2.59242 5.50729 4.29471
1.5083 -2.58266 5.55544 4.33322
1.50795 -2.57251 5.60421 4.37228
1.5079 -2.56179 5.65225 4.40992
1.50859 -2.55127 5.69503 4.44125
1.51023 -2.54165 5.72803 4.46215
1.5124 -2.53445 5.74765 4.47101
1.51435 -2.53066 5.7542 4.47034
1.51556 -2.52985 5.75156 4.46472
1.51625 -2.53072 5.74321 4.45619
1.51763 -2.53277 5.72601 4.43883
1.52096 -2.53655 5.6907 4.40179
1.52585 -2.54568 5.62713 4.33866
1.52989 -2.56266 5.53826 4.25888
1.53077 -2.58515 5.44264 4.18294
1.52813 -2.60882 5.35985 4.12642
1.52308 -2.6289 5.30415 4.09709
1.51704 -2.64088 5.28418 4.09791
1.51141 -2.64366 5.29817 4.12406
1.50738 -2.63813 5.3373 4.16562
1.50563 -2.62655 5.38888 4.21076
1.50633 -2.61214 5.43888 4.24786
1.50917 -2.59895 5.47359 4.26692
1.51343 -2.59069 5.48297 4.2622
1.51806 -2.5885 5.46552 4.2357
1.52186 -2.59308 5.42469 4.19356
1.52382 -2.60371 5.36952 4.14555
1.52354 -2.61712 5.3138 4.1033
1.52155 -2.62979 5.26845 4.07358
1.51933 -2.63906 5.23674 4.055
1.51836 -2.64538 5.21169 4.03816
1.51885 -2.65008 5.18631 4.01722
1.51941 -2.65611 5.15783 3.99369
1.51873 -2.66264 5.13392 3.97694
1.52193 -2.66087 5.12449 3.96129
1.52024 -2.66373 5.12207 3.96383
1.51972 -2.66434 5.1242 3.96684
1.52035 -2.66381 5.12524 3.966
1.52127 -2.66427 5.12189 3.96099
1.52164 -2.66638 5.11618 3.95563
1.52106 -2.66856 5.11424 3.95563
1.51968 -2.67008 5.11959 3.96338
1.518 -2.66925 5.13517 3.97983
1.51668 -2.66642 5.15824 4.0012
1.51595 -2.6612 5.18705 4.02547
1.51548 -2.65525 5.2185 4.05113
1.51483 -2.64846 5.25398 4.08041
1.51416 -2.64128 5.29255 4.11221
1.51402 -2.63232 5.33366 4.14452
1.51456 -2.62366 5.37123 4.17224
1.51508 -2.61547 5.4059 4.19771
1.51502 -2.60839 5.43923 4.22378
1.51455 -2.60084 5.47453 4.25249
1.51439 -2.59288 5.50931 4.27996
1.51512 -2.58441 5.53966 4.30148
1.51682 -2.57693 5.55972 4.31221
1.51922 -2.57213 5.56496 4.30946
1.52192 -2.57094 5.55369 4.2931
1.52445 -2.57364 5.52699 4.26537
1.52631 -2.58055 5.48757 4.22977
1.52734 -2.58985 5.44181 4.19169
1.52766 -2.60077 5.3934 4.15352
1.5274 -2.61234 5.34596 4.1177
1.52649 -2.62368 5.30345 4.08739
1.52493 -2.63318 5.27098 4.06652
1.52297 -2.64048 5.25023 4.05573
1.52096 -2.64475 5.24227 4.05492
1.51898 -2.64614 5.24675 4.06367
1.51675 -2.64505 5.26429 4.08327
1.51419 -2.64015 5.29822 4.11653
1.51188 -2.63153 5.34648 4.16037
1.51055 -2.61909 5.40455 4.20927
1.51034 -2.60476 5.46495 4.25688
1.51087 -2.59024 5.52278 4.30043
1.51177 -2.57653 5.57535 4.33878
1.51294 -2.56419 5.62063 4.37063
1.51426 -2.55377 5.65713 4.39517
1.51553 -2.54516 5.68539 4.41345
1.51663 -2.53812 5.70637 4.4265
1.51777 -2.53281 5.71943 4.43332
1.51935 -2.52974 5.72173 4.43048
1.52192 -2.52872 5.70989 4.41385
1.52558 -2.53162 5.67735 4.37815
1.52921 -2.53992 5.62392 4.32667
1.53595 -2.54609 5.56352 4.26143
1.53529 -2.56224 5.50127 4.21555
1.53302 -2.57795 5.45029 4.18265
1.52979 -2.59051 5.41735 4.16617
1.52606 -2.59805 5.40641 4.1679
1.52261 -2.5997 5.4169 4.18547
1.5203 -2.59598 5.44275 4.21181
1.51956 -2.58889 5.47474 4.23865
1.51992 -2.58059 5.50629 4.26206
1.52052 -2.57271 5.53519 4.28275
1.5209 -2.56562 5.56201 4.3024
1.52135 -2.55918 5.58619 4.31984
1.52235 -2.55412 5.60368 4.33052
1.52409 -2.55011 5.61214 4.33209
1.52631 -2.54884 5.60742 4.32215
1.52855 -2.55102 5.58882 4.30152
1.53049 -2.55587 5.55889 4.27305
1.53202 -2.56401 5.51801 4.23739
1.53302 -2.57443 5.46979 4.19763
1.53343 -2.58676 5.41707 4.15606
1.53333 -2.5992 5.36471 4.11614
1.53281 -2.61151 5.31483 4.07928
1.53173 -2.62366 5.26997 4.04767
1.53004 -2.63355 5.23633 4.0263
1.5281 -2.64101 5.21479 4.01482
1.52673 -2.64532 5.20379 4.00994
1.52643 -2.64765 5.19742 4.00583
1.52659 -2.64972 5.19232 4.00147
1.52582 -2.65192 5.19314 4.00412
1.52333 -2.65371 5.20734 4.02164
1.51967 -2.65105 5.24399 4.05969
1.51613 -2.64325 5.30117 4.11355
1.51382 -2.62997 5.37302 4.17565
1.51319 -2.61319 5.44948 4.23685
1.51377 -2.59549 5.52248 4.29197
1.5145 -2.57876 5.5895 4.34196
1.51475 -2.56339 5.65202 4.38979
1.51527 -2.54825 5.70964 4.43303
1.51785 -2.53342 5.75253 4.45873
1.5235 -2.52257 5.76318 4.45042
1.53072 -2.52053 5.7313 4.40493
1.5364 -2.52984 5.66353 4.33675
1.53838 -2.54681 5.58231 4.26906
1.53675 -2.56709 5.50716 4.21605
1.53299 -2.58435 5.45378 4.18542
1.52873 -2.59593 5.4261 4.17579
1.52521 -2.60139 5.42088 4.1814
1.52316 -2.60127 5.43151 4.19522
1.52242 -2.59857 5.44907 4.21083
1.52167 -2.59485 5.4729 4.23134
1.52435 -2.58296 5.51403 4.25564
1.52026 -2.57427 5.57558 4.31471
1.51577 -2.55972 5.66278 4.39519
1.5126 -2.53821 5.7697 4.48756
1.51186 -2.5123 5.88174 4.57696
1.5137 -2.48463 5.98533 4.65189
1.51762 -2.46004 6.06609 4.7025
1.52295 -2.44176 6.11484 4.72367
1.52904 -2.43144 6.12753 4.71464
1.53474 -2.43021 6.10556 4.68027
1.53866 -2.43781 6.0579 4.63191
1.53993 -2.45141 5.99984 4.58373
1.53868 -2.46618 5.94797 4.54781
1.53582 -2.47954 5.91062 4.52766
1.53248 -2.48825 5.89305 4.52403
1.52951 -2.49141 5.89412 4.53365
1.52755 -2.49063 5.90648 4.54897
1.52721 -2.48663 5.92242 4.56228
1.52864 -2.48252 5.9305 4.56422
1.53129 -2.47999 5.92485 4.552
1.53409 -2.48187 5.902 4.52614
1.53608 -2.48799 5.86676 4.49329
1.53672 -2.49671 5.82744 4.46134
1.53609 -2.50686 5.79023 4.43466
1.53475 -2.5157 5.76136 4.4164
1.53321 -2.52273 5.74162 4.40568
1.53167 -2.52721 5.73189 4.40265
1.53015 -2.52972 5.73084 4.40622
1.52874 -2.53001 5.73799 4.41577
1.52768 -2.52767 5.75212 4.42973
1.52728 -2.52456 5.76692 4.44229
1.52773 -2.52081 5.77868 4.45003
1.52876 -2.51765 5.78349 4.45074
1.52986 -2.5162 5.77981 4.4447
1.53072 -2.516 5.76958 4.43435
1.53132 -2.51678 5.75401 4.42065
1.53166 -2.51836 5.73428 4.40451
1.53155 -2.52097 5.71193 4.38767
1.53121 -2.52345 5.68974 4.37158
1.53144 -2.52544 5.66561 4.35238
1.53257 -2.52763 5.63559 4.32615
1.53402 -2.53184 5.59715 4.29257
1.53536 -2.5382 5.55178 4.25405
1.53666 -2.54631 5.50059 4.21126
1.53779 -2.55623 5.44455 4.16529
1.53828 -2.56794 5.3867 4.11972
1.53805 -2.58072 5.33086 4.07763
1.53763 -2.59259 5.2801 4.03992
1.53755 -2.60407 5.23143 4.00289
1.53764 -2.6149 5.18494 3.96708
1.54218 -2.61881 5.1456 3.92537
1.54103 -2.62984 5.10885 3.90026
1.53986 -2.63862 5.0808 3.88179
1.53915 -2.6457 5.05812 3.86623
1.53868 -2.65155 5.03967 3.85332
1.53788 -2.6568 5.02653 3.84527
1.53643 -2.66092 5.02244 3.84576
1.5344 -2.66309 5.03069 3.85719
1.53215 -2.66223 5.05332 3.88022
1.53014 -2.65785 5.08966 3.91325
1.52866 -2.65057 5.13647 3.95307
1.52773 -2.64085 5.19099 3.99747
1.52724 -2.63016 5.24933 4.0437
1.52708 -2.61861 5.31004 4.09088
1.52704 -2.6068 5.37176 4.13855
1.52672 -2.5952 5.43477 4.18797
1.52606 -2.58249 5.50199 4.2416
1.5256 -2.56887 5.57108 4.29616
1.52616 -2.55448 5.63664 4.3451
1.52832 -2.54079 5.68974 4.37984
1.53183 -2.53096 5.72087 4.39373
1.53561 -2.52627 5.72873 4.38893
1.53838 -2.52712 5.7181 4.3729
1.53931 -2.53205 5.69897 4.35562
1.53839 -2.53864 5.68168 4.34501
1.53644 -2.54361 5.67402 4.34468
1.53479 -2.54565 5.67531 4.35033
1.53462 -2.5447 5.67922 4.35381
1.536 -2.54395 5.67549 4.34703
1.53764 -2.546 5.66143 4.33163
1.53797 -2.55006 5.64577 4.31873
1.53651 -2.55413 5.63878 4.31749
1.53395 -2.55648 5.64617 4.33037
1.53122 -2.55525 5.67028 4.35661
1.52898 -2.54959 5.70991 4.39349
1.5275 -2.5404 5.76051 4.43671
1.52672 -2.52924 5.81684 4.48237
1.52661 -2.51679 5.87511 4.5276
1.52735 -2.50388 5.93018 4.56784
1.52902 -2.49247 5.97476 4.59716
1.53122 -2.48381 6.00489 4.61368
1.53328 -2.47807 6.02121 4.62001
1.53466 -2.47545 6.0258 4.61937
1.53531 -2.47519 6.02194 4.61447
1.53573 -2.47561 6.01208 4.60566
1.5369 -2.47667 5.9923 4.587
1.53965 -2.47962 5.95428 4.54975
1.54368 -2.48685 5.89087 4.48955
1.54751 -2.50014 5.80295 4.41159
1.54975 -2.51917 5.69956 4.32676
1.55487 -2.53409 5.59741 4.23519
1.55306 -2.55695 5.49988 4.16625
1.54996 -2.57621 5.42189 4.11538
1.54632 -2.5912 5.36569 4.08231
1.54275 -2.60071 5.33249 4.06645
1.53952 -2.60446 5.32145 4.06656
1.53672 -2.60361 5.32917 4.07986
1.53457 -2.5988 5.35223 4.10327
1.53334 -2.59081 5.38577 4.13228
1.53295 -2.5809 5.42482 4.1633
1.5327 -2.56996 5.46815 4.19726
1.53201 -2.55938 5.51511 4.23519
1.53136 -2.54663 5.56831 4.27786
1.5319 -2.53336 5.61842 4.31484
1.53456 -2.52093 5.65418 4.33476
1.53937 -2.51302 5.6622 4.32736
1.54502 -2.51223 5.63746 4.29269
1.5493 -2.52033 5.58521 4.24116
1.55054 -2.5342 5.5236 4.19102
1.54888 -2.55003 5.46861 4.15376
1.54584 -2.56313 5.43033 4.13278
1.54302 -2.57205 5.40818 4.12346
1.54113 -2.57641 5.39881 4.12135
1.54023 -2.57774 5.39647 4.12196
1.54025 -2.57775 5.39541 4.12111
1.54101 -2.57794 5.39086 4.11559
1.54202 -2.57958 5.38076 4.10519
1.5425 -2.58257 5.36827 4.09441
1.54188 -2.58665 5.35842 4.08853
1.54028 -2.58963 5.35804 4.0925
1.5385 -2.58977 5.36955 4.10603
1.53749 -2.58714 5.38901 4.12361
1.5374 -2.58366 5.40993 4.13986
1.53733 -2.57987 5.43283 4.15756
1.53624 -2.57635 5.46158 4.18255
1.53416 -2.57093 5.50272 4.21976
1.53226 -2.56254 5.55519 4.26528
1.5317 -2.55068 5.61334 4.31151
1.53265 -2.53804 5.66718 4.35016
1.53444 -2.52714 5.71062 4.37838
1.53638 -2.51849 5.74321 4.3978
1.53829 -2.51291 5.76369 4.40803
1.54023 -2.51003 5.77221 4.40896
1.54207 -2.51037 5.76837 4.40078
1.54332 -2.51398 5.75485 4.38692
1.54346 -2.51881 5.73965 4.37494
1.5422 -2.52332 5.73041 4.37144
1.53958 -2.52682 5.73274 4.38067
1.53603 -2.52598 5.75457 4.40751
1.53253 -2.51998 5.79547 4.44899
1.53524 -2.50121 5.85388 4.4859
1.53518 -2.4864 5.90931 4.52855
1.53758 -2.47162 5.95145 4.55371
1.54165 -2.46029 5.97044 4.55619
1.54602 -2.45472 5.96376 4.53824
1.54958 -2.45603 5.9342 4.50536
1.55178 -2.46363 5.8884 4.46424
1.5524 -2.47411 5.83808 4.42434
1.5516 -2.48547 5.79154 4.39134
1.55024 -2.49543 5.75352 4.36632
1.54903 -2.50309 5.72431 4.34754
1.5477 -2.50934 5.70367 4.3356
1.5458 -2.51347 5.6956 4.33478
1.54342 -2.51481 5.70255 4.34677
1.54108 -2.51287 5.72415 4.36985
1.5394 -2.50693 5.75825 4.4007
1.53873 -2.49866 5.7977 4.43276
1.53919 -2.48955 5.83564 4.46043
1.5406 -2.48107 5.86631 4.47978
1.54257 -2.4745 5.88596 4.48905
1.54476 -2.47079 5.89253 4.48768
1.5469 -2.4705 5.88557 4.47618
1.54864 -2.4735 5.86717 4.45718
1.54969 -2.47859 5.84222 4.43522
1.55001 -2.48597 5.81302 4.41215
1.5496 -2.4938 5.78511 4.3921
1.54843 -2.50084 5.76329 4.37884
1.54651 -2.50601 5.75177 4.37551
1.54409 -2.5086 5.75293 4.38327
1.54157 -2.50769 5.76769 4.40168
1.5396 -2.50213 5.79496 4.42816
1.53902 -2.49392 5.8252 4.45296
1.54083 -2.48484 5.84593 4.46356
1.54539 -2.47796 5.84249 4.44776
1.55144 -2.47894 5.80273 4.40025
1.55646 -2.48863 5.73319 4.3335
1.55844 -2.50628 5.64877 4.26426
1.55695 -2.52714 5.56982 4.2087
1.55271 -2.54475 5.51536 4.17891
1.54708 -2.55592 5.49341 4.17745
1.54158 -2.55869 5.50449 4.20081
1.53759 -2.55322 5.54127 4.23984
1.53605 -2.54201 5.58989 4.28134
1.53723 -2.52821 5.63547 4.31294
1.54057 -2.51654 5.66366 4.3251
1.54469 -2.51015 5.66861 4.31733
1.54781 -2.50986 5.65498 4.29829
1.54864 -2.51408 5.63482 4.28065
1.54706 -2.51961 5.62163 4.27502
1.54381 -2.52304 5.62523 4.28673
1.54519 -2.51367 5.65444 4.30516
1.54267 -2.50602 5.69546 4.34347
1.54232 -2.49478 5.73996 4.3784
1.54394 -2.48314 5.77624 4.40144
1.54638 -2.47393 5.79869 4.41157
1.54861 -2.46876 5.80684 4.41143
1.55035 -2.46651 5.80463 4.40479
1.55167 -2.46716 5.79334 4.39248
1.55254 -2.47014 5.77558 4.37656
1.55298 -2.47408 5.7552 4.3599
1.55317 -2.47832 5.73393 4.34325
1.55344 -2.48343 5.71029 4.3246
1.55387 -2.48862 5.68495 4.30421
1.55411 -2.49474 5.65768 4.2829
1.55379 -2.50078 5.63258 4.26478
1.5531 -2.50661 5.61071 4.25011
1.55269 -2.51108 5.59214 4.23715
1.55299 -2.51517 5.57253 4.22147
1.55362 -2.5198 5.55027 4.20292
1.55351 -2.52503 5.52976 4.18768
1.55193 -2.53044 5.51796 4.183
1.54937 -2.53332 5.5219 4.19289
1.54719 -2.53267 5.53975 4.21238
1.54641 -2.52843 5.56527 4.23393
1.54694 -2.523 5.59001 4.25128
1.54787 -2.51893 5.60964 4.26364
1.54848 -2.51552 5.62728 4.27537
1.54909 -2.51319 5.64143 4.28444
1.55009 -2.51202 5.64964 4.28791
1.55085 -2.51177 5.65395 4.28906
1.55092 -2.51339 5.65571 4.29023
1.55053 -2.51514 5.65869 4.29356
1.54975 -2.51594 5.6658 4.30111
1.54862 -2.51531 5.67897 4.31424
1.54761 -2.51289 5.69762 4.33125
1.54719 -2.50915 5.71831 4.34816
1.54747 -2.50474 5.73753 4.36198
1.54823 -2.50092 5.75195 4.37078
1.54906 -2.49834 5.76098 4.37532
1.54939 -2.49636 5.76816 4.37984
1.54886 -2.49595 5.77522 4.38671
1.54761 -2.49423 5.7891 4.4008
1.54617 -2.49067 5.81043 4.42112
1.54509 -2.48486 5.83782 4.44507
1.54462 -2.47723 5.86812 4.46948
1.54473 -2.46868 5.89804 4.49196
1.54529 -2.46121 5.92285 4.50923
1.54626 -2.45427 5.94214 4.52107
1.54782 -2.44846 5.95276 4.5246
1.55039 -2.44524 5.9483 4.5137
1.55903 -2.43845 5.92735 4.47288
1.56289 -2.44429 5.88036 4.42645
1.56575 -2.45672 5.81473 4.36905
1.56661 -2.4729 5.74366 4.3133
1.56508 -2.49057 5.67962 4.26936
1.56176 -2.5059 5.63435 4.24435
1.55819 -2.51604 5.61122 4.2366
1.55582 -2.52083 5.60442 4.23791
1.55454 -2.52217 5.60732 4.24359
1.55315 -2.52142 5.61985 4.2569
1.55118 -2.51895 5.64344 4.28019
1.5494 -2.51327 5.67805 4.31139
1.54868 -2.50443 5.71806 4.34379
1.54942 -2.49498 5.75335 4.3685
1.55158 -2.48657 5.77624 4.37978
1.55478 -2.48149 5.77997 4.37358
1.55845 -2.4806 5.76254 4.35013
1.5619 -2.48596 5.7225 4.31036
1.56444 -2.49608 5.66683 4.26149
1.5656 -2.51041 5.6022 4.20976
1.56548 -2.52634 5.53761 4.16155
1.5646 -2.54157 5.47901 4.11984
1.56295 -2.55591 5.4296 4.08698
1.55998 -2.56802 5.39735 4.07046
1.55572 -2.57547 5.39073 4.07659
1.55077 -2.57676 5.4135 4.10689
1.54551 -2.57031 5.46848 4.1627
1.54052 -2.556 5.55377 4.24132
1.53701 -2.53402 5.66178 4.33368
1.53622 -2.5067 5.77707 4.42419
1.53829 -2.47842 5.88215 4.49862
1.54191 -2.45376 5.96588 4.55194
1.54558 -2.43477 6.02678 4.58748
1.54895 -2.42066 6.06761 4.60851
1.55274 -2.41161 6.08557 4.61087
1.55697 -2.40808 6.07858 4.59308
1.56009 -2.41101 6.05164 4.56357
1.56136 -2.41836 6.01601 4.53302
1.56146 -2.42817 5.97781 4.50395
1.56068 -2.43814 5.94347 4.48029
1.55877 -2.44669 5.92002 4.46811
1.55588 -2.45269 5.91212 4.47041
1.55303 -2.45395 5.92158 4.48578
1.55149 -2.45058 5.9416 4.50541
1.55193 -2.44497 5.96047 4.51844
1.554 -2.44035 5.96787 4.51803
1.55693 -2.43922 5.95795 4.50202
1.55985 -2.44223 5.93085 4.47316
1.56185 -2.45014 5.88966 4.43641
1.56308 -2.46004 5.84163 4.39676
1.56936 -2.46488 5.78878 4.33955
1.57072 -2.47929 5.72313 4.28663
1.57146 -2.4956 5.65259 4.23179
1.57106 -2.51294 5.58334 4.18101
1.56963 -2.52981 5.5213 4.13834
1.56759 -2.54438 5.47109 4.10603
1.56533 -2.55544 5.43512 4.08493
1.56308 -2.56305 5.41316 4.07427
1.56097 -2.5674 5.4044 4.07318
1.55902 -2.56914 5.40711 4.08032
1.55723 -2.56727 5.42236 4.09653
1.55578 -2.56344 5.44571 4.11801
1.55511 -2.55742 5.47402 4.14121
1.5556 -2.54935 5.50234 4.1613
1.55724 -2.54287 5.52069 4.17079
1.55943 -2.53854 5.5272 4.16986
1.56125 -2.53798 5.5218 4.16093
1.56197 -2.54018 5.51097 4.15083
1.56134 -2.54343 5.50256 4.14618
1.55942 -2.54547 5.50451 4.15276
1.55658 -2.54441 5.52231 4.17379
1.55351 -2.53922 5.55716 4.20842
1.55104 -2.52938 5.60633 4.25242
1.54987 -2.51578 5.66265 4.29839
1.55049 -2.50026 5.71604 4.33717
1.55325 -2.48566 5.75401 4.35822
1.55805 -2.47546 5.7643 4.35258
1.5639 -2.47221 5.74102 4.31879
1.56905 -2.47838 5.68554 4.26299
1.5718 -2.49219 5.61206 4.20056
1.57155 -2.51049 5.53715 4.14514
1.56921 -2.52778 5.47599 4.10547
1.56631 -2.54123 5.43311 4.08085
1.56376 -2.55034 5.40716 4.06799
1.5614 -2.55613 5.39622 4.0659
1.5589 -2.55771 5.40283 4.07739
1.55646 -2.55652 5.42389 4.09972
1.55453 -2.55129 5.45881 4.13123
1.55317 -2.54339 5.503 4.16832
1.55192 -2.53324 5.55568 4.21162
1.55046 -2.52121 5.61687 4.26201
1.54907 -2.50698 5.68561 4.31804
1.54864 -2.4903 5.75698 4.37346
1.5503 -2.47316 5.81837 4.41536
1.55482 -2.4588 5.85339 4.42904
1.56178 -2.45094 5.84854 4.40565
1.56916 -2.4536 5.7992 4.34793
1.5742 -2.46721 5.7173 4.2728
1.57528 -2.48913 5.6234 4.19974
1.57308 -2.5117 5.54055 4.14365
1.57461 -2.5237 5.48072 4.09492
1.57148 -2.53795 5.43589 4.06951
1.56907 -2.54762 5.40674 4.05391
1.56669 -2.55378 5.39263 4.04947
1.56386 -2.55639 5.39591 4.05926
1.56122 -2.55458 5.41634 4.08153
1.56014 -2.54865 5.44595 4.10668
1.56138 -2.541 5.47191 4.12299
1.56414 -2.53509 5.48478 4.12538
1.56672 -2.53447 5.48204 4.11655
1.56764 -2.53707 5.4749 4.10876
1.5663 -2.541 5.47475 4.11216
1.56284 -2.54301 5.4935 4.13539
1.55808 -2.54027 5.53861 4.18208
1.55355 -2.52941 5.6122 4.25
1.55093 -2.51216 5.70192 4.32523
1.55096 -2.49086 5.79355 4.39466
1.55312 -2.46976 5.87326 4.44892
1.55655 -2.45188 5.93283 4.48415
1.56076 -2.43893 5.96715 4.49793
1.56551 -2.43221 5.97242 4.48824
1.57025 -2.43257 5.94814 4.4565
1.57403 -2.44007 5.89913 4.40915
1.57593 -2.45373 5.83506 4.356
1.57542 -2.47091 5.76956 4.3085
1.57248 -2.48635 5.71968 4.27925
1.56783 -2.49751 5.69439 4.27297
1.56317 -2.50194 5.69526 4.28635
1.56049 -2.49907 5.71365 4.30759
1.56009 -2.49238 5.73569 4.3253
1.56044 -2.48491 5.75656 4.34008
1.56045 -2.47802 5.77676 4.35527
1.56026 -2.47095 5.79774 4.37164
1.56031 -2.46384 5.81758 4.38644
1.56133 -2.45657 5.83207 4.39449
1.56377 -2.45154 5.83167 4.38735
1.56676 -2.44985 5.81398 4.36569
1.56885 -2.45256 5.78257 4.33631
1.56976 -2.45829 5.74426 4.3051
1.57028 -2.46553 5.70179 4.27184
1.57101 -2.47364 5.65511 4.2349
1.57169 -2.48303 5.60485 4.19546
1.57156 -2.4933 5.55608 4.15927
1.57006 -2.50357 5.51615 4.13333
1.56735 -2.51114 5.49346 4.12344
1.56436 -2.51509 5.48886 4.12788
1.56182 -2.51428 5.50126 4.14393
1.55975 -2.50965 5.52704 4.16887
1.55824 -2.50127 5.56368 4.20058
1.55808 -2.49093 5.6019 4.22988
1.56514 -2.47281 5.63407 4.23497
1.56958 -2.46539 5.6378 4.22579
1.57525 -2.46497 5.6088 4.18892
1.58015 -2.47288 5.55097 4.13288
1.58275 -2.4882 5.47622 4.07052
1.58274 -2.50757 5.39959 4.01359
1.5805 -2.52664 5.33537 3.97146
1.57683 -2.54225 5.29252 3.94875
1.57293 -2.55235 5.27321 3.94409
1.57017 -2.55644 5.27206 3.95015
1.56955 -2.55671 5.27645 3.95502
1.57132 -2.55568 5.27353 3.94838
1.57499 -2.55748 5.25073 3.92213
1.57937 -2.56497 5.20269 3.87547
1.5828 -2.57951 5.13298 3.81526
1.58388 -2.59892 5.05539 3.75503
1.58221 -2.61994 4.98524 3.70683
1.57838 -2.63832 4.93603 3.67916
1.57347 -2.65093 4.91486 3.67479
1.56884 -2.65588 4.92197 3.69098
1.56585 -2.65377 4.9488 3.71818
1.56542 -2.6473 4.98104 3.74343
1.56707 -2.64008 5.00662 3.7587
1.56887 -2.63579 5.02201 3.76593
1.56907 -2.63484 5.03462 3.7749
1.56752 -2.6336 5.05645 3.79501
1.56515 -2.6299 5.09209 3.82757
1.56281 -2.62218 5.1425 3.87124
1.56099 -2.61135 5.20335 3.92161
1.56 -2.59767 5.27073 3.97492
1.56007 -2.5825 5.33816 4.02558
1.56115 -2.5677 5.39883 4.06851
1.56283 -2.55485 5.44859 4.10161
1.56461 -2.54432 5.48717 4.12595
1.56621 -2.53606 5.51573 4.14317
1.56731 -2.53044 5.53594 4.15545
1.56751 -2.52664 5.55291 4.16764
1.56705 -2.52248 5.57227 4.18341
1.56675 -2.51813 5.59188 4.19895
1.56731 -2.51292 5.60892 4.21024
1.56875 -2.50908 5.61663 4.21213
1.57047 -2.50711 5.61421 4.20571
1.57174 -2.50767 5.60302 4.19394
1.57231 -2.51055 5.58599 4.17969
1.57233 -2.51418 5.56706 4.16546
1.57198 -2.51738 5.549 4.15288
1.57165 -2.51979 5.53164 4.14076
1.57246 -2.52212 5.50847 4.12127
1.57543 -2.52596 5.4685 4.08367
1.57944 -2.53432 5.40548 4.02635
1.58652 -2.5413 5.33285 3.95452
1.58516 -2.55885 5.26149 3.90496
1.5815 -2.57399 5.21076 3.87625
1.57726 -2.58345 5.1856 3.86793
1.57365 -2.5866 5.18341 3.87515
1.57133 -2.58479 5.19692 3.891
1.57009 -2.57929 5.22074 3.9119
1.56943 -2.57149 5.25146 3.93659
1.56926 -2.56307 5.28441 3.96172
1.5698 -2.55457 5.31558 3.98372
1.57087 -2.54713 5.34122 4.00018
1.57205 -2.54114 5.36087 4.01191
1.57296 -2.53685 5.37537 4.02043
1.57332 -2.53394 5.38736 4.02848
1.57289 -2.53177 5.40081 4.03964
1.57184 -2.52848 5.42051 4.05707
1.57096 -2.52333 5.4459 4.07837
1.57127 -2.51665 5.47091 4.09629
1.57336 -2.51135 5.48395 4.10059
1.57662 -2.50913 5.47945 4.08875
1.57912 -2.51191 5.4599 4.06771
1.57926 -2.5182 5.43821 4.05119
1.57723 -2.52483 5.42641 4.04762
1.57435 -2.52852 5.43042 4.058
1.5719 -2.52765 5.44943 4.07856
1.57056 -2.52273 5.47767 4.10319
1.57052 -2.5155 5.50745 4.12561
1.57155 -2.5087 5.53086 4.14043
1.57317 -2.50348 5.54464 4.14647
1.57512 -2.50119 5.54593 4.1423
1.5776 -2.50134 5.53369 4.12668
1.58047 -2.50485 5.50545 4.09814
1.5826 -2.51319 5.46334 4.06132
1.58281 -2.52492 5.4183 4.02731
1.58115 -2.53669 5.38224 4.0047
1.57843 -2.54649 5.36082 3.99565
1.57511 -2.55152 5.36012 4.00355
1.57148 -2.55131 5.38164 4.0289
1.5684 -2.54569 5.42244 4.06741
1.56687 -2.53558 5.47424 4.11029
1.56683 -2.52337 5.52812 4.15085
1.56708 -2.51116 5.58143 4.19021
1.56638 -2.49895 5.63898 4.23529
1.56464 -2.4863 5.70474 4.28947
1.56285 -2.47111 5.78027 4.35122
1.56226 -2.45263 5.86056 4.41334
1.56343 -2.43339 5.93433 4.46553
1.56611 -2.41594 5.9926 4.50167
1.5695 -2.40268 6.03027 4.52019
1.57277 -2.39452 6.0475 4.52368
1.58037 -2.38432 6.05111 4.5046
1.58225 -2.38533 6.03823 4.48969
1.58365 -2.38831 6.01758 4.47038
1.58469 -2.39377 5.98965 4.4467
1.58503 -2.40105 5.95871 4.42278
1.584 -2.40824 5.93367 4.40707
1.58147 -2.41505 5.92 4.40395
1.57881 -2.41732 5.92285 4.41349
1.57824 -2.41502 5.93159 4.4216
1.58069 -2.41199 5.92823 4.41225
1.58462 -2.41303 5.90219 4.38196
1.58744 -2.41966 5.85873 4.34197
1.58783 -2.43143 5.8085 4.3037
1.58612 -2.44334 5.76602 4.27682
1.58338 -2.45338 5.73637 4.26221
1.58105 -2.45828 5.72151 4.25741
1.58081 -2.45959 5.70956 4.24916
1.58309 -2.46061 5.68627 4.22575
1.58628 -2.46552 5.64443 4.18621
1.58848 -2.47447 5.59043 4.14041
1.58914 -2.487 5.53099 4.09469
1.58868 -2.50117 5.47256 4.05263
1.5876 -2.51415 5.42134 4.01742
1.58634 -2.52556 5.37818 3.98859
1.58516 -2.5352 5.34304 3.9655
1.58408 -2.54264 5.31645 3.94844
1.58318 -2.54824 5.29723 3.93642
1.58247 -2.5526 5.28378 3.92818
1.58176 -2.55625 5.27559 3.92384
1.58075 -2.55876 5.27482 3.92578
1.57904 -2.56013 5.28417 3.93699
1.57639 -2.55929 5.30857 3.96181
1.57328 -2.5533 5.35308 4.00292
1.57094 -2.5427 5.41168 4.05279
1.57057 -2.52928 5.47232 4.09917
1.57277 -2.51518 5.52156 4.13027
1.5771 -2.50382 5.54719 4.13805
1.58194 -2.49962 5.54258 4.12195
1.58522 -2.50301 5.51561 4.09342
1.58565 -2.51047 5.48375 4.06866
1.58346 -2.51925 5.4601 4.05671
1.57991 -2.52466 5.45523 4.06221
1.57653 -2.52469 5.46983 4.0818
1.57477 -2.51936 5.49666 4.10641
1.57541 -2.51113 5.52261 4.12412
1.57779 -2.50394 5.53656 4.1283
1.58042 -2.50053 5.53573 4.12082
1.58277 -2.5008 5.5224 4.10479
1.58525 -2.5052 5.49498 4.07802
1.58713 -2.51357 5.45705 4.04508
1.5914 -2.51718 5.42697 4.01197
1.58769 -2.52692 5.41336 4.01127
1.58271 -2.53099 5.42863 4.03526
1.57807 -2.5278 5.47107 4.07874
1.57482 -2.51713 5.53444 4.1345
1.5737 -2.50139 5.60592 4.19089
1.57482 -2.48435 5.6711 4.2366
1.57718 -2.46939 5.72141 4.2678
1.57948 -2.45756 5.75707 4.28814
1.58126 -2.44919 5.77981 4.30024
1.58265 -2.44369 5.79157 4.3052
1.58375 -2.44021 5.79467 4.30449
1.58477 -2.43799 5.79073 4.29882
1.58607 -2.43776 5.77739 4.28539
1.58778 -2.43911 5.75447 4.26379
1.58947 -2.44344 5.72108 4.23455
1.59027 -2.45078 5.68208 4.20355
1.58954 -2.45858 5.64841 4.18057
1.58766 -2.46519 5.62629 4.16913
1.58571 -2.46894 5.61721 4.16752
1.58433 -2.46981 5.61831 4.17196
1.58367 -2.46894 5.62512 4.17876
1.58383 -2.46678 5.634 4.18495
1.58479 -2.46516 5.63902 4.18613
1.586 -2.46489 5.63871 4.1827
1.58638 -2.46629 5.63665 4.18017
1.58542 -2.46876 5.63869 4.18421
1.5839 -2.46967 5.64939 4.19618
1.58291 -2.46815 5.66631 4.21138
1.58272 -2.46496 5.68498 4.22578
1.58283 -2.46143 5.7028 4.23872
1.58293 -2.45761 5.72022 4.25141
1.58318 -2.45434 5.73485 4.2616
1.58391 -2.45169 5.74451 4.26682
1.58528 -2.44962 5.74706 4.26502
1.5875 -2.44948 5.73747 4.25196
1.59059 -2.45313 5.7101 4.22344
1.59364 -2.4618 5.66493 4.18203
1.59475 -2.47544 5.6118 4.13991
1.59273 -2.49042 5.56915 4.11367
1.58818 -2.50208 5.55192 4.11268
1.58289 -2.50645 5.56616 4.137
1.57899 -2.50283 5.60512 4.17626
1.57806 -2.49311 5.65321 4.21456
1.57979 -2.48262 5.69314 4.23969
1.58182 -2.47521 5.72097 4.25494
1.58212 -2.47077 5.74555 4.27242
1.58066 -2.46602 5.77769 4.30026
1.57889 -2.45953 5.81819 4.33528
1.57813 -2.45036 5.86306 4.37081
1.58369 -2.4324 5.90967 4.3901
1.58493 -2.4232 5.94414 4.41224
1.58574 -2.41552 5.97362 4.43186
1.58516 -2.40933 6.00427 4.45623
1.58324 -2.40217 6.04445 4.49149
1.58122 -2.39205 6.09555 4.53525
1.58063 -2.37837 6.15121 4.57837
1.58218 -2.36405 6.19817 4.6088
1.58569 -2.35266 6.22434 4.61803
1.59052 -2.34607 6.2234 4.60331
1.59577 -2.34695 6.19126 4.56447
1.60016 -2.35558 6.13264 4.50885
1.60238 -2.37129 6.05816 4.44791
1.6019 -2.38998 5.98458 4.3952
1.59946 -2.40773 5.9238 4.35721
1.59648 -2.422 5.87957 4.33276
1.59424 -2.43139 5.84981 4.31687
1.59348 -2.43736 5.82623 4.30151
1.59434 -2.44288 5.79853 4.27875
1.59611 -2.44947 5.76256 4.24751
1.59726 -2.45875 5.72035 4.21336
1.59643 -2.46948 5.68296 4.188
1.59336 -2.47937 5.66212 4.18067
1.5888 -2.4845 5.6681 4.1971
1.58376 -2.48313 5.70355 4.23679
1.57912 -2.47349 5.76843 4.29757
1.57565 -2.45668 5.85527 4.37189
1.57414 -2.4348 5.95224 4.44854
1.57526 -2.41063 6.04444 4.51425
1.57897 -2.38785 6.11679 4.55754
1.58411 -2.37189 6.15711 4.57271
1.58891 -2.36334 6.16835 4.56722
1.59236 -2.36152 6.15778 4.54952
1.59449 -2.36517 6.13191 4.52433
1.59549 -2.37207 6.09811 4.49659
1.59514 -2.38052 6.06431 4.47264
1.5935 -2.38825 6.03877 4.4584
1.59146 -2.39365 6.02437 4.45347
1.59017 -2.39591 6.01837 4.45262
1.58985 -2.39618 6.0155 4.45141
1.58954 -2.39619 6.01441 4.45145
1.5884 -2.39539 6.0201 4.45888
1.58671 -2.39365 6.03384 4.47382
1.58555 -2.38829 6.05634 4.49379
1.58576 -2.38155 6.07776 4.50908
1.58741 -2.37528 6.09002 4.51346
1.59001 -2.37151 6.08751 4.50425
1.59292 -2.37156 6.06807 4.48166
1.59555 -2.37622 6.03228 4.44789
1.59715 -2.38457 5.98631 4.40955
1.60227 -2.38794 5.94198 4.3629
1.6014 -2.39862 5.89775 4.33279
1.60061 -2.40814 5.85741 4.30529
1.60045 -2.41713 5.81704 4.27603
1.60069 -2.42562 5.77589 4.24515
1.60077 -2.43395 5.73515 4.21498
1.60042 -2.44268 5.69619 4.18728
1.59957 -2.45062 5.66311 4.16516
1.5982 -2.45677 5.63975 4.15153
1.5964 -2.46177 5.62667 4.14658
1.59447 -2.46369 5.62727 4.15205
1.59271 -2.46259 5.64045 4.16637
1.5913 -2.45924 5.66351 4.18712
1.59042 -2.45346 5.69442 4.21228
1.5904 -2.44618 5.72814 4.2373
1.59127 -2.4394 5.75795 4.25701
1.5926 -2.43362 5.78206 4.27128
1.59341 -2.43045 5.80071 4.28287
1.59267 -2.42806 5.82344 4.30165
1.59003 -2.42529 5.85862 4.33483
1.58629 -2.41767 5.91563 4.38734
1.58307 -2.40438 5.99108 4.45232
1.58186 -2.38657 6.07371 4.51719
1.58329 -2.36689 6.14913 4.56915
1.58706 -2.34951 6.20296 4.59819
1.59219 -2.33731 6.22733 4.60138
1.59728 -2.33324 6.21961 4.58102
1.60088 -2.33713 6.1874 4.54707
1.60215 -2.34611 6.14461 4.51203
1.60152 -2.35688 6.10263 4.48296
1.60045 -2.36652 6.0658 4.45889
1.60014 -2.37475 6.0304 4.43372
1.60044 -2.38256 5.99339 4.40569
1.60047 -2.39094 5.95572 4.37793
1.60004 -2.39926 5.92056 4.35325
1.59958 -2.40659 5.88921 4.33145
1.59918 -2.41337 5.86101 4.31179
1.59839 -2.41951 5.83848 4.29732
1.59695 -2.42447 5.82546 4.2916
1.59508 -2.42755 5.82416 4.29567
1.59314 -2.42754 5.8361 4.30974
1.59138 -2.42464 5.85952 4.33181
1.59044 -2.4196 5.88908 4.35624
1.59112 -2.41242 5.91753 4.3754
1.59331 -2.40601 5.93476 4.38212
1.59578 -2.40347 5.93618 4.37637
1.59775 -2.40463 5.9248 4.3626
1.59948 -2.40839 5.90253 4.34151
1.60133 -2.41539 5.86722 4.31056
1.60276 -2.42496 5.82228 4.27373
1.60768 -2.42911 5.77976 4.22954
1.60583 -2.44039 5.74166 4.20649
1.60349 -2.44927 5.7155 4.19343
1.6022 -2.4544 5.69797 4.18392
1.60216 -2.45776 5.68177 4.17215
1.60187 -2.4615 5.66683 4.16192
1.59981 -2.46427 5.66386 4.16511
1.59604 -2.46396 5.68176 4.18814
1.59217 -2.45769 5.72297 4.22875
1.59017 -2.44596 5.77727 4.27425
1.59101 -2.43086 5.83023 4.31114
1.59384 -2.41743 5.86813 4.33147
1.59705 -2.40844 5.88771 4.3372
1.60002 -2.40436 5.88977 4.33067
1.60272 -2.40428 5.87663 4.31371
1.60455 -2.40845 5.85179 4.29057
1.60472 -2.41526 5.82485 4.27037
1.60321 -2.4224 5.80532 4.26008
1.60084 -2.42758 5.79837 4.26126
1.59883 -2.42857 5.80454 4.27118
1.59842 -2.42676 5.81412 4.27933
1.60025 -2.42409 5.81532 4.2753
1.60352 -2.42483 5.79751 4.25351
1.60657 -2.43028 5.76201 4.21944
1.60805 -2.44016 5.71663 4.18235
1.60754 -2.45202 5.67285 4.15165
1.60554 -2.46318 5.63948 4.13237
1.60293 -2.47138 5.62121 4.12568
1.60034 -2.47554 5.6192 4.13089
1.59786 -2.47665 5.63148 4.14633
1.59543 -2.47317 5.66072 4.17422
1.59316 -2.46643 5.70394 4.21209
1.59147 -2.45621 5.75863 4.25698
1.59077 -2.44327 5.81933 4.30375
1.59088 -2.42947 5.88005 4.34834
1.59135 -2.41576 5.93847 4.39025
1.59222 -2.40265 5.99198 4.4274
1.59385 -2.39117 6.0354 4.45491
1.59614 -2.38191 6.06557 4.47076
1.59859 -2.37611 6.08062 4.47499
1.60075 -2.37405 6.08163 4.46968
1.60215 -2.37563 6.07215 4.45883
1.60225 -2.37903 6.06035 4.44987
1.60085 -2.38267 6.05427 4.4493
1.59812 -2.38431 6.06177 4.46243
1.5947 -2.38109 6.0889 4.492
1.59174 -2.37296 6.1324 4.53251
1.59046 -2.36036 6.18412 4.57442
1.59143 -2.34559 6.23196 4.60699
1.59422 -2.33241 6.26439 4.62286
1.60269 -2.31649 6.28003 4.60992
1.60589 -2.31376 6.27125 4.59431
1.6086 -2.31513 6.247 4.56883
1.6111 -2.32054 6.20773 4.53305
1.61363 -2.32959 6.1539 4.4867
1.61576 -2.34261 6.08723 4.43223
1.61639 -2.35871 6.01629 4.3789
1.6148 -2.37606 5.9528 4.33694
1.61169 -2.39082 5.9073 4.31211
1.60842 -2.40096 5.88151 4.302
1.6058 -2.40593 5.87306 4.30284
1.60367 -2.40717 5.87813 4.31226
1.60162 -2.40482 5.89682 4.3315
1.59984 -2.39966 5.92651 4.35817
1.5992 -2.39173 5.96184 4.38589
1.60001 -2.3826 5.99463 4.4078
1.60098 -2.37567 6.02037 4.42402
1.60113 -2.36975 6.04509 4.44179
1.60149 -2.36392 6.06742 4.45719
1.60344 -2.3584 6.07919 4.46039
1.60669 -2.35637 6.07133 4.44563
1.60962 -2.35916 6.04551 4.41867
1.61093 -2.36595 6.01063 4.38958
1.61047 -2.37461 5.97651 4.36593
1.60892 -2.38267 5.94986 4.35065
1.60736 -2.38846 5.93188 4.34171
1.60683 -2.3914 5.91866 4.33345
1.60762 -2.39395 5.90138 4.31868
1.6089 -2.39727 5.87798 4.29814
1.60936 -2.40341 5.84972 4.27624
1.60833 -2.41073 5.82539 4.26119
1.60606 -2.41562 5.81454 4.25926
1.60348 -2.41723 5.81804 4.26868
1.60155 -2.41439 5.83414 4.28566
1.6008 -2.4091 5.85456 4.30267
1.60143 -2.40283 5.87199 4.31379
1.60345 -2.39704 5.87936 4.31376
1.60641 -2.39453 5.86972 4.29876
1.60919 -2.39693 5.84288 4.27169
1.61076 -2.40372 5.80565 4.24034
1.6109 -2.4125 5.76749 4.21211
1.61001 -2.42154 5.7342 4.19011
1.6084 -2.4293 5.7105 4.17696
1.60609 -2.43458 5.70085 4.17592
1.60345 -2.43601 5.7081 4.1881
1.60168 -2.43373 5.7273 4.20683
1.60181 -2.42877 5.74865 4.22217
1.60315 -2.42409 5.76402 4.22991
1.60398 -2.42164 5.77442 4.23537
1.60362 -2.42005 5.78667 4.24528
1.60775 -2.41067 5.80729 4.24949
1.60718 -2.40741 5.82704 4.26544
1.60743 -2.40325 5.84595 4.27861
1.60863 -2.39939 5.85878 4.2848
1.61037 -2.39766 5.86125 4.28199
1.61167 -2.3981 5.85622 4.27488
1.61209 -2.40039 5.8476 4.26747
1.61241 -2.403 5.83676 4.2587
1.61363 -2.40653 5.81815 4.24192
1.61571 -2.4119 5.78761 4.21422
1.61774 -2.42012 5.74544 4.17826
1.61881 -2.4321 5.69507 4.13888
1.61835 -2.44498 5.64758 4.10555
1.61632 -2.45747 5.61067 4.08385
1.61322 -2.46704 5.59149 4.07771
1.60973 -2.47167 5.59369 4.08814
1.60643 -2.47131 5.61594 4.11285
1.60375 -2.46637 5.65472 4.14816
1.602 -2.45709 5.70602 4.19036
1.60105 -2.44479 5.76489 4.2361
1.6004 -2.4313 5.82777 4.28407
1.5998 -2.41699 5.89379 4.33422
1.59976 -2.40154 5.96042 4.38333
1.60089 -2.38632 6.02003 4.42402
1.60298 -2.37296 6.06677 4.45256
1.60507 -2.36237 6.10038 4.47141
1.60641 -2.35432 6.12456 4.4854
1.60709 -2.34911 6.1406 4.49524
1.60807 -2.3447 6.14945 4.49896
1.6104 -2.34151 6.14452 4.48885
1.61361 -2.34243 6.11917 4.46143
1.61634 -2.34788 6.07727 4.42339
1.6185 -2.35723 6.02252 4.37771
1.62025 -2.36994 5.95724 4.32559
1.62057 -2.3855 5.88913 4.27528
1.61868 -2.40184 5.83046 4.23762
1.61532 -2.41512 5.79151 4.21808
1.61215 -2.4231 5.77276 4.2127
1.6105 -2.42633 5.7661 4.21213
1.61026 -2.42701 5.7634 4.21079
1.61012 -2.42733 5.7626 4.21058
1.60941 -2.42736 5.76625 4.2151
1.60892 -2.42597 5.77383 4.22192
1.6095 -2.42441 5.77785 4.22333
1.61073 -2.42387 5.7746 4.21774
1.61151 -2.42533 5.76557 4.20912
1.61129 -2.4275 5.75688 4.20334
1.61033 -2.42956 5.75184 4.20217
1.60907 -2.4299 5.75332 4.20654
1.60785 -2.42948 5.75897 4.21386
1.61217 -2.41876 5.77411 4.21361
1.61288 -2.41419 5.78204 4.21755
1.61518 -2.41108 5.77681 4.20775
1.61745 -2.41156 5.75758 4.18783
1.61787 -2.41543 5.73392 4.16954
1.61682 -2.41976 5.71491 4.15843
1.61603 -2.42222 5.70073 4.15014
1.6163 -2.42336 5.6858 4.13859
1.61703 -2.42514 5.66651 4.12267
1.61745 -2.42817 5.64444 4.10555
1.61757 -2.43197 5.62166 4.08868
1.61779 -2.4354 5.59939 4.07192
1.61804 -2.44004 5.5755 4.05393
1.61756 -2.44485 5.55571 4.04074
1.61572 -2.4488 5.54751 4.03936
1.61271 -2.44992 5.55777 4.05438
1.60927 -2.44662 5.58902 4.0859
1.60618 -2.438 5.63998 4.1311
1.60411 -2.42487 5.70434 4.18363
1.60393 -2.40804 5.77278 4.2343
1.60656 -2.39083 5.82877 4.26836
1.61192 -2.37756 5.85619 4.27418
1.6181 -2.37319 5.84716 4.25129
1.62269 -2.37783 5.81076 4.21288
1.62463 -2.38995 5.75997 4.17105
1.62439 -2.40452 5.70981 4.13536
1.62295 -2.41832 5.66813 4.1088
1.62082 -2.43018 5.63848 4.09268
1.61776 -2.43936 5.62558 4.09104
1.61373 -2.44392 5.63589 4.10879
1.60943 -2.44199 5.67193 4.1461
1.60596 -2.43372 5.72862 4.19658
1.60416 -2.42019 5.79701 4.25147
1.60431 -2.40363 5.86629 4.30185
1.60605 -2.38766 5.92566 4.3407
1.60819 -2.37448 5.97193 4.36877
1.60934 -2.36471 6.00957 4.39315
1.60898 -2.35618 6.04806 4.42228
1.60777 -2.34719 6.09193 4.45771
1.60677 -2.33613 6.14142 4.49674
1.60656 -2.32381 6.19151 4.53399
1.60743 -2.31045 6.23787 4.56546
1.60995 -2.2983 6.27047 4.58214
1.61442 -2.29014 6.27786 4.57483
1.61973 -2.28924 6.25388 4.54243
1.62358 -2.29658 6.20567 4.49672
1.62436 -2.30996 6.14986 4.45415
1.62243 -2.32417 6.10366 4.42593
1.61942 -2.33491 6.07531 4.41357
1.6166 -2.34129 6.06376 4.41286
1.61911 -2.33624 6.07129 4.41148
1.61668 -2.33503 6.08917 4.43114
1.61452 -2.33002 6.12046 4.45986
1.61313 -2.32184 6.16047 4.49289
1.61238 -2.31124 6.20564 4.52795
1.61193 -2.29972 6.25275 4.56359
1.61242 -2.28714 6.29766 4.59495
1.61508 -2.27498 6.3287 4.61001
1.62003 -2.26799 6.32995 4.59684
1.6255 -2.26855 6.29843 4.55854
1.62942 -2.27718 6.24169 4.50662
1.63159 -2.29149 6.16976 4.44876
1.63309 -2.30937 6.08651 4.38469
1.63423 -2.32902 5.99616 4.3166
1.63458 -2.35041 5.90267 4.24837
1.6342 -2.3723 5.81104 4.1834
1.6331 -2.39345 5.72612 4.12505
1.63076 -2.41367 5.65348 4.07857
1.62715 -2.42931 5.60366 4.0516
1.62325 -2.4401 5.57655 4.04168
1.62023 -2.44471 5.56965 4.0442
1.61846 -2.44481 5.57554 4.05291
1.61738 -2.44225 5.58991 4.06605
1.61626 -2.43818 5.61226 4.08515
1.61481 -2.43281 5.64365 4.11169
1.61306 -2.42553 5.68582 4.1469
1.61098 -2.41506 5.74184 4.19317
1.6088 -2.40131 5.81143 4.24973
1.60739 -2.38482 5.88948 4.31058
1.60748 -2.36613 5.96875 4.36837
1.60864 -2.34716 6.04291 4.41944
1.60955 -2.33053 6.11048 4.46635
1.60924 -2.31508 6.17873 4.51709
1.60812 -2.29879 6.25283 4.57447
1.60748 -2.28071 6.33055 4.63317
1.60855 -2.26131 6.40327 4.68325
1.61181 -2.24446 6.45661 4.71274
1.6169 -2.232 6.48201 4.71638
1.62309 -2.22719 6.47162 4.69086
1.6292 -2.23189 6.42454 4.63927
1.63364 -2.2459 6.34928 4.57244
1.63518 -2.26684 6.26164 4.5051
1.63346 -2.28987 6.18115 4.45185
1.62945 -2.3102 6.12216 4.42022
1.62508 -2.32421 6.08911 4.40819
1.62215 -2.33189 6.07454 4.4056
1.62133 -2.33494 6.06773 4.40288
1.62211 -2.33715 6.0578 4.39355
1.62351 -2.34011 6.04142 4.3779
1.62497 -2.34524 6.0165 4.35593
1.63124 -2.34544 5.98724 4.31808
1.63187 -2.35486 5.94902 4.28885
1.63141 -2.36514 5.91154 4.26303
1.62985 -2.37485 5.88062 4.24479
1.62793 -2.38217 5.85921 4.23433
1.6268 -2.38659 5.84373 4.22608
1.62719 -2.38913 5.82652 4.21262
1.62863 -2.39294 5.80005 4.18978
1.62979 -2.39866 5.76683 4.1628
1.62975 -2.40624 5.73291 4.13843
1.62842 -2.41338 5.70685 4.12297
1.62617 -2.41867 5.69363 4.11912
1.62351 -2.42037 5.69667 4.12806
1.62116 -2.41824 5.71411 4.14672
1.61977 -2.41195 5.74193 4.17047
1.61967 -2.40387 5.77101 4.19185
1.62087 -2.39572 5.79389 4.20537
1.62332 -2.38909 5.8036 4.20606
1.62685 -2.38657 5.79236 4.18879
1.63064 -2.38951 5.75835 4.15452
1.63346 -2.39817 5.70651 4.11
1.63477 -2.41125 5.64508 4.06252
1.63492 -2.42586 5.58225 4.01693
1.63453 -2.44102 5.52074 3.97362
1.634 -2.45497 5.46362 3.93377
1.63356 -2.46816 5.40984 3.8961
1.63313 -2.48124 5.35867 3.86026
1.63237 -2.49335 5.3135 3.8295
1.63091 -2.50425 5.27788 3.80724
1.62866 -2.51333 5.2558 3.79656
1.62571 -2.519 5.25212 3.80077
1.62209 -2.51997 5.27116 3.82307
1.61791 -2.51518 5.31622 3.86571
1.61378 -2.50413 5.3868 3.92707
1.61051 -2.48703 5.478 4.00166
1.60854 -2.46488 5.5827 4.08312
1.60783 -2.4397 5.69292 4.16558
1.60813 -2.41348 5.80175 4.24442
1.60945 -2.3879 5.90251 4.31459
1.61221 -2.36468 5.9865 4.36849
1.61662 -2.34563 6.04462 4.39887
1.62161 -2.33319 6.07249 4.40556
1.62542 -2.32821 6.07565 4.39752
1.62787 -2.32894 6.06214 4.38114
1.63003 -2.33311 6.03517 4.35586
1.63181 -2.34097 5.99615 4.32298
1.63235 -2.35111 5.95361 4.29091
1.63142 -2.36237 5.91508 4.26557
1.62923 -2.37157 5.8902 4.25334
1.62597 -2.37785 5.88399 4.25737
1.62706 -2.37195 5.90537 4.26997
1.62336 -2.36774 5.94556 4.30882
1.62086 -2.35784 6.00275 4.35697
1.62024 -2.34373 6.06679 4.40514
1.62173 -2.32957 6.12295 4.44186
1.62497 -2.31717 6.16252 4.46164
1.62886 -2.30968 6.17943 4.46319
1.63174 -2.3088 6.1765 4.4532
1.63255 -2.31139 6.1673 4.44437
1.63152 -2.31554 6.16044 4.44222
1.62967 -2.3185 6.16155 4.44808
1.62816 -2.31796 6.17161 4.45947
1.62782 -2.31496 6.18383 4.46922
1.62867 -2.31137 6.19131 4.4723
1.62975 -2.30906 6.19173 4.46963
1.62997 -2.3087 6.18847 4.46667
1.62919 -2.30882 6.18741 4.46806
1.62833 -2.30787 6.18977 4.47212
1.62867 -2.3047 6.19154 4.47245
1.63094 -2.30243 6.18031 4.45814
1.63469 -2.30437 6.14682 4.42381
1.63837 -2.31143 6.09276 4.37506
1.64011 -2.32389 6.02748 4.32358
1.63891 -2.33924 5.96679 4.28318
1.63524 -2.35271 5.92633 4.26367
1.63067 -2.36027 5.91348 4.26637
1.62669 -2.36104 5.92545 4.28547
1.62392 -2.35583 5.95585 4.31478
1.62232 -2.3473 5.99632 4.34839
1.6218 -2.33553 6.04303 4.38367
1.62235 -2.32337 6.08722 4.41423
1.62361 -2.31204 6.12475 4.43801
1.62486 -2.30242 6.15504 4.45652
1.62576 -2.2949 6.17906 4.47145
1.62666 -2.28858 6.19762 4.48239
1.62802 -2.28344 6.20851 4.48652
1.62954 -2.28065 6.20965 4.48315
1.63033 -2.28084 6.20369 4.47667
1.63001 -2.28106 6.19969 4.47466
1.62937 -2.28079 6.19809 4.47528
1.62977 -2.27984 6.19356 4.4709
1.63187 -2.27913 6.17801 4.45393
1.63474 -2.28208 6.14501 4.42237
1.63668 -2.28908 6.1 4.38476
1.63719 -2.29877 6.0511 4.34827
1.63704 -2.30924 6.00263 4.31383
1.63689 -2.31988 5.95481 4.27986
1.63661 -2.33007 5.9097 4.24816
1.63581 -2.34002 5.86953 4.22135
1.63431 -2.34863 5.83874 4.20306
1.63726 -2.34775 5.8243 4.18511
1.63522 -2.35079 5.81939 4.18681
1.63392 -2.35073 5.82374 4.19326
1.63366 -2.34933 5.8305 4.19879
1.63406 -2.34747 5.83655 4.20212
1.63431 -2.34621 5.84167 4.20518
1.63389 -2.34523 5.84912 4.21162
1.63306 -2.34358 5.86105 4.22234
1.63247 -2.34052 5.87658 4.23506
1.6325 -2.3362 5.89267 4.24657
1.63317 -2.33249 5.90399 4.25299
1.63442 -2.32988 5.90798 4.25262
1.63647 -2.32921 5.90052 4.24193
1.63994 -2.33151 5.87467 4.21442
1.64412 -2.33912 5.8254 4.16845
1.64575 -2.35328 5.76451 4.12077
1.64309 -2.36907 5.71741 4.09374
1.63822 -2.38093 5.69683 4.09112
1.63393 -2.38549 5.70185 4.10548
1.63156 -2.38414 5.72163 4.12571
1.63128 -2.37884 5.74579 4.14384
1.63248 -2.37305 5.76452 4.15428
1.63416 -2.36969 5.77288 4.15603
1.63561 -2.36836 5.77334 4.15268
1.63676 -2.36889 5.76713 4.14529
1.63764 -2.37158 5.75445 4.13397
1.63797 -2.37572 5.73873 4.12184
1.63757 -2.38018 5.7244 4.11256
1.63644 -2.38424 5.71486 4.10854
1.63489 -2.38626 5.71361 4.11154
1.63369 -2.38578 5.71893 4.11839
1.63345 -2.38396 5.72472 4.12316
1.63396 -2.38162 5.72762 4.12395
1.63455 -2.3802 5.72618 4.12142
1.63494 -2.37975 5.72174 4.11725
1.63544 -2.37939 5.71531 4.11138
1.63641 -2.38059 5.70267 4.09985
1.63776 -2.38295 5.68394 4.083
1.63896 -2.38745 5.6593 4.06234
1.63937 -2.3936 5.63342 4.04274
1.63845 -2.40047 5.61307 4.03041
1.63589 -2.40598 5.60735 4.03258
1.63208 -2.40755 5.62376 4.05383
1.62811 -2.40315 5.66414 4.09289
1.62526 -2.39285 5.72227 4.14215
1.62419 -2.37813 5.78857 4.1929
1.62438 -2.36164 5.85494 4.24049
1.62471 -2.34514 5.91951 4.28637
1.62506 -2.32966 5.98031 4.32947
1.62666 -2.31453 6.03199 4.36258
1.63541 -2.29447 6.06642 4.36402
1.64076 -2.28751 6.06573 4.34928
1.64631 -2.28867 6.03198 4.3105
1.65076 -2.29829 5.97083 4.25531
1.65298 -2.31458 5.89503 4.19566
1.65207 -2.33457 5.82184 4.14583
1.64835 -2.35288 5.76957 4.11789
1.64317 -2.36542 5.74805 4.11547
1.63771 -2.37012 5.7599 4.1377
1.63255 -2.36622 5.80448 4.18291
1.62799 -2.35469 5.87731 4.24725
1.62445 -2.33612 5.97273 4.32561
1.62267 -2.31249 6.07962 4.40786
1.62335 -2.28614 6.1838 4.4815
1.62664 -2.26123 6.26869 4.53385
1.63232 -2.24124 6.32052 4.55542
1.64011 -2.22932 6.32732 4.53866
1.64851 -2.22934 6.28312 4.484
1.65487 -2.24275 6.19681 4.40539
1.65767 -2.26528 6.09036 4.32242
1.65727 -2.2917 5.98293 4.24718
1.65492 -2.31804 5.88631 4.18452
1.65155 -2.34003 5.81038 4.13899
1.64764 -2.35746 5.75726 4.11089
1.64361 -2.36875 5.72996 4.10142
1.6397 -2.3746 5.72679 4.10892
1.63585 -2.37418 5.74902 4.13458
1.63243 -2.36821 5.79309 4.17501
1.63033 -2.35656 5.85295 4.22359
1.62989 -2.34188 5.91751 4.27131
1.63058 -2.32665 5.97942 4.31417
1.63168 -2.31256 6.03524 4.35151
1.63253 -2.30014 6.08559 4.38553
1.6322 -2.28938 6.13557 4.42244
1.63063 -2.27795 6.19318 4.46827
1.62954 -2.26401 6.25697 4.51731
1.63047 -2.24812 6.31677 4.55788
1.63313 -2.23337 6.36236 4.58332
1.63676 -2.22326 6.38621 4.59028
1.64147 -2.21809 6.38461 4.57596
1.64663 -2.22049 6.35295 4.539
1.64937 -2.23113 6.30322 4.49599
1.64784 -2.2452 6.26095 4.47
1.64338 -2.25678 6.24324 4.46944
1.63836 -2.26202 6.25429 4.49106
1.63461 -2.25963 6.28891 4.5263
1.63308 -2.25095 6.33564 4.56421
1.63369 -2.23985 6.38066 4.59491
1.63574 -2.23026 6.41342 4.61271
1.63881 -2.22343 6.42891 4.6152
1.64777 -2.21436 6.42432 4.58681
1.6519 -2.21886 6.39043 4.55121
1.65458 -2.22943 6.33895 4.50723
1.65442 -2.24437 6.28437 4.46886
1.65156 -2.25898 6.24334 4.44737
1.64773 -2.26866 6.22412 4.44399
1.64498 -2.27229 6.22192 4.44984
1.64418 -2.27164 6.22636 4.4552
1.6449 -2.27053 6.22707 4.45374
1.64651 -2.27035 6.22023 4.44449
1.64863 -2.27265 6.20249 4.42613
1.65061 -2.27848 6.17371 4.4003
1.65123 -2.28741 6.14105 4.37537
1.64916 -2.29694 6.11954 4.36552
1.64421 -2.303 6.12541 4.38287
1.63813 -2.30157 6.16584 4.42818
1.63355 -2.29094 6.23412 4.48977
1.63222 -2.27286 6.31355 4.55069
1.6343 -2.25339 6.38234 4.59439
1.6387 -2.23759 6.42609 4.61348
1.64355 -2.22858 6.44079 4.61037
1.64704 -2.22645 6.43351 4.59542
1.64822 -2.22974 6.41546 4.57924
1.64739 -2.23494 6.39846 4.56941
1.64558 -2.23785 6.39094 4.56907
1.6441 -2.23903 6.3887 4.57156
1.64422 -2.23747 6.38628 4.56951
1.64632 -2.23653 6.37105 4.55279
1.64962 -2.23892 6.33619 4.51883
1.65306 -2.24595 6.28125 4.47032
1.65621 -2.25806 6.20776 4.40963
1.65879 -2.27512 6.11889 4.33974
1.65998 -2.29631 6.0226 4.26838
1.65885 -2.31853 5.93392 4.20838
1.65518 -2.33921 5.86628 4.16965
1.64943 -2.35428 5.83263 4.16019
1.64246 -2.36132 5.83947 4.18273
1.63551 -2.35752 5.88906 4.23617
1.63023 -2.3432 5.97219 4.30988
1.62835 -2.32017 6.07147 4.3866
1.63069 -2.29476 6.16058 4.44457
1.63621 -2.27358 6.21933 4.47184
1.64226 -2.26041 6.24355 4.47272
1.64671 -2.25663 6.23924 4.45753
1.64932 -2.25923 6.21774 4.43516
1.65091 -2.2656 6.18522 4.40772
1.65221 -2.27367 6.14513 4.3757
1.65317 -2.28422 6.09762 4.33935
1.65309 -2.29618 6.04937 4.30523
1.6513 -2.3086 6.00887 4.28102
1.6528 -2.31078 5.99159 4.26484
1.6484 -2.31502 5.99524 4.27882
1.64455 -2.31231 6.02244 4.30832
1.64259 -2.30389 6.06263 4.34223
1.64322 -2.29229 6.10203 4.36878
1.64605 -2.282 6.12666 4.37888
1.64967 -2.27662 6.13026 4.37183
1.65181 -2.27637 6.12106 4.3596
1.65049 -2.27967 6.11618 4.35961
1.64595 -2.2805 6.13577 4.38564
1.64089 -2.2743 6.18476 4.43429
1.63882 -2.26016 6.24933 4.48625
1.64152 -2.24315 6.30257 4.51702
1.64749 -2.22992 6.32532 4.5169
1.65353 -2.22627 6.31293 4.49158
1.65732 -2.23213 6.27647 4.45544
1.65795 -2.24355 6.23415 4.42371
1.65573 -2.25564 6.20272 4.40732
1.65204 -2.26458 6.19093 4.40875
1.64883 -2.2674 6.19887 4.423
1.64745 -2.26563 6.21561 4.43867
1.64778 -2.26173 6.23142 4.44907
1.64872 -2.25864 6.2411 4.45343
1.64956 -2.25658 6.24577 4.45451
1.65028 -2.25583 6.24517 4.45212
1.65078 -2.25608 6.24073 4.44761
1.65055 -2.25737 6.23548 4.44449
1.64931 -2.2583 6.23535 4.44774
1.64759 -2.25699 6.24391 4.45849
1.64666 -2.25346 6.25627 4.46986
1.64766 -2.24798 6.26364 4.4724
1.65065 -2.24468 6.25251 4.45635
1.65441 -2.24555 6.21935 4.42264
1.65747 -2.25239 6.16635 4.37688
1.65923 -2.2638 6.10158 4.32631
1.65971 -2.27783 6.03301 4.27644
1.65888 -2.29271 5.96843 4.23277
1.65702 -2.30584 5.9156 4.20003
1.65517 -2.31611 5.875 4.17587
1.65467 -2.32355 5.84024 4.15242
1.6558 -2.33044 5.80191 4.12234
1.65725 -2.33874 5.75801 4.08759
1.65732 -2.3499 5.71346 4.05577
1.65552 -2.36113 5.67995 4.03637
1.65247 -2.36942 5.66546 4.03352
1.64899 -2.37345 5.67213 4.04678
1.64579 -2.3721 5.69979 4.07443
1.64368 -2.36562 5.74302 4.1106
1.64333 -2.3559 5.79161 4.14624
1.64446 -2.34603 5.83584 4.17504
1.6505 -2.33012 5.87988 4.19114
1.65014 -2.32356 5.92102 4.2214
1.64865 -2.31619 5.97077 4.26071
1.64718 -2.30661 6.02895 4.30607
1.64619 -2.29498 6.09243 4.35403
1.64542 -2.28156 6.16 4.40438
1.64486 -2.26726 6.22893 4.45519
1.64493 -2.25219 6.29576 4.50279
1.64585 -2.23715 6.3557 4.54312
1.64745 -2.22364 6.40412 4.57329
1.64952 -2.21234 6.43881 4.59229
1.6519 -2.20389 6.45815 4.59944
1.65442 -2.19958 6.46012 4.59383
1.65681 -2.19871 6.44709 4.57795
1.65863 -2.20138 6.42176 4.55497
1.65966 -2.20701 6.38832 4.52845
1.66031 -2.21371 6.35076 4.50005
1.66128 -2.22182 6.30658 4.46613
1.66282 -2.2312 6.25403 4.42483
1.66481 -2.24262 6.191 4.375
1.66705 -2.25748 6.11501 4.31547
1.66866 -2.27537 6.03061 4.25181
1.66814 -2.29621 5.94767 4.19465
1.66519 -2.31656 5.88073 4.15479
1.66142 -2.33182 5.83786 4.13386
1.65868 -2.34127 5.81398 4.12375
1.6571 -2.34672 5.80212 4.11926
1.65586 -2.34973 5.79993 4.12079
1.65482 -2.35105 5.80528 4.12718
1.65382 -2.35086 5.81749 4.13836
1.65217 -2.34915 5.83929 4.15801
1.65002 -2.34468 5.87373 4.18798
1.64857 -2.33734 5.91629 4.22205
1.6487 -2.32713 5.95996 4.25287
1.65033 -2.31749 5.99404 4.27298
1.65265 -2.31062 6.01361 4.28089
1.65475 -2.30696 6.02007 4.28006
1.65612 -2.30617 6.01709 4.27441
1.65685 -2.30799 6.00695 4.26533
1.65726 -2.311 5.99254 4.25403
1.65763 -2.31446 5.97484 4.24054
1.65807 -2.31851 5.95315 4.22401
1.65841 -2.32291 5.9287 4.20581
1.6582 -2.32788 5.90379 4.18867
1.65732 -2.3328 5.88216 4.17554
1.6561 -2.33646 5.8667 4.16762
1.65505 -2.33831 5.85737 4.16363
1.65446 -2.33806 5.85306 4.16206
1.65428 -2.33712 5.85056 4.16073
1.65438 -2.33617 5.84846 4.159
1.65979 -2.32768 5.85037 4.14678
1.66057 -2.32708 5.84608 4.14181
1.6613 -2.32779 5.83924 4.13512
1.66121 -2.32996 5.83366 4.13139
1.65963 -2.33188 5.83803 4.13845
1.65631 -2.33161 5.86131 4.16326
1.65164 -2.32581 5.9125 4.21151
1.64675 -2.31307 5.99231 4.28102
1.64352 -2.29297 6.09257 4.36121
1.64392 -2.2681 6.19356 4.4324
1.64862 -2.2436 6.27132 4.47528
1.65536 -2.22702 6.3099 4.48448
1.66088 -2.2205 6.31507 4.47322
1.66402 -2.22168 6.30021 4.45427
1.66517 -2.22765 6.27593 4.43404
1.66502 -2.23534 6.25058 4.41654
1.66427 -2.24305 6.22802 4.40259
1.66319 -2.24945 6.21121 4.39356
1.66159 -2.25431 6.20267 4.39174
1.65953 -2.25681 6.20518 4.39897
1.65784 -2.25613 6.21761 4.41228
1.6576 -2.25187 6.23405 4.42458
1.65906 -2.24812 6.24155 4.426
1.66119 -2.24719 6.2357 4.41619
1.66265 -2.24921 6.22068 4.40168
1.66329 -2.2534 6.20075 4.38589
1.66378 -2.2583 6.17788 4.36843
1.66407 -2.26428 6.1523 4.34957
1.66368 -2.26982 6.12985 4.33471
1.6629 -2.27516 6.11105 4.32346
1.66263 -2.27958 6.09399 4.31209
1.66345 -2.28383 6.07288 4.29502
1.66514 -2.28911 6.04339 4.26983
1.66699 -2.2966 6.00444 4.23761
1.66816 -2.30716 5.9584 4.20217
1.66756 -2.31972 5.91464 4.17279
1.66438 -2.33112 5.88837 4.1622
1.65898 -2.33748 5.89261 4.17876
1.65295 -2.33583 5.93141 4.22163
1.64807 -2.32488 5.99984 4.28298
1.64526 -2.30709 6.08503 4.35119
1.64458 -2.28513 6.17519 4.41751
1.64581 -2.26216 6.25887 4.47401
1.649 -2.2409 6.32511 4.51262
1.65416 -2.22401 6.36313 4.52557
1.6603 -2.21521 6.36548 4.51052
1.66486 -2.21613 6.33908 4.4795
1.66593 -2.22315 6.30502 4.45258
1.66415 -2.23177 6.2791 4.43901
1.66145 -2.2382 6.26753 4.43804
1.66421 -2.23288 6.2741 4.43531
1.66313 -2.23157 6.28394 4.44515
1.6635 -2.22856 6.29289 4.4505
1.66548 -2.22568 6.29223 4.44474
1.66879 -2.22648 6.2719 4.42158
1.672 -2.2327 6.23169 4.38482
1.67356 -2.2432 6.18146 4.34541
1.67312 -2.25598 6.13182 4.31165
1.67117 -2.26792 6.0923 4.28885
1.66853 -2.27697 6.0675 4.27816
1.66596 -2.28221 6.05768 4.27783
1.66408 -2.28376 6.05938 4.28387
1.66347 -2.28224 6.06636 4.29037
1.6643 -2.27992 6.0696 4.29053
1.66597 -2.27897 6.06351 4.28191
1.66761 -2.28011 6.04848 4.26711
1.66852 -2.28419 6.02654 4.2493
1.66823 -2.28979 6.00501 4.23486
1.66655 -2.29454 5.99296 4.23061
1.66386 -2.29705 5.99566 4.23937
1.66079 -2.29554 6.01645 4.26194
1.65796 -2.28886 6.05545 4.29687
1.65611 -2.27785 6.10679 4.33815
1.65574 -2.26434 6.16141 4.37794
1.65668 -2.25001 6.21207 4.41142
1.65857 -2.23771 6.25122 4.43416
1.66168 -2.22801 6.27329 4.44149
1.66617 -2.22332 6.26948 4.42684
1.67075 -2.22583 6.23816 4.39265
1.67374 -2.2344 6.18976 4.35079
1.67436 -2.24803 6.13524 4.31087
1.67237 -2.2627 6.0905 4.28451
1.66805 -2.27392 6.07039 4.28142
1.66272 -2.27781 6.08252 4.30374
1.65818 -2.27382 6.12209 4.3436
1.65544 -2.26387 6.17812 4.3906
1.65427 -2.24934 6.24339 4.44013
1.65396 -2.23312 6.31111 4.48912
1.6545 -2.21662 6.3761 4.53387
1.65654 -2.20054 6.43109 4.56734
1.66006 -2.18797 6.46607 4.58244
1.66371 -2.1808 6.47974 4.58205
1.66585 -2.17932 6.4792 4.57579
1.66551 -2.18101 6.47817 4.57601
1.66312 -2.1822 6.48868 4.59002
1.66079 -2.17933 6.51296 4.61366
1.66082 -2.17271 6.53899 4.63201
1.66354 -2.16579 6.55164 4.63337
1.66719 -2.16402 6.54182 4.61631
1.66978 -2.16743 6.51628 4.59115
1.67549 -2.16755 6.48851 4.55601
1.67476 -2.17593 6.45987 4.53788
1.67357 -2.18329 6.4376 4.52545
1.67236 -2.18866 6.42263 4.51818
1.67119 -2.19214 6.41454 4.51566
1.67036 -2.19394 6.41117 4.51552
1.6703 -2.19418 6.40897 4.51413
1.67094 -2.19441 6.40317 4.50833
1.67191 -2.19571 6.39163 4.49759
1.673 -2.19867 6.37356 4.48194
1.67404 -2.20328 6.34983 4.4625
1.67439 -2.20947 6.32397 4.4434
1.67318 -2.21654 6.30382 4.43245
1.67021 -2.22121 6.30094 4.4383
1.66662 -2.22165 6.31833 4.46012
1.66393 -2.21608 6.35333 4.49207
1.66282 -2.20663 6.39579 4.52511
1.66339 -2.19602 6.43532 4.55152
1.66561 -2.18632 6.46282 4.56488
1.66935 -2.17931 6.47038 4.55998
1.67417 -2.17783 6.45037 4.53279
1.67905 -2.18433 6.40015 4.48443
1.68268 -2.19813 6.32727 4.4238
1.68419 -2.21726 6.24365 4.36142
1.68342 -2.23874 6.16238 4.30664
1.68057 -2.25922 6.09582 4.26733
1.67612 -2.27508 6.05493 4.24995
1.67092 -2.28406 6.0448 4.25606
1.66605 -2.28538 6.06395 4.28202
1.66242 -2.27887 6.10707 4.32189
1.6605 -2.26728 6.16306 4.36656
1.66021 -2.25304 6.22226 4.40925
1.66089 -2.23818 6.27888 4.44757
1.6617 -2.22428 6.33061 4.48202
1.66241 -2.21152 6.37747 4.51326
1.66326 -2.20042 6.41735 4.53918
1.66449 -2.18953 6.45086 4.55951
1.666 -2.18122 6.47319 4.57113
1.66734 -2.17517 6.48623 4.57666
1.6681 -2.17127 6.49275 4.57919
1.66858 -2.16846 6.49505 4.57948
1.67008 -2.16622 6.48894 4.57108
1.67391 -2.16616 6.46227 4.54186
1.67974 -2.17179 6.40373 4.4851
1.68524 -2.18715 6.31197 4.40641
1.68788 -2.21033 6.20415 4.32437
1.68651 -2.23729 6.10237 4.25686
1.68169 -2.26279 6.02618 4.21578
1.67498 -2.27994 5.99095 4.20792
1.66808 -2.28736 5.99695 4.22956
1.66721 -2.27695 6.04407 4.26501
1.66313 -2.26518 6.1142 4.32508
1.66111 -2.24742 6.19922 4.39056
1.66107 -2.2262 6.28824 4.45372
1.66277 -2.2055 6.36875 4.50613
1.6659 -2.18699 6.43325 4.5432
1.67006 -2.17365 6.47362 4.56033
1.67456 -2.16629 6.48806 4.55821
1.67825 -2.16636 6.47837 4.54141
1.67993 -2.17098 6.45763 4.52234
1.67971 -2.17823 6.435 4.50708
1.6792 -2.18467 6.41458 4.49414
1.67985 -2.1911 6.38902 4.47451
1.6812 -2.19901 6.35431 4.44662
1.68149 -2.2084 6.31704 4.41976
1.67988 -2.21787 6.28719 4.40312
1.67702 -2.22524 6.27132 4.39948
1.67406 -2.22829 6.27168 4.40751
1.67189 -2.22712 6.2842 4.42204
1.67099 -2.22218 6.30337 4.43792
1.67133 -2.21646 6.32037 4.449
1.67276 -2.2107 6.3308 4.45252
1.67523 -2.20759 6.32697 4.44326
1.67806 -2.20789 6.30771 4.42227
1.6799 -2.21282 6.27656 4.3956
1.67996 -2.21983 6.24515 4.37345
1.67864 -2.22703 6.22059 4.35969
1.67684 -2.23233 6.20655 4.35452
1.67511 -2.23581 6.2017 4.35561
1.67366 -2.236 6.2073 4.36331
1.67284 -2.23316 6.22026 4.37455
1.67301 -2.22978 6.23247 4.38271
1.67388 -2.22723 6.2398 4.3856
1.67467 -2.22515 6.2445 4.38681
1.67507 -2.22487 6.24632 4.38705
1.67529 -2.22508 6.24775 4.38747
1.67533 -2.22535 6.25005 4.38898
1.67457 -2.22592 6.25626 4.39533
1.67266 -2.22538 6.27259 4.41183
1.6704 -2.22191 6.30139 4.43811
1.66906 -2.21503 6.33762 4.46721
1.66967 -2.20575 6.37104 4.48913
1.67263 -2.19766 6.3869 4.49234
1.67717 -2.19397 6.37573 4.47233
1.68152 -2.19735 6.3367 4.43345
1.68419 -2.20731 6.27911 4.38619
1.68486 -2.22117 6.21519 4.33983
1.68398 -2.23634 6.15427 4.29952
1.68188 -2.25015 6.10497 4.27041
1.67857 -2.26022 6.07572 4.25834
1.67954 -2.25811 6.07421 4.25482
1.67632 -2.25733 6.08954 4.27375
1.67552 -2.25139 6.11388 4.29288
1.67681 -2.24456 6.1336 4.3034
1.67798 -2.23999 6.1473 4.31001
1.67726 -2.23697 6.16483 4.32415
1.67491 -2.23307 6.19466 4.35117
1.67239 -2.22555 6.23901 4.38894
1.67097 -2.21371 6.29311 4.43076
1.67113 -2.20029 6.34617 4.46769
1.67264 -2.18697 6.39117 4.49529
1.67502 -2.17569 6.4228 4.51113
1.67779 -2.1682 6.43754 4.51403
1.68058 -2.16532 6.4345 4.50441
1.68322 -2.16632 6.41575 4.48422
1.68575 -2.17115 6.38173 4.45375
1.68798 -2.17997 6.33352 4.41427
1.68924 -2.19224 6.27635 4.37115
1.68906 -2.20608 6.21887 4.33159
1.68782 -2.21997 6.16658 4.29833
1.68641 -2.23184 6.12216 4.27094
1.6854 -2.24116 6.08458 4.24726
1.68452 -2.24933 6.05173 4.22654
1.68317 -2.25609 6.02691 4.21259
1.68156 -2.26069 6.01208 4.20622
1.68054 -2.26296 6.00438 4.20339
1.67999 -2.26381 6.00086 4.2023
1.67851 -2.2639 6.00563 4.20935
1.67525 -2.26179 6.02817 4.23337
1.67229 -2.25443 6.06957 4.26999
1.67338 -2.24238 6.10947 4.29527
1.67774 -2.23266 6.12657 4.2961
1.68103 -2.22913 6.12569 4.28708
1.682 -2.23035 6.11821 4.27936
1.68053 -2.23406 6.11569 4.28133
1.67693 -2.23445 6.13433 4.30362
1.67359 -2.22942 6.17273 4.3392
1.67312 -2.2195 6.21643 4.37114
1.6758 -2.20942 6.24693 4.38557
1.67934 -2.20297 6.25889 4.3847
1.68117 -2.20229 6.25846 4.37961
1.68074 -2.20436 6.25891 4.38105
1.6794 -2.20517 6.26758 4.39062
1.67863 -2.20445 6.28061 4.40178
1.67862 -2.20275 6.29413 4.41129
1.67858 -2.20128 6.30735 4.42065
1.6781 -2.19859 6.32457 4.43397
1.67779 -2.19533 6.34282 4.4476
1.67829 -2.19178 6.35756 4.45661
1.6793 -2.18924 6.36515 4.45925
1.68534 -2.18052 6.3701 4.44673
1.68763 -2.18056 6.35835 4.43251
1.69274 -2.18478 6.31758 4.39078
1.69795 -2.19709 6.24549 4.32736
1.69894 -2.21666 6.16497 4.26907
1.696 -2.23748 6.09828 4.23021
1.6917 -2.25387 6.05505 4.21091
1.68773 -2.26336 6.03578 4.20737
1.68495 -2.26763 6.03241 4.21196
1.68333 -2.26762 6.03945 4.22093
1.68236 -2.26559 6.05173 4.23198
1.68212 -2.26147 6.06659 4.24295
1.68318 -2.25726 6.07544 4.24647
1.68528 -2.25398 6.07375 4.23999
1.6874 -2.25423 6.05913 4.22448
1.68867 -2.25752 6.03708 4.20595
1.68864 -2.26333 6.01376 4.18976
1.68707 -2.26889 5.99961 4.1838
1.68397 -2.27223 6.00308 4.19394
1.67979 -2.27091 6.03106 4.22395
1.67543 -2.26309 6.08573 4.27333
1.67205 -2.24853 6.16214 4.33574
1.67069 -2.22881 6.24897 4.40041
1.67163 -2.2072 6.33223 4.45655
1.67407 -2.18712 6.40189 4.499
1.67679 -2.17093 6.45436 4.52852
1.67925 -2.15853 6.49078 4.5474
1.68182 -2.14969 6.50997 4.55386
1.68505 -2.14516 6.50739 4.54335
1.68901 -2.1456 6.47938 4.51318
1.6931 -2.15166 6.42562 4.46493
1.69625 -2.16352 6.35109 4.40492
1.69774 -2.18046 6.26429 4.34092
1.6977 -2.19986 6.17515 4.27925
1.69684 -2.21931 6.0901 4.22246
1.69537 -2.23733 6.01409 4.17336
1.69262 -2.25316 5.95439 4.13864
1.68833 -2.26513 5.91998 4.12518
1.68363 -2.27016 5.91599 4.13391
1.67991 -2.2683 5.93723 4.15794
1.67734 -2.26079 5.97784 4.19281
1.67522 -2.24928 6.03466 4.23802
1.67361 -2.23471 6.10397 4.2908
1.67372 -2.21683 6.17794 4.34251
1.67621 -2.20019 6.23909 4.37899
1.67978 -2.18701 6.28138 4.39931
1.68279 -2.17929 6.30508 4.40799
1.68461 -2.17593 6.3163 4.41107
1.68511 -2.1758 6.32101 4.41305
1.68476 -2.17578 6.32649 4.41781
1.68924 -2.16759 6.33787 4.41402
1.68891 -2.16648 6.34507 4.41989
1.68884 -2.16438 6.35258 4.4253
1.68922 -2.16244 6.35678 4.42724
1.69035 -2.16141 6.3536 4.42206
1.69228 -2.16174 6.33989 4.40748
1.69464 -2.16492 6.3127 4.38246
1.69673 -2.17189 6.27284 4.34944
1.69797 -2.18244 6.2247 4.3129
1.69836 -2.19497 6.17393 4.27675
1.69819 -2.20777 6.12498 4.24326
1.69762 -2.22017 6.08003 4.21353
1.6967 -2.2315 6.0414 4.18904
1.69549 -2.24151 6.01036 4.17049
1.69419 -2.24965 5.98781 4.15802
1.69308 -2.25577 5.97307 4.15051
1.69217 -2.26066 5.96412 4.14651
1.69092 -2.26421 5.9631 4.14886
1.68852 -2.26585 5.9759 4.16368
1.68487 -2.2638 6.00946 4.19615
1.68095 -2.25621 6.06573 4.24532
1.67828 -2.24246 6.13874 4.30326
1.67789 -2.2252 6.21455 4.3574
1.67972 -2.2067 6.28194 4.39985
1.68279 -2.19176 6.33029 4.42562
1.68613 -2.1811 6.3591 4.43695
1.68953 -2.17513 6.36798 4.43422
1.69279 -2.1744 6.35682 4.41793
1.69501 -2.179 6.33056 4.39391
1.69527 -2.18689 6.30064 4.37247
1.6934 -2.19467 6.28017 4.36309
1.69006 -2.19973 6.27719 4.36963
1.68658 -2.19884 6.29547 4.39139
1.68427 -2.19303 6.32722 4.4196
1.68367 -2.18402 6.36293 4.44612
1.68472 -2.1742 6.39328 4.46454
1.68757 -2.16617 6.40778 4.46712
1.69202 -2.1622 6.39766 4.44833
1.69635 -2.16545 6.36088 4.41146
1.69845 -2.17523 6.30953 4.37045
1.69779 -2.18787 6.2597 4.33761
1.69545 -2.19956 6.22165 4.3172
1.69283 -2.20755 6.19878 4.30799
1.69103 -2.21171 6.187 4.30437
1.69049 -2.21302 6.17994 4.30083
1.69088 -2.21365 6.1715 4.29398
1.69153 -2.21501 6.15942 4.28391
1.69194 -2.21725 6.14511 4.27294
1.6921 -2.21998 6.1302 4.26216
1.69294 -2.22277 6.11221 4.24756
1.69925 -2.22002 6.09098 4.21706
1.69826 -2.22716 6.06974 4.20482
1.69389 -2.23227 6.07313 4.21801
1.68881 -2.23025 6.10746 4.25462
1.68582 -2.22015 6.16284 4.30081
1.68567 -2.20617 6.22173 4.34229
1.68719 -2.19172 6.27478 4.37539
1.68867 -2.17964 6.31989 4.40297
1.68942 -2.16989 6.36025 4.42913
1.68984 -2.16118 6.39799 4.45431
1.69059 -2.15352 6.43063 4.47502
1.69198 -2.14694 6.45556 4.48868
1.69387 -2.14267 6.46941 4.49331
1.69579 -2.14075 6.47275 4.49052
1.69714 -2.14235 6.46669 4.48277
1.69748 -2.14534 6.45888 4.47646
1.6969 -2.14907 6.45332 4.47411
1.69585 -2.15153 6.45426 4.47753
1.69481 -2.15315 6.46013 4.48438
1.69396 -2.15261 6.47213 4.49496
1.69306 -2.15143 6.48804 4.50839
1.69177 -2.14848 6.51131 4.52802
1.69025 -2.14411 6.54145 4.55306
1.6895 -2.1367 6.57683 4.57973
1.69076 -2.12826 6.6052 4.59604
1.69413 -2.12197 6.61411 4.59311
1.69801 -2.12116 6.59899 4.57212
1.701 -2.12593 6.56523 4.54074
1.70279 -2.13486 6.51971 4.50453
1.70321 -2.14664 6.4696 4.46879
1.70214 -2.15874 6.42467 4.44055
1.7003 -2.1692 6.38987 4.42127
1.69861 -2.17739 6.36446 4.40808
1.697 -2.18303 6.349 4.40154
1.69511 -2.18615 6.34522 4.40384
1.69314 -2.18631 6.35388 4.41496
1.69147 -2.18349 6.3736 4.43302
1.69035 -2.17836 6.40126 4.45522
1.69006 -2.17096 6.43378 4.47862
1.69055 -2.16347 6.46482 4.49894
1.69118 -2.15683 6.4931 4.51692
1.69158 -2.1509 6.51982 4.53445
1.69222 -2.14568 6.54299 4.54885
1.69356 -2.14156 6.55833 4.55589
1.695 -2.13982 6.56405 4.556
1.69526 -2.14012 6.56655 4.55703
1.6941 -2.14047 6.57432 4.56556
1.69267 -2.13905 6.58946 4.57991
1.69216 -2.13565 6.6076 4.59392
1.69248 -2.13142 6.62444 4.60475
1.69766 -2.12045 6.64379 4.60412
1.69709 -2.11734 6.66115 4.61769
1.69603 -2.11282 6.68476 4.63695
1.69513 -2.10663 6.71331 4.65922
1.69501 -2.09902 6.74277 4.68001
1.696 -2.09174 6.76597 4.69338
1.69804 -2.08602 6.77748 4.6957
1.70083 -2.08285 6.77388 4.68552
1.70397 -2.08405 6.75181 4.66165
1.70701 -2.08968 6.71247 4.62622
1.70924 -2.10029 6.659 4.58339
1.70984 -2.11445 6.60061 4.5416
1.70849 -2.12955 6.54864 4.50941
1.70565 -2.14213 6.51297 4.49233
1.70259 -2.14993 6.49597 4.48864
1.70095 -2.15417 6.48825 4.48762
1.70165 -2.15596 6.47878 4.47924
1.70401 -2.15818 6.45832 4.45891
1.70627 -2.16428 6.4243 4.42954
1.70704 -2.17365 6.38495 4.40043
1.70603 -2.18429 6.34995 4.37891
1.7036 -2.19309 6.32862 4.37041
1.70033 -2.19837 6.32561 4.37673
1.69712 -2.19862 6.34183 4.39626
1.69508 -2.19408 6.3712 4.42192
1.69489 -2.18624 6.40412 4.44527
1.69625 -2.1787 6.43012 4.45975
1.69796 -2.17344 6.44685 4.46685
1.69879 -2.17029 6.45957 4.47348
1.69836 -2.16919 6.47304 4.48393
1.69672 -2.16699 6.4962 4.50433
1.69369 -2.16294 6.53481 4.53921
1.68953 -2.15318 6.59834 4.59463
1.68555 -2.13742 6.68434 4.66551
1.68364 -2.11514 6.78366 4.74019
1.68503 -2.08979 6.87762 4.80188
1.68903 -2.06732 6.94874 4.84004
1.69352 -2.05113 6.99302 4.85797
1.69693 -2.04147 7.01594 4.86411
1.69923 -2.03711 7.02289 4.86232
1.70119 -2.03597 7.01708 4.85271
1.70323 -2.03776 6.99815 4.83383
1.70534 -2.04249 6.96618 4.8058
1.70737 -2.05062 6.92129 4.76914
1.70865 -2.06228 6.86713 4.72828
1.70785 -2.07575 6.81583 4.69516
1.70494 -2.08726 6.78091 4.67908
1.7018 -2.09439 6.764 4.67602
1.70001 -2.09685 6.7586 4.67721
1.69956 -2.09714 6.75614 4.67673
1.70455 -2.08893 6.75906 4.66506
1.70433 -2.08793 6.75939 4.6659
1.70391 -2.08685 6.76151 4.6685
1.7036 -2.08555 6.76476 4.6716
1.70362 -2.08315 6.76901 4.67447
1.70434 -2.0807 6.76967 4.67298
1.70618 -2.07986 6.75953 4.66093
1.70868 -2.08184 6.73517 4.63734
1.71038 -2.08757 6.70013 4.60862
1.71069 -2.09571 6.66247 4.5819
1.71043 -2.10368 6.62712 4.55827
1.71051 -2.11165 6.59145 4.53353
1.71064 -2.1205 6.55438 4.50768
1.70982 -2.12941 6.52212 4.48766
1.7076 -2.13663 6.50288 4.48023
1.7048 -2.14083 6.49935 4.48516
1.7028 -2.14076 6.50865 4.49685
1.70218 -2.13715 6.52398 4.50908
1.70216 -2.13287 6.53975 4.52003
1.70187 -2.12831 6.55732 4.53296
1.70137 -2.1238 6.57623 4.54736
1.70153 -2.11824 6.59456 4.55961
1.70319 -2.11323 6.60319 4.56111
1.70591 -2.11059 6.59637 4.54914
1.70798 -2.11235 6.57579 4.52945
1.70831 -2.117 6.5517 4.51199
1.70748 -2.12195 6.53135 4.50015
1.70691 -2.12556 6.51442 4.49001
1.70757 -2.12815 6.49497 4.47486
1.70948 -2.13169 6.46599 4.44992
1.71163 -2.13857 6.42469 4.41594
1.71279 -2.14841 6.37748 4.38053
1.71231 -2.16091 6.33152 4.35018
1.71031 -2.17207 6.2986 4.33263
1.70718 -2.17957 6.28569 4.33165
1.70346 -2.18284 6.29488 4.34748
1.69975 -2.18051 6.32716 4.37931
1.69664 -2.17266 6.37916 4.42337
1.69446 -2.16024 6.44529 4.475
1.69322 -2.14455 6.51966 4.52995
1.69279 -2.1263 6.59795 4.58549
1.69318 -2.10778 6.6731 4.63667
1.69508 -2.08956 6.73775 4.67634
1.69971 -2.07445 6.7762 4.69022
1.70666 -2.06665 6.77435 4.66983
1.71249 -2.06955 6.73601 4.62759
1.71411 -2.08101 6.68392 4.58747
1.71214 -2.095 6.63892 4.56183
1.70904 -2.10607 6.61009 4.55027
1.70633 -2.11221 6.59726 4.54864
1.7092 -2.10594 6.60292 4.54491
1.70734 -2.10506 6.61357 4.55718
1.70594 -2.1005 6.63432 4.57524
1.70562 -2.09401 6.65747 4.59206
1.70658 -2.08721 6.6755 4.60191
1.70788 -2.08209 6.6851 4.60503
1.70817 -2.07881 6.69116 4.6084
1.70753 -2.0762 6.69841 4.61514
1.7077 -2.07236 6.7044 4.6188
1.71036 -2.06845 6.69646 4.60617
1.7155 -2.06904 6.65908 4.56671
1.72161 -2.07744 6.58644 4.50087
1.72658 -2.09508 6.48372 4.41793
1.72881 -2.12 6.36614 4.33222
1.72803 -2.14842 6.25073 4.2556
1.72492 -2.17559 6.15237 4.1962
1.72029 -2.19837 6.08022 4.15814
1.71519 -2.21366 6.0396 4.14264
1.71099 -2.22103 6.02607 4.14351
1.70874 -2.22225 6.02849 4.15064
1.70845 -2.22037 6.03513 4.15591
1.70932 -2.21827 6.03851 4.15612
1.7105 -2.21714 6.03688 4.15214
1.71141 -2.21749 6.03106 4.14593
1.71167 -2.22014 6.02243 4.13936
1.71102 -2.22285 6.01827 4.13807
1.70935 -2.22413 6.02467 4.14651
1.70697 -2.22347 6.04447 4.16594
1.70472 -2.21854 6.07983 4.19584
1.70349 -2.21107 6.12295 4.22866
1.70327 -2.20127 6.16994 4.26166
1.70319 -2.1912 6.21808 4.29511
1.70256 -2.1813 6.26922 4.33204
1.70164 -2.17007 6.32605 4.37367
1.70147 -2.15745 6.38429 4.41437
1.70303 -2.14425 6.43512 4.44544
1.70625 -2.1341 6.46704 4.45907
1.70978 -2.12871 6.47812 4.45747
1.71211 -2.12849 6.47408 4.44865
1.71262 -2.1316 6.46478 4.44093
1.71173 -2.13525 6.45878 4.43911
1.71016 -2.13783 6.45988 4.44395
1.70858 -2.13838 6.46878 4.45419
1.70744 -2.13617 6.48465 4.46811
1.70672 -2.13268 6.50365 4.48306
1.70612 -2.12793 6.52594 4.50001
1.70552 -2.12237 6.55086 4.51879
1.70525 -2.11521 6.57799 4.53823
1.70592 -2.10861 6.5994 4.55121
1.7081 -2.10223 6.60982 4.55259
1.71703 -2.09186 6.60195 4.52351
1.7224 -2.09501 6.55903 4.48009
1.72779 -2.10583 6.4851 4.41577
1.73107 -2.12504 6.38954 4.34245
1.73093 -2.14964 6.291 4.27583
1.72753 -2.17354 6.21029 4.22928
1.72222 -2.1922 6.15938 4.20755
1.71685 -2.20288 6.14048 4.20776
1.71274 -2.20504 6.14855 4.22339
1.71002 -2.20152 6.1744 4.24789
1.70796 -2.1937 6.21487 4.28089
1.70623 -2.18286 6.26739 4.32144
1.70537 -2.16974 6.32692 4.36469
1.70588 -2.15483 6.38732 4.40506
1.70719 -2.14121 6.44146 4.43897
1.70808 -2.12992 6.49079 4.47065
1.7081 -2.11978 6.54045 4.50479
1.708 -2.10963 6.59088 4.53981
1.70825 -2.0993 6.63984 4.57285
1.70861 -2.08934 6.68607 4.60372
1.70863 -2.07989 6.73071 4.63439
1.7084 -2.06988 6.77595 4.66618
1.70902 -2.05984 6.81609 4.69211
1.71163 -2.05013 6.8421 4.70286
1.71572 -2.04532 6.84209 4.69163
1.71966 -2.04617 6.81807 4.66443
1.72262 -2.05359 6.77329 4.62586
1.72456 -2.06523 6.71508 4.58093
1.72529 -2.07952 6.65067 4.53508
1.72518 -2.09401 6.58663 4.49169
1.7255 -2.10926 6.51896 4.44474
1.72674 -2.12487 6.44493 4.3911
1.7276 -2.14262 6.36542 4.33476
1.72599 -2.16193 6.29331 4.28966
1.72105 -2.17927 6.24697 4.27028
1.71401 -2.18839 6.24176 4.28425
1.70717 -2.18685 6.27717 4.32581
1.70283 -2.17494 6.34063 4.38069
1.70236 -2.15592 6.41147 4.43085
1.70543 -2.1369 6.4664 4.46078
1.71014 -2.12283 6.49449 4.4678
1.71462 -2.11541 6.49661 4.4576
1.71771 -2.11513 6.47803 4.43684
1.71885 -2.11963 6.45013 4.41481
1.71829 -2.1254 6.42418 4.39848
1.71728 -2.13042 6.40332 4.38679
1.71688 -2.13389 6.38544 4.37554
1.7172 -2.1366 6.36706 4.36214
1.71771 -2.14007 6.34602 4.34644
1.71796 -2.14404 6.32445 4.33102
1.72299 -2.14121 6.307 4.30647
1.72302 -2.14597 6.28575 4.2919
1.72273 -2.15048 6.26693 4.27975
1.72168 -2.15434 6.25444 4.27382
1.72031 -2.15656 6.25023 4.27436
1.71932 -2.15669 6.25255 4.2784
1.71888 -2.15586 6.25743 4.28283
1.71914 -2.15418 6.26221 4.28546
1.72038 -2.15297 6.26085 4.28144
1.72231 -2.15376 6.24894 4.26849
1.72398 -2.15714 6.22781 4.24995
1.72451 -2.16311 6.20264 4.23147
1.72367 -2.16992 6.18125 4.21894
1.7217 -2.1759 6.16968 4.21586
1.719 -2.1782 6.17447 4.22575
1.7163 -2.17639 6.19518 4.24662
1.71461 -2.17073 6.22624 4.2721
1.71458 -2.16263 6.25874 4.29448
1.71583 -2.15422 6.28546 4.30966
1.71745 -2.14839 6.30182 4.31681
1.71874 -2.14463 6.31079 4.31972
1.71948 -2.14264 6.3148 4.32058
1.71995 -2.14191 6.315 4.31955
1.72054 -2.14185 6.31118 4.31545
1.72152 -2.1426 6.30132 4.30626
1.72294 -2.14453 6.28342 4.2905
1.72459 -2.1494 6.25437 4.26657
1.72603 -2.15633 6.21754 4.23792
1.72665 -2.16543 6.17682 4.20864
1.72578 -2.17538 6.1407 4.18613
1.72311 -2.18433 6.11888 4.17773
1.71937 -2.18939 6.1185 4.18656
1.71618 -2.18853 6.13837 4.20795
1.71496 -2.18196 6.16938 4.23224
1.71596 -2.17398 6.19658 4.24841
1.71835 -2.16794 6.2112 4.25251
1.72091 -2.16531 6.21238 4.24698
1.72274 -2.16671 6.20314 4.23616
1.7233 -2.17072 6.19111 4.22658
1.72224 -2.1763 6.18409 4.2244
1.71978 -2.1794 6.19333 4.23676
1.71681 -2.17888 6.22093 4.26298
1.71415 -2.1737 6.26609 4.30059
1.7118 -2.16547 6.3247 4.34679
1.70928 -2.15354 6.39856 4.40402
1.70665 -2.13741 6.48807 4.47251
1.70487 -2.11713 6.58811 4.54622
1.70517 -2.09422 6.68657 4.61335
1.70803 -2.07178 6.76858 4.66213
1.71251 -2.05379 6.82325 4.68748
1.72187 -2.03521 6.85367 4.68278
1.72507 -2.03068 6.85721 4.67651
1.72733 -2.03064 6.84414 4.66149
1.72938 -2.03398 6.81578 4.63667
1.73133 -2.04055 6.77256 4.60207
1.73255 -2.05052 6.71787 4.56172
1.73275 -2.06198 6.659 4.5212
1.73293 -2.07387 6.59677 4.47849
1.73428 -2.08589 6.52661 4.42741
1.73646 -2.09997 6.44402 4.3659
1.73774 -2.11699 6.35424 4.30189
1.7368 -2.13663 6.2682 4.24594
1.7339 -2.15437 6.2002 4.20691
1.73062 -2.16725 6.15438 4.18372
1.72842 -2.17558 6.12483 4.16895
1.72729 -2.18058 6.10621 4.15898
1.72611 -2.18417 6.09731 4.15577
1.72398 -2.18597 6.10304 4.16481
1.72092 -2.1842 6.12873 4.18978
1.71753 -2.17794 6.17539 4.23002
1.71492 -2.16609 6.2399 4.2807
1.71446 -2.15039 6.30971 4.32976
1.71645 -2.13482 6.36934 4.36561
1.71923 -2.12215 6.41416 4.38921
1.72024 -2.11382 6.45168 4.4123
1.71825 -2.10709 6.49811 4.44921
1.71427 -2.09644 6.56725 4.50698
1.71059 -2.07996 6.65729 4.5786
1.70913 -2.05826 6.75649 4.6508
1.71025 -2.03452 6.84998 4.71206
1.71287 -2.01235 6.92793 4.7584
1.71579 -1.99449 6.98596 4.79009
1.71896 -1.98009 7.02413 4.80738
1.72327 -1.97082 7.03419 4.80222
1.72898 -1.96845 7.00823 4.76869
1.73492 -1.97466 6.94507 4.70952
1.7393 -1.98986 6.85283 4.63528
1.74111 -2.01178 6.7463 4.55849
1.74072 -2.03604 6.64047 4.48798
1.7391 -2.05969 6.54391 4.42685
1.73676 -2.08091 6.46218 4.37744
1.73354 -2.0987 6.40101 4.34406
1.72929 -2.1118 6.36658 4.3313
1.72474 -2.11811 6.36231 4.33981
1.72105 -2.11757 6.38328 4.36346
1.71894 -2.11117 6.42098 4.39462
1.71847 -2.1021 6.46396 4.42526
1.71916 -2.09225 6.50517 4.45168
1.72054 -2.08355 6.53904 4.47125
1.72268 -2.07697 6.56071 4.48051
1.73087 -2.0663 6.56811 4.46434
1.73466 -2.06734 6.54995 4.44228
1.73736 -2.07474 6.51328 4.41053
1.73737 -2.0862 6.47362 4.38366
1.73506 -2.09716 6.44583 4.37065
1.73244 -2.10509 6.43212 4.36795
1.73135 -2.10836 6.42764 4.36764
1.73222 -2.11049 6.4198 4.36013
1.73386 -2.11358 6.40472 4.34578
1.73472 -2.11914 6.38504 4.33026
1.73428 -2.12683 6.36639 4.31872
1.73287 -2.13379 6.35596 4.31516
1.73072 -2.13803 6.35899 4.32258
1.72779 -2.13907 6.37881 4.3434
1.72434 -2.13591 6.41834 4.37905
1.72111 -2.12759 6.4772 4.4275
1.71875 -2.11386 6.55185 4.48467
1.71742 -2.09695 6.63484 4.54501
1.71681 -2.07874 6.72094 4.60563
1.7164 -2.05869 6.81087 4.66838
1.71601 -2.03834 6.90175 4.73172
1.71618 -2.01702 6.99143 4.79275
1.71771 -1.99625 7.0709 4.84289
1.72103 -1.97731 7.13107 4.8747
1.72571 -1.9638 7.16182 4.88243
1.73078 -1.95738 7.16077 4.86743
1.73528 -1.9588 7.13033 4.83415
1.73885 -1.96685 7.07668 4.78793
1.74139 -1.97984 7.00666 4.73365
1.74256 -1.99713 6.92702 4.67671
1.74185 -2.01616 6.8495 4.62624
1.73922 -2.03388 6.78595 4.59025
1.73545 -2.04733 6.74398 4.57177
1.73196 -2.05532 6.72252 4.56642
1.73014 -2.05757 6.71447 4.56575
1.7305 -2.05773 6.70579 4.55888
1.73217 -2.05863 6.68899 4.54309
1.73368 -2.06199 6.664 4.52218
1.73443 -2.06723 6.6351 4.50062
1.73451 -2.07411 6.60446 4.47962
1.73398 -2.08104 6.57671 4.46218
1.73277 -2.08727 6.55531 4.45075
1.73106 -2.0914 6.54401 4.44747
1.72937 -2.09335 6.54208 4.45051
1.72859 -2.09224 6.54653 4.45553
1.72945 -2.09026 6.54716 4.45375
1.73171 -2.08935 6.53649 4.44069
1.73429 -2.09146 6.51203 4.4175
1.73633 -2.0978 6.47509 4.38727
1.73767 -2.10806 6.42891 4.35261
1.7431 -2.11247 6.38521 4.30956
1.74199 -2.12488 6.34376 4.28433
1.73906 -2.13551 6.31909 4.27485
1.73495 -2.14142 6.31888 4.28484
1.73106 -2.14125 6.34216 4.31029
1.7288 -2.13492 6.38116 4.34247
1.72883 -2.12575 6.42154 4.36987
1.73089 -2.11653 6.45237 4.38563
1.73399 -2.11025 6.46685 4.38761
1.73659 -2.10882 6.46575 4.38029
1.73722 -2.11143 6.45914 4.37422
1.73559 -2.11471 6.46025 4.37908
1.73286 -2.11542 6.47584 4.39658
1.73054 -2.11213 6.50399 4.42159
1.72961 -2.10539 6.53726 4.44661
1.73041 -2.09667 6.56658 4.46448
1.7328 -2.08955 6.58052 4.4678
1.73608 -2.08613 6.57349 4.45458
1.73941 -2.0877 6.54444 4.42641
1.74225 -2.09446 6.49556 4.3862
1.74439 -2.10526 6.43164 4.33769
1.74589 -2.11911 6.35697 4.28364
1.74683 -2.13526 6.27516 4.22625
1.74701 -2.15354 6.18999 4.16845
1.746 -2.17196 6.11024 4.11714
1.74352 -2.18808 6.04581 4.07952
1.73978 -2.20069 6.00306 4.05938
1.73539 -2.20824 5.98603 4.05811
1.73116 -2.20851 5.99684 4.07536
1.72778 -2.2029 6.02941 4.10551
1.72565 -2.19177 6.07846 4.14403
1.72518 -2.17753 6.1339 4.18297
1.72649 -2.16253 6.18553 4.21497
1.72881 -2.14957 6.22625 4.23701
1.73107 -2.14079 6.25418 4.25047
1.73307 -2.13448 6.27325 4.25852
1.7358 -2.13106 6.27872 4.25553
1.73927 -2.13237 6.2647 4.23754
1.74096 -2.13882 6.24044 4.21703
1.73881 -2.14834 6.2251 4.21189
1.73351 -2.15429 6.23823 4.23365
1.72719 -2.15191 6.28723 4.28254
1.72199 -2.13982 6.3668 4.34982
1.71974 -2.12002 6.46078 4.41982
1.72133 -2.09692 6.54759 4.47506
1.72617 -2.07631 6.60784 4.50357
1.73231 -2.06302 6.63245 4.50432
1.73777 -2.05926 6.62337 4.48401
1.74159 -2.06354 6.59023 4.4518
1.74335 -2.07385 6.54407 4.41615
1.74781 -2.0789 6.50374 4.37774
1.74554 -2.09078 6.4707 4.36117
1.74289 -2.0987 6.45389 4.35645
1.74072 -2.10282 6.45003 4.35926
1.73889 -2.10407 6.45662 4.36832
1.73716 -2.10209 6.47419 4.38456
1.7361 -2.09783 6.49785 4.40327
1.73634 -2.09161 6.52143 4.41864
1.73757 -2.0861 6.53744 4.42636
1.73894 -2.08183 6.5456 4.4284
1.74006 -2.08024 6.54473 4.42496
1.74088 -2.08059 6.53686 4.41755
1.74105 -2.08207 6.52609 4.40985
1.74018 -2.08444 6.51699 4.40588
1.73904 -2.08458 6.51494 4.4074
1.73944 -2.08287 6.51167 4.40417
1.74231 -2.0816 6.49421 4.38512
1.74627 -2.08549 6.45381 4.34796
1.74902 -2.09511 6.39757 4.3033
1.74905 -2.10892 6.33936 4.26405
1.74616 -2.12331 6.29495 4.24121
1.74139 -2.13246 6.27819 4.24151
1.73663 -2.13408 6.2894 4.26072
1.73393 -2.12882 6.31725 4.28624
1.73465 -2.11912 6.3442 4.30276
1.73808 -2.11117 6.35198 4.29953
1.74168 -2.10892 6.33769 4.28099
1.74383 -2.11162 6.31008 4.25707
1.74493 -2.11716 6.27556 4.23113
1.74541 -2.12474 6.23705 4.20401
1.74477 -2.13326 6.20129 4.18143
1.74269 -2.14126 6.17649 4.16967
1.73989 -2.14511 6.17027 4.17219
1.73739 -2.1452 6.17945 4.1844
1.73555 -2.14102 6.20223 4.20427
1.73428 -2.13392 6.23463 4.22935
1.73353 -2.12548 6.27197 4.25652
1.73317 -2.116 6.31219 4.28469
1.73292 -2.10566 6.35472 4.31419
1.73279 -2.09547 6.3971 4.34329
1.73342 -2.08444 6.43729 4.36898
1.73543 -2.07459 6.46647 4.3837
1.73852 -2.06775 6.47888 4.3843
1.74142 -2.06606 6.47406 4.37376
1.7428 -2.06816 6.46175 4.36199
1.74261 -2.07213 6.45068 4.35497
1.74225 -2.0759 6.44276 4.35053
1.74272 -2.0793 6.43386 4.34336
1.74339 -2.0835 6.42227 4.33385
1.74337 -2.08888 6.41098 4.3263
1.7474 -2.08654 6.40963 4.3154
1.74537 -2.08999 6.4155 4.32438
1.74209 -2.09013 6.43939 4.34867
1.73799 -2.0853 6.48544 4.39008
1.73441 -2.07456 6.55068 4.4434
1.73272 -2.05867 6.62467 4.49797
1.73388 -2.04015 6.69195 4.54061
1.73837 -2.02309 6.73393 4.5573
1.74536 -2.01342 6.73392 4.53905
1.75221 -2.01422 6.69191 4.49309
1.75622 -2.02535 6.62257 4.43639
1.75687 -2.04214 6.54635 4.3837
1.75575 -2.06019 6.47474 4.33852
1.75449 -2.07657 6.4114 4.29915
1.75356 -2.09104 6.35587 4.26419
1.75267 -2.10395 6.30853 4.23458
1.75119 -2.11583 6.27173 4.21343
1.74857 -2.12536 6.25236 4.2067
1.74498 -2.13081 6.2561 4.21788
1.74103 -2.13061 6.28538 4.24723
1.73729 -2.12496 6.33782 4.2919
1.7342 -2.1132 6.41105 4.34923
1.73216 -2.09734 6.49684 4.41261
1.73125 -2.07776 6.58985 4.47812
1.73154 -2.05637 6.68221 4.54014
1.73349 -2.03582 6.76254 4.58954
1.73738 -2.0184 6.81971 4.61797
1.74217 -2.00656 6.84809 4.62444
1.74616 -2.0025 6.84935 4.61474
1.74847 -2.00424 6.83375 4.59814
1.74925 -2.00945 6.8101 4.58017
1.7489 -2.01612 6.78515 4.5643
1.74775 -2.0222 6.76495 4.55373
1.74618 -2.02649 6.75273 4.54957
1.74458 -2.02825 6.74973 4.55173
1.74303 -2.0276 6.75578 4.55986
1.74168 -2.0244 6.77046 4.57332
1.74087 -2.01912 6.79058 4.58905
1.74062 -2.01232 6.81311 4.60492
1.74054 -2.00571 6.83511 4.62001
1.74062 -1.99871 6.85694 4.63456
1.74134 -1.99233 6.87382 4.64403
1.7428 -1.98668 6.88296 4.64632
1.74446 -1.98341 6.88174 4.64108
1.74611 -1.98257 6.87042 4.62907
1.7481 -1.98437 6.84684 4.60792
1.75065 -1.98899 6.80853 4.57547
1.75392 -1.99683 6.75252 4.52936
1.75807 -2.01048 6.67164 4.46456
1.76147 -2.03089 6.56957 4.38776
1.76641 -2.04835 6.47063 4.3096
1.76285 -2.0727 6.38688 4.2624
1.75835 -2.09161 6.32974 4.23509
1.75468 -2.10441 6.295 4.22065
1.75199 -2.1114 6.27893 4.21634
1.74963 -2.1137 6.27953 4.22242
1.74725 -2.11307 6.29432 4.23812
1.74541 -2.10929 6.3207 4.26038
1.74503 -2.10243 6.35198 4.2824
1.74621 -2.09448 6.37936 4.29795
1.7481 -2.0888 6.39608 4.30456
1.74998 -2.08594 6.40225 4.30409
1.75176 -2.08556 6.39861 4.29725
1.75349 -2.08871 6.38344 4.28285
1.75476 -2.09472 6.35991 4.26396
1.75496 -2.10225 6.33477 4.24664
1.75354 -2.11004 6.31603 4.2375
1.75059 -2.11513 6.31338 4.24286
1.74727 -2.11558 6.32922 4.26158
1.74552 -2.11135 6.35532 4.28346
1.74658 -2.10412 6.37769 4.29593
1.74959 -2.0991 6.38273 4.29191
1.75201 -2.0987 6.37282 4.27933
1.75183 -2.10174 6.36206 4.27255
1.74894 -2.10453 6.36584 4.28215
1.74459 -2.10262 6.39451 4.31217
1.74057 -2.09425 6.44724 4.35777
1.73862 -2.08013 6.51343 4.40743
1.73948 -2.06318 6.57781 4.44881
1.7421 -2.04761 6.62905 4.47671
1.74472 -2.03584 6.66575 4.49475
1.74656 -2.02776 6.69145 4.50731
1.74796 -2.02284 6.70733 4.51438
1.7492 -2.01975 6.71512 4.51643
1.75044 -2.01848 6.71416 4.51259
1.75233 -2.01915 6.70088 4.49881
1.75526 -2.02273 6.66955 4.4703
1.75841 -2.03074 6.61859 4.4282
1.76061 -2.04334 6.55341 4.3791
1.76172 -2.05961 6.48019 4.32746
1.76199 -2.07701 6.40618 4.27736
1.76123 -2.09512 6.33668 4.23279
1.75917 -2.11225 6.27994 4.1998
1.75594 -2.1259 6.24418 4.18358
1.75169 -2.13494 6.23447 4.1872
1.7467 -2.13769 6.25547 4.21332
1.74178 -2.13283 6.30751 4.26035
1.73804 -2.12022 6.38467 4.32175
1.73611 -2.10229 6.47534 4.388
1.73563 -2.08092 6.57151 4.45439
1.74079 -2.05158 6.67113 4.50853
1.74157 -2.03045 6.76095 4.56716
1.74374 -2.01013 6.83882 4.61403
1.74758 -1.99318 6.89408 4.64109
1.75217 -1.98213 6.9214 4.64728
1.75597 -1.97764 6.92479 4.63948
1.75827 -1.97915 6.91142 4.62448
1.75933 -1.98446 6.8886 4.60643
1.75964 -1.99128 6.86203 4.58787
1.75951 -1.99809 6.83531 4.57032
1.75925 -2.00471 6.80881 4.55327
1.75925 -2.01115 6.78135 4.53493
1.76014 -2.01735 6.74942 4.51128
1.76238 -2.02564 6.70424 4.47539
1.76529 -2.03657 6.64409 4.42793
1.76711 -2.05224 6.572 4.37537
1.76636 -2.07067 6.50214 4.33071
1.76285 -2.08749 6.45104 4.30522
1.75784 -2.09917 6.42734 4.30162
1.75329 -2.10348 6.43005 4.3146
1.75073 -2.10082 6.44936 4.33389
1.75053 -2.09395 6.47231 4.34982
1.75215 -2.08707 6.48682 4.35555
1.75463 -2.08266 6.48739 4.34977
1.75669 -2.08194 6.47538 4.33662
1.75719 -2.08491 6.45792 4.3237
1.75587 -2.08823 6.44701 4.31963
1.75364 -2.08961 6.44814 4.3259
1.75192 -2.08737 6.46025 4.33827
1.75181 -2.08225 6.47536 4.34869
1.75342 -2.07727 6.48268 4.34959
1.75574 -2.0749 6.47758 4.34045
1.75716 -2.07594 6.46411 4.32792
1.75692 -2.07873 6.4516 4.32012
1.75575 -2.08157 6.44465 4.31835
1.75488 -2.08279 6.44315 4.3195
1.75475 -2.08263 6.4438 4.32025
1.75477 -2.08205 6.44588 4.32159
1.75404 -2.08205 6.45197 4.32748
1.75224 -2.08036 6.47017 4.34414
1.74993 -2.07628 6.50252 4.37161
1.74786 -2.06889 6.5486 4.40781
1.74621 -2.05799 6.60692 4.45127
1.74486 -2.0452 6.67356 4.49965
1.74415 -2.03013 6.74596 4.55032
1.74483 -2.01385 6.81593 4.59571
1.74708 -1.99852 6.8738 4.62876
1.75012 -1.98684 6.91333 4.6473
1.75299 -1.97924 6.93569 4.65469
1.75528 -1.9765 6.9421 4.65292
1.7617 -1.96988 6.94227 4.63607
1.76177 -1.9731 6.93509 4.6311
1.76023 -1.97607 6.93482 4.63496
1.75747 -1.97667 6.94826 4.65124
1.75452 -1.97293 6.97757 4.67873
1.75253 -1.96473 7.01787 4.71109
1.75231 -1.95318 7.06033 4.74019
1.75386 -1.94141 7.0941 4.75865
1.75651 -1.93257 7.11172 4.76328
1.7596 -1.92742 7.1119 4.75504
1.7629 -1.92669 7.09353 4.73386
1.76633 -1.9307 7.05629 4.69988
1.7692 -1.94022 7.00202 4.65616
1.77014 -1.95394 6.94176 4.61364
1.76813 -1.96911 6.89142 4.58538
1.7638 -1.9812 6.86489 4.57896
1.75911 -1.98666 6.86577 4.59175
1.75602 -1.98516 6.88569 4.61315
1.75562 -1.97887 6.91022 4.63065
1.7577 -1.9718 6.92455 4.63477
1.76087 -1.9685 6.91957 4.6231
1.76351 -1.97042 6.89717 4.60124
1.76479 -1.97602 6.86573 4.57693
1.76457 -1.98353 6.83336 4.55592
1.76275 -1.99034 6.80983 4.54492
1.75957 -1.99402 6.80336 4.54881
1.75614 -1.99304 6.81559 4.56589
1.75397 -1.98712 6.84057 4.5883
1.75406 -1.97794 6.86667 4.60556
1.75644 -1.96879 6.88114 4.60901
1.76021 -1.96396 6.87395 4.59434
1.76387 -1.96417 6.84684 4.56673
1.76596 -1.97038 6.80573 4.53394
1.76597 -1.97954 6.76334 4.50567
1.76457 -1.98835 6.72858 4.48606
1.76299 -1.9949 6.70325 4.47319
1.76228 -1.99909 6.68288 4.46139
1.76269 -2.00267 6.66033 4.44529
1.76335 -2.0066 6.63458 4.42645
1.76311 -2.01208 6.60851 4.40967
1.76196 -2.01678 6.58906 4.39955
1.76115 -2.02014 6.57434 4.39175
1.76143 -2.02194 6.56009 4.38153
1.7623 -2.02402 6.5424 4.36756
1.76289 -2.02763 6.52156 4.35218
1.7629 -2.0315 6.50207 4.33915
1.76277 -2.03548 6.48377 4.32727
1.76327 -2.03975 6.46299 4.31216
1.76452 -2.04464 6.43659 4.29151
1.76544 -2.0514 6.40547 4.26853
1.76959 -2.05225 6.38278 4.24343
1.76675 -2.05915 6.37218 4.2432
1.76345 -2.06137 6.3825 4.25802
1.76161 -2.05853 6.4067 4.27864
1.7616 -2.0533 6.43368 4.29667
1.76195 -2.04846 6.45996 4.31337
1.76108 -2.04386 6.492 4.33692
1.75894 -2.03773 6.5363 4.37181
1.75702 -2.02877 6.59141 4.41351
1.75712 -2.0165 6.64814 4.45123
1.75969 -2.00441 6.69156 4.47375
1.76285 -1.99651 6.71597 4.48201
1.76463 -1.99291 6.72911 4.48627
1.76531 -1.9921 6.73664 4.48957
1.76583 -1.99263 6.74004 4.4905
1.76579 -1.99408 6.74289 4.49249
1.76438 -1.99547 6.75301 4.50285
1.76152 -1.99481 6.77853 4.52718
1.75821 -1.98968 6.82324 4.56562
1.75603 -1.97963 6.88136 4.61023
1.7559 -1.9657 6.94247 4.65153
1.75744 -1.95211 6.99414 4.68203
1.75999 -1.94083 7.03044 4.69952
1.76349 -1.933 7.04615 4.70068
1.76799 -1.93088 7.03396 4.68059
1.77302 -1.93526 6.99194 4.63942
1.77758 -1.94761 6.92131 4.58078
1.78046 -1.96718 6.8314 4.51397
1.78073 -1.99064 6.73842 4.45186
1.77822 -2.01419 6.65857 4.4053
1.77353 -2.03471 6.6035 4.38043
1.76785 -2.04759 6.58252 4.38053
1.76287 -2.05167 6.59263 4.39965
1.75992 -2.04808 6.62297 4.42731
1.75889 -2.04061 6.66072 4.45515
1.75872 -2.03181 6.70002 4.48187
1.75899 -2.02269 6.73788 4.5065
1.76019 -2.01345 6.76958 4.52464
1.76236 -2.00623 6.78766 4.53112
1.76463 -2.00221 6.79097 4.5275
1.7661 -2.00168 6.78285 4.51834
1.76697 -2.00334 6.76728 4.50573
1.76889 -2.00629 6.74037 4.48295
1.77256 -2.01203 6.69319 4.44237
1.77498 -2.02387 6.62974 4.39423
1.77346 -2.03986 6.57117 4.35915
1.76904 -2.05269 6.53728 4.3475
1.76393 -2.05853 6.53304 4.35726
1.75956 -2.05681 6.55461 4.38251
1.75638 -2.04816 6.5963 4.41839
1.75941 -2.02764 6.65409 4.44942
1.75938 -2.01147 6.70991 4.48682
1.76224 -1.99514 6.752 4.50764
1.76763 -1.98307 6.76536 4.50278
1.77358 -1.97949 6.74456 4.47387
1.77782 -1.98515 6.69779 4.43226
1.7787 -1.99755 6.64286 4.39373
1.77585 -2.01079 6.60254 4.37407
1.77043 -2.01958 6.59204 4.38049
1.7643 -2.02014 6.61667 4.41213
1.75931 -2.01131 6.6714 4.46125
1.75707 -1.99526 6.74068 4.51332
1.7585 -1.97596 6.80421 4.55216
1.76317 -1.95849 6.84343 4.56627
1.76948 -1.94857 6.84621 4.55184
1.77564 -1.94815 6.81302 4.51405
1.7804 -1.95702 6.75123 4.46115
1.78274 -1.97282 6.67492 4.40493
1.78194 -1.99216 6.60168 4.35854
1.77853 -2.00982 6.54849 4.33173
1.77418 -2.02272 6.52103 4.32414
1.77055 -2.02857 6.51815 4.33109
1.76835 -2.02929 6.53067 4.34481
1.76733 -2.02676 6.55171 4.36133
1.76681 -2.02265 6.57752 4.3798
1.76642 -2.01787 6.60635 4.39997
1.76619 -2.01236 6.63746 4.42124
1.76619 -2.00627 6.66969 4.44273
1.76624 -2.00092 6.70086 4.46337
1.766 -1.99536 6.73403 4.48608
1.76528 -1.98945 6.77122 4.51268
1.76439 -1.98239 6.81378 4.54334
1.76384 -1.97318 6.86127 4.57642
1.76395 -1.9639 6.90733 4.60687
1.76458 -1.95492 6.94954 4.63336
1.76552 -1.94661 6.98631 4.65539
1.76714 -1.93985 7.01315 4.669
1.76991 -1.93572 7.02346 4.66854
1.77304 -1.93562 7.01502 4.65469
1.77465 -1.94043 6.99447 4.63684
1.7738 -1.94757 6.97587 4.62674
1.77153 -1.953 6.96899 4.6281
1.76969 -1.95525 6.97187 4.63481
1.76916 -1.9546 6.97855 4.64064
1.76931 -1.9533 6.98429 4.64408
1.76917 -1.95186 6.99096 4.64887
1.76865 -1.95053 6.99968 4.65603
1.76821 -1.94852 7.01065 4.6645
1.76779 -1.94543 7.0243 4.6747
1.76705 -1.94231 7.04007 4.68714
1.77138 -1.93022 7.06353 4.69127
1.77162 -1.92475 7.08043 4.70186
1.7729 -1.91994 7.08869 4.70395
1.77458 -1.91679 7.08659 4.69812
1.77614 -1.91606 7.0743 4.68583
1.77714 -1.91825 7.05392 4.6697
1.77699 -1.92168 7.03356 4.65663
1.77585 -1.92444 7.01996 4.65061
1.77488 -1.92563 7.01253 4.64823
1.77475 -1.92492 7.00805 4.64559
1.77479 -1.92499 7.00257 4.64185
1.77449 -1.92446 7.0003 4.64115
1.77467 -1.92354 6.99758 4.63885
1.77618 -1.92289 6.98726 4.62808
1.77847 -1.92455 6.96411 4.60681
1.78026 -1.93002 6.92921 4.5791
1.78098 -1.93807 6.8891 4.55077
1.78137 -1.94718 6.84623 4.52147
1.78268 -1.95663 6.79691 4.48558
1.78514 -1.96815 6.73442 4.43821
1.78738 -1.9836 6.65907 4.38307
1.78742 -2.00266 6.58217 4.33236
1.78389 -2.02221 6.52294 4.30185
1.77668 -2.03602 6.50409 4.30684
1.7678 -2.03782 6.5382 4.35117
1.76126 -2.02629 6.61319 4.41743
1.76013 -2.00532 6.6995 4.47794
1.76367 -1.9826 6.77006 4.51603
1.76891 -1.96598 6.81098 4.52987
1.77428 -1.95735 6.82089 4.52273
1.77946 -1.95627 6.80117 4.49653
1.78367 -1.96276 6.75589 4.45603
1.7859 -1.97559 6.69542 4.41065
1.78609 -1.99186 6.63151 4.36807
1.78501 -2.00862 6.57248 4.33182
1.78303 -2.02326 6.52561 4.30569
1.77995 -2.0354 6.49622 4.29373
1.77535 -2.04264 6.4945 4.30372
1.76912 -2.04332 6.52886 4.3417
1.76168 -2.03486 6.60665 4.412
1.75441 -2.01443 6.72902 4.51233
1.74998 -1.98337 6.87915 4.62468
1.75124 -1.94531 7.02673 4.72051
1.75914 -1.90937 7.1323 4.7699
1.7714 -1.88549 7.16807 4.76065
1.78321 -1.88052 7.13141 4.70495
1.79028 -1.89341 7.04629 4.63043
1.79163 -1.91695 6.94497 4.56041
1.78939 -1.94196 6.85119 4.50444
1.78655 -1.96309 6.77164 4.45923
1.78988 -1.97305 6.70425 4.40664
1.78971 -1.98752 6.63502 4.36155
1.79076 -2.00193 6.56079 4.31022
1.79202 -2.01801 6.48045 4.25446
1.79176 -2.036 6.40198 4.20354
1.78892 -2.05375 6.33962 4.16921
1.78385 -2.06701 6.3072 4.15968
1.77769 -2.07292 6.3111 4.17666
1.77186 -2.06965 6.35089 4.21684
1.76778 -2.05693 6.41864 4.27166
1.76643 -2.03846 6.49712 4.32718
1.76812 -2.01825 6.56884 4.37077
1.77267 -2.0002 6.61779 4.39203
1.7792 -1.98942 6.63009 4.38406
1.78563 -1.98841 6.60496 4.3517
1.78953 -1.99731 6.55423 4.30888
1.78963 -2.01182 6.49932 4.27255
1.78662 -2.02649 6.45815 4.25263
1.78256 -2.03629 6.43901 4.24966
1.77963 -2.04009 6.43662 4.2551
1.77865 -2.0395 6.44043 4.25995
1.77924 -2.0375 6.4412 4.25906
1.78095 -2.03652 6.43207 4.24893
1.78344 -2.03794 6.40899 4.22777
1.78579 -2.04291 6.37241 4.19812
1.78698 -2.05188 6.32761 4.16583
1.78666 -2.06208 6.28536 4.13875
1.7852 -2.0726 6.25103 4.11952
1.78309 -2.07993 6.23242 4.1121
1.78051 -2.08444 6.23072 4.11695
1.7773 -2.08532 6.24981 4.13702
1.77345 -2.08151 6.29361 4.17505
1.76923 -2.0718 6.36454 4.23217
1.76516 -2.05548 6.46196 4.30687
1.76238 -2.03265 6.5791 4.39185
1.76266 -2.00572 6.6985 4.47085
1.7663 -1.97907 6.80053 4.52959
1.77072 -1.95883 6.87591 4.56836
1.7736 -1.94535 6.93221 4.59831
1.77567 -1.93533 6.97534 4.6215
1.77841 -1.92901 6.99944 4.63032
1.78177 -1.92634 7.0023 4.62348
1.78478 -1.92922 6.98329 4.60316
1.78647 -1.93632 6.95049 4.5772
1.78644 -1.94615 6.9129 4.55254
1.78513 -1.95626 6.87838 4.53313
1.78336 -1.96409 6.85195 4.52017
1.78158 -1.96906 6.83442 4.51312
1.78002 -1.97135 6.82501 4.51086
1.77926 -1.97123 6.82029 4.50967
1.78513 -1.96226 6.81667 4.49245
1.78786 -1.96181 6.79595 4.47196
1.79087 -1.96672 6.75729 4.43905
1.79138 -1.97563 6.71616 4.41076
1.78821 -1.98566 6.69161 4.40243
1.78308 -1.98995 6.69866 4.41975
1.77869 -1.98671 6.73307 4.45341
1.77631 -1.97723 6.78362 4.49287
1.77573 -1.9644 6.8394 4.53129
1.77668 -1.95038 6.89165 4.56346
1.77901 -1.9379 6.93085 4.58341
1.78195 -1.92912 6.95213 4.58989
1.7842 -1.92483 6.95821 4.58813
1.78502 -1.92354 6.95725 4.58537
1.78501 -1.9234 6.95407 4.58332
1.78533 -1.92335 6.94752 4.57817
1.78653 -1.92408 6.93301 4.56555
1.78853 -1.92613 6.90764 4.54376
1.79138 -1.93134 6.86598 4.50917
1.79453 -1.94129 6.80573 4.46174
1.79616 -1.9561 6.7352 4.41151
1.79466 -1.97362 6.6713 4.37331
1.79064 -1.98825 6.6311 4.35671
1.78656 -1.9963 6.61731 4.35758
1.78421 -1.99878 6.61979 4.36494
1.78317 -1.99767 6.63194 4.37552
1.7823 -1.995 6.65172 4.3907
1.78178 -1.99059 6.67789 4.40927
1.78192 -1.98495 6.70642 4.42776
1.78153 -1.98039 6.73655 4.44862
1.77955 -1.97529 6.77749 4.48063
1.77674 -1.96672 6.83489 4.52574
1.77448 -1.95432 6.90443 4.57758
1.77348 -1.93824 6.98002 4.63032
1.77383 -1.92123 7.05201 4.67717
1.77557 -1.90462 7.11298 4.71296
1.77862 -1.89064 7.15484 4.73256
1.78252 -1.88066 7.17337 4.73446
1.787 -1.87763 7.16257 4.71547
1.79168 -1.88072 7.12426 4.67801
1.79442 -1.89154 7.06591 4.6326
1.79332 -1.90585 7.01093 4.59937
1.78933 -1.91879 6.97566 4.58644
1.78504 -1.92469 6.96679 4.59161
1.7825 -1.92485 6.97358 4.60265
1.78215 -1.9209 6.98571 4.61156
1.78292 -1.91679 6.99483 4.61559
1.78315 -1.91379 7.00322 4.62052
1.78193 -1.9111 7.01835 4.63369
1.77963 -1.90676 7.04616 4.65804
1.7822 -1.89127 7.09297 4.68224
1.78039 -1.87961 7.14675 4.72253
1.77978 -1.86526 7.20501 4.76267
1.78073 -1.84947 7.25962 4.7962
1.78332 -1.83565 7.29925 4.81536
1.78725 -1.8255 7.31725 4.81663
1.7915 -1.82167 7.30992 4.80039
1.79405 -1.82454 7.28565 4.77766
1.79369 -1.83086 7.26177 4.76296
1.79157 -1.83633 7.24946 4.7605
1.78962 -1.83803 7.25037 4.76627
1.78875 -1.83682 7.25835 4.77387
1.78855 -1.83523 7.26776 4.78059
1.78825 -1.83323 7.28018 4.78955
1.78776 -1.83043 7.29692 4.80189
1.78817 -1.82658 7.31356 4.81172
1.79086 -1.82355 7.31706 4.80681
1.79499 -1.82456 7.29837 4.78348
1.7981 -1.83221 7.26035 4.75034
1.79901 -1.84455 7.21503 4.71831
1.79843 -1.85829 7.1713 4.69123
1.79748 -1.87085 7.13277 4.66848
1.79649 -1.88193 7.09958 4.6493
1.79487 -1.8919 7.07426 4.63692
1.79226 -1.89888 7.06372 4.63675
1.78957 -1.902 7.068 4.64655
1.78825 -1.90127 7.08004 4.65788
1.78905 -1.89876 7.08818 4.66115
1.79136 -1.8973 7.08376 4.65222
1.7937 -1.8994 7.06487 4.63377
1.79503 -1.90488 7.0369 4.61202
1.79555 -1.9126 7.00407 4.58917
1.796 -1.92118 6.96775 4.56423
1.79633 -1.93054 6.92858 4.53773
1.7957 -1.93994 6.89249 4.51569
1.79378 -1.94829 6.86605 4.50317
1.79162 -1.954 6.85105 4.49876
1.7907 -1.95598 6.84288 4.4957
1.79151 -1.95671 6.83099 4.48587
1.79312 -1.95892 6.80983 4.46794
1.7939 -1.96435 6.78197 4.44775
1.79268 -1.97003 6.76074 4.43684
1.78969 -1.97433 6.75395 4.43978
1.78632 -1.97356 6.76653 4.45645
1.78426 -1.96757 6.79141 4.478
1.78462 -1.95851 6.81502 4.49265
1.78724 -1.95055 6.8232 4.49145
1.79087 -1.94648 6.81003 4.47369
1.79425 -1.94762 6.77649 4.44328
1.79684 -1.95429 6.72586 4.40373
1.80354 -1.95721 6.66898 4.35025
1.80413 -1.97044 6.6035 4.30613
1.80359 -1.98394 6.54221 4.26744
1.80245 -1.99663 6.48819 4.23487
1.8011 -2.00775 6.44267 4.20833
1.79938 -2.01696 6.40743 4.1893
1.7975 -2.02367 6.38334 4.17793
1.79598 -2.02726 6.36892 4.172
1.79481 -2.02875 6.36106 4.16957
1.79363 -2.02814 6.36033 4.17184
1.79294 -2.02591 6.36345 4.1755
1.79355 -2.02251 6.36417 4.17453
1.79545 -2.02049 6.35434 4.16368
1.79768 -2.02138 6.33224 4.14406
1.79882 -2.02605 6.30264 4.12208
1.79797 -2.03183 6.27844 4.10819
1.7954 -2.03632 6.26929 4.10807
1.79186 -2.03737 6.28112 4.12396
1.78808 -2.03236 6.31827 4.15711
1.78493 -2.02203 6.37619 4.20262
1.78337 -2.00693 6.44722 4.25316
1.78398 -1.98915 6.51972 4.29952
1.78631 -1.97279 6.58165 4.3347
1.78906 -1.96033 6.62929 4.35936
1.7908 -1.9512 6.66896 4.38118
1.79062 -1.94552 6.70774 4.40711
1.78846 -1.9387 6.75935 4.44639
1.785 -1.9287 6.82974 4.50138
1.7815 -1.91331 6.92044 4.57013
1.77953 -1.89306 7.02269 4.64279
1.78031 -1.86967 7.12256 4.70676
1.78336 -1.84742 7.20603 4.75379
1.78646 -1.83013 7.27006 4.7877
1.78796 -1.81724 7.3233 4.81871
1.78826 -1.80628 7.37294 4.85056
1.78879 -1.79608 7.41768 4.87853
1.79068 -1.78615 7.45216 4.89604
1.79368 -1.7797 7.46776 4.89808
1.79623 -1.77787 7.46665 4.89039
1.79727 -1.77986 7.45701 4.88128
1.79748 -1.7827 7.44554 4.87319
1.79839 -1.78669 7.42717 4.85869
1.8005 -1.79222 7.39694 4.83326
1.80247 -1.80037 7.35592 4.8012
1.80283 -1.81184 7.31084 4.77084
1.80171 -1.82384 7.27099 4.74777
1.80051 -1.83365 7.23896 4.73002
1.8002 -1.84214 7.20888 4.71117
1.80056 -1.85036 7.17726 4.68955
1.80067 -1.8591 7.14517 4.6683
1.80476 -1.85985 7.12312 4.64336
1.80327 -1.86731 7.10398 4.63469
1.80237 -1.87247 7.09046 4.62819
1.8022 -1.87614 7.0784 4.62077
1.80215 -1.87931 7.06669 4.61323
1.80241 -1.88177 7.05456 4.60466
1.80375 -1.88525 7.03431 4.58803
1.80586 -1.89099 7.002 4.56163
1.80697 -1.90008 6.96203 4.5328
1.80548 -1.91128 6.9278 4.51422
1.80171 -1.91996 6.91423 4.51481
1.79799 -1.92256 6.92368 4.53036
1.79661 -1.91964 6.94415 4.54723
1.79731 -1.91475 6.96347 4.55809
1.7979 -1.91082 6.98082 4.56796
1.79745 -1.90775 7.00085 4.58221
1.7962 -1.90375 7.02799 4.60317
1.79452 -1.8977 7.06437 4.63132
1.79345 -1.88892 7.10689 4.66199
1.79436 -1.87868 7.14427 4.68414
1.79768 -1.86972 7.16316 4.68784
1.80202 -1.86639 7.15526 4.67141
1.80476 -1.86996 7.12801 4.64654
1.80405 -1.87696 7.10158 4.63114
1.80012 -1.88318 7.09309 4.63569
1.79542 -1.88274 7.11114 4.65967
1.79326 -1.87512 7.1432 4.68631
1.79535 -1.86443 7.16613 4.69586
1.80031 -1.85742 7.16202 4.68025
1.80511 -1.8579 7.13028 4.64713
1.80763 -1.86573 7.08204 4.60925
1.80781 -1.87744 7.03074 4.57541
1.8069 -1.88889 6.98466 4.54769
1.80596 -1.89919 6.94351 4.52325
1.80511 -1.9081 6.90721 4.50174
1.80437 -1.91551 6.87551 4.48291
1.8043 -1.9217 6.84497 4.46317
1.80496 -1.92788 6.8112 4.43952
1.80535 -1.93533 6.77482 4.41486
1.8047 -1.94316 6.74219 4.39519
1.80374 -1.95016 6.71522 4.37993
1.80341 -1.95569 6.69134 4.36515
1.8032 -1.96083 6.66906 4.35113
1.80216 -1.96561 6.65247 4.3428
1.80061 -1.96936 6.64363 4.34078
1.7998 -1.96989 6.64139 4.34126
1.80046 -1.96966 6.63545 4.3358
1.80206 -1.97012 6.6212 4.32265
1.80355 -1.97335 6.5974 4.30355
1.80444 -1.97897 6.56761 4.282
1.80984 -1.97814 6.54007 4.25132
1.8097 -1.98537 6.50909 4.2315
1.80858 -1.99297 6.4834 4.21742
1.80608 -1.9987 6.47187 4.21575
1.80246 -2.00055 6.48097 4.23014
1.79904 -1.99669 6.51089 4.25775
1.79799 -1.9872 6.55025 4.286
1.80093 -1.97629 6.57643 4.29609
1.80704 -1.96996 6.57053 4.27774
1.81309 -1.97402 6.52831 4.23605
1.81653 -1.98685 6.46533 4.18726
1.81713 -2.00424 6.39806 4.14232
1.81591 -2.02198 6.33788 4.10611
1.81374 -2.0384 6.28939 4.07957
1.81095 -2.05178 6.25717 4.06492
1.8075 -2.06124 6.24497 4.06475
1.8034 -2.06527 6.25725 4.082
1.79912 -2.06294 6.29507 4.11645
1.7955 -2.05408 6.35478 4.16386
1.79307 -2.03987 6.42915 4.21829
1.79166 -2.02189 6.51201 4.27602
1.79085 -2.00168 6.59908 4.33516
1.79072 -1.98033 6.68573 4.39241
1.79196 -1.9588 6.76472 4.44121
1.79513 -1.93938 6.82519 4.47302
1.79957 -1.92429 6.86049 4.48505
1.80333 -1.91635 6.87167 4.48299
1.80461 -1.91432 6.87202 4.48005
1.80341 -1.91376 6.87719 4.48641
1.80133 -1.91075 6.89399 4.50254
1.80008 -1.90506 6.91739 4.52098
1.79997 -1.89812 6.94072 4.53649
1.80018 -1.89091 6.96282 4.5504
1.80043 -1.88329 6.9845 4.56393
1.80158 -1.87616 6.99988 4.57107
1.80398 -1.8707 7.0024 4.56663
1.80667 -1.86908 6.9892 4.55123
1.80867 -1.87167 6.96376 4.52966
1.80978 -1.87774 6.93069 4.50538
1.80999 -1.88512 6.89674 4.48278
1.80903 -1.89251 6.86873 4.46696
1.807 -1.89863 6.8523 4.46128
1.80483 -1.9012 6.85028 4.46533
1.80359 -1.90073 6.85707 4.47282
1.80368 -1.89894 6.86479 4.47764
1.80455 -1.89723 6.8693 4.47842
1.80512 -1.89694 6.87093 4.47807
1.80465 -1.8969 6.87605 4.48258
1.80324 -1.89596 6.88924 4.49468
1.80156 -1.89312 6.91182 4.51361
1.80532 -1.88053 6.94604 4.52652
1.80515 -1.87331 6.97875 4.54827
1.80628 -1.866 7.00606 4.56321
1.80807 -1.86036 7.02377 4.57021
1.80934 -1.85743 7.03339 4.57324
1.80942 -1.85699 7.03981 4.57723
1.80866 -1.85614 7.04955 4.58548
1.80833 -1.85412 7.06015 4.59323
1.80983 -1.85127 7.06271 4.59109
1.81336 -1.85099 7.04472 4.57048
1.8174 -1.85574 7.00331 4.53349
1.82031 -1.86751 6.94201 4.48663
1.82158 -1.88314 6.87274 4.43876
1.82143 -1.90075 6.80333 4.3943
1.81995 -1.91695 6.744 4.35953
1.81709 -1.93197 6.69938 4.3375
1.81299 -1.94251 6.679 4.33407
1.80818 -1.94699 6.68712 4.35088
1.80352 -1.94425 6.72378 4.38605
1.80008 -1.93395 6.78354 4.43348
1.79883 -1.91863 6.85312 4.48207
1.8002 -1.90214 6.91647 4.52007
1.80422 -1.88786 6.95905 4.53776
1.81054 -1.87938 6.96779 4.52759
1.81678 -1.88043 6.94029 4.49424
1.81927 -1.89075 6.89537 4.45905
1.81728 -1.90503 6.85768 4.43953
1.81319 -1.91616 6.84204 4.43939
1.80937 -1.92078 6.84956 4.45364
1.80662 -1.91993 6.87393 4.4763
1.80422 -1.91494 6.91281 4.5076
1.80106 -1.90603 6.96968 4.55266
1.79701 -1.8927 7.04776 4.61405
1.79355 -1.87289 7.14522 4.68686
1.79308 -1.84722 7.24674 4.7547
1.79725 -1.82137 7.32465 4.79467
1.80554 -1.80235 7.35478 4.79229
1.81479 -1.79576 7.33031 4.75201
1.82126 -1.80332 7.26432 4.69249
1.82341 -1.82077 7.18127 4.63338
1.82213 -1.84118 7.10322 4.58624
1.81945 -1.85998 7.03974 4.55195
1.817 -1.87399 6.99325 4.528
1.81509 -1.88419 6.96017 4.51131
1.81322 -1.89164 6.93941 4.50249
1.81083 -1.8965 6.93301 4.50428
1.80789 -1.89751 6.94449 4.51907
1.80572 -1.89438 6.96929 4.54065
1.80632 -1.88745 6.99419 4.55537
1.80995 -1.88151 7.00054 4.55037
1.8193 -1.874 6.98586 4.51748
1.82195 -1.88072 6.94991 4.4877
1.82226 -1.89168 6.90991 4.46112
1.82051 -1.90278 6.87913 4.44552
1.81706 -1.91134 6.86711 4.44616
1.81271 -1.91439 6.88062 4.46561
1.80869 -1.91085 6.91812 4.49992
1.80605 -1.90091 6.97282 4.54212
1.8056 -1.88732 7.03154 4.58153
1.80783 -1.87301 7.07963 4.60716
1.81209 -1.86208 7.10459 4.61255
1.81633 -1.85774 7.10439 4.60164
1.81854 -1.85975 7.08945 4.5864
1.81824 -1.86506 7.07376 4.57698
1.81661 -1.8701 7.06584 4.57598
1.81503 -1.87219 7.06764 4.58111
1.81398 -1.87231 7.0749 4.58848
1.81302 -1.87127 7.08646 4.59841
1.81198 -1.86775 7.10486 4.61299
1.81158 -1.8631 7.12429 4.62663
1.8128 -1.85758 7.13741 4.63204
1.81591 -1.85373 7.13354 4.62158
1.81997 -1.8551 7.10571 4.5933
1.82309 -1.86297 7.05855 4.55501
1.8237 -1.87545 7.00655 4.51993
1.82133 -1.88886 6.96676 4.50012
1.81635 -1.89865 6.9549 4.50477
1.80978 -1.90107 6.98064 4.53785
1.80309 -1.89318 7.04652 4.59766
1.79797 -1.875 7.1442 4.67468
1.79647 -1.84841 7.25507 4.75119
1.80032 -1.82036 7.34685 4.80102
1.80828 -1.79879 7.3946 4.81093
1.81615 -1.78937 7.39626 4.79118
1.82071 -1.79127 7.36925 4.76171
1.82198 -1.79998 7.33167 4.73413
1.82175 -1.81034 7.29388 4.71031
1.82164 -1.82046 7.25593 4.68611
1.82204 -1.83033 7.21555 4.659
1.82236 -1.8408 7.17255 4.63043
1.82194 -1.85168 7.13093 4.6046
1.8212 -1.86225 7.09264 4.58174
1.82112 -1.87126 7.05632 4.55849
1.82121 -1.8801 7.02008 4.53486
1.82011 -1.88946 6.989 4.5175
1.81769 -1.89701 6.97132 4.51208
1.81483 -1.90069 6.97014 4.51843
1.81261 -1.9004 6.98151 4.53133
1.81178 -1.89705 6.99795 4.54409
1.81227 -1.89252 7.01179 4.55184
1.81845 -1.8807 7.02359 4.544
1.82036 -1.87815 7.01992 4.53687
1.82366 -1.87851 6.99747 4.51418
1.82746 -1.88414 6.9522 4.47565
1.82928 -1.89566 6.89395 4.43373
1.82797 -1.90981 6.84062 4.40258
1.82447 -1.92151 6.80644 4.38898
1.82009 -1.92819 6.79664 4.39322
1.81593 -1.92861 6.81096 4.41255
1.81355 -1.92235 6.84215 4.4386
1.81398 -1.91282 6.87344 4.45782
1.81573 -1.90377 6.89659 4.46853
1.81621 -1.89762 6.91579 4.47979
1.81499 -1.8921 6.94068 4.49894
1.81311 -1.88461 6.97574 4.52635
1.81151 -1.87432 7.01992 4.55904
1.81067 -1.86141 7.06977 4.59354
1.8106 -1.84771 7.11984 4.62625
1.81108 -1.83325 7.16865 4.65672
1.81182 -1.81977 7.21291 4.68357
1.81269 -1.80775 7.2513 4.70622
1.81407 -1.79676 7.28199 4.72256
1.81678 -1.78753 7.29787 4.72579
1.82184 -1.78223 7.28594 4.70497
1.82943 -1.78492 7.23094 4.65007
1.83779 -1.79973 7.12667 4.56218
1.84332 -1.82655 6.98864 4.46039
1.84346 -1.86221 6.84431 4.36795
1.83947 -1.89712 6.72134 4.29876
1.83478 -1.92644 6.62469 4.2478
1.83135 -1.94865 6.54994 4.20771
1.8289 -1.96593 6.49129 4.17562
1.82601 -1.97952 6.45072 4.1561
1.82158 -1.98804 6.43751 4.15767
1.81564 -1.99056 6.45784 4.18446
1.8091 -1.98392 6.51713 4.23814
1.8037 -1.96743 6.60957 4.31111
1.80197 -1.94252 6.7163 4.38493
1.80492 -1.91527 6.80953 4.43854
1.81045 -1.89285 6.87203 4.46559
1.81591 -1.87865 6.90274 4.47207
1.82048 -1.87272 6.90582 4.46283
1.82399 -1.87363 6.88755 4.44246
1.82574 -1.8799 6.85767 4.41895
1.82555 -1.88851 6.82839 4.40053
1.82439 -1.89709 6.80566 4.38867
1.82313 -1.9042 6.79114 4.38234
1.82138 -1.90928 6.78834 4.38475
1.81799 -1.9111 6.80655 4.40472
1.81271 -1.90774 6.85524 4.44913
1.81213 -1.88908 6.94097 4.50621
1.80923 -1.86923 7.04261 4.57953
1.81074 -1.84545 7.13839 4.63794
1.81445 -1.8239 7.2137 4.6773
1.81675 -1.80798 7.27281 4.70965
1.81747 -1.79572 7.32383 4.7408
1.81936 -1.78398 7.3635 4.76152
1.82447 -1.77514 7.37432 4.75518
1.83117 -1.77458 7.34514 4.71901
1.83523 -1.78389 7.28962 4.67298
1.83458 -1.79983 7.23244 4.63798
1.83063 -1.81402 7.19645 4.62487
1.82589 -1.8221 7.1877 4.63122
1.82267 -1.82292 7.19998 4.64734
1.82234 -1.81918 7.21736 4.65942
1.82429 -1.81523 7.22593 4.65994
1.82617 -1.81433 7.22397 4.65388
1.8261 -1.81648 7.22048 4.65182
1.82463 -1.81778 7.22506 4.65852
1.82376 -1.81728 7.23353 4.66621
1.82428 -1.81569 7.23852 4.66808
1.82532 -1.81413 7.23771 4.6649
1.82614 -1.81458 7.22959 4.65758
1.8273 -1.81644 7.21309 4.64401
1.82954 -1.81977 7.1833 4.61916
1.83214 -1.82675 7.13672 4.5827
1.83342 -1.83762 7.08034 4.54333
1.83266 -1.84998 7.02627 4.51049
1.83043 -1.86181 6.98227 4.48772
1.82776 -1.8701 6.95371 4.47587
1.82557 -1.87454 6.93874 4.4716
1.82388 -1.87562 6.93539 4.47359
1.82194 -1.87429 6.94453 4.48425
1.81931 -1.8701 6.97022 4.50735
1.8163 -1.86176 7.01509 4.54389
1.81363 -1.84879 7.07731 4.59094
1.81226 -1.8315 7.15011 4.64167
1.81275 -1.81238 7.22158 4.6868
1.81507 -1.79396 7.28114 4.7194
1.81966 -1.77877 7.31582 4.72993
1.82614 -1.77086 7.31277 4.71118
1.83302 -1.77231 7.26975 4.66588
1.83894 -1.785 7.18897 4.59917
1.84235 -1.8063 7.08612 4.525
1.84222 -1.83307 6.98045 4.45783
1.83919 -1.85881 6.8921 4.40867
1.83493 -1.87983 6.82921 4.37858
1.83076 -1.89478 6.79213 4.36471
1.82683 -1.9038 6.77984 4.36618
1.82269 -1.907 6.79354 4.38494
1.8235 -1.89583 6.83876 4.41217
1.82022 -1.88589 6.90074 4.4602
1.81843 -1.87086 6.9751 4.51268
1.81817 -1.85301 7.05231 4.56327
1.81979 -1.83562 7.11974 4.60283
1.8237 -1.81998 7.16678 4.62328
1.82912 -1.81033 7.18273 4.61987
1.83397 -1.80893 7.16922 4.59897
1.83684 -1.81511 7.13636 4.57073
1.83774 -1.8256 7.09619 4.54278
1.83758 -1.83706 7.05648 4.51776
1.83728 -1.84816 7.01833 4.49408
1.83627 -1.85938 6.984 4.47455
1.83352 -1.8689 6.96373 4.46825
1.82953 -1.87377 6.96515 4.47891
1.82635 -1.87284 6.98384 4.49874
1.82621 -1.86684 7.00488 4.51265
1.8294 -1.86083 7.00835 4.50702
1.83383 -1.86025 6.98484 4.48104
1.83706 -1.86637 6.94051 4.44477
1.83826 -1.87716 6.88719 4.40773
1.83789 -1.88969 6.83456 4.37495
1.83636 -1.90124 6.79076 4.35053
1.83392 -1.91113 6.76009 4.33664
1.83096 -1.91664 6.74854 4.33622
1.82786 -1.91817 6.75535 4.34795
1.82518 -1.91459 6.78013 4.37033
1.82366 -1.90736 6.81509 4.39653
1.82363 -1.89772 6.85249 4.42072
1.82463 -1.88865 6.88445 4.43891
1.82583 -1.88039 6.91122 4.45324
1.82686 -1.87441 6.93148 4.46377
1.82798 -1.86992 6.94607 4.47043
1.82908 -1.86743 6.95448 4.47314
1.82921 -1.86628 6.96271 4.47811
1.82749 -1.86445 6.98173 4.49457
1.82436 -1.86052 7.01785 4.52559
1.82134 -1.85148 7.07313 4.5688
1.81968 -1.83844 7.13904 4.61557
1.81973 -1.82256 7.20725 4.65955
1.82126 -1.80705 7.26753 4.69458
1.82378 -1.79352 7.3143 4.71824
1.8268 -1.78429 7.3425 4.72863
1.82965 -1.77935 7.35347 4.72831
1.83137 -1.77936 7.35111 4.72235
1.83133 -1.78146 7.34676 4.71966
1.83034 -1.7832 7.34616 4.72182
1.83058 -1.78329 7.34389 4.71975
1.83357 -1.78428 7.32431 4.69949
1.83779 -1.78972 7.28008 4.66038
1.84454 -1.79459 7.2258 4.6087
1.84213 -1.80963 7.17683 4.58346
1.83738 -1.81975 7.15487 4.58124
1.83325 -1.82343 7.15574 4.59212
1.83154 -1.82044 7.16931 4.60512
1.83227 -1.81522 7.18048 4.61047
1.83431 -1.81133 7.18105 4.60572
1.83635 -1.8101 7.17097 4.59414
1.83755 -1.81202 7.15367 4.58005
1.83804 -1.81592 7.13344 4.56589
1.83876 -1.82043 7.11044 4.54939
1.83979 -1.82592 7.08292 4.52924
1.83995 -1.83356 7.05357 4.51009
1.83815 -1.84143 7.03348 4.50164
1.83464 -1.84623 7.03292 4.50988
1.83106 -1.84558 7.05302 4.53163
1.82895 -1.83913 7.08662 4.55847
1.82898 -1.82983 7.12057 4.58023
1.83128 -1.82084 7.14198 4.58822
1.83533 -1.81477 7.1417 4.57792
1.83969 -1.81513 7.11533 4.55021
1.84253 -1.82207 7.07081 4.51477
1.84249 -1.83348 7.02342 4.48461
1.83978 -1.84511 6.98899 4.4692
1.8364 -1.85189 6.97518 4.46859
1.83444 -1.85436 6.97304 4.47197
1.83413 -1.85355 6.97523 4.47413
1.83447 -1.85276 6.9759 4.47375
1.83516 -1.85196 6.97429 4.47102
1.83667 -1.85194 6.9655 4.46172
1.83896 -1.85452 6.94382 4.4423
1.84113 -1.8608 6.90912 4.41487
1.84241 -1.87047 6.86621 4.38441
1.84275 -1.88074 6.82302 4.35604
1.84227 -1.89305 6.77966 4.32948
1.84048 -1.90345 6.74802 4.31347
1.83734 -1.91163 6.73335 4.31145
1.83439 -1.91484 6.73724 4.32087
1.83316 -1.91385 6.75042 4.33224
1.83329 -1.911 6.76528 4.34146
1.833 -1.90887 6.78194 4.35285
1.83112 -1.90573 6.81034 4.37557
1.82827 -1.90022 6.85469 4.41092
1.82593 -1.89027 6.91397 4.45475
1.82492 -1.87684 6.98055 4.50016
1.82515 -1.86176 7.04718 4.54254
1.82676 -1.84726 7.10507 4.5758
1.8298 -1.83424 7.14768 4.59559
1.83308 -1.82694 7.16902 4.60109
1.83526 -1.82394 7.17744 4.601
1.84118 -1.81659 7.18372 4.59022
1.84103 -1.81836 7.18516 4.59153
1.83942 -1.82013 7.19399 4.60119
1.83609 -1.81904 7.22086 4.62675
1.83178 -1.81331 7.27038 4.66944
1.82789 -1.80048 7.34278 4.72598
1.82562 -1.78159 7.42875 4.78725
1.82564 -1.7602 7.51366 4.84193
1.82801 -1.73853 7.58578 4.88205
1.83237 -1.72095 7.63186 4.90002
1.8377 -1.70989 7.64615 4.89495
1.84254 -1.70623 7.63123 4.87259
1.84586 -1.71065 7.5925 4.83912
1.84783 -1.7194 7.54063 4.80093
1.84929 -1.7309 7.47885 4.75786
1.8507 -1.74451 7.40814 4.70928
1.85157 -1.76026 7.33153 4.65837
1.85088 -1.77792 7.25683 4.61263
1.8481 -1.79436 7.19756 4.58186
1.84368 -1.80617 7.16447 4.57171
1.83869 -1.81239 7.15967 4.58106
1.83366 -1.81056 7.18645 4.6108
1.8285 -1.80099 7.24451 4.66116
1.82357 -1.78354 7.33202 4.73022
1.8206 -1.75881 7.43818 4.80655
1.82335 -1.72874 7.53538 4.86202
1.83547 -1.70346 7.5701 4.85217
1.85107 -1.69785 7.51503 4.77628
1.85844 -1.71537 7.41186 4.69203
1.85722 -1.74329 7.30994 4.63054
1.85332 -1.76893 7.22932 4.58911
1.84941 -1.78904 7.17156 4.56206
1.84528 -1.80302 7.13927 4.55169
1.84071 -1.81116 7.13382 4.5595
1.83655 -1.81234 7.15383 4.58266
1.83347 -1.80715 7.19287 4.61541
1.83168 -1.79704 7.24314 4.65221
1.83193 -1.78451 7.29184 4.68283
1.83536 -1.77206 7.32202 4.69342
1.84159 -1.76486 7.31616 4.6738
1.84798 -1.76741 7.2707 4.62872
1.85204 -1.78001 7.19723 4.57188
1.85351 -1.79855 7.11212 4.51425
1.85318 -1.81877 7.02766 4.46144
1.85149 -1.83854 6.9517 4.41723
1.84838 -1.85559 6.89323 4.38745
1.84407 -1.86789 6.85948 4.37617
1.84027 -1.87354 6.84957 4.37886
1.83988 -1.87284 6.84755 4.37852
1.8433 -1.87256 6.82881 4.35843
1.85119 -1.8704 6.79788 4.3202
1.85016 -1.87988 6.7673 4.30317
1.8469 -1.88755 6.75527 4.30309
1.84408 -1.88995 6.76149 4.31365
1.84245 -1.88868 6.77807 4.32803
1.84179 -1.88458 6.80088 4.34417
1.84196 -1.87946 6.82431 4.35873
1.84269 -1.87495 6.84406 4.36961
1.84284 -1.87137 6.86345 4.38164
1.84172 -1.86815 6.88873 4.40046
1.84015 -1.86366 6.92259 4.42584
1.83891 -1.85654 6.9648 4.45584
1.83801 -1.84724 7.01312 4.48896
1.83775 -1.83681 7.06282 4.52139
1.83903 -1.82575 7.1062 4.546
1.8425 -1.81617 7.13136 4.55351
1.84751 -1.81285 7.12618 4.53785
1.85174 -1.81776 7.0937 4.50686
1.85267 -1.82796 7.05381 4.47926
1.85023 -1.83943 7.02451 4.46654
1.84678 -1.84702 7.01382 4.46808
1.8447 -1.84893 7.01645 4.47479
1.84465 -1.84876 7.01872 4.47636
1.84597 -1.84815 7.01453 4.47048
1.84756 -1.84963 7.00037 4.45763
1.84752 -1.85317 6.98427 4.44747
1.84467 -1.85731 6.97974 4.45145
1.84134 -1.85598 6.9948 4.46911
1.84153 -1.8503 7.00974 4.47821
1.84634 -1.84527 6.99973 4.46015
1.8523 -1.84779 6.9558 4.41791
1.85458 -1.85951 6.89565 4.37431
1.85168 -1.87399 6.84959 4.35192
1.84563 -1.88428 6.83603 4.35752
1.83963 -1.88537 6.85789 4.38573
1.83604 -1.87694 6.90376 4.42369
1.83577 -1.86295 6.95453 4.45687
1.83858 -1.84868 6.99142 4.47367
1.84348 -1.83905 7.00074 4.46772
1.84897 -1.83687 6.97823 4.44013
1.85353 -1.84286 6.9283 4.39752
1.85616 -1.85609 6.86064 4.3484
1.85623 -1.87324 6.79045 4.30375
1.8535 -1.89048 6.73401 4.27429
1.84865 -1.90294 6.70548 4.26732
1.84307 -1.9087 6.70847 4.28215
1.83823 -1.90594 6.74153 4.31459
1.83549 -1.8956 6.79413 4.35474
1.83508 -1.88138 6.85199 4.39281
1.83566 -1.86636 6.90869 4.42777
1.84083 -1.84494 6.96856 4.45358
1.8408 -1.83132 7.02451 4.48942
1.84159 -1.81743 7.07708 4.52109
1.84322 -1.80502 7.12041 4.54474
1.84451 -1.79498 7.15601 4.56427
1.84493 -1.78676 7.18849 4.58393
1.84539 -1.77884 7.21869 4.60206
1.84658 -1.77177 7.24208 4.61399
1.84843 -1.76656 7.25513 4.61767
1.85113 -1.76422 7.25337 4.60981
1.85483 -1.76614 7.2311 4.5865
1.85803 -1.77339 7.19054 4.55293
1.85865 -1.78527 7.14474 4.52242
1.85635 -1.79792 7.11002 4.50602
1.85204 -1.80766 7.09706 4.50826
1.84685 -1.81072 7.11296 4.53107
1.84243 -1.80565 7.15472 4.56861
1.841 -1.79369 7.20671 4.60537
1.84355 -1.7803 7.24494 4.62339
1.84827 -1.76992 7.25788 4.61982
1.8523 -1.76764 7.24416 4.60105
1.85475 -1.77157 7.2138 4.57572
1.8564 -1.77887 7.17326 4.54597
1.85732 -1.78896 7.1263 4.51397
1.85637 -1.80017 7.08423 4.4896
1.8531 -1.80997 7.06017 4.48227
1.84913 -1.81473 7.06001 4.49178
1.84674 -1.81321 7.077 4.50841
1.84664 -1.80856 7.09729 4.52159
1.84821 -1.80375 7.11172 4.52693
1.8504 -1.8012 7.11581 4.52417
1.85155 -1.80245 7.11296 4.51956
1.85021 -1.80456 7.11833 4.52625
1.84665 -1.80504 7.14242 4.55033
1.84273 -1.79971 7.18988 4.59029
1.84073 -1.78871 7.25002 4.63372
1.84169 -1.77466 7.3066 4.66746
1.84489 -1.7619 7.34597 4.68446
1.84946 -1.75397 7.35925 4.68132
1.85486 -1.75323 7.34049 4.65581
1.85842 -1.76063 7.2984 4.62023
1.85703 -1.77384 7.2588 4.59863
1.85194 -1.78443 7.24615 4.60323
1.84699 -1.78715 7.26267 4.62609
1.84416 -1.78232 7.29796 4.65568
1.84307 -1.77334 7.34142 4.68618
1.84288 -1.76266 7.38719 4.71589
1.84389 -1.75183 7.42785 4.73925
1.84708 -1.74224 7.45186 4.74636
1.85245 -1.73754 7.44554 4.72859
1.86323 -1.73392 7.40819 4.67765
1.8665 -1.74671 7.34329 4.62855
1.86522 -1.76405 7.28034 4.59202
1.86016 -1.77939 7.24116 4.57972
1.8549 -1.78698 7.23034 4.58584
1.85357 -1.78585 7.2304 4.58917
1.85778 -1.78313 7.20927 4.56541
1.86489 -1.78751 7.1479 4.50928
1.87006 -1.80261 7.05519 4.43848
1.87058 -1.82598 6.95537 4.37447
1.86737 -1.84985 6.87244 4.32974
1.86256 -1.86846 6.81815 4.30663
1.85722 -1.8799 6.79587 4.30489
1.85155 -1.88342 6.80782 4.32567
1.84611 -1.87838 6.85325 4.36738
1.84214 -1.86437 6.92575 4.42309
1.84062 -1.84472 7.00965 4.48035
1.84118 -1.82334 7.0919 4.53157
1.84212 -1.80256 7.16956 4.57884
1.84201 -1.78366 7.24577 4.62779
1.84128 -1.76442 7.32511 4.68033
1.84214 -1.74365 7.40033 4.72616
1.84621 -1.72451 7.45275 4.74917
1.85238 -1.71177 7.46914 4.74374
1.85846 -1.70796 7.44942 4.71574
1.86366 -1.71349 7.39714 4.66959
1.86803 -1.72624 7.31839 4.60905
1.87056 -1.74617 7.2212 4.5417
1.86992 -1.76933 7.12516 4.48284
1.86643 -1.79169 7.04606 4.44136
1.86204 -1.80873 6.99169 4.41747
1.85902 -1.81866 6.95745 4.40298
1.85879 -1.8245 6.92742 4.38451
1.86107 -1.83047 6.88738 4.35385
1.86397 -1.83999 6.83315 4.31285
1.8656 -1.85321 6.77217 4.27062
1.86511 -1.8691 6.71454 4.23539
1.86242 -1.88425 6.67326 4.21543
1.85794 -1.89527 6.65895 4.21653
1.85268 -1.89955 6.67649 4.23963
1.84791 -1.89608 6.72348 4.28049
1.84447 -1.88516 6.79313 4.33292
1.84244 -1.8695 6.87545 4.39025
1.8415 -1.85005 6.96508 4.44975
1.84134 -1.82926 7.05518 4.50771
1.84212 -1.80873 7.13908 4.55938
1.84453 -1.78947 7.20827 4.59756
1.84863 -1.77366 7.25318 4.61594
1.85334 -1.76405 7.26904 4.61426
1.85748 -1.76184 7.25796 4.59696
1.86518 -1.75813 7.23287 4.56217
1.8657 -1.76603 7.19706 4.53831
1.86454 -1.7752 7.16474 4.52073
1.86332 -1.78193 7.13992 4.50803
1.86234 -1.78673 7.12066 4.49825
1.86047 -1.79062 7.11037 4.49625
1.85777 -1.79123 7.11597 4.50633
1.8562 -1.788 7.13166 4.52009
1.85699 -1.78242 7.14514 4.52669
1.85866 -1.77799 7.15013 4.5258
1.8593 -1.77598 7.151 4.52478
1.85899 -1.77514 7.15257 4.52653
1.85848 -1.77408 7.15643 4.53023
1.85791 -1.77134 7.16498 4.53702
1.85747 -1.76837 7.17527 4.54461
1.85778 -1.76478 7.18471 4.54984
1.85907 -1.76111 7.1889 4.54934
1.86077 -1.75988 7.18323 4.5416
1.86241 -1.76097 7.16893 4.52856
1.8641 -1.76417 7.14602 4.51
1.86551 -1.77028 7.11444 4.48667
1.86583 -1.77837 7.08075 4.46466
1.86495 -1.78721 7.05111 4.44806
1.86369 -1.7943 7.02991 4.4377
1.863 -1.79906 7.01501 4.42993
1.8631 -1.80351 7.00037 4.42045
1.86308 -1.80852 6.9866 4.41179
1.8618 -1.81281 6.98195 4.4119
1.85909 -1.81526 6.9928 4.42519
1.85618 -1.81371 7.02099 4.44999
1.85457 -1.80773 7.06009 4.47867
1.85481 -1.7996 7.09904 4.50278
1.85666 -1.79181 7.12887 4.51721
1.85938 -1.78767 7.14222 4.51904
1.86157 -1.78732 7.14302 4.51423
1.86187 -1.79017 7.14078 4.51208
1.8601 -1.79261 7.14886 4.5215
1.85706 -1.79252 7.17369 4.54463
1.85356 -1.78844 7.21801 4.58133
1.85006 -1.77846 7.28437 4.63219
1.8471 -1.76308 7.36915 4.69362
1.84539 -1.74344 7.46472 4.75889
1.84539 -1.72116 7.56155 4.82062
1.84737 -1.6991 7.64748 4.87018
1.85148 -1.6803 7.70972 4.89892
1.8572 -1.6675 7.73907 4.90242
1.86288 -1.66391 7.73284 4.88354
1.86633 -1.66846 7.70369 4.85613
1.86611 -1.67813 7.67123 4.83624
1.86271 -1.68761 7.65432 4.83439
1.86331 -1.68448 7.66556 4.83994
1.85999 -1.68182 7.69295 4.86589
1.85828 -1.67427 7.73117 4.89459
1.85783 -1.66363 7.7735 4.92257
1.85892 -1.65279 7.80925 4.9423
1.86249 -1.64341 7.82576 4.94325
1.86886 -1.63932 7.80675 4.91444
1.87638 -1.64482 7.74401 4.85542
1.88216 -1.66209 7.6444 4.77824
1.88438 -1.68792 7.52824 4.70009
1.88285 -1.7174 7.4166 4.63416
1.87825 -1.74421 7.32929 4.59082
1.87178 -1.76445 7.27746 4.5741
1.86496 -1.77431 7.26653 4.58394
1.8592 -1.77426 7.29025 4.61315
1.85516 -1.76578 7.33953 4.65444
1.85245 -1.75163 7.40583 4.70336
1.85067 -1.73232 7.48545 4.75849
1.85047 -1.71088 7.56651 4.81056
1.85257 -1.68925 7.63626 4.84938
1.85627 -1.67051 7.68485 4.87053
1.86002 -1.65727 7.70973 4.87644
1.86361 -1.64977 7.71101 4.86784
1.86827 -1.64776 7.68368 4.83849
1.87518 -1.6521 7.61743 4.77909
1.88319 -1.66729 7.50346 4.68759
1.8889 -1.69452 7.3538 4.58019
1.89088 -1.73118 7.18839 4.47248
1.88997 -1.76984 7.02849 4.37509
1.88666 -1.80793 6.88642 4.29419
1.88093 -1.84018 6.77979 4.24057
1.87345 -1.86411 6.71795 4.21866
1.86574 -1.87668 6.70446 4.22759
1.85953 -1.87724 6.73257 4.25951
1.8559 -1.8686 6.78687 4.30225
1.85495 -1.85501 6.85075 4.34498
1.85613 -1.83945 6.91239 4.38129
1.85879 -1.82602 6.96038 4.40538
1.86192 -1.81696 6.99042 4.41696
1.86399 -1.81233 7.00778 4.423
1.86401 -1.81119 7.02199 4.43194
1.86229 -1.80991 7.04381 4.44981
1.86013 -1.80626 7.07605 4.47536
1.85898 -1.79846 7.116 4.50341
1.85994 -1.78923 7.15046 4.5229
1.86293 -1.781 7.16893 4.52729
1.8664 -1.77815 7.16524 4.51655
1.86873 -1.78011 7.14693 4.49939
1.86965 -1.78565 7.12129 4.48105
1.8698 -1.79274 7.0933 4.46307
1.87459 -1.79241 7.07057 4.4374
1.87375 -1.7993 7.04808 4.42528
1.87193 -1.80521 7.03527 4.42152
1.86936 -1.80821 7.03788 4.42926
1.86663 -1.80712 7.05756 4.44812
1.86407 -1.80238 7.09263 4.47636
1.86155 -1.79315 7.14465 4.5153
1.85923 -1.78035 7.21114 4.56301
1.85803 -1.7638 7.28708 4.61405
1.85896 -1.74551 7.36026 4.65804
1.8618 -1.72871 7.41905 4.68808
1.86478 -1.71666 7.46005 4.70648
1.86618 -1.7087 7.4918 4.72295
1.86586 -1.70316 7.52231 4.743
1.86469 -1.69691 7.55762 4.76826
1.86352 -1.68887 7.59777 4.7966
1.86285 -1.67904 7.64005 4.82503
1.86297 -1.66831 7.67969 4.84974
1.8642 -1.65804 7.71017 4.86578
1.86681 -1.64949 7.72448 4.86799
1.87093 -1.64483 7.71412 4.85076
1.87607 -1.64688 7.67223 4.8112
1.88063 -1.65618 7.603 4.75622
1.88275 -1.67244 7.51857 4.69812
1.88213 -1.69135 7.43636 4.64828
1.8801 -1.70928 7.3656 4.60902
1.87771 -1.72469 7.30902 4.57942
1.87482 -1.7369 7.27025 4.56216
1.87099 -1.74434 7.25585 4.56245
1.86649 -1.74574 7.26943 4.58201
1.86252 -1.74028 7.30815 4.61623
1.86096 -1.72849 7.35956 4.65261
1.8629 -1.71468 7.40237 4.6748
1.86745 -1.70396 7.42029 4.67469
1.87267 -1.70011 7.40748 4.6536
1.87716 -1.70442 7.36611 4.61656
1.88034 -1.71588 7.30285 4.56918
1.88197 -1.73157 7.22824 4.51857
1.88185 -1.74996 7.15131 4.47076
1.87994 -1.76826 7.08314 4.43264
1.8764 -1.78323 7.03465 4.41061
1.87172 -1.79299 7.01213 4.40748
1.86725 -1.79565 7.01597 4.42045
1.8647 -1.79147 7.03668 4.43957
1.86483 -1.78331 7.05957 4.45371
1.86736 -1.77544 7.07039 4.45448
1.87139 -1.77137 7.05978 4.4382
1.87458 -1.77321 7.03075 4.41244
1.8749 -1.78003 6.99789 4.39107
1.87368 -1.78675 6.97266 4.37808
1.87813 -1.78451 6.9561 4.35734
1.87818 -1.78914 6.93694 4.34523
1.87749 -1.79341 6.92408 4.33877
1.87557 -1.79725 6.92269 4.34233
1.87311 -1.79774 6.93822 4.35777
1.87086 -1.79513 6.96818 4.38187
1.86911 -1.78892 7.01088 4.41284
1.86825 -1.78014 7.06059 4.44617
1.86872 -1.77005 7.10955 4.47588
1.87054 -1.76031 7.15012 4.49705
1.87324 -1.75374 7.17519 4.5063
1.87579 -1.75176 7.18431 4.5059
1.87687 -1.75332 7.18597 4.50434
1.8758 -1.75659 7.19112 4.51014
1.87273 -1.75807 7.21156 4.53038
1.86871 -1.75445 7.25407 4.5669
1.86566 -1.74518 7.31309 4.61158
1.86466 -1.7314 7.3781 4.65508
1.86477 -1.71553 7.44285 4.69564
1.86508 -1.70024 7.50369 4.73323
1.86599 -1.68531 7.55806 4.76522
1.86796 -1.67156 7.59995 4.78657
1.87118 -1.66077 7.62193 4.79215
1.87608 -1.65431 7.61556 4.77563
1.88231 -1.65635 7.57009 4.73141
1.88734 -1.66811 7.49171 4.66995
1.88815 -1.68679 7.40434 4.6135
1.88481 -1.70688 7.33123 4.57604
1.88065 -1.72093 7.28272 4.55583
1.87882 -1.72931 7.24613 4.53734
1.87978 -1.73517 7.20753 4.51086
1.88157 -1.74276 7.16116 4.4776
1.88156 -1.75287 7.1164 4.44961
1.87863 -1.76258 7.08986 4.43995
1.87336 -1.76781 7.09477 4.45552
1.86706 -1.76514 7.13785 4.49769
1.86147 -1.7532 7.21604 4.56063
1.85873 -1.73244 7.31557 4.63035
1.86025 -1.70758 7.41193 4.68751
1.86483 -1.68582 7.48447 4.72175
1.86908 -1.67112 7.53268 4.74136
1.8712 -1.66242 7.56766 4.75799
1.87251 -1.65654 7.5944 4.77146
1.87424 -1.65249 7.61036 4.77707
1.87571 -1.65131 7.61528 4.77642
1.87636 -1.6525 7.61324 4.77346
1.87705 -1.65481 7.60461 4.76632
1.87871 -1.65759 7.58574 4.75029
1.88135 -1.66322 7.54962 4.72104
1.88407 -1.67327 7.49504 4.68013
1.89056 -1.6796 7.43382 4.62598
1.89039 -1.69552 7.36658 4.58453
1.88934 -1.71099 7.3035 4.5478
1.8877 -1.72499 7.24779 4.51705
1.88574 -1.73647 7.20203 4.49318
1.88463 -1.74499 7.16253 4.47118
1.88527 -1.75183 7.12028 4.44328
1.88711 -1.75974 7.06824 4.40652
1.88862 -1.77045 7.00763 4.36524
1.88923 -1.78408 6.94269 4.32338
1.88936 -1.79769 6.87964 4.28383
1.88901 -1.8116 6.81979 4.24734
1.88764 -1.82527 6.7685 4.21847
1.88456 -1.83699 6.73523 4.20458
1.87955 -1.84383 6.73143 4.21341
1.87353 -1.84284 6.7637 4.24723
1.86861 -1.83316 6.82625 4.29778
1.86683 -1.8152 6.9048 4.35139
1.86804 -1.79552 6.97859 4.39504
1.86993 -1.7779 7.04272 4.43094
1.87064 -1.76262 7.10349 4.46747
1.87059 -1.7482 7.16489 4.50621
1.87152 -1.7337 7.22245 4.54016
1.87452 -1.72075 7.26511 4.55967
1.87913 -1.71229 7.28371 4.56013
1.88351 -1.71183 7.27629 4.54489
1.88531 -1.71699 7.25906 4.52979
1.88352 -1.72555 7.2489 4.52775
1.87932 -1.7305 7.2631 4.54676
1.87483 -1.72969 7.30222 4.5822
1.87184 -1.72182 7.36028 4.62601
1.87125 -1.70917 7.42391 4.66749
1.8727 -1.69643 7.47881 4.69834
1.8748 -1.68525 7.52222 4.72032
1.87611 -1.67741 7.5558 4.7381
1.876 -1.6717 7.58679 4.75781
1.87535 -1.66536 7.62036 4.78052
1.87703 -1.65756 7.6458 4.79217
1.88145 -1.65351 7.64452 4.78013
1.88456 -1.65577 7.62408 4.75946
1.88487 -1.66309 7.59835 4.74262
1.88314 -1.67077 7.58037 4.73575
1.87953 -1.67519 7.58228 4.74605
1.87546 -1.67395 7.60727 4.772
1.87328 -1.66712 7.64513 4.80134
1.87406 -1.65681 7.6811 4.82192
1.87748 -1.64772 7.69954 4.8247
1.88213 -1.64388 7.69218 4.80819
1.88563 -1.64763 7.66289 4.78098
1.88593 -1.65649 7.62974 4.75954
1.88743 -1.65821 7.61811 4.7485
1.88138 -1.66179 7.63554 4.77467
1.87562 -1.65579 7.68719 4.82173
1.87321 -1.64143 7.75498 4.87051
1.87494 -1.62346 7.81579 4.90419
1.87832 -1.60814 7.85764 4.92156
1.8808 -1.59817 7.88299 4.93093
1.88231 -1.59186 7.89757 4.93609
1.88392 -1.58769 7.90176 4.93448
1.88624 -1.58535 7.89313 4.92305
1.88917 -1.58686 7.86675 4.89898
1.89225 -1.59301 7.82241 4.86343
1.89569 -1.604 7.75926 4.81543
1.89898 -1.62002 7.67852 4.75705
1.89918 -1.64086 7.59618 4.70555
1.89567 -1.6622 7.53274 4.67489
1.89149 -1.67861 7.49391 4.66107
1.88876 -1.68833 7.47397 4.65539
1.88739 -1.69437 7.46303 4.65194
1.88653 -1.69799 7.45828 4.65111
1.88581 -1.70019 7.45761 4.65245
1.88538 -1.7013 7.45888 4.65431
1.88504 -1.70206 7.46057 4.6562
1.8842 -1.70222 7.46547 4.66136
1.88292 -1.70125 7.47574 4.67093
1.88236 -1.6986 7.4881 4.68004
1.88353 -1.69516 7.4939 4.68076
1.88592 -1.69284 7.48687 4.67044
1.88788 -1.69501 7.46559 4.65233
1.88821 -1.69942 7.44125 4.63636
1.88679 -1.70409 7.42296 4.62843
1.88372 -1.70717 7.41897 4.6335
1.87932 -1.70474 7.43971 4.65731
1.87568 -1.69539 7.48182 4.69277
1.87617 -1.68087 7.52358 4.71775
1.88233 -1.66788 7.53288 4.7081
1.89157 -1.66382 7.49191 4.65962
1.89891 -1.67416 7.40629 4.58857
1.90109 -1.69547 7.30419 4.52013
1.89816 -1.71954 7.21599 4.47244
1.8921 -1.73959 7.16019 4.45207
1.88532 -1.74987 7.14495 4.45857
1.87992 -1.75011 7.16299 4.48267
1.8772 -1.74188 7.20082 4.51287
1.87758 -1.72967 7.24007 4.53655
1.88054 -1.71867 7.26434 4.54459
1.88472 -1.71224 7.26614 4.53563
1.88844 -1.71217 7.24663 4.51456
1.89055 -1.71742 7.21464 4.4896
1.89091 -1.72594 7.1795 4.46687
1.89498 -1.72714 7.15423 4.44159
1.89341 -1.73452 7.13405 4.43275
1.89185 -1.7396 7.12383 4.43005
1.89049 -1.74243 7.12272 4.43254
1.88899 -1.74362 7.13085 4.44112
1.88709 -1.74246 7.1512 4.45827
1.88478 -1.73844 7.18589 4.4854
1.882 -1.73051 7.23805 4.52464
1.87934 -1.71831 7.30665 4.57399
1.87842 -1.70184 7.38307 4.62409
1.88034 -1.68431 7.4503 4.66141
1.88377 -1.66985 7.49815 4.68283
1.88593 -1.66111 7.53049 4.69762
1.88607 -1.65478 7.56041 4.71593
1.8861 -1.64865 7.58878 4.73357
1.88816 -1.64233 7.60643 4.7394
1.89258 -1.63876 7.60069 4.72475
1.89708 -1.64278 7.56732 4.69285
1.89828 -1.65373 7.52404 4.66308
1.8952 -1.66669 7.49465 4.65239
1.89034 -1.6741 7.49356 4.6637
1.88697 -1.67436 7.51306 4.68417
1.88642 -1.66976 7.53801 4.70111
1.88742 -1.66424 7.55886 4.71161
1.88801 -1.66028 7.57609 4.72088
1.88749 -1.65758 7.59491 4.7339
1.88629 -1.65402 7.6203 4.75273
1.88494 -1.64851 7.65387 4.77711
1.88369 -1.64082 7.69529 4.80614
1.88257 -1.63143 7.74305 4.83884
1.88137 -1.62059 7.79678 4.87553
1.88002 -1.60727 7.85795 4.91733
1.87961 -1.59198 7.92026 4.95739
1.88381 -1.5755 7.96168 4.97221
1.89499 -1.56619 7.94073 4.92987
1.90626 -1.57424 7.85164 4.84573
1.9105 -1.59892 7.73127 4.76084
1.90918 -1.63035 7.61162 4.69043
1.90497 -1.65966 7.51321 4.64001
1.89932 -1.68238 7.44689 4.61273
1.89371 -1.69635 7.41424 4.60611
1.88926 -1.70182 7.40951 4.61402
1.88643 -1.69992 7.42476 4.63044
1.88533 -1.69496 7.44663 4.6468
1.88537 -1.68797 7.46999 4.66128
1.88534 -1.6811 7.49277 4.67557
1.88498 -1.67356 7.51698 4.69156
1.88596 -1.66566 7.53436 4.69997
1.89008 -1.65957 7.52743 4.6854
1.89705 -1.6597 7.47987 4.63871
1.90935 -1.66318 7.39137 4.5543
1.91433 -1.6848 7.26621 4.46552
1.91597 -1.71406 7.12699 4.37621
1.91479 -1.74591 6.99133 4.29555
1.9116 -1.7759 6.8728 4.22979
1.9071 -1.80064 6.78136 4.18335
1.90318 -1.81829 6.71635 4.15179
1.90108 -1.82997 6.66817 4.12655
1.89903 -1.83922 6.63401 4.10984
1.89607 -1.84516 6.61996 4.10754
1.89353 -1.84621 6.62446 4.11584
1.8923 -1.84355 6.63967 4.12798
1.89226 -1.83923 6.65841 4.13971
1.89294 -1.83528 6.67569 4.14897
1.89319 -1.83236 6.69348 4.15947
1.89148 -1.83042 6.72047 4.18003
1.88745 -1.82462 6.77241 4.22133
1.8826 -1.81332 6.85154 4.28164
1.8792 -1.79476 6.95159 4.35203
1.87877 -1.77088 7.05645 4.4187
1.88167 -1.74636 7.14619 4.468
1.88739 -1.72622 7.20354 4.4902
1.89433 -1.71498 7.21928 4.48352
1.90017 -1.71406 7.19852 4.45688
1.90345 -1.7224 7.15414 4.42177
1.90392 -1.73532 7.10392 4.38966
1.90185 -1.74918 7.06204 4.36852
1.89831 -1.7594 7.03946 4.36268
1.89507 -1.7641 7.03545 4.36765
1.89375 -1.76412 7.03972 4.37335
1.89513 -1.76176 7.03864 4.36948
1.89904 -1.76168 7.01686 4.347
1.90369 -1.76771 6.96889 4.30673
1.90595 -1.78134 6.90579 4.26267
1.9038 -1.79854 6.85248 4.23456
1.89809 -1.81178 6.83202 4.23462
1.89133 -1.81584 6.85231 4.26236
1.88568 -1.8101 6.90704 4.30927
1.8823 -1.79558 6.98484 4.36566
1.88144 -1.77667 7.06904 4.42029
1.88254 -1.75663 7.14814 4.46716
1.88474 -1.73771 7.21583 4.50419
1.88789 -1.72222 7.26506 4.52735
1.89195 -1.71137 7.29063 4.53353
1.89616 -1.70737 7.28955 4.5228
1.89941 -1.70954 7.26792 4.50166
1.90099 -1.71655 7.23456 4.47727
1.90088 -1.72542 7.20003 4.45615
1.89955 -1.73453 7.17019 4.44079
1.89771 -1.74137 7.14969 4.43239
1.90106 -1.73756 7.14232 4.42002
1.90029 -1.73881 7.13423 4.4168
1.90126 -1.73926 7.11998 4.40574
1.90473 -1.74096 7.08704 4.37736
1.9104 -1.74824 7.02212 4.3244
1.91575 -1.76413 6.92597 4.25328
1.91732 -1.7882 6.81808 4.18358
1.91362 -1.81481 6.72814 4.13638
1.90621 -1.83523 6.68073 4.1232
1.89832 -1.8444 6.68096 4.14048
1.89263 -1.8416 6.7184 4.1762
1.88989 -1.83051 6.77586 4.21803
1.88947 -1.81535 6.83934 4.25849
1.89074 -1.79922 6.89853 4.29246
1.89298 -1.78537 6.94535 4.31647
1.89521 -1.77495 6.97921 4.33241
1.89681 -1.76801 7.00287 4.34344
1.89774 -1.76296 7.02116 4.35264
1.89827 -1.75952 7.03547 4.3603
1.89833 -1.75694 7.04862 4.36831
1.89787 -1.75422 7.06422 4.37904
1.89772 -1.75034 7.08164 4.39018
1.89881 -1.7467 7.09298 4.39469
1.9008 -1.74471 7.09353 4.39043
1.90215 -1.74616 7.08486 4.38195
1.90119 -1.74981 7.07916 4.38063
1.89739 -1.75224 7.09213 4.39746
1.89188 -1.74813 7.13606 4.43757
1.88702 -1.73576 7.20771 4.49367
1.88514 -1.71607 7.2919 4.55069
1.88777 -1.69336 7.36453 4.58963
1.8945 -1.67494 7.40064 4.59574
1.90198 -1.66785 7.39152 4.57204
1.90627 -1.67108 7.35574 4.53966
1.9066 -1.68038 7.31422 4.51324
1.90499 -1.6897 7.28003 4.49596
1.90408 -1.69667 7.25067 4.47996
1.90563 -1.70293 7.21266 4.45285
1.90886 -1.71197 7.15614 4.41048
1.91126 -1.7254 7.08561 4.36154
1.91157 -1.74246 7.01148 4.31519
1.91018 -1.75974 6.9446 4.27715
1.90727 -1.7753 6.89316 4.25194
1.90278 -1.78631 6.86764 4.24619
1.8977 -1.79049 6.87262 4.26066
1.89394 -1.78689 6.90254 4.2877
1.89232 -1.7775 6.94582 4.31828
1.89157 -1.76634 6.99481 4.35046
1.89038 -1.75355 7.05241 4.38903
1.88902 -1.73905 7.11822 4.43317
1.89355 -1.71462 7.19245 4.46869
1.89499 -1.69695 7.25536 4.50437
1.89841 -1.68215 7.29806 4.5227
1.90274 -1.67235 7.31554 4.52323
1.9066 -1.66885 7.30912 4.51011
1.90947 -1.67142 7.28309 4.48729
1.91173 -1.67813 7.24213 4.45678
1.91407 -1.68766 7.18755 4.41777
1.91676 -1.70131 7.11641 4.36792
1.91939 -1.71905 7.03062 4.30934
1.92102 -1.74134 6.93512 4.2472
1.92019 -1.76599 6.84462 4.1936
1.91619 -1.78884 6.77796 4.16143
1.91006 -1.80571 6.7473 4.15589
1.90385 -1.81307 6.75526 4.17435
1.89938 -1.81127 6.79234 4.20716
1.89732 -1.8028 6.84483 4.24426
1.89704 -1.79086 6.90209 4.2804
1.89732 -1.77925 6.95728 4.314
1.8974 -1.76754 7.01241 4.348
1.89713 -1.75621 7.06747 4.38277
1.89707 -1.74401 7.12264 4.41711
1.89849 -1.73205 7.16912 4.44261
1.90168 -1.72234 7.1973 4.4526
1.90495 -1.71795 7.20474 4.44953
1.90608 -1.71847 7.20296 4.44581
1.904 -1.72016 7.2104 4.45527
1.89957 -1.71872 7.24041 4.48423
1.89508 -1.71028 7.29581 4.52925
1.89251 -1.69486 7.36705 4.5797
1.89259 -1.67579 7.43881 4.6241
1.8952 -1.65648 7.49758 4.65422
1.89933 -1.64192 7.53169 4.66523
1.90327 -1.63392 7.54144 4.6616
1.90546 -1.63182 7.53593 4.65284
1.90549 -1.63261 7.52755 4.6476
1.90483 -1.63297 7.52137 4.64538
1.90595 -1.63272 7.50761 4.63416
1.90994 -1.63391 7.47149 4.60223
1.91553 -1.64176 7.40138 4.54574
1.92084 -1.65717 7.30035 4.47129
1.92533 -1.68115 7.17098 4.38182
1.92877 -1.71174 7.02118 4.28264
1.92975 -1.7475 6.86476 4.18511
1.9266 -1.78496 6.72467 4.10639
1.91934 -1.81793 6.62549 4.06114
1.9099 -1.83938 6.58337 4.05527
1.90098 -1.84602 6.59797 4.08332
1.89456 -1.83953 6.65536 4.1328
1.89068 -1.82385 6.74025 4.19409
1.8926 -1.79514 6.85059 4.25844
1.88891 -1.76896 6.98041 4.34761
1.88545 -1.73679 7.13272 4.45063
1.88507 -1.69989 7.29014 4.54976
1.88954 -1.6627 7.42593 4.62356
1.89631 -1.63288 7.5234 4.66753
1.90122 -1.61254 7.59168 4.69772
1.90358 -1.59982 7.6427 4.72343
1.90522 -1.5902 7.68257 4.74399
1.9069 -1.58295 7.7106 4.7571
1.90808 -1.57804 7.72902 4.76551
1.90869 -1.5751 7.74013 4.77082
1.90961 -1.57322 7.74281 4.77018
1.91162 -1.5723 7.73234 4.75873
1.91494 -1.57472 7.70033 4.7308
1.91948 -1.58212 7.64076 4.68311
1.92457 -1.59659 7.54973 4.61507
1.929 -1.61843 7.43143 4.53232
1.9315 -1.64723 7.29547 4.44365
1.93139 -1.67987 7.15717 4.35966
1.92882 -1.7119 7.03224 4.28926
1.92476 -1.73987 6.93017 4.23592
1.92066 -1.76223 6.85168 4.19688
1.91768 -1.77824 6.79275 4.16727
1.91603 -1.78976 6.74584 4.14204
1.91528 -1.7987 6.70579 4.11906
1.91482 -1.80681 6.66984 4.09797
1.91406 -1.8142 6.63988 4.08118
1.91264 -1.82005 6.62015 4.07207
1.91068 -1.82388 6.61311 4.07192
1.90845 -1.8246 6.62089 4.08147
1.90617 -1.82248 6.64276 4.09984
1.90431 -1.81666 6.67797 4.1256
1.90321 -1.80799 6.72165 4.15499
1.90238 -1.79783 6.77096 4.18729
1.90117 -1.78644 6.82734 4.22485
1.89987 -1.77372 6.89018 4.26667
1.89952 -1.75844 6.95628 4.30839
1.90106 -1.74192 7.01552 4.34155
1.90468 -1.72858 7.05331 4.35665
1.90969 -1.72092 7.06213 4.35066
1.91484 -1.72064 7.04076 4.32581
1.91866 -1.72825 6.99534 4.28936
1.92008 -1.74134 6.93995 4.25224
1.91954 -1.75614 6.88728 4.22115
1.91803 -1.77008 6.84368 4.19773
1.91515 -1.78215 6.81641 4.18731
1.91008 -1.78999 6.81822 4.19952
1.90377 -1.79014 6.85739 4.23765
1.89817 -1.78082 6.93104 4.29581
1.89939 -1.75537 7.0338 4.35669
1.89757 -1.7314 7.14565 4.43021
1.89738 -1.70526 7.25897 4.50093
1.89841 -1.67843 7.3671 4.56548
1.90057 -1.65409 7.46061 4.61819
1.90417 -1.63217 7.53398 4.6548
1.9091 -1.61602 7.57715 4.66936
1.91414 -1.60722 7.5894 4.66461
1.91791 -1.60617 7.57695 4.64779
1.91976 -1.61041 7.55183 4.62793
1.91924 -1.61767 7.52686 4.61387
1.91599 -1.62422 7.5181 4.61631
1.91054 -1.62567 7.53923 4.6425
1.90502 -1.61858 7.59243 4.6888
1.90264 -1.60348 7.66078 4.73693
1.90555 -1.58402 7.71688 4.76434
1.91311 -1.56959 7.73044 4.75384
1.92234 -1.56677 7.68975 4.70612
1.92951 -1.57849 7.6027 4.63554
1.93223 -1.60059 7.49501 4.56346
1.93074 -1.62692 7.39061 4.50336
1.92701 -1.65091 7.30487 4.45974
1.9227 -1.66896 7.24331 4.43207
1.91897 -1.68036 7.20391 4.41654
1.91711 -1.68613 7.17731 4.40449
1.91795 -1.68899 7.14954 4.38553
1.92066 -1.69371 7.1087 4.35433
1.92306 -1.70225 7.05695 4.31722
1.92294 -1.71479 7.00641 4.28659
1.9193 -1.72707 6.97748 4.27698
1.91301 -1.73355 6.98643 4.29654
1.90614 -1.73055 7.03751 4.34355
1.90103 -1.71648 7.12328 4.40831
1.89939 -1.69484 7.22319 4.474
1.90172 -1.67152 7.31309 4.52414
1.90725 -1.65144 7.37514 4.5493
1.91399 -1.63964 7.39967 4.54834
1.91926 -1.63817 7.3921 4.53123
1.92106 -1.64488 7.37014 4.51353
1.91916 -1.65391 7.35569 4.50913
1.91489 -1.65991 7.36287 4.5236
1.91064 -1.6593 7.39352 4.55254
1.90882 -1.6524 7.43493 4.5824
1.91017 -1.64263 7.46953 4.60048
1.91325 -1.63544 7.4846 4.60234
1.91593 -1.63332 7.48035 4.59327
1.91717 -1.63466 7.46568 4.58132
1.91743 -1.63747 7.4461 4.56867
1.91819 -1.64121 7.4187 4.55007
1.92041 -1.64646 7.37643 4.5189
1.92817 -1.64726 7.3212 4.46702
1.92986 -1.65951 7.24985 4.41962
1.9307 -1.67381 7.17303 4.37089
1.93212 -1.68986 7.08779 4.31577
1.93382 -1.7085 6.99303 4.25431
1.93343 -1.72955 6.90079 4.19904
1.92942 -1.75019 6.8307 4.16505
1.92266 -1.76478 6.79985 4.16082
1.91558 -1.76855 6.81321 4.1844
1.911 -1.76138 6.8581 4.22207
1.91078 -1.74742 6.91007 4.25454
1.91426 -1.73351 6.94625 4.26905
1.91795 -1.72587 6.96087 4.2698
1.91888 -1.72319 6.96977 4.27319
1.91771 -1.72158 6.98481 4.28503
1.91649 -1.71808 7.00735 4.30157
1.91588 -1.71272 7.03424 4.31947
1.91549 -1.70629 7.06392 4.33858
1.9152 -1.69933 7.09509 4.35837
1.91546 -1.6919 7.12504 4.37619
1.91672 -1.68502 7.14799 4.38739
1.91866 -1.68072 7.15911 4.38976
1.91994 -1.67904 7.16298 4.38921
1.91915 -1.67945 7.1698 4.3952
1.9165 -1.67819 7.19197 4.4149
1.91405 -1.67282 7.22966 4.44372
1.91377 -1.66406 7.27142 4.47004
1.91524 -1.65508 7.30692 4.4884
1.91607 -1.64801 7.33854 4.50588
1.91454 -1.64227 7.37757 4.53346
1.91152 -1.6338 7.43401 4.57536
1.9094 -1.62073 7.50381 4.62346
1.90923 -1.60414 7.57664 4.66874
1.91032 -1.58802 7.64253 4.70665
1.91233 -1.57322 7.6975 4.73553
1.91551 -1.56157 7.73374 4.74993
1.91922 -1.55445 7.74783 4.74937
1.92216 -1.55361 7.7412 4.73806
1.92422 -1.55671 7.7205 4.72033
1.92686 -1.56248 7.68347 4.69125
1.93123 -1.57292 7.61934 4.64157
1.9367 -1.58967 7.52316 4.57003
1.94092 -1.61521 7.39915 4.48492
1.94169 -1.64662 7.26773 4.40352
1.93909 -1.67933 7.14789 4.33671
1.93459 -1.70797 7.05282 4.28898
1.92921 -1.73012 6.98834 4.26163
1.92363 -1.74411 6.95727 4.25498
1.91874 -1.74949 6.95701 4.26567
1.91547 -1.74711 6.97947 4.28674
1.91951 -1.73258 7.01515 4.29959
1.92033 -1.72404 7.04503 4.31606
1.92091 -1.71743 7.07143 4.33093
1.91981 -1.71178 7.10336 4.35298
1.91738 -1.70388 7.14944 4.38677
1.91507 -1.6928 7.20805 4.42806
1.91473 -1.67778 7.27089 4.46747
1.91721 -1.662 7.32197 4.49304
1.92132 -1.65063 7.34936 4.50018
1.92466 -1.64538 7.35688 4.49697
1.92564 -1.64481 7.35731 4.49495
1.92453 -1.64555 7.36256 4.50074
1.92287 -1.64434 7.37735 4.51368
1.92217 -1.64139 7.39559 4.52649
1.92276 -1.637 7.41192 4.53509
1.92372 -1.63362 7.42243 4.53928
1.92426 -1.63178 7.4286 4.54176
1.92458 -1.63074 7.43178 4.54296
1.92533 -1.63009 7.42983 4.53999
1.9274 -1.63036 7.41614 4.52676
1.9314 -1.63325 7.38074 4.49583
1.93644 -1.64271 7.3152 4.44429
1.94001 -1.66044 7.22599 4.38201
1.94042 -1.68287 7.13273 4.32456
1.93847 -1.70568 7.04929 4.27826
1.93591 -1.72589 6.98003 4.24183
1.93325 -1.74235 6.92663 4.21517
1.92974 -1.75478 6.89382 4.20284
1.9252 -1.76185 6.8875 4.20889
1.92106 -1.76144 6.90743 4.23016
1.9191 -1.75517 6.94063 4.25484
1.91974 -1.74613 6.97244 4.27291
1.92192 -1.73806 6.99309 4.28071
1.92409 -1.73353 7.00063 4.2805
1.92534 -1.73207 7.00018 4.27742
1.92572 -1.73251 6.99646 4.27431
1.92564 -1.73353 6.99251 4.27206
1.92529 -1.73486 6.98963 4.27111
1.92406 -1.7356 6.99331 4.27608
1.92102 -1.73472 7.01278 4.29476
1.91661 -1.72903 7.0572 4.33192
1.91338 -1.71642 7.1219 4.37901
1.91384 -1.69866 7.18747 4.41825
1.91747 -1.68238 7.23315 4.43792
1.92103 -1.67116 7.25855 4.44526
1.9224 -1.66577 7.27308 4.45097
1.92229 -1.66178 7.28806 4.4604
1.92216 -1.65774 7.30396 4.47043
1.92153 -1.65387 7.3228 4.48343
1.91846 -1.64915 7.35756 4.51194
1.91928 -1.63149 7.42159 4.54925
1.91914 -1.61478 7.48614 4.58916
1.92533 -1.59857 7.51904 4.5945
1.93436 -1.59183 7.50193 4.56266
1.9403 -1.59916 7.44679 4.51525
1.93958 -1.61476 7.39073 4.48292
1.9334 -1.62896 7.36569 4.48201
1.92649 -1.6336 7.38001 4.50684
1.92298 -1.62792 7.41718 4.5378
1.92335 -1.61724 7.4551 4.56012
1.92597 -1.60704 7.4802 4.56924
1.92954 -1.601 7.48534 4.56393
1.93282 -1.60028 7.47137 4.54768
1.93446 -1.60485 7.44592 4.52836
1.93382 -1.61172 7.42253 4.51562
1.93178 -1.61746 7.41017 4.51286
1.93029 -1.61989 7.4075 4.51471
1.93045 -1.62002 7.40569 4.51324
1.9314 -1.62122 7.39786 4.50626
1.93166 -1.62371 7.38792 4.49959
1.93112 -1.62596 7.38118 4.49673
1.93181 -1.62764 7.3708 4.48882
1.9346 -1.63006 7.34594 4.46722
1.9367 -1.63681 7.30786 4.43923
1.93609 -1.64721 7.27022 4.41778
1.93377 -1.65672 7.24456 4.40746
1.93149 -1.66195 7.23397 4.40621
1.93057 -1.66412 7.23014 4.40597
1.93065 -1.66539 7.22689 4.40381
1.93019 -1.66652 7.22741 4.40519
1.9292 -1.66671 7.23462 4.41184
1.92915 -1.66531 7.24388 4.41759
1.93031 -1.66398 7.24786 4.41737
1.93127 -1.66456 7.24649 4.41433
1.93068 -1.6664 7.24819 4.41673
1.92814 -1.6674 7.26334 4.43179
1.92381 -1.66476 7.30206 4.46545
1.91884 -1.65526 7.36984 4.51856
1.9156 -1.63749 7.45942 4.58123
1.91594 -1.61542 7.54912 4.63548
1.91986 -1.59427 7.61846 4.66852
1.9261 -1.57876 7.65406 4.67513
1.93379 -1.57294 7.64581 4.65153
1.9415 -1.57932 7.59164 4.60023
1.94637 -1.597 7.50743 4.53783
1.94683 -1.62217 7.4168 4.48199
1.94296 -1.6475 7.34613 4.44811
1.93555 -1.66684 7.31616 4.44692
1.92674 -1.67516 7.33633 4.47957
1.91967 -1.67006 7.39972 4.53492
1.92169 -1.64645 7.48899 4.5848
1.92262 -1.62675 7.57025 4.6323
1.9253 -1.60829 7.63711 4.66671
1.92844 -1.59372 7.68528 4.68852
1.93165 -1.5849 7.71134 4.69659
1.93394 -1.57932 7.72397 4.69872
1.93443 -1.57788 7.72888 4.70051
1.93348 -1.57714 7.73578 4.70701
1.93219 -1.57521 7.74708 4.71702
1.93193 -1.57075 7.75952 4.72526
1.934 -1.56582 7.75992 4.72042
1.93855 -1.56415 7.73379 4.69349
1.94365 -1.57005 7.6754 4.64584
1.9468 -1.58334 7.59566 4.59013
1.94754 -1.60121 7.50808 4.53548
1.94745 -1.61975 7.41945 4.48215
1.94763 -1.63831 7.32854 4.42683
1.9473 -1.65734 7.2381 4.37293
1.94546 -1.67544 7.15772 4.32847
1.94247 -1.69084 7.09403 4.29656
1.93976 -1.70174 7.04723 4.27416
1.93868 -1.70852 7.00966 4.25375
1.93958 -1.71431 6.96939 4.22734
1.94193 -1.72106 6.92 4.19232
1.94483 -1.73174 6.85664 4.14773
1.94646 -1.74661 6.78629 4.10173
1.94415 -1.76442 6.72844 4.0716
1.93703 -1.77825 6.71164 4.07637
1.92696 -1.78149 6.75289 4.12286
1.91719 -1.76893 6.85397 4.2059
1.91092 -1.7419 6.99536 4.30674
1.91003 -1.70546 7.14722 4.40228
1.9141 -1.66781 7.27975 4.47439
1.92059 -1.63635 7.37606 4.51827
1.92716 -1.61461 7.43344 4.53789
1.9332 -1.60302 7.45363 4.53599
1.93845 -1.60081 7.4409 4.51598
1.94176 -1.60668 7.40604 4.48715
1.94227 -1.6164 7.36728 4.46249
1.94044 -1.62782 7.33549 4.44744
1.93715 -1.63599 7.32263 4.44719
1.93282 -1.63863 7.33545 4.46495
1.92811 -1.63535 7.37473 4.49983
1.92494 -1.62455 7.43501 4.54407
1.9255 -1.60887 7.49579 4.57989
1.92948 -1.59502 7.53465 4.59414
1.93385 -1.58737 7.54763 4.59164
1.93633 -1.58597 7.54418 4.58366
1.9373 -1.58802 7.53284 4.57448
1.93854 -1.59148 7.513 4.55952
1.94556 -1.58931 7.48476 4.526
1.94677 -1.59755 7.44359 4.4983
1.94587 -1.6076 7.40527 4.47721
1.94315 -1.61639 7.38087 4.46871
1.93987 -1.62097 7.37569 4.47312
1.93794 -1.62013 7.38479 4.48311
1.93853 -1.61662 7.39351 4.48704
1.9403 -1.61445 7.39343 4.48289
1.94138 -1.61507 7.38752 4.47681
1.94215 -1.61755 7.37754 4.469
1.94349 -1.62114 7.36103 4.45593
1.9442 -1.62715 7.33964 4.44134
1.94247 -1.63379 7.32729 4.43784
1.93847 -1.63766 7.3365 4.45257
1.93429 -1.63494 7.37052 4.48288
1.93215 -1.62586 7.41858 4.51712
1.93261 -1.61337 7.46594 4.54486
1.93388 -1.60242 7.50428 4.56521
1.93392 -1.5934 7.54008 4.58689
1.93349 -1.5845 7.57652 4.61008
1.93523 -1.57411 7.60469 4.62307
1.9401 -1.56699 7.60477 4.61151
1.94617 -1.56751 7.56897 4.57549
1.95077 -1.57714 7.50412 4.52558
1.95246 -1.59352 7.42613 4.47468
1.95143 -1.61224 7.35106 4.43178
1.94907 -1.62936 7.28787 4.39901
1.94659 -1.64247 7.23941 4.37533
1.94453 -1.65207 7.20317 4.35802
1.94318 -1.6588 7.17582 4.34451
1.94188 -1.66336 7.15723 4.33614
1.93924 -1.66645 7.15305 4.3395
1.93507 -1.66533 7.17323 4.36113
1.93115 -1.65735 7.21825 4.3974
1.92975 -1.64376 7.27406 4.43462
1.9317 -1.62784 7.32295 4.45992
1.93589 -1.61591 7.349 4.46611
1.94001 -1.60962 7.35349 4.45933
1.94225 -1.6098 7.34414 4.44854
1.94234 -1.61375 7.33271 4.4414
1.94091 -1.61745 7.32981 4.44291
1.93816 -1.61848 7.34329 4.4574
1.93408 -1.61578 7.37914 4.48861
1.92981 -1.60669 7.44057 4.53601
1.92792 -1.59109 7.51562 4.58623
1.93031 -1.57266 7.58081 4.62028
1.93579 -1.55805 7.61674 4.62905
1.94144 -1.552 7.61954 4.61728
1.94559 -1.55422 7.59709 4.59385
1.94818 -1.56289 7.55738 4.56376
1.95425 -1.56812 7.51374 4.52333
1.95341 -1.58235 7.46894 4.49828
1.95053 -1.59512 7.43926 4.48703
1.9459 -1.60338 7.43515 4.49522
1.9411 -1.60426 7.45964 4.52117
1.93898 -1.59833 7.49839 4.54963
1.93971 -1.58901 7.53527 4.57029
1.93993 -1.58172 7.5682 4.58974
1.93957 -1.57389 7.60292 4.61164
1.94179 -1.56542 7.62514 4.61983
1.94729 -1.56008 7.61663 4.60165
1.95393 -1.56371 7.56762 4.55651
1.959 -1.57704 7.48668 4.4961
1.96055 -1.59878 7.39086 4.43505
1.95833 -1.62235 7.30416 4.38798
1.95402 -1.64241 7.23979 4.35891
1.95008 -1.65533 7.19897 4.34309
1.94844 -1.66261 7.16894 4.32862
1.9494 -1.66812 7.1346 4.30576
1.95114 -1.67474 7.09182 4.27613
1.95129 -1.68453 7.04653 4.24849
1.94937 -1.69406 7.01218 4.23194
1.94677 -1.70028 6.99405 4.22663
1.94492 -1.70247 6.98893 4.22757
1.94404 -1.70218 6.9912 4.23086
1.94333 -1.70109 6.9993 4.23729
1.94227 -1.69895 7.01607 4.24976
1.94087 -1.69516 7.04359 4.26951
1.93875 -1.68907 7.08573 4.29976
1.93543 -1.67971 7.14833 4.34519
1.93166 -1.66563 7.23352 4.40556
1.92905 -1.64489 7.33734 4.47483
1.92878 -1.62095 7.4437 4.54034
1.93105 -1.59646 7.53896 4.59302
1.93507 -1.57515 7.61191 4.62783
1.93884 -1.56075 7.65982 4.64792
1.94032 -1.55174 7.69572 4.66614
1.93959 -1.54487 7.73184 4.6898
1.93869 -1.53649 7.77133 4.71594
1.93953 -1.52683 7.80492 4.73428
1.9426 -1.51889 7.8196 4.73568
1.9469 -1.51529 7.8088 4.7187
1.95055 -1.51796 7.77467 4.68928
1.95222 -1.52681 7.72632 4.65613
1.95213 -1.53752 7.67673 4.62645
1.95153 -1.54849 7.62866 4.59891
1.95131 -1.55822 7.58245 4.57157
1.95164 -1.56753 7.5353 4.54235
1.95255 -1.57715 7.48455 4.50966
1.95363 -1.58899 7.42734 4.47272
1.95843 -1.59505 7.37549 4.43061
1.95554 -1.60762 7.33625 4.41357
1.95028 -1.61595 7.32642 4.41953
1.94503 -1.61651 7.34822 4.44464
1.94309 -1.60874 7.38669 4.47237
1.94518 -1.59823 7.4178 4.4864
1.94747 -1.59148 7.43618 4.49222
1.94748 -1.58775 7.45437 4.50317
1.9469 -1.58374 7.47619 4.51771
1.94721 -1.57929 7.49601 4.52896
1.94848 -1.57476 7.50992 4.5344
1.95057 -1.57286 7.51097 4.53018
1.95339 -1.57393 7.49658 4.51498
1.95619 -1.57891 7.46658 4.49047
1.95732 -1.58825 7.42849 4.46499
1.95545 -1.59932 7.39857 4.45125
1.95103 -1.60753 7.39187 4.4573
1.9461 -1.60872 7.41358 4.48171
1.94303 -1.60259 7.45428 4.51345
1.94305 -1.5916 7.49779 4.53972
1.94544 -1.58107 7.52879 4.55291
1.94804 -1.5747 7.54399 4.55601
1.94891 -1.5719 7.55313 4.55949
1.94737 -1.57057 7.56862 4.57246
1.94431 -1.56674 7.60058 4.59899
1.94157 -1.5581 7.64889 4.63475
1.94048 -1.54546 7.70474 4.67122
1.9409 -1.53072 7.76027 4.70386
1.94193 -1.51706 7.80952 4.7312
1.9432 -1.50486 7.8515 4.75352
1.94499 -1.49478 7.88267 4.76802
1.94736 -1.48639 7.9015 4.77358
1.95021 -1.4823 7.90221 4.76703
1.95386 -1.48235 7.88213 4.74605
1.95833 -1.48862 7.83517 4.707
1.96232 -1.50152 7.76463 4.65512
1.96368 -1.52089 7.68309 4.60306
1.96095 -1.54149 7.61496 4.56859
1.95535 -1.55779 7.57682 4.55872
1.95099 -1.56528 7.56553 4.56209
1.95118 -1.5664 7.55662 4.55629
1.95417 -1.56792 7.53286 4.53502
1.9561 -1.5742 7.49745 4.50923
1.95578 -1.58322 7.46325 4.4894
1.95378 -1.5916 7.44047 4.48028
1.95083 -1.59739 7.4343 4.48334
1.94765 -1.59874 7.44722 4.49848
1.94479 -1.59511 7.47784 4.5236
1.94268 -1.58685 7.52206 4.55529
1.94193 -1.57553 7.57146 4.58699
1.94801 -1.55566 7.61982 4.60188
1.95083 -1.54482 7.64845 4.61249
1.95465 -1.5386 7.6542 4.60693
1.95849 -1.5381 7.63672 4.58741
1.96138 -1.54307 7.60115 4.5593
1.96264 -1.55272 7.55556 4.52904
1.96209 -1.56449 7.51089 4.50355
1.95968 -1.57525 7.47878 4.48979
1.95548 -1.58275 7.46918 4.49365
1.95021 -1.58377 7.49002 4.51837
1.9453 -1.57644 7.54078 4.56047
1.9416 -1.56227 7.61312 4.61301
1.93918 -1.54188 7.70133 4.67227
1.93914 -1.51777 7.79143 4.72703
1.94354 -1.49311 7.86023 4.75798
1.95202 -1.47589 7.88143 4.7501
1.96039 -1.47179 7.85312 4.71283
1.96488 -1.48045 7.79515 4.66735
1.96532 -1.49527 7.73242 4.62874
1.96338 -1.51118 7.67874 4.60115
1.96024 -1.52439 7.64283 4.58697
1.95642 -1.53226 7.63063 4.58859
1.95321 -1.5343 7.63913 4.60126
1.95295 -1.5311 7.65383 4.61072
1.95569 -1.52774 7.65563 4.60534
1.95778 -1.52906 7.64447 4.59371
1.95772 -1.53361 7.63211 4.58643
1.95762 -1.53788 7.62084 4.5799
1.95879 -1.54158 7.60514 4.56772
1.96056 -1.5476 7.57988 4.54845
1.96145 -1.55621 7.55004 4.52848
1.96001 -1.56578 7.52803 4.51859
1.9559 -1.5731 7.52794 4.52803
1.95079 -1.5747 7.55543 4.55648
1.94753 -1.56784 7.60376 4.59329
1.9484 -1.55652 7.6487 4.61839
1.95351 -1.54596 7.6673 4.61751
1.96029 -1.54409 7.64487 4.58807
1.96461 -1.55269 7.59304 4.54696
1.96392 -1.56719 7.53986 4.51669
1.95993 -1.58039 7.50551 4.50527
1.95705 -1.58743 7.48775 4.50123
1.95818 -1.59034 7.46608 4.48562
1.96197 -1.59516 7.42487 4.45224
1.96452 -1.60584 7.36897 4.41298
1.96329 -1.61979 7.31984 4.3863
1.95853 -1.63263 7.29617 4.38275
1.95206 -1.63795 7.3112 4.40632
1.94574 -1.63339 7.36516 4.45327
1.94069 -1.61979 7.4501 4.51633
1.94299 -1.59071 7.55867 4.57674
1.94452 -1.56501 7.65845 4.6335
1.95043 -1.54188 7.72705 4.66085
1.95635 -1.52792 7.75974 4.66639
1.9586 -1.5226 7.7752 4.67033
1.95852 -1.52045 7.78739 4.67783
1.95888 -1.51732 7.79728 4.68291
1.96036 -1.51603 7.79581 4.6785
1.96147 -1.51679 7.78675 4.67042
1.96041 -1.51856 7.78232 4.67029
1.95696 -1.51904 7.7947 4.68595
1.95261 -1.51442 7.83081 4.71817
1.94937 -1.5035 7.88574 4.75914
1.94905 -1.48737 7.94526 4.79585
1.95235 -1.47083 7.98832 4.8137
1.95829 -1.45906 7.99918 4.80563
1.96537 -1.45656 7.96896 4.77023
1.97224 -1.46452 7.89845 4.71153
1.97721 -1.48311 7.79642 4.63898
1.97873 -1.50917 7.6821 4.56745
1.97613 -1.53769 7.57861 4.51187
1.96982 -1.56208 7.50849 4.48442
1.96214 -1.57632 7.48266 4.48651
1.95657 -1.57923 7.4903 4.50387
1.9553 -1.57349 7.50913 4.51811
1.95803 -1.56582 7.51519 4.51545
1.96283 -1.56287 7.4937 4.49153
1.9676 -1.56726 7.44368 4.45074
1.97073 -1.57934 7.37241 4.40111
1.97121 -1.59551 7.29637 4.35468
1.96939 -1.61261 7.22802 4.31787
1.96699 -1.62683 7.17296 4.29021
1.96525 -1.63727 7.12858 4.26744
1.96411 -1.64482 7.09155 4.24772
1.963 -1.65086 7.06039 4.23146
1.96204 -1.65543 7.03424 4.21784
1.96213 -1.65867 7.00794 4.20188
1.96372 -1.66166 6.97417 4.17824
1.96641 -1.66706 6.92605 4.14374
1.96897 -1.67709 6.86268 4.10049
1.96975 -1.69105 6.79429 4.05801
1.9683 -1.70562 6.73519 4.02569
1.96585 -1.71801 6.69168 4.00467
1.96345 -1.72644 6.66515 3.99367
1.96093 -1.73231 6.65408 3.99215
1.95795 -1.73412 6.66313 4.00367
1.95477 -1.73112 6.69356 4.02848
1.95209 -1.72305 6.74276 4.06366
1.95044 -1.71141 6.80348 4.10374
1.95001 -1.69663 6.8701 4.14484
1.95594 -1.67391 6.9371 4.17256
1.95836 -1.66024 6.98701 4.19739
1.96166 -1.65055 7.01776 4.20878
1.96459 -1.64608 7.03034 4.21002
1.96585 -1.64602 7.03379 4.20939
1.96452 -1.64803 7.04219 4.21729
1.96087 -1.64754 7.07049 4.2421
1.95635 -1.64138 7.12463 4.28447
1.95256 -1.62842 7.20148 4.33909
1.95088 -1.60928 7.29091 4.39675
1.95258 -1.58827 7.37263 4.44217
1.95823 -1.5696 7.4257 4.46123
1.96624 -1.55956 7.43429 4.44819
1.97279 -1.56151 7.40377 4.41524
1.97459 -1.57382 7.35749 4.38363
1.97167 -1.58805 7.32477 4.37059
1.9669 -1.59759 7.31779 4.37701
1.96317 -1.60032 7.33166 4.39364
1.96149 -1.59713 7.35642 4.41226
1.96139 -1.59126 7.382 4.42784
1.96217 -1.58598 7.4009 4.4374
1.9635 -1.58177 7.41095 4.44041
1.9653 -1.57927 7.40981 4.43566
1.96736 -1.58036 7.39415 4.42165
1.96901 -1.58445 7.36806 4.40237
1.96938 -1.59052 7.33951 4.38448
1.96819 -1.59719 7.31691 4.37363
1.96613 -1.60188 7.30674 4.37212
1.96462 -1.60262 7.30866 4.37664
1.96482 -1.60175 7.31136 4.3778
1.96628 -1.60143 7.30802 4.37256
1.96668 -1.60405 7.30177 4.36793
1.96441 -1.60704 7.30811 4.37677
1.96004 -1.60576 7.34024 4.40582
1.95548 -1.59814 7.39868 4.45124
1.95281 -1.58327 7.47519 4.50343
1.95306 -1.56496 7.55198 4.54911
1.95546 -1.54704 7.6167 4.58246
1.95806 -1.53297 7.66584 4.6059
1.95978 -1.52256 7.70413 4.62486
1.96117 -1.51428 7.73389 4.63941
1.96294 -1.50824 7.75224 4.64622
1.96476 -1.50524 7.75828 4.64555
1.96628 -1.50431 7.75553 4.64032
1.96819 -1.5057 7.74142 4.62737
1.97064 -1.51013 7.71295 4.60464
1.97189 -1.51888 7.67508 4.57912
1.97088 -1.52931 7.6418 4.56159
1.96864 -1.53816 7.62123 4.55449
1.96607 -1.54386 7.61574 4.55716
1.96791 -1.53808 7.63363 4.5636
1.96457 -1.53481 7.66807 4.59198
1.96262 -1.52615 7.71655 4.62561
1.96295 -1.51485 7.76509 4.65391
1.96491 -1.50437 7.80333 4.67217
1.96696 -1.49734 7.82862 4.68242
1.96806 -1.49369 7.84554 4.68993
1.96816 -1.49116 7.8609 4.69887
1.96791 -1.48861 7.87661 4.70886
1.96818 -1.48524 7.8909 4.71675
1.96943 -1.48211 7.89818 4.71811
1.97202 -1.48108 7.89082 4.70753
1.9761 -1.4842 7.86049 4.67974
1.98002 -1.49353 7.80713 4.63878
1.98135 -1.50907 7.74337 4.59779
1.97963 -1.5259 7.68828 4.56906
1.97617 -1.54024 7.65158 4.55521
1.97253 -1.54889 7.63668 4.55473
1.9697 -1.55246 7.63835 4.56228
1.96808 -1.5519 7.65031 4.57317
1.96737 -1.54929 7.66655 4.58454
1.96668 -1.54533 7.68713 4.59845
1.96557 -1.53998 7.71407 4.61717
1.96434 -1.5333 7.74683 4.63969
1.96338 -1.52477 7.78446 4.66451
1.96278 -1.51473 7.82484 4.69013
1.96249 -1.50444 7.86473 4.71473
1.96265 -1.49303 7.90376 4.73775
1.96396 -1.48106 7.93608 4.75395
1.96702 -1.47207 7.94888 4.7542
1.97078 -1.46774 7.93881 4.73913
1.97372 -1.46885 7.91003 4.71492
1.97647 -1.47481 7.86334 4.68056
1.98004 -1.48453 7.79673 4.63255
1.98329 -1.50007 7.71018 4.57361
1.98407 -1.5205 7.61756 4.51689
1.9816 -1.54206 7.53736 4.47491
1.9772 -1.5596 7.48255 4.45225
1.97329 -1.57037 7.45226 4.44303
1.97157 -1.57504 7.43534 4.4368
1.97193 -1.57691 7.41977 4.42671
1.97336 -1.58004 7.39688 4.40984
1.97491 -1.58501 7.36695 4.38855
1.9753 -1.5926 7.33476 4.36851
1.97339 -1.60074 7.31359 4.36012
1.96891 -1.60626 7.31761 4.37245
1.96214 -1.6051 7.36036 4.41316
1.95469 -1.5931 7.44802 4.48273
1.95038 -1.5693 7.56524 4.56336
1.95314 -1.53919 7.67277 4.62167
1.96755 -1.50621 7.73496 4.62502
1.97762 -1.49589 7.73289 4.60023
1.98278 -1.50033 7.69668 4.56679
1.98346 -1.51219 7.65235 4.53892
1.98305 -1.52491 7.60893 4.51409
1.98215 -1.53647 7.57078 4.4935
1.97917 -1.5476 7.54668 4.48593
1.97401 -1.55349 7.55227 4.501
1.96813 -1.55163 7.59184 4.5381
1.96303 -1.54099 7.66231 4.59213
1.95977 -1.52291 7.75371 4.65463
1.95902 -1.50016 7.85204 4.71547
1.96044 -1.47597 7.94483 4.76774
1.96232 -1.45432 8.02601 4.81185
1.96311 -1.43506 8.10117 4.85494
1.96326 -1.41697 8.17309 4.89766
1.96461 -1.39911 8.23586 4.9319
1.96808 -1.38279 8.27824 4.94853
1.97318 -1.37248 8.28798 4.94155
1.97944 -1.36949 8.2597 4.90912
1.98661 -1.37593 8.1875 4.84864
1.99393 -1.39365 8.06982 4.7614
1.99998 -1.42257 7.91437 4.65556
2.00287 -1.46064 7.73917 4.54594
2.00149 -1.5028 7.56971 4.44945
1.99666 -1.5425 7.42799 4.37671
1.99019 -1.5752 7.32477 4.32993
1.98323 -1.59825 7.26468 4.30948
1.97588 -1.61077 7.25037 4.31698
1.96812 -1.61187 7.28428 4.35427
1.96108 -1.60093 7.36248 4.41683
1.9572 -1.57952 7.46713 4.48849
1.95862 -1.55214 7.56901 4.54642
1.96457 -1.52804 7.63838 4.5742
1.97125 -1.51319 7.66845 4.57664
1.97539 -1.50791 7.67201 4.56918
1.97618 -1.5085 7.66699 4.56436
1.97457 -1.51083 7.66653 4.5678
1.97233 -1.51035 7.67751 4.57954
1.97093 -1.50661 7.69584 4.59374
1.97052 -1.50047 7.71675 4.60718
1.9707 -1.49364 7.73648 4.61854
1.97215 -1.48733 7.74818 4.62212
1.97625 -1.48261 7.73952 4.60738
1.98165 -1.48486 7.69936 4.57097
1.98423 -1.49534 7.64206 4.53107
1.98272 -1.50927 7.5913 4.50438
1.98011 -1.52047 7.55625 4.48951
1.97877 -1.52858 7.5296 4.4767
1.97815 -1.5342 7.50937 4.46606
1.98166 -1.53163 7.50267 4.45419
1.97867 -1.53407 7.50965 4.46506
1.97475 -1.53203 7.53963 4.49177
1.97151 -1.52408 7.58981 4.5291
1.97108 -1.51061 7.64652 4.56395
1.97417 -1.4968 7.68795 4.58149
1.97871 -1.48852 7.70247 4.5796
1.98125 -1.48697 7.70002 4.57228
1.98022 -1.48898 7.69989 4.57458
1.97703 -1.48922 7.71554 4.59128
1.97395 -1.48445 7.74817 4.61791
1.97245 -1.47551 7.78879 4.64563
1.97332 -1.46425 7.82559 4.66552
1.97662 -1.45455 7.84426 4.66886
1.98096 -1.44961 7.83848 4.65518
1.98366 -1.45144 7.81494 4.6349
1.98289 -1.45705 7.79339 4.6239
1.98 -1.46148 7.78734 4.62706
1.97826 -1.46102 7.79431 4.63528
1.97917 -1.45834 7.79903 4.63596
1.98113 -1.45685 7.79527 4.62914
1.98237 -1.45849 7.78483 4.62003
1.98316 -1.46218 7.7701 4.60945
1.98458 -1.46656 7.74903 4.59368
1.98663 -1.47335 7.71624 4.56951
1.98799 -1.48373 7.67391 4.54132
1.98739 -1.49622 7.63296 4.51847
1.98501 -1.50717 7.60504 4.50733
1.9824 -1.51445 7.59199 4.50553
1.98089 -1.51778 7.58876 4.50703
1.98087 -1.51875 7.58766 4.50644
1.9821 -1.52001 7.5808 4.49956
1.98327 -1.5233 7.56755 4.48904
1.98209 -1.52883 7.55876 4.48651
1.97736 -1.5319 7.57538 4.50713
1.97036 -1.52773 7.63015 4.55585
1.96412 -1.51253 7.72158 4.62508
1.96191 -1.48789 7.82839 4.69435
1.96499 -1.4604 7.91997 4.74181
1.97133 -1.4383 7.9751 4.75947
1.97769 -1.42526 7.99276 4.75467
1.98298 -1.42175 7.97727 4.73278
1.98785 -1.42628 7.93135 4.69402
1.99187 -1.43877 7.85866 4.6416
1.9934 -1.45667 7.77482 4.58858
1.99219 -1.47703 7.69483 4.54413
1.99016 -1.4956 7.62608 4.50811
1.98847 -1.51104 7.56846 4.47786
1.98622 -1.52388 7.52504 4.4572
1.98298 -1.53287 7.50226 4.45097
1.98482 -1.5295 7.50384 4.44777
1.98319 -1.52886 7.5136 4.45723
1.98362 -1.52566 7.52423 4.46256
1.98507 -1.52367 7.52753 4.46127
1.9852 -1.52469 7.52824 4.4614
1.98239 -1.52487 7.5449 4.47761
1.97768 -1.52078 7.5874 4.51355
1.97396 -1.50956 7.65221 4.56067
1.97341 -1.49298 7.72224 4.60369
1.97616 -1.47519 7.77936 4.6313
1.98088 -1.46258 7.80846 4.63754
1.98623 -1.45652 7.80735 4.62439
1.99126 -1.45829 7.77655 4.59451
1.9946 -1.46778 7.72416 4.55593
1.99488 -1.48207 7.66752 4.52188
1.99227 -1.49711 7.6226 4.50128
1.9883 -1.50784 7.59969 4.49671
1.98443 -1.51277 7.59838 4.50471
1.98155 -1.51154 7.61462 4.5209
1.98056 -1.50583 7.63809 4.5371
1.98249 -1.49884 7.65236 4.54114
1.98736 -1.49464 7.64131 4.52348
1.9933 -1.4985 7.59598 4.48323
1.9976 -1.5116 7.52456 4.43152
1.99833 -1.53095 7.44721 4.38438
1.9952 -1.5512 7.38617 4.35526
1.98967 -1.56689 7.35622 4.34966
1.98408 -1.57388 7.3607 4.36456
1.98002 -1.5721 7.3921 4.39217
1.97761 -1.5646 7.43956 4.42575
1.97678 -1.55329 7.49473 4.46044
1.97801 -1.54025 7.54642 4.48841
1.98145 -1.52986 7.57964 4.50036
1.98603 -1.52456 7.58814 4.495
1.98981 -1.52615 7.57459 4.47846
1.99117 -1.53368 7.55087 4.46138
1.98981 -1.54261 7.53361 4.45422
1.98649 -1.54977 7.53288 4.46123
1.98224 -1.55239 7.55428 4.48351
1.9781 -1.54778 7.60007 4.52013
1.97526 -1.53677 7.66259 4.56387
1.97455 -1.52228 7.72846 4.60474
1.97534 -1.50663 7.79001 4.63957
1.97595 -1.49242 7.84631 4.67165
1.97582 -1.47873 7.90242 4.70537
1.9757 -1.46519 7.95739 4.73839
1.97632 -1.45152 8.00797 4.76701
1.97817 -1.43843 8.04801 4.78635
1.98136 -1.4282 8.06906 4.79116
1.98488 -1.4226 8.06875 4.78247
1.99238 -1.41466 8.05662 4.75733
1.9935 -1.41827 8.0316 4.73988
1.99371 -1.4239 8.00406 4.72313
1.99313 -1.42917 7.98062 4.71066
1.99185 -1.43359 7.9645 4.70417
1.99074 -1.43637 7.95502 4.7012
1.99162 -1.4371 7.94328 4.69219
1.99515 -1.4394 7.91293 4.66598
1.99919 -1.44774 7.85799 4.62423
2.00147 -1.46172 7.7884 4.57806
2.00187 -1.47877 7.71439 4.53363
2.00126 -1.49706 7.64086 4.49178
2.0005 -1.5142 7.57137 4.45263
2.00013 -1.53002 7.50453 4.41414
1.99966 -1.54524 7.44072 4.37764
1.99799 -1.55989 7.38608 4.34912
1.99508 -1.57186 7.34865 4.33339
1.99218 -1.57897 7.33017 4.32878
1.99026 -1.58289 7.32324 4.32887
1.98883 -1.58281 7.32833 4.33499
1.98666 -1.581 7.34585 4.3501
1.98329 -1.57602 7.38255 4.37926
1.97975 -1.56591 7.43997 4.42121
1.97778 -1.55026 7.51029 4.46745
1.9783 -1.53221 7.57818 4.50664
1.98085 -1.51463 7.63296 4.53339
1.98392 -1.50119 7.66914 4.54781
1.98622 -1.49234 7.69103 4.55552
1.98763 -1.48689 7.70404 4.55998
1.98861 -1.48287 7.71226 4.56261
1.98893 -1.48093 7.71712 4.56476
1.98851 -1.4793 7.72399 4.56978
1.98846 -1.47694 7.73125 4.5742
1.98994 -1.47447 7.73061 4.57041
1.99257 -1.47466 7.71415 4.55467
1.99532 -1.47836 7.68181 4.52932
1.99833 -1.48608 7.63171 4.49299
2.00175 -1.49909 7.56019 4.44329
2.00401 -1.51677 7.47482 4.38814
2.00326 -1.5378 7.39115 4.34066
1.99941 -1.55752 7.32747 4.31154
1.99399 -1.57152 7.29399 4.30352
1.98863 -1.57743 7.29202 4.31395
1.9846 -1.57512 7.31551 4.33663
1.9831 -1.56645 7.35128 4.36114
1.9849 -1.55545 7.38047 4.37448
1.98956 -1.54758 7.38539 4.36715
1.99501 -1.54772 7.35864 4.33945
1.99876 -1.55504 7.31127 4.30342
1.99961 -1.56834 7.25677 4.26953
2.00302 -1.57528 7.21478 4.2376
2.00015 -1.58772 7.18438 4.22579
1.99687 -1.59508 7.17503 4.22723
1.9939 -1.59774 7.18398 4.23879
1.99233 -1.59573 7.20499 4.25456
1.99252 -1.59137 7.22776 4.26759
1.99322 -1.58746 7.24787 4.27795
1.99254 -1.58513 7.27106 4.29312
1.99002 -1.58093 7.30973 4.3214
1.98696 -1.57335 7.36586 4.3613
1.98464 -1.56125 7.4368 4.40843
1.98369 -1.54519 7.51622 4.45765
1.9841 -1.52846 7.59407 4.50289
1.98494 -1.51188 7.66887 4.54532
1.9852 -1.4972 7.74109 4.58752
1.98497 -1.48281 7.81452 4.63158
1.98485 -1.46751 7.88934 4.67622
1.98513 -1.45273 7.96101 4.71803
1.9863 -1.43754 8.02717 4.75444
1.98863 -1.42412 8.07945 4.77978
1.99148 -1.41508 8.11258 4.79253
1.99392 -1.40976 8.13031 4.79712
1.99564 -1.40826 8.13493 4.7957
1.99656 -1.40912 8.13137 4.79141
1.99676 -1.41172 8.12272 4.78582
1.99718 -1.41449 8.10966 4.77713
1.99876 -1.41773 8.08657 4.75976
2.00057 -1.42397 8.05022 4.73407
2.00112 -1.43234 8.00946 4.70882
2.00109 -1.4414 7.9679 4.68445
2.00152 -1.45028 7.92411 4.65769
2.0014 -1.46022 7.87986 4.63198
1.99941 -1.46963 7.84617 4.61675
1.99628 -1.47606 7.82963 4.61426
1.99397 -1.4777 7.82708 4.6181
1.99354 -1.4762 7.8278 4.61952
1.99467 -1.47372 7.82374 4.6145
1.99669 -1.47339 7.80792 4.60051
1.9986 -1.47615 7.78074 4.58012
1.99876 -1.48192 7.75059 4.562
1.99627 -1.48772 7.73246 4.55701
1.99264 -1.48988 7.73353 4.56593
1.99092 -1.4859 7.74674 4.57769
1.99284 -1.47925 7.75157 4.57612
1.99717 -1.47581 7.73257 4.55502
2.00124 -1.47885 7.68987 4.52064
2.0036 -1.48797 7.63227 4.48151
2.00387 -1.50135 7.57014 4.44443
2.00197 -1.51495 7.51752 4.41772
1.99861 -1.52513 7.48421 4.40554
2.00058 -1.52285 7.47313 4.39468
2.00006 -1.52312 7.46436 4.39066
2.00268 -1.52321 7.44314 4.37245
2.0065 -1.52751 7.4018 4.33989
2.00874 -1.53737 7.34825 4.30369
2.00791 -1.55107 7.29811 4.27609
2.00424 -1.56325 7.26958 4.26717
1.99917 -1.56934 7.27289 4.27995
1.99447 -1.5675 7.30709 4.31021
1.99124 -1.55956 7.36235 4.34984
1.98973 -1.54569 7.432 4.39433
1.98976 -1.53069 7.50246 4.43593
1.99082 -1.51538 7.56873 4.47273
1.99217 -1.50217 7.62597 4.5035
1.99351 -1.49032 7.67518 4.52951
1.99548 -1.48037 7.71192 4.54671
1.99903 -1.47354 7.72737 4.54771
2.00408 -1.47212 7.71317 4.52791
2.00857 -1.47867 7.67053 4.49283
2.00981 -1.49178 7.61718 4.45883
2.00714 -1.50668 7.57536 4.44024
2.00231 -1.51741 7.55948 4.44163
1.99758 -1.52059 7.57142 4.45917
1.99438 -1.5169 7.60309 4.48501
1.99329 -1.5085 7.64326 4.51116
1.99408 -1.49773 7.6821 4.53229
1.99557 -1.48918 7.71147 4.54623
1.99692 -1.48233 7.73394 4.55639
1.99803 -1.47811 7.74862 4.56251
1.99842 -1.4747 7.76175 4.56935
1.99802 -1.47212 7.77583 4.57856
1.99638 -1.46987 7.7959 4.59414
1.99301 -1.4644 7.8343 4.62459
1.99023 -1.45345 7.88888 4.6633
1.99108 -1.43836 7.94033 4.6917
1.99472 -1.42524 7.9706 4.701
1.99744 -1.41818 7.98237 4.70153
1.99779 -1.41478 7.99019 4.70531
1.99798 -1.41092 7.99823 4.7096
1.99963 -1.40752 7.99767 4.70537
2.001 -1.40721 7.98831 4.69664
1.99984 -1.40901 7.98403 4.69685
1.99614 -1.40898 7.99945 4.71466
1.99161 -1.40289 8.04135 4.75013
1.98891 -1.38999 8.10054 4.7916
1.98978 -1.37333 8.15707 4.82292
1.99337 -1.3583 8.19424 4.83617
1.99745 -1.34837 8.20801 4.8344
2.00081 -1.34481 8.20016 4.82168
2.004 -1.34604 8.17283 4.79794
2.0133 -1.34446 8.12487 4.74776
2.01867 -1.3565 8.04226 4.68698
2.02379 -1.3776 7.92803 4.60873
2.02749 -1.40583 7.79277 4.52184
2.02887 -1.44001 7.64831 4.43498
2.02684 -1.47574 7.51597 4.3626
2.02049 -1.5086 7.41951 4.32016
2.01033 -1.53223 7.38181 4.31992
1.99879 -1.54018 7.41443 4.36406
1.98867 -1.53043 7.51135 4.44362
1.98168 -1.50562 7.65461 4.54435
1.97874 -1.47028 7.82118 4.65012
1.98069 -1.43034 7.98302 4.74168
1.98712 -1.39372 8.11176 4.80254
1.99564 -1.36689 8.19268 4.82975
2.00334 -1.35298 8.22708 4.83139
2.00845 -1.35073 8.22754 4.81937
2.01076 -1.35628 8.2094 4.80321
2.0115 -1.3646 8.18398 4.78658
2.01217 -1.37413 8.15164 4.76609
2.01315 -1.3846 8.11132 4.7402
2.01387 -1.39715 8.06314 4.71035
2.01371 -1.41108 8.01241 4.68108
2.01241 -1.42395 7.96759 4.6579
2.01013 -1.43499 7.93312 4.64301
2.0074 -1.4428 7.91224 4.6371
2.00486 -1.44575 7.90628 4.63947
2.00287 -1.4465 7.90866 4.64548
2.00139 -1.44411 7.91965 4.65539
2.00038 -1.43877 7.93753 4.66824
2.00003 -1.43155 7.9582 4.68123
2.00041 -1.42377 7.97687 4.69132
2.00144 -1.41697 7.98896 4.69602
2.00298 -1.41149 7.99233 4.69438
2.00494 -1.40875 7.98327 4.68448
2.00701 -1.40881 7.9617 4.66699
2.00888 -1.41175 7.92882 4.64339
2.01041 -1.41738 7.88659 4.61516
2.01139 -1.42565 7.83768 4.5843
2.01184 -1.43523 7.78668 4.55343
2.01213 -1.44537 7.73527 4.52273
2.01227 -1.45616 7.68399 4.49242
2.0119 -1.4674 7.63563 4.46499
2.01111 -1.47767 7.59368 4.44219
2.01084 -1.48676 7.55517 4.42025
2.01154 -1.49531 7.51492 4.39518
2.01194 -1.50567 7.47192 4.36916
2.01021 -1.51606 7.43914 4.35374
2.00621 -1.52396 7.42823 4.35601
2.00165 -1.52532 7.44471 4.37564
2.00341 -1.51222 7.48582 4.39593
2.00277 -1.50238 7.52775 4.42197
2.00494 -1.49152 7.55965 4.4359
2.00862 -1.48374 7.57151 4.43471
2.0117 -1.48204 7.56358 4.42329
2.01325 -1.48474 7.54532 4.40921
2.01475 -1.48938 7.51894 4.39051
2.01798 -1.49606 7.47611 4.35852
2.0216 -1.50876 7.41149 4.31311
2.02225 -1.52668 7.34221 4.27143
2.01891 -1.54513 7.29095 4.24863
2.01341 -1.55864 7.27048 4.24826
2.00763 -1.56361 7.28445 4.26869
2.00256 -1.55956 7.32948 4.30594
1.99944 -1.54879 7.3932 4.35016
1.99972 -1.53278 7.45954 4.38857
2.00315 -1.51726 7.50877 4.40998
2.00675 -1.5069 7.53736 4.41882
2.00725 -1.50252 7.55947 4.43067
2.00383 -1.49877 7.59794 4.46083
1.99782 -1.48942 7.66896 4.51608
1.99117 -1.471 7.7766 4.59475
1.98612 -1.44206 7.91383 4.68772
1.98553 -1.40605 8.05541 4.773
1.99179 -1.36848 8.16564 4.82311
2.00321 -1.34092 8.21115 4.82236
2.01429 -1.33132 8.18941 4.78313
2.0216 -1.33776 8.12217 4.7267
2.02504 -1.35596 8.02967 4.66494
2.02524 -1.37881 7.93375 4.60874
2.02286 -1.40176 7.84964 4.56526
2.01877 -1.42049 7.78866 4.53896
2.01436 -1.43348 7.75198 4.52748
2.01129 -1.43972 7.73386 4.52379
2.01071 -1.4415 7.7203 4.51716
2.0124 -1.4421 7.69875 4.50077
2.01513 -1.44614 7.66041 4.4723
2.01786 -1.45395 7.60682 4.435
2.02013 -1.46616 7.53958 4.39085
2.02123 -1.48113 7.46686 4.34613
2.02054 -1.49788 7.3979 4.30747
2.01873 -1.51308 7.34151 4.27847
2.01684 -1.52642 7.29721 4.25664
2.0146 -1.53728 7.268 4.2443
2.0111 -1.54426 7.26218 4.2483
2.00643 -1.54593 7.28572 4.27199
2.00186 -1.54041 7.33916 4.31315
1.99873 -1.52863 7.41366 4.36376
1.99743 -1.51139 7.50053 4.41776
1.99715 -1.49276 7.59007 4.47112
2.00197 -1.46602 7.68536 4.51635
2.00219 -1.44605 7.77523 4.56867
2.00425 -1.42626 7.85347 4.6099
2.00954 -1.41019 7.90098 4.62556
2.0157 -1.40236 7.91073 4.61713
2.01749 -1.40416 7.90413 4.60918
2.01534 -1.40777 7.90728 4.61593
2.01422 -1.40865 7.91668 4.62398
2.01514 -1.40755 7.92344 4.62583
2.01512 -1.40761 7.93079 4.63016
2.0128 -1.40789 7.94985 4.64664
2.00966 -1.4042 7.98711 4.67573
2.0075 -1.396 8.03657 4.70974
2.0072 -1.38431 8.08874 4.74102
2.00924 -1.37246 8.12949 4.76007
2.01352 -1.36464 8.14446 4.7587
2.01823 -1.36238 8.13259 4.74068
2.02119 -1.36718 8.1007 4.71515
2.02194 -1.37677 8.06059 4.69007
2.02087 -1.38692 8.02478 4.67171
2.0182 -1.39622 8.00077 4.66389
2.0147 -1.40118 7.99655 4.66954
2.01172 -1.40002 8.01155 4.68521
2.01007 -1.39511 8.03656 4.7037
2.00926 -1.38766 8.06784 4.72392
2.00854 -1.37942 8.10353 4.7465
2.00828 -1.36901 8.1439 4.77078
2.0095 -1.35855 8.1788 4.78831
2.01233 -1.35049 8.19855 4.79314
2.01558 -1.34644 8.20096 4.78681
2.01813 -1.34703 8.18902 4.77379
2.01971 -1.35167 8.16718 4.75735
2.02021 -1.35893 8.14114 4.74099
2.01933 -1.367 8.11864 4.72995
2.01668 -1.37379 8.10912 4.73062
2.01278 -1.37639 8.12026 4.7463
2.01005 -1.37278 8.14748 4.76867
2.01156 -1.36497 8.16859 4.77745
2.01794 -1.3599 8.15519 4.75453
2.02599 -1.36403 8.09653 4.70156
2.03092 -1.38097 8.00501 4.63714
2.03038 -1.40521 7.91174 4.58433
2.02576 -1.42803 7.84241 4.55452
2.0202 -1.44383 7.80453 4.54499
2.01632 -1.45201 7.78948 4.54496
2.01473 -1.45401 7.78628 4.54667
2.0143 -1.45368 7.78637 4.54771
2.0143 -1.45276 7.78629 4.54764
2.01545 -1.45159 7.78031 4.54157
2.01836 -1.45239 7.75787 4.52195
2.0271 -1.45042 7.71769 4.47913
2.0297 -1.46171 7.65693 4.43817
2.02973 -1.4758 7.59601 4.4028
2.02699 -1.49023 7.54853 4.38118
2.02238 -1.50048 7.5266 4.37843
2.01727 -1.50395 7.53349 4.39351
2.01332 -1.49998 7.56354 4.41971
2.01234 -1.48954 7.60206 4.44437
2.01503 -1.4781 7.6263 4.45259
2.01961 -1.47029 7.62516 4.44184
2.02397 -1.46972 7.59722 4.41604
2.02782 -1.47565 7.54638 4.37815
2.03098 -1.48762 7.47664 4.33094
2.03191 -1.50463 7.40028 4.28474
2.02915 -1.52301 7.33844 4.25472
2.02298 -1.53644 7.31265 4.2527
2.01571 -1.54068 7.32986 4.27808
2.00981 -1.53376 7.38474 4.32275
2.00635 -1.51868 7.46247 4.3758
2.00554 -1.49785 7.54983 4.4288
2.00763 -1.47605 7.62853 4.47031
2.01226 -1.45782 7.68266 4.49167
2.01778 -1.44594 7.70671 4.49341
2.02197 -1.44313 7.70345 4.48221
2.02348 -1.44642 7.68814 4.46996
2.02228 -1.45145 7.67648 4.46582
2.01963 -1.45476 7.67689 4.47193
2.01758 -1.45391 7.6882 4.48306
2.01768 -1.45024 7.69903 4.48914
2.01963 -1.44678 7.69917 4.48491
2.02157 -1.44647 7.68712 4.4736
2.02179 -1.44909 7.67189 4.46423
2.02016 -1.45184 7.66476 4.4637
2.01817 -1.45207 7.66916 4.47065
2.01737 -1.44909 7.68017 4.47884
2.01764 -1.44522 7.69111 4.48462
2.01811 -1.44126 7.70182 4.48983
2.01845 -1.43829 7.71151 4.49472
2.01892 -1.4357 7.7206 4.49897
2.01998 -1.43446 7.72475 4.49902
2.02096 -1.43466 7.7251 4.49705
2.02041 -1.43629 7.72907 4.50058
2.01847 -1.43714 7.74443 4.51386
2.01629 -1.43519 7.77308 4.53545
2.01435 -1.42968 7.8144 4.56395
2.01271 -1.42157 7.86545 4.59752
2.01183 -1.41061 7.92311 4.63324
2.01208 -1.39838 7.98017 4.66603
2.01286 -1.38633 8.03336 4.69532
2.0131 -1.37637 8.08277 4.72362
2.0171 -1.35832 8.1422 4.74892
2.01503 -1.34624 8.2075 4.79192
2.01336 -1.33114 8.28139 4.83909
2.01371 -1.31329 8.35369 4.88049
2.0159 -1.29623 8.41239 4.90945
2.01855 -1.28272 8.45337 4.92687
2.02099 -1.27257 8.47865 4.93565
2.0234 -1.26633 8.48716 4.93471
2.02651 -1.26381 8.47617 4.92075
2.03063 -1.26568 8.44117 4.89048
2.03482 -1.27392 8.38062 4.84542
2.03763 -1.28896 8.30097 4.79274
2.03862 -1.30818 8.21346 4.73991
2.03853 -1.32873 8.12531 4.68926
2.03818 -1.34917 8.03861 4.64003
2.03783 -1.36895 7.95438 4.59218
2.03721 -1.38834 7.87405 4.5472
2.0353 -1.40684 7.80468 4.51137
2.03128 -1.42223 7.75863 4.49362
2.02595 -1.4315 7.7439 4.49689
2.02059 -1.43307 7.76062 4.51856
2.01576 -1.42636 7.8067 4.55627
2.01249 -1.41244 7.87313 4.60251
2.01239 -1.39236 7.94469 4.64458
2.01593 -1.37274 7.99726 4.66709
2.02168 -1.35929 8.0164 4.66496
2.02761 -1.35421 8.00122 4.64251
2.03279 -1.35808 7.95487 4.60385
2.03728 -1.3701 7.88097 4.55104
2.04099 -1.38871 7.78504 4.48748
2.04319 -1.41299 7.67511 4.41933
2.04319 -1.43989 7.56496 4.35591
2.04088 -1.46752 7.46579 4.30368
2.03649 -1.49177 7.39111 4.26981
2.0306 -1.50896 7.35134 4.25916
2.02413 -1.51754 7.34962 4.27177
2.01791 -1.51607 7.38623 4.30628
2.01258 -1.5058 7.45507 4.35793
2.00909 -1.48674 7.54849 4.4202
2.00847 -1.46277 7.64864 4.48023
2.01065 -1.43793 7.73952 4.52854
2.0141 -1.41623 7.81267 4.56352
2.01717 -1.40037 7.86715 4.58834
2.01924 -1.3884 7.91007 4.60864
2.02011 -1.3802 7.94518 4.6271
2.02017 -1.37283 7.97931 4.64686
2.02146 -1.3654 8.00647 4.65969
2.02585 -1.35988 8.01012 4.65172
2.03187 -1.36107 7.97954 4.62023
2.03664 -1.37162 7.91948 4.57471
2.04362 -1.382 7.84933 4.5187
2.04257 -1.40319 7.7777 4.47976
2.03922 -1.42239 7.72419 4.45626
2.03436 -1.43609 7.69832 4.45193
2.02892 -1.44224 7.70405 4.4672
2.02451 -1.44023 7.73651 4.4958
2.02281 -1.43167 7.7815 4.52574
2.02403 -1.42083 7.82206 4.54658
2.02615 -1.41239 7.85072 4.55847
2.02604 -1.40685 7.87868 4.57495
2.02236 -1.40122 7.92433 4.60983
2.01706 -1.38991 7.99833 4.6651
2.01384 -1.36989 8.0921 4.72734
2.01558 -1.34544 8.17707 4.77286
2.02303 -1.32344 8.22152 4.78113
2.03402 -1.31315 8.2016 4.74378
2.04402 -1.32005 8.1189 4.67298
2.04931 -1.34162 7.99933 4.59226
2.04947 -1.37098 7.87245 4.51906
2.04664 -1.40054 7.75814 4.45961
2.04349 -1.42563 7.66199 4.41112
2.04156 -1.44596 7.57919 4.36759
2.04035 -1.46321 7.50613 4.32806
2.0383 -1.47837 7.44702 4.29829
2.03479 -1.49081 7.40891 4.28367
2.0309 -1.49783 7.39596 4.28437
2.02851 -1.49894 7.40129 4.29251
2.02859 -1.49635 7.41177 4.29841
2.0299 -1.49428 7.4185 4.29954
2.02974 -1.49432 7.42789 4.30533
2.02615 -1.49407 7.45784 4.33035
2.01929 -1.48852 7.5263 4.38493
2.0115 -1.47175 7.6416 4.46936
2.00648 -1.44324 7.78877 4.56684
2.00699 -1.40748 7.93673 4.65239
2.01229 -1.37306 8.05585 4.70978
2.0192 -1.34631 8.13488 4.73972
2.02548 -1.3302 8.17375 4.7476
2.03054 -1.32348 8.17917 4.73892
2.03462 -1.32443 8.15667 4.7164
2.03797 -1.33168 8.11077 4.68215
2.04053 -1.34408 8.04662 4.63928
2.04288 -1.35995 7.96768 4.58849
2.0453 -1.37918 7.874 4.52918
2.04588 -1.40216 7.77469 4.47078
2.04272 -1.42587 7.69114 4.42958
2.03721 -1.44472 7.63871 4.41128
2.0326 -1.45578 7.61466 4.40737
2.03027 -1.45986 7.60829 4.40874
2.02854 -1.46032 7.61485 4.4163
2.03026 -1.45022 7.6461 4.43066
2.02543 -1.44356 7.69955 4.47227
2.02056 -1.42889 7.78302 4.53165
2.01743 -1.4067 7.88651 4.59904
2.01774 -1.37956 7.99136 4.65948
2.02221 -1.35355 8.07238 4.69631
2.02954 -1.33437 8.11281 4.70279
2.0367 -1.3271 8.10976 4.68448
2.04097 -1.33022 8.07998 4.65751
2.04162 -1.33952 8.04358 4.63506
2.03941 -1.3499 8.01707 4.6248
2.03545 -1.35648 8.01236 4.63106
2.03096 -1.35697 8.03276 4.65312
2.0272 -1.35091 8.07432 4.68588
2.0257 -1.33823 8.12723 4.72007
2.02817 -1.32403 8.16722 4.73752
2.03465 -1.31403 8.17176 4.72506
2.04269 -1.31358 8.13124 4.68313
2.04964 -1.32508 8.04994 4.62058
2.05382 -1.34765 7.94157 4.5491
2.05456 -1.37605 7.82793 4.48239
2.05243 -1.40556 7.72584 4.42853
2.04823 -1.43145 7.64905 4.39349
2.04266 -1.45155 7.60491 4.38006
2.03687 -1.46266 7.59751 4.38823
2.03178 -1.46513 7.62186 4.41332
2.02707 -1.4603 7.67402 4.45384
2.02228 -1.44857 7.75328 4.51051
2.01868 -1.42931 7.85384 4.57717
2.019 -1.40396 7.95537 4.63559
2.02445 -1.37996 8.02649 4.66443
2.03267 -1.36375 8.05154 4.66007
2.0394 -1.36009 8.03494 4.63512
2.04188 -1.36684 7.99926 4.60893
2.04045 -1.37722 7.96854 4.59446
2.037 -1.38567 7.95584 4.59491
2.03281 -1.38853 7.96766 4.61121
2.02854 -1.38521 8.00404 4.64203
2.02526 -1.37525 8.06022 4.68216
2.02477 -1.3601 8.12123 4.71875
2.02766 -1.34479 8.16561 4.73777
2.03145 -1.33412 8.18572 4.74058
2.03377 -1.32907 8.18836 4.7367
2.0359 -1.32698 8.17654 4.72493
2.04012 -1.32794 8.13995 4.69405
2.04596 -1.33556 8.06885 4.63976
2.05022 -1.3524 7.97045 4.57366
2.05101 -1.37542 7.8652 4.51153
2.04952 -1.39982 7.76723 4.45857
2.04743 -1.42122 7.68349 4.41501
2.0498 -1.43246 7.61978 4.37334
2.04616 -1.44718 7.57438 4.35501
2.04214 -1.45626 7.55469 4.35225
2.03847 -1.45939 7.55892 4.36251
2.03492 -1.45759 7.58531 4.38537
2.03085 -1.45007 7.63764 4.42448
2.02625 -1.43633 7.71786 4.48109
2.02244 -1.41541 7.82224 4.55026
2.02184 -1.38921 7.93261 4.61584
2.02575 -1.36165 8.02509 4.66064
2.03205 -1.34083 8.0817 4.67897
2.03651 -1.32971 8.11035 4.68526
2.03683 -1.32472 8.13451 4.69848
2.03464 -1.31968 8.16994 4.72402
2.03231 -1.31208 8.21742 4.75692
2.03088 -1.30066 8.27501 4.79365
2.03118 -1.28691 8.33317 4.8266
2.03234 -1.27368 8.38519 4.85398
2.03216 -1.26229 8.43662 4.88417
2.03212 -1.25041 8.48804 4.91404
2.03531 -1.23845 8.52238 4.92619
2.04076 -1.23125 8.52545 4.91481
2.04437 -1.2329 8.50315 4.89329
2.04415 -1.23993 8.47716 4.87888
2.04175 -1.24644 8.46152 4.87558
2.03987 -1.2482 8.45728 4.87763
2.04018 -1.24781 8.45037 4.87291
2.04314 -1.248 8.4272 4.8525
2.04771 -1.25235 8.37852 4.81372
2.05148 -1.26412 8.30585 4.76319
2.05241 -1.28199 8.22469 4.71451
2.05015 -1.30113 8.15471 4.67956
2.04569 -1.31679 8.10993 4.664
2.04057 -1.32504 8.09701 4.66824
2.03633 -1.32568 8.11122 4.68618
2.03436 -1.3201 8.14061 4.70772
2.0353 -1.31107 8.16971 4.72237
2.03774 -1.30429 8.18587 4.72605
2.03928 -1.30091 8.19391 4.72711
2.03984 -1.29974 8.19915 4.72883
2.04166 -1.29941 8.19596 4.72277
2.04466 -1.30198 8.1765 4.70465
2.04551 -1.30901 8.15059 4.68779
2.04416 -1.31727 8.13067 4.67943
2.04355 -1.32327 8.1143 4.67139
2.04339 -1.32925 8.09672 4.66165
2.0426 -1.33433 8.08345 4.6558
2.04226 -1.3381 8.07181 4.64986
2.04299 -1.341 8.05669 4.63949
2.04439 -1.34546 8.03286 4.62262
2.0508 -1.34458 8.00474 4.59203
2.05107 -1.35351 7.96932 4.5711
2.04884 -1.36283 7.94443 4.56178
2.04409 -1.36875 7.94468 4.57255
2.0392 -1.36679 7.97396 4.60039
2.03726 -1.35775 8.01595 4.62903
2.03879 -1.34636 8.05027 4.64535
2.04203 -1.33637 8.06815 4.64828
2.04593 -1.33217 8.06194 4.63587
2.05039 -1.33402 8.02966 4.60725
2.05446 -1.3422 7.97402 4.56627
2.05583 -1.35642 7.90816 4.52552
2.05307 -1.37266 7.85485 4.50106
2.04825 -1.38505 7.82723 4.49579
2.04512 -1.38983 7.81979 4.4984
2.04471 -1.39005 7.81691 4.49764
2.04537 -1.39024 7.81025 4.49235
2.04551 -1.39058 7.80372 4.48828
2.04493 -1.39162 7.79883 4.48676
2.04425 -1.39143 7.7976 4.48754
2.04354 -1.39001 7.79965 4.49027
2.04258 -1.38753 7.80595 4.49602
2.04208 -1.38424 7.81343 4.50142
2.04301 -1.38009 7.8161 4.50092
2.04496 -1.37737 7.80784 4.49187
2.04721 -1.37717 7.78771 4.47537
2.05012 -1.3804 7.75222 4.44864
2.05369 -1.38788 7.69847 4.41012
2.05591 -1.40139 7.63176 4.36719
2.05426 -1.41797 7.57413 4.33768
2.04841 -1.43206 7.54907 4.33568
2.04073 -1.43729 7.56904 4.36351
2.03462 -1.43064 7.62787 4.41063
2.03237 -1.41444 7.70461 4.45993
2.034 -1.39525 7.77481 4.49697
2.03814 -1.378 7.82351 4.51594
2.04336 -1.36786 7.84003 4.51392
2.04793 -1.36544 7.82772 4.49677
2.05005 -1.36982 7.7987 4.47546
2.04942 -1.37757 7.76837 4.45944
2.04801 -1.38414 7.74401 4.44851
2.04876 -1.38839 7.71651 4.4311
2.0528 -1.39363 7.66853 4.39486
2.05741 -1.40598 7.59301 4.34184
2.05788 -1.42499 7.51253 4.29484
2.05344 -1.44461 7.45484 4.27107
2.0482 -1.45721 7.42865 4.26696
2.04579 -1.4612 7.42159 4.26792
2.0459 -1.4626 7.41615 4.26457
2.04644 -1.46382 7.41048 4.26019
2.05143 -1.45822 7.41052 4.24985
2.05056 -1.46051 7.41098 4.25192
2.04853 -1.46183 7.42233 4.26264
2.04592 -1.45932 7.45016 4.28409
2.04394 -1.45309 7.48975 4.31102
2.04293 -1.44396 7.53563 4.33958
2.04237 -1.43304 7.58501 4.3692
2.04259 -1.42143 7.63269 4.3962
2.04443 -1.41002 7.67019 4.41382
2.04727 -1.402 7.68979 4.41897
2.04924 -1.39827 7.69583 4.41819
2.05013 -1.39714 7.69518 4.41589
2.05182 -1.39722 7.68478 4.4063
2.05576 -1.39963 7.65348 4.37994
2.06086 -1.40836 7.59304 4.3346
2.06415 -1.42519 7.51169 4.28132
2.06368 -1.44692 7.43047 4.23599
2.06023 -1.46751 7.36805 4.20745
2.0563 -1.4825 7.32961 4.19349
2.05385 -1.49149 7.30805 4.18614
2.05275 -1.4974 7.29479 4.18079
2.05149 -1.50134 7.29131 4.18135
2.04934 -1.50342 7.30181 4.19176
2.04671 -1.50253 7.329 4.21279
2.04398 -1.49742 7.37444 4.24457
2.04093 -1.48825 7.43869 4.28796
2.03724 -1.47485 7.52379 4.34485
2.03335 -1.45532 7.63199 4.41576
2.03071 -1.43039 7.75468 4.49259
2.03105 -1.40111 7.87692 4.56264
2.03483 -1.37259 7.97761 4.6124
2.04041 -1.34933 8.0457 4.63902
2.04568 -1.33517 8.07924 4.64636
2.05011 -1.3285 8.08465 4.63944
2.05396 -1.32849 8.06495 4.61946
2.05654 -1.33477 8.02669 4.59177
2.05679 -1.34499 7.98415 4.56688
2.05455 -1.35528 7.95313 4.55411
2.05078 -1.36252 7.94304 4.55668
2.04693 -1.36352 7.95759 4.57362
2.04407 -1.35879 7.99108 4.5993
2.04256 -1.35009 8.03523 4.62812
2.04249 -1.33865 8.0828 4.65569
2.04413 -1.32696 8.12325 4.67523
2.04762 -1.31822 8.14465 4.67955
2.05189 -1.31434 8.14293 4.66882
2.05524 -1.31727 8.12083 4.64857
2.05714 -1.32549 8.08656 4.62466
2.05794 -1.33657 8.04721 4.60038
2.05724 -1.34855 8.01155 4.58155
2.05962 -1.3518 7.9944 4.56646
2.05608 -1.35838 7.99342 4.57375
2.05304 -1.35963 8.01064 4.5904
2.05024 -1.35706 8.04274 4.61508
2.04662 -1.34965 8.09561 4.65365
2.04296 -1.33661 8.16891 4.70419
2.04193 -1.3182 8.24895 4.75269
2.04506 -1.29832 8.31279 4.78213
2.05101 -1.28412 8.3415 4.78473
2.05645 -1.27857 8.33746 4.76975
2.05864 -1.28111 8.3168 4.75288
2.05678 -1.2864 8.30278 4.74916
2.05198 -1.28917 8.31179 4.76544
2.0474 -1.28491 8.34569 4.79557
2.04756 -1.27288 8.3832 4.81675
2.05356 -1.26169 8.389 4.806
2.06049 -1.25976 8.35451 4.77015
2.06346 -1.26788 8.29965 4.73199
2.06198 -1.28057 8.24893 4.70645
2.05892 -1.29081 8.21496 4.69405
2.05694 -1.29679 8.19279 4.68587
2.05537 -1.29977 8.1805 4.68242
2.05337 -1.30012 8.18057 4.68704
2.05232 -1.29776 8.18749 4.6934
2.05369 -1.29353 8.18955 4.69144
2.05751 -1.29132 8.17207 4.67273
2.06158 -1.29528 8.13093 4.64005
2.06295 -1.30573 8.07923 4.60746
2.06058 -1.31797 8.03869 4.58961
2.05622 -1.32629 8.02275 4.59024
2.05351 -1.32783 8.02495 4.59754
2.05486 -1.32549 8.02335 4.59362
2.05926 -1.3252 7.99991 4.57042
2.06441 -1.33176 7.94792 4.52937
2.06849 -1.34645 7.87126 4.47683
2.06955 -1.36668 7.78677 4.42653
2.06635 -1.38934 7.71529 4.39267
2.06044 -1.40604 7.67727 4.38356
2.05521 -1.41352 7.67068 4.39096
2.05238 -1.41391 7.6815 4.4032
2.05111 -1.41009 7.70189 4.41764
2.05079 -1.40435 7.72617 4.43224
2.05205 -1.3975 7.74679 4.44136
2.05479 -1.39331 7.7527 4.43881
2.05787 -1.39289 7.7429 4.42657
2.0597 -1.39765 7.72134 4.41031
2.05841 -1.40507 7.70527 4.40389
2.05303 -1.4107 7.71692 4.42211
2.04514 -1.40772 7.77304 4.47145
2.03788 -1.39249 7.87229 4.54469
2.0388 -1.35874 8.00201 4.61749
2.03928 -1.32645 8.12798 4.68908
2.04394 -1.29522 8.22928 4.73669
2.05072 -1.27114 8.29189 4.75695
2.05691 -1.25736 8.31658 4.75675
2.06054 -1.25363 8.31525 4.74761
2.06201 -1.25446 8.30359 4.73758
2.06366 -1.2573 8.28157 4.72124
2.06651 -1.26275 8.24258 4.69252
2.06876 -1.27295 8.18797 4.65637
2.06892 -1.28612 8.13002 4.62307
2.06862 -1.29896 8.07299 4.59129
2.07036 -1.31206 8.00533 4.54898
2.0735 -1.32817 7.91942 4.49336
2.07471 -1.34885 7.82514 4.43726
2.07222 -1.37101 7.74326 4.39611
2.06707 -1.38922 7.69013 4.37683
2.06128 -1.39968 7.67121 4.37833
2.05649 -1.40111 7.68285 4.39519
2.05305 -1.39599 7.71572 4.42138
2.05014 -1.38568 7.76684 4.45698
2.04756 -1.37078 7.83399 4.50119
2.04641 -1.35175 7.90933 4.54703
2.0481 -1.33135 7.97644 4.58182
2.05286 -1.31325 8.01864 4.59539
2.05886 -1.30237 8.0265 4.58648
2.06339 -1.30047 8.00649 4.565
2.06546 -1.30553 7.97194 4.54076
2.06641 -1.31353 7.9312 4.51548
2.06785 -1.32284 7.88307 4.48495
2.07004 -1.33423 7.82367 4.44644
2.07247 -1.34927 7.7507 4.39982
2.07444 -1.36797 7.66688 4.34809
2.0748 -1.39002 7.58001 4.29808
2.07266 -1.41216 7.50539 4.26015
2.0685 -1.43096 7.45457 4.23982
2.06345 -1.44401 7.43237 4.23755
2.05831 -1.44944 7.44067 4.25288
2.05369 -1.44704 7.47668 4.28306
2.05043 -1.43735 7.53337 4.32241
2.0496 -1.42252 7.59699 4.36067
2.05196 -1.40689 7.64848 4.38519
2.05695 -1.39451 7.67336 4.38878
2.0625 -1.39032 7.66498 4.37219
2.06572 -1.39396 7.63627 4.34902
2.0648 -1.40288 7.60802 4.33486
2.06027 -1.41026 7.60233 4.34113
2.0541 -1.41127 7.62934 4.36964
2.04894 -1.40189 7.68844 4.41459
2.04769 -1.38485 7.75781 4.45713
2.05625 -1.35919 7.81405 4.47077
2.06272 -1.34571 7.83329 4.46771
2.06944 -1.34273 7.81396 4.44221
2.07398 -1.34969 7.7683 4.40658
2.07482 -1.36308 7.71682 4.37561
2.07217 -1.37815 7.6783 4.35933
2.0676 -1.38916 7.66568 4.36179
2.06315 -1.39244 7.68094 4.37991
2.06036 -1.3894 7.71324 4.40429
2.05984 -1.38199 7.75054 4.4267
2.06114 -1.37465 7.78012 4.44078
2.0629 -1.36891 7.80024 4.44848
2.06314 -1.36626 7.81646 4.45721
2.05994 -1.36368 7.84801 4.48214
2.05365 -1.35566 7.91367 4.53348
2.0483 -1.33796 8.0109 4.60117
2.04881 -1.31252 8.10946 4.65662
2.05593 -1.28769 8.17292 4.67682
2.06553 -1.27431 8.18247 4.66052
2.07287 -1.27586 8.1478 4.62434
2.07512 -1.28812 8.09714 4.5906
2.07149 -1.30343 8.06371 4.57966
2.06404 -1.31329 8.07075 4.60019
2.05706 -1.31133 8.12008 4.64403
2.05394 -1.29909 8.19047 4.69141
2.05551 -1.28246 8.255 4.72475
2.06104 -1.26741 8.29156 4.73294
2.06908 -1.26146 8.28141 4.70877
2.0772 -1.2681 8.2223 4.65688
2.08277 -1.28652 8.12846 4.59144
2.08399 -1.31354 8.02253 4.52893
2.08014 -1.34238 7.93397 4.48725
2.07197 -1.36484 7.88953 4.47969
2.06217 -1.37525 7.89997 4.50694
2.05446 -1.37075 7.95747 4.55679
2.05163 -1.35472 8.03582 4.60799
2.05337 -1.33463 8.10786 4.64536
2.05703 -1.31736 8.15984 4.66684
2.06087 -1.30537 8.18939 4.67501
2.06466 -1.29918 8.19562 4.66997
2.06811 -1.29876 8.18002 4.65331
2.07065 -1.30372 8.14735 4.62905
2.07246 -1.31223 8.10337 4.60003
2.07445 -1.32322 8.04838 4.56443
2.0765 -1.33778 7.98097 4.52173
2.07673 -1.35557 7.91104 4.48162
2.07385 -1.37355 7.85603 4.45664
2.06882 -1.38686 7.82909 4.45215
2.06349 -1.39247 7.83279 4.46575
2.05941 -1.39006 7.86082 4.49061
2.06279 -1.37438 7.9036 4.50765
2.06409 -1.36343 7.93731 4.52402
2.0672 -1.35442 7.95442 4.52697
2.07009 -1.35051 7.95392 4.52036
2.07146 -1.35058 7.94495 4.51228
2.071 -1.35301 7.93695 4.50874
2.06926 -1.35511 7.93807 4.51317
2.06741 -1.35377 7.95227 4.52529
2.06633 -1.34933 7.97525 4.54074
2.06589 -1.34435 8.00077 4.55622
2.06524 -1.33786 8.0324 4.57568
2.06395 -1.33102 8.07052 4.60027
2.06251 -1.32168 8.11798 4.63055
2.06222 -1.31059 8.16734 4.65936
2.06412 -1.29921 8.20691 4.67764
2.06706 -1.29053 8.22977 4.68399
2.06892 -1.28648 8.23946 4.68528
2.06939 -1.28501 8.24404 4.68683
2.0698 -1.28387 8.24507 4.68649
2.07136 -1.28325 8.23644 4.67805
2.07389 -1.28534 8.21191 4.65842
2.07581 -1.29126 8.17473 4.63305
2.07574 -1.29986 8.13603 4.61126
2.07363 -1.30831 8.10765 4.59987
2.07065 -1.31349 8.09604 4.59989
2.0686 -1.31442 8.09737 4.60519
2.06864 -1.31193 8.10225 4.60788
2.07024 -1.30997 8.10047 4.60333
2.07154 -1.31025 8.0935 4.59646
2.07115 -1.3129 8.08901 4.59479
2.06899 -1.31435 8.09837 4.6049
2.06551 -1.31286 8.12734 4.62916
2.06108 -1.30585 8.18205 4.67034
2.05697 -1.29217 8.26089 4.72475
2.05534 -1.27212 8.35131 4.78027
2.0565 -1.25026 8.43543 4.82569
2.05823 -1.23059 8.50802 4.86312
2.05897 -1.21317 8.57428 4.89923
2.05941 -1.19676 8.63558 4.93322
2.06131 -1.18014 8.68577 4.95731
2.06612 -1.16734 8.70609 4.95734
2.07369 -1.16164 8.68261 4.92592
2.08215 -1.16705 8.60946 4.86457
2.08869 -1.18555 8.49492 4.78483
2.09101 -1.21443 8.36175 4.70459
2.08874 -1.24611 8.23868 4.64038
2.08338 -1.27436 8.14426 4.59901
2.07779 -1.2933 8.08485 4.57774
2.07518 -1.30456 8.04308 4.55982
2.07655 -1.31258 7.99675 4.53055
2.08406 -1.31532 7.94164 4.48312
2.08412 -1.32892 7.88083 4.44867
2.08185 -1.34203 7.83196 4.4259
2.07996 -1.35178 7.79378 4.40832
2.08011 -1.35863 7.75629 4.38681
2.08165 -1.36631 7.71019 4.3575
2.08334 -1.37604 7.65558 4.32313
2.08483 -1.38854 7.59293 4.28469
2.08595 -1.40305 7.52523 4.2442
2.08579 -1.42041 7.45712 4.20612
2.08334 -1.43662 7.4046 4.1814
2.07869 -1.44914 7.37898 4.17626
2.07283 -1.45533 7.38675 4.19248
2.06687 -1.45204 7.43139 4.22999
2.06174 -1.43917 7.50835 4.28441
2.05873 -1.41883 7.60486 4.34584
2.05945 -1.39416 7.70047 4.39893
2.06397 -1.37134 7.77192 4.43003
2.06923 -1.35494 7.81395 4.44267
2.07208 -1.34646 7.83723 4.44978
2.07284 -1.34163 7.85524 4.45835
2.07372 -1.33833 7.86751 4.46343
2.07499 -1.33637 7.8728 4.4637
2.07526 -1.33688 7.87488 4.4643
2.07419 -1.3378 7.88216 4.47072
2.07298 -1.33672 7.89702 4.48176
2.07267 -1.33381 7.91434 4.49227
2.0726 -1.33012 7.93221 4.50256
2.07148 -1.32649 7.95429 4.51753
2.06929 -1.32125 7.98649 4.54062
2.06762 -1.3128 8.02705 4.56736
2.06796 -1.30114 8.06714 4.58943
2.07022 -1.29045 8.09399 4.59967
2.07312 -1.28356 8.10339 4.59857
2.07499 -1.28105 8.10098 4.59307
2.07462 -1.28199 8.09794 4.59217
2.07203 -1.28173 8.10966 4.60456
2.06826 -1.27742 8.14342 4.63215
2.06461 -1.26703 8.20039 4.6728
2.0621 -1.25143 8.274 4.72048
2.06108 -1.23219 8.35604 4.76966
2.06103 -1.2115 8.43991 4.81764
2.06163 -1.19047 8.52137 4.86272
2.06404 -1.17007 8.59045 4.89642
2.06994 -1.15371 8.626 4.90267
2.07766 -1.14627 8.61596 4.87878
2.08533 -1.14982 8.55984 4.82916
2.09314 -1.16567 8.45411 4.75171
2.09961 -1.19366 8.30664 4.65445
2.10279 -1.23074 8.13751 4.55278
2.10611 -1.2653 7.97689 4.45588
2.09884 -1.30419 7.85065 4.40056
2.08968 -1.33221 7.77669 4.3782
2.08376 -1.34652 7.74105 4.37052
2.0824 -1.35151 7.71972 4.36131
2.08367 -1.3553 7.6941 4.34421
2.08502 -1.3607 7.6634 4.32406
2.08457 -1.36871 7.63477 4.30885
2.08112 -1.37603 7.62515 4.31053
2.07517 -1.3774 7.65066 4.33737
2.06921 -1.36993 7.71164 4.38453
2.06533 -1.35316 7.79795 4.44193
2.06323 -1.33074 7.89759 4.50328
2.06224 -1.30544 8.00266 4.56538
2.06331 -1.27871 8.10203 4.61966
2.06747 -1.25329 8.17909 4.65423
2.07302 -1.23497 8.22224 4.66624
2.07668 -1.22494 8.2414 4.66889
2.07788 -1.21907 8.25276 4.67261
2.08016 -1.21516 8.25119 4.66661
2.08663 -1.2154 8.21451 4.63144
2.0947 -1.22566 8.1323 4.56743
2.09834 -1.24874 8.0246 4.49913
2.09516 -1.27628 7.93142 4.45365
2.08802 -1.29892 7.87639 4.43787
2.08179 -1.31066 7.85876 4.44118
2.07938 -1.31305 7.85908 4.44651
2.07995 -1.31215 7.85951 4.44554
2.08082 -1.31217 7.85705 4.44229
2.07988 -1.31338 7.86094 4.44648
2.07648 -1.31316 7.88479 4.46727
2.07178 -1.30792 7.93696 4.50705
2.06809 -1.29503 8.01444 4.55915
2.06637 -1.27753 8.10337 4.61358
2.06505 -1.25777 8.20026 4.67173
2.06292 -1.23514 8.30983 4.73904
2.0616 -1.20896 8.42692 4.8089
2.06348 -1.1811 8.53324 4.86514
2.06852 -1.15617 8.61041 4.89716
2.07424 -1.13879 8.6525 4.90755
2.07827 -1.13075 8.6658 4.90555
2.08043 -1.1283 8.66315 4.89896
2.08286 -1.12913 8.64439 4.88266
2.08739 -1.1339 8.59891 4.84641
2.09306 -1.14492 8.5216 4.78983
2.09741 -1.16539 8.41599 4.72066
2.09919 -1.19168 8.29914 4.65117
2.09919 -1.22045 8.18136 4.58516
2.09878 -1.24928 8.06617 4.52149
2.09805 -1.27749 7.95609 4.46134
2.10081 -1.29745 7.86296 4.40333
2.09593 -1.3211 7.79416 4.37495
2.08893 -1.33727 7.76639 4.37397
2.08192 -1.34298 7.78113 4.39703
2.07712 -1.33815 7.82737 4.43337
2.07517 -1.32545 7.88999 4.47305
2.07519 -1.31013 7.95492 4.50983
2.0764 -1.29561 8.01345 4.54035
2.07876 -1.28226 8.06102 4.56212
2.08216 -1.27286 8.0896 4.57083
2.08542 -1.26895 8.09852 4.56871
2.08611 -1.26999 8.10065 4.56839
2.08398 -1.27185 8.11228 4.57963
2.08279 -1.26997 8.13143 4.59306
2.08538 -1.26628 8.13757 4.59082
2.08983 -1.2674 8.11674 4.56933
2.0928 -1.27481 8.07736 4.5407
2.09377 -1.28707 8.0295 4.51171
2.093 -1.30036 7.985 4.48836
2.08896 -1.31311 7.95995 4.48292
2.08074 -1.31884 7.98075 4.5124
2.07118 -1.31199 8.05628 4.57613
2.06479 -1.29082 8.17116 4.65573
2.06372 -1.25969 8.29693 4.72985
2.06773 -1.22763 8.40213 4.78054
2.07588 -1.20145 8.46346 4.79653
2.08653 -1.18755 8.46483 4.77282
2.09585 -1.19061 8.409 4.72025
2.0995 -1.20743 8.32761 4.66645
2.0969 -1.22946 8.25658 4.63237
2.09074 -1.24763 8.21863 4.62467
2.08342 -1.25604 8.22378 4.64381
2.0763 -1.25353 8.27117 4.68659
2.07057 -1.24008 8.3541 4.7467
2.06789 -1.2183 8.45473 4.8101
2.06927 -1.19313 8.54883 4.86038
2.07333 -1.16973 8.62031 4.89143
2.07813 -1.1519 8.66301 4.9043
2.08409 -1.14121 8.66937 4.89387
2.09209 -1.13955 8.62775 4.85174
2.10028 -1.15038 8.53506 4.7809
2.10563 -1.17375 8.40622 4.69677
2.10713 -1.20501 8.2639 4.61396
2.10622 -1.23843 8.12423 4.53794
2.10529 -1.26978 7.99152 4.46578
2.10441 -1.30079 7.86342 4.39604
2.10106 -1.33036 7.7548 4.34222
2.09388 -1.35497 7.68658 4.3188
2.08388 -1.36816 7.67694 4.33408
2.07397 -1.36555 7.72811 4.3838
2.07281 -1.34091 7.82403 4.4407
2.0726 -1.31504 7.92353 4.49764
2.07661 -1.28907 8.00538 4.53533
2.08029 -1.26945 8.06728 4.5623
2.08106 -1.25493 8.12488 4.59318
2.08034 -1.24176 8.18672 4.62974
2.08111 -1.22697 8.24805 4.6627
2.08469 -1.21333 8.293 4.68005
2.08932 -1.20566 8.31317 4.68103
2.09194 -1.20508 8.3182 4.67801
2.09061 -1.20807 8.32956 4.68737
2.08623 -1.20866 8.36539 4.71743
2.08234 -1.20223 8.42522 4.76004
2.08054 -1.19049 8.49577 4.80405
2.07932 -1.17628 8.57254 4.8503
2.07895 -1.15997 8.65104 4.89558
2.0808 -1.14307 8.71852 4.92939
2.08456 -1.12935 8.76291 4.94556
2.08879 -1.12128 8.78121 4.94585
2.09114 -1.11971 8.78185 4.94064
2.08964 -1.12156 8.7861 4.94658
2.08603 -1.12117 8.80759 4.96726
2.08393 -1.11499 8.84136 4.99134
2.0843 -1.106 8.8731 5.00837
2.08567 -1.09755 8.89693 5.01853
2.08652 -1.09103 8.91488 5.02659
2.08636 -1.0861 8.93167 5.03646
2.08617 -1.08067 8.94924 5.04681
2.08812 -1.07429 8.95757 5.0468
2.0929 -1.0715 8.93806 5.0243
2.099 -1.07568 8.88315 4.97893
2.10552 -1.08937 8.78844 4.91059
2.11151 -1.11353 8.65513 4.82238
2.11455 -1.14619 8.50039 4.72936
2.11335 -1.18318 8.34741 4.64687
2.10908 -1.21804 8.21561 4.58276
2.10441 -1.24631 8.11022 4.53401
2.10161 -1.26753 8.02318 4.49134
2.10056 -1.28468 7.94486 4.44971
2.09902 -1.30055 7.87665 4.41474
2.09525 -1.31416 7.83076 4.39693
2.08992 -1.32194 7.81724 4.40052
2.08538 -1.32136 7.83393 4.41952
2.08378 -1.31435 7.86459 4.44022
2.0856 -1.3054 7.88978 4.45057
2.08877 -1.29933 7.90024 4.44971
2.0902 -1.29787 7.90377 4.44864
2.08928 -1.29829 7.91334 4.45598
2.08781 -1.29698 7.93301 4.47021
2.08703 -1.29355 7.95845 4.48622
2.09202 -1.28161 7.98902 4.49272
2.09288 -1.2769 8.01146 4.50349
2.09463 -1.27356 8.02389 4.5067
2.09635 -1.2729 8.0255 4.50391
2.0968 -1.27515 8.02202 4.50098
2.09565 -1.27808 8.02298 4.504
2.09366 -1.27878 8.0348 4.51492
2.09195 -1.27654 8.05605 4.53057
2.09109 -1.27138 8.08315 4.54767
2.09099 -1.26567 8.11 4.563
2.09136 -1.2594 8.13575 4.57667
2.09177 -1.25423 8.15824 4.58843
2.0916 -1.24958 8.18153 4.60191
2.09101 -1.2441 8.20907 4.61869
2.09067 -1.23791 8.23873 4.63614
2.08989 -1.23159 8.27188 4.65652
2.08737 -1.22393 8.31832 4.68833
2.08359 -1.21245 8.38499 4.73448
2.08079 -1.19483 8.46819 4.78789
2.08112 -1.17308 8.55015 4.83345
2.08592 -1.15192 8.60578 4.85372
2.09542 -1.13805 8.6078 4.83284
2.10747 -1.13854 8.53952 4.76708
2.11776 -1.15815 8.40604 4.66977
2.12236 -1.19302 8.23928 4.56722
2.12029 -1.23472 8.07739 4.48184
2.11388 -1.27269 7.94927 4.42414
2.10608 -1.30087 7.86567 4.39383
2.09857 -1.31739 7.82702 4.38788
2.09229 -1.32269 7.82794 4.40156
2.08862 -1.31807 7.85617 4.42519
2.08842 -1.30805 7.89162 4.4456
2.09019 -1.29884 7.92001 4.4578
2.09173 -1.29161 7.94378 4.46788
2.09202 -1.28706 7.96692 4.48028
2.09056 -1.28262 7.99953 4.50177
2.08803 -1.2758 8.04751 4.53425
2.08695 -1.26511 8.1035 4.56816
2.08838 -1.25249 8.15344 4.59316
2.0913 -1.24259 8.18569 4.6049
2.09411 -1.23741 8.1991 4.60625
2.09544 -1.2356 8.20255 4.60528
2.09521 -1.23628 8.20263 4.60582
2.09512 -1.23626 8.20178 4.60554
2.09685 -1.23593 8.19114 4.59577
2.09979 -1.23889 8.16222 4.57312
2.10131 -1.24672 8.12188 4.54724
2.09977 -1.25639 8.08817 4.5317
2.09608 -1.26368 8.07366 4.53151
2.09207 -1.26498 8.08237 4.5451
2.0939 -1.25306 8.1133 4.55851
2.09212 -1.24397 8.15038 4.58323
2.09222 -1.23178 8.18809 4.60422
2.09576 -1.21951 8.20776 4.60748
2.1041 -1.2136 8.18047 4.57396
2.11374 -1.21967 8.09851 4.5075
2.11906 -1.24037 7.98151 4.43122
2.11868 -1.26946 7.86115 4.36518
2.11405 -1.29735 7.76549 4.3215
2.10744 -1.3182 7.70781 4.30285
2.10146 -1.32934 7.68683 4.30336
2.09803 -1.33145 7.69022 4.31229
2.09792 -1.32831 7.69981 4.31788
2.10047 -1.32499 7.69935 4.31239
2.1035 -1.3258 7.68341 4.29728
2.10461 -1.33098 7.66143 4.28271
2.1027 -1.33805 7.64886 4.27957
2.09803 -1.34255 7.66161 4.29624
2.092 -1.33949 7.71016 4.33593
2.08631 -1.32717 7.79345 4.39472
2.08204 -1.30667 7.90312 4.4657
2.07959 -1.27918 8.03033 4.54295
2.07923 -1.24847 8.16097 4.61765
2.08167 -1.21719 8.27988 4.67944
2.08769 -1.18936 8.36701 4.71505
2.09634 -1.17077 8.40514 4.71698
2.10352 -1.16633 8.39703 4.69634
2.10493 -1.17194 8.37532 4.68106
2.10231 -1.17902 8.36527 4.68128
2.10164 -1.18239 8.3588 4.67916
2.10191 -1.18504 8.34933 4.67324
2.09881 -1.18782 8.35431 4.68294
2.0942 -1.18603 8.38261 4.70915
2.0914 -1.17736 8.42651 4.74015
2.09217 -1.16402 8.46812 4.7618
2.09709 -1.15214 8.48325 4.75911
2.10503 -1.14788 8.45443 4.72506
2.11324 -1.15606 8.37813 4.66423
2.11856 -1.17643 8.27013 4.59254
2.11863 -1.20492 8.15849 4.53039
2.11254 -1.23333 8.07873 4.49904
2.10203 -1.25205 8.05825 4.51007
2.09122 -1.25498 8.10106 4.55746
2.08426 -1.24096 8.1892 4.62244
2.08317 -1.21675 8.28832 4.68083
2.08739 -1.19129 8.36673 4.71556
2.09513 -1.17224 8.40293 4.71847
2.10403 -1.16495 8.38782 4.69007
2.11131 -1.17131 8.32824 4.64069
