0.0270995	1.05114	1.0542	1.77322	1.99943	-5.88489
0.0565681	1.0997	1.11307	1.5216	1.9953	-5.88489
0.0858802	1.1406	1.17142	1.26933	1.98506	-5.88489
0.115565	1.17449	1.2301	1.01433	1.96702	-5.88489
0.146074	1.20147	1.28972	0.754693	1.93969	-5.88489
0.177578	1.22107	1.35025	0.490762	1.90172	-5.88489
0.209221	1.23248	1.40969	0.231229	1.85314	-5.88489
0.24085	1.23578	1.46739	-0.0214346	1.79324	-5.88489
0.272058	1.23132	1.52227	-0.263052	1.72152	-5.88489
0.302116	1.22002	1.5728	-0.487629	1.63871	-5.88489
0.338373	1.1976	1.6301	-0.746886	1.5177	-5.88489
0.378171	1.16246	1.68735	-1.01596	1.35358	-5.88489
0.417575	1.11745	1.73688	-1.26618	1.15364	-5.88489
0.455484	1.06512	1.77634	-1.49199	0.921446	-5.88489
0.492496	1.00604	1.80561	-1.69855	0.653056	-5.88489
0.52914	0.940261	1.82401	-1.88895	0.34325	-5.88489
0.560943	0.87773	1.83014	-2.04131	0.0365531	-5.88489
0.586776	0.823513	1.82757	-2.15447	-0.239444	-5.88489
0.613399	0.764733	1.81713	-2.25881	-0.54942	-5.88489
0.640475	0.702314	1.79769	-2.34894	-0.890901	-5.88489
0.668671	0.635006	1.76724	-2.4211	-1.27339	-5.88489
0.697424	0.564671	1.72471	-2.46583	-1.68916	-5.88489
0.726554	0.492625	1.66909	-2.47394	-2.13309	-5.88489
0.756149	0.419852	1.59905	-2.43519	-2.60264	-5.88489
0.786533	0.347198	1.51246	-2.33655	-3.09874	-5.88489
0.815436	0.281785	1.41596	-2.1787	-3.58004	-5.88489
0.841886	0.226742	1.31537	-1.97312	-4.0277	-5.88489
0.866423	0.181246	1.21136	-1.72583	-4.45157	-5.88489
0.88925	0.14497	1.10513	-1.44405	-4.85837	-5.88489
0.910287	0.117727	0.998838	-1.1386	-5.25047	-5.88489
0.927119	0.100848	0.907706	-0.86233	-5.58121	-5.88489
0.942131	0.0898994	0.821605	-0.592844	-5.89231	-5.88489
0.955568	0.0836489	0.740479	-0.335159	-6.1849	-5.88489
0.969109	0.0809381	0.654661	-0.0637612	-6.49201	-5.88489
0.981324	0.0816785	0.573632	0.184897	-6.77512	-5.88489
0.992869	0.0851481	0.493879	0.414339	-7.03958	-5.88489
1.00243	0.0899697	0.425563	0.591375	-7.24687	-5.88489
1.01125	0.0958355	0.3609	0.735577	-7.4188	-5.88489
1.02009	0.102887	0.294601	0.853073	-7.56235	-5.88489
1.02852	0.110433	0.230412	0.931545	-7.6623	-5.88489
1.03696	0.118488	0.16549	0.970801	-7.71829	-5.88489
1.0457	0.12699	0.0979345	0.965816	-7.72463	-5.88489
1.05428	0.135083	0.0318843	0.915449	-7.67935	-5.88489
1.06305	0.142731	-0.035113	0.820914	-7.58473	-5.88489
1.07157	0.149206	-0.0992067	0.693983	-7.4541	-5.88489
1.07992	0.154387	-0.160797	0.543605	-7.29822	-5.88489
1.08849	0.158315	-0.222598	0.370172	-7.11863	-5.88489
1.09762	0.160797	-0.28663	0.172256	-6.91471	-5.88489
1.10778	0.161391	-0.355705	-0.0560861	-6.68103	-5.88489
1.12081	0.158736	-0.440843	-0.350767	-6.38134	-5.88489
1.13334	0.152595	-0.519038	-0.627859	-6.0999	-5.88489
1.14618	0.142772	-0.595542	-0.900298	-5.821	-5.88489
1.16019	0.128169	-0.675031	-1.18127	-5.52734	-5.88489
1.17563	0.107673	-0.75796	-1.46915	-5.21441	-5.88489
1.19262	0.0802257	-0.843664	-1.75829	-4.87933	-5.88489
1.21112	0.0450277	-0.930622	-2.04036	-4.52009	-5.88489
1.23007	0.00390783	-1.0128	-2.29404	-4.15388	-5.88489
1.24827	-0.0398119	-1.08519	-2.50514	-3.80064	-5.88489
1.26467	-0.0822637	-1.14488	-2.66909	-3.47977	-5.88489
1.28343	-0.133895	-1.20671	-2.82791	-3.10897	-5.88489
1.30468	-0.195568	-1.26826	-2.97331	-2.68548	-5.88489
1.32857	-0.268177	-1.32671	-3.09802	-2.20658	-5.88489
1.35439	-0.349497	-1.37702	-3.19353	-1.69021	-5.88489
1.38168	-0.43761	-1.41577	-3.25908	-1.15172	-5.88489
1.41075	-0.532994	-1.44108	-3.29928	-0.592721	-5.88489
1.44188	-0.636055	-1.45051	-3.31917	-0.018077	-5.88489
1.47537	-0.747301	-1.44126	-3.3223	0.563096	-5.88489
1.49981	-0.828437	-1.42264	-3.31323	0.954895	-5.88489
1.52067	-0.897359	-1.3995	-3.29448	1.25941	-5.88489
1.53992	-0.960514	-1.3728	-3.26297	1.5081	-5.88489
1.55929	-1.02326	-1.34148	-3.21076	1.71747	-5.88489
1.57763	-1.08149	-1.30852	-3.13563	1.86927	-5.88489
1.59633	-1.13917	-1.27253	-3.02773	1.97117	-5.88489
1.61563	-1.19623	-1.23394	-2.8809	2.01906	-5.88489
1.63274	-1.2442	-1.19935	-2.7226	2.01765	-5.88489
1.65009	-1.2899	-1.16459	-2.54018	1.98319	-5.88489
1.6674	-1.33217	-1.13073	-2.34294	1.92657	-5.88489
1.68616	-1.37403	-1.09528	-2.11944	1.85229	-5.88489
1.70867	-1.41867	-1.05463	-1.84676	1.7598	-5.88489
1.73346	-1.46075	-1.01219	-1.54878	1.66674	-5.88489
1.75853	-1.49587	-0.971412	-1.25437	1.58925	-5.88489
1.7837	-1.52382	-0.932187	-0.966706	1.52981	-5.88489
1.81072	-1.54585	-0.891518	-0.665792	1.48429	-5.88489
1.84061	-1.56086	-0.847693	-0.339456	1.4504	-5.88489
1.87437	-1.56616	-0.799198	0.0248231	1.42354	-5.88489
1.91072	-1.55814	-0.747944	0.416822	1.3949	-5.88489
1.94979	-1.53356	-0.694288	0.842872	1.34711	-5.88489
1.98661	-1.49501	-0.646017	1.25276	1.26863	-5.88489
2.01881	-1.44877	-0.606796	1.6208	1.15976	-5.88489
2.04733	-1.39779	-0.575578	1.95618	1.02229	-5.88489
2.07262	-1.34446	-0.551675	2.26289	0.861387	-5.88489
2.09501	-1.29068	-0.534316	2.54341	0.683866	-5.88489
2.11476	-1.23793	-0.522604	2.79957	0.497012	-5.88489
2.13213	-1.18729	-0.51558	3.03263	0.307859	-5.88489
2.1473	-1.1397	-0.512288	3.24285	0.123233	-5.88489
2.16029	-1.09636	-0.511792	3.42817	-0.0490082	-5.88489
2.17214	-1.05471	-0.513356	3.60123	-0.216513	-5.88489
2.18404	-1.01081	-0.516975	3.77835	-0.393105	-5.88489
2.19693	-0.960866	-0.523311	3.97269	-0.590858	-5.88489
2.21103	-0.903352	-0.533181	4.18508	-0.808649	-5.88489
2.22821	-0.829274	-0.549276	4.43508	-1.06064	-5.88489
2.24006	-0.775746	-0.562773	4.59402	-1.21237	-5.88489
2.25247	-0.717797	-0.57864	4.74013	-1.33781	-5.88489
2.26391	-0.662958	-0.594399	4.84923	-1.41153	-5.88489
2.27515	-0.607962	-0.610456	4.92712	-1.43577	-5.88489
2.2871	-0.548779	-0.627475	4.9743	-1.40305	-5.88489
2.3011	-0.479025	-0.6464	4.98271	-1.28714	-5.88489
2.31255	-0.42208	-0.660319	4.95558	-1.13532	-5.88489
2.32404	-0.36541	-0.672281	4.90307	-0.939928	-5.88489
2.33543	-0.30996	-0.68172	4.83176	-0.712914	-5.88489
2.34725	-0.253353	-0.688624	4.74304	-0.45158	-5.88489
2.36	-0.193581	-0.692476	4.63591	-0.150144	-5.88489
2.37456	-0.127009	-0.69206	4.50394	0.209055	-5.88489
2.39102	-0.054194	-0.685221	4.34671	0.622951	-5.88489
2.40752	0.0162065	-0.671504	4.182	1.03864	-5.88489
2.42449	0.0856749	-0.650291	4.00514	1.46048	-5.88489
2.44257	0.156326	-0.619889	3.80641	1.89964	-5.88489
2.46175	0.227201	-0.579105	3.58127	2.35032	-5.88489
2.48183	0.296583	-0.527335	3.32641	2.80309	-5.88489
2.50255	0.362557	-0.464624	3.03978	3.24863	-5.88489
2.52364	0.423363	-0.391506	2.72071	3.68031	-5.88489
2.5449	0.477532	-0.308817	2.37007	4.09516	-5.88489
2.5661	0.523808	-0.217777	1.99152	4.49264	-5.88489
2.58646	0.560438	-0.122495	1.60213	4.86436	-5.88489
2.60569	0.587547	-0.0256185	1.21447	5.21054	-5.88489
2.62117	0.603861	0.0571819	0.892345	5.48704	-5.88489
2.63687	0.615281	0.145503	0.562579	5.76358	-5.88489
2.65164	0.621328	0.232507	0.25812	6.01418	-5.88489
2.66327	0.622993	0.303561	0.0304702	6.19753	-5.88489
2.67166	0.622601	0.356035	-0.122001	6.31687	-5.88489
2.68063	0.62083	0.413198	-0.26977	6.42758	-5.88489
2.68903	0.618046	0.467553	-0.389775	6.51071	-5.88489
2.69768	0.614218	0.524181	-0.490898	6.57092	-5.88489
2.70675	0.609388	0.583963	-0.568925	6.60217	-5.88489
2.71673	0.603427	0.649855	-0.619245	6.59587	-5.88489
2.72712	0.596896	0.718116	-0.63221	6.54417	-5.88489
2.73669	0.59092	0.780381	-0.611463	6.45923	-5.88489
2.74636	0.585221	0.842286	-0.563573	6.34313	-5.88489
2.7559	0.580153	0.902178	-0.495495	6.20555	-5.88489
2.76575	0.575687	0.962493	-0.409786	6.04705	-5.88489
2.77625	0.571912	1.02509	-0.307377	5.86674	-5.88489
2.78794	0.569019	1.09246	-0.187072	5.66035	-5.88489
2.80217	0.567408	1.17124	-0.0397052	5.40949	-5.88489
2.81491	0.567719	1.23872	0.0874869	5.19075	-5.88489
2.82815	0.569709	1.30598	0.211531	4.972	-5.88489
2.84129	0.573244	1.36996	0.324552	4.76459	-5.88489
2.85611	0.578915	1.43888	0.438605	4.5427	-5.88489
2.87272	0.587149	1.51241	0.549208	4.30799	-5.88489
2.89133	0.598356	1.59026	0.651459	4.06133	-5.88489
2.91214	0.612875	1.67205	0.739726	3.80334	-5.88489
2.93534	0.630886	1.75714	0.807628	3.5346	-5.88489
2.96117	0.652348	1.84479	0.848259	3.2555	-5.88489
2.98999	0.676971	1.93437	0.854255	2.96547	-5.88489
3.02256	0.704302	2.02593	0.816853	2.66098	-5.88489
3.05762	0.731571	2.11384	0.731364	2.35708	-5.88489
3.09393	0.755884	2.19406	0.601252	2.06473	-5.88489
3.13215	0.775637	2.26741	0.426841	1.7771	-5.88489
3.17279	0.788634	2.3337	0.207637	1.48755	-5.88489
3.21192	0.792199	2.38661	-0.029088	1.21734	-5.88489
3.249	0.786679	2.42702	-0.27114	0.961609	-5.88489
3.28286	0.773591	2.45555	-0.503468	0.721767	-5.88489
3.32035	0.749753	2.47741	-0.769541	0.441592	-5.88489
3.35905	0.71456	2.48852	-1.04974	0.12785	-5.88489
3.3974	0.668954	2.48696	-1.32798	-0.215692	-5.88489
3.43495	0.614045	2.47196	-1.59482	-0.589721	-5.88489
3.4719	0.550458	2.44276	-1.84414	-0.997543	-5.88489
3.50878	0.478197	2.39785	-2.06963	-1.44386	-5.88489
3.54335	0.403475	2.34026	-2.24795	-1.89375	-5.88489
3.57604	0.327766	2.27107	-2.37493	-2.34055	-5.88489
3.6077	0.251296	2.18998	-2.44686	-2.78366	-5.88489
3.63882	0.174825	2.09656	-2.4567	-3.21912	-5.88489
3.66603	0.108527	2.00388	-2.40715	-3.59153	-5.88489
3.6899	0.0520727	1.91434	-2.31374	-3.90688	-5.88489
3.711	0.00450358	1.82909	-2.18969	-4.17416	-5.88489
3.72883	-0.0333702	1.75271	-2.05329	-4.39122	-5.88489
3.74687	-0.0689499	1.67155	-1.88539	-4.60301	-5.88489
3.76623	-0.103428	1.58033	-1.67173	-4.82309	-5.88489
3.78768	-0.136397	1.47427	-1.39439	-5.06253	-5.88489
3.81122	-0.165161	1.35202	-1.04133	-5.32798	-5.88489
3.83387	-0.184437	1.2283	-0.652468	-5.59878	-5.88489
3.85254	-0.193325	1.12155	-0.293959	-5.84545	-5.88489
3.8682	-0.195382	1.02822	0.0359229	-6.07872	-5.88489
3.88094	-0.193097	0.949422	0.326124	-6.29316	-5.88489
3.89416	-0.186671	0.864608	0.650405	-6.54597	-5.88489
3.90743	-0.175733	0.775844	1.00277	-6.83862	-5.88489
3.92036	-0.160387	0.685295	1.37482	-7.16906	-5.88489
3.93259	-0.141284	0.595473	1.75351	-7.52797	-5.88489
3.9441	-0.11894	0.506662	2.13114	-7.90747	-5.88489
3.95396	-0.0962947	0.426994	2.46336	-8.25787	-5.88489
3.9639	-0.0701651	0.343123	2.79164	-8.61803	-5.88489
3.97295	-0.043646	0.263722	3.06326	-8.92575	-5.88489
3.98066	-0.0192746	0.194047	3.2528	-9.14565	-5.88489
3.98637	-0.00038101	0.141436	3.35614	-9.26768	-5.88489
3.99088	0.0148946	0.0994595	3.40994	-9.33226	-5.88489
3.9956	0.0310424	0.05538	3.43671	-9.36556	-5.88489
4.00048	0.0478433	0.00958994	3.43111	-9.36111	-5.88489
4.00573	0.0657535	-0.0394326	3.38761	-9.31261	-5.88489
4.01104	0.0835189	-0.0885906	3.3071	-9.22138	-5.88489
4.01713	0.103288	-0.144345	3.17576	-9.07272	-5.88489
4.0244	0.125693	-0.209566	2.97728	-8.85043	-5.88489
4.03223	0.148043	-0.277776	2.73082	-8.5796	-5.88489
4.04102	0.170757	-0.351819	2.43367	-8.26202	-5.88489
4.05091	0.193143	-0.431782	2.09403	-7.9125	-5.88489
4.06141	0.213277	-0.513052	1.74191	-7.56695	-5.88489
4.07336	0.231783	-0.601257	1.36188	-7.2148	-5.88489
4.0856	0.246208	-0.687652	0.997652	-6.89851	-5.88489
4.09852	0.256762	-0.774849	0.640953	-6.60894	-5.88489
4.11226	0.263123	-0.863762	0.2897	-6.34218	-5.88489
4.12666	0.26481	-0.953324	-0.0510557	-6.09848	-5.88489
4.14117	0.261735	-1.04019	-0.368906	-5.88124	-5.88489
4.15527	0.25449	-1.12172	-0.65564	-5.68984	-5.88489
4.17192	0.240929	-1.21471	-0.968336	-5.48049	-5.88489
4.19065	0.219746	-1.31527	-1.28779	-5.25741	-5.88489
4.2111	0.190171	-1.42033	-1.59824	-5.01893	-5.88489
4.23293	0.152068	-1.52708	-1.88539	-4.76092	-5.88489
4.25585	0.105864	-1.63301	-2.13722	-4.47876	-5.88489
4.27881	0.0543873	-1.73245	-2.33809	-4.18027	-5.88489
4.30034	0.00244353	-1.81929	-2.48026	-3.88476	-5.88489
4.31799	-0.0421302	-1.88566	-2.56454	-3.63172	-5.88489
4.33571	-0.0881185	-1.9477	-2.62126	-3.36944	-5.88489
4.35594	-0.141523	-2.01276	-2.65406	-3.06228	-5.88489
4.37913	-0.203133	-2.07962	-2.65362	-2.704	-5.88489
4.40578	-0.273375	-2.14618	-2.60941	-2.29056	-5.88489
4.43649	-0.352095	-2.20928	-2.51092	-1.82195	-5.88489
4.46722	-0.427219	-2.25828	-2.37321	-1.3708	-5.88489
4.49821	-0.498246	-2.29404	-2.20602	-0.941532	-5.88489
4.52996	-0.565297	-2.31736	-2.01545	-0.533697	-5.88489
4.56304	-0.628517	-2.32849	-1.80492	-0.145129	-5.88489
4.59838	-0.688241	-2.32688	-1.57449	0.229698	-5.88489
4.63637	-0.743348	-2.31117	-1.32742	0.590437	-5.88489
4.67496	-0.789819	-2.28194	-1.08272	0.919252	-5.88489
4.71468	-0.828005	-2.23921	-0.841973	1.22748	-5.88489
4.75598	-0.857882	-2.1823	-0.608166	1.52623	-5.88489
4.79894	-0.879181	-2.11027	-0.387659	1.82601	-5.88489
4.84302	-0.891823	-2.023	-0.191638	2.13498	-5.88489
4.8873	-0.896636	-1.92134	-0.0327475	2.45991	-5.88489
4.91631	-0.896381	-1.84673	0.0468685	2.68656	-5.88489
4.94009	-0.894653	-1.78052	0.0959081	2.88311	-5.88489
4.9629	-0.892068	-1.7125	0.128286	3.08218	-5.88489
4.98607	-0.88886	-1.63865	0.146088	3.2957	-5.88489
5.00721	-0.885716	-1.56683	0.14943	3.50055	-5.88489
5.02679	-0.882842	-1.49638	0.142731	3.69784	-5.88489
5.04551	-0.880285	-1.42535	0.12964	3.89132	-5.88489
5.06479	-0.877945	-1.3484	0.112995	4.0917	-5.88489
5.07757	-0.876567	-1.29525	0.102913	4.22228	-5.88489
5.09027	-0.875307	-1.24081	0.0962233	4.34732	-5.88489
5.10172	-0.874217	-1.19045	0.0952838	4.45337	-5.88489
5.11328	-0.873087	-1.13838	0.101614	4.5514	-5.88489
5.12402	-0.871925	-1.08904	0.116226	4.63171	-5.88489
5.13463	-0.870571	-1.03955	0.140886	4.69841	-5.88489
5.14554	-0.868841	-0.988005	0.178701	4.75174	-5.88489
5.15725	-0.866433	-0.932078	0.235131	4.78967	-5.88489
5.17076	-0.862698	-0.867253	0.321934	4.80658	-5.88489
5.18546	-0.857107	-0.796656	0.443331	4.79167	-5.88489
5.20142	-0.84878	-0.720561	0.605047	4.73785	-5.88489
5.21629	-0.838504	-0.650658	0.78022	4.65604	-5.88489
5.2319	-0.824759	-0.578855	0.984368	4.54226	-5.88489
5.24933	-0.805475	-0.500979	1.23058	4.3873	-5.88489
5.27085	-0.775574	-0.408928	1.55097	4.16363	-5.88489
5.29277	-0.737918	-0.320448	1.8859	3.90582	-5.88489
5.31483	-0.692567	-0.237363	2.22361	3.61968	-5.88489
5.33578	-0.642672	-0.164589	2.53922	3.32512	-5.88489
5.35609	-0.588068	-0.100141	2.83721	3.0191	-5.88489
5.37589	-0.52908	-0.0434571	3.11807	2.70242	-5.88489
5.39521	-0.466281	0.00564326	3.38112	2.37832	-5.88489
5.41034	-0.413646	0.039638	3.57848	2.11651	-5.88489
5.42576	-0.356943	0.0702003	3.77097	1.84518	-5.88489
5.44197	-0.294277	0.0977853	3.9619	1.56013	-5.88489
5.45905	-0.224989	0.121913	4.14782	1.26682	-5.88489
5.47727	-0.147747	0.142288	4.3237	0.973684	-5.88489
5.49392	-0.0745948	0.156481	4.45764	0.737153	-5.88489
5.50781	-0.0120615	0.165539	4.54437	0.573252	-5.88489
5.52205	0.0531269	0.172742	4.60477	0.445832	-5.88489
5.53508	0.113297	0.178019	4.63118	0.371678	-5.88489
5.54801	0.173223	0.182586	4.62803	0.341795	-5.88489
5.56082	0.232323	0.187009	4.59563	0.35602	-5.88489
5.57219	0.284292	0.191297	4.54339	0.403602	-5.88489
5.58365	0.335947	0.196341	4.47024	0.481647	-5.88489
5.59505	0.386402	0.202399	4.37947	0.585085	-5.88489
5.60703	0.438217	0.210174	4.26769	0.716294	-5.88489
5.62015	0.493326	0.220627	4.12966	0.879885	-5.88489
5.6353	0.554587	0.235502	3.95469	1.08593	-5.88489
5.65535	0.631413	0.260136	3.70489	1.37246	-5.88489
5.67414	0.698698	0.288456	3.45826	1.64254	-5.88489
5.69291	0.761258	0.321784	3.20361	1.90527	-5.88489
5.71159	0.818667	0.359703	2.94484	2.15397	-5.88489
5.73073	0.87248	0.403262	2.67535	2.3929	-5.88489
5.75055	0.922718	0.452992	2.39322	2.62159	-5.88489
5.77113	0.968923	0.509195	2.09822	2.83864	-5.88489
5.79248	1.01045	0.572019	1.7912	3.04272	-5.88489
5.81462	1.04659	0.641528	1.47393	3.23275	-5.88489
5.8376	1.0767	0.717857	1.14878	3.40777	-5.88489
5.86163	1.10031	0.801715	0.8177	3.56649	-5.88489
5.88757	1.11707	0.896139	0.478155	3.70664	-5.88489
5.90694	1.12402	0.968735	0.242914	3.78577	-5.88489
5.92385	1.12651	1.03319	0.0546265	3.83311	-5.88489
5.93848	1.12622	1.08943	-0.0928108	3.8551	-5.88489
5.95328	1.12384	1.14654	-0.225733	3.85758	-5.88489
5.9687	1.11941	1.2059	-0.345871	3.83795	-5.88489
5.98867	1.11117	1.28201	-0.473964	3.77926	-5.88489
6.00674	1.10174	1.34961	-0.565737	3.6966	-5.88489
6.02516	1.09062	1.41672	-0.63992	3.58859	-5.88489
6.0434	1.07838	1.48107	-0.699261	3.46367	-5.88489
6.0627	1.06436	1.54654	-0.752187	3.31833	-5.88489
6.08405	1.04773	1.61559	-0.804865	3.14819	-5.88489
6.10891	1.02699	1.69131	-0.864966	2.9445	-5.88489
6.14042	0.998461	1.78	-0.94704	2.6843	-5.88489
6.18255	0.955937	1.88578	-1.07571	2.33728	-5.88489
6.22921	0.901844	1.98582	-1.24804	1.94889	-5.88489
6.27676	0.837707	2.06873	-1.45508	1.53424	-5.88489
6.31872	0.772398	2.12491	-1.66102	1.13742	-5.88489
6.36119	0.697108	2.16394	-1.88693	0.692198	-5.88489
6.40072	0.618186	2.1823	-2.10686	0.227799	-5.88489
6.43209	0.549329	2.18315	-2.28214	-0.179813	-5.88489
6.45964	0.484399	2.17292	-2.43118	-0.567303	-5.88489
6.48766	0.414267	2.15118	-2.57197	-0.988852	-5.88489
6.51581	0.34009	2.11709	-2.69477	-1.43673	-5.88489
6.54414	0.262315	2.06977	-2.79018	-1.90635	-5.88489
6.57262	0.181938	2.00862	-2.84684	-2.38895	-5.88489
6.6014	0.0997825	1.93283	-2.85247	-2.87659	-5.88489
6.62644	0.0288394	1.85559	-2.80625	-3.29151	-5.88489
6.64685	-0.0277217	1.78504	-2.72845	-3.61799	-5.88489
6.66775	-0.0835589	1.70607	-2.60827	-3.93738	-5.88489
6.68721	-0.132923	1.62666	-2.45759	-4.21931	-5.88489
6.70811	-0.182227	1.53546	-2.25315	-4.50458	-5.88489
6.73032	-0.229407	1.43223	-1.98736	-4.78938	-5.88489
6.754	-0.272575	1.31539	-1.64973	-5.07731	-5.88489
6.77759	-0.306988	1.19231	-1.25894	-5.35784	-5.88489
6.80036	-0.330876	1.06716	-0.830614	-5.63681	-5.88489
6.81955	-0.343029	0.956566	-0.429475	-5.89218	-5.88489
6.83578	-0.347036	0.859012	-0.0593144	-6.13426	-5.88489
6.84863	-0.345794	0.778839	0.25602	-6.35074	-5.88489
6.86205	-0.34002	0.69194	0.609048	-6.60807	-5.88489
6.87491	-0.329877	0.605184	0.9729	-6.89245	-5.88489
6.88754	-0.31519	0.516134	1.35714	-7.21527	-5.88489
6.89956	-0.296554	0.427348	1.74815	-7.56754	-5.88489
6.91093	-0.274474	0.339202	2.13786	-7.94132	-5.88489
6.92197	-0.248723	0.249341	2.52472	-8.33264	-5.88489
6.93333	-0.217857	0.152429	2.90732	-8.73663	-5.88489
6.94141	-0.193367	0.0807522	3.14735	-8.99676	-5.88489
6.94981	-0.166043	0.00418126	3.34286	-9.21025	-5.88488
6.95556	-0.146553	-0.049056	3.43195	-9.30603	-5.88488
6.96158	-0.125733	-0.105232	3.47834	-9.35199	-5.88488
6.96757	-0.10489	-0.16123	3.47339	-9.33796	-5.88488
6.97395	-0.0828931	-0.220587	3.41323	-9.25894	-5.88488
6.9805	-0.0608894	-0.280784	3.29931	-9.11788	-5.88488
6.98737	-0.0387725	-0.342749	3.13488	-8.92014	-5.88488
6.99502	-0.0156029	-0.410052	2.91433	-8.66154	-5.88488
7.0025	0.00532912	-0.473869	2.67689	-8.39043	-5.88488
7.01001	0.0244872	-0.535782	2.43013	-8.11654	-5.88488
7.01677	0.0401639	-0.589843	2.20749	-7.87652	-5.88488
7.02457	0.056395	-0.65024	1.95581	-7.61371	-5.88488
7.03361	0.0727985	-0.717781	1.6752	-7.33196	-5.88488
7.04437	0.0891055	-0.795005	1.3598	-7.03017	-5.88488
7.05698	0.104066	-0.881709	1.01607	-6.71987	-5.88488
7.07053	0.115498	-0.970749	0.676494	-6.43237	-5.88488
7.08505	0.122863	-1.0622	0.342575	-6.16718	-5.88488
7.10036	0.125603	-1.15468	0.0202469	-5.92553	-5.88488
7.11584	0.123568	-1.24475	-0.278842	-5.71081	-5.88488
7.13028	0.117667	-1.32585	-0.53545	-5.53056	-5.88488
7.14706	0.10635	-1.41702	-0.808966	-5.33785	-5.88488
7.16595	0.088394	-1.51593	-1.08659	-5.13466	-5.88488
7.18659	0.0631377	-1.61971	-1.3543	-4.92097	-5.88488
7.20868	0.0304278	-1.72592	-1.60007	-4.69412	-5.88488
7.22828	-0.00276781	-1.8159	-1.78291	-4.48981	-5.88488
7.24555	-0.0347542	-1.89185	-1.91682	-4.3051	-5.88488
7.26293	-0.0690611	-1.96503	-2.0261	-4.11387	-5.88488
7.28245	-0.109567	-2.04319	-2.11898	-3.89249	-5.88488
7.30406	-0.156142	-2.12457	-2.18637	-3.63986	-5.88488
7.32776	-0.20844	-2.20748	-2.22001	-3.35542	-5.88488
7.35384	-0.266336	-2.29085	-2.21245	-3.03708	-5.88488
7.38292	-0.329956	-2.37398	-2.15542	-2.681	-5.88488
7.4159	-0.399253	-2.45581	-2.03849	-2.28335	-5.88488
7.44969	-0.465452	-2.52629	-1.87254	-1.89063	-5.88488
7.48481	-0.52762	-2.58584	-1.66253	-1.50485	-5.88488
7.52221	-0.585129	-2.63488	-1.40866	-1.12309	-5.88488
7.56246	-0.635925	-2.67239	-1.11224	-0.746375	-5.88488
7.60157	-0.673553	-2.69493	-0.810373	-0.411069	-5.88488
7.6403	-0.699034	-2.70482	-0.504793	-0.102811	-5.88488
7.6724	-0.711153	-2.70419	-0.250301	0.140255	-5.88488
7.70488	-0.715121	-2.69573	0.00547044	0.380071	-5.88488
7.73724	-0.710875	-2.67959	0.25605	0.618083	-5.88488
7.76824	-0.699298	-2.65685	0.489609	0.849848	-5.88488
7.80281	-0.678016	-2.62287	0.739227	1.11761	-5.88488
7.83916	-0.646629	-2.57691	0.98445	1.41445	-5.88488
7.87637	-0.605697	-2.51831	1.21056	1.73843	-5.88488
7.91447	-0.555707	-2.44541	1.40693	2.09291	-5.88488
7.95392	-0.49697	-2.3552	1.56106	2.48333	-5.88488
7.99016	-0.438675	-2.25845	1.64647	2.85946	-5.88488
8.02431	-0.381921	-2.15458	1.66685	3.22515	-5.88488
8.05721	-0.327625	-2.04256	1.62193	3.5842	-5.88488
8.08808	-0.279047	-1.92668	1.51487	3.92532	-5.88488
8.1165	-0.238112	-1.81059	1.35547	4.24428	-5.88488
8.14311	-0.204655	-1.69359	1.14955	4.55115	-5.88488
8.16816	-0.178848	-1.57585	0.902519	4.85404	-5.88488
8.19156	-0.160913	-1.45873	0.62174	5.15879	-5.88488
8.21038	-0.151636	-1.35914	0.358127	5.4277	-5.88488
8.22645	-0.147886	-1.26995	0.104076	5.68116	-5.88488
8.23953	-0.147997	-1.19417	-0.124318	5.90891	-5.88488
8.25309	-0.15141	-1.11232	-0.383049	6.17011	-5.88488
8.26542	-0.157694	-1.03461	-0.639154	6.43426	-5.88488
8.27787	-0.167367	-0.952692	-0.918151	6.73007	-5.88488
8.29008	-0.180342	-0.868614	-1.21052	7.05027	-5.88488
8.302	-0.196544	-0.782579	-1.50952	7.38938	-5.88488
8.31402	-0.216532	-0.691574	-1.8139	7.74763	-5.88488
8.32579	-0.239545	-0.598399	-2.09386	8.09075	-5.88488
8.33436	-0.258271	-0.528049	-2.26849	8.31415	-5.88488
8.34329	-0.279168	-0.452971	-2.4046	8.4987	-5.88488
8.35154	-0.299339	-0.38234	-2.47327	8.60582	-5.88488
8.3599	-0.320074	-0.310207	-2.47566	8.63787	-5.88488
8.36862	-0.341395	-0.235067	-2.4029	8.5853	-5.88488
8.37731	-0.361702	-0.160986	-2.26072	8.45444	-5.88488
8.38548	-0.379461	-0.0925603	-2.07633	8.27648	-5.88488
8.39369	-0.395612	-0.0255219	-1.8568	8.06333	-5.88488
8.40253	-0.410894	0.0446854	-1.59687	7.81398	-5.88488
8.41174	-0.424307	0.11544	-1.31434	7.54932	-5.88488
8.42123	-0.435385	0.185793	-1.02144	7.28347	-5.88488
8.43228	-0.444816	0.264672	-0.686546	6.99095	-5.88488
8.44459	-0.451043	0.348851	-0.327963	6.69122	-5.88488
8.45675	-0.452965	0.428546	0.00867366	6.42134	-5.88488
8.46872	-0.450967	0.503925	0.32243	6.17782	-5.88488
8.47996	-0.445757	0.572189	0.601647	5.96528	-5.88488
8.49361	-0.435346	0.651916	0.920935	5.72338	-5.88488
8.50947	-0.417967	0.740554	1.26622	5.45696	-5.88488
8.52739	-0.392021	0.835718	1.62404	5.16552	-5.88488
8.54708	-0.356481	0.934311	1.9784	4.84642	-5.88488
8.56818	-0.311123	1.0329	2.31302	4.49595	-5.88488
8.59034	-0.256428	1.12831	2.61431	4.11046	-5.88488
8.61333	-0.193255	1.21798	2.8732	3.68727	-5.88488
8.63685	-0.123106	1.29935	3.08377	3.22897	-5.88488
8.65974	-0.0506254	1.36796	3.23993	2.76073	-5.88488
8.68211	0.023144	1.42442	3.35128	2.28698	-5.88488
8.7038	0.096724	1.46896	3.4265	1.817	-5.88488
8.72642	0.174843	1.50445	3.47772	1.32173	-5.88488
8.75591	0.278025	1.5339	3.51567	0.67566	-5.88488
8.78825	0.392125	1.54439	3.53865	-0.0251364	-5.88488
8.81623	0.491399	1.53531	3.55852	-0.621955	-5.88488
8.84102	0.579908	1.51342	3.58596	-1.14381	-5.88488
8.86702	0.673692	1.47663	3.63112	-1.68536	-5.88488
8.89072	0.760407	1.4309	3.68772	-2.17118	-5.88488
8.91424	0.847888	1.37433	3.75062	-2.63363	-5.88488
8.93035	0.908598	1.32954	3.78659	-2.92404	-5.88488
8.9451	0.964628	1.28463	3.80253	-3.15547	-5.88488
8.9602	1.02197	1.23552	3.78859	-3.34025	-5.88488
8.97437	1.07535	1.18731	3.736	-3.45096	-5.88488
8.98942	1.13083	1.13497	3.63054	-3.49291	-5.88488
9.00311	1.17961	1.08729	3.49067	-3.46584	-5.88488
9.01719	1.22755	1.03898	3.31047	-3.38539	-5.88488
9.03078	1.27119	0.993722	3.11248	-3.27373	-5.88488
9.04535	1.31492	0.947006	2.8857	-3.1351	-5.88488
9.06265	1.36247	0.894232	2.61085	-2.96607	-5.88488
9.08464	1.41609	0.831233	2.26795	-2.76794	-5.88488
9.10577	1.46065	0.774507	1.95313	-2.60789	-5.88488
9.12737	1.4995	0.719648	1.64737	-2.47782	-5.88488
9.15134	1.5351	0.661599	1.32447	-2.37	-5.88488
9.17928	1.56704	0.596672	0.964799	-2.28474	-5.88488
9.21419	1.59311	0.518116	0.531143	-2.22317	-5.88488
9.25348	1.60456	0.431499	0.0527871	-2.18956	-5.88488
9.29766	1.59507	0.335321	-0.482597	-2.1638	-5.88488
9.33443	1.56911	0.256369	-0.929548	-2.12578	-5.88488
9.37227	1.52523	0.177271	-1.38987	-2.04646	-5.88488
9.40712	1.46944	0.108017	-1.81143	-1.91734	-5.88488
9.44043	1.40245	0.0471163	-2.20931	-1.72708	-5.88488
9.46731	1.3388	0.0034016	-2.52568	-1.51612	-5.88488
9.48994	1.27867	-0.0284655	-2.78909	-1.29345	-5.88488
9.51274	1.21207	-0.0549678	-3.05341	-1.02336	-5.88488
9.53762	1.13248	-0.0761861	-3.3442	-0.671784	-5.88488
9.55846	1.06018	-0.0866855	-3.59428	-0.327733	-5.88488
9.57625	0.994272	-0.0896134	-3.81688	0.00481071	-5.88488
9.59041	0.938914	-0.0875046	-4.00336	0.297314	-5.88488
9.60515	0.878409	-0.0807071	-4.20952	0.630132	-5.88488
9.62017	0.813517	-0.0684986	-4.43604	1.00142	-5.88488
9.63504	0.74578	-0.0506686	-4.68057	1.40311	-5.88488
9.64926	0.677403	-0.0277813	-4.93647	1.81986	-5.88488
9.65936	0.6266	-0.00784158	-5.13152	2.13323	-5.88488
9.66769	0.583128	0.0110499	-5.30016	2.40057	-5.88488
9.67632	0.536594	0.0329879	-5.47999	2.68157	-5.88488
9.68446	0.491318	0.0558752	-5.65087	2.94437	-5.88488
9.69316	0.441359	0.0826841	-5.82937	3.21388	-5.88488
9.70264	0.385268	0.114413	-6.00836	3.4776	-5.88488
9.71274	0.323718	0.150744	-6.16546	3.70006	-5.88488
9.7219	0.266792	0.185256	-6.26203	3.82566	-5.88488
9.73046	0.21298	0.218219	-6.30268	3.86233	-5.88488
9.7386	0.16168	0.249537	-6.29338	3.81953	-5.88488
9.74686	0.109885	0.280655	-6.23872	3.7023	-5.88488
9.75572	0.0550448	0.312628	-6.13805	3.5065	-5.88488
9.76469	0.000518121	0.343004	-6.00406	3.25241	-5.88488
9.77411	-0.0552689	0.372213	-5.84307	2.9469	-5.88488
9.78413	-0.112924	0.400013	-5.66216	2.59847	-5.88488
9.79488	-0.172735	0.425888	-5.46844	2.21611	-5.88488
9.80699	-0.237672	0.45013	-5.25911	1.78948	-5.88488
9.82111	-0.310312	0.471981	-5.03221	1.30904	-5.88488
9.83544	-0.380902	0.487392	-4.82146	0.845801	-5.88488
9.8502	-0.450565	0.49652	-4.6223	0.395715	-5.88488
9.86544	-0.519526	0.499186	-4.4313	-0.0412478	-5.88488
9.88072	-0.585875	0.495376	-4.24982	-0.452803	-5.88488
9.89535	-0.646779	0.486025	-4.08162	-0.822466	-5.88488
9.91266	-0.71576	0.468197	-3.88438	-1.23117	-5.88488
9.93212	-0.789157	0.440073	-3.65983	-1.65351	-5.88488
9.95322	-0.863749	0.40072	-3.40688	-2.06834	-5.88488
9.97556	-0.936709	0.350071	-3.12362	-2.45899	-5.88488
9.99885	-1.00583	0.288548	-2.80785	-2.81508	-5.88488
10.023	-1.06946	0.216626	-2.45722	-3.13239	-5.88488
10.0481	-1.12624	0.134501	-2.06899	-3.41207	-5.88488
10.0734	-1.17344	0.0449416	-1.65364	-3.6526	-5.88488
10.0984	-1.20939	-0.0488669	-1.22424	-3.86007	-5.88488
10.1222	-1.23352	-0.143114	-0.797034	-4.0438	-5.88488
10.1472	-1.24766	-0.246492	-0.332067	-4.23644	-5.88488
10.1669	-1.25048	-0.331643	0.0488429	-4.40013	-5.88488
10.1826	-1.24725	-0.401972	0.36239	-4.54462	-5.88488
10.1992	-1.23845	-0.478634	0.703009	-4.71544	-5.88488
10.2155	-1.22421	-0.556884	1.04846	-4.90574	-5.88488
10.2315	-1.20467	-0.636985	1.39694	-5.11544	-5.88488
10.2473	-1.17983	-0.719605	1.74475	-5.34003	-5.88488
10.2642	-1.14726	-0.811925	2.10588	-5.58202	-5.88488
10.276	-1.12102	-0.878711	2.33703	-5.73349	-5.88488
10.2875	-1.09289	-0.94559	2.53201	-5.84843	-5.88488
10.2991	-1.06269	-1.01364	2.6833	-5.91251	-5.88488
10.3106	-1.0311	-1.08194	2.78072	-5.9118	-5.88488
10.3243	-0.992598	-1.16248	2.82409	-5.82199	-5.88488
10.3359	-0.959998	-1.22903	2.80718	-5.68013	-5.88488
10.3476	-0.927492	-1.29431	2.75372	-5.49216	-5.88488
10.3597	-0.894695	-1.35932	2.6748	-5.26927	-5.88488
10.3732	-0.859075	-1.42904	2.57345	-5.00417	-5.88488
10.3902	-0.816531	-1.51106	2.44657	-4.67359	-5.88488
10.4116	-0.765729	-1.60681	2.30516	-4.27849	-5.88488
10.4324	-0.718918	-1.69215	2.19666	-3.92533	-5.88488
10.4546	-0.671125	-1.77542	2.11395	-3.57992	-5.88488
10.4799	-0.618496	-1.86124	2.05829	-3.21706	-5.88488
10.5099	-0.557104	-1.9517	2.03913	-2.81263	-5.88488
10.5469	-0.481086	-2.04693	2.07562	-2.32997	-5.88488
10.5853	-0.399873	-2.12657	2.17241	-1.82412	-5.88488
10.6257	-0.309071	-2.18905	2.32811	-1.25988	-5.88488
10.664	-0.216327	-2.22641	2.51467	-0.681028	-5.88488
10.6974	-0.12942	-2.24018	2.69607	-0.13846	-5.88488
10.7309	-0.0358805	-2.23521	2.88242	0.439678	-5.88488
10.7613	0.0542736	-2.21358	3.04123	0.984209	-5.88488
10.7915	0.148056	-2.17568	3.17474	1.53037	-5.88488
10.8257	0.258732	-2.11277	3.27963	2.14005	-5.88488
10.8608	0.374489	-2.02735	3.31619	2.72922	-5.88488
10.8926	0.479574	-1.93259	3.27296	3.21517	-5.88488
10.9237	0.579671	-1.82599	3.15112	3.62983	-5.88488
10.9547	0.674534	-1.70777	2.94609	3.97437	-5.88488
10.986	0.762175	-1.57928	2.65539	4.24521	-5.88488
11.0164	0.83767	-1.44702	2.29463	4.43665	-5.88488
11.0459	0.899488	-1.31394	1.87945	4.56094	-5.88488
11.0757	0.948524	-1.17697	1.40838	4.63837	-5.88488
11.1066	0.983936	-1.03273	0.876346	4.68937	-5.88488
11.1393	1.00293	-0.878471	0.279434	4.74113	-5.88488
11.173	1.00161	-0.71772	-0.362279	4.83126	-5.88488
11.2035	0.981314	-0.568156	-0.973721	4.9854	-5.88488
11.2265	0.95331	-0.451316	-1.46377	5.17541	-5.88488
11.2467	0.919108	-0.344399	-1.92673	5.41708	-5.88488
11.2648	0.880313	-0.244081	-2.37897	5.71236	-5.88488
11.2804	0.83974	-0.152156	-2.81258	6.04683	-5.88488
11.2938	0.799283	-0.0686902	-3.22379	6.40483	-5.88488
11.3059	0.757833	0.0111154	-3.63098	6.79214	-5.88488
11.3148	0.724446	0.0723634	-3.9491	7.11325	-5.88488
11.3242	0.685263	0.141663	-4.30734	7.49015	-5.88488
11.3331	0.645745	0.209401	-4.64365	7.85467	-5.88488
11.3418	0.603899	0.279357	-4.95795	8.20004	-5.88488
11.3496	0.564207	0.344456	-5.1996	8.4632	-5.88488
11.3576	0.522011	0.412691	-5.37819	8.64681	-5.88488
11.3651	0.481155	0.478096	-5.46124	8.71028	-5.88488
11.3726	0.440072	0.543447	-5.45126	8.65309	-5.88488
11.3801	0.399329	0.608045	-5.35465	8.48341	-5.88488
11.3878	0.359066	0.671838	-5.18827	8.22352	-5.88488
11.3954	0.3203	0.733345	-4.97844	7.90938	-5.88488
11.4038	0.279355	0.798524	-4.72256	7.5345	-5.88488
11.4143	0.231628	0.874917	-4.40217	7.07146	-5.88488
11.425	0.186203	0.948174	-4.09291	6.62817	-5.88488
11.4368	0.139658	1.02391	-3.78421	6.18745	-5.88488
11.4501	0.0914849	1.1031	-3.48127	5.75507	-5.88488
11.4651	0.0415597	1.18613	-3.18943	5.33671	-5.88488
11.4802	-0.00485422	1.26424	-2.93976	4.97517	-5.88488
11.4942	-0.0443395	1.33138	-2.74384	4.68702	-5.88488
11.5069	-0.0783854	1.38975	-2.58683	4.45148	-5.88488
11.5221	-0.116277	1.4552	-2.42468	4.2017	-5.88488
11.5395	-0.157069	1.52609	-2.26453	3.94513	-5.88488
11.5594	-0.200571	1.60198	-2.10969	3.68276	-5.88488
11.5821	-0.24682	1.68261	-1.96258	3.41314	-5.88488
11.6082	-0.296032	1.76772	-1.82514	3.13306	-5.88488
11.638	-0.348573	1.85681	-1.69863	2.83828	-5.88488
11.6723	-0.404763	1.94871	-1.58281	2.52606	-5.88488
11.7076	-0.458882	2.03266	-1.48312	2.23045	-5.88488
11.7416	-0.507668	2.10388	-1.39329	1.9741	-5.88488
11.7736	-0.550939	2.16372	-1.30292	1.76176	-5.88488
11.804	-0.589047	2.21455	-1.2048	1.5926	-5.88488
11.8332	-0.622681	2.25911	-1.09401	1.46196	-5.88488
11.862	-0.652352	2.29967	-0.967144	1.36493	-5.88488
11.8905	-0.67796	2.33763	-0.823322	1.29818	-5.88488
11.9197	-0.699634	2.37486	-0.659356	1.2576	-5.88488
11.9505	-0.717053	2.41323	-0.470481	1.24093	-5.88488
11.9844	-0.729254	2.45534	-0.247303	1.24833	-5.88488
12.0202	-0.733693	2.50061	0.00154064	1.2801	-5.88488
12.0476	-0.730986	2.5361	0.197155	1.31821	-5.88488
12.0761	-0.722406	2.57441	0.404754	1.36941	-5.88488
12.1062	-0.706904	2.61659	0.625682	1.43537	-5.88488
12.1386	-0.682756	2.66445	0.863938	1.52	-5.88488
12.1732	-0.64847	2.71886	1.11633	1.62624	-5.88488
12.2101	-0.602391	2.78124	1.38016	1.7582	-5.88488
12.2495	-0.54258	2.85369	1.65225	1.92115	-5.88488
12.2919	-0.466756	2.93914	1.92766	2.1214	-5.88488
12.3374	-0.372748	3.04115	2.19684	2.36483	-5.88488
12.3853	-0.26147	3.16119	2.43934	2.64928	-5.88488
12.4292	-0.150373	3.28359	2.61431	2.93087	-5.88488
12.4695	-0.0426711	3.40705	2.72618	3.20231	-5.88488
12.5068	0.0603537	3.5315	2.78068	3.46049	-5.88488
12.5411	0.155707	3.65401	2.78231	3.69722	-5.88488
12.5772	0.255353	3.79193	2.72638	3.93989	-5.88488
12.6151	0.356492	3.94589	2.59462	4.17633	-5.88488
12.6544	0.454293	4.11423	2.36894	4.38749	-5.88488
12.6849	0.522984	4.25011	2.12615	4.51933	-5.88488
12.716	0.584535	4.39253	1.81634	4.62136	-5.88488
12.745	0.632408	4.5277	1.47422	4.68864	-5.88488
12.7732	0.668732	4.66044	1.09852	4.73505	-5.88488
12.8012	0.693858	4.79374	0.688582	4.77398	-5.88488
12.8294	0.707089	4.92863	0.247781	4.82089	-5.88488
12.8571	0.70765	5.06308	-0.211279	4.89283	-5.88488
12.8828	0.696512	5.19007	-0.659605	5.00083	-5.88488
12.9078	0.674309	5.31697	-1.12192	5.16403	-5.88488
12.9343	0.63754	5.45744	-1.65487	5.42858	-5.88488
12.9554	0.597835	5.57479	-2.12412	5.73236	-5.88488
12.9727	0.557307	5.67702	-2.55685	6.06836	-5.88488
12.9875	0.516449	5.76946	-2.97163	6.43506	-5.88488
13.0005	0.475437	5.85516	-3.37788	6.83025	-5.88488
13.0121	0.433947	5.93677	-3.78281	7.2534	-5.88488
13.0239	0.386504	6.02557	-4.23622	7.7549	-5.88488
13.0347	0.338425	6.11198	-4.67381	8.26038	-5.88488
13.0455	0.285531	6.20409	-5.10316	8.77116	-5.88488
13.0529	0.246908	6.26997	-5.35928	9.08	-5.88488
13.0607	0.204419	6.34155	-5.5614	9.32271	-5.88488
13.0677	0.164679	6.40796	-5.65783	9.43295	-5.88488
13.0744	0.126723	6.47118	-5.65804	9.42064	-5.88488
13.0806	0.0922137	6.52868	-5.58111	9.31055	-5.88488
13.0866	0.0588007	6.58454	-5.44328	9.12331	-5.88488
13.0931	0.0243877	6.64243	-5.24689	8.86243	-5.88488
13.1003	-0.0128498	6.70568	-4.98701	8.52313	-5.88488
13.107	-0.045039	6.76104	-4.73482	8.19915	-5.88488
13.1136	-0.0758086	6.81472	-4.4788	7.87553	-5.88488
13.1211	-0.108165	6.87215	-4.20099	7.53084	-5.88488
13.1298	-0.143404	6.9361	-3.89472	7.15969	-5.88488
13.1405	-0.183017	7.01014	-3.55134	6.75656	-5.88488
13.153	-0.225325	7.09242	-3.18913	6.3493	-5.88488
13.1673	-0.268186	7.18018	-2.82723	5.965	-5.88488
13.1833	-0.310596	7.27289	-2.47112	5.61378	-5.88488
13.2003	-0.349691	7.36561	-2.13885	5.31481	-5.88488
13.219	-0.386531	7.4623	-1.81373	5.05326	-5.88488
13.2398	-0.420862	7.5651	-1.48749	4.82484	-5.88488
13.2631	-0.451635	7.67528	-1.15551	4.62922	-5.88488
13.288	-0.476287	7.78844	-0.829995	4.4731	-5.88488
13.3148	-0.494084	7.90626	-0.505545	4.34988	-5.88488
13.3434	-0.503885	8.02964	-0.181534	4.254	-5.88488
13.3708	-0.504883	8.14486	0.10487	4.1861	-5.88488
13.3955	-0.499271	8.24786	0.345407	4.13653	-5.88488
13.4189	-0.488684	8.34429	0.555273	4.09514	-5.88488
13.4447	-0.471661	8.44907	0.764481	4.05201	-5.88488
13.4723	-0.447744	8.56032	0.963398	4.00578	-5.88488
13.502	-0.416261	8.67875	1.14797	3.9554	-5.88488
13.5353	-0.375158	8.8093	1.31949	3.90089	-5.88488
13.5781	-0.314731	8.97513	1.49257	3.84225	-5.88488
13.6153	-0.257037	9.11735	1.60539	3.81187	-5.88488
13.6526	-0.195486	9.25945	1.68845	3.8084	-5.88488
13.6914	-0.128767	9.40772	1.74442	3.83777	-5.88488
13.7313	-0.0587127	9.56174	1.76739	3.90265	-5.88488
13.7708	0.0108745	9.71763	1.74947	3.99658	-5.88488
13.8124	0.0823589	9.88637	1.6764	4.1172	-5.88488
13.8444	0.134527	10.0198	1.57465	4.21694	-5.88488
13.8773	0.183993	10.1603	1.4229	4.31915	-5.88488
13.9083	0.225244	10.2955	1.23315	4.41161	-5.88488
13.938	0.258661	10.428	1.00715	4.49683	-5.88488
13.9662	0.283541	10.5557	0.75449	4.57734	-5.88488
13.9932	0.300267	10.6805	0.478006	4.66012	-5.88488
14.0191	0.3089	10.8025	0.182673	4.75217	-5.88488
14.0436	0.309691	10.9201	-0.122403	4.85899	-5.88488
14.0657	0.30373	11.0287	-0.421059	4.98086	-5.88488
14.0867	0.291698	11.1348	-0.72821	5.12839	-5.88488
14.1094	0.271063	11.2538	-1.09154	5.33583	-5.88488
14.1328	0.240814	11.3815	-1.50777	5.61975	-5.88488
14.1518	0.20865	11.4909	-1.88991	5.92322	-5.88488
14.1689	0.172965	11.5954	-2.28101	6.27295	-5.88488
14.1835	0.137133	11.6891	-2.6568	6.64191	-5.88488
14.1963	0.100712	11.7768	-3.02968	7.03532	-5.88488
14.2079	0.0633764	11.8609	-3.40495	7.45445	-5.88488
14.2174	0.029296	11.9338	-3.73941	7.84455	-5.88488
14.225	0.000100306	11.9942	-4.01577	8.1771	-5.88488
14.2311	-0.0250969	12.0449	-4.2425	8.4562	-5.88488
14.2374	-0.0526876	12.0994	-4.47267	8.74507	-5.88488
14.2442	-0.0839413	12.1599	-4.70181	9.03847	-5.88488
14.2522	-0.122578	12.2336	-4.92227	9.32814	-5.88488
14.2597	-0.159626	12.3036	-5.05052	9.50478	-5.88488
14.2664	-0.194123	12.3684	-5.08445	9.56317	-5.88488
14.2728	-0.226301	12.4291	-5.03747	9.51973	-5.88488
14.2793	-0.258478	12.4902	-4.91673	9.38532	-5.88488
14.2863	-0.292393	12.5554	-4.71765	9.15726	-5.88488
14.2934	-0.325107	12.6196	-4.46723	8.87046	-5.88488
14.3011	-0.358442	12.6868	-4.16597	8.53038	-5.88488
14.3104	-0.39522	12.7637	-3.79368	8.12161	-5.88488
14.3209	-0.432908	12.8467	-3.38072	7.68748	-5.88488
14.3326	-0.469989	12.9343	-2.9495	7.26115	-5.88487
14.3445	-0.502742	13.0187	-2.54691	6.89305	-5.88487
14.3576	-0.533331	13.1064	-2.14492	6.55898	-5.88487
14.3723	-0.561847	13.2008	-1.73171	6.25444	-5.88487
14.3892	-0.587343	13.3038	-1.30036	5.98133	-5.88487
14.4083	-0.607861	13.4158	-0.850686	5.74554	-5.88487
14.4292	-0.620813	13.5337	-0.395927	5.55427	-5.88487
14.4506	-0.624565	13.6508	0.0407621	5.40814	-5.88487
14.4712	-0.619584	13.7613	0.438333	5.29863	-5.88487
14.4901	-0.60801	13.8606	0.783341	5.2142	-5.88487
14.5119	-0.586878	13.973	1.15665	5.12466	-5.88487
14.5356	-0.55492	14.0933	1.5323	5.02414	-5.88487
14.5606	-0.511979	14.2177	1.88815	4.90263	-5.88487
14.5865	-0.458974	14.3425	2.20526	4.7506	-5.88487
14.6128	-0.397153	14.4654	2.47155	4.56066	-5.88487
14.6399	-0.327386	14.5856	2.68101	4.32699	-5.88487
14.6677	-0.250436	14.7024	2.82951	4.04595	-5.88487
14.6954	-0.170913	14.81	2.91152	3.7317	-5.88487
14.7231	-0.0899293	14.9086	2.93315	3.38886	-5.88487
14.7508	-0.00890319	14.9975	2.90035	3.02447	-5.88487
14.7784	0.0700945	15.0758	2.82059	2.64965	-5.88487
14.8049	0.143455	15.1412	2.70635	2.28466	-5.88487
14.8383	0.230923	15.21	2.51999	1.82784	-5.88487
14.8788	0.327521	15.273	2.24754	1.29358	-5.88487
14.918	0.409942	15.3141	1.95171	0.80747	-5.88487
14.958	0.481624	15.3371	1.63339	0.351786	-5.88487
14.9984	0.541081	15.3427	1.30608	-0.0665417	-5.88487
15.0319	0.580308	15.3352	1.0378	-0.382041	-5.88487
15.0662	0.611272	15.3169	0.769863	-0.680109	-5.88487
15.1021	0.634022	15.2872	0.500257	-0.970367	-5.88487
15.1408	0.648009	15.2439	0.22549	-1.26585	-5.88487
15.1789	0.651762	15.1903	-0.0246579	-1.54634	-5.88487
15.2109	0.647848	15.137	-0.216483	-1.77996	-5.88487
15.243	0.638089	15.0761	-0.388151	-2.01574	-5.88487
15.279	0.621082	14.9988	-0.551815	-2.28633	-5.88487
15.3192	0.59593	14.9006	-0.691481	-2.60092	-5.88487
15.3591	0.566433	14.7902	-0.775894	-2.93051	-5.88487
15.3962	0.537062	14.6755	-0.79649	-3.25583	-5.88487
15.427	0.512959	14.5711	-0.764621	-3.54224	-5.88487
15.458	0.490399	14.4565	-0.681415	-3.85159	-5.88487
15.4862	0.472826	14.3436	-0.555814	-4.15665	-5.88487
15.5088	0.461765	14.2467	-0.417179	-4.42277	-5.88487
15.5287	0.454937	14.1562	-0.264407	-4.67815	-5.88487
15.5457	0.45172	14.0743	-0.108307	-4.91746	-5.88487
15.56	0.451218	14.0028	0.0405947	-5.13411	-5.88487
15.5724	0.452615	13.9375	0.185863	-5.33903	-5.88487
15.5852	0.455994	13.8683	0.348468	-5.56418	-5.88487
15.5982	0.461714	13.7941	0.530557	-5.81398	-5.88487
15.6114	0.469993	13.7157	0.728521	-6.08563	-5.88487
15.6246	0.48097	13.6336	0.937214	-6.37489	-5.88487
15.6382	0.49519	13.5448	1.15485	-6.68323	-5.88487
15.6501	0.510052	13.4636	1.33575	-6.94909	-5.88487
15.6601	0.524148	13.3927	1.46836	-7.15512	-5.88487
15.6706	0.5401	13.3169	1.57292	-7.33502	-5.88487
15.6801	0.555336	13.2466	1.62524	-7.4517	-5.88487
15.6894	0.570545	13.1767	1.62734	-7.51076	-5.88487
15.6996	0.58693	13.0999	1.56789	-7.50538	-5.88487
15.7089	0.601061	13.0303	1.45876	-7.43843	-5.88487
15.7186	0.614344	12.9594	1.29847	-7.31667	-5.88487
15.7276	0.625307	12.8936	1.11233	-7.16483	-5.88487
15.7369	0.634652	12.8279	0.897505	-6.98539	-5.88487
15.7469	0.642412	12.7589	0.648595	-6.77708	-5.88487
15.7585	0.648199	12.682	0.351284	-6.53106	-5.88487
15.7721	0.650583	12.5953	0.000561101	-6.24663	-5.88487
15.7832	0.649002	12.5268	-0.282888	-6.02117	-5.88487
15.7946	0.64419	12.4597	-0.563468	-5.80072	-5.88487
15.8074	0.635005	12.387	-0.868844	-5.56164	-5.88487
15.8221	0.619797	12.3074	-1.20259	-5.29744	-5.88487
15.8386	0.596893	12.222	-1.55846	-5.00573	-5.88487
15.8571	0.564717	12.1327	-1.92749	-4.68213	-5.88487
15.8772	0.522216	12.0422	-2.29709	-4.32189	-5.88487
15.8986	0.46916	11.954	-2.65328	-3.92103	-5.88487
15.9209	0.406035	11.8712	-2.98459	-3.47676	-5.88487
15.944	0.33364	11.7966	-3.28455	-2.98739	-5.88487
15.9677	0.252706	11.7322	-3.55211	-2.45207	-5.88487
15.9918	0.163845	11.6798	-3.79062	-1.87141	-5.88487
16.0157	0.0706811	11.6422	-4.00061	-1.26778	-5.88487
16.0388	-0.0235623	11.62	-4.18872	-0.662256	-5.88487
16.0568	-0.100597	11.6124	-4.33362	-0.171986	-5.88487
16.0718	-0.166373	11.6129	-4.45529	0.242026	-5.88487
16.0872	-0.236056	11.62	-4.58432	0.673843	-5.88487
16.1018	-0.303956	11.6329	-4.71042	1.08425	-5.88487
16.1176	-0.379232	11.6534	-4.84792	1.51988	-5.88487
16.1337	-0.458319	11.6813	-4.98171	1.94148	-5.88487
16.1457	-0.518943	11.7064	-5.06781	2.22591	-5.88487
16.1572	-0.577466	11.7333	-5.12801	2.45533	-5.88487
16.1687	-0.636667	11.7627	-5.15648	2.62933	-5.88487
16.1799	-0.694302	11.7927	-5.14452	2.7317	-5.88487
16.192	-0.756002	11.8259	-5.08197	2.76047	-5.88487
16.203	-0.811798	11.8563	-4.97971	2.71407	-5.88487
16.2146	-0.86848	11.887	-4.83441	2.60253	-5.88487
16.2255	-0.920411	11.9147	-4.67009	2.4527	-5.88487
16.2369	-0.972399	11.9415	-4.48222	2.26796	-5.88487
16.2495	-1.0278	11.9688	-4.26358	2.04516	-5.88487
16.2654	-1.09329	11.999	-3.98959	1.76332	-5.88487
16.282	-1.15711	12.0259	-3.71384	1.48405	-5.88487
16.2987	-1.21703	12.0486	-3.451	1.22772	-5.88487
16.3156	-1.27303	12.0673	-3.2031	0.999351	-5.88487
16.3333	-1.3278	12.0832	-2.95789	0.790332	-5.88487
16.3525	-1.38206	12.0964	-2.71023	0.600047	-5.88487
16.3733	-1.43587	12.1071	-2.45671	0.430369	-5.88487
16.3961	-1.48883	12.1152	-2.19451	0.284398	-5.88487
16.4211	-1.54015	12.1207	-1.92113	0.165827	-5.88487
16.4484	-1.58874	12.1239	-1.63385	0.0781986	-5.88487
16.4786	-1.63347	12.1254	-1.3272	0.0241091	-5.88487
16.5128	-1.67298	12.1258	-0.990814	0.0059026	-5.88487
16.5293	-1.68805	12.1259	-0.830236	0.00993979	-5.88487
16.5489	-1.70247	12.1262	-0.641811	0.0231457	-5.88487
16.5722	-1.71483	12.127	-0.419267	0.0479443	-5.88487
16.5993	-1.7227	12.1288	-0.162198	0.0847062	-5.88487
16.6299	-1.72322	12.1321	0.12788	0.130047	-5.88487
16.6637	-1.71345	12.1373	0.449871	0.175835	-5.88487
16.7005	-1.69036	12.1444	0.803855	0.208358	-5.88487
16.741	-1.64993	12.153	1.19894	0.206895	-5.88487
16.779	-1.59705	12.16	1.58154	0.152953	-5.88487
16.8065	-1.54978	12.1632	1.86631	0.0724035	-5.88487
16.8292	-1.50455	12.1638	2.11049	-0.0266997	-5.88487
16.849	-1.46066	12.1622	2.33042	-0.140338	-5.88487
16.8693	-1.41084	12.1579	2.56646	-0.287624	-5.88487
16.8898	-1.35582	12.1502	2.81616	-0.470411	-5.88487
16.9097	-1.29708	12.1387	3.07526	-0.68643	-5.88487
16.9286	-1.23652	12.1235	3.33815	-0.928887	-5.88487
16.9463	-1.17534	12.1049	3.60186	-1.19081	-5.88487
16.9627	-1.11398	12.0831	3.86522	-1.46609	-5.88487
16.9782	-1.0521	12.0582	4.12844	-1.74991	-5.88487
16.9932	-0.988209	12.0298	4.39362	-2.03939	-5.88487
17.0088	-0.917528	11.9956	4.67014	-2.33806	-5.88487
17.02	-0.864029	11.9683	4.85931	-2.53449	-5.88487
17.0311	-0.809274	11.9393	5.02657	-2.69519	-5.88487
17.0423	-0.752036	11.9083	5.16476	-2.80619	-5.88487
17.053	-0.69625	11.878	5.25719	-2.84787	-5.88487
17.0643	-0.636775	11.8461	5.30683	-2.81416	-5.88487
17.0757	-0.575885	11.8144	5.30742	-2.69749	-5.88487
17.0875	-0.51352	11.7837	5.26275	-2.50096	-5.88487
17.0984	-0.456821	11.7578	5.19139	-2.26661	-5.88487
17.1095	-0.39952	11.7341	5.0986	-1.98839	-5.88487
17.1217	-0.338143	11.7119	4.98503	-1.65691	-5.88487
17.136	-0.267893	11.6911	4.84628	-1.24899	-5.88487
17.1533	-0.185379	11.6738	4.68026	-0.746175	-5.88487
17.1715	-0.101664	11.665	4.51305	-0.221476	-5.88487
17.1882	-0.0274239	11.6653	4.36551	0.250576	-5.88487
17.2038	0.0396647	11.6726	4.23024	0.68039	-5.88487
17.2203	0.108129	11.6874	4.08648	1.12111	-5.88487
17.2394	0.184473	11.7136	3.91329	1.61436	-5.88487
17.2606	0.265451	11.7535	3.70524	2.13942	-5.88487
17.2834	0.347064	11.8083	3.45666	2.67137	-5.88487
17.307	0.425277	11.8776	3.16389	3.18689	-5.88487
17.331	0.497074	11.9598	2.82495	3.67229	-5.88487
17.355	0.56036	12.0534	2.43973	4.12379	-5.88487
17.3784	0.612609	12.1547	2.01956	4.53684	-5.88487
17.401	0.653271	12.2616	1.57176	4.92113	-5.88487
17.4223	0.682006	12.3707	1.11094	5.28377	-5.88487
17.4393	0.697578	12.4629	0.719464	5.58071	-5.88487
17.4541	0.705575	12.5472	0.361958	5.85098	-5.88487
17.4668	0.708157	12.6233	0.0420372	6.09608	-5.88487
17.4776	0.707123	12.6901	-0.234697	6.31223	-5.88487
17.4886	0.702975	12.7608	-0.519443	6.53924	-5.88487
17.5006	0.694846	12.8412	-0.827054	6.78912	-5.88487
17.511	0.684928	12.9128	-1.07903	6.99543	-5.88487
17.5208	0.673365	12.9817	-1.29349	7.1689	-5.88487
17.5307	0.65948	13.0541	-1.47985	7.31223	-5.88487
17.54	0.645102	13.1224	-1.61117	7.39991	-5.88487
17.5493	0.629744	13.1912	-1.69372	7.43294	-5.88487
17.5596	0.61211	13.2676	-1.72396	7.39985	-5.88487
17.5691	0.59587	13.3373	-1.69714	7.30735	-5.88487
17.5788	0.579583	13.4081	-1.6228	7.15977	-5.88487
17.5882	0.564798	13.4746	-1.51782	6.98202	-5.88487
17.598	0.550555	13.542	-1.38529	6.77382	-5.88487
17.6089	0.536405	13.6142	-1.224	6.53163	-5.88487
17.6219	0.521792	13.6972	-1.0246	6.24124	-5.88487
17.6391	0.506389	13.8013	-0.768841	5.87615	-5.88487
17.6548	0.496024	13.8913	-0.553519	5.5706	-5.88487
17.6699	0.489091	13.9735	-0.366442	5.30288	-5.88487
17.6854	0.484774	14.0534	-0.196557	5.05437	-5.88487
17.7012	0.4829	14.1316	-0.0435059	4.82191	-5.88487
17.7172	0.483297	14.2067	0.0900339	4.60748	-5.88487
17.7324	0.48552	14.2753	0.199476	4.41828	-5.88487
17.7491	0.489723	14.3474	0.300859	4.22487	-5.88487
17.7683	0.496467	14.4268	0.395227	4.01684	-5.88487
17.7899	0.505917	14.5113	0.474416	3.79906	-5.88487
17.8138	0.51796	14.5991	0.531674	3.57423	-5.88487
17.8397	0.532201	14.6887	0.561407	3.34365	-5.88487
17.8677	0.547992	14.7792	0.558948	3.10724	-5.88487
17.8981	0.564445	14.8697	0.520005	2.86348	-5.88487
17.9316	0.580631	14.9614	0.438096	2.60485	-5.88487
17.9695	0.594808	15.0548	0.303097	2.32277	-5.88487
18.0101	0.603451	15.1431	0.115979	2.02707	-5.88487
18.0454	0.604214	15.2101	-0.077026	1.77029	-5.88487
18.0818	0.597426	15.2696	-0.30053	1.50104	-5.88487
18.1148	0.583855	15.315	-0.522787	1.2466	-5.88487
18.1503	0.560848	15.3542	-0.777803	0.958647	-5.88487
18.1873	0.526953	15.3837	-1.05868	0.636026	-5.88487
18.2253	0.480981	15.4012	-1.3593	0.274797	-5.88487
18.2645	0.421498	15.4041	-1.67484	-0.131721	-5.88487
18.3054	0.346296	15.3894	-2.00051	-0.592539	-5.88487
18.3488	0.252239	15.3524	-2.32768	-1.11659	-5.88487
18.3921	0.145099	15.2923	-2.61626	-1.66208	-5.88487
18.4304	0.0407448	15.2193	-2.82403	-2.15036	-5.88487
18.4612	-0.0481411	15.1472	-2.94857	-2.53679	-5.88487
18.4929	-0.143064	15.0606	-3.02976	-2.92204	-5.88487
18.523	-0.234805	14.9674	-3.05638	-3.26885	-5.88487
18.5556	-0.33427	14.8548	-3.02331	-3.61682	-5.88487
18.5901	-0.436759	14.7245	-2.91179	-3.9432	-5.88487
18.6251	-0.535473	14.5813	-2.71165	-4.22229	-5.88487
18.6595	-0.624008	14.4324	-2.42664	-4.43668	-5.88487
18.6905	-0.694316	14.2925	-2.09488	-4.57695	-5.88487
18.7196	-0.75005	14.1578	-1.72394	-4.66579	-5.88487
18.7482	-0.793509	14.0237	-1.31164	-4.72123	-5.88487
18.777	-0.824846	13.8869	-0.856077	-4.75927	-5.88487
18.8066	-0.84284	13.7458	-0.357886	-4.79898	-5.88487
18.8364	-0.845681	13.6017	0.171677	-4.86419	-5.88487
18.8647	-0.833445	13.4627	0.697612	-4.97533	-5.88487
18.8911	-0.808213	13.329	1.2172	-5.14933	-5.88487
18.9178	-0.768333	13.1884	1.78503	-5.42689	-5.88487
18.9375	-0.728559	13.0784	2.25103	-5.72615	-5.88487
18.954	-0.687883	12.9813	2.68461	-6.05935	-5.88487
18.9683	-0.646788	12.8926	3.10168	-6.42394	-5.88487
18.9808	-0.605357	12.8096	3.51114	-6.81749	-5.88487
18.9922	-0.563028	12.7295	3.92114	-7.24051	-5.88487
19.0038	-0.515118	12.643	4.37095	-7.73076	-5.88487
19.0146	-0.46546	12.5567	4.80652	-8.22477	-5.88487
19.0237	-0.420263	12.4803	5.15398	-8.62731	-5.88487
19.031	-0.381435	12.4157	5.39517	-8.90723	-5.88487
19.0387	-0.339387	12.3467	5.57644	-9.11186	-5.88487
19.0458	-0.299001	12.2809	5.65763	-9.19028	-5.88487
19.0531	-0.257689	12.2139	5.64029	-9.14108	-5.88487
19.0601	-0.218874	12.151	5.53589	-8.98099	-5.88487
19.0673	-0.179687	12.0873	5.3565	-8.72449	-5.88487
19.0745	-0.141805	12.0254	5.12871	-8.4082	-5.88487
19.0824	-0.102259	11.9603	4.85205	-8.03134	-5.88487
19.0913	-0.0606715	11.891	4.53658	-7.60879	-5.88487
19.0998	-0.0230574	11.8275	4.24233	-7.22101	-5.88487
19.1087	0.013022	11.7656	3.95999	-6.85497	-5.88487
19.118	0.0487977	11.703	3.68462	-6.50431	-5.88487
19.13	0.0911455	11.6273	3.36814	-6.11021	-5.88487
19.1446	0.137722	11.5413	3.0338	-5.70628	-5.88487
19.1589	0.179008	11.4622	2.74922	-5.37459	-5.88487
19.1743	0.219219	11.3818	2.48113	-5.07439	-5.88487
19.1913	0.259101	11.2981	2.22168	-4.79722	-5.88487
19.2102	0.298737	11.2097	1.96696	-4.53989	-5.88487
19.2315	0.337925	11.1155	1.71386	-4.30061	-5.88487
19.2557	0.37622	11.0143	1.45939	-4.07813	-5.88487
19.2824	0.411731	10.9083	1.20892	-3.87779	-5.88487
19.3112	0.44296	10.7994	0.965735	-3.70094	-5.88487
19.3424	0.469322	10.6864	0.726901	-3.54313	-5.88487
19.3765	0.490002	10.5681	0.490323	-3.40051	-5.88487
19.4141	0.503936	10.4426	0.253438	-3.26965	-5.88487
19.4522	0.50938	10.3203	0.0361663	-3.16034	-5.88487
19.4801	0.508307	10.2331	-0.111652	-3.09375	-5.88487
19.51	0.502714	10.1415	-0.261248	-3.03588	-5.88487
19.5382	0.493426	10.0564	-0.39596	-2.99535	-5.88487
19.5677	0.479716	9.96841	-0.53162	-2.96927	-5.88487
19.5988	0.461026	9.87625	-0.669636	-2.96154	-5.88487
19.6322	0.436284	9.77724	-0.812498	-2.97724	-5.88487
19.6693	0.40331	9.66602	-0.963829	-3.02473	-5.88487
19.7144	0.355982	9.52759	-1.13259	-3.12451	-5.88487
19.7573	0.304329	9.39073	-1.26987	-3.25943	-5.88487
19.8018	0.245258	9.24183	-1.37635	-3.43458	-5.88487
19.8458	0.183259	9.08634	-1.43122	-3.63427	-5.88487
19.8819	0.131497	8.95195	-1.42762	-3.81032	-5.88487
19.9134	0.0871592	8.8295	-1.38142	-3.96779	-5.88487
19.9414	0.0495022	8.71645	-1.30237	-4.10815	-5.88487
19.9664	0.0181545	8.61214	-1.19916	-4.23275	-5.88487
19.9884	-0.00693462	8.51801	-1.08207	-4.34166	-5.88487
20.0104	-0.0292627	8.42107	-0.938973	-4.45157	-5.88487
20.0307	-0.0467747	8.32976	-0.784567	-4.55477	-5.88487
20.0534	-0.0623972	8.22487	-0.585329	-4.6758	-5.88487
20.0784	-0.0739356	8.10653	-0.33464	-4.82042	-5.88487
20.1021	-0.0787267	7.99026	-0.0635246	-4.97724	-5.88487
20.1206	-0.0777726	7.89714	0.170479	-5.11834	-5.88487
20.1392	-0.0722013	7.80004	0.43026	-5.28503	-5.88487
20.1581	-0.0613905	7.69842	0.719801	-5.48631	-5.88487
20.175	-0.0468204	7.60378	1.00663	-5.70378	-5.88487
20.1903	-0.0293598	7.51519	1.29135	-5.93821	-5.88487
20.204	-0.00975205	7.43212	1.57379	-6.18894	-5.88487
20.2163	0.0112709	7.35448	1.85207	-6.45293	-5.88487
20.2286	0.035865	7.27339	2.1579	-6.76116	-5.88487
20.2418	0.0667652	7.18148	2.52213	-7.15069	-5.88487
20.2545	0.101301	7.08772	2.90828	-7.58725	-5.88487
20.2644	0.13162	7.01087	3.22795	-7.96499	-5.88487
20.2745	0.165808	6.9286	3.55975	-8.37158	-5.88487
20.2839	0.200665	6.84816	3.85394	-8.74487	-5.88487
20.2918	0.23203	6.77783	4.06625	-9.02407	-5.88487
20.2999	0.265735	6.70361	4.22286	-9.24112	-5.88487
20.3074	0.297591	6.6341	4.28966	-9.34907	-5.88487
20.315	0.330274	6.56273	4.26773	-9.3505	-5.88487
20.3224	0.361428	6.49403	4.16017	-9.24799	-5.88487
20.3301	0.39299	6.42305	3.96992	-9.04936	-5.88487
20.3375	0.421418	6.35723	3.73627	-8.80171	-5.88487
20.3453	0.449453	6.28979	3.45622	-8.50776	-5.88487
20.3543	0.478942	6.21502	3.11603	-8.15998	-5.88487
20.3658	0.512269	6.12364	2.68084	-7.7355	-5.88487
20.3783	0.542988	6.02938	2.2291	-7.3248	-5.88487
20.3904	0.567456	5.9429	1.82209	-6.98504	-5.88487
20.4032	0.58823	5.85529	1.42105	-6.68102	-5.88487
20.4173	0.605287	5.7635	1.01416	-6.40492	-5.88487
20.4327	0.617693	5.66665	0.59887	-6.15596	-5.88487
20.4494	0.624156	5.5658	0.180286	-5.93547	-5.88487
20.4667	0.623714	5.46452	-0.226949	-5.74484	-5.88487
20.4836	0.616735	5.36919	-0.598557	-5.58495	-5.88487
20.5014	0.602737	5.27105	-0.968623	-5.43129	-5.88487
20.5217	0.579028	5.16248	-1.3614	-5.26339	-5.88487
20.5439	0.54433	5.04757	-1.75427	-5.07484	-5.88487
20.5675	0.498395	4.9302	-2.12569	-4.85554	-5.88487
20.5921	0.442088	4.81422	-2.45599	-4.59615	-5.88487
20.6172	0.376879	4.70265	-2.73122	-4.29014	-5.88487
20.6427	0.304188	4.59743	-2.94409	-3.93365	-5.88487
20.6679	0.227984	4.5031	-3.08779	-3.54021	-5.88487
20.6927	0.150417	4.42059	-3.16828	-3.11979	-5.88487
20.7173	0.0719348	4.34915	-3.1946	-2.67629	-5.88487
20.7422	-0.00721022	4.28843	-3.1745	-2.2138	-5.88487
20.7675	-0.0871138	4.2383	-3.11466	-1.73507	-5.88487
20.7954	-0.172681	4.19719	-3.01453	-1.21384	-5.88487
20.8248	-0.259311	4.16941	-2.88343	-0.682172	-5.88487
20.8537	-0.340658	4.15696	-2.74074	-0.183679	-5.88487
20.8823	-0.416901	4.15841	-2.59661	0.279766	-5.88487
20.9101	-0.487183	4.17212	-2.46084	0.702169	-5.88487
20.9417	-0.56262	4.20145	-2.31909	1.15022	-5.88487
20.9803	-0.649182	4.25579	-2.17247	1.66009	-5.88487
21.0206	-0.734253	4.33286	-2.05939	2.16363	-5.88487
21.059	-0.811995	4.42502	-1.99658	2.63533	-5.88487
21.0882	-0.870113	4.50744	-1.98112	3.0005	-5.88487
21.1157	-0.924716	4.59484	-1.9916	3.35404	-5.88487
21.1437	-0.980846	4.69386	-2.02066	3.72142	-5.88487
21.1664	-1.02701	4.78167	-2.04514	4.01301	-5.88487
21.1831	-1.06127	4.85045	-2.05141	4.21044	-5.88487
21.199	-1.09377	4.91863	-2.03618	4.37023	-5.88487
21.215	-1.126	4.98954	-1.98807	4.48953	-5.88487
21.2306	-1.15638	5.06015	-1.89984	4.55429	-5.88487
21.2486	-1.18917	5.1421	-1.74226	4.56026	-5.88487
21.2631	-1.21326	5.20798	-1.57387	4.51619	-5.88487
21.2779	-1.23511	5.27433	-1.37129	4.43661	-5.88487
21.2926	-1.25367	5.33888	-1.14823	4.3349	-5.88487
21.3084	-1.26985	5.40658	-0.893048	4.21233	-5.88487
21.3271	-1.28362	5.48375	-0.582752	4.06311	-5.88487
21.348	-1.29213	5.56687	-0.23206	3.89954	-5.88487
21.3673	-1.29349	5.64085	0.0909271	3.75446	-5.88487
21.3866	-1.28866	5.71187	0.409377	3.61467	-5.88487
21.4055	-1.27798	5.77905	0.718131	3.4788	-5.88487
21.4282	-1.25752	5.85615	1.08258	3.31204	-5.88487
21.4548	-1.22315	5.94147	1.50147	3.10151	-5.88487
21.4834	-1.17383	6.02666	1.94237	2.84322	-5.88487
21.511	-1.11448	6.10119	2.35711	2.55034	-5.88487
21.5371	-1.04803	6.16353	2.73983	2.22412	-5.88487
21.5616	-0.976502	6.21379	3.0933	1.86622	-5.88487
21.5846	-0.901655	6.25234	3.42147	1.48131	-5.88487
21.6059	-0.825494	6.2797	3.72685	1.07863	-5.88487
21.6232	-0.759077	6.29525	3.97771	0.719568	-5.88487
21.6384	-0.696766	6.30363	4.20433	0.377763	-5.88487
21.6516	-0.639795	6.30657	4.40624	0.0630734	-5.88487
21.6627	-0.589885	6.30575	4.57965	-0.212256	-5.88487
21.6741	-0.536834	6.3017	4.76027	-0.501793	-5.88487
21.6858	-0.480189	6.29408	4.94769	-0.80318	-5.88487
21.6989	-0.41384	6.28133	5.15652	-1.13786	-5.88487
21.7108	-0.351508	6.26609	5.33644	-1.42347	-5.88487
21.7214	-0.294077	6.24974	5.48169	-1.65073	-5.88487
21.7323	-0.233406	6.2306	5.60611	-1.84111	-5.88487
21.7424	-0.176402	6.21136	5.68898	-1.96274	-5.88487
21.7524	-0.119423	6.19145	5.73364	-2.02081	-5.88487
21.7632	-0.0574096	6.16961	5.73581	-2.00705	-5.88487
21.7734	0.00109935	6.14946	5.69409	-1.92129	-5.88487
21.783	0.0555309	6.1316	5.62053	-1.78303	-5.88487
21.7921	0.10614	6.11617	5.52649	-1.61052	-5.88487
21.8021	0.160834	6.10116	5.40254	-1.38479	-5.88487
21.8127	0.217223	6.0879	5.25639	-1.11871	-5.88487
21.8245	0.278202	6.07655	5.08363	-0.803267	-5.88487
21.8391	0.350885	6.06774	4.86478	-0.402605	-5.88487
21.8527	0.415416	6.06479	4.66279	-0.033748	-5.88487
21.8644	0.469275	6.06624	4.48988	0.27887	-5.88487
21.8763	0.521453	6.07136	4.31849	0.583327	-5.88487
21.8894	0.576969	6.08117	4.13095	0.907148	-5.88487
21.9043	0.637037	6.09734	3.91986	1.2559	-5.88487
21.921	0.700237	6.12127	3.68486	1.61987	-5.88487
21.9392	0.764986	6.15418	3.42467	1.98909	-5.88487
21.9588	0.829433	6.19688	3.13797	2.35327	-5.88487
21.9797	0.891636	6.24968	2.82371	2.70347	-5.88487
22.0016	0.949777	6.31261	2.481	3.03387	-5.88487
22.0244	1.00222	6.38549	2.10905	3.34259	-5.88487
22.0481	1.04745	6.46813	1.7075	3.6316	-5.88487
22.0725	1.08388	6.56008	1.27777	3.90588	-5.88487
22.0972	1.10994	6.66002	0.826115	4.17147	-5.88487
22.1173	1.12277	6.74599	0.449012	4.38575	-5.88487
22.1349	1.12771	6.82453	0.114126	4.5758	-5.88487
22.1502	1.12721	6.89577	-0.180042	4.74475	-5.88487
22.1656	1.12212	6.97054	-0.475924	4.91681	-5.88487
22.1825	1.11143	7.05506	-0.788495	5.0984	-5.88487
22.1958	1.09943	7.12357	-1.01845	5.22741	-5.88487
22.2085	1.0852	7.19065	-1.21693	5.32905	-5.88487
22.2212	1.06858	7.25906	-1.386	5.39842	-5.88487
22.2336	1.05055	7.32625	-1.51445	5.42503	-5.88487
22.2468	1.02996	7.39755	-1.60718	5.40277	-5.88487
22.2607	1.00723	7.4721	-1.6571	5.32302	-5.88487
22.2752	0.983122	7.5483	-1.66418	5.1871	-5.88487
22.2883	0.96139	7.61542	-1.64117	5.02988	-5.88487
22.3019	0.939348	7.68258	-1.59877	4.84629	-5.88487
22.317	0.915578	7.75432	-1.54065	4.63046	-5.88487
22.3353	0.888063	7.83662	-1.4679	4.36825	-5.88487
22.3609	0.851751	7.94367	-1.37894	4.01764	-5.88487
22.3848	0.819529	8.03611	-1.31834	3.71308	-5.88487
22.4092	0.787873	8.12312	-1.28204	3.42583	-5.88487
22.4361	0.753576	8.21132	-1.2711	3.13071	-5.88487
22.4668	0.714299	8.30254	-1.29305	2.81335	-5.88487
22.5032	0.666117	8.39831	-1.36171	2.45007	-5.88487
22.5452	0.606375	8.49241	-1.49174	2.029	-5.88487
22.59	0.535421	8.57285	-1.68309	1.55464	-5.88487
22.6321	0.460052	8.62817	-1.90508	1.06644	-5.88487
22.6715	0.380324	8.66039	-2.1425	0.558551	-5.88487
22.7101	0.292973	8.6715	-2.39178	0.00893409	-5.88487
22.7384	0.222518	8.66561	-2.57772	-0.428394	-5.88487
22.7678	0.144019	8.64605	-2.76375	-0.907034	-5.88487
22.798	0.0580479	8.61106	-2.93695	-1.41742	-5.88487
22.8302	-0.0391149	8.55647	-3.08828	-1.97222	-5.88487
22.8621	-0.13936	8.48487	-3.1883	-2.5151	-5.88487
22.8942	-0.24255	8.39558	-3.22351	-3.03767	-5.88487
22.9238	-0.337597	8.29897	-3.18588	-3.48233	-5.88487
22.9526	-0.428029	8.1929	-3.0763	-3.86899	-5.88487
22.9812	-0.513457	8.07754	-2.89175	-4.19802	-5.88487
23.0098	-0.592579	7.9535	-2.63001	-4.46805	-5.88487
23.0381	-0.662424	7.82407	-2.29804	-4.67659	-5.88487
23.0657	-0.72072	7.69256	-1.90958	-4.82977	-5.88487
23.0934	-0.767529	7.55731	-1.46662	-4.94438	-5.88487
23.1215	-0.801907	7.41686	-0.970721	-5.03887	-5.88487
23.1501	-0.821996	7.27146	-0.428915	-5.13572	-5.88487
23.1781	-0.826192	7.12591	0.134931	-5.25951	-5.88487
23.1996	-0.818424	7.01144	0.591379	-5.39453	-5.88487
23.2214	-0.800217	6.89171	1.08235	-5.58797	-5.88487
23.2432	-0.770982	6.76726	1.6116	-5.8623	-5.88487
23.2602	-0.739838	6.66536	2.06389	-6.15388	-5.88487
23.2749	-0.70639	6.57261	2.49386	-6.47827	-5.88487
23.2879	-0.671351	6.48629	2.91097	-6.83293	-5.88487
23.2996	-0.634729	6.40374	3.3236	-7.21734	-5.88487
23.3115	-0.592435	6.31504	3.77501	-7.6695	-5.88487
23.3226	-0.548402	6.22794	4.21075	-8.13033	-5.88487
23.3341	-0.49742	6.13166	4.65008	-8.61101	-5.88487
23.3415	-0.462103	6.06695	4.89492	-8.88083	-5.88487
23.3494	-0.422418	5.99557	5.09294	-9.09309	-5.88487
23.3567	-0.384694	5.92856	5.19216	-9.18516	-5.88487
23.3645	-0.344512	5.85765	5.19555	-9.15447	-5.88487
23.3719	-0.306095	5.78994	5.10376	-9.00484	-5.88487
23.3794	-0.268254	5.723	4.9348	-8.75878	-5.88487
23.3868	-0.232828	5.65984	4.72124	-8.46046	-5.88487
23.3947	-0.196216	5.5938	4.46081	-8.10577	-5.88487
23.4043	-0.155073	5.51829	4.13871	-7.67677	-5.88487
23.414	-0.116424	5.44576	3.82259	-7.26503	-5.88487
23.4244	-0.0785201	5.3727	3.50979	-6.86696	-5.88487
23.4362	-0.0388718	5.29373	3.18608	-6.46598	-5.88487
23.4497	0.00193495	5.20906	2.86012	-6.07532	-5.88487
23.4612	0.0333956	5.14085	2.61437	-5.79099	-5.88487
23.473	0.0627653	5.07433	2.38882	-5.53892	-5.88487
23.4861	0.092473	5.00359	2.16339	-5.29658	-5.88487
23.5008	0.122688	4.92719	1.93517	-5.06219	-5.88487
23.5174	0.152907	4.84497	1.70544	-4.83852	-5.88487
23.5362	0.182678	4.75627	1.47401	-4.62661	-5.88487
23.5574	0.211475	4.66012	1.24	-4.42672	-5.88487
23.5817	0.238622	4.55506	1.00214	-4.23837	-5.88487
23.6093	0.26289	4.44066	0.76232	-4.06259	-5.88486
23.6389	0.282006	4.32288	0.535189	-3.90696	-5.88486
23.6695	0.295172	4.20521	0.328018	-3.77107	-5.88486
23.6999	0.302351	4.09233	0.148144	-3.65457	-5.88486
23.7298	0.304422	3.98461	-0.00603992	-3.55337	-5.88486
23.759	0.30229	3.8822	-0.137032	-3.46545	-5.88486
23.7879	0.296671	3.78334	-0.249925	-3.38917	-5.88486
23.8178	0.287626	3.68296	-0.352409	-3.32283	-5.88486
23.8524	0.273598	3.56906	-0.456339	-3.26568	-5.88486
23.8838	0.257929	3.46706	-0.540413	-3.23532	-5.88486
23.9156	0.23949	3.36434	-0.617729	-3.228	-5.88486
23.9497	0.217152	3.25412	-0.692293	-3.24763	-5.88486
23.9885	0.188842	3.12716	-0.764825	-3.30381	-5.88486
24.0288	0.156781	2.99212	-0.820681	-3.39655	-5.88486
24.0734	0.119407	2.83776	-0.848661	-3.53189	-5.88487
24.1093	0.0890734	2.7088	-0.836327	-3.65908	-5.88487
24.1412	0.0629915	2.5901	-0.792917	-3.78166	-5.88487
24.1699	0.0411376	2.47983	-0.723837	-3.89764	-5.88487
24.1988	0.0216072	2.3655	-0.622876	-4.01923	-5.88487
24.2249	0.00685311	2.25908	-0.502718	-4.13426	-5.88487
24.2456	-0.00240899	2.17228	-0.386757	-4.23063	-5.88487
24.2664	-0.00907374	2.08338	-0.252009	-4.3333	-5.88486
24.2857	-0.0125924	1.99862	-0.109141	-4.4367	-5.88486
24.308	-0.0129945	1.89849	0.0769675	-4.56855	-5.88486
24.3285	-0.00947064	1.80344	0.270453	-4.70669	-5.88486
24.3458	-0.00325979	1.721	0.451364	-4.83961	-5.88486
24.3603	0.00447553	1.64989	0.61725	-4.96611	-5.88486
24.3751	0.0150023	1.57501	0.802027	-5.11323	-5.88486
24.3894	0.0277494	1.50123	0.994695	-5.2743	-5.88486
24.4044	0.0443127	1.42069	1.21769	-5.47096	-5.88486
24.4197	0.0649278	1.33488	1.47089	-5.70765	-5.88486
24.4352	0.0899341	1.24416	1.75739	-5.99213	-5.88486
24.4509	0.12005	1.14744	2.0854	-6.33805	-5.88486
24.4647	0.151065	1.05745	2.41149	-6.70128	-5.88486
24.4773	0.183313	0.971127	2.74112	-7.08589	-5.88486
24.4899	0.220323	0.878595	3.10607	-7.52992	-5.88486
24.5017	0.258845	0.787639	3.46255	-7.9808	-5.88486
24.5126	0.298647	0.697715	3.78923	-8.40969	-5.88486
24.521	0.331423	0.625796	4.00972	-8.71079	-5.88486
24.5288	0.36305	0.557567	4.16559	-8.93535	-5.88486
24.5365	0.3958	0.487538	4.2541	-9.08047	-5.88486
24.5442	0.428651	0.417338	4.25777	-9.12274	-5.88486
24.5523	0.46247	0.34444	4.16779	-9.05305	-5.88486
24.5601	0.494507	0.274102	3.9974	-8.88664	-5.88486
24.5677	0.523913	0.20775	3.7748	-8.65961	-5.88486
24.5754	0.552197	0.141574	3.5086	-8.38764	-5.88486
24.5841	0.581324	0.070031	3.18843	-8.06679	-5.88486
24.5933	0.608942	-0.00228471	2.84622	-7.73601	-5.88486
24.6021	0.6326	-0.0691454	2.52351	-7.43869	-5.88486
24.6106	0.652791	-0.131318	2.22363	-7.17716	-5.88486
24.6219	0.675684	-0.210354	1.84739	-6.87149	-5.88486
24.6347	0.696882	-0.297005	1.44451	-6.57409	-5.88486
24.6489	0.714327	-0.387748	1.03453	-6.3043	-5.88486
24.6644	0.727075	-0.483571	0.614283	-6.06134	-5.88486
24.6812	0.733785	-0.583738	0.187541	-5.84598	-5.88486
24.6988	0.733359	-0.684939	-0.231788	-5.6592	-5.88486
24.716	0.726019	-0.780845	-0.618582	-5.50155	-5.88486
24.7343	0.711132	-0.879967	-1.0069	-5.34871	-5.88486
24.7552	0.685678	-0.990037	-1.42243	-5.17887	-5.88486
24.7781	0.648164	-1.10666	-1.84063	-4.98352	-5.88486
24.8025	0.59834	-1.22541	-2.23699	-4.75043	-5.88486
24.8277	0.537346	-1.34178	-2.58879	-4.46921	-5.88486
24.8534	0.467016	-1.45228	-2.88073	-4.13343	-5.88486
24.8794	0.389002	-1.55479	-3.10596	-3.73996	-5.88486
24.9052	0.306627	-1.64582	-3.26018	-3.29985	-5.88486
24.9307	0.222221	-1.724	-3.34906	-2.82514	-5.88486
24.9564	0.135746	-1.79004	-3.38261	-2.31813	-5.88486
24.9828	0.0464898	-1.84416	-3.3691	-1.77835	-5.88486
25.0111	-0.0482122	-1.88624	-3.31423	-1.1941	-5.88486
25.0406	-0.144822	-1.91258	-3.22865	-0.593224	-5.88486
25.069	-0.235047	-1.92142	-3.13396	-0.0336864	-5.88486
25.0963	-0.319446	-1.91521	-3.04311	0.484433	-5.88486
25.1219	-0.396228	-1.89684	-2.96718	0.94986	-5.88486
25.1533	-0.488234	-1.8583	-2.89595	1.50087	-5.88486
25.1939	-0.604931	-1.78313	-2.8566	2.19635	-5.88486
25.2208	-0.681752	-1.71797	-2.87283	2.65929	-5.88486
25.2451	-0.752181	-1.64803	-2.92156	3.09178	-5.88486
25.2675	-0.818251	-1.57436	-2.99561	3.50443	-5.88486
25.2902	-0.887425	-1.48981	-3.09391	3.93559	-5.88486
25.3124	-0.957373	-1.39764	-3.19294	4.34687	-5.88486
25.3261	-1.0013	-1.33671	-3.23753	4.57251	-5.88486
25.3395	-1.04493	-1.27401	-3.25254	4.75332	-5.88486
25.353	-1.08859	-1.20911	-3.22357	4.87424	-5.88486
25.3665	-1.13154	-1.14301	-3.13926	4.9211	-5.88486
25.3802	-1.17374	-1.07552	-2.99407	4.89115	-5.88486
25.3941	-1.21405	-1.0081	-2.79489	4.79447	-5.88486
25.4069	-1.24852	-0.947424	-2.57824	4.6659	-5.88486
25.4205	-1.28179	-0.885233	-2.32956	4.50986	-5.88486
25.4364	-1.31639	-0.815123	-2.02839	4.32297	-5.88486
25.4563	-1.35311	-0.731053	-1.65183	4.10523	-5.88486
25.4765	-1.38265	-0.650303	-1.28378	3.91721	-5.88486
25.4965	-1.40479	-0.573548	-0.932437	3.76331	-5.88486
25.5179	-1.42085	-0.49449	-0.570222	3.62972	-5.88486
25.5413	-1.42968	-0.411038	-0.187077	3.51145	-5.88486
25.5667	-1.42926	-0.323107	0.218851	3.40332	-5.88486
25.5936	-1.41771	-0.233036	0.638659	3.29786	-5.88486
25.6264	-1.38852	-0.127084	1.13985	3.16011	-5.88486
25.6595	-1.34265	-0.025309	1.6315	2.98705	-5.88486
25.6847	-1.29689	0.0479739	1.99442	2.81745	-5.88486
25.7108	-1.23995	0.118892	2.35693	2.59633	-5.88486
25.7352	-1.17857	0.179138	2.67987	2.34161	-5.88486
25.7605	-1.10678	0.234397	2.99922	2.0217	-5.88486
25.786	-1.0262	0.281257	3.30711	1.63631	-5.88486
25.8105	-0.941743	0.316163	3.59198	1.20544	-5.88486
25.8338	-0.854943	0.338901	3.86028	0.736928	-5.88486
25.8532	-0.777833	0.34904	4.08833	0.300843	-5.88486
25.8695	-0.709623	0.350724	4.28845	-0.0995212	-5.88486
25.8835	-0.648467	0.346779	4.47053	-0.469648	-5.88486
25.8978	-0.583137	0.337193	4.67105	-0.876179	-5.88486
25.9121	-0.514422	0.321477	4.8913	-1.31513	-5.88486
25.9262	-0.444135	0.299835	5.12794	-1.77374	-5.88486
25.9396	-0.373731	0.272963	5.37544	-2.23763	-5.88486
25.9525	-0.302747	0.241121	5.63066	-2.69995	-5.88486
25.9655	-0.227532	0.202832	5.89562	-3.16488	-5.88486
25.9773	-0.156835	0.163284	6.12163	-3.55159	-5.88486
25.9863	-0.100788	0.129999	6.26972	-3.80138	-5.88486
25.9956	-0.0421742	0.0938672	6.3808	-3.98825	-5.88486
26.0028	0.0039437	0.0648309	6.4289	-4.07072	-5.88486
26.0091	0.044593	0.0390313	6.43923	-4.09148	-5.88486
26.0155	0.0856457	0.0129822	6.41831	-4.0619	-5.88486
26.0216	0.124877	-0.0117251	6.36986	-3.98758	-5.88486
26.0273	0.16097	-0.0341491	6.30279	-3.88241	-5.88486
26.0333	0.198471	-0.0569973	6.21321	-3.74002	-5.88486
26.0408	0.244243	-0.084069	6.08149	-3.52783	-5.88486
26.0499	0.299296	-0.115137	5.8995	-3.22974	-5.88486
26.0602	0.358843	-0.14651	5.68551	-2.87188	-5.88486
26.0707	0.417135	-0.174591	5.46917	-2.5015	-5.88486
26.0818	0.476677	-0.20023	5.24892	-2.11481	-5.88486
26.0942	0.540457	-0.223914	5.01917	-1.70059	-5.88486
26.1081	0.608527	-0.244481	4.78395	-1.26534	-5.88486
26.1227	0.676554	-0.259786	4.55952	-0.84148	-5.88486
26.1381	0.74518	-0.269526	4.3422	-0.427248	-5.88486
26.1543	0.813728	-0.273162	4.13112	-0.0278821	-5.88486
26.1707	0.879847	-0.270531	3.92939	0.343088	-5.88486
26.186	0.938743	-0.262791	3.74771	0.661258	-5.88486
26.2038	1.00356	-0.247992	3.5413	0.997281	-5.88486
26.2238	1.07194	-0.224649	3.31042	1.33463	-5.88486
26.2455	1.14101	-0.192129	3.05609	1.6557	-5.88486
26.2686	1.20847	-0.150371	2.77769	1.94821	-5.88486
26.293	1.27254	-0.0996146	2.47375	2.20472	-5.88486
26.3187	1.3318	-0.0401389	2.14232	2.42184	-5.88486
26.3437	1.38124	0.0226084	1.80886	2.58771	-5.88486
26.3677	1.42081	0.0863973	1.48036	2.71141	-5.88486
26.3927	1.45345	0.155401	1.1331	2.81066	-5.88486
26.4236	1.48173	0.24372	0.697479	2.90531	-5.88486
26.4599	1.49766	0.350997	0.178065	2.99944	-5.88486
26.4908	1.49624	0.44505	-0.271349	3.08632	-5.88486
26.5166	1.4843	0.525863	-0.655105	3.17868	-5.88486
26.5411	1.46369	0.605065	-1.0307	3.29466	-5.88486
26.5633	1.43694	0.679565	-1.38441	3.43212	-5.88486
26.5857	1.40172	0.758465	-1.75882	3.60904	-5.88486
26.606	1.36247	0.833609	-2.11172	3.80268	-5.88486
26.6251	1.31893	0.90813	-2.45031	4.00609	-5.88486
26.6453	1.26581	0.991335	-2.79847	4.2191	-5.88486
26.6589	1.22649	1.04927	-3.00926	4.33688	-5.88486
26.6733	1.18158	1.11259	-3.19754	4.41566	-5.88486
26.6868	1.13769	1.17207	-3.32609	4.42676	-5.88486
26.7011	1.08929	1.23526	-3.40758	4.36187	-5.88486
26.7152	1.04119	1.29563	-3.43529	4.22506	-5.88486
26.7293	0.992588	1.35412	-3.42322	4.02851	-5.88486
26.7433	0.944987	1.40882	-3.38662	3.79555	-5.88486
26.7586	0.893416	1.46493	-3.33363	3.51479	-5.88486
26.7772	0.8322	1.52686	-3.26838	3.16147	-5.88486
26.8009	0.755581	1.59641	-3.20048	2.70833	-5.88486
26.826	0.675853	1.65845	-3.15682	2.23566	-5.88486
26.8523	0.593179	1.71075	-3.1429	1.74708	-5.88486
26.8823	0.498435	1.75489	-3.16107	1.18602	-5.88486
26.9199	0.378685	1.78604	-3.22011	0.468054	-5.88486
26.9488	0.284955	1.79134	-3.27927	-0.103781	-5.88486
26.9729	0.205271	1.78292	-3.32809	-0.596303	-5.88486
26.9978	0.121848	1.76162	-3.36859	-1.11606	-5.88486
27.0235	0.0349041	1.72595	-3.38933	-1.6587	-5.88486
27.0505	-0.0563895	1.67358	-3.37554	-2.22462	-5.88486
27.0751	-0.138951	1.61254	-3.32008	-2.72849	-5.88486
27.1	-0.220412	1.53847	-3.2128	-3.21457	-5.88486
27.1242	-0.296276	1.45535	-3.05225	-3.6552	-5.88486
27.1483	-0.367411	1.36219	-2.83209	-4.05789	-5.88486
27.1728	-0.433349	1.2583	-2.54595	-4.42555	-5.88486
27.1976	-0.492291	1.14421	-2.19198	-4.75871	-5.88486
27.2221	-0.541091	1.02396	-1.78289	-5.05581	-5.88486
27.2463	-0.578747	0.898428	-1.32472	-5.33141	-5.88486
27.2698	-0.604184	0.769805	-0.828835	-5.60131	-5.88486
27.2894	-0.616063	0.65778	-0.378479	-5.84408	-5.88486
27.3056	-0.618986	0.561246	0.022328	-6.07065	-5.88486
27.3184	-0.616576	0.48245	0.358138	-6.27381	-5.88486
27.3318	-0.609301	0.396813	0.732039	-6.51832	-5.88486
27.345	-0.596974	0.308377	1.12784	-6.80097	-5.88486
27.3579	-0.579844	0.218808	1.53761	-7.12072	-5.88486
27.3701	-0.558697	0.130255	1.94814	-7.46824	-5.88486
27.3816	-0.534007	0.0424018	2.3534	-7.83586	-5.88486
27.3901	-0.512543	-0.0259439	2.65897	-8.12705	-5.88486
27.399	-0.487501	-0.0996108	2.9671	-8.43028	-5.88486
27.4071	-0.462475	-0.168773	3.22275	-8.68629	-5.88486
27.415	-0.436199	-0.238144	3.43105	-8.89378	-5.88486
27.4229	-0.408352	-0.309293	3.5791	-9.03347	-5.88486
27.4306	-0.380366	-0.379372	3.64828	-9.08197	-5.88486
27.4385	-0.351771	-0.450416	3.63599	-9.0337	-5.88486
27.4464	-0.32314	-0.521829	3.54409	-8.89127	-5.88486
27.4543	-0.295813	-0.591018	3.39017	-8.6783	-5.88486
27.4621	-0.270151	-0.657618	3.1957	-8.42236	-5.88486
27.4705	-0.244178	-0.727411	2.95855	-8.12105	-5.88486
27.4805	-0.216174	-0.806471	2.6663	-7.76221	-5.88486
27.4916	-0.18843	-0.890315	2.34599	-7.38343	-5.88486
27.5034	-0.162666	-0.975262	2.02338	-7.01759	-5.88486
27.5162	-0.138892	-1.06268	1.70157	-6.6693	-5.88486
27.5297	-0.117913	-1.1511	1.39087	-6.3499	-5.88486
27.5446	-0.0995829	-1.24305	1.08527	-6.05265	-5.88486
27.5609	-0.0843819	-1.33946	0.784309	-5.7765	-5.88486
27.5784	-0.0732239	-1.43835	0.495706	-5.52641	-5.88486
27.5964	-0.0667353	-1.53573	0.230726	-5.30779	-5.88486
27.6154	-0.0647723	-1.63462	-0.0192702	-5.10853	-5.88486
27.6338	-0.067157	-1.72711	-0.235646	-4.9383	-5.88486
27.6506	-0.0726141	-1.80871	-0.412238	-4.79779	-5.88486
27.6698	-0.0823403	-1.89975	-0.592779	-4.64846	-5.88486
27.6911	-0.096822	-1.99691	-0.765155	-4.49427	-5.88486
27.714	-0.116224	-2.09819	-0.920942	-4.33553	-5.88486
27.7385	-0.140422	-2.20215	-1.05345	-4.17128	-5.88486
27.7643	-0.169073	-2.30775	-1.15736	-4.00005	-5.88486
27.7916	-0.201696	-2.41439	-1.22851	-3.82036	-5.88486
27.8205	-0.237764	-2.52195	-1.26351	-3.63079	-5.88486
27.8513	-0.276788	-2.63087	-1.25906	-3.4297	-5.88486
27.885	-0.318456	-2.74264	-1.21059	-3.21427	-5.88486
27.9228	-0.362493	-2.85978	-1.11	-2.98018	-5.88486
27.9661	-0.407214	-2.98336	-0.946679	-2.72707	-5.88486
28.0046	-0.440291	-3.0842	-0.768983	-2.51902	-5.88486
28.0435	-0.46633	-3.17837	-0.566991	-2.32675	-5.88486
28.0799	-0.483296	-3.25995	-0.364948	-2.16508	-5.88486
28.1142	-0.492465	-3.33202	-0.167748	-2.02987	-5.88486
28.1468	-0.494873	-3.39623	0.0193873	-1.91999	-5.88486
28.1773	-0.491642	-3.45354	0.191255	-1.83557	-5.88486
28.2063	-0.483819	-3.50581	0.34713	-1.77539	-5.88486
28.2465	-0.465791	-3.57616	0.54508	-1.73083	-5.88486
28.2774	-0.446895	-3.62947	0.67742	-1.73306	-5.88486
28.3092	-0.423408	-3.68523	0.793086	-1.77317	-5.88486
28.3388	-0.398646	-3.73861	0.880172	-1.84673	-5.88486
28.3673	-0.372508	-3.79278	0.94708	-1.95089	-5.88486
28.3958	-0.344789	-3.85011	0.999905	-2.08445	-5.88486
28.4248	-0.315069	-3.91298	1.04469	-2.24737	-5.88486
28.4553	-0.28257	-3.98436	1.08872	-2.4413	-5.88486
28.4882	-0.245918	-4.06837	1.1421	-2.67087	-5.88486
28.5249	-0.202586	-4.17152	1.22093	-2.94702	-5.88486
28.5634	-0.153514	-4.29074	1.3387	-3.25848	-5.88486
28.5956	-0.108321	-4.40016	1.4754	-3.54362	-5.88486
28.6222	-0.0671665	-4.49792	1.62198	-3.80503	-5.88486
28.6446	-0.0291976	-4.58582	1.77438	-4.05121	-5.88486
28.6631	0.00508638	-4.66307	1.92522	-4.28041	-5.88486
28.6787	0.0360766	-4.73114	2.07196	-4.49522	-5.88486
28.6946	0.0704288	-4.80467	2.24594	-4.7437	-5.88486
28.711	0.10897	-4.8849	2.45518	-5.03763	-5.88486
28.7278	0.152164	-4.97218	2.70722	-5.38849	-5.88486
28.7447	0.200522	-5.06693	3.01071	-5.81011	-5.88486
28.7588	0.245063	-5.15178	3.30818	-6.22482	-5.88486
28.7716	0.289222	-5.23395	3.61576	-6.65675	-5.88486
28.7846	0.338356	-5.32347	3.96295	-7.14982	-5.88486
28.7966	0.388244	-5.41273	4.30209	-7.6399	-5.88486
28.808	0.439083	-5.50249	4.60324	-8.088	-5.88486
28.816	0.476241	-5.56763	4.77198	-8.35213	-5.88486
28.8242	0.516141	-5.63744	4.88366	-8.54794	-5.88486
28.832	0.554441	-5.70461	4.90774	-8.63027	-5.88486
28.8406	0.596336	-5.77865	4.83128	-8.59045	-5.88486
28.8491	0.636679	-5.85097	4.65773	-8.42836	-5.88486
28.8569	0.672141	-5.91581	4.4332	-8.20045	-5.88486
28.8648	0.706052	-5.97939	4.16652	-7.92548	-5.88486
28.8736	0.741352	-6.04777	3.84651	-7.59917	-5.88486
28.8848	0.782055	-6.13044	3.4366	-7.19545	-5.88486
28.8981	0.824806	-6.22361	2.96807	-6.76275	-5.88486
28.9108	0.859727	-6.30693	2.55603	-6.41462	-5.88486
28.9242	0.891328	-6.39101	2.15205	-6.10816	-5.88486
28.9392	0.920477	-6.48059	1.73573	-5.83244	-5.88486
28.9564	0.946436	-6.57846	1.29569	-5.58741	-5.88486
28.9761	0.967277	-6.68637	0.824957	-5.37686	-5.88486
28.9982	0.979952	-6.80295	0.329279	-5.20629	-5.88486
29.0213	0.981801	-6.92194	-0.16578	-5.07654	-5.88486
29.0439	0.972807	-7.0354	-0.627806	-4.97821	-5.88486
29.0664	0.953633	-7.14665	-1.06941	-4.89034	-5.88486
29.0925	0.919479	-7.27251	-1.5506	-4.78218	-5.88486
29.1208	0.86861	-7.40602	-2.03153	-4.63384	-5.88486
29.1501	0.802444	-7.53901	-2.46969	-4.42537	-5.88486
29.1794	0.724486	-7.66485	-2.83511	-4.14555	-5.88486
29.2087	0.637317	-7.78094	-3.11846	-3.78845	-5.88486
29.2376	0.543991	-7.88454	-3.31659	-3.35874	-5.88486
29.2659	0.448425	-7.97277	-3.43326	-2.87419	-5.88486
29.2941	0.350678	-8.04646	-3.48149	-2.3392	-5.88486
29.323	0.250113	-8.10567	-3.47213	-1.75554	-5.88486
29.3537	0.144356	-8.14975	-3.41397	-1.1154	-5.88486
29.3839	0.0423978	-8.17389	-3.32693	-0.482981	-5.88486
29.4142	-0.0568715	-8.17907	-3.2289	0.137937	-5.88486
29.4422	-0.146171	-8.16736	-3.14327	0.694895	-5.88486
29.4695	-0.231062	-8.14116	-3.07625	1.22025	-5.88486
29.5026	-0.331971	-8.0905	-3.03097	1.84046	-5.88486
29.5376	-0.437863	-8.01482	-3.04336	2.4943	-5.88486
29.5658	-0.524508	-7.93683	-3.11269	3.04255	-5.88486
29.5877	-0.593773	-7.86519	-3.21184	3.49666	-5.88486
29.6072	-0.657634	-7.79276	-3.33801	3.9306	-5.88486
29.6252	-0.719018	-7.71818	-3.48644	4.35898	-5.88486
29.6434	-0.784168	-7.63455	-3.66081	4.81359	-5.88486
29.6615	-0.851887	-7.54356	-3.83352	5.25544	-5.88486
29.6728	-0.89563	-7.48288	-3.91993	5.49959	-5.88486
29.6851	-0.944173	-7.41395	-3.97104	5.70621	-5.88486
29.6962	-0.98842	-7.34968	-3.95951	5.81515	-5.88486
29.7077	-1.0336	-7.28254	-3.87768	5.83417	-5.88486
29.7187	-1.0755	-7.21869	-3.73392	5.76597	-5.88486
29.73	-1.11637	-7.15463	-3.53303	5.6271	-5.88486
29.7408	-1.15342	-7.09461	-3.30459	5.45113	-5.88486
29.7525	-1.19063	-7.03188	-3.03715	5.24	-5.88486
29.7667	-1.23143	-6.95926	-2.70601	4.9845	-5.88486
29.784	-1.2747	-6.87578	-2.31341	4.70229	-5.88486
29.8012	-1.3113	-6.79691	-1.94133	4.4639	-5.88486
29.819	-1.34257	-6.71939	-1.57913	4.26381	-5.88486
29.8387	-1.36988	-6.63728	-1.20051	4.09022	-5.88486
29.8611	-1.39217	-6.54732	-0.790608	3.94154	-5.88486
29.8869	-1.40672	-6.44706	-0.337352	3.81742	-5.88486
29.9163	-1.40928	-6.33663	0.160424	3.71491	-5.88486
29.9479	-1.39592	-6.22071	0.682995	3.62274	-5.88486
29.9854	-1.3589	-6.0869	1.28574	3.50023	-5.88486
30.0179	-1.30897	-5.97549	1.78483	3.35169	-5.88486
30.0477	-1.2492	-5.87822	2.21669	3.15814	-5.88486
30.0779	-1.17626	-5.78689	2.61857	2.89096	-5.88486
30.1058	-1.09835	-5.71047	2.95462	2.56936	-5.88486
30.1323	-1.0161	-5.64712	3.23933	2.19365	-5.88486
30.158	-0.929638	-5.59613	3.48431	1.76441	-5.88486
30.1832	-0.839144	-5.55763	3.69985	1.28355	-5.88486
30.208	-0.745015	-5.53227	3.89641	0.75502	-5.88486
30.2322	-0.648542	-5.52076	4.08445	0.188126	-5.88486
30.2517	-0.567093	-5.52188	4.2436	-0.308254	-5.88486
30.2715	-0.481243	-5.53328	4.42157	-0.848734	-5.88486
30.2904	-0.39629	-5.55438	4.61674	-1.40219	-5.88486
30.3088	-0.309298	-5.58552	4.84431	-1.99026	-5.88486
30.3237	-0.235183	-5.61915	5.06488	-2.50955	-5.88486
30.3374	-0.164626	-5.65676	5.29906	-3.01859	-5.88486
30.3511	-0.089974	-5.70198	5.56987	-3.56728	-5.88486
30.3621	-0.0272267	-5.74386	5.80917	-4.02654	-5.88486
30.371	0.0251362	-5.78118	6.00886	-4.39693	-5.88486
30.3801	0.081024	-5.8231	6.21042	-4.76332	-5.88486
30.3888	0.135884	-5.86597	6.38201	-5.07371	-5.88486
30.398	0.195039	-5.9137	6.5185	-5.32712	-5.88486
30.4063	0.249635	-5.9587	6.58309	-5.46334	-5.88486
30.4148	0.305205	-6.00499	6.57711	-5.49065	-5.88486
30.423	0.358745	-6.04964	6.50067	-5.40819	-5.88486
30.4315	0.413896	-6.09527	6.35614	-5.22169	-5.88486
30.4397	0.465034	-6.1369	6.17439	-4.97391	-5.88486
30.4482	0.516429	-6.17777	5.95944	-4.67245	-5.88486
30.4577	0.572284	-6.22078	5.70466	-4.30755	-5.88486
30.4702	0.6412	-6.27139	5.38016	-3.8332	-5.88486
30.4842	0.714074	-6.32145	5.04353	-3.33029	-5.88486
30.4975	0.779457	-6.36294	4.75682	-2.89311	-5.88486
30.5117	0.845059	-6.40101	4.48731	-2.47477	-5.88486
30.5275	0.91395	-6.43683	4.22401	-2.06013	-5.88486
30.5456	0.987889	-6.47022	3.96146	-1.64361	-5.88486
30.5666	1.06799	-6.50014	3.69549	-1.22468	-5.88486
30.5905	1.15334	-6.52446	3.42569	-0.813826	-5.88485
30.6163	1.2382	-6.54049	3.16221	-0.441277	-5.88485
30.642	1.31632	-6.54773	2.91477	-0.131008	-5.88485
30.6636	1.377	-6.54814	2.71309	0.086685	-5.88485
30.6852	1.43347	-6.54423	2.51267	0.269092	-5.88485
30.7059	1.48352	-6.53712	2.32012	0.4126	-5.88485
30.729	1.53453	-6.52609	2.1037	0.538854	-5.88485
30.7541	1.58436	-6.51122	1.86454	0.639502	-5.88485
30.7813	1.63144	-6.49281	1.60137	0.709611	-5.88485
30.8107	1.67434	-6.47128	1.31123	0.746225	-5.88485
30.843	1.71148	-6.44706	0.988779	0.747739	-5.88485
30.8792	1.7407	-6.42049	0.623534	0.713487	-5.88485
30.9201	1.75775	-6.39261	0.210188	0.646721	-5.88485
30.9694	1.75587	-6.36302	-0.285528	0.555112	-5.88485
31.0197	1.72888	-6.33705	-0.78627	0.483859	-5.88485
31.0577	1.69192	-6.31912	-1.16047	0.467301	-5.88485
31.0933	1.64437	-6.30211	-1.51003	0.496365	-5.88485
31.1291	1.58406	-6.28301	-1.86315	0.582596	-5.88485
31.1625	1.5162	-6.26131	-2.20003	0.727418	-5.88485
31.1942	1.44126	-6.23518	-2.53319	0.934603	-5.88485
31.2245	1.35923	-6.20282	-2.8755	1.21075	-5.88485
31.2505	1.28037	-6.16749	-3.19799	1.52095	-5.88485
31.272	1.20871	-6.13159	-3.49465	1.83937	-5.88485
31.2905	1.14118	-6.09444	-3.78272	2.17026	-5.88485
31.3069	1.07679	-6.05608	-4.06799	2.51212	-5.88485
31.3218	1.0144	-6.01627	-4.35501	2.86491	-5.88485
31.3368	0.946447	-5.97018	-4.67709	3.26617	-5.88485
31.3506	0.879939	-5.92254	-4.99495	3.66308	-5.88485
31.364	0.810594	-5.87059	-5.3147	4.05791	-5.88485
31.3742	0.755466	-5.82798	-5.54562	4.33527	-5.88485
31.3836	0.702572	-5.78629	-5.7337	4.54975	-5.88485
31.3932	0.646783	-5.74183	-5.88263	4.70024	-5.88485
31.4022	0.592896	-5.6988	-5.96795	4.756	-5.88485
31.412	0.534514	-5.65254	-5.99073	4.70889	-5.88485
31.4214	0.478559	-5.60905	-5.94847	4.56287	-5.88485
31.4308	0.422758	-5.56697	-5.85478	4.33303	-5.88485
31.44	0.369675	-5.52852	-5.73119	4.05403	-5.88485
31.4498	0.314193	-5.49038	-5.5802	3.71852	-5.88485
31.4612	0.25171	-5.45038	-5.39882	3.30781	-5.88485
31.4746	0.180355	-5.40911	-5.19299	2.81817	-5.88485
31.4888	0.108361	-5.37283	-4.99809	2.31811	-5.88485
31.504	0.0336688	-5.34149	-4.81522	1.80239	-5.88485
31.5201	-0.042307	-5.31673	-4.65027	1.28503	-5.88485
31.5374	-0.121795	-5.29906	-4.49769	0.752411	-5.88485
31.5563	-0.20506	-5.2901	-4.35409	0.203357	-5.88485
31.5761	-0.290036	-5.29159	-4.21676	-0.348349	-5.88485
31.5956	-0.371176	-5.3035	-4.08573	-0.866968	-5.88485
31.6169	-0.456413	-5.32766	-3.93814	-1.40203	-5.88485
31.6407	-0.548077	-5.36782	-3.7549	-1.9637	-5.88485
31.6659	-0.639838	-5.42422	-3.52954	-2.5081	-5.88485
31.6915	-0.726836	-5.49492	-3.25788	-3.00432	-5.88485
31.7171	-0.80642	-5.57772	-2.93766	-3.43979	-5.88485
31.7429	-0.877414	-5.67129	-2.56678	-3.81542	-5.88485
31.769	-0.939062	-5.77537	-2.14217	-4.13961	-5.88485
31.796	-0.990404	-5.89097	-1.65806	-4.42641	-5.88485
31.8245	-1.0298	-6.02092	-1.10194	-4.69791	-5.88485
31.8491	-1.05067	-6.13952	-0.58619	-4.92936	-5.88485
31.8693	-1.05803	-6.24094	-0.139851	-5.13361	-5.88485
31.885	-1.05737	-6.32318	0.225742	-5.31292	-5.88485
31.8998	-1.05139	-6.4032	0.584826	-5.505	-5.88485
31.9148	-1.03983	-6.48713	0.964871	-5.72931	-5.88485
31.9293	-1.02304	-6.57209	1.35211	-5.98215	-5.88485
31.9432	-1.00162	-6.65695	1.7381	-6.25844	-5.88485
31.9565	-0.975898	-6.74238	2.11876	-6.55213	-5.88485
31.9701	-0.944493	-6.83351	2.5017	-6.86311	-5.88485
31.9801	-0.918247	-6.90297	2.76351	-7.0787	-5.88485
31.9896	-0.890837	-6.9713	2.98186	-7.25274	-5.88485
31.9993	-0.861026	-7.0423	3.15395	-7.37359	-5.88485
32.0086	-0.831236	-7.11097	3.25675	-7.41638	-5.88485
32.0187	-0.798148	-7.18561	3.29217	-7.37107	-5.88485
32.0281	-0.767299	-7.25442	3.25736	-7.24699	-5.88485
32.0377	-0.73633	-7.32332	3.16727	-7.05525	-5.88485
32.0471	-0.706979	-7.38891	3.04234	-6.82542	-5.88485
32.0574	-0.676693	-7.45725	2.88498	-6.55392	-5.88485
32.0694	-0.643168	-7.53411	2.69022	-6.22895	-5.88485
32.0854	-0.602076	-7.63062	2.43943	-5.8164	-5.88485
32.1019	-0.563715	-7.72352	2.2073	-5.43264	-5.88485
32.1184	-0.529154	-7.80989	2.0082	-5.09586	-5.88485
32.1363	-0.4948	-7.8984	1.82507	-4.77289	-5.88485
32.1566	-0.459553	-7.99191	1.65679	-4.45474	-5.88485
32.1799	-0.422735	-8.09204	1.50646	-4.13606	-5.88485
32.207	-0.383807	-8.19942	1.38053	-3.81231	-5.88485
32.2363	-0.344724	-8.30653	1.2928	-3.49825	-5.88485
32.2671	-0.305675	-8.40967	1.2468	-3.19293	-5.88485
32.3002	-0.264639	-8.51003	1.24276	-2.87936	-5.88485
32.3363	-0.219173	-8.60781	1.28468	-2.53997	-5.88485
32.3773	-0.164617	-8.704	1.38196	-2.14527	-5.88485
32.4186	-0.104848	-8.78406	1.52098	-1.73285	-5.88485
32.4589	-0.0402906	-8.84563	1.68105	-1.31759	-5.88485
32.4935	0.0202292	-8.885	1.82169	-0.962784	-5.88485
32.5195	0.0689606	-8.90667	1.92041	-0.704438	-5.88485
32.5471	0.123204	-8.92251	2.01019	-0.447615	-5.88485
32.574	0.17833	-8.93146	2.07656	-0.220976	-5.88485
32.5955	0.223238	-8.93446	2.11062	-0.0622611	-5.88485
32.6139	0.262241	-8.93448	2.12496	0.0567823	-5.88485
32.6325	0.301879	-8.93243	2.12461	0.160094	-5.88485
32.6503	0.339456	-8.92884	2.11003	0.241884	-5.88485
32.6695	0.379835	-8.92347	2.07851	0.312654	-5.88485
32.69	0.421969	-8.91646	2.0275	0.368081	-5.88485
32.7117	0.465046	-8.90806	1.95531	0.40584	-5.88485
32.7343	0.508378	-8.89859	1.86079	0.425029	-5.88485
32.7582	0.551329	-8.88843	1.74315	0.425764	-5.88485
32.7832	0.593303	-8.87793	1.60163	0.408865	-5.88485
32.8101	0.634102	-8.86737	1.43321	0.375079	-5.88485
32.8399	0.673806	-8.85693	1.23018	0.32384	-5.88485
32.8764	0.71386	-8.84646	0.964175	0.248319	-5.88485
32.9045	0.737972	-8.84037	0.749609	0.184392	-5.88485
32.9305	0.754819	-8.83637	0.546301	0.122903	-5.88485
32.9566	0.766399	-8.83398	0.338305	0.0596908	-5.88485
32.9778	0.771774	-8.83327	0.168159	0.00788859	-5.88485
32.9961	0.773503	-8.83353	0.0210956	-0.0369719	-5.88485
33.0146	0.772522	-8.83463	-0.127498	-0.0824387	-5.88485
33.0342	0.768472	-8.83672	-0.285278	-0.130946	-5.88485
33.0558	0.760444	-8.84013	-0.458066	-0.184415	-5.88485
33.0791	0.747581	-8.84511	-0.643122	-0.242104	-5.88485
33.1043	0.728937	-8.85197	-0.839201	-0.303553	-5.88485
33.1315	0.703231	-8.86113	-1.04639	-0.368299	-5.88485
33.1618	0.668204	-8.87331	-1.26735	-0.43571	-5.88485
33.1984	0.617131	-8.89061	-1.5172	-0.505854	-5.88485
33.2282	0.569211	-8.90632	-1.70092	-0.547801	-5.88485
33.2566	0.518608	-8.92225	-1.85583	-0.569491	-5.88485
33.2851	0.463679	-8.93855	-1.98681	-0.567322	-5.88485
33.3117	0.409523	-8.95331	-2.08282	-0.53855	-5.88485
33.337	0.355999	-8.96628	-2.14806	-0.483226	-5.88485
33.3613	0.303201	-8.97711	-2.18498	-0.401388	-5.88485
33.3849	0.251666	-8.98534	-2.19553	-0.294325	-5.88485
33.4076	0.20193	-8.9906	-2.18224	-0.164592	-5.88485
33.4294	0.154563	-8.99262	-2.14845	-0.0161972	-5.88485
33.4502	0.110374	-8.99131	-2.09858	0.14459	-5.88485
33.4692	0.0711023	-8.98706	-2.03972	0.305831	-5.88485
33.4913	0.0269118	-8.97809	-1.95764	0.508032	-5.88485
33.5171	-0.022322	-8.96173	-1.84759	0.759107	-5.88485
33.5433	-0.0690561	-8.93846	-1.72691	1.02222	-5.88485
33.5722	-0.116951	-8.9047	-1.59007	1.31626	-5.88485
33.6128	-0.177755	-8.84289	-1.40582	1.72376	-5.88485
33.6585	-0.237844	-8.75397	-1.23016	2.16243	-5.88485
33.704	-0.290754	-8.64614	-1.1067	2.57703	-5.88485
33.7454	-0.335223	-8.53179	-1.05046	2.94486	-5.88485
33.7824	-0.37402	-8.41657	-1.05356	3.27888	-5.88485
33.8197	-0.414227	-8.28787	-1.11599	3.63659	-5.88485
33.8498	-0.449274	-8.17351	-1.21788	3.95782	-5.88485
33.876	-0.482831	-8.06575	-1.35118	4.27445	-5.88485
33.8989	-0.515386	-7.96464	-1.50785	4.59114	-5.88485
33.9189	-0.547245	-7.86962	-1.68181	4.91072	-5.88485
33.9367	-0.578811	-7.77935	-1.86936	5.23629	-5.88485
33.9529	-0.610682	-7.69184	-2.06876	5.57178	-5.88485
33.9693	-0.646385	-7.59756	-2.29622	5.94969	-5.88485
33.9845	-0.68306	-7.50412	-2.52236	6.32814	-5.88485
34.0004	-0.725029	-7.40028	-2.74979	6.72397	-5.88485
34.0104	-0.753156	-7.33186	-2.86811	6.94844	-5.88485
34.0212	-0.784623	-7.25575	-2.95235	7.14161	-5.88485
34.031	-0.813732	-7.1851	-2.97238	7.25071	-5.88485
34.0409	-0.843081	-7.11286	-2.92587	7.28161	-5.88485
34.0512	-0.872499	-7.03847	-2.80528	7.22739	-5.88485
34.0616	-0.900837	-6.96368	-2.61607	7.09542	-5.88485
34.0711	-0.924654	-6.89715	-2.40066	6.92811	-5.88485
34.0809	-0.947036	-6.83002	-2.14965	6.72806	-5.88485
34.092	-0.969127	-6.75704	-1.8506	6.49242	-5.88485
34.106	-0.992459	-6.66768	-1.46278	6.19961	-5.88485
34.1209	-1.01115	-6.57798	-1.0625	5.91799	-5.88485
34.1357	-1.02402	-6.49213	-0.676654	5.66841	-5.88485
34.1506	-1.03131	-6.40936	-0.305495	5.44796	-5.88485
34.166	-1.03317	-6.3271	0.0613017	5.24641	-5.88485
34.1816	-1.02941	-6.2466	0.417915	5.06187	-5.88485
34.1972	-1.02017	-6.16875	0.760548	4.89009	-5.88485
34.2163	-1.00183	-6.07741	1.15957	4.68872	-5.88485
34.2385	-0.971194	-5.97603	1.59828	4.45221	-5.88485
34.2634	-0.925609	-5.86866	2.05698	4.16675	-5.88485
34.2903	-0.864037	-5.76108	2.50911	3.81662	-5.88485
34.3178	-0.789418	-5.66188	2.91918	3.40093	-5.88485
34.3438	-0.708961	-5.57921	3.25857	2.94477	-5.88485
34.369	-0.622928	-5.51103	3.54399	2.44204	-5.88485
34.394	-0.531282	-5.45682	3.78866	1.88952	-5.88485
34.4189	-0.434338	-5.4172	4.00446	1.28857	-5.88485
34.4434	-0.333589	-5.39333	4.20289	0.649294	-5.88485
34.4637	-0.24669	-5.3858	4.36708	0.0876284	-5.88485
34.4797	-0.175775	-5.38809	4.50399	-0.377302	-5.88485
34.4964	-0.0992678	-5.3986	4.66064	-0.885497	-5.88485
34.5123	-0.0237715	-5.41671	4.82892	-1.39351	-5.88485
34.5279	0.0526435	-5.44235	5.01589	-1.91292	-5.88485
34.5426	0.128087	-5.47434	5.21656	-2.42658	-5.88485
34.5567	0.203103	-5.51208	5.42666	-2.92839	-5.88485
34.5701	0.277175	-5.55447	5.63244	-3.39713	-5.88485
34.5814	0.341751	-5.59496	5.79471	-3.76188	-5.88485
34.591	0.397995	-5.63241	5.90808	-4.02568	-5.88485
34.6008	0.456371	-5.67296	5.98296	-4.2257	-5.88485
34.6101	0.512122	-5.7128	6.00141	-4.3301	-5.88485
34.62	0.571325	-5.75577	5.95593	-4.33779	-5.88485
34.6295	0.627562	-5.7967	5.85014	-4.24719	-5.88485
34.6391	0.682881	-5.83661	5.6931	-4.07543	-5.88485
34.6483	0.734252	-5.87301	5.50999	-3.85734	-5.88485
34.658	0.78683	-5.90927	5.29649	-3.59243	-5.88485
34.6692	0.844793	-5.94774	5.0431	-3.27054	-5.88485
34.6849	0.921013	-5.99544	4.69946	-2.82815	-5.88485
34.7003	0.990979	-6.03587	4.38686	-2.42499	-5.88485
34.715	1.05371	-6.06905	4.11471	-2.07729	-5.88485
34.7308	1.11649	-6.09916	3.85159	-1.74787	-5.88485
34.7483	1.18133	-6.1268	3.5888	-1.43014	-5.88485
34.7679	1.24915	-6.15181	3.32096	-1.12388	-5.88485
34.7902	1.3202	-6.17356	3.04358	-0.832948	-5.88485
34.8155	1.39337	-6.19111	2.75463	-0.566791	-5.88485
34.8431	1.46533	-6.20349	2.45835	-0.340584	-5.88485
34.8717	1.53146	-6.21062	2.16484	-0.167347	-5.88485
34.9	1.58872	-6.21357	1.88248	-0.0485273	-5.88485
34.9272	1.63614	-6.21382	1.61597	0.0233586	-5.88485
34.9521	1.67347	-6.21274	1.37217	0.0585821	-5.88485
34.9762	1.70367	-6.21117	1.13819	0.0687796	-5.88485
35.0038	1.73138	-6.20938	0.870148	0.0570623	-5.88485
35.0366	1.75472	-6.20808	0.551233	0.0184927	-5.88485
35.0669	1.76696	-6.20826	0.256641	-0.0326665	-5.88485
35.0987	1.77021	-6.21026	-0.0523133	-0.0934951	-5.88485
35.1298	1.76386	-6.21409	-0.355572	-0.151746	-5.88485
35.1647	1.74555	-6.22036	-0.694982	-0.204647	-5.88485
35.2051	1.70949	-6.22938	-1.08876	-0.234422	-5.88485
35.2383	1.66798	-6.23705	-1.41228	-0.220848	-5.88485
35.2678	1.62218	-6.24291	-1.69972	-0.171024	-5.88485
35.2946	1.57312	-6.24647	-1.96295	-0.0882284	-5.88485
35.3184	1.52356	-6.24735	-2.19953	0.0201576	-5.88485
35.3398	1.47403	-6.24558	-2.41643	0.149582	-5.88485
35.3613	1.41965	-6.24067	-2.63961	0.313177	-5.88485
35.3848	1.35467	-6.2308	-2.89352	0.535337	-5.88485
35.4094	1.28028	-6.21427	-3.17599	0.822631	-5.88485
35.4335	1.20006	-6.19038	-3.47993	1.1696	-5.88485
35.4531	1.12922	-6.16424	-3.75428	1.50698	-5.88485
35.4705	1.06161	-6.13507	-4.02541	1.85493	-5.88485
35.4861	0.996579	-6.10333	-4.29697	2.21186	-5.88485
35.502	0.925985	-6.06505	-4.60384	2.61977	-5.88485
35.5163	0.857864	-6.02465	-4.90864	3.02534	-5.88485
35.5297	0.790054	-5.98142	-5.21242	3.42622	-5.88485
35.5434	0.716554	-5.93173	-5.52544	3.83102	-5.88485
35.5528	0.663501	-5.8944	-5.72659	4.08226	-5.88485
35.5621	0.609663	-5.85563	-5.89606	4.282	-5.88485
35.5714	0.55398	-5.81498	-6.02234	4.4117	-5.88485
35.5805	0.498881	-5.77463	-6.08937	4.44951	-5.88485
35.5907	0.436795	-5.72958	-6.09262	4.37831	-5.88485
35.5999	0.381114	-5.69008	-6.03549	4.21797	-5.88485
35.6091	0.32575	-5.65212	-5.93318	3.98235	-5.88485
35.6183	0.271831	-5.61682	-5.80243	3.69677	-5.88485
35.6283	0.214918	-5.58175	-5.64447	3.35354	-5.88485
35.6399	0.150165	-5.54507	-5.45449	2.93119	-5.88485
35.6528	0.0812902	-5.51037	-5.25376	2.4637	-5.88485
35.6661	0.0126459	-5.48073	-5.06372	1.99216	-5.88485
35.6803	-0.0581243	-5.45585	-4.8824	1.50787	-5.88485
35.6959	-0.132746	-5.43633	-4.70773	1.00319	-5.88485
35.7125	-0.209591	-5.42395	-4.54302	0.4913	-5.88485
35.7301	-0.288183	-5.41987	-4.38558	-0.0238494	-5.88485
35.7481	-0.365768	-5.42484	-4.23477	-0.524149	-5.88485
35.7653	-0.437023	-5.43771	-4.09407	-0.976149	-5.88485
35.7855	-0.518097	-5.46261	-3.92323	-1.4808	-5.88485
35.8079	-0.603684	-5.50166	-3.71928	-2.00062	-5.88485
35.8316	-0.689053	-5.55515	-3.4774	-2.5035	-5.88485
35.856	-0.770456	-5.62195	-3.19382	-2.96658	-5.88485
35.8807	-0.845527	-5.70059	-2.86583	-3.37931	-5.88485
35.9058	-0.912884	-5.79013	-2.4909	-3.7413	-5.88485
35.9315	-0.971492	-5.89041	-2.06564	-4.05914	-5.88485
35.9581	-1.02017	-6.00238	-1.58423	-4.3455	-5.88485
35.9862	-1.05708	-6.12844	-1.03551	-4.62093	-5.88485
36.01	-1.07588	-6.24106	-0.540663	-4.85294	-5.88485
36.0294	-1.08227	-6.33691	-0.116355	-5.05622	-5.88485
36.0445	-1.08142	-6.41474	0.230385	-5.23302	-5.88485
36.0605	-1.07471	-6.50001	0.612523	-5.44444	-5.88485
36.075	-1.06323	-6.58047	0.974709	-5.66408	-5.88485
36.0892	-1.0467	-6.66294	1.34548	-5.90975	-5.88485
36.1031	-1.02555	-6.74647	1.71605	-6.17552	-5.88485
36.1168	-0.999453	-6.83314	2.08596	-6.45755	-5.88485
36.1298	-0.970156	-6.91873	2.42151	-6.72139	-5.88485
36.1398	-0.944609	-6.98725	2.65488	-6.9022	-5.88485
36.1504	-0.915347	-7.06123	2.85683	-7.04537	-5.88485
36.1602	-0.88688	-7.13014	2.98669	-7.11276	-5.88485
36.1701	-0.856735	-7.20102	3.05446	-7.10414	-5.88485
36.1807	-0.824472	-7.27549	3.05368	-7.00782	-5.88485
36.1914	-0.791996	-7.34983	2.98758	-6.83179	-5.88485
36.2012	-0.763171	-7.41583	2.8858	-6.62296	-5.88485
36.2115	-0.73407	-7.48289	2.75348	-6.37595	-5.88485
36.2233	-0.702668	-7.55611	2.5894	-6.08326	-5.88485
36.2385	-0.664798	-7.64604	2.37767	-5.71251	-5.88485
36.2564	-0.624372	-7.74451	2.15114	-5.31324	-5.88485
36.2734	-0.589461	-7.83181	1.96535	-4.97531	-5.88485
36.2915	-0.555324	-7.91921	1.79894	-4.65555	-5.88485
36.3119	-0.520336	-8.01059	1.64887	-4.3405	-5.88485
36.3351	-0.483588	-8.10778	1.518	-4.02341	-5.88485
36.3621	-0.444209	-8.21172	1.41253	-3.69794	-5.88485
36.3925	-0.402423	-8.31906	1.34352	-3.36627	-5.88485
36.4242	-0.360358	-8.42056	1.31955	-3.04384	-5.88485
36.4581	-0.315391	-8.51807	1.34062	-2.70922	-5.88485
36.4952	-0.264492	-8.61176	1.41181	-2.34087	-5.88485
36.5379	-0.201463	-8.70243	1.54667	-1.89916	-5.88485
36.5785	-0.135313	-8.77064	1.71566	-1.45464	-5.88485
36.6194	-0.061158	-8.82062	1.91017	-0.984681	-5.88485
36.6556	0.0111672	-8.84859	2.08571	-0.561171	-5.88485
36.6819	0.0675346	-8.85933	2.20507	-0.258168	-5.88485
36.71	0.131057	-8.86218	2.31674	0.05281	-5.88485
36.7307	0.179768	-8.85882	2.38429	0.268766	-5.88485
36.752	0.23107	-8.85088	2.43761	0.475012	-5.88485
36.774	0.285318	-8.83821	2.47363	0.66984	-5.88485
36.797	0.342414	-8.82069	2.48873	0.849951	-5.88485
36.8208	0.401534	-8.79851	2.47966	1.01089	-5.88485
36.8454	0.462156	-8.77187	2.44424	1.15083	-5.88485
36.871	0.523853	-8.74089	2.3809	1.26952	-5.88485
36.8976	0.586193	-8.70566	2.28837	1.36788	-5.88485
36.9257	0.648691	-8.66614	2.16556	1.44781	-5.88485
36.9554	0.710801	-8.62212	2.0112	1.51215	-5.88485
36.9872	0.771935	-8.57307	1.82319	1.56457	-5.88485
37.022	0.831516	-8.5178	1.59708	1.60969	-5.88485
37.0615	0.889179	-8.45337	1.32138	1.65352	-5.88485
37.1069	0.941612	-8.37723	0.98694	1.70245	-5.88485
37.1524	0.978624	-8.29864	0.639556	1.7558	-5.88485
37.1949	0.998785	-8.22278	0.307762	1.81338	-5.88485
37.2367	1.00477	-8.14555	-0.0217123	1.88116	-5.88485
37.2694	0.999864	-8.08312	-0.278905	1.94544	-5.88485
37.3017	0.986763	-8.01906	-0.531809	2.02304	-5.88485
37.3343	0.965283	-7.95154	-0.784475	2.12033	-5.88485
37.3661	0.936465	-7.88231	-1.02791	2.2385	-5.88485
37.398	0.899758	-7.80856	-1.27098	2.38556	-5.88485
37.4306	0.854368	-7.72807	-1.52066	2.57016	-5.88485
37.4639	0.799385	-7.63878	-1.78504	2.80241	-5.88485
37.4976	0.734327	-7.53943	-2.07324	3.09321	-5.88485
37.5311	0.659682	-7.43011	-2.39538	3.4534	-5.88485
37.562	0.580346	-7.31707	-2.74729	3.87525	-5.88485
37.5855	0.512219	-7.22159	-3.06892	4.27732	-5.88485
37.6063	0.444824	-7.12805	-3.41293	4.71867	-5.88485
37.6252	0.376838	-7.03433	-3.79214	5.21444	-5.88485
37.6401	0.317682	-6.95312	-4.15139	5.69057	-5.88485
37.6529	0.262384	-6.8774	-4.51158	6.17276	-5.88485
37.6644	0.208329	-6.80348	-4.8823	6.67316	-5.88485
37.6762	0.148406	-6.7216	-5.30272	7.24501	-5.88485
37.6848	0.10135	-6.65731	-5.62449	7.68567	-5.88485
37.6937	0.0499768	-6.58709	-5.94426	8.12651	-5.88485
37.7018	0.000350893	-6.51923	-6.19426	8.47425	-5.88485
37.707	-0.0318052	-6.47522	-6.31142	8.63934	-5.88485
37.7126	-0.0674404	-6.42643	-6.39022	8.75333	-5.88485
37.7179	-0.101135	-6.38025	-6.40989	8.78688	-5.88485
37.7232	-0.135463	-6.33318	-6.3732	8.7443	-5.88485
37.7289	-0.171328	-6.28394	-6.27612	8.62055	-5.88485
37.7351	-0.21008	-6.23068	-6.11152	8.40681	-5.88485
37.7422	-0.252569	-6.17217	-5.87414	8.09715	-5.88485
37.7498	-0.296054	-6.11215	-5.58803	7.72467	-5.88485
37.7588	-0.344835	-6.04458	-5.23739	7.27136	-5.88485
37.7686	-0.394351	-5.97564	-4.8695	6.80137	-5.88485
37.7797	-0.446306	-5.90277	-4.48624	6.32014	-5.88485
37.7918	-0.498321	-5.82909	-4.11469	5.86459	-5.88485
37.8054	-0.551701	-5.75242	-3.75017	5.43169	-5.88485
37.8216	-0.609193	-5.66821	-3.37659	5.0073	-5.88485
37.8401	-0.668086	-5.57948	-3.01061	4.6168	-5.88484
37.86	-0.724617	-5.49092	-2.66877	4.28159	-5.88484
37.8822	-0.779975	-5.39942	-2.33413	3.98822	-5.88484
37.906	-0.831769	-5.30726	-2.00974	3.7429	-5.88484
37.9316	-0.879086	-5.21409	-1.68882	3.54221	-5.88484
37.9594	-0.921335	-5.11821	-1.36092	3.3813	-5.88484
37.9895	-0.957194	-5.01817	-1.01777	3.25742	-5.88484
38.0226	-0.984769	-4.91208	-0.651697	3.16712	-5.88484
38.0592	-1.00136	-4.79734	-0.256059	3.10418	-5.88484
38.0998	-1.0031	-4.67241	0.166965	3.05794	-5.88484
38.1293	-0.993816	-4.5827	0.460656	3.0282	-5.88484
38.1598	-0.975264	-4.49061	0.74996	2.99401	-5.88484
38.1908	-0.94771	-4.39846	1.02539	2.95263	-5.88484
38.2239	-0.909167	-4.30154	1.29923	2.90022	-5.88484
38.261	-0.855671	-4.19519	1.58128	2.83336	-5.88484
38.3028	-0.783482	-4.0785	1.86891	2.7518	-5.88484
38.3396	-0.710534	-3.9787	2.09572	2.67729	-5.88484
38.3769	-0.628408	-3.8802	2.29933	2.59918	-5.88484
38.412	-0.544801	-3.79038	2.46318	2.52129	-5.88484
38.4458	-0.459204	-3.70646	2.59227	2.43821	-5.88484
38.4789	-0.371703	-3.62724	2.68712	2.34465	-5.88484
38.5117	-0.282624	-3.55218	2.74639	2.23541	-5.88484
38.5444	-0.192337	-3.48113	2.76793	2.10538	-5.88484
38.5774	-0.101177	-3.41414	2.74904	1.9496	-5.88484
38.6094	-0.0139026	-3.35442	2.69053	1.77314	-5.88484
38.6347	0.053109	-3.31161	2.61686	1.61692	-5.88484
38.6601	0.118464	-3.27265	2.51897	1.4452	-5.88484
38.6872	0.185128	-3.23607	2.39006	1.24822	-5.88484
38.7177	0.255356	-3.2016	2.21849	1.01396	-5.88484
38.7517	0.327061	-3.17176	1.99863	0.741843	-5.88484
38.7903	0.398942	-3.14918	1.72054	0.427283	-5.88484
38.8322	0.464264	-3.13839	1.3959	0.0895683	-5.88484
38.87	0.511373	-3.14063	1.0909	-0.20638	-5.88484
38.9034	0.543284	-3.15176	0.818459	-0.457932	-5.88484
38.9374	0.566401	-3.17154	0.542481	-0.704599	-5.88484
38.9716	0.580264	-3.19978	0.269092	-0.945387	-5.88484
39.0071	0.58489	-3.23766	-0.00667712	-1.19031	-5.88484
39.0356	0.581636	-3.27437	-0.220401	-1.38616	-5.88484
39.0644	0.572302	-3.31709	-0.427119	-1.58529	-5.88484
39.0962	0.5552	-3.3712	-0.643301	-1.81019	-5.88484
39.1309	0.529096	-3.43829	-0.859149	-2.06222	-5.88484
39.1678	0.493525	-3.51958	-1.06148	-2.34139	-5.88484
39.2073	0.448007	-3.61807	-1.23772	-2.65241	-5.88484
39.2471	0.396029	-3.73015	-1.36303	-2.97821	-5.88484
39.2871	0.340032	-3.85604	-1.42347	-3.3143	-5.88484
39.3196	0.29376	-3.96822	-1.41546	-3.59066	-5.88484
39.3524	0.248358	-4.09031	-1.34867	-3.87035	-5.88484
39.3823	0.209576	-4.2101	-1.23105	-4.12772	-5.88484
39.4104	0.177203	-4.3293	-1.06861	-4.37227	-5.88484
39.4369	0.151426	-4.44848	-0.865858	-4.6115	-5.88484
39.462	0.132568	-4.56732	-0.627676	-4.85192	-5.88484
39.4856	0.120838	-4.6845	-0.360726	-5.09865	-5.88484
39.5046	0.1163	-4.78327	-0.112569	-5.32027	-5.88484
39.5204	0.116325	-4.86914	0.119735	-5.52751	-5.88484
39.5366	0.12037	-4.96066	0.383966	-5.76749	-5.88484
39.5515	0.128059	-5.04838	0.653234	-6.01981	-5.88484
39.5665	0.140102	-5.14102	0.954326	-6.31355	-5.88484
39.581	0.156177	-5.2346	1.27495	-6.6412	-5.88484
39.5945	0.175608	-5.32672	1.60422	-6.99411	-5.88484
39.6071	0.197852	-5.41702	1.93482	-7.36499	-5.88484
39.619	0.222921	-5.50728	2.26324	-7.74961	-5.88484
39.6309	0.251647	-5.60138	2.58588	-8.14378	-5.88484
39.6403	0.277099	-5.67942	2.81928	-8.44107	-5.88484
39.6485	0.300901	-5.7495	2.98576	-8.6632	-5.88484
39.6568	0.326287	-5.82238	3.0998	-8.8282	-5.88484
39.6648	0.351139	-5.89294	3.14054	-8.9076	-5.88484
39.6733	0.377833	-5.96898	3.10048	-8.89541	-5.88484
39.6817	0.403425	-6.04333	2.97869	-8.78824	-5.88484
39.6899	0.427104	-6.11462	2.79437	-8.61016	-5.88484
39.6978	0.44826	-6.18158	2.57307	-8.39257	-5.88484
39.7061	0.468634	-6.25051	2.30971	-8.13581	-5.88484
39.7156	0.489114	-6.32651	1.992	-7.83386	-5.88484
39.7282	0.511582	-6.42298	1.56712	-7.44801	-5.88484
39.742	0.530029	-6.52271	1.12022	-7.06793	-5.88484
39.7545	0.541621	-6.60927	0.734832	-6.76263	-5.88484
39.7672	0.548598	-6.69352	0.365827	-6.48926	-5.88484
39.7804	0.551025	-6.77742	0.0059087	-6.23856	-5.88484
39.7938	0.548772	-6.85954	-0.338382	-6.01046	-5.88484
39.8066	0.542492	-6.93472	-0.646222	-5.81274	-5.88484
39.8219	0.529831	-7.0224	-0.995972	-5.5899	-5.88484
39.8397	0.508809	-7.11934	-1.36993	-5.34512	-5.88484
39.8594	0.47795	-7.2222	-1.75011	-5.07591	-5.88484
39.8808	0.436607	-7.32733	-2.11768	-4.77666	-5.88484
39.9033	0.385047	-7.43111	-2.4552	-4.44105	-5.88484
39.9266	0.32421	-7.53041	-2.74929	-4.06413	-5.88484
39.9506	0.255272	-7.62287	-2.99201	-3.64307	-5.88484
39.9748	0.180432	-7.70561	-3.17812	-3.18421	-5.88484
39.9986	0.103265	-7.77566	-3.30741	-2.70621	-5.88484
40.0221	0.0241925	-7.83369	-3.38995	-2.21166	-5.88484
40.0458	-0.0565275	-7.87998	-3.43492	-1.70396	-5.88484
40.0695	-0.138226	-7.9143	-3.45106	-1.19	-5.88484
40.0994	-0.24132	-7.94021	-3.44442	-0.545651	-5.88484
40.1288	-0.342453	-7.94706	-3.42477	0.078026	-5.88484
40.1579	-0.441795	-7.936	-3.40816	0.680739	-5.88484
40.1909	-0.55413	-7.90246	-3.40971	1.35153	-5.88484
40.2159	-0.639787	-7.86228	-3.43496	1.85748	-5.88484
40.2392	-0.720232	-7.81357	-3.48158	2.3289	-5.88484
40.2628	-0.803051	-7.75305	-3.55067	2.80629	-5.88484
40.2854	-0.884127	-7.68458	-3.62747	3.25162	-5.88484
40.301	-0.94139	-7.63132	-3.67361	3.53676	-5.88484
40.3153	-0.993859	-7.57935	-3.69635	3.76033	-5.88484
40.3299	-1.04773	-7.52316	-3.68539	3.93475	-5.88484
40.3436	-1.09808	-7.46831	-3.63031	4.03207	-5.88484
40.3586	-1.1516	-7.40771	-3.51304	4.05483	-5.88484
40.3715	-1.19597	-7.35568	-3.36602	4.00935	-5.88484
40.3849	-1.23991	-7.30248	-3.17682	3.91233	-5.88484
40.3982	-1.28079	-7.25125	-2.96502	3.78439	-5.88484
40.4128	-1.32232	-7.19709	-2.71848	3.62798	-5.88484
40.4309	-1.3688	-7.13306	-2.40841	3.43485	-5.88484
40.4514	-1.41453	-7.0649	-2.06748	3.23937	-5.88484
40.472	-1.45375	-6.99984	-1.73888	3.0755	-5.88484
40.4938	-1.48811	-6.93418	-1.40762	2.93885	-5.88484
40.5186	-1.51854	-6.8628	-1.04917	2.82408	-5.88484
40.5474	-1.54295	-6.78292	-0.649508	2.73284	-5.88484
40.5818	-1.55727	-6.69029	-0.185769	2.66338	-5.88484
40.623	-1.55361	-6.58167	0.362259	2.6055	-5.88484
40.6614	-1.53003	-6.48291	0.868196	2.5452	-5.88484
40.6966	-1.49123	-6.39454	1.33062	2.45806	-5.88484
40.7321	-1.43586	-6.30963	1.78867	2.31663	-5.88484
40.7625	-1.37575	-6.24189	2.17069	2.13691	-5.88484
40.7929	-1.30404	-6.18046	2.54162	1.88989	-5.88484
40.8211	-1.22767	-6.13121	2.87378	1.59256	-5.88484
40.8475	-1.14762	-6.09349	3.17687	1.24786	-5.88484
40.8725	-1.06467	-6.06702	3.45969	0.859468	-5.88484
40.896	-0.980265	-6.0517	3.72857	0.435167	-5.88484
40.9147	-0.908749	-6.04707	3.94986	0.0545907	-5.88484
40.9297	-0.847914	-6.04876	4.13811	-0.283592	-5.88484
40.9453	-0.781857	-6.0561	4.3464	-0.665335	-5.88484
40.9606	-0.71374	-6.06935	4.5689	-1.07428	-5.88484
40.9757	-0.642827	-6.08889	4.81175	-1.51535	-5.88484
40.9901	-0.571761	-6.11394	5.06791	-1.97031	-5.88484
41.0036	-0.501484	-6.14363	5.33237	-2.42721	-5.88484
41.0165	-0.431119	-6.17778	5.60272	-2.88089	-5.88484
41.0294	-0.356763	-6.21805	5.88197	-3.33605	-5.88484
41.0397	-0.295184	-6.25411	6.0935	-3.672	-5.88484
41.0488	-0.239192	-6.28858	6.2563	-3.92464	-5.88484
41.0581	-0.180454	-6.32598	6.38255	-4.11496	-5.88484
41.0668	-0.124388	-6.36239	6.44915	-4.20884	-5.88484
41.0758	-0.066354	-6.40028	6.45581	-4.20582	-5.88484
41.0839	-0.0141958	-6.43405	6.40779	-4.11605	-5.88484
41.0915	0.0343234	-6.46488	6.32176	-3.96488	-5.88484
41.0989	0.080515	-6.4934	6.20924	-3.7694	-5.88484
41.1077	0.134609	-6.52546	6.04911	-3.4902	-5.88484
41.1172	0.191392	-6.55716	5.85982	-3.1555	-5.88484
41.1284	0.255821	-6.59024	5.63259	-2.74427	-5.88484
41.1407	0.323492	-6.62117	5.39222	-2.29521	-5.88484
41.1547	0.396835	-6.6497	5.13943	-1.80451	-5.88484
41.1687	0.467115	-6.67167	4.90924	-1.33964	-5.88484
41.1832	0.536823	-6.68781	4.69323	-0.888366	-5.88484
41.1985	0.607316	-6.698	4.48546	-0.444034	-5.88484
41.2147	0.678011	-6.70163	4.28449	-0.0114364	-5.88484
41.231	0.746449	-6.69846	4.09276	0.394477	-5.88484
41.2462	0.807412	-6.68976	3.92039	0.744993	-5.88484
41.2641	0.875612	-6.67302	3.72089	1.12408	-5.88484
41.284	0.947643	-6.64668	3.49599	1.50833	-5.88484
41.3056	1.02039	-6.61007	3.24551	1.87793	-5.88484
41.3285	1.09137	-6.56319	2.96793	2.2187	-5.88484
41.3524	1.15867	-6.50643	2.66123	2.52212	-5.88484
41.3773	1.22083	-6.44019	2.32319	2.78461	-5.88484
41.4033	1.27656	-6.36462	1.95133	3.00667	-5.88484
41.4308	1.32454	-6.27946	1.5423	3.19259	-5.88484
41.46	1.36308	-6.18369	1.09059	3.35091	-5.88484
41.4917	1.3897	-6.07507	0.586017	3.49654	-5.88484
41.5268	1.40022	-5.94987	0.0118471	3.65562	-5.88484
41.5474	1.39688	-5.87324	-0.337095	3.76309	-5.88484
41.5705	1.38452	-5.78497	-0.738101	3.90698	-5.88484
41.5916	1.36492	-5.70078	-1.12046	4.07068	-5.88484
41.6114	1.33908	-5.61843	-1.49385	4.25838	-5.88484
41.6297	1.30837	-5.5384	-1.85329	4.46414	-5.88484
41.6472	1.27299	-5.45861	-2.20132	4.68214	-5.88484
41.6653	1.22981	-5.37153	-2.55474	4.91211	-5.88484
41.6779	1.19637	-5.30909	-2.7787	5.0522	-5.88484
41.6916	1.1566	-5.23866	-2.98783	5.16298	-5.88484
41.7041	1.11847	-5.17406	-3.12878	5.2032	-5.88484
41.7169	1.07781	-5.10761	-3.21704	5.17155	-5.88484
41.73	1.03527	-5.0403	-3.24868	5.06147	-5.88484
41.7435	0.991637	-4.97335	-3.2303	4.88092	-5.88484
41.7561	0.951125	-4.91302	-3.18153	4.66824	-5.88484
41.7697	0.908426	-4.85139	-3.11139	4.41381	-5.88484
41.7856	0.859709	-4.78375	-3.02312	4.10332	-5.88484
41.8073	0.795218	-4.69915	-2.91346	3.6823	-5.88484
41.8309	0.727658	-4.61753	-2.82408	3.24634	-5.88484
41.8547	0.661175	-4.54528	-2.76925	2.82869	-5.88484
41.8819	0.586066	-4.47446	-2.74755	2.36902	-5.88484
41.9162	0.491735	-4.40309	-2.77371	1.80166	-5.88484
41.9578	0.374333	-4.34259	-2.86877	1.09575	-5.88484
41.9955	0.263893	-4.31386	-2.99578	0.422154	-5.88484
42.0244	0.17575	-4.30947	-3.10628	-0.12281	-5.88484
42.0492	0.097515	-4.31852	-3.2008	-0.609516	-5.88484
42.0745	0.0155067	-4.34034	-3.28758	-1.11891	-5.88484
42.101	-0.072703	-4.3772	-3.35745	-1.66068	-5.88484
42.1292	-0.167955	-4.43208	-3.39426	-2.23162	-5.88484
42.1595	-0.270495	-4.50858	-3.3745	-2.82131	-5.88484
42.1879	-0.365359	-4.59623	-3.28596	-3.33624	-5.88484
42.2147	-0.451515	-4.69162	-3.13119	-3.77291	-5.88484
42.241	-0.531139	-4.79597	-2.90728	-4.14686	-5.88484
42.2675	-0.604404	-4.91022	-2.60948	-4.46475	-5.88484
42.294	-0.668842	-5.03211	-2.24291	-4.72602	-5.88484
42.3205	-0.722641	-5.16003	-1.8153	-4.93914	-5.88484
42.3472	-0.764714	-5.29429	-1.33011	-5.12123	-5.88484
42.374	-0.793333	-5.43403	-0.795467	-5.29281	-5.88484
42.4002	-0.806888	-5.57505	-0.232495	-5.47581	-5.88484
42.4196	-0.807139	-5.68266	0.21074	-5.63984	-5.88484
42.4371	-0.799753	-5.78315	0.635491	-5.8243	-5.88484
42.4549	-0.784448	-5.88858	1.09397	-6.06124	-5.88484
42.472	-0.761618	-5.99504	1.57283	-6.35584	-5.88484
42.486	-0.736732	-6.08586	1.99564	-6.65711	-5.88484
42.4986	-0.708965	-6.17192	2.40845	-6.98689	-5.88484
42.5114	-0.67537	-6.26361	2.85794	-7.38208	-5.88484
42.523	-0.639561	-6.35197	3.29166	-7.79368	-5.88484
42.5343	-0.60023	-6.44183	3.715	-8.21767	-5.88484
42.5433	-0.565021	-6.51794	4.038	-8.55052	-5.88484
42.5511	-0.532603	-6.58555	4.27735	-8.79729	-5.88484
42.5592	-0.497354	-6.6572	4.46181	-8.97952	-5.88484
42.5667	-0.463229	-6.72541	4.55565	-9.05471	-5.88484
42.5748	-0.426261	-6.79865	4.55918	-9.01596	-5.88484
42.5829	-0.389709	-6.87099	4.46732	-8.86007	-5.88484
42.5907	-0.355671	-6.93878	4.30822	-8.62506	-5.88484
42.5983	-0.32358	-7.00347	4.10678	-8.34242	-5.88484
42.6066	-0.290438	-7.07147	3.86049	-8.00771	-5.88484
42.6166	-0.253386	-7.14946	3.55505	-7.604	-5.88484
42.6275	-0.216325	-7.23025	3.23176	-7.18867	-5.88484
42.6394	-0.179937	-7.31309	2.90683	-6.78381	-5.88484
42.6523	-0.144536	-7.39805	2.5889	-6.40105	-5.88484
42.6664	-0.110202	-7.48585	2.28068	-6.04432	-5.88484
42.6824	-0.0762527	-7.57966	1.97518	-5.70663	-5.88484
42.6986	-0.0465582	-7.66953	1.70472	-5.42248	-5.88484
42.7145	-0.0213646	-7.75382	1.46939	-5.18761	-5.88484
42.7302	0.00013799	-7.83405	1.26047	-4.98923	-5.88484
42.7457	0.0181262	-7.90965	1.07601	-4.82211	-5.88484
42.7598	0.0322764	-7.97709	0.920961	-4.68729	-5.88484
42.777	0.0465568	-8.05608	0.750119	-4.54428	-5.88484
42.7971	0.0597898	-8.14596	0.569304	-4.39826	-5.88484
42.8209	0.0710272	-8.24875	0.379831	-4.24914	-5.88484
42.8465	0.0784369	-8.35599	0.201832	-4.10942	-5.88484
42.8715	0.0815721	-8.4573	0.0525642	-3.98856	-5.88484
42.8953	0.0813486	-8.55061	-0.068171	-3.88421	-5.88484
42.9167	0.078863	-8.63298	-0.161034	-3.79621	-5.88484
42.9386	0.0744312	-8.71527	-0.240755	-3.71137	-5.88484
42.9634	0.0675292	-8.80608	-0.313596	-3.62109	-5.88484
42.9913	0.0578681	-8.90575	-0.375805	-3.52666	-5.88484
43.0228	0.0451977	-9.0154	-0.424347	-3.43081	-5.88484
43.0584	0.0294533	-9.13584	-0.456982	-3.34051	-5.88484
43.0871	0.0161547	-9.23064	-0.470546	-3.28535	-5.88484
43.1116	0.00450905	-9.311	-0.475698	-3.25273	-5.88484
43.1328	-0.00555735	-9.37955	-0.476491	-3.2367	-5.88484
43.1542	-0.0157627	-9.44892	-0.47445	-3.23234	-5.88484
43.1752	-0.025664	-9.51674	-0.469832	-3.23981	-5.88484
43.1983	-0.0364338	-9.59184	-0.461432	-3.26119	-5.88484
43.2235	-0.0478933	-9.67445	-0.447349	-3.2992	-5.88484
43.2512	-0.0599766	-9.76655	-0.423964	-3.35678	-5.88484
43.2827	-0.0727454	-9.87358	-0.383714	-3.4392	-5.88484
43.3237	-0.0869444	-10.0173	-0.302165	-3.56742	-5.88484
43.3523	-0.0944695	-10.1205	-0.221217	-3.66763	-5.88484
43.3787	-0.099094	-10.2186	-0.126001	-3.7674	-5.88484
43.4024	-0.100887	-10.3093	-0.0218253	-3.86384	-5.88484
43.4229	-0.100283	-10.3894	0.0830102	-3.95317	-5.88484
43.4437	-0.0973389	-10.4724	0.203715	-4.05075	-5.88484
43.4654	-0.091374	-10.5617	0.347436	-4.16358	-5.88484
43.4891	-0.0810776	-10.662	0.525231	-4.30254	-5.88484
43.5142	-0.0652501	-10.7721	0.74042	-4.4745	-5.88484
43.5372	-0.045756	-10.8768	0.96478	-4.66181	-5.88484
43.5565	-0.0250663	-10.9688	1.17864	-4.84987	-5.88484
43.573	-0.00398974	-11.0502	1.38224	-5.0383	-5.88484
43.5865	0.0159543	-11.1196	1.56704	-5.21733	-5.88484
43.6005	0.0392074	-11.1937	1.77681	-5.42955	-5.88484
43.6144	0.0655904	-11.2711	2.01088	-5.67706	-5.88484
43.629	0.0970021	-11.3564	2.28758	-5.98306	-5.88484
43.6442	0.134238	-11.4502	2.61587	-6.36293	-5.88484
43.6575	0.17104	-11.5371	2.94158	-6.75557	-5.88484
43.6696	0.208708	-11.6215	3.27413	-7.17062	-5.88484
43.6819	0.250989	-11.7121	3.63899	-7.64088	-5.88484
43.6935	0.29526	-11.8034	3.99551	-8.11535	-5.88484
43.704	0.339008	-11.8912	4.29727	-8.5315	-5.88484
43.7117	0.372906	-11.9581	4.47672	-8.79064	-5.88484
43.7197	0.409208	-12.0292	4.59768	-8.9816	-5.88484
43.7273	0.444245	-12.0976	4.63083	-9.06271	-5.88484
43.7354	0.481518	-12.1709	4.56774	-9.02765	-5.88484
43.7434	0.517476	-12.2425	4.41172	-8.87844	-5.88484
43.751	0.550304	-12.3094	4.19521	-8.65588	-5.88484
43.7586	0.581216	-12.3742	3.93622	-8.3866	-5.88484
43.767	0.61284	-12.443	3.6258	-8.06796	-5.88484
43.7772	0.647965	-12.5236	3.23694	-7.68192	-5.88484
43.7897	0.685514	-12.6168	2.77637	-7.25091	-5.88484
43.802	0.716974	-12.7035	2.35202	-6.88516	-5.88484
43.8147	0.744191	-12.7888	1.94539	-6.56746	-5.88484
43.8286	0.76831	-12.8779	1.5331	-6.2812	-5.88484
43.8441	0.78875	-12.9734	1.10604	-6.0241	-5.88484
43.8614	0.804046	-13.0759	0.66138	-5.79774	-5.88484
43.8804	0.812229	-13.184	0.206004	-5.60484	-5.88484
43.9001	0.811847	-13.2929	-0.240687	-5.44578	-5.88484
43.9192	0.803328	-13.3953	-0.650298	-5.31688	-5.88484
43.9392	0.786192	-13.5005	-1.05851	-5.1939	-5.88484
43.962	0.757068	-13.6172	-1.49405	-5.05413	-5.88484
43.9868	0.714539	-13.7405	-1.92862	-4.88512	-5.88484
44.0128	0.658906	-13.865	-2.33313	-4.67217	-5.88484
44.0394	0.592051	-13.9859	-2.68299	-4.40435	-5.88484
44.0662	0.516129	-14.0998	-2.96477	-4.07539	-5.88484
44.0934	0.432642	-14.2052	-3.17416	-3.68165	-5.88484
44.1201	0.346008	-14.2976	-3.30706	-3.24001	-5.88484
44.1465	0.257458	-14.3771	-3.37272	-2.75807	-5.88484
44.1733	0.166873	-14.4441	-3.38076	-2.23856	-5.88484
44.2011	0.0732906	-14.4986	-3.33889	-1.68019	-5.88484
44.2316	-0.0272718	-14.5405	-3.25052	-1.06382	-5.88484
44.2618	-0.123582	-14.5635	-3.13695	-0.465857	-5.88484
44.2901	-0.210699	-14.5689	-3.02125	0.0751326	-5.88484
44.3175	-0.292012	-14.56	-2.91199	0.576123	-5.88484
44.3441	-0.368212	-14.5384	-2.8171	1.0403	-5.88484
44.377	-0.459177	-14.4952	-2.7253	1.58808	-5.88484
44.4163	-0.564997	-14.4202	-2.66674	2.22273	-5.88484
44.4465	-0.64558	-14.3456	-2.67025	2.71273	-5.88484
44.472	-0.714188	-14.2709	-2.71252	3.14102	-5.88484
44.4951	-0.777451	-14.1939	-2.7847	3.5478	-5.88484
44.5166	-0.838306	-14.1134	-2.88031	3.9475	-5.88484
44.5382	-0.901852	-14.0235	-2.99517	4.36172	-5.88484
44.5552	-0.953611	-13.9465	-3.08275	4.67783	-5.88484
44.5687	-0.995456	-13.882	-3.13387	4.90134	-5.88484
44.583	-1.04032	-13.8107	-3.15127	5.08846	-5.88484
44.5959	-1.08083	-13.7443	-3.11817	5.19313	-5.88484
44.6091	-1.12155	-13.6753	-3.02538	5.2238	-5.88484
44.6218	-1.15909	-13.6092	-2.88001	5.18121	-5.88484
44.6349	-1.19553	-13.542	-2.6816	5.0774	-5.88484
44.6473	-1.22737	-13.48	-2.46216	4.94255	-5.88484
44.6604	-1.25819	-13.4159	-2.20879	4.78002	-5.88484
44.676	-1.29012	-13.3431	-1.90029	4.58543	-5.88484
44.6954	-1.32326	-13.2564	-1.51711	4.36042	-5.88484
44.7149	-1.34923	-13.1731	-1.14283	4.16518	-5.88484
44.7342	-1.36782	-13.0944	-0.787037	4.00399	-5.88484
44.7547	-1.38019	-13.0139	-0.42265	3.86191	-5.88484
44.7768	-1.3853	-12.93	-0.0421263	3.73351	-5.88484
44.8003	-1.38163	-12.8436	0.352196	3.6139	-5.88484
44.8242	-1.36854	-12.7587	0.742941	3.49872	-5.88484
44.855	-1.33801	-12.6532	1.23475	3.34045	-5.88484
44.8873	-1.29011	-12.5485	1.73174	3.14044	-5.88484
44.9166	-1.23297	-12.4597	2.16394	2.90885	-5.88484
44.946	-1.16316	-12.3783	2.57538	2.61316	-5.88484
44.9734	-1.08785	-12.3114	2.93461	2.2722	-5.88484
44.9992	-1.00795	-12.2576	3.25432	1.88538	-5.88484
45.0238	-0.924041	-12.2163	3.54527	1.4535	-5.88484
45.0475	-0.837075	-12.1874	3.81617	0.981017	-5.88484
45.0698	-0.748934	-12.171	4.07342	0.478918	-5.88484
45.0872	-0.676268	-12.1664	4.28108	0.0487202	-5.88484
45.1011	-0.615561	-12.1682	4.45608	-0.321382	-5.88484
45.1156	-0.549757	-12.1758	4.65086	-0.733088	-5.88484
45.1298	-0.482198	-12.1893	4.85926	-1.16635	-5.88484
45.1439	-0.412119	-12.2089	5.08636	-1.62518	-5.88484
45.1574	-0.34152	-12.2341	5.32618	-2.09284	-5.88484
45.1705	-0.270556	-12.2644	5.57472	-2.56002	-5.88484
45.1834	-0.196734	-12.3006	5.83176	-3.02698	-5.88484
45.1952	-0.126562	-12.3387	6.05929	-3.4295	-5.88484
45.2044	-0.0697879	-12.3717	6.21706	-3.70475	-5.88484
45.2141	-0.00911695	-12.4086	6.3443	-3.92704	-5.88484
45.2212	0.035876	-12.4367	6.40266	-4.03204	-5.88484
45.2284	0.0826714	-12.4664	6.42555	-4.07974	-5.88484
45.2356	0.128415	-12.4954	6.40858	-4.06286	-5.88484
45.2432	0.177209	-12.5262	6.34851	-3.97706	-5.88484
45.2516	0.230274	-12.559	6.23904	-3.81161	-5.88484
45.2604	0.284224	-12.5914	6.0895	-3.57923	-5.88484
45.2694	0.338345	-12.6224	5.91164	-3.29689	-5.88484
45.2794	0.396382	-12.6537	5.70198	-2.95697	-5.88484
45.2916	0.464582	-12.6873	5.44486	-2.52981	-5.88484
45.3059	0.540019	-12.7198	5.16097	-2.04444	-5.88484
45.32	0.610933	-12.7454	4.90272	-1.59027	-5.88484
45.3341	0.67857	-12.7648	4.66705	-1.16636	-5.88484
45.349	0.746279	-12.7791	4.44131	-0.754608	-5.88484
45.3648	0.814622	-12.7878	4.22167	-0.35354	-5.88484
45.3813	0.882574	-12.7904	4.00818	0.0298707	-5.88484
45.3979	0.947408	-12.7869	3.80518	0.380823	-5.88484
45.4136	1.00557	-12.7786	3.62018	0.682714	-5.88484
45.4319	1.07013	-12.763	3.40723	1.00267	-5.88484
45.4524	1.13751	-12.7392	3.17063	1.3183	-5.88484
45.4746	1.20503	-12.7066	2.91134	1.6139	-5.88484
45.4983	1.27057	-12.6651	2.62878	1.87885	-5.88484
45.5233	1.33249	-12.6152	2.32148	2.10698	-5.88484
45.5497	1.38941	-12.557	1.98748	2.29566	-5.88484
45.5777	1.44001	-12.4904	1.62422	2.44531	-5.88484
45.6077	1.48278	-12.4153	1.22791	2.55917	-5.88484
45.6402	1.51567	-12.3305	0.792012	2.64411	-5.88484
45.6764	1.53551	-12.2336	0.303767	2.71297	-5.88484
45.7179	1.53641	-12.1194	-0.262046	2.79154	-5.88484
45.7461	1.5235	-12.0397	-0.65407	2.86467	-5.88484
45.7732	1.50056	-11.9608	-1.04163	2.96465	-5.88484
45.7974	1.47103	-11.8876	-1.40188	3.08894	-5.88484
45.8192	1.43687	-11.8189	-1.74122	3.23591	-5.88484
45.8413	1.39438	-11.7453	-2.103	3.42275	-5.88484
45.8615	1.34857	-11.6744	-2.44463	3.62182	-5.88484
45.8811	1.29715	-11.601	-2.77858	3.82679	-5.88484
45.8954	1.25578	-11.5454	-3.00841	3.96341	-5.88484
45.9092	1.21293	-11.49	-3.20644	4.06539	-5.88484
45.9232	1.16682	-11.4326	-3.3704	4.11879	-5.88484
45.9368	1.12025	-11.3767	-3.48332	4.10665	-5.88484
45.9523	1.06565	-11.3137	-3.5535	4.00896	-5.88484
45.966	1.01662	-11.2596	-3.56962	3.85424	-5.88484
45.9801	0.966666	-11.207	-3.55365	3.64618	-5.88484
45.9944	0.915967	-11.1564	-3.51729	3.39843	-5.88484
46.0104	0.85994	-11.1043	-3.46705	3.09788	-5.88484
46.0303	0.791602	-11.0465	-3.40666	2.7112	-5.88484
46.0548	0.709131	-10.9861	-3.34992	2.23259	-5.88484
46.0802	0.624462	-10.9357	-3.3173	1.73669	-5.88483
46.1071	0.535124	-10.896	-3.31033	1.21	-5.88483
46.1382	0.432237	-10.8679	-3.32903	0.596396	-5.88483
46.1698	0.326285	-10.8592	-3.36419	-0.0463902	-5.88483
46.194	0.244618	-10.8663	-3.39161	-0.549677	-5.88483
46.2196	0.157397	-10.8874	-3.41083	-1.09319	-5.88483
46.2455	0.0689667	-10.9229	-3.40887	-1.64764	-5.88483
46.2727	-0.0231138	-10.9754	-3.37085	-2.2245	-5.88483
46.2955	-0.0993929	-11.0317	-3.30058	-2.69879	-5.88483
46.319	-0.175708	-11.1007	-3.18364	-3.16778	-5.88483
46.3422	-0.247633	-11.1792	-3.01798	-3.60395	-5.88483
46.3656	-0.315819	-11.2685	-2.79527	-4.01372	-5.88483
46.3895	-0.379299	-11.369	-2.50877	-4.39728	-5.88483
46.4139	-0.436271	-11.4806	-2.15476	-4.7552	-5.88483
46.4378	-0.483092	-11.5984	-1.74843	-5.0814	-5.88483
46.4612	-0.518842	-11.721	-1.29662	-5.38942	-5.88483
46.4838	-0.542686	-11.8458	-0.81198	-5.69288	-5.88483
46.5019	-0.553575	-11.9511	-0.386163	-5.9568	-5.88483
46.5168	-0.55655	-12.042	-0.00754235	-6.1997	-5.88483
46.5284	-0.55484	-12.1151	0.304826	-6.41043	-5.88483
46.5406	-0.549005	-12.195	0.652942	-6.65935	-5.88483
46.5528	-0.538866	-12.2776	1.01973	-6.93976	-5.88483
46.5648	-0.524382	-12.3625	1.40226	-7.25306	-5.88483
46.5763	-0.505944	-12.4483	1.789	-7.59109	-5.88483
46.5876	-0.483555	-12.5361	2.17559	-7.94859	-5.88483
46.5995	-0.455325	-12.6328	2.57226	-8.33214	-5.88483
46.6079	-0.432748	-12.7035	2.82574	-8.58282	-5.88483
46.6159	-0.409273	-12.7731	3.02944	-8.78357	-5.88483
46.6239	-0.384176	-12.8446	3.17713	-8.92231	-5.88483
46.6318	-0.358923	-12.9148	3.2502	-8.97622	-5.88483
46.6404	-0.330778	-12.9924	3.24238	-8.93256	-5.88483
46.6488	-0.30401	-13.0665	3.15188	-8.79416	-5.88483
46.6568	-0.279289	-13.1363	3.00327	-8.59169	-5.88483
46.6647	-0.256262	-13.2033	2.81576	-8.34879	-5.88483
46.6732	-0.233227	-13.2732	2.58737	-8.06335	-5.88483
46.6832	-0.208884	-13.3517	2.30734	-7.72527	-5.88483
46.6945	-0.184624	-13.4368	1.99167	-7.3584	-5.88483
46.7064	-0.162797	-13.5224	1.67436	-7.00474	-5.88483
46.7192	-0.143377	-13.61	1.35743	-6.66708	-5.88483
46.7327	-0.127202	-13.6975	1.05371	-6.35846	-5.88483
46.7471	-0.114155	-13.7873	0.757559	-6.07154	-5.88483
46.7627	-0.104635	-13.8798	0.469281	-5.80472	-5.88483
46.7793	-0.0991799	-13.9739	0.193575	-5.55932	-5.88483
46.7964	-0.098089	-14.0671	-0.0612873	-5.33833	-5.88483
46.8131	-0.101011	-14.1546	-0.284649	-5.1461	-5.88483
46.8293	-0.107211	-14.2364	-0.478827	-4.97664	-5.88483
46.8479	-0.118013	-14.3273	-0.677467	-4.79618	-5.88483
46.8685	-0.133975	-14.4242	-0.867779	-4.60914	-5.88483
46.8907	-0.155301	-14.5247	-1.04047	-4.41604	-5.88483
46.9145	-0.181873	-14.6273	-1.18806	-4.21584	-5.88483
46.9397	-0.213315	-14.7308	-1.30455	-4.00691	-5.88483
46.9662	-0.249082	-14.8342	-1.38528	-3.78758	-5.88483
46.9942	-0.288543	-14.937	-1.42648	-3.55623	-5.88483
47.0239	-0.33105	-15.0391	-1.4248	-3.31118	-5.88483
47.056	-0.376001	-15.1409	-1.37619	-3.04995	-5.88483
47.0916	-0.423312	-15.2444	-1.27282	-2.76519	-5.88483
47.1306	-0.469934	-15.3463	-1.11007	-2.46355	-5.88483
47.1737	-0.513048	-15.4456	-0.882192	-2.14475	-5.88483
47.217	-0.545564	-15.5318	-0.614614	-1.83998	-5.88483
47.256	-0.564432	-15.5985	-0.347973	-1.57544	-5.88483
47.2922	-0.572306	-15.6512	-0.0848798	-1.33586	-5.88483
47.3214	-0.57158	-15.6874	0.13568	-1.14416	-5.88483
47.3508	-0.564261	-15.7181	0.363245	-0.950561	-5.88483
47.3805	-0.549992	-15.7435	0.597095	-0.752581	-5.88483
47.4134	-0.526097	-15.7646	0.857068	-0.530243	-5.88483
47.4489	-0.490715	-15.7791	1.13548	-0.286191	-5.88483
47.4848	-0.445061	-15.7849	1.40859	-0.0380073	-5.88483
47.5229	-0.38604	-15.7813	1.68213	0.22182	-5.88483
47.5626	-0.314108	-15.7674	1.9377	0.477343	-5.88483
47.6029	-0.231441	-15.7434	2.15511	0.707862	-5.88483
47.6371	-0.155257	-15.7163	2.29726	0.869299	-5.88483
47.6715	-0.0743226	-15.6842	2.39503	0.99195	-5.88483
47.6993	-0.00701524	-15.6556	2.43772	1.05762	-5.88483
47.7233	0.0515628	-15.6298	2.44749	1.08882	-5.88483
47.7475	0.110612	-15.6033	2.43189	1.09633	-5.88483
47.7737	0.173897	-15.5748	2.38665	1.07806	-5.88483
47.8028	0.242154	-15.5441	2.30375	1.02801	-5.88483
47.8346	0.313406	-15.5127	2.17699	0.941913	-5.88483
47.8693	0.386007	-15.4821	2.00053	0.817394	-5.88483
47.9042	0.452283	-15.4561	1.78958	0.668521	-5.88483
47.9399	0.511867	-15.4352	1.54678	0.500769	-5.88483
47.9781	0.565615	-15.4197	1.26402	0.311997	-5.88483
48.0137	0.60573	-15.4117	0.985346	0.133	-5.88483
48.0422	0.630569	-15.41	0.75532	-0.0101662	-5.88483
48.0661	0.646265	-15.4116	0.559711	-0.129422	-5.88483
48.0906	0.657494	-15.4163	0.357041	-0.251462	-5.88483
48.1167	0.663977	-15.4246	0.139948	-0.381659	-5.88483
48.1446	0.664637	-15.4372	-0.0926094	-0.522192	-5.88483
48.1729	0.658653	-15.454	-0.328929	-0.668213	-5.88483
48.2007	0.646353	-15.4746	-0.558423	-0.815388	-5.88483
48.2316	0.625157	-15.5024	-0.811942	-0.987083	-5.88483
48.2651	0.593377	-15.5388	-1.08225	-1.1847	-5.88483
48.301	0.549517	-15.5853	-1.36335	-1.41168	-5.88483
48.3389	0.492269	-15.6438	-1.64865	-1.67216	-5.88483
48.3789	0.420736	-15.7164	-1.92912	-1.96934	-5.88483
48.4204	0.335125	-15.805	-2.1913	-2.30239	-5.88483
48.4625	0.237856	-15.9096	-2.41671	-2.66245	-5.88483
48.5042	0.133482	-16.0281	-2.58667	-3.0334	-5.88483
48.5448	0.0260601	-16.1588	-2.68842	-3.40084	-5.88483
48.5766	-0.0600448	-16.2716	-2.71424	-3.68446	-5.88483
48.6093	-0.148512	-16.3968	-2.68267	-3.96385	-5.88483
48.64	-0.229633	-16.5222	-2.59216	-4.20663	-5.88483
48.6706	-0.306696	-16.6542	-2.43735	-4.42214	-5.88483
48.7007	-0.376821	-16.7899	-2.21856	-4.60259	-5.88483
48.7301	-0.438246	-16.9278	-1.93919	-4.74701	-5.88483
48.7581	-0.488084	-17.0621	-1.61742	-4.85641	-5.88483
48.7853	-0.527301	-17.1955	-1.25568	-4.94374	-5.88483
48.8123	-0.555852	-17.3298	-0.856418	-5.02222	-5.88483
48.839	-0.573053	-17.4651	-0.425492	-5.10653	-5.88483
48.865	-0.578332	-17.599	0.0238667	-5.21167	-5.88483
48.8852	-0.574114	-17.7057	0.395877	-5.32256	-5.88483
48.9057	-0.561958	-17.8162	0.794621	-5.47361	-5.88483
48.9276	-0.53968	-17.9381	1.25158	-5.69507	-5.88483
48.9495	-0.506847	-18.066	1.75604	-6.00461	-5.88483
48.9663	-0.473684	-18.1697	2.18867	-6.3242	-5.88483
48.9809	-0.438888	-18.2641	2.60444	-6.67493	-5.88483
48.9936	-0.403012	-18.3519	3.01104	-7.05439	-5.88483
49.0052	-0.365989	-18.4355	3.4154	-7.4623	-5.88483
49.0169	-0.323361	-18.5258	3.86314	-7.94329	-5.88483
49.0277	-0.279497	-18.6138	4.29603	-8.43187	-5.88483
49.0383	-0.231703	-18.7058	4.71445	-8.92104	-5.88483
49.0458	-0.195053	-18.7744	4.97737	-9.23449	-5.88483
49.0537	-0.155002	-18.8482	5.18523	-9.48333	-5.88483
49.0608	-0.117792	-18.916	5.28765	-9.603	-5.88483
49.0666	-0.086769	-18.9722	5.29939	-9.61058	-5.88483
49.0725	-0.0558618	-19.0283	5.24397	-9.53384	-5.88483
49.0781	-0.0265502	-19.0818	5.13335	-9.38865	-5.88483
49.0839	0.00236843	-19.1349	4.97542	-9.1856	-5.88483
49.09	0.032465	-19.1908	4.76843	-8.92374	-5.88483
49.0976	0.0676529	-19.2573	4.48425	-8.57077	-5.88483
49.105	0.0997447	-19.3194	4.19715	-8.2219	-5.88483
49.1128	0.131279	-19.3821	3.89824	-7.86774	-5.88483
49.1216	0.164154	-19.4497	3.57579	-7.49752	-5.88483
49.1321	0.199649	-19.526	3.22027	-7.106	-5.88483
49.1442	0.236431	-19.6098	2.84587	-6.71611	-5.88483
49.1577	0.27234	-19.6981	2.47266	-6.35467	-5.88483
49.1733	0.307707	-19.794	2.09111	-6.01804	-5.88483
49.1903	0.340141	-19.8941	1.71685	-5.72457	-5.88483
49.2088	0.36849	-19.9977	1.35111	-5.4761	-5.88483
49.2294	0.392392	-20.1079	0.981929	-5.26506	-5.88483
49.2523	0.410486	-20.2263	0.604248	-5.08937	-5.88483
49.2766	0.420617	-20.3485	0.232688	-4.95231	-5.88483
49.3001	0.422113	-20.4638	-0.101662	-4.85396	-5.88483
49.3219	0.41673	-20.5685	-0.390414	-4.78297	-5.88483
49.3425	0.406021	-20.6665	-0.646059	-4.7265	-5.88483
49.3655	0.388112	-20.7744	-0.909182	-4.66966	-5.88483
49.3901	0.362504	-20.8887	-1.16387	-4.60978	-5.88483
49.416	0.329209	-21.0074	-1.39869	-4.54289	-5.88483
49.4431	0.288424	-21.1294	-1.60603	-4.46547	-5.88483
49.4716	0.240059	-21.2554	-1.78186	-4.37506	-5.88483
49.5023	0.183144	-21.3879	-1.92442	-4.27003	-5.88483
49.5352	0.11794	-21.5266	-2.02831	-4.15412	-5.88483
49.5711	0.043743	-21.6737	-2.09108	-4.03316	-5.88483
49.6143	-0.0470665	-21.8449	-2.1088	-3.90936	-5.88483
49.6532	-0.128731	-21.9954	-2.0812	-3.82806	-5.88483
49.6934	-0.211168	-22.1481	-2.01683	-3.78053	-5.88483
49.7367	-0.296345	-22.3115	-1.91059	-3.77187	-5.88483
49.7746	-0.366554	-22.455	-1.78556	-3.79673	-5.88483
49.8126	-0.431416	-22.5999	-1.62671	-3.84423	-5.88483
49.8511	-0.490257	-22.749	-1.42495	-3.90492	-5.88483
49.8852	-0.535249	-22.8831	-1.20631	-3.96034	-5.88483
49.9166	-0.56953	-23.0084	-0.968739	-4.00762	-5.88483
49.9489	-0.596367	-23.1384	-0.688397	-4.05134	-5.88483
49.9787	-0.612647	-23.2599	-0.398143	-4.09075	-5.88483
50.0073	-0.619752	-23.3775	-0.094734	-4.13419	-5.88483
50.0349	-0.618084	-23.4923	0.218792	-4.1899	-5.88483
50.0606	-0.60856	-23.6006	0.526995	-4.26279	-5.88483
50.0882	-0.589169	-23.72	0.878783	-4.37582	-5.88483
50.1193	-0.555326	-23.8588	1.30388	-4.56405	-5.88483
50.1482	-0.51147	-23.9942	1.73929	-4.82147	-5.88483
50.1722	-0.464906	-24.1134	2.14644	-5.121	-5.88483
50.1932	-0.415814	-24.2241	2.55184	-5.47048	-5.88483
50.2117	-0.364852	-24.3289	2.9664	-5.87273	-5.88483
50.2265	-0.318073	-24.4189	3.35053	-6.27842	-5.88483
50.2394	-0.272373	-24.5027	3.7328	-6.70725	-5.88483
50.251	-0.226975	-24.5829	4.11884	-7.16051	-5.88483
50.2628	-0.17567	-24.6708	4.55594	-7.69304	-5.88483
50.272	-0.132126	-24.7436	4.91598	-8.14402	-5.88483
50.2804	-0.0897959	-24.8132	5.24022	-8.5582	-5.88483
50.2887	-0.0446913	-24.8864	5.5351	-8.94098	-5.88483
50.2957	-0.00511804	-24.9501	5.72956	-9.19712	-5.88483
50.3004	0.0217953	-24.9933	5.81796	-9.3154	-5.88483
50.3055	0.0513766	-25.0406	5.86831	-9.38496	-5.88483
50.3102	0.0793786	-25.0854	5.86802	-9.38865	-5.88483
50.3153	0.108844	-25.1326	5.81715	-9.32702	-5.88483
50.3207	0.14022	-25.183	5.70902	-9.19192	-5.88483
50.3268	0.174575	-25.2385	5.53429	-8.97248	-5.88483
50.3338	0.212519	-25.3003	5.28604	-8.662	-5.88483
50.3414	0.251492	-25.3646	4.9873	-8.29249	-5.88483
50.3505	0.295324	-25.4382	4.61835	-7.84451	-5.88483
50.3601	0.337657	-25.511	4.24521	-7.40352	-5.88483
50.371	0.38189	-25.5895	3.84964	-6.95286	-5.88483
50.3829	0.425219	-25.6694	3.46269	-6.53313	-5.88483
50.3961	0.468277	-25.7529	3.07999	-6.14369	-5.88483
50.4114	0.512333	-25.8439	2.68717	-5.77662	-5.88483
50.4294	0.557051	-25.945	2.27863	-5.43708	-5.88483
50.4488	0.59743	-26.0477	1.88694	-5.15824	-5.88483
50.4704	0.633821	-26.1564	1.4926	-4.92794	-5.88483
50.4931	0.663334	-26.2663	1.10896	-4.75336	-5.88483
50.5174	0.685543	-26.38	0.723915	-4.62442	-5.88483
50.5435	0.699259	-26.4994	0.331011	-4.53423	-5.88483
50.5716	0.70285	-26.6257	-0.0716377	-4.4754	-5.88483
50.5949	0.697432	-26.7297	-0.39049	-4.44499	-5.88483
50.6183	0.684714	-26.8334	-0.693937	-4.4225	-5.88483
50.6436	0.663161	-26.9453	-1.00122	-4.39907	-5.88483
50.6703	0.632435	-27.0623	-1.29606	-4.36816	-5.88483
50.6979	0.592822	-27.1824	-1.56675	-4.32415	-5.88483
50.7267	0.544195	-27.3058	-1.80927	-4.26327	-5.88483
50.7575	0.485082	-27.4358	-2.02457	-4.18285	-5.88483
50.7926	0.410315	-27.5812	-2.21805	-4.07846	-5.88483
50.8298	0.32493	-27.7306	-2.36845	-3.96482	-5.88483
50.8681	0.232115	-27.8802	-2.47376	-3.8566	-5.88483
50.9036	0.143083	-28.0157	-2.53306	-3.77313	-5.88483
50.9396	0.0513561	-28.1503	-2.56009	-3.71119	-5.88483
50.9778	-0.0465664	-28.2914	-2.55575	-3.67409	-5.88483
51.0159	-0.143313	-28.4311	-2.51946	-3.66816	-5.88483
51.053	-0.235602	-28.5675	-2.45386	-3.69162	-5.88483
51.0931	-0.332052	-28.7166	-2.34781	-3.7463	-5.88483
51.1301	-0.416485	-28.8563	-2.21457	-3.81793	-5.88483
51.1664	-0.494068	-28.9966	-2.04518	-3.90004	-5.88483
51.2045	-0.567801	-29.1468	-1.82044	-3.98719	-5.88483
51.238	-0.624798	-29.2814	-1.5771	-4.05528	-5.88483
51.2693	-0.670062	-29.4092	-1.308	-4.10587	-5.88483
51.3013	-0.706946	-29.5411	-0.991727	-4.1431	-5.88483
51.3311	-0.731696	-29.6652	-0.661891	-4.16825	-5.88483
51.3602	-0.745917	-29.7866	-0.313182	-4.19163	-5.88483
51.389	-0.749685	-29.9079	0.0552896	-4.22473	-5.88483
51.4173	-0.742771	-30.0283	0.435538	-4.27988	-5.88483
51.4447	-0.725642	-30.1465	0.81949	-4.36845	-5.88483
51.4761	-0.69262	-30.2863	1.28609	-4.53402	-5.88483
51.5052	-0.648475	-30.4215	1.75449	-4.77417	-5.88483
51.532	-0.59513	-30.5536	2.23664	-5.10095	-5.88483
51.5535	-0.542558	-30.6667	2.67808	-5.46523	-5.88483
51.5711	-0.491826	-30.7662	3.09559	-5.85831	-5.88483
51.5856	-0.444263	-30.8538	3.4894	-6.26424	-5.88483
51.5982	-0.397654	-30.9357	3.88134	-6.69519	-5.88483
51.6096	-0.351196	-31.0146	4.27721	-7.15193	-5.88483
51.6212	-0.298896	-31.1008	4.72159	-7.6845	-5.88483
51.632	-0.246004	-31.186	5.15179	-8.21531	-5.88483
51.6419	-0.19284	-31.2701	5.53428	-8.69649	-5.88483
51.6491	-0.152176	-31.3337	5.76817	-8.9935	-5.88483
51.6566	-0.108277	-31.402	5.93971	-9.21115	-5.88483
51.6624	-0.0736957	-31.4555	6.00351	-9.2901	-5.88483
51.6683	-0.0381693	-31.5105	5.99806	-9.27839	-5.88483
51.6736	-0.00616981	-31.56	5.93214	-9.18807	-5.88483
51.6787	0.0235114	-31.606	5.8233	-9.04226	-5.88483
51.6835	0.0511955	-31.6491	5.68571	-8.85984	-5.88483
51.6896	0.085011	-31.7019	5.47913	-8.58844	-5.88483
51.6971	0.125395	-31.7655	5.19166	-8.215	-5.88483
51.7053	0.166341	-31.8307	4.87196	-7.80562	-5.88483
51.7137	0.206071	-31.8948	4.54866	-7.39879	-5.88483
51.7233	0.247934	-31.9636	4.20494	-6.97564	-5.88483
51.7349	0.294587	-32.042	3.82669	-6.52375	-5.88483
51.7476	0.340874	-32.1222	3.46086	-6.1039	-5.88483
51.7622	0.388755	-32.2085	3.09301	-5.70337	-5.88483
51.7791	0.437792	-32.3015	2.72452	-5.3295	-5.88482
51.7971	0.483593	-32.3943	2.38218	-5.01243	-5.88482
51.8169	0.527432	-32.4908	2.04783	-4.73625	-5.88482
51.8391	0.569091	-32.5931	1.71193	-4.49663	-5.88482
51.8629	0.605835	-32.6976	1.38367	-4.30179	-5.88482
51.8884	0.636915	-32.8052	1.05676	-4.14653	-5.88482
51.9159	0.661359	-32.9174	0.725686	-4.02596	-5.88482
51.9455	0.677821	-33.0354	0.387563	-3.93506	-5.88482
51.9776	0.684661	-33.1604	0.0425447	-3.86722	-5.88482
52.003	0.682445	-33.2581	-0.214563	-3.82672	-5.88482
52.0289	0.673675	-33.3567	-0.460249	-3.791	-5.88482
52.0555	0.658251	-33.4572	-0.694239	-3.75553	-5.88482
52.0841	0.635063	-33.5641	-0.922757	-3.716	-5.88482
52.115	0.60305	-33.6783	-1.1431	-3.67109	-5.88482
52.1502	0.558879	-33.8066	-1.36201	-3.62048	-5.88482
52.1873	0.504561	-33.9401	-1.56038	-3.57497	-5.88482
52.2272	0.438701	-34.0818	-1.74179	-3.54521	-5.88482
52.2636	0.372673	-34.2107	-1.88286	-3.54325	-5.88482
52.3007	0.30052	-34.3425	-2.00388	-3.57129	-5.88482
52.3407	0.218145	-34.4867	-2.1075	-3.63812	-5.88482
52.3866	0.119464	-34.6562	-2.18611	-3.76013	-5.88482
52.4271	0.0301731	-34.8115	-2.21086	-3.90243	-5.88482
52.468	-0.0599195	-34.9745	-2.18137	-4.06858	-5.88482
52.5025	-0.133939	-35.1173	-2.10389	-4.21582	-5.88482
52.5381	-0.206477	-35.27	-1.96399	-4.364	-5.88482
52.5705	-0.267369	-35.4137	-1.77666	-4.48797	-5.88482
52.6016	-0.318977	-35.5546	-1.54152	-4.59214	-5.88482
52.6306	-0.359986	-35.6894	-1.27147	-4.67743	-5.88482
52.6584	-0.391224	-35.8203	-0.970906	-4.7519	-5.88482
52.6854	-0.413087	-35.9497	-0.642001	-4.82514	-5.88482
52.7118	-0.425415	-36.0777	-0.289838	-4.90718	-5.88482
52.737	-0.428175	-36.2026	0.075333	-5.00728	-5.88482
52.7601	-0.422322	-36.3197	0.435213	-5.12961	-5.88482
52.7809	-0.40966	-36.4281	0.783244	-5.27651	-5.88482
52.8036	-0.387361	-36.5499	1.1927	-5.49077	-5.88482
52.8266	-0.35464	-36.6797	1.65534	-5.79015	-5.88482
52.845	-0.320382	-36.7892	2.07155	-6.11054	-5.88482
52.8608	-0.284687	-36.888	2.47187	-6.4606	-5.88482
52.8745	-0.248212	-36.979	2.86332	-6.8378	-5.88482
52.8866	-0.211037	-37.0646	3.25188	-7.24128	-5.88482
52.8978	-0.172633	-37.1477	3.64411	-7.67312	-5.88482
52.909	-0.129256	-37.2367	4.071	-8.16626	-5.88482
52.9176	-0.093048	-37.3082	4.40478	-8.56584	-5.88482
52.9263	-0.0529779	-37.3851	4.7342	-8.97066	-5.88482
52.9344	-0.0136163	-37.459	4.99658	-9.30027	-5.88482
52.94	0.014743	-37.5115	5.13557	-9.47805	-5.88482
52.9449	0.0401307	-37.5582	5.21757	-9.585	-5.88482
52.95	0.0664881	-37.6066	5.25599	-9.63779	-5.88482
52.955	0.0930963	-37.6554	5.24434	-9.6279	-5.88482
52.9603	0.120745	-37.7063	5.17895	-9.55101	-5.88482
52.966	0.150034	-37.7605	5.05402	-9.40076	-5.88482
52.9725	0.182157	-37.8206	4.85908	-9.1661	-5.88482
52.9796	0.215833	-37.8848	4.60154	-8.85899	-5.88482
52.9875	0.250737	-37.9529	4.29131	-8.49568	-5.88482
52.9968	0.289174	-38.0305	3.91434	-8.06662	-5.88482
53.0067	0.325875	-38.1079	3.5315	-7.64806	-5.88482
53.0181	0.363749	-38.1926	3.11993	-7.22172	-5.88482
53.0301	0.398657	-38.2766	2.72662	-6.84184	-5.88482
53.0433	0.432031	-38.3646	2.33347	-6.49383	-5.88482
53.0583	0.46405	-38.4598	1.92948	-6.17393	-5.88482
53.0757	0.493917	-38.5647	1.50713	-5.88442	-5.88482
53.0955	0.519332	-38.6784	1.07156	-5.63604	-5.88482
53.1172	0.537748	-38.7984	0.632159	-5.4357	-5.88482
53.14	0.547209	-38.9205	0.202644	-5.28334	-5.88482
53.1623	0.547288	-39.0369	-0.191586	-5.17389	-5.88482
53.1829	0.539759	-39.1427	-0.535796	-5.09492	-5.88482
53.2036	0.52526	-39.2475	-0.861644	-5.02748	-5.88482
53.2266	0.50149	-39.3624	-1.19876	-4.95682	-5.88482
53.2512	0.467893	-39.4834	-1.52618	-4.87664	-5.88482
53.2769	0.424792	-39.6073	-1.82696	-4.77921	-5.88482
53.3033	0.372968	-39.732	-2.08924	-4.65791	-5.88482
53.3305	0.313008	-39.8568	-2.30662	-4.50759	-5.88482
53.3589	0.244858	-39.9824	-2.47588	-4.32368	-5.88482
53.3885	0.169895	-40.107	-2.59135	-4.10762	-5.88482
53.4186	0.0907937	-40.2272	-2.65064	-3.86715	-5.88482
53.4496	0.00851653	-40.3429	-2.65647	-3.60655	-5.88482
53.481	-0.0745622	-40.4522	-2.61248	-3.33495	-5.88482
53.5113	-0.152564	-40.5492	-2.52941	-3.07351	-5.88482
53.5473	-0.241183	-40.6544	-2.38725	-2.76941	-5.88482
53.5886	-0.335508	-40.7617	-2.17719	-2.4365	-5.88482
53.6312	-0.422934	-40.8586	-1.9193	-2.11612	-5.88482
53.675	-0.500557	-40.9446	-1.62238	-1.81545	-5.88482
53.7186	-0.564429	-41.0178	-1.30375	-1.54532	-5.88482
53.7606	-0.612447	-41.0776	-0.982507	-1.31143	-5.88482
53.8002	-0.645204	-41.1255	-0.671087	-1.11132	-5.88482
53.8372	-0.664589	-41.1635	-0.375746	-0.939139	-5.88482
53.8715	-0.672767	-41.1931	-0.100423	-0.789698	-5.88482
53.899	-0.672501	-41.2133	0.119568	-0.675831	-5.88482
53.9267	-0.66615	-41.2304	0.339109	-0.565851	-5.88482
53.9542	-0.653839	-41.2446	0.554362	-0.46093	-5.88482
53.9849	-0.633223	-41.257	0.788172	-0.350233	-5.88482
54.0173	-0.603875	-41.2665	1.02437	-0.243086	-5.88482
54.0523	-0.563807	-41.2732	1.26269	-0.14339	-5.88482
54.0771	-0.530462	-41.2761	1.41747	-0.0870537	-5.88482
54.0988	-0.498455	-41.2775	1.53979	-0.050983	-5.88482
54.1172	-0.469234	-41.2783	1.6333	-0.031813	-5.88482
54.1329	-0.442927	-41.2787	1.70465	-0.0251389	-5.88482
54.1468	-0.418941	-41.2791	1.76012	-0.027528	-5.88482
54.1607	-0.393984	-41.2795	1.80884	-0.0384586	-5.88482
54.175	-0.367872	-41.2802	1.85054	-0.0590458	-5.88482
54.1903	-0.33928	-41.2814	1.8859	-0.0923021	-5.88482
54.2068	-0.307987	-41.2833	1.91278	-0.141567	-5.88482
54.2245	-0.273968	-41.2864	1.92855	-0.210455	-5.88482
54.2435	-0.237301	-41.2912	1.93047	-0.302695	-5.88482
54.2638	-0.198091	-41.2985	1.91588	-0.422079	-5.88482
54.2858	-0.156406	-41.3094	1.8824	-0.5725	-5.88482
54.3096	-0.112229	-41.3252	1.82798	-0.758116	-5.88482
54.3357	-0.0653933	-41.3479	1.7511	-0.983653	-5.88482
54.3643	-0.0167301	-41.3798	1.6538	-1.2479	-5.88482
54.3935	0.0300601	-41.4203	1.54858	-1.52857	-5.88482
54.424	0.0756102	-41.4714	1.44216	-1.82406	-5.88482
54.4674	0.135289	-41.5596	1.31326	-2.2387	-5.88482
54.5137	0.19385	-41.6733	1.22518	-2.66816	-5.88482
54.5532	0.24163	-41.7858	1.204	-3.02991	-5.88482
54.5892	0.285356	-41.9008	1.23696	-3.36803	-5.88482
54.6254	0.331621	-42.0293	1.32988	-3.73422	-5.88482
54.6589	0.378495	-42.1606	1.4806	-4.11794	-5.88482
54.6841	0.417801	-42.2686	1.64483	-4.45337	-5.88482
54.7058	0.455531	-42.3691	1.8298	-4.78984	-5.88482
54.7248	0.492032	-42.463	2.02992	-5.13011	-5.88482
54.7416	0.527852	-42.552	2.24236	-5.4777	-5.88482
54.7569	0.563776	-42.6383	2.46629	-5.83702	-5.88482
54.7723	0.603812	-42.7316	2.72005	-6.24232	-5.88482
54.7867	0.644843	-42.8245	2.97056	-6.6474	-5.88482
54.7992	0.683251	-42.9097	3.17795	-6.99504	-5.88482
54.8089	0.71466	-42.9786	3.31259	-7.23739	-5.88482
54.8191	0.749125	-43.0538	3.4074	-7.43886	-5.88482
54.8284	0.781038	-43.1237	3.43181	-7.54815	-5.88482
54.838	0.813532	-43.1957	3.38328	-7.57082	-5.88482
54.8476	0.845502	-43.2682	3.25779	-7.50168	-5.88482
54.8573	0.876359	-43.3406	3.0632	-7.35272	-5.88482
54.8664	0.90309	-43.4064	2.83846	-7.16584	-5.88482
54.8759	0.928839	-43.4734	2.57458	-6.94302	-5.88482
54.8868	0.955114	-43.5475	2.25691	-6.67975	-5.88482
54.9015	0.985158	-43.6433	1.82446	-6.33991	-5.88482
54.9169	1.00989	-43.7386	1.38665	-6.02473	-5.88482
54.9313	1.02706	-43.8237	0.996825	-5.77147	-5.88482
54.9464	1.03912	-43.9086	0.611063	-5.54627	-5.88482
54.9624	1.04575	-43.9958	0.220073	-5.34151	-5.88482
54.9793	1.04612	-44.0846	-0.173328	-5.1548	-5.88482
54.9964	1.03987	-44.1714	-0.553937	-4.98636	-5.88482
55.0148	1.02608	-44.2614	-0.944167	-4.818	-5.88482
55.0367	1.00054	-44.3647	-1.38594	-4.61992	-5.88482
55.0616	0.960043	-44.4769	-1.85666	-4.37984	-5.88482
55.0889	0.90275	-44.5926	-2.32841	-4.07867	-5.88482
55.1176	0.829466	-44.7044	-2.76746	-3.70105	-5.88482
55.1449	0.748982	-44.7997	-3.1259	-3.27346	-5.88482
55.1711	0.663013	-44.8795	-3.4158	-2.79543	-5.88482
55.1971	0.571096	-44.9453	-3.65274	-2.26084	-5.88482
55.2233	0.472687	-44.9969	-3.84936	-1.6659	-5.88482
55.2501	0.367366	-45.0327	-4.01899	-1.0093	-5.88482
55.2772	0.256266	-45.0506	-4.17663	-0.300223	-5.88482
55.2984	0.166606	-45.0508	-4.30367	0.282007	-5.88482
55.3171	0.084729	-45.0405	-4.42983	0.82139	-5.88482
55.3363	-0.00150129	-45.0193	-4.58168	1.39852	-5.88482
55.3545	-0.0864236	-44.9886	-4.75695	1.9773	-5.88482
55.3712	-0.167679	-44.9509	-4.95192	2.54032	-5.88482
55.3865	-0.244834	-44.908	-5.1603	3.07862	-5.88482
55.4007	-0.319932	-44.8604	-5.37701	3.59417	-5.88482
55.4148	-0.397261	-44.8062	-5.59661	4.09179	-5.88482
55.4251	-0.45548	-44.7625	-5.74157	4.4199	-5.88482
55.4345	-0.509938	-44.7198	-5.84469	4.66837	-5.88482
55.444	-0.565737	-44.6745	-5.902	4.8434	-5.88482
55.4532	-0.620242	-44.6294	-5.89824	4.92044	-5.88482
55.4637	-0.681588	-44.578	-5.81586	4.88729	-5.88482
55.4727	-0.733282	-44.5346	-5.68434	4.76533	-5.88482
55.4818	-0.78444	-44.4919	-5.50665	4.57306	-5.88482
55.491	-0.83417	-44.4509	-5.29948	4.33437	-5.88482
55.5011	-0.886668	-44.4084	-5.05641	4.04581	-5.88482
55.5136	-0.947737	-44.3603	-4.75739	3.686	-5.88482
55.5282	-1.015	-44.3092	-4.42337	3.2842	-5.88482
55.5428	-1.07737	-44.2639	-4.11889	2.92288	-5.88482
55.558	-1.13752	-44.2222	-3.8341	2.59348	-5.88482
55.5747	-1.19931	-44.1815	-3.55126	2.27914	-5.88482
55.5939	-1.26466	-44.1407	-3.26103	1.97571	-5.88482
55.6168	-1.33554	-44.0991	-2.9521	1.68183	-5.88482
55.6445	-1.41279	-44.0564	-2.61352	1.40459	-5.88482
55.672	-1.48032	-44.0208	-2.30511	1.20106	-5.88482
55.7005	-1.54169	-43.9888	-2.00203	1.05075	-5.88482
55.7304	-1.59695	-43.959	-1.69439	0.948311	-5.88482
55.762	-1.64532	-43.9302	-1.37515	0.890779	-5.88482
55.7954	-1.68562	-43.9008	-1.03772	0.875177	-5.88482
55.8311	-1.71625	-43.8692	-0.673994	0.897584	-5.88482
55.8704	-1.73479	-43.833	-0.270319	0.952729	-5.88482
55.9152	-1.73645	-43.7885	0.196739	1.03186	-5.88482
55.9606	-1.71672	-43.74	0.672915	1.10157	-5.88482
56.0015	-1.68045	-43.6942	1.0996	1.13021	-5.88482
56.0385	-1.63267	-43.6526	1.47861	1.10874	-5.88482
56.0711	-1.57923	-43.6174	1.80213	1.03953	-5.88482
56.104	-1.5146	-43.5851	2.11739	0.910936	-5.88482
56.1341	-1.4469	-43.5603	2.39247	0.735295	-5.88482
56.1618	-1.37705	-43.5427	2.63735	0.518253	-5.88482
56.1878	-1.30561	-43.5325	2.86027	0.264483	-5.88482
56.2121	-1.23351	-43.5294	3.06695	-0.0198625	-5.88482
56.232	-1.17081	-43.5324	3.23797	-0.28767	-5.88482
56.2519	-1.10458	-43.5411	3.41518	-0.58984	-5.88482
56.2744	-1.02545	-43.5586	3.62892	-0.975695	-5.88482
56.2988	-0.933805	-43.5881	3.88875	-1.45645	-5.88482
56.3207	-0.845727	-43.6253	4.16079	-1.95488	-5.88482
56.3391	-0.766661	-43.6657	4.43103	-2.43551	-5.88482
56.355	-0.694128	-43.7081	4.70523	-2.90615	-5.88482
56.3691	-0.626139	-43.7521	4.98708	-3.37335	-5.88482
56.3818	-0.560828	-43.798	5.27966	-3.84316	-5.88482
56.3947	-0.490563	-43.8509	5.61283	-4.36268	-5.88482
56.4067	-0.421583	-43.906	5.94568	-4.86814	-5.88482
56.419	-0.346174	-43.9691	6.28902	-5.37691	-5.88482
56.4271	-0.294287	-44.014	6.49135	-5.67004	-5.88482
56.4358	-0.236744	-44.0647	6.66104	-5.90926	-5.88482
56.4438	-0.183452	-44.1122	6.75035	-6.02683	-5.88482
56.4519	-0.128524	-44.1612	6.7639	-6.02873	-5.88482
56.4593	-0.0788345	-44.2053	6.70726	-5.92549	-5.88482
56.4664	-0.0313995	-44.2469	6.59881	-5.74301	-5.88482
56.4738	0.0168585	-44.2885	6.44503	-5.48846	-5.88482
56.4819	0.0681828	-44.3316	6.24794	-5.16153	-5.88482
56.4909	0.123589	-44.3764	6.01342	-4.76714	-5.88482
56.5	0.177319	-44.418	5.77894	-4.36359	-5.88482
56.5102	0.234671	-44.4601	5.53283	-3.92634	-5.88482
56.5221	0.298919	-44.5039	5.2718	-3.4419	-5.88482
56.5353	0.366842	-44.546	5.01874	-2.94476	-5.88482
56.5497	0.437555	-44.5849	4.78239	-2.44757	-5.88482
56.566	0.513606	-44.6205	4.55769	-1.93627	-5.88482
56.5847	0.596781	-44.6517	4.3423	-1.40253	-5.88482
56.6061	0.687205	-44.6756	4.13613	-0.848797	-5.88482
56.6292	0.780742	-44.6889	3.9429	-0.302026	-5.88482
56.6523	0.869731	-44.69	3.76701	0.19442	-5.88482
56.6735	0.947801	-44.6814	3.61022	0.609757	-5.88482
56.6937	1.01917	-44.6654	3.45787	0.970918	-5.88482
56.7158	1.0936	-44.64	3.2826	1.32588	-5.88482
56.7392	1.16812	-44.605	3.08221	1.65547	-5.88482
56.7636	1.24078	-44.5608	2.85347	1.94764	-5.88482
56.7891	1.31014	-44.508	2.59326	2.19511	-5.88482
56.8156	1.37504	-44.447	2.29889	2.39407	-5.88482
56.8434	1.43433	-44.3783	1.96815	2.54332	-5.88482
56.8727	1.48667	-44.3021	1.59904	2.64406	-5.88482
56.904	1.53039	-44.2183	1.18906	2.70012	-5.88482
56.9381	1.56318	-44.1258	0.733024	2.71898	-5.88482
56.9747	1.58097	-44.0265	0.240349	2.71437	-5.88482
57.0132	1.58022	-43.9219	-0.279342	2.71044	-5.88482
57.0536	1.55798	-43.8122	-0.82474	2.74081	-5.88482
57.0954	1.51139	-43.6956	-1.40612	2.84996	-5.88482
57.127	1.45974	-43.6032	-1.87157	3.01502	-5.88482
57.1493	1.41403	-43.534	-2.22602	3.19138	-5.88482
57.1694	1.36582	-43.4678	-2.57123	3.40337	-5.88482
57.1873	1.31705	-43.405	-2.90301	3.63997	-5.88482
57.2036	1.26697	-43.3435	-3.23059	3.89918	-5.88482
57.2201	1.21067	-43.2766	-3.58204	4.19733	-5.88482
57.2359	1.15149	-43.2081	-3.92347	4.49621	-5.88482
57.2476	1.10413	-43.1542	-4.16512	4.7039	-5.88482
57.2586	1.05736	-43.1017	-4.36521	4.86246	-5.88482
57.2698	1.00745	-43.0466	-4.52602	4.9627	-5.88482
57.2805	0.958357	-42.9932	-4.62454	4.9795	-5.88482
57.2924	0.902833	-42.9341	-4.66457	4.89706	-5.88482
57.3031	0.852986	-42.8825	-4.6438	4.73935	-5.88482
57.3141	0.802311	-42.8317	-4.58075	4.51354	-5.88482
57.3252	0.752111	-42.7832	-4.49098	4.24267	-5.88482
57.3374	0.69777	-42.7332	-4.37842	3.91567	-5.88482
57.3525	0.633024	-42.6775	-4.24096	3.50215	-5.88482
57.3708	0.556642	-42.6178	-4.09239	3.00329	-5.88482
57.3898	0.480305	-42.5657	-3.96974	2.5062	-5.88482
57.4096	0.402566	-42.5209	-3.8749	2.00597	-5.88482
57.4318	0.317424	-42.4825	-3.80367	1.46412	-5.88482
57.4574	0.220645	-42.4528	-3.7564	0.851767	-5.88482
57.4879	0.106371	-42.4379	-3.73064	0.128245	-5.88482
57.5176	-0.00399911	-42.4444	-3.71647	-0.572739	-5.88482
57.5479	-0.116499	-42.4727	-3.69011	-1.28608	-5.88482
57.5769	-0.222693	-42.5196	-3.63249	-1.95153	-5.88482
57.6078	-0.333345	-42.5905	-3.51409	-2.62745	-5.88482
57.6357	-0.429114	-42.6718	-3.34089	-3.19051	-5.88482
57.6622	-0.514592	-42.7627	-3.10887	-3.67148	-5.88482
57.6883	-0.592146	-42.8643	-2.81068	-4.08952	-5.88482
57.7142	-0.660405	-42.975	-2.44825	-4.44708	-5.88482
57.74	-0.718058	-43.0934	-2.02647	-4.75266	-5.88482
57.7657	-0.76412	-43.2191	-1.5488	-5.02218	-5.88482
57.7912	-0.797079	-43.3506	-1.02403	-5.27398	-5.88482
57.8158	-0.815614	-43.4836	-0.472781	-5.52622	-5.88482
57.8341	-0.820288	-43.5865	-0.0339617	-5.73694	-5.88482
57.8483	-0.818243	-43.6691	0.325747	-5.92453	-5.88482
57.8632	-0.810409	-43.7593	0.726824	-6.15513	-5.88482
57.8776	-0.79702	-43.8498	1.13788	-6.41885	-5.88482
57.8915	-0.778331	-43.9409	1.56059	-6.72095	-5.88482
57.9045	-0.755371	-44.0302	1.98102	-7.05212	-5.88482
57.9166	-0.728851	-44.1179	2.39298	-7.4039	-5.88482
57.9284	-0.698421	-44.2068	2.7979	-7.77171	-5.88482
57.9395	-0.665043	-44.2956	3.16852	-8.12154	-5.88482
57.9479	-0.637591	-44.3643	3.41355	-8.35431	-5.88482
57.9567	-0.606425	-44.4391	3.61993	-8.54295	-5.88482
57.9648	-0.57663	-44.5086	3.74009	-8.63593	-5.88482
57.9731	-0.545471	-44.5801	3.78238	-8.63489	-5.88482
57.9822	-0.511043	-44.6586	3.73356	-8.51915	-5.88481
57.9909	-0.479128	-44.7317	3.60868	-8.31647	-5.88481
57.9989	-0.450686	-44.7978	3.44428	-8.07347	-5.88481
58.0075	-0.42216	-44.8654	3.24046	-7.78597	-5.88481
58.0173	-0.391608	-44.9401	2.99071	-7.44546	-5.88481
58.0298	-0.356184	-45.0306	2.67414	-7.02745	-5.88481
58.043	-0.322844	-45.1211	2.35995	-6.62583	-5.88481
58.0566	-0.292875	-45.2083	2.06906	-6.2656	-5.88481
58.0711	-0.265004	-45.2965	1.79256	-5.9339	-5.88481
58.0871	-0.238517	-45.3889	1.52312	-5.62109	-5.88481
58.105	-0.213554	-45.4872	1.25966	-5.32516	-5.88481
58.1252	-0.190767	-45.5918	1.00487	-5.04758	-5.88481
58.1471	-0.171423	-45.6995	0.768575	-4.79588	-5.88481
58.1707	-0.155908	-45.8099	0.552435	-4.56714	-5.88481
58.1949	-0.144851	-45.918	0.365706	-4.36579	-5.88481
58.2191	-0.137943	-46.0215	0.210238	-4.18925	-5.88481
58.2428	-0.134501	-46.1187	0.0851168	-4.03375	-5.88481
58.2654	-0.133711	-46.2083	-0.0117085	-3.89653	-5.88481
58.2841	-0.13455	-46.28	-0.0759253	-3.78951	-5.88481
58.3027	-0.136463	-46.3498	-0.126769	-3.68675	-5.88481
58.3236	-0.139566	-46.4255	-0.168562	-3.57606	-5.88481
58.3465	-0.1438	-46.5062	-0.197507	-3.45813	-5.88481
58.3715	-0.148942	-46.5911	-0.21034	-3.33364	-5.88481
58.3991	-0.154698	-46.6811	-0.204334	-3.20165	-5.88481
58.431	-0.160819	-46.7811	-0.175009	-3.05621	-5.88481
58.4602	-0.165319	-46.8683	-0.131898	-2.93328	-5.88481
58.4875	-0.16825	-46.947	-0.081463	-2.829	-5.88481
58.5151	-0.169726	-47.0238	-0.0247394	-2.7376	-5.88481
58.5405	-0.169673	-47.0923	0.0288877	-2.66917	-5.88481
58.5636	-0.168446	-47.1536	0.0766995	-2.62185	-5.88481
58.5885	-0.165928	-47.2185	0.124648	-2.58933	-5.88481
58.6218	-0.160827	-47.3043	0.180301	-2.57838	-5.88481
58.6485	-0.155502	-47.3734	0.217048	-2.59761	-5.88481
58.6757	-0.149165	-47.4447	0.247701	-2.64239	-5.88481
58.7017	-0.142405	-47.5141	0.272337	-2.7072	-5.88481
58.7276	-0.135058	-47.5852	0.295099	-2.79071	-5.88481
58.7543	-0.126863	-47.661	0.320176	-2.89325	-5.88481
58.7827	-0.117301	-47.7451	0.353246	-3.01756	-5.88481
58.815	-0.105134	-47.8448	0.404561	-3.17289	-5.88481
58.8495	-0.089892	-47.9574	0.482895	-3.35346	-5.88481
58.8826	-0.0722457	-48.0716	0.587144	-3.54093	-5.88481
58.9162	-0.0503157	-48.1938	0.72738	-3.74888	-5.88481
58.9482	-0.024326	-48.3175	0.900031	-3.97314	-5.88481
58.9708	-0.00242095	-48.4091	1.0477	-4.15223	-5.88481
58.9888	0.0176019	-48.4851	1.18359	-4.3124	-5.88481
59.0076	0.0414276	-48.5682	1.34637	-4.50207	-5.88481
59.0262	0.0680546	-48.6536	1.53003	-4.71613	-5.88481
59.0449	0.09869	-48.7443	1.74444	-4.96858	-5.88481
59.0634	0.133223	-48.839	1.99132	-5.26446	-5.88481
59.0816	0.17185	-48.9375	2.27531	-5.61273	-5.88481
59.0995	0.215461	-49.0416	2.60667	-6.02997	-5.88481
59.1135	0.253995	-49.1286	2.90805	-6.41915	-5.88481
59.1262	0.292977	-49.213	3.2179	-6.82839	-5.88481
59.1391	0.336685	-49.304	3.56323	-7.29526	-5.88481
59.1511	0.381679	-49.3948	3.90068	-7.76365	-5.88481
59.1627	0.428732	-49.4874	4.20688	-8.20377	-5.88481
59.1707	0.463001	-49.5539	4.37926	-8.4646	-5.88481
59.1791	0.500128	-49.6255	4.49828	-8.66418	-5.88481
59.1869	0.535558	-49.6938	4.53163	-8.7551	-5.88481
59.1953	0.57355	-49.7676	4.47076	-8.73301	-5.88481
59.2039	0.611055	-49.8415	4.31221	-8.59165	-5.88481
59.2118	0.644312	-49.9086	4.09658	-8.37891	-5.88481
59.2196	0.675373	-49.9731	3.84043	-8.12116	-5.88481
59.2282	0.707021	-50.0415	3.53415	-7.81593	-5.88481
59.2386	0.741973	-50.1213	3.15168	-7.44699	-5.88481
59.2518	0.780418	-50.2166	2.68277	-7.02169	-5.88481
59.2645	0.811679	-50.3032	2.25997	-6.67029	-5.88481
59.2775	0.83847	-50.3882	1.85481	-6.36668	-5.88481
59.2918	0.861959	-50.477	1.44281	-6.09401	-5.88481
59.3077	0.881491	-50.572	1.0147	-5.85	-5.88481
59.3255	0.89552	-50.6741	0.567642	-5.63585	-5.88481
59.3449	0.902033	-50.7815	0.109004	-5.45347	-5.88481
59.3649	0.899675	-50.8892	-0.340558	-5.30227	-5.88481
59.384	0.889234	-50.9893	-0.749057	-5.17862	-5.88481
59.4053	0.868606	-51.0983	-1.18204	-5.0494	-5.88481
59.4295	0.83448	-51.2183	-1.64068	-4.89691	-5.88481
59.4556	0.785497	-51.3441	-2.09425	-4.70466	-5.88481
59.4829	0.722563	-51.4692	-2.50929	-4.45644	-5.88481
59.5105	0.648302	-51.588	-2.86014	-4.1426	-5.88481
59.5382	0.565197	-51.6974	-3.13579	-3.75894	-5.88481
59.5658	0.47579	-51.7951	-3.33328	-3.30918	-5.88481
59.5928	0.383946	-51.8778	-3.45515	-2.81185	-5.88481
59.6198	0.289464	-51.9467	-3.51419	-2.26937	-5.88481
59.6477	0.191335	-52.0018	-3.52103	-1.68074	-5.88481
59.6776	0.086581	-52.0424	-3.48443	-1.03371	-5.88481
59.7088	-0.0210937	-52.0641	-3.41836	-0.359109	-5.88481
59.7377	-0.119122	-52.0655	-3.35	0.255558	-5.88481
59.7649	-0.209153	-52.051	-3.29424	0.816386	-5.88481
59.7933	-0.302195	-52.0196	-3.25735	1.39151	-5.88481
59.8294	-0.419826	-51.9562	-3.2619	2.11755	-5.88481
59.8549	-0.503467	-51.8956	-3.31277	2.64077	-5.88481
59.8771	-0.578023	-51.8316	-3.39791	3.11832	-5.88481
59.8969	-0.646264	-51.7655	-3.5101	3.56741	-5.88481
59.9152	-0.711643	-51.6963	-3.64507	4.00638	-5.88481
59.9337	-0.780438	-51.6181	-3.80515	4.46629	-5.88481
59.9521	-0.851936	-51.5317	-3.96578	4.91299	-5.88481
59.9636	-0.898122	-51.4737	-4.04656	5.16066	-5.88481
59.9762	-0.949553	-51.4071	-4.09373	5.37235	-5.88481
59.9876	-0.996285	-51.345	-4.08028	5.48548	-5.88481
59.9994	-1.04407	-51.28	-3.99802	5.50877	-5.88481
60.0106	-1.08782	-51.219	-3.85745	5.44555	-5.88481
60.022	-1.13074	-51.1576	-3.66137	5.31228	-5.88481
60.033	-1.16993	-51.0999	-3.43786	5.14092	-5.88481
60.045	-1.20967	-51.0394	-3.17498	4.93297	-5.88481
60.0596	-1.25353	-50.9694	-2.84977	4.68038	-5.88481
60.0773	-1.30056	-50.889	-2.46446	4.40071	-5.88481
60.095	-1.34086	-50.8134	-2.10089	4.16528	-5.88481
60.1134	-1.37618	-50.7387	-1.74557	3.96749	-5.88481
60.1339	-1.40816	-50.6591	-1.37203	3.79672	-5.88481
60.1577	-1.4359	-50.5705	-0.961861	3.65229	-5.88481
60.1861	-1.45654	-50.4685	-0.49378	3.53534	-5.88481
60.2201	-1.46406	-50.3501	0.0482988	3.44504	-5.88481
60.2547	-1.45296	-50.2319	0.590381	3.37569	-5.88481
60.2937	-1.41825	-50.1019	1.18704	3.28533	-5.88481
60.329	-1.36712	-49.9881	1.70783	3.15776	-5.88481
60.3595	-1.30858	-49.8943	2.13389	2.98953	-5.88481
60.3903	-1.23647	-49.8056	2.53516	2.74714	-5.88481
60.4188	-1.15946	-49.7315	2.87207	2.44922	-5.88481
60.4457	-1.07829	-49.6702	3.15874	2.09716	-5.88481
60.4716	-0.993164	-49.621	3.40664	1.69216	-5.88481
60.4968	-0.904288	-49.5839	3.62579	1.23651	-5.88481
60.5216	-0.812075	-49.5594	3.82615	0.734215	-5.88481
60.5457	-0.717691	-49.5481	4.01759	0.19374	-5.88481
60.5654	-0.636784	-49.549	4.18126	-0.288567	-5.88481
60.5853	-0.551685	-49.5599	4.36254	-0.814276	-5.88481
60.6043	-0.466894	-49.5805	4.56117	-1.35788	-5.88481
60.6231	-0.379115	-49.6114	4.79413	-1.94366	-5.88481
60.6384	-0.304359	-49.6449	5.01951	-2.46257	-5.88481
60.6521	-0.233594	-49.6823	5.25769	-2.97043	-5.88481
60.6661	-0.158397	-49.7276	5.53554	-3.5234	-5.88481
60.6788	-0.086089	-49.7758	5.81926	-4.05654	-5.88481
60.6886	-0.0278543	-49.8177	6.04896	-4.47189	-5.88481
60.6974	0.0258328	-49.8583	6.2495	-4.82678	-5.88481
60.7062	0.0816021	-49.9022	6.43112	-5.1458	-5.88481
60.7153	0.140947	-49.9503	6.57472	-5.40244	-5.88481
60.7235	0.195501	-49.9955	6.64447	-5.53959	-5.88481
60.7315	0.248524	-50.0399	6.6446	-5.56796	-5.88481
60.7393	0.29994	-50.0829	6.57878	-5.49398	-5.88481
60.7474	0.353063	-50.127	6.44824	-5.32096	-5.88481
60.7555	0.40457	-50.1692	6.27233	-5.07581	-5.88481
60.7638	0.455769	-50.2101	6.06324	-4.7765	-5.88481
60.7731	0.510848	-50.2527	5.81575	-4.41482	-5.88481
60.7848	0.576925	-50.3015	5.50739	-3.95454	-5.88481
60.7981	0.648329	-50.351	5.17879	-3.45214	-5.88481
60.8113	0.714686	-50.3935	4.88848	-2.99703	-5.88481
60.8252	0.780488	-50.432	4.61938	-2.5649	-5.88481
60.8405	0.849276	-50.4679	4.35875	-2.1368	-5.88481
60.8579	0.922941	-50.5013	4.10103	-1.70569	-5.88481
60.878	1.00269	-50.5311	3.84238	-1.26977	-5.88481
60.901	1.08796	-50.5552	3.58214	-0.837473	-5.88481
60.9259	1.17403	-50.571	3.32759	-0.435551	-5.88481
60.9508	1.2539	-50.5774	3.08981	-0.094076	-5.88481
60.9713	1.31528	-50.5768	2.90012	0.146448	-5.88481
60.9919	1.37313	-50.5716	2.71107	0.354046	-5.88481
61.0127	1.42749	-50.5624	2.51981	0.530502	-5.88481
61.0357	1.48285	-50.5483	2.30601	0.689236	-5.88481
61.0605	1.53715	-50.5295	2.07027	0.821285	-5.88481
61.0871	1.58889	-50.5062	1.81126	0.92124	-5.88481
61.1158	1.63676	-50.4787	1.52646	0.985796	-5.88481
61.1469	1.67933	-50.4476	1.21193	1.01314	-5.88481
61.1811	1.71479	-50.413	0.861181	1.00269	-5.88481
61.2192	1.74012	-50.3756	0.468201	0.956143	-5.88481
61.2617	1.75072	-50.3365	0.0313848	0.881835	-5.88481
61.3152	1.73781	-50.2919	-0.513027	0.790428	-5.88481
61.3566	1.70786	-50.2601	-0.930237	0.748518	-5.88481
61.3935	1.66681	-50.2326	-1.29886	0.751309	-5.88481
61.431	1.61096	-50.2035	-1.67681	0.809132	-5.88481
61.4654	1.54716	-50.1739	-2.03108	0.925466	-5.88481
61.4978	1.4759	-50.1413	-2.37873	1.10402	-5.88481
61.5287	1.39696	-50.1035	-2.73523	1.35245	-5.88481
61.5546	1.32178	-50.0649	-3.06436	1.63379	-5.88481
61.5758	1.25373	-50.0273	-3.36291	1.92385	-5.88481
61.5943	1.18897	-49.989	-3.6528	2.22953	-5.88481
61.6107	1.12669	-49.9499	-3.93944	2.54849	-5.88481
61.6257	1.06573	-49.9094	-4.22773	2.88051	-5.88481
61.6408	0.999445	-49.8631	-4.54686	3.25554	-5.88481
61.6548	0.933635	-49.8149	-4.86169	3.62768	-5.88481
61.6689	0.86261	-49.761	-5.18278	4.00228	-5.88481
61.6786	0.811329	-49.721	-5.38869	4.23377	-5.88481
61.6882	0.758731	-49.6794	-5.56427	4.41736	-5.88481
61.6979	0.70419	-49.636	-5.6965	4.53218	-5.88481
61.7073	0.649962	-49.593	-5.76952	4.5571	-5.88481
61.7181	0.587946	-49.5445	-5.77957	4.47183	-5.88481
61.7275	0.533803	-49.5032	-5.73049	4.30534	-5.88481
61.737	0.479333	-49.463	-5.6382	4.06614	-5.88481
61.7467	0.425687	-49.4253	-5.51823	3.77748	-5.88481
61.7572	0.36847	-49.3874	-5.37229	3.4301	-5.88481
61.7697	0.302306	-49.3472	-5.19584	2.99849	-5.88481
61.7843	0.227931	-49.3071	-5.00273	2.49587	-5.88481
61.7999	0.151049	-49.2721	-4.81911	1.97193	-5.88481
61.816	0.0749723	-49.2446	-4.6572	1.45652	-5.88481
61.8331	-0.0031969	-49.2243	-4.51048	0.932725	-5.88481
61.8515	-0.0849735	-49.2121	-4.37409	0.391252	-5.88481
61.8711	-0.169666	-49.2099	-4.24437	-0.163129	-5.88481
61.8912	-0.253682	-49.2187	-4.11873	-0.706887	-5.88481
61.9118	-0.337027	-49.2387	-3.98759	-1.23955	-5.88481
61.9357	-0.430494	-49.2755	-3.81974	-1.82687	-5.88481
61.9616	-0.526593	-49.3305	-3.60696	-2.4163	-5.88481
61.988	-0.618528	-49.4017	-3.34428	-2.96308	-5.88481
62.0143	-0.702384	-49.486	-3.03021	-3.44587	-5.88481
62.0404	-0.776783	-49.5815	-2.66328	-3.86416	-5.88481
62.0666	-0.841187	-49.6877	-2.2405	-4.22776	-5.88481
62.0934	-0.894892	-49.8055	-1.75588	-4.55249	-5.88481
62.1202	-0.934877	-49.9314	-1.22432	-4.84786	-5.88481
62.146	-0.959413	-50.0602	-0.668603	-5.1299	-5.88481
62.1651	-0.968043	-50.1605	-0.229054	-5.35438	-5.88481
62.1804	-0.96874	-50.2439	0.140804	-5.55377	-5.88481
62.1938	-0.964593	-50.3197	0.480173	-5.74996	-5.88481
62.2076	-0.955499	-50.4003	0.844509	-5.97794	-5.88481
62.2211	-0.941543	-50.483	1.21976	-6.2334	-5.88481
62.2343	-0.923008	-50.5668	1.59907	-6.51305	-5.88481
62.2471	-0.900063	-50.6523	1.97708	-6.81116	-5.88481
62.2604	-0.87128	-50.7447	2.36129	-7.12901	-5.88481
62.27	-0.847352	-50.8142	2.61954	-7.34573	-5.88481
62.2793	-0.822057	-50.8831	2.836	-7.52238	-5.88481
62.2887	-0.79454	-50.9545	3.00547	-7.64604	-5.88481
62.2977	-0.766947	-51.0237	3.10611	-7.69276	-5.88481
62.3074	-0.736392	-51.0987	3.13903	-7.6531	-5.88481
62.3166	-0.707635	-51.1686	3.10097	-7.53365	-5.88481
62.326	-0.678895	-51.2386	3.00579	-7.3459	-5.88481
62.3352	-0.651956	-51.3048	2.87504	-7.12056	-5.88481
62.345	-0.62449	-51.3735	2.71089	-6.85487	-5.88481
62.3565	-0.594629	-51.4501	2.50837	-6.53903	-5.88481
62.3719	-0.55794	-51.548	2.24031	-6.13096	-5.88481
62.3881	-0.523742	-51.6442	1.98367	-5.74489	-5.88481
62.4038	-0.494373	-51.7317	1.76496	-5.41571	-5.88481
62.4207	-0.46629	-51.8206	1.56138	-5.10551	-5.88481
62.4396	-0.438752	-51.9138	1.37015	-4.80605	-5.88481
62.4608	-0.411625	-52.0127	1.19317	-4.51452	-5.88481
62.4847	-0.385078	-52.1171	1.03515	-4.23048	-5.88481
62.5112	-0.359474	-52.2255	0.902863	-3.95524	-5.88481
62.5399	-0.335078	-52.3352	0.802819	-3.68992	-5.88481
62.5705	-0.311653	-52.4439	0.738896	-3.43232	-5.88481
62.6028	-0.288282	-52.5507	0.712848	-3.17537	-5.88481
62.6378	-0.263229	-52.657	0.727225	-2.90613	-5.88481
62.6766	-0.233942	-52.7641	0.78835	-2.60828	-5.88481
62.7217	-0.19589	-52.8738	0.908396	-2.25708	-5.88481
62.7624	-0.156031	-52.9592	1.04995	-1.93381	-5.88481
62.8012	-0.112487	-53.0282	1.19872	-1.62927	-5.88481
62.8396	-0.0636648	-53.0852	1.34311	-1.3436	-5.88481
62.8677	-0.0245542	-53.1203	1.43641	-1.15499	-5.88481
62.8916	0.0105463	-53.1462	1.50133	-1.01515	-5.88481
62.9134	0.0438366	-53.1671	1.54564	-0.907751	-5.88481
62.9353	0.0780292	-53.186	1.57311	-0.822691	-5.88481
62.9589	0.115354	-53.2046	1.58159	-0.75887	-5.88481
62.9843	0.155261	-53.2234	1.565	-0.724201	-5.88481
63.0113	0.196957	-53.2428	1.51794	-0.725561	-5.88481
63.0402	0.239714	-53.2643	1.43576	-0.768279	-5.88481
63.0714	0.282758	-53.2896	1.31411	-0.856747	-5.88481
63.1058	0.325221	-53.3214	1.14807	-0.995439	-5.88481
63.1451	0.366123	-53.3643	0.929524	-1.19205	-5.88481
63.1921	0.403199	-53.4264	0.646894	-1.45983	-5.88481
63.2345	0.425126	-53.4937	0.38903	-1.71676	-5.88481
63.2728	0.435701	-53.5641	0.164792	-1.95462	-5.88481
63.3082	0.438087	-53.6371	-0.0268568	-2.17602	-5.88481
63.3407	0.434591	-53.7111	-0.185043	-2.38087	-5.88481
63.3707	0.427079	-53.7855	-0.312047	-2.57159	-5.88481
63.407	0.413411	-53.8829	-0.435999	-2.80467	-5.88481
63.446	0.394463	-53.9974	-0.526824	-3.06026	-5.88481
63.479	0.376392	-54.1019	-0.56349	-3.28119	-5.88481
63.5093	0.359223	-54.2047	-0.560486	-3.49074	-5.88481
63.5398	0.342671	-54.3145	-0.518053	-3.70898	-5.88481
63.5682	0.329007	-54.4226	-0.439827	-3.92198	-5.88481
63.5948	0.318695	-54.5297	-0.329302	-4.13498	-5.88481
63.6196	0.312163	-54.635	-0.190762	-4.35028	-5.88481
63.64	0.309675	-54.7255	-0.0494194	-4.5432	-5.88481
63.6572	0.310014	-54.8055	0.0921574	-4.72258	-5.88481
63.6748	0.313058	-54.8902	0.258363	-4.92382	-5.88481
63.692	0.319055	-54.9765	0.444878	-5.1439	-5.88481
63.7097	0.328871	-55.0701	0.666152	-5.4027	-5.88481
63.7271	0.342607	-55.1668	0.915294	-5.69575	-5.88481
63.7436	0.359839	-55.2631	1.18327	-6.01631	-5.88481
63.7588	0.379924	-55.3572	1.4614	-6.35709	-5.88481
63.7728	0.402368	-55.4488	1.74306	-6.71197	-5.88481
63.786	0.427163	-55.5396	2.02418	-7.07737	-5.88481
63.7991	0.4555	-55.6347	2.30539	-7.45666	-5.88481
63.8094	0.480434	-55.7133	2.51097	-7.74677	-5.88481
63.8184	0.50369	-55.784	2.65952	-7.96955	-5.88481
63.8277	0.52878	-55.8584	2.76381	-8.14581	-5.88481
63.8363	0.552821	-55.9292	2.80077	-8.24154	-5.88481
63.8452	0.577772	-56.003	2.7668	-8.25701	-5.88481
63.8552	0.604739	-56.0848	2.64197	-8.17363	-5.88481
63.8643	0.628016	-56.1586	2.45841	-8.01933	-5.88481
63.8727	0.647927	-56.2256	2.24424	-7.82967	-5.88481
63.8816	0.666637	-56.2938	1.99198	-7.60488	-5.88481
63.8915	0.684873	-56.3677	1.69099	-7.34121	-5.88481
63.904	0.703562	-56.4573	1.30453	-7.01544	-5.88481
63.9171	0.718102	-56.5476	0.90377	-6.69625	-5.88481
63.9304	0.727498	-56.6344	0.516587	-6.40696	-5.88481
63.9435	0.731853	-56.7165	0.153111	-6.15159	-5.88481
63.9566	0.731552	-56.796	-0.195703	-5.91902	-5.88481
63.9696	0.726904	-56.8712	-0.520739	-5.71026	-5.88481
63.9837	0.71714	-56.9504	-0.858092	-5.49743	-5.88481
64.0004	0.699591	-57.0404	-1.23459	-5.25764	-5.88481
64.0195	0.672148	-57.1382	-1.63433	-4.98921	-5.88481
64.0406	0.633331	-57.2403	-2.03892	-4.68605	-5.88481
64.0632	0.582741	-57.3424	-2.42812	-4.34073	-5.88481
64.0869	0.521054	-57.4404	-2.78403	-3.94696	-5.88481
64.1112	0.449547	-57.5309	-3.0949	-3.50104	-5.88481
64.136	0.369456	-57.6116	-3.35625	-3.00144	-5.88481
64.1613	0.281555	-57.6808	-3.56979	-2.44759	-5.88481
64.187	0.187462	-57.7361	-3.7396	-1.84802	-5.88481
64.2132	0.0878992	-57.7761	-3.87618	-1.20852	-5.88481
64.2401	-0.0181176	-57.7995	-3.99507	-0.525199	-5.88481
64.2648	-0.118066	-57.8045	-4.10026	0.11912	-5.88481
64.2836	-0.195876	-57.7976	-4.18732	0.620439	-5.88481
64.3035	-0.280553	-57.7798	-4.29473	1.16594	-5.88481
64.3225	-0.362928	-57.7527	-4.41678	1.69625	-5.88481
64.3404	-0.443164	-57.7178	-4.55382	2.20985	-5.88481
64.3573	-0.521727	-57.6761	-4.70166	2.70234	-5.88481
64.3744	-0.603317	-57.6258	-4.85726	3.18529	-5.88481
64.3868	-0.664178	-57.5843	-4.96074	3.50786	-5.88481
64.398	-0.720266	-57.5435	-5.03279	3.75848	-5.88481
64.4095	-0.77814	-57.4993	-5.06923	3.95149	-5.88481
64.4203	-0.833025	-57.4558	-5.05586	4.05742	-5.88481
64.4319	-0.891174	-57.4087	-4.98176	4.07735	-5.88481
64.4425	-0.943455	-57.3656	-4.86072	4.0139	-5.88481
64.4535	-0.995906	-57.3223	-4.69184	3.88108	-5.88481
64.4641	-1.04458	-57.2821	-4.50003	3.70822	-5.88481
64.4754	-1.09425	-57.2413	-4.27831	3.49708	-5.88481
64.4886	-1.14918	-57.1967	-4.01297	3.23988	-5.88481
64.5057	-1.21468	-57.1442	-3.68139	2.92267	-5.88481
64.5228	-1.27502	-57.0967	-3.36984	2.63752	-5.88481
64.5398	-1.32981	-57.054	-3.08487	2.39411	-5.88481
64.5583	-1.38429	-57.0117	-2.79928	2.17245	-5.88481
64.5794	-1.44013	-56.9681	-2.5009	1.97027	-5.88481
64.6045	-1.49868	-56.9211	-2.17441	1.78911	-5.88481
64.637	-1.56298	-56.8657	-1.7823	1.63199	-5.88481
64.6685	-1.61342	-56.8158	-1.42392	1.54588	-5.88481
64.7012	-1.65404	-56.766	-1.06361	1.50876	-5.88481
64.736	-1.68448	-56.7135	-0.684695	1.51205	-5.88481
64.774	-1.70265	-56.6554	-0.270473	1.54845	-5.88481
64.8164	-1.70427	-56.5887	0.194914	1.60638	-5.88481
64.8617	-1.684	-56.5145	0.699503	1.65932	-5.88481
64.8996	-1.64953	-56.4513	1.12163	1.67196	-5.88481
64.9377	-1.59872	-56.3881	1.54262	1.63367	-5.88481
64.973	-1.53743	-56.3319	1.92367	1.53474	-5.88481
65.0061	-1.46821	-56.2837	2.2672	1.37378	-5.88481
65.0361	-1.39555	-56.2454	2.56747	1.16089	-5.88481
65.0641	-1.32003	-56.2165	2.83645	0.90051	-5.88481
65.0904	-1.24208	-56.1966	3.08329	0.596485	-5.88481
65.1153	-1.16246	-56.186	3.31509	0.253933	-5.88481
65.1386	-1.08267	-56.1843	3.5367	-0.118293	-5.88481
65.1596	-1.00597	-56.1907	3.74776	-0.501452	-5.88481
65.1791	-0.930918	-56.2043	3.95924	-0.899727	-5.88481
65.1998	-0.846665	-56.2277	4.2101	-1.37485	-5.88481
65.2198	-0.759515	-56.2604	4.49243	-1.89895	-5.88481
65.2355	-0.686816	-56.2938	4.75065	-2.36258	-5.88481
65.2497	-0.617948	-56.3304	5.01653	-2.8235	-5.88481
65.264	-0.543822	-56.3745	5.32507	-3.33937	-5.88481
65.2769	-0.472996	-56.4209	5.63605	-3.84169	-5.8848
65.2891	-0.402495	-56.4707	5.94875	-4.33185	-5.8848
65.3007	-0.331577	-56.5237	6.2447	-4.78341	-5.8848
65.3092	-0.278104	-56.5653	6.43689	-5.06978	-5.8848
65.3182	-0.219409	-56.612	6.59726	-5.30224	-5.8848
65.3264	-0.16495	-56.656	6.6834	-5.41951	-5.8848
65.3347	-0.10897	-56.7014	6.69941	-5.42747	-5.8848
65.3423	-0.0581884	-56.7424	6.64966	-5.33477	-5.8848
65.3496	-0.0102308	-56.7806	6.55211	-5.16759	-5.8848
65.3569	0.0375516	-56.8178	6.41527	-4.93682	-5.8848
65.3651	0.088878	-56.8567	6.23654	-4.63469	-5.8848
65.3741	0.144501	-56.897	6.02067	-4.26465	-5.8848
65.384	0.202726	-56.9371	5.785	-3.85083	-5.8848
65.3947	0.263432	-56.976	5.5414	-3.40851	-5.8848
65.4071	0.330537	-57.0152	5.28472	-2.92133	-5.8848
65.4205	0.399745	-57.0511	5.03972	-2.43019	-5.8848
65.435	0.470716	-57.0825	4.81113	-1.94299	-5.8848
65.4509	0.54563	-57.1095	4.59328	-1.44794	-5.8848
65.4687	0.625398	-57.1307	4.38359	-0.941685	-5.8848
65.4882	0.709146	-57.144	4.18159	-0.431759	-5.8848
65.5088	0.793162	-57.1478	3.98952	0.0586759	-5.8848
65.5289	0.871469	-57.1422	3.81216	0.496618	-5.8848
65.5472	0.939961	-57.1296	3.65209	0.86353	-5.8848
65.5679	1.01359	-57.1078	3.46814	1.23931	-5.8848
65.5902	1.08858	-57.0761	3.26026	1.59952	-5.8848
65.6137	1.16244	-57.0346	3.02597	1.92857	-5.8848
65.6382	1.23336	-56.9837	2.76246	2.21668	-5.8848
65.6636	1.29998	-56.9241	2.46717	2.45859	-5.8848
65.6902	1.36113	-56.8561	2.13791	2.65254	-5.8848
65.718	1.41563	-56.7801	1.77259	2.79964	-5.8848
65.7476	1.46206	-56.6957	1.36848	2.90379	-5.8848
65.7794	1.49853	-56.6021	0.920401	2.97243	-5.8848
65.8147	1.52212	-56.4963	0.415701	3.01862	-5.8848
65.853	1.52746	-56.3799	-0.137597	3.06424	-5.8848
65.892	1.51098	-56.259	-0.710264	3.14278	-5.8848
65.9222	1.48262	-56.1625	-1.16909	3.25259	-5.8848
65.9476	1.44784	-56.0782	-1.57365	3.39603	-5.8848
65.9695	1.40934	-56.0019	-1.94435	3.56976	-5.8848
65.9889	1.36825	-55.9308	-2.295	3.77052	-5.8848
66.0067	1.32448	-55.8619	-2.63709	3.9966	-5.8848
66.0247	1.27382	-55.7877	-3.00188	4.26331	-5.8848
66.0416	1.22012	-55.7134	-3.35103	4.53278	-5.8848
66.0547	1.17451	-55.6527	-3.61008	4.73138	-5.8848
66.0664	1.1308	-55.5961	-3.81742	4.87787	-5.8848
66.0786	1.08341	-55.5363	-3.98842	4.97145	-5.8848
66.0901	1.0369	-55.479	-4.09666	4.986	-5.8848
66.1027	0.984585	-55.4162	-4.14912	4.90804	-5.8848
66.1143	0.93669	-55.3604	-4.14131	4.75731	-5.8848
66.1261	0.887919	-55.3053	-4.09198	4.54154	-5.8848
66.138	0.8396	-55.2527	-4.01653	4.28346	-5.8848
66.1513	0.787099	-55.1981	-3.91991	3.97186	-5.8848
66.1676	0.724057	-55.1364	-3.80149	3.57629	-5.8848
66.1876	0.649253	-55.0696	-3.67615	3.09839	-5.8848
66.2082	0.574613	-55.0107	-3.57861	2.62467	-5.8848
66.2301	0.497132	-54.9587	-3.50989	2.13967	-5.8848
66.255	0.410126	-54.912	-3.46956	1.60095	-5.8848
66.2848	0.307004	-54.8738	-3.46248	0.964214	-5.8848
66.3238	0.171519	-54.8526	-3.49504	0.121428	-5.8848
66.3497	0.0807024	-54.8568	-3.52576	-0.44879	-5.8848
66.3769	-0.0155657	-54.8773	-3.5505	-1.0551	-5.8848
66.4031	-0.108933	-54.9127	-3.55319	-1.64012	-5.8848
66.4311	-0.207955	-54.9671	-3.5175	-2.25047	-5.8848
66.4608	-0.311048	-55.0432	-3.41906	-2.86656	-5.8848
66.4878	-0.401605	-55.1279	-3.26195	-3.3849	-5.8848
66.5138	-0.483546	-55.2216	-3.04328	-3.8318	-5.8848
66.5396	-0.5585	-55.3256	-2.75683	-4.22169	-5.8848
66.5654	-0.62519	-55.4389	-2.40256	-4.55733	-5.8848
66.591	-0.681523	-55.5593	-1.98829	-4.84316	-5.8848
66.6166	-0.726503	-55.6866	-1.5178	-5.0948	-5.8848
66.642	-0.758653	-55.8193	-0.999557	-5.33054	-5.8848
66.6667	-0.776647	-55.9536	-0.45281	-5.56902	-5.8848
66.6853	-0.780993	-56.059	-0.010027	-5.7735	-5.8848
66.6996	-0.778559	-56.1432	0.352191	-5.95679	-5.8848
66.7148	-0.770204	-56.235	0.756361	-6.18415	-5.8848
66.7296	-0.755872	-56.3287	1.17961	-6.4523	-5.8848
66.7439	-0.735997	-56.4228	1.61543	-6.7627	-5.8848
66.7571	-0.711828	-56.5143	2.04831	-7.10507	-5.8848
66.7693	-0.6843	-56.6031	2.47117	-7.46973	-5.8848
66.7808	-0.653403	-56.6915	2.88395	-7.85031	-5.8848
66.7927	-0.61657	-56.7874	3.30005	-8.2522	-5.8848
66.8008	-0.588706	-56.8554	3.55659	-8.50418	-5.8848
66.8088	-0.559593	-56.9238	3.76425	-8.7046	-5.8848
66.8168	-0.52889	-56.9939	3.90925	-8.83264	-5.8848
66.8246	-0.497801	-57.0637	3.97381	-8.86554	-5.8848
66.8334	-0.462815	-57.1415	3.94797	-8.78421	-5.8848
66.8421	-0.428935	-57.2172	3.83192	-8.59588	-5.8848
66.85	-0.399422	-57.2838	3.66931	-8.359	-5.8848
66.8581	-0.370548	-57.3503	3.46649	-8.07749	-5.8848
66.8672	-0.340221	-57.4221	3.21879	-7.74523	-5.8848
66.8786	-0.305267	-57.5082	2.90309	-7.33525	-5.8848
66.8907	-0.271948	-57.5949	2.58286	-6.93328	-5.8848
66.9038	-0.240305	-57.6829	2.26742	-6.55119	-5.8848
66.9175	-0.211367	-57.77	1.97096	-6.20559	-5.8848
66.9325	-0.183965	-57.8608	1.68182	-5.88219	-5.8848
66.9494	-0.158068	-57.9573	1.39673	-5.57751	-5.8848
66.9683	-0.134289	-58.0603	1.11704	-5.29277	-5.8848
66.9879	-0.114985	-58.1612	0.866221	-5.04907	-5.8848
67.0085	-0.0995668	-58.263	0.634911	-4.83289	-5.8848
67.0306	-0.0879439	-58.3679	0.418269	-4.63562	-5.8848
67.054	-0.0805243	-58.4743	0.220889	-4.45682	-5.8848
67.077	-0.0774091	-58.5748	0.0548422	-4.30278	-5.8848
67.0988	-0.0777193	-58.6671	-0.0796919	-4.17078	-5.8848
67.1184	-0.0803259	-58.7479	-0.182899	-4.06056	-5.8848
67.1385	-0.0849165	-58.8284	-0.271587	-3.95432	-5.8848
67.1608	-0.0918962	-58.9153	-0.351124	-3.84205	-5.8848
67.1851	-0.101239	-59.007	-0.416133	-3.72521	-5.8848
67.2112	-0.112783	-59.1028	-0.462847	-3.60412	-5.8848
67.2395	-0.126301	-59.203	-0.488381	-3.47847	-5.8848
67.2708	-0.141655	-59.3097	-0.48995	-3.34704	-5.8848
67.306	-0.158554	-59.4253	-0.463856	-3.21057	-5.8848
67.3414	-0.174157	-59.5367	-0.415127	-3.09079	-5.8848
67.3773	-0.187943	-59.6459	-0.350326	-2.99236	-5.8848
67.4113	-0.198672	-59.7462	-0.281644	-2.92623	-5.8848
67.4466	-0.207325	-59.8489	-0.20787	-2.88973	-5.8848
67.4777	-0.212792	-59.9386	-0.143994	-2.88744	-5.8848
67.5036	-0.215849	-60.0137	-0.0920836	-2.9073	-5.8848
67.5272	-0.21747	-60.0827	-0.0453586	-2.94202	-5.8848
67.5509	-0.217984	-60.1528	0.0021378	-2.99164	-5.8848
67.5699	-0.217567	-60.2103	0.0419824	-3.04139	-5.8848
67.589	-0.216368	-60.2688	0.0843296	-3.09888	-5.8848
67.6114	-0.213883	-60.339	0.138784	-3.17507	-5.8848
67.6383	-0.209155	-60.426	0.213734	-3.27767	-5.8848
67.6766	-0.198593	-60.5545	0.343376	-3.44098	-5.8848
67.7114	-0.18416	-60.6771	0.491188	-3.60783	-5.8848
67.7433	-0.165936	-60.7949	0.656623	-3.77978	-5.8848
67.7747	-0.14233	-60.9166	0.852305	-3.974	-5.8848
67.8061	-0.112067	-61.0446	1.08605	-4.20354	-5.8848
67.8307	-0.082772	-61.1505	1.30224	-4.41941	-5.8848
67.8518	-0.0530097	-61.2463	1.5169	-4.64001	-5.8848
67.8699	-0.0236587	-61.3323	1.72696	-4.86306	-5.8848
67.8852	0.00424451	-61.4083	1.92727	-5.08264	-5.8848
67.8983	0.0306106	-61.476	2.11847	-5.2984	-5.8848
67.9115	0.0601752	-61.548	2.33625	-5.55109	-5.8848
67.9256	0.0947524	-61.628	2.59664	-5.86217	-5.8848
67.9404	0.135544	-61.7178	2.91242	-6.25115	-5.8848
67.9537	0.176204	-61.8032	3.23549	-6.66086	-5.8848
67.9658	0.217325	-61.8863	3.56689	-7.09209	-5.8848
67.978	0.263122	-61.976	3.93187	-7.57906	-5.8848
67.9895	0.310556	-62.0662	4.28633	-8.06485	-5.8848
68	0.357	-62.1529	4.58181	-8.48354	-5.8848
68.0076	0.392777	-62.2188	4.75279	-8.73794	-5.8848
68.0155	0.430648	-62.2884	4.86069	-8.91648	-5.8848
68.0231	0.467648	-62.3563	4.87964	-8.98248	-5.8848
68.0311	0.506526	-62.4282	4.80035	-8.92788	-5.8848
68.0391	0.544463	-62.4993	4.62776	-8.75797	-5.8848
68.0467	0.578519	-62.5645	4.40186	-8.52206	-5.8848
68.0544	0.611282	-62.6288	4.13212	-8.23817	-5.8848
68.063	0.645429	-62.6982	3.80774	-7.90175	-5.8848
68.0739	0.684864	-62.7825	3.39068	-7.48472	-5.8848
68.0867	0.725085	-62.875	2.92672	-7.04926	-5.8848
68.0989	0.758451	-62.9594	2.51116	-6.69113	-5.8848
68.112	0.78847	-63.0444	2.10454	-6.37493	-5.8848
68.1265	0.8159	-63.1346	1.68763	-6.08961	-5.8848
68.1429	0.840004	-63.2325	1.25069	-5.83484	-5.8848
68.1616	0.859007	-63.3393	0.789274	-5.61401	-5.8848
68.1822	0.870322	-63.4534	0.310783	-5.43193	-5.8848
68.2038	0.871885	-63.5689	-0.161825	-5.28932	-5.8848
68.2248	0.863871	-63.6786	-0.599427	-5.17892	-5.8848
68.2456	0.846988	-63.7856	-1.01481	-5.08156	-5.8848
68.2696	0.817256	-63.906	-1.46384	-4.96891	-5.8848
68.2956	0.773121	-64.0337	-1.91365	-4.8266	-5.8848
68.3229	0.715144	-64.1628	-2.33081	-4.63795	-5.8848
68.3505	0.645677	-64.2877	-2.68849	-4.39115	-5.8848
68.3782	0.566998	-64.4052	-2.97412	-4.07922	-5.8848
68.4063	0.480382	-64.5145	-3.18448	-3.69702	-5.8848
68.4339	0.390495	-64.6107	-3.31496	-3.26124	-5.8848
68.4613	0.298724	-64.6935	-3.37471	-2.78023	-5.8848
68.489	0.205128	-64.7634	-3.37342	-2.25788	-5.8848
68.5177	0.10894	-64.8202	-3.31896	-1.69438	-5.8848
68.549	0.00653523	-64.8635	-3.21486	-1.07317	-5.8848
68.5768	-0.0812687	-64.8857	-3.09842	-0.530271	-5.8848
68.6048	-0.166243	-64.8931	-2.9716	-0.00188153	-5.8848
68.6328	-0.247672	-64.8861	-2.84631	0.502687	-5.8848
68.6589	-0.320538	-64.8671	-2.73914	0.950227	-5.8848
68.6913	-0.407365	-64.8277	-2.62867	1.47772	-5.8848
68.7294	-0.505694	-64.76	-2.5432	2.07086	-5.8848
68.7706	-0.60973	-64.6617	-2.52129	2.70544	-5.8848
68.7962	-0.674538	-64.5873	-2.55289	3.11295	-5.8848
68.8202	-0.73655	-64.5078	-2.61908	3.51674	-5.8848
68.8418	-0.794011	-64.4277	-2.71051	3.90372	-5.8848
68.8639	-0.855232	-64.3368	-2.83216	4.3237	-5.8848
68.8844	-0.914703	-64.2439	-2.95708	4.72178	-5.8848
68.8987	-0.957607	-64.1744	-3.0346	4.98428	-5.8848
68.9116	-0.997057	-64.1088	-3.08127	5.1897	-5.8848
68.9249	-1.03796	-64.039	-3.08877	5.34781	-5.8848
68.9373	-1.07614	-63.9719	-3.04411	5.42944	-5.8848
68.9508	-1.11654	-63.8985	-2.93055	5.4349	-5.8848
68.9627	-1.15051	-63.8342	-2.7769	5.3727	-5.8848
68.975	-1.18348	-63.7687	-2.57548	5.25751	-5.8848
68.9871	-1.21334	-63.7059	-2.34844	5.11253	-5.8848
69.0003	-1.2426	-63.6395	-2.08355	4.93936	-5.8848
69.0163	-1.27336	-63.562	-1.75376	4.73002	-5.8848
69.0349	-1.30244	-63.4762	-1.37513	4.50786	-5.8848
69.0537	-1.32478	-63.3933	-1.00462	4.31427	-5.8848
69.0726	-1.34033	-63.3136	-0.646125	4.15024	-5.8848
69.0926	-1.34956	-63.232	-0.279163	4.00365	-5.8848
69.114	-1.35145	-63.148	0.100409	3.8694	-5.8848
69.1363	-1.3449	-63.0631	0.485538	3.74336	-5.8848
69.1601	-1.32856	-62.9756	0.886072	3.61267	-5.8848
69.1908	-1.29353	-62.8672	1.38805	3.43028	-5.8848
69.2218	-1.24294	-62.7642	1.87321	3.20902	-5.8848
69.2532	-1.17669	-62.6676	2.33952	2.9247	-5.8848
69.2817	-1.10444	-62.5889	2.73548	2.60056	-5.8848
69.3082	-1.02729	-62.5247	3.08048	2.23283	-5.8848
69.3334	-0.945633	-62.4734	3.3886	1.81949	-5.8848
69.3577	-0.860087	-62.4347	3.67008	1.36204	-5.8848
69.3809	-0.771801	-62.4087	3.93331	0.866469	-5.8848
69.4027	-0.683098	-62.3954	4.18397	0.34687	-5.8848
69.4191	-0.613235	-62.3931	4.37941	-0.07662	-5.8848
69.4328	-0.552097	-62.3968	4.55328	-0.457041	-5.8848
69.4469	-0.486551	-62.4061	4.74587	-0.874565	-5.8848
69.4611	-0.417684	-62.4217	4.95772	-1.32296	-5.8848
69.475	-0.347101	-62.4433	5.18625	-1.79029	-5.8848
69.4883	-0.276223	-62.4704	5.42605	-2.26199	-5.8848
69.5013	-0.204414	-62.5027	5.67407	-2.73171	-5.8848
69.5146	-0.127158	-62.5422	5.93346	-3.20693	-5.8848
69.525	-0.0646167	-62.5773	6.12257	-3.54617	-5.8848
69.5341	-0.00820014	-62.6108	6.26303	-3.79691	-5.8848
69.5421	0.0421925	-62.6418	6.35376	-3.96155	-5.8848
69.5502	0.0940922	-62.6744	6.40443	-4.06056	-5.8848
69.5578	0.142969	-62.7055	6.40756	-4.08156	-5.8848
69.5657	0.193155	-62.7374	6.36459	-4.02869	-5.8848
69.5741	0.246195	-62.7707	6.27157	-3.89568	-5.8848
69.5829	0.301268	-62.8044	6.13118	-3.68525	-5.8848
69.5918	0.354742	-62.8359	5.96257	-3.42556	-5.8848
69.6013	0.410605	-62.867	5.76407	-3.11296	-5.8848
69.6124	0.473356	-62.8995	5.52688	-2.73085	-5.8848
69.6264	0.548709	-62.9344	5.23758	-2.25233	-5.8848
69.6411	0.623312	-62.9638	4.95761	-1.77626	-5.8848
69.6551	0.691175	-62.9858	4.71324	-1.35112	-5.8848
69.6697	0.75834	-63.0025	4.48182	-0.942503	-5.8848
69.6853	0.82622	-63.014	4.25704	-0.544107	-5.8848
69.7017	0.894428	-63.0197	4.03751	-0.15968	-5.8848
69.7187	0.961051	-63.0193	3.8255	0.199741	-5.8848
69.7351	1.02228	-63.0134	3.62906	0.515435	-5.8848
69.7525	1.08354	-63.0018	3.42698	0.816595	-5.8848
69.7722	1.14903	-62.9826	3.19986	1.12102	-5.8848
69.7939	1.21569	-62.9551	2.95031	1.41063	-5.8848
69.8172	1.2812	-62.9191	2.67852	1.67321	-5.8848
69.8419	1.34379	-62.8748	2.38348	1.9011	-5.8848
69.8681	1.40201	-62.8225	2.06348	2.09041	-5.8848
69.8958	1.45452	-62.7622	1.7162	2.24017	-5.8848
69.9256	1.49991	-62.6939	1.33836	2.35211	-5.8848
69.9577	1.53634	-62.6168	0.924608	2.4309	-5.8848
69.9933	1.56108	-62.5292	0.464758	2.48564	-5.8848
70.0318	1.56938	-62.4326	-0.0341183	2.53172	-5.8848
70.0662	1.56051	-62.3448	-0.483313	2.58441	-5.8848
70.0976	1.53874	-62.2625	-0.90349	2.66134	-5.8848
70.1252	1.50857	-62.1877	-1.286	2.76589	-5.8848
70.1494	1.47329	-62.1193	-1.63687	2.89586	-5.8848
70.1711	1.43419	-62.0549	-1.9687	3.04924	-5.8848
70.1932	1.38676	-61.9854	-2.32399	3.24257	-5.8848
70.2132	1.33707	-61.9187	-2.65553	3.44258	-5.8848
70.233	1.28105	-61.8483	-2.98239	3.6455	-5.8848
70.2466	1.23923	-61.798	-3.19063	3.76683	-5.8848
70.2603	1.19427	-61.7458	-3.37569	3.85555	-5.8848
70.274	1.14687	-61.6926	-3.52376	3.89205	-5.8848
70.2877	1.09778	-61.6393	-3.62574	3.86264	-5.8848
70.3046	1.03604	-61.5752	-3.6871	3.73232	-5.8848
70.32	0.979176	-61.5191	-3.69213	3.53504	-5.8848
70.3339	0.927796	-61.4713	-3.66865	3.30959	-5.8848
70.3487	0.873753	-61.4243	-3.62838	3.03976	-5.8848
70.3658	0.812368	-61.3753	-3.57634	2.70831	-5.8848
70.3881	0.733085	-61.3197	-3.51474	2.25976	-5.8848
70.4134	0.64479	-61.269	-3.46544	1.74803	-5.8848
70.4391	0.556219	-61.2308	-3.43958	1.22791	-5.8848
70.467	0.460306	-61.2045	-3.43388	0.657321	-5.8848
70.5004	0.345748	-61.1941	-3.44446	-0.0363098	-5.8848
70.5251	0.260381	-61.2015	-3.45334	-0.562254	-5.8848
70.5522	0.166805	-61.2246	-3.45174	-1.14638	-5.8848
70.5788	0.0753532	-61.2627	-3.42619	-1.72226	-5.8848
70.6065	-0.0189835	-61.3188	-3.35998	-2.31779	-5.8848
70.6284	-0.0914978	-61.3745	-3.27036	-2.77426	-5.8848
70.6511	-0.16438	-61.4428	-3.13489	-3.23076	-5.8848
70.6737	-0.233212	-61.5207	-2.9523	-3.66033	-5.8848
70.6968	-0.298654	-61.6099	-2.71265	-4.07061	-5.8848
70.7205	-0.359438	-61.711	-2.40864	-4.4614	-5.8848
70.7444	-0.412876	-61.8224	-2.04144	-4.82895	-5.8848
70.7679	-0.455937	-61.9395	-1.62549	-5.17039	-5.8848
70.7906	-0.487769	-62.0606	-1.16948	-5.49842	-5.8848
70.8121	-0.507834	-62.1823	-0.689385	-5.82371	-5.8848
70.8284	-0.515876	-62.2794	-0.292044	-6.09333	-5.8848
70.8417	-0.517472	-62.3625	0.0568004	-6.33788	-5.8848
70.8528	-0.515178	-62.4336	0.361716	-6.56105	-5.8848
70.8642	-0.509142	-62.5102	0.695269	-6.81754	-5.8848
70.8757	-0.499142	-62.5902	1.04773	-7.10406	-5.8848
70.8871	-0.485112	-62.673	1.41355	-7.41875	-5.8848
70.8984	-0.467089	-62.7585	1.78474	-7.75538	-5.8848
70.91	-0.444088	-62.8509	2.16427	-8.11533	-5.8848
70.9192	-0.422879	-62.9268	2.44388	-8.38794	-5.8848
70.9275	-0.401768	-62.997	2.66186	-8.60162	-5.8848
70.9359	-0.378518	-63.0704	2.83323	-8.76514	-5.8848
70.9439	-0.355559	-63.1404	2.93091	-8.84743	-5.8848
70.9522	-0.33111	-63.2138	2.9567	-8.84558	-5.8848
70.9607	-0.305996	-63.2891	2.90177	-8.74945	-5.8848
70.9694	-0.281497	-63.3638	2.77424	-8.5707	-5.8848
70.9773	-0.26003	-63.4313	2.60837	-8.35352	-5.8848
70.9856	-0.239227	-63.4995	2.4046	-8.0971	-5.8848
70.9949	-0.218047	-63.5732	2.15758	-7.79669	-5.8848
71.0064	-0.19494	-63.6611	1.84419	-7.42932	-5.8848
71.0183	-0.175011	-63.7468	1.53326	-7.07917	-5.8848
71.0312	-0.157301	-63.8359	1.2141	-6.73447	-5.8848
71.0443	-0.143335	-63.9224	0.914492	-6.42437	-5.8848
71.0582	-0.132689	-64.0094	0.62596	-6.13757	-5.8848
71.0729	-0.125547	-64.0979	0.347332	-5.87046	-5.8848
71.0884	-0.122247	-64.1871	0.0824683	-5.62358	-5.8848
71.1043	-0.122901	-64.2742	-0.160842	-5.4001	-5.8848
71.1194	-0.126948	-64.3544	-0.370647	-5.20693	-5.8848
71.1358	-0.134749	-64.4384	-0.575228	-5.01427	-5.8848
71.1545	-0.147484	-64.5303	-0.780823	-4.81055	-5.8848
71.1752	-0.165665	-64.6274	-0.975514	-4.59917	-5.8848
71.1975	-0.189434	-64.7275	-1.14997	-4.3805	-5.8848
71.2213	-0.218604	-64.829	-1.29664	-4.15346	-5.8848
71.2464	-0.252736	-64.9305	-1.4096	-3.91646	-5.8848
71.273	-0.291237	-65.0311	-1.48422	-3.66789	-5.8848
71.301	-0.333439	-65.1303	-1.51682	-3.40619	-5.8848
71.3309	-0.378671	-65.228	-1.50393	-3.12963	-5.8848
71.3632	-0.426324	-65.3242	-1.44116	-2.83539	-5.8848
71.3987	-0.475514	-65.4192	-1.32202	-2.52033	-5.8848
71.4361	-0.521882	-65.5075	-1.14964	-2.20093	-5.8848
71.4766	-0.563915	-65.5899	-0.920145	-1.87142	-5.8848
71.5199	-0.597793	-65.6637	-0.636352	-1.53574	-5.8848
71.5599	-0.617558	-65.7192	-0.348528	-1.23796	-5.8848
71.5975	-0.625297	-65.7605	-0.060749	-0.962727	-5.8848
71.628	-0.623463	-65.7865	0.18218	-0.738368	-5.8848
71.6587	-0.614027	-65.8056	0.433288	-0.507613	-5.8848
71.6907	-0.595905	-65.8179	0.700016	-0.258004	-5.8848
71.7252	-0.566744	-65.822	0.991004	0.0259602	-5.8848
71.7579	-0.529812	-65.8165	1.26741	0.31294	-5.8848
71.7885	-0.487086	-65.8025	1.52362	0.599326	-5.8848
71.8271	-0.422173	-65.772	1.83775	0.986034	-5.8848
71.8682	-0.340124	-65.7226	2.15202	1.42732	-5.8848
71.9108	-0.242105	-65.6515	2.44246	1.91099	-5.8848
71.954	-0.131156	-65.5581	2.68327	2.41749	-5.8848
71.9965	-0.0134263	-65.4448	2.84882	2.91638	-5.8848
72.0262	0.0723599	-65.353	2.91255	3.25721	-5.8848
72.057	0.162379	-65.2474	2.92515	3.5945	-5.8848
72.0876	0.251171	-65.1328	2.87695	3.90558	-5.8848
72.1188	0.339316	-65.0064	2.75854	4.19061	-5.8848
72.1498	0.42202	-64.8726	2.56668	4.43291	-5.8848
72.1803	0.496501	-64.7343	2.30318	4.62671	-5.8848
72.2092	0.558584	-64.5986	1.98716	4.76863	-5.8848
72.2369	0.608883	-64.4647	1.62666	4.87154	-5.8848
72.2644	0.648065	-64.3299	1.22296	4.95011	-5.8848
72.2919	0.675672	-64.1928	0.778218	5.01983	-5.8848
72.3194	0.690581	-64.0535	0.299589	5.09869	-5.8848
72.3461	0.692053	-63.9159	-0.194313	5.205	-5.8848
72.3704	0.681657	-63.7882	-0.668751	5.34742	-5.8848
72.3927	0.661506	-63.6665	-1.1368	5.53872	-5.88479
72.4157	0.629544	-63.5364	-1.65857	5.82024	-5.88479
72.4336	0.595771	-63.4293	-2.11043	6.12413	-5.88479
72.449	0.560169	-63.3328	-2.5387	6.46107	-5.88479
72.4624	0.52347	-63.244	-2.95362	6.82817	-5.88479
72.4743	0.48578	-63.1601	-3.36303	7.22412	-5.88479
72.4865	0.441965	-63.0691	-3.82173	7.70061	-5.88479
72.4975	0.397451	-62.9817	-4.26357	8.18571	-5.88479
72.5083	0.349339	-62.8911	-4.69606	8.67909	-5.88479
72.5163	0.310578	-62.8203	-4.99057	9.02189	-5.88479
72.5235	0.273871	-62.7545	-5.20675	9.27396	-5.88479
72.5307	0.235323	-62.6862	-5.35131	9.4379	-5.88479
72.5379	0.196972	-62.6187	-5.39963	9.48125	-5.88479
72.5446	0.160979	-62.5555	-5.35557	9.40876	-5.88479
72.551	0.126786	-62.4953	-5.23852	9.24502	-5.88479
72.5577	0.0921101	-62.4339	-5.05553	8.99911	-5.88479
72.5649	0.0567251	-62.3705	-4.81626	8.68505	-5.88479
72.5728	0.0198239	-62.3034	-4.5265	8.31252	-5.88479
72.5805	-0.014045	-62.2406	-4.23743	7.94869	-5.88479
72.5876	-0.0429422	-62.1858	-3.98077	7.63248	-5.88479
72.5949	-0.0711054	-62.1311	-3.72619	7.32586	-5.88479
72.604	-0.103697	-62.066	-3.42976	6.97882	-5.88479
72.616	-0.14263	-61.9848	-3.07613	6.58124	-5.88479
72.6296	-0.181967	-61.898	-2.72004	6.20247	-5.88479
72.6449	-0.220988	-61.8055	-2.36542	5.85108	-5.88479
72.6609	-0.256035	-61.7147	-2.04046	5.5557	-5.88479
72.6782	-0.288666	-61.6206	-1.72438	5.29623	-5.88479
72.6975	-0.318779	-61.5209	-1.40909	5.06741	-5.88479
72.7191	-0.345697	-61.4137	-1.08862	4.86706	-5.88479
72.7433	-0.368006	-61.2982	-0.7613	4.69585	-5.88479
72.7691	-0.383472	-61.1787	-0.440321	4.55852	-5.88479
72.7954	-0.391045	-61.0601	-0.13873	4.45313	-5.88479
72.8205	-0.391162	-60.9495	0.125876	4.3752	-5.88479
72.8432	-0.385766	-60.851	0.346974	4.31686	-5.88479
72.8655	-0.375771	-60.7553	0.546619	4.26634	-5.88479
72.89	-0.35986	-60.6512	0.7453	4.2147	-5.88479
72.9164	-0.337671	-60.5407	0.932978	4.16083	-5.88479
72.9445	-0.30892	-60.4244	1.10376	4.10348	-5.88479
72.9751	-0.272852	-60.3001	1.25515	4.04216	-5.88479
73.0097	-0.226954	-60.1612	1.38788	3.97743	-5.88479
73.0528	-0.164515	-59.9913	1.50226	3.914	-5.88479
73.094	-0.101038	-59.8306	1.56733	3.8819	-5.88479
73.1326	-0.0400665	-59.6811	1.59345	3.8838	-5.88479
73.1673	0.0153214	-59.5457	1.58872	3.91305	-5.88479
73.1992	0.0655873	-59.4202	1.55852	3.96069	-5.88479
73.2309	0.114185	-59.2936	1.50026	4.02372	-5.88479
73.2704	0.171208	-59.1331	1.38169	4.11594	-5.88479
73.3034	0.214555	-58.9958	1.2373	4.19809	-5.88479
73.3339	0.249718	-58.8667	1.06398	4.27408	-5.88479
73.3645	0.279134	-58.7346	0.849602	4.34993	-5.88479
73.3932	0.300185	-58.6089	0.612843	4.42285	-5.88479
73.4205	0.313485	-58.487	0.356016	4.49889	-5.88479
73.4466	0.31927	-58.3688	0.0836771	4.58396	-5.88479
73.4681	0.318463	-58.2691	-0.161607	4.66954	-5.88479
73.4897	0.312153	-58.1672	-0.426187	4.77543	-5.88479
73.5117	0.299578	-58.0604	-0.718005	4.91224	-5.88479
73.5357	0.278291	-57.9405	-1.06445	5.10565	-5.88479
73.5606	0.246937	-57.8104	-1.46589	5.37445	-5.88479
73.5805	0.214193	-57.7006	-1.82931	5.65872	-5.88479
73.5985	0.17803	-57.596	-2.20105	5.98681	-5.88479
73.6165	0.134499	-57.4843	-2.63026	6.40688	-5.88479
73.6301	0.0965059	-57.3951	-2.99831	6.79693	-5.88479
73.6422	0.0580236	-57.3104	-3.36807	7.21185	-5.88479
73.6526	0.0211668	-57.2332	-3.71796	7.62228	-5.88479
73.6602	-0.00830434	-57.1737	-3.99131	7.95327	-5.88479
73.6669	-0.035771	-57.1196	-4.2367	8.25732	-5.88479
73.6737	-0.0656839	-57.0619	-4.48759	8.57459	-5.88479
73.6809	-0.0985972	-56.9995	-4.73438	8.89317	-5.88479
73.6888	-0.136916	-56.9281	-4.96678	9.20068	-5.88479
73.6964	-0.175604	-56.8568	-5.12183	9.41444	-5.88479
73.7036	-0.212461	-56.7891	-5.17958	9.50609	-5.88479
73.7101	-0.246435	-56.7266	-5.14818	9.48454	-5.88479
73.7167	-0.279763	-56.665	-5.03918	9.36616	-5.88479
73.7237	-0.314422	-56.6001	-4.85102	9.15196	-5.88479
73.7308	-0.347974	-56.5362	-4.60759	8.87322	-5.88479
73.7383	-0.381743	-56.4703	-4.31484	8.54159	-5.88479
73.7472	-0.418441	-56.3963	-3.95671	8.14554	-5.88479
73.7577	-0.457838	-56.313	-3.53952	7.70229	-5.88479
73.7694	-0.496691	-56.2254	-3.1033	7.26524	-5.88479
73.7813	-0.531021	-56.1417	-2.69806	6.88879	-5.88479
73.7942	-0.563188	-56.0551	-2.29573	6.54819	-5.88479
73.8087	-0.593555	-55.9621	-1.88265	6.2373	-5.88479
73.8255	-0.62137	-55.8602	-1.45024	5.95746	-5.88479
73.8447	-0.644781	-55.7483	-0.995309	5.71448	-5.88479
73.8659	-0.660936	-55.6289	-0.528346	5.51703	-5.88479
73.8881	-0.667544	-55.5086	-0.0738266	5.36824	-5.88479
73.9097	-0.664569	-55.3939	0.34564	5.25969	-5.88479
73.9293	-0.654206	-55.2915	0.707549	5.17985	-5.88479
73.9509	-0.63474	-55.1801	1.08524	5.1007	-5.88479
73.9748	-0.604185	-55.0595	1.47134	5.01201	-5.88479
74.0001	-0.562205	-54.9341	1.84142	4.90335	-5.88479
74.0262	-0.509691	-54.8079	2.1745	4.76431	-5.88479
74.0528	-0.447983	-54.6835	2.45703	4.58684	-5.88479
74.0799	-0.378014	-54.5618	2.68258	4.36466	-5.88479
74.1081	-0.299999	-54.4426	2.84786	4.09166	-5.88479
74.1365	-0.217686	-54.331	2.94589	3.77722	-5.88479
74.1649	-0.133226	-54.2284	2.97973	3.42898	-5.88479
74.1936	-0.0480554	-54.1354	2.95485	3.05363	-5.88479
74.2223	0.0358422	-54.0533	2.87803	2.6614	-5.88479
74.2506	0.115662	-53.9836	2.75942	2.26804	-5.88479
74.2817	0.198866	-53.9198	2.58919	1.83681	-5.88479
74.3236	0.301679	-53.8548	2.31055	1.27207	-5.88479
74.3631	0.387242	-53.8145	2.01403	0.770349	-5.88479
74.4025	0.46043	-53.7934	1.70219	0.309534	-5.88479
74.4424	0.522034	-53.7897	1.38128	-0.115466	-5.88479
74.4775	0.565573	-53.7997	1.10341	-0.454366	-5.88479
74.5131	0.599984	-53.8216	0.829545	-0.77021	-5.88479
74.5501	0.625624	-53.8558	0.558192	-1.07358	-5.88479
74.5892	0.642128	-53.9037	0.290258	-1.37402	-5.88479
74.6279	0.648581	-53.9623	0.0478131	-1.65943	-5.88479
74.6611	0.646997	-54.0216	-0.139437	-1.90166	-5.88479
74.6944	0.639562	-54.0889	-0.303209	-2.1453	-5.88479
74.7301	0.62607	-54.1701	-0.448037	-2.41228	-5.88479
74.7714	0.604856	-54.2765	-0.568914	-2.73512	-5.88479
74.8106	0.581184	-54.3901	-0.62788	-3.05987	-5.88479
74.8473	0.558031	-54.5082	-0.62503	-3.38493	-5.88479
74.876	0.540664	-54.6092	-0.577788	-3.65855	-5.88479
74.9051	0.525123	-54.7198	-0.484481	-3.95781	-5.88479
74.9283	0.515102	-54.8146	-0.373272	-4.21831	-5.88479
74.9487	0.508721	-54.9034	-0.245476	-4.46828	-5.88479
74.9664	0.505542	-54.9843	-0.110971	-4.70294	-5.88479
74.9812	0.50485	-55.0556	0.0205335	-4.91644	-5.88479
74.9937	0.505876	-55.1183	0.145555	-5.11051	-5.88479
75.0066	0.508647	-55.1854	0.287625	-5.32456	-5.88479
75.0198	0.513518	-55.2576	0.448633	-5.5624	-5.88479
75.0333	0.520751	-55.3344	0.626041	-5.82205	-5.88479
75.0469	0.530491	-55.415	0.814934	-6.09907	-5.88479
75.0607	0.543155	-55.5016	1.01276	-6.39372	-5.88479
75.0743	0.558233	-55.5906	1.19897	-6.68078	-5.88479
75.0847	0.571353	-55.6611	1.32341	-6.88419	-5.88479
75.0946	0.584903	-55.7299	1.41587	-7.05102	-5.88479
75.1045	0.599235	-55.8004	1.47186	-7.17833	-5.88479
75.1141	0.613403	-55.8695	1.48147	-7.25148	-5.88479
75.1242	0.62818	-55.9428	1.43769	-7.26744	-5.88479
75.1342	0.642156	-56.0155	1.33855	-7.22033	-5.88479
75.1446	0.655271	-56.0899	1.18376	-7.11328	-5.88479
75.1539	0.665565	-56.1559	1.00684	-6.97663	-5.88479
75.1633	0.674082	-56.2207	0.804226	-6.81382	-5.88479
75.1733	0.680932	-56.2875	0.571602	-6.62465	-5.88479
75.1844	0.685779	-56.3599	0.299845	-6.40439	-5.88479
75.1984	0.687543	-56.4476	-0.047965	-6.1262	-5.88479
75.2104	0.685198	-56.5196	-0.342718	-5.89393	-5.88479
75.2226	0.679212	-56.5902	-0.636238	-5.66466	-5.88479
75.236	0.668529	-56.6647	-0.949074	-5.42015	-5.88479
75.2512	0.651502	-56.7451	-1.28729	-5.15137	-5.88479
75.2683	0.626487	-56.8304	-1.64569	-4.85462	-5.88479
75.2871	0.591978	-56.9187	-2.01582	-4.5248	-5.88479
75.3075	0.547026	-57.0072	-2.38565	-4.15691	-5.88479
75.3291	0.491503	-57.0928	-2.74215	-3.74704	-5.88479
75.3516	0.425949	-57.1721	-3.07504	-3.2927	-5.88479
75.3748	0.351172	-57.2426	-3.37905	-2.79261	-5.88479
75.3982	0.268707	-57.3018	-3.65185	-2.25162	-5.88479
75.4214	0.181428	-57.3473	-3.89309	-1.68535	-5.88479
75.4438	0.0914336	-57.3788	-4.10925	-1.10628	-5.88479
75.4651	0.00213582	-57.3962	-4.30476	-0.536863	-5.88479
75.4814	-0.069327	-57.4013	-4.45426	-0.0862233	-5.88479
75.4949	-0.130576	-57.3999	-4.58015	0.294729	-5.88479
75.5089	-0.195312	-57.3931	-4.71186	0.689395	-5.88479
75.523	-0.262962	-57.3805	-4.84712	1.08841	-5.88479
75.539	-0.341448	-57.3596	-4.9963	1.52396	-5.88479
75.552	-0.407522	-57.3375	-5.10792	1.85528	-5.88479
75.5636	-0.467252	-57.3144	-5.18945	2.11437	-5.88479
75.5755	-0.529007	-57.2881	-5.24487	2.32834	-5.88479
75.5865	-0.587101	-57.2615	-5.26148	2.4677	-5.88479
75.5977	-0.645763	-57.2335	-5.23628	2.53837	-5.88479
75.6108	-0.713946	-57.2002	-5.1493	2.52701	-5.88479
75.6215	-0.768321	-57.1736	-5.03631	2.44855	-5.88479
75.6324	-0.822479	-57.1476	-4.88955	2.3167	-5.88479
75.6432	-0.874565	-57.1233	-4.72187	2.14884	-5.88479
75.6548	-0.928038	-57.0997	-4.52914	1.94547	-5.88479
75.668	-0.986508	-57.0755	-4.30187	1.69963	-5.88479
75.6863	-1.06217	-57.0476	-3.99253	1.36431	-5.88479
75.7038	-1.12974	-57.0263	-3.70881	1.06368	-5.88479
75.72	-1.18769	-57.0112	-3.46249	0.813307	-5.88479
75.7365	-1.24272	-56.9997	-3.22617	0.5864	-5.88479
75.7537	-1.29622	-56.9914	-2.99299	0.378782	-5.88479
75.7718	-1.34825	-56.9863	-2.76104	0.191392	-5.88479
75.7906	-1.39816	-56.9843	-2.53083	0.0268448	-5.88479
75.8099	-1.44469	-56.9852	-2.3061	-0.11143	-5.88479
75.8284	-1.48543	-56.9883	-2.09769	-0.219073	-5.88479
75.8499	-1.52797	-56.9941	-1.86328	-0.316293	-5.88479
75.8754	-1.57205	-57.0033	-1.59327	-0.397869	-5.88479
75.9054	-1.61526	-57.0162	-1.28446	-0.454182	-5.88479
75.9397	-1.65341	-57.0322	-0.940981	-0.476683	-5.88479
75.9761	-1.68112	-57.0494	-0.585023	-0.46511	-5.88479
76.0156	-1.69669	-57.0671	-0.204346	-0.427269	-5.88479
76.061	-1.6961	-57.0853	0.229896	-0.373116	-5.88479
76.1089	-1.6741	-57.102	0.689998	-0.33109	-5.88479
76.1499	-1.63755	-57.1155	1.09264	-0.330467	-5.88479
76.1847	-1.59347	-57.1275	1.4453	-0.371738	-5.88479
76.2126	-1.54906	-57.1388	1.74012	-0.44238	-5.88479
76.2378	-1.50177	-57.1511	2.01879	-0.541748	-5.88479
76.2605	-1.45281	-57.1648	2.28422	-0.665926	-5.88479
76.2813	-1.40271	-57.1801	2.54045	-0.811717	-5.88479
76.3023	-1.34657	-57.199	2.81525	-0.99346	-5.88479
76.3214	-1.29022	-57.2198	3.08167	-1.19077	-5.88479
76.3391	-1.23335	-57.2427	3.34241	-1.39934	-5.88479
76.356	-1.17486	-57.2681	3.60081	-1.61594	-5.88479
76.3728	-1.11212	-57.2971	3.86304	-1.83917	-5.88479
76.3886	-1.04926	-57.3277	4.10321	-2.03827	-5.88479
76.4013	-0.995923	-57.3546	4.28253	-2.17502	-5.88479
76.4145	-0.937948	-57.3842	4.44497	-2.27726	-5.88479
76.4268	-0.882835	-57.4123	4.56285	-2.31992	-5.88479
76.4391	-0.826153	-57.4408	4.64424	-2.30233	-5.88479
76.4534	-0.759412	-57.4731	4.68946	-2.20089	-5.88479
76.4657	-0.701754	-57.4993	4.68949	-2.04828	-5.88479
76.4783	-0.642797	-57.5238	4.6595	-1.83915	-5.88479
76.4907	-0.585187	-57.5452	4.60843	-1.59303	-5.88479
76.5038	-0.525208	-57.5642	4.53979	-1.30318	-5.88479
76.5184	-0.45965	-57.5807	4.4537	-0.957563	-5.88479
76.5359	-0.382504	-57.5937	4.34445	-0.523893	-5.88479
76.5574	-0.290425	-57.5992	4.20797	0.0194324	-5.88479
76.5743	-0.220422	-57.5952	4.09985	0.445667	-5.88479
76.5912	-0.151975	-57.5841	3.9882	0.870949	-5.88479
76.6106	-0.0760443	-57.5626	3.85303	1.35123	-5.88479
76.6324	0.00638177	-57.5272	3.68503	1.88211	-5.88479
76.6562	0.0915208	-57.4758	3.47597	2.44158	-5.88479
76.6789	0.167876	-57.4145	3.2431	2.95569	-5.88479
76.7022	0.240159	-57.3398	2.96491	3.45921	-5.88479
76.7256	0.305873	-57.2531	2.6398	3.94252	-5.88479
76.7483	0.361698	-57.1587	2.27954	4.39074	-5.88479
76.7701	0.407244	-57.0583	1.88928	4.81026	-5.88479
76.7908	0.442238	-56.9544	1.47868	5.20665	-5.88479
76.8101	0.466798	-56.8504	1.06336	5.58171	-5.88479
76.8255	0.480471	-56.7621	0.710398	5.89098	-5.88479
76.8393	0.488026	-56.6786	0.3795	6.17888	-5.88479
76.8533	0.490943	-56.5905	0.0386802	6.47678	-5.88479
76.8659	0.489465	-56.5066	-0.270748	6.74974	-5.88479
76.8773	0.484878	-56.4288	-0.536537	6.98553	-5.88479
76.8867	0.478845	-56.3621	-0.740818	7.16595	-5.88479
76.8964	0.470738	-56.2918	-0.925012	7.32496	-5.88479
76.9053	0.461825	-56.2258	-1.0619	7.43615	-5.88479
76.9141	0.4521	-56.1605	-1.15723	7.50223	-5.88479
76.9232	0.441304	-56.0922	-1.21044	7.5192	-5.88479
76.9339	0.428203	-56.0114	-1.21066	7.46815	-5.88479
76.9428	0.417593	-55.9452	-1.16286	7.37189	-5.88479
76.952	0.407316	-55.8783	-1.07602	7.23137	-5.88479
76.961	0.398139	-55.814	-0.962522	7.06336	-5.88479
76.9703	0.389766	-55.7488	-0.824073	6.86813	-5.88479
76.9806	0.382177	-55.6798	-0.659336	6.64311	-5.88479
76.9925	0.375498	-55.6021	-0.460513	6.37757	-5.88479
77.0069	0.370578	-55.5124	-0.222915	6.06479	-5.88479
77.0196	0.369025	-55.4372	-0.0239373	5.80381	-5.88479
77.031	0.369717	-55.3724	0.14375	5.58249	-5.88479
77.0423	0.372241	-55.3104	0.29962	5.37377	-5.88479
77.0551	0.377122	-55.2431	0.461362	5.15167	-5.88479
77.0699	0.385225	-55.1686	0.630047	4.91017	-5.88479
77.0868	0.397302	-55.088	0.798492	4.65252	-5.88479
77.1057	0.414018	-55.0024	0.959176	4.38071	-5.88479
77.1268	0.435813	-54.9131	1.10389	4.0965	-5.88479
77.1499	0.4628	-54.8218	1.22444	3.80149	-5.88479
77.175	0.49477	-54.7302	1.31349	3.49675	-5.88479
77.2022	0.531295	-54.6394	1.36488	3.18247	-5.88479
77.2318	0.571871	-54.5502	1.37312	2.85751	-5.88479
77.2644	0.616124	-54.4626	1.33176	2.51819	-5.88479
77.2978	0.659277	-54.3839	1.24251	2.19159	-5.88479
77.3323	0.699935	-54.3138	1.10919	1.8772	-5.88479
77.3684	0.736871	-54.2517	0.933583	1.57206	-5.88479
77.4069	0.768683	-54.197	0.714252	1.27047	-5.88479
77.4466	0.792101	-54.1524	0.462342	0.980887	-5.88479
77.4859	0.805067	-54.1192	0.193965	0.70808	-5.88479
77.525	0.807236	-54.0967	-0.0844565	0.443279	-5.88479
77.5623	0.799022	-54.0849	-0.35651	0.187705	-5.88479
77.5976	0.781902	-54.0827	-0.614973	-0.0635702	-5.88479
77.6335	0.755113	-54.0898	-0.875802	-0.336521	-5.88479
77.6689	0.719672	-54.1068	-1.12568	-0.628105	-5.88479
77.7062	0.672933	-54.1365	-1.37563	-0.96532	-5.88479
77.7432	0.617754	-54.1789	-1.60189	-1.33298	-5.88479
77.7804	0.554459	-54.2358	-1.79751	-1.73604	-5.88479
77.8155	0.488615	-54.304	-1.94217	-2.14555	-5.88479
77.8487	0.422632	-54.3817	-2.0315	-2.55206	-5.88479
77.8806	0.35706	-54.4697	-2.06363	-2.9565	-5.88479
77.9119	0.292772	-54.5685	-2.03375	-3.35825	-5.88479
77.9429	0.231019	-54.6789	-1.93532	-3.75665	-5.88479
77.9714	0.177924	-54.7912	-1.77804	-4.1206	-5.88479
77.9981	0.133203	-54.9055	-1.56898	-4.46	-5.88479
78.0233	0.0967502	-55.022	-1.313	-4.78534	-5.88479
78.0472	0.0688234	-55.1401	-1.01581	-5.10536	-5.88479
78.0696	0.0496715	-55.258	-0.686248	-5.42652	-5.88479
78.0874	0.040072	-55.357	-0.386454	-5.70614	-5.88479
78.1025	0.0363391	-55.445	-0.104044	-5.96748	-5.88479
78.1147	0.0365717	-55.5193	0.145315	-6.20067	-5.88479
78.1274	0.0401693	-55.5997	0.425301	-6.4681	-5.88479
78.139	0.0467056	-55.6765	0.701474	-6.73961	-5.88479
78.1508	0.0566826	-55.7575	0.999191	-7.04228	-5.88479
78.1624	0.0700537	-55.841	1.30893	-7.369	-5.88479
78.1732	0.0858128	-55.9224	1.60612	-7.69425	-5.88479
78.1832	0.103306	-56.0012	1.87897	-8.00335	-5.88479
78.193	0.122891	-56.0808	2.1265	-8.29323	-5.88479
78.2014	0.141564	-56.1515	2.30887	-8.51406	-5.88479
78.21	0.162067	-56.2255	2.44776	-8.68959	-5.88479
78.218	0.18209	-56.2959	2.51866	-8.78807	-5.88479
78.2261	0.20253	-56.3672	2.52223	-8.80997	-5.88479
78.2339	0.221942	-56.4355	2.45958	-8.75557	-5.88479
78.2419	0.241083	-56.5048	2.33416	-8.63085	-5.88479
78.2499	0.259147	-56.5734	2.15722	-8.45025	-5.88479
78.2579	0.275644	-56.6405	1.94417	-8.23313	-5.88479
78.2666	0.291342	-56.7105	1.69101	-7.97907	-5.88479
78.2765	0.306651	-56.7884	1.38499	-7.67994	-5.88479
78.2889	0.321392	-56.8809	1.00381	-7.32152	-5.88479
78.3021	0.332049	-56.9756	0.608071	-6.96694	-5.88479
78.3144	0.337362	-57.0593	0.259615	-6.66902	-5.88479
78.3265	0.338525	-57.1385	-0.0646246	-6.4023	-5.88479
78.3384	0.335942	-57.2135	-0.365188	-6.16194	-5.88479
78.3502	0.329968	-57.2848	-0.644841	-5.94167	-5.88479
78.3644	0.318591	-57.3672	-0.958583	-5.69432	-5.88479
78.3807	0.300182	-57.4579	-1.29204	-5.42439	-5.88479
78.399	0.273391	-57.5545	-1.63097	-5.13186	-5.88479
78.419	0.237488	-57.6537	-1.95969	-4.81472	-5.88479
78.4403	0.192466	-57.7525	-2.26341	-4.46988	-5.88479
78.4626	0.138878	-57.8481	-2.53049	-4.09424	-5.88479
78.4854	0.0786086	-57.9369	-2.75006	-3.69251	-5.88479
78.5071	0.0169062	-58.0129	-2.91181	-3.29177	-5.88479
78.5278	-0.0445325	-58.0769	-3.02508	-2.89794	-5.88479
78.5469	-0.103057	-58.1287	-3.09807	-2.52567	-5.88479
78.5683	-0.16993	-58.1783	-3.14818	-2.10317	-5.88479
78.5939	-0.250987	-58.2257	-3.17157	-1.59575	-5.88479
78.6243	-0.34707	-58.265	-3.16027	-1.00317	-5.88479
78.6539	-0.44024	-58.2864	-3.12246	-0.440565	-5.88479
78.6829	-0.530115	-58.2914	-3.07243	0.0887962	-5.88479
78.7115	-0.617322	-58.2817	-3.02051	0.588961	-5.88479
78.7416	-0.707275	-58.2564	-2.97179	1.09101	-5.88479
78.7786	-0.816391	-58.205	-2.92813	1.68135	-5.88479
78.8122	-0.914473	-58.1398	-2.90484	2.19049	-5.88479
78.8388	-0.991603	-58.0764	-2.88889	2.56562	-5.88479
78.8583	-1.04766	-58.024	-2.86818	2.81237	-5.88479
78.8767	-1.10005	-57.9705	-2.83061	3.01076	-5.88479
78.8952	-1.152	-57.9131	-2.76313	3.16305	-5.88479
78.9132	-1.20087	-57.8552	-2.65938	3.25324	-5.88479
78.9338	-1.25397	-57.7878	-2.4887	3.28205	-5.88479
78.9504	-1.29388	-57.7335	-2.31346	3.25371	-5.88479
78.9673	-1.33116	-57.6792	-2.10915	3.19046	-5.88479
78.9845	-1.36559	-57.6249	-1.88176	3.10425	-5.88479
79.004	-1.39963	-57.5655	-1.61396	2.99714	-5.88479
79.0298	-1.43665	-57.49	-1.25474	2.85967	-5.88479
79.0567	-1.46541	-57.4148	-0.885319	2.73547	-5.88479
79.0817	-1.48334	-57.3476	-0.54881	2.6397	-5.88479
79.1075	-1.49308	-57.2807	-0.208989	2.55725	-5.88479
79.1346	-1.49395	-57.2124	0.144009	2.4809	-5.88479
79.1628	-1.48475	-57.1436	0.508325	2.40352	-5.88479
79.1954	-1.46128	-57.0667	0.929301	2.30293	-5.88479
79.2335	-1.41648	-56.9816	1.4211	2.14988	-5.88479
79.2651	-1.36526	-56.9165	1.82874	1.97711	-5.88479
79.2967	-1.30086	-56.8573	2.2394	1.74646	-5.88479
79.3255	-1.23088	-56.8107	2.61565	1.47539	-5.88479
79.3518	-1.15771	-56.7759	2.96252	1.16984	-5.88479
79.373	-1.09191	-56.7541	3.24867	0.877313	-5.88479
79.3917	-1.02851	-56.7404	3.50938	0.581252	-5.88479
79.4081	-0.969346	-56.7332	3.74393	0.294069	-5.88479
79.422	-0.915825	-56.731	3.95132	0.0267707	-5.88479
79.4333	-0.870009	-56.732	4.12634	-0.206346	-5.88479
79.445	-0.820572	-56.7359	4.31306	-0.46058	-5.88479
79.457	-0.767667	-56.743	4.51027	-0.733083	-5.88479
79.4697	-0.709305	-56.7541	4.72343	-1.02961	-5.88479
79.4831	-0.644466	-56.7701	4.95121	-1.34565	-5.88479
79.4972	-0.572772	-56.7914	5.18421	-1.66392	-5.88479
79.508	-0.516122	-56.8105	5.34655	-1.87892	-5.88479
79.5193	-0.454741	-56.8328	5.492	-2.06125	-5.88479
79.5296	-0.397642	-56.8547	5.59156	-2.17192	-5.88479
79.5397	-0.340764	-56.8769	5.65115	-2.21713	-5.88479
79.5507	-0.278735	-56.9011	5.66839	-2.18778	-5.88479
79.5626	-0.21094	-56.9267	5.63215	-2.06384	-5.88479
79.5734	-0.150515	-56.948	5.55732	-1.88075	-5.88479
79.5836	-0.0947151	-56.966	5.4596	-1.66098	-5.88479
79.594	-0.038531	-56.982	5.34034	-1.40077	-5.88479
79.6052	0.020844	-56.996	5.19835	-1.09391	-5.88479
79.618	0.0863249	-57.0077	5.02953	-0.728867	-5.88479
79.6305	0.148077	-57.0145	4.86321	-0.36783	-5.88479
79.6452	0.217982	-57.0168	4.6696	0.0526671	-5.88479
79.659	0.281407	-57.0134	4.48964	0.440157	-5.88479
79.6716	0.336703	-57.0058	4.32855	0.780199	-5.88479
79.6861	0.398283	-56.9916	4.14255	1.1597	-5.88479
79.7025	0.464348	-56.9693	3.93161	1.56665	-5.88479
79.7205	0.5331	-56.9372	3.69378	1.98937	-5.88479
79.74	0.602401	-56.8943	3.42671	2.41504	-5.88479
79.7606	0.669954	-56.8402	3.12841	2.8315	-5.88479
79.7821	0.733637	-56.775	2.79732	3.22991	-5.88479
79.8042	0.791657	-56.6992	2.43224	3.60636	-5.88479
79.827	0.842476	-56.6131	2.03254	3.96177	-5.88479
79.8502	0.884619	-56.5173	1.59924	4.30079	-5.88479
79.8734	0.91645	-56.4137	1.1405	4.62773	-5.88479
79.8924	0.934436	-56.3231	0.746903	4.89514	-5.88479
79.9092	0.943996	-56.2387	0.387864	5.13599	-5.88479
79.9242	0.947372	-56.1601	0.0622807	5.35551	-5.88479
79.9393	0.945824	-56.0775	-0.266886	5.58002	-5.88479
79.9529	0.940188	-56.0001	-0.558092	5.77998	-5.88479
79.9645	0.932379	-55.9324	-0.792686	5.93957	-5.88479
79.9757	0.922299	-55.8651	-1.00193	6.07672	-5.88479
79.9871	0.909739	-55.7948	-1.18725	6.18719	-5.88479
79.9979	0.896178	-55.7279	-1.32674	6.25293	-5.88479
80.0087	0.881228	-55.66	-1.42651	6.27322	-5.88479
80.0208	0.863648	-55.5846	-1.48615	6.23712	-5.88479
80.0319	0.84694	-55.5153	-1.49548	6.15071	-5.88479
80.0437	0.82951	-55.4438	-1.46498	6.01422	-5.88479
80.0549	0.813436	-55.3775	-1.40731	5.85287	-5.88479
80.0666	0.797426	-55.3101	-1.32761	5.66397	-5.88479
80.0795	0.780839	-55.238	-1.22715	5.44367	-5.88479
80.0951	0.762662	-55.1551	-1.10244	5.17859	-5.88479
80.1147	0.742609	-55.0572	-0.954867	4.86207	-5.88479
80.1342	0.725267	-54.9652	-0.825672	4.57017	-5.88479
80.1534	0.710459	-54.88	-0.719878	4.30815	-5.88479
80.1737	0.696787	-54.7951	-0.631394	4.05615	-5.88479
80.1956	0.683748	-54.7089	-0.561292	3.80819	-5.88479
80.2196	0.670943	-54.6207	-0.512634	3.56109	-5.88479
80.2458	0.65786	-54.5305	-0.489431	3.31203	-5.88479
80.2747	0.643726	-54.4388	-0.49637	3.0573	-5.88479
80.3066	0.627285	-54.3454	-0.539296	2.79011	-5.88479
80.3437	0.605718	-54.2475	-0.630395	2.48916	-5.88479
80.3839	0.577651	-54.154	-0.773406	2.16257	-5.88479
80.428	0.539172	-54.0667	-0.97745	1.78867	-5.88479
80.4708	0.492372	-53.9984	-1.21642	1.39718	-5.88479
80.5112	0.438154	-53.9501	-1.47357	0.990425	-5.88479
80.5509	0.374247	-53.9194	-1.74944	0.548116	-5.88479
80.5912	0.297849	-53.9071	-2.0431	0.0535954	-5.88479
80.631	0.210742	-53.9154	-2.3329	-0.475589	-5.88479
80.6679	0.119779	-53.9425	-2.58658	-0.993544	-5.88479
80.7084	0.0100282	-53.9944	-2.82811	-1.57377	-5.88479
80.7368	-0.0722959	-54.0449	-2.96379	-1.97785	-5.88479
80.7674	-0.164783	-54.112	-3.06994	-2.40102	-5.88479
80.7973	-0.257292	-54.1895	-3.1265	-2.79283	-5.88479
80.8289	-0.356553	-54.2842	-3.12964	-3.1793	-5.88479
80.8615	-0.457752	-54.3938	-3.06592	-3.53738	-5.88479
80.8958	-0.560472	-54.5206	-2.92073	-3.86196	-5.88479
80.9318	-0.661507	-54.6648	-2.67751	-4.13803	-5.88479
80.9628	-0.740409	-54.7962	-2.39222	-4.31772	-5.88479
80.9941	-0.809926	-54.9336	-2.03655	-4.44363	-5.88479
81.0239	-0.864767	-55.067	-1.6417	-4.51685	-5.88479
81.0534	-0.906823	-55.2008	-1.20478	-4.55549	-5.88479
81.0836	-0.935967	-55.3386	-0.721237	-4.57675	-5.88479
81.1151	-0.950364	-55.4833	-0.187879	-4.60261	-5.88479
81.1476	-0.947203	-55.6339	0.385871	-4.66334	-5.88479
81.1786	-0.92654	-55.7799	0.954609	-4.78583	-5.88479
81.2077	-0.890564	-55.922	1.52306	-4.99371	-5.88479
81.2346	-0.841961	-56.0603	2.09877	-5.3047	-5.88479
81.2533	-0.798548	-56.1624	2.54598	-5.61605	-5.88479
81.2692	-0.75491	-56.254	2.96869	-5.96116	-5.88479
81.2829	-0.711282	-56.3386	3.37915	-6.33681	-5.88479
81.2952	-0.667468	-56.4186	3.7852	-6.74081	-5.88479
81.3065	-0.622418	-56.4971	4.19612	-7.17577	-5.88479
81.3179	-0.572148	-56.5816	4.63859	-7.66633	-5.88479
81.3289	-0.518438	-56.6691	5.07148	-8.16123	-5.88479
81.3369	-0.476816	-56.7355	5.35708	-8.49096	-5.88479
81.3443	-0.436359	-56.7993	5.57313	-8.73701	-5.88479
81.3518	-0.394071	-56.8653	5.71642	-8.88967	-5.88479
81.3592	-0.351705	-56.931	5.76358	-8.91772	-5.88479
81.3666	-0.308998	-56.997	5.71182	-8.81605	-5.88479
81.3739	-0.267536	-57.061	5.57537	-8.60443	-5.88479
81.3812	-0.227625	-57.1226	5.37949	-8.31674	-5.88478
81.3888	-0.187741	-57.1844	5.13854	-7.97144	-5.88478
81.3975	-0.144355	-57.2518	4.84523	-7.55754	-5.88478
81.4068	-0.100663	-57.3202	4.53518	-7.12497	-5.88478
81.4163	-0.0588188	-57.3862	4.23726	-6.71309	-5.88478
81.4268	-0.0162047	-57.4541	3.94134	-6.30717	-5.88478
81.4392	0.0309538	-57.53	3.62863	-5.88144	-5.88478
81.4523	0.0763421	-57.6041	3.34523	-5.49831	-5.88478
81.4654	0.118504	-57.6739	3.09818	-5.1662	-5.88478
81.4795	0.160609	-57.7446	2.86673	-4.85636	-5.88478
81.4952	0.203789	-57.8184	2.6443	-4.55929	-5.88478
81.5127	0.248231	-57.8958	2.42987	-4.27284	-5.88478
81.5324	0.294046	-57.9773	2.2227	-3.99489	-5.88478
81.5547	0.341281	-58.0632	2.02207	-3.72315	-5.88478
81.58	0.389919	-58.1539	1.8272	-3.455	-5.88478
81.6089	0.439836	-58.2497	1.63703	-3.18781	-5.88478
81.6408	0.489065	-58.3471	1.4556	-2.92828	-5.88478
81.6771	0.53858	-58.4487	1.27299	-2.66848	-5.88478
81.7122	0.580372	-58.5384	1.10972	-2.44998	-5.88478
81.7454	0.614671	-58.6166	0.958231	-2.27285	-5.88478
81.7766	0.642328	-58.6854	0.811768	-2.13356	-5.88478
81.8064	0.664316	-58.7472	0.664883	-2.02672	-5.88478
81.8352	0.681344	-58.8045	0.51347	-1.94726	-5.88478
81.8638	0.693754	-58.8592	0.354503	-1.89131	-5.88478
81.8925	0.701534	-58.913	0.185625	-1.8562	-5.88478
81.9219	0.704352	-58.9674	0.00457527	-1.84037	-5.88478
81.9528	0.701473	-59.0242	-0.19218	-1.84358	-5.88478
81.9875	0.690867	-59.0886	-0.419591	-1.86923	-5.88478
82.0298	0.667174	-59.1688	-0.701313	-1.92987	-5.88478
82.0686	0.634925	-59.2452	-0.960427	-2.01313	-5.88478
82.1078	0.592167	-59.3263	-1.21897	-2.12445	-5.88478
82.1484	0.537397	-59.4153	-1.47851	-2.26926	-5.88478
82.1904	0.469847	-59.5144	-1.73313	-2.45179	-5.88478
82.2335	0.390096	-59.6245	-1.9714	-2.67284	-5.88478
82.2764	0.300798	-59.7447	-2.17778	-2.92663	-5.88478
82.3184	0.205975	-59.8731	-2.33761	-3.20179	-5.88478
82.359	0.108775	-60.0088	-2.4411	-3.48741	-5.88478
82.3991	0.00983132	-60.1546	-2.48009	-3.77829	-5.88478
82.4279	-0.0614582	-60.2664	-2.46086	-3.98519	-5.88478
82.4582	-0.135034	-60.3903	-2.39103	-4.19363	-5.88478
82.487	-0.202351	-60.5138	-2.27182	-4.37733	-5.88478
82.5157	-0.265279	-60.642	-2.09769	-4.54112	-5.88478
82.5444	-0.32221	-60.7742	-1.86737	-4.68223	-5.88478
82.5727	-0.371216	-60.9085	-1.58474	-4.80058	-5.88478
82.6	-0.410217	-61.041	-1.26334	-4.89933	-5.88478
82.6267	-0.439315	-61.1732	-0.90647	-4.98958	-5.88478
82.653	-0.458118	-61.3055	-0.519211	-5.0835	-5.88478
82.6785	-0.466217	-61.4363	-0.111594	-5.19343	-5.88478
82.699	-0.464931	-61.5441	0.240409	-5.30713	-5.88478
82.7197	-0.456094	-61.6553	0.61842	-5.45621	-5.88478
82.7403	-0.439188	-61.7699	1.02455	-5.65384	-5.88478
82.7617	-0.412495	-61.8934	1.48443	-5.92942	-5.88478
82.7796	-0.382203	-62.002	1.91242	-6.23629	-5.88478
82.795	-0.349623	-62.1006	2.32371	-6.57469	-5.88478
82.8085	-0.315653	-62.1916	2.72464	-6.94156	-5.88478
82.8205	-0.280522	-62.2774	3.1214	-7.33586	-5.88478
82.8328	-0.239499	-62.3703	3.56676	-7.80963	-5.88478
82.8438	-0.197676	-62.4594	3.99731	-8.2934	-5.88478
82.853	-0.159466	-62.5371	4.35916	-8.71597	-5.88478
82.8622	-0.117415	-62.6199	4.70312	-9.12884	-5.88478
82.8694	-0.0827189	-62.6866	4.92606	-9.40139	-5.88478
82.876	-0.0499569	-62.7488	5.07153	-9.58103	-5.88478
82.8813	-0.0229118	-62.7998	5.1365	-9.6616	-5.88478
82.886	0.00120595	-62.8451	5.14929	-9.67732	-5.88478
82.8901	0.0222818	-62.8848	5.12508	-9.64696	-5.88478
82.8942	0.0433285	-62.9244	5.06877	-9.57675	-5.88478
82.8989	0.0671205	-62.9695	4.9687	-9.45261	-5.88478
82.9045	0.0942676	-63.0215	4.81208	-9.25979	-5.88478
82.9114	0.126576	-63.0842	4.57606	-8.97274	-5.88478
82.919	0.16034	-63.1512	4.28459	-8.62469	-5.88478
82.9277	0.196351	-63.225	3.93773	-8.22121	-5.88478
82.9368	0.230279	-63.2974	3.58791	-7.82814	-5.88478
82.947	0.264931	-63.3751	3.2147	-7.42704	-5.88478
82.9586	0.300006	-63.4591	2.82333	-7.03047	-5.88478
82.9712	0.333131	-63.5454	2.43897	-6.66927	-5.88478
82.9854	0.36489	-63.6374	2.04941	-6.3362	-5.88478
83.0016	0.394889	-63.7379	1.64699	-6.03119	-5.88478
83.0201	0.421468	-63.8469	1.23346	-5.76209	-5.88478
83.0403	0.442183	-63.961	0.821435	-5.53923	-5.88478
83.0626	0.455745	-64.082	0.404391	-5.35689	-5.88478
83.0849	0.460376	-64.1998	0.0156408	-5.22067	-5.88478
83.1036	0.457766	-64.2967	-0.291471	-5.13102	-5.88478
83.1224	0.449496	-64.3927	-0.583376	-5.05578	-5.88478
83.1435	0.433982	-64.4982	-0.88853	-4.98189	-5.88478
83.1665	0.409875	-64.6123	-1.19671	-4.90478	-5.88478
83.1911	0.376819	-64.7316	-1.49118	-4.81905	-5.88478
83.2167	0.335132	-64.8537	-1.75835	-4.71857	-5.88478
83.2432	0.285407	-64.9771	-1.98888	-4.5981	-5.88478
83.2707	0.228013	-65.1016	-2.17752	-4.45356	-5.88478
83.2995	0.162901	-65.2278	-2.32095	-4.28183	-5.88478
83.3286	0.0939165	-65.3497	-2.41183	-4.09256	-5.88478
83.3583	0.0216212	-65.4681	-2.45419	-3.8888	-5.88478
83.3886	-0.0528745	-65.5828	-2.45132	-3.67591	-5.88478
83.4188	-0.126291	-65.6906	-2.40868	-3.4657	-5.88478
83.4541	-0.209809	-65.8087	-2.31672	-3.22872	-5.88478
83.4942	-0.299744	-65.9329	-2.16809	-2.97886	-5.88478
83.535	-0.384504	-66.0497	-1.97898	-2.75086	-5.88478
83.5776	-0.464102	-66.1625	-1.7514	-2.54552	-5.88478
83.6222	-0.536515	-66.272	-1.4897	-2.36823	-5.88478
83.6682	-0.598513	-66.3775	-1.20367	-2.22604	-5.88478
83.7144	-0.647287	-66.4778	-0.907145	-2.12363	-5.88478
83.7602	-0.682012	-66.5735	-0.610286	-2.06088	-5.88478
83.8067	-0.703428	-66.6686	-0.310915	-2.03642	-5.88478
83.8419	-0.710457	-66.7404	-0.0893667	-2.04529	-5.88478
83.8697	-0.710565	-66.7975	0.080873	-2.07005	-5.88478
83.8954	-0.706513	-66.8511	0.233937	-2.10783	-5.88478
83.9214	-0.698456	-66.9067	0.384405	-2.1616	-5.88478
83.9481	-0.686222	-66.9652	0.533579	-2.23349	-5.88478
83.9755	-0.66951	-67.0277	0.683	-2.32601	-5.88478
84.0039	-0.647948	-67.0954	0.834535	-2.44163	-5.88478
84.0336	-0.620819	-67.17	0.992457	-2.58413	-5.88478
84.0651	-0.586901	-67.254	1.16372	-2.75949	-5.88478
84.0989	-0.544304	-67.3509	1.35883	-2.97736	-5.88478
84.1355	-0.490416	-67.4647	1.59316	-3.25312	-5.88478
84.168	-0.434776	-67.5751	1.83343	-3.54378	-5.88478
84.2009	-0.36998	-67.6971	2.12156	-3.89841	-5.88478
84.226	-0.313476	-67.799	2.38642	-4.22923	-5.88478
84.2479	-0.258324	-67.8953	2.66172	-4.57785	-5.88478
84.2671	-0.204315	-67.987	2.95096	-4.94921	-5.88478
84.2844	-0.150808	-68.0758	3.25956	-5.35084	-5.88478
84.3017	-0.0911572	-68.1727	3.63165	-5.84189	-5.88478
84.3154	-0.0393997	-68.2553	3.97824	-6.3053	-5.88478
84.3273	0.0103226	-68.3336	4.3286	-6.77913	-5.88478
84.3355	0.0469047	-68.3907	4.59292	-7.14005	-5.88478
84.3445	0.0896482	-68.4569	4.9011	-7.56471	-5.88478
84.3529	0.131658	-68.5215	5.19169	-7.96951	-5.88478
84.3611	0.175411	-68.5886	5.46383	-8.35401	-5.88478
84.3688	0.218369	-68.6542	5.6795	-8.66572	-5.88478
84.3765	0.263121	-68.7224	5.82612	-8.88867	-5.88478
84.3838	0.305642	-68.7874	5.87337	-8.9796	-5.88478
84.3908	0.346658	-68.8502	5.82558	-8.94475	-5.88478
84.3978	0.386836	-68.9121	5.69192	-8.79763	-5.88478
84.4051	0.427927	-68.9759	5.47736	-8.54785	-5.88478
84.4124	0.466736	-69.0368	5.21753	-8.24183	-5.88478
84.4204	0.507081	-69.101	4.90558	-7.8765	-5.88478
84.4302	0.553265	-69.176	4.51605	-7.42898	-5.88478
84.4414	0.601548	-69.2567	4.09021	-6.95643	-5.88478
84.4533	0.647604	-69.3367	3.6774	-6.52091	-5.88478
84.4658	0.691187	-69.4159	3.28455	-6.13307	-5.88478
84.48	0.734877	-69.5002	2.88689	-5.77339	-5.88478
84.4967	0.779672	-69.594	2.46769	-5.43738	-5.88478
84.517	0.825068	-69.7011	2.01397	-5.13148	-5.88478
84.5391	0.864505	-69.8115	1.56642	-4.89384	-5.88478
84.5617	0.895082	-69.9203	1.13945	-4.72667	-5.88478
84.5858	0.917261	-70.0325	0.708474	-4.61193	-5.88478
84.6116	0.929758	-70.1504	0.263146	-4.54061	-5.88478
84.6394	0.930564	-70.2763	-0.202713	-4.50323	-5.88478
84.6665	0.919125	-70.398	-0.639577	-4.48781	-5.88478
84.6928	0.896918	-70.5159	-1.04492	-4.47674	-5.88478
84.721	0.861696	-70.6417	-1.45074	-4.45403	-5.88478
84.7496	0.814614	-70.7688	-1.82579	-4.40632	-5.88478
84.7784	0.757147	-70.8946	-2.15631	-4.32425	-5.88478
84.8078	0.689616	-71.0197	-2.4401	-4.20102	-5.88478
84.8386	0.610662	-71.1465	-2.67835	-4.02843	-5.88478
84.8726	0.515988	-71.2798	-2.87105	-3.79008	-5.88478
84.9116	0.401063	-71.4215	-3.00428	-3.46374	-5.88478
84.9472	0.293115	-71.5388	-3.04903	-3.12441	-5.88478
84.9804	0.192099	-71.6368	-3.02918	-2.77815	-5.88478
85.0131	0.094188	-71.7217	-2.95588	-2.41398	-5.88478
85.0463	-0.00218607	-71.7956	-2.83157	-2.02505	-5.88478
85.0736	-0.0777338	-71.8464	-2.69643	-1.69658	-5.88478
85.101	-0.149383	-71.8883	-2.53555	-1.36371	-5.88478
85.1332	-0.22769	-71.9259	-2.31982	-0.973239	-5.88478
85.1728	-0.313855	-71.9552	-2.02706	-0.505727	-5.88478
85.2154	-0.393074	-71.9664	-1.69402	-0.0304445	-5.88478
85.2588	-0.459129	-71.9579	-1.35038	0.416951	-5.88478
85.297	-0.505037	-71.935	-1.05485	0.777739	-5.88478
85.3357	-0.540265	-71.8983	-0.769268	1.11406	-5.88478
85.3751	-0.565136	-71.8482	-0.498222	1.43158	-5.88478
85.4144	-0.579802	-71.7859	-0.251616	1.73098	-5.88478
85.4529	-0.585287	-71.7138	-0.0385075	2.01334	-5.88478
85.49	-0.583377	-71.6342	0.136141	2.28198	-5.88478
85.5245	-0.576315	-71.551	0.267306	2.53411	-5.88478
85.5671	-0.562324	-71.4364	0.380032	2.8537	-5.88478
85.602	-0.548126	-71.332	0.425518	3.1281	-5.88478
85.6322	-0.535173	-71.2337	0.425557	3.37856	-5.88478
85.6629	-0.522662	-71.1261	0.383433	3.64964	-5.88478
85.6906	-0.513037	-71.0213	0.304328	3.91471	-5.88478
85.7131	-0.507213	-70.9306	0.208128	4.14859	-5.88478
85.7329	-0.504148	-70.8464	0.0974821	4.372	-5.88478
85.7496	-0.503447	-70.7713	-0.0172316	4.57783	-5.88478
85.7638	-0.504476	-70.7051	-0.130412	4.76613	-5.88478
85.7784	-0.507318	-70.6342	-0.262987	4.97532	-5.88478
85.7934	-0.512408	-70.5578	-0.4183	5.21096	-5.88478
85.8085	-0.520016	-70.4773	-0.593938	5.47068	-5.88478
85.8232	-0.53015	-70.3946	-0.784327	5.74877	-5.88478
85.8375	-0.542775	-70.3104	-0.98446	6.04117	-5.88478
85.8516	-0.558079	-70.2232	-1.1908	6.3466	-5.88478
85.8664	-0.57735	-70.1266	-1.40518	6.67388	-5.88478
85.8769	-0.592868	-70.0553	-1.54252	6.89482	-5.88478
85.887	-0.608916	-69.9851	-1.64947	7.08179	-5.88478
85.8971	-0.626125	-69.9121	-1.72052	7.23124	-5.88478
85.9068	-0.642791	-69.8422	-1.74132	7.32048	-5.88478
85.9166	-0.659852	-69.7698	-1.70785	7.3498	-5.88478
85.9271	-0.677321	-69.6927	-1.60893	7.30904	-5.88478
85.9365	-0.691775	-69.6247	-1.47022	7.21615	-5.88478
85.9459	-0.704836	-69.5572	-1.29116	7.08	-5.88478
85.9553	-0.715995	-69.4915	-1.08454	6.91544	-5.88478
85.9652	-0.725581	-69.4239	-0.84582	6.72293	-5.88478
85.9763	-0.733434	-69.3504	-0.564975	6.49791	-5.88478
85.9904	-0.738842	-69.261	-0.203895	6.21443	-5.88478
86.003	-0.739387	-69.1841	0.116466	5.96918	-5.88478
86.0159	-0.735841	-69.109	0.4343	5.73069	-5.88478
86.0282	-0.728681	-69.0399	0.728705	5.51212	-5.88478
86.0425	-0.71589	-68.9629	1.05754	5.26724	-5.88478
86.0588	-0.695691	-68.8791	1.41418	4.99503	-5.88478
86.0771	-0.666272	-68.7903	1.79064	4.69103	-5.88478
86.0973	-0.626222	-68.6991	2.17487	4.34956	-5.88478
86.1189	-0.574973	-68.609	2.55205	3.96529	-5.88478
86.1417	-0.512859	-68.5238	2.90851	3.53428	-5.88478
86.1651	-0.440735	-68.4464	3.23549	3.05414	-5.88478
86.1891	-0.359529	-68.3795	3.53028	2.52388	-5.88478
86.2128	-0.272698	-68.3262	3.78831	1.96124	-5.88478
86.2361	-0.181712	-68.2873	4.01769	1.37351	-5.88478
86.2585	-0.0892652	-68.2631	4.22527	0.777911	-5.88478
86.2765	-0.0119431	-68.2536	4.38898	0.281725	-5.88478
86.2915	0.0550362	-68.2526	4.52834	-0.145485	-5.88478
86.3051	0.117586	-68.2572	4.6587	-0.540686	-5.88478
86.3189	0.182528	-68.2674	4.79506	-0.944525	-5.88478
86.3334	0.253015	-68.2842	4.943	-1.37017	-5.88478
86.3491	0.331922	-68.3093	5.10287	-1.8197	-5.88478
86.3621	0.399255	-68.3353	5.22557	-2.16638	-5.88478
86.3734	0.458701	-68.3612	5.31378	-2.43006	-5.88478
86.3849	0.520449	-68.3906	5.37465	-2.64675	-5.88478
86.3957	0.578368	-68.4199	5.39364	-2.78395	-5.88478
86.4066	0.636982	-68.4506	5.36772	-2.84792	-5.88478
86.4196	0.706562	-68.4877	5.27331	-2.82113	-5.88478
86.43	0.760875	-68.5167	5.15325	-2.72659	-5.88478
86.4406	0.81444	-68.5447	5.00028	-2.57897	-5.88478
86.4512	0.866621	-68.5711	4.8248	-2.39395	-5.88478
86.4627	0.920885	-68.5973	4.62208	-2.17054	-5.88478
86.4762	0.981524	-68.6248	4.37971	-1.89789	-5.88478
86.4926	1.05112	-68.6533	4.09056	-1.57234	-5.88478
86.5093	1.11716	-68.6769	3.81197	-1.26474	-5.88478
86.5253	1.17609	-68.695	3.5624	-0.999123	-5.88478
86.5418	1.23301	-68.7095	3.32079	-0.755105	-5.88478
86.5594	1.28914	-68.7207	3.08076	-0.529431	-5.88478
86.5781	1.34458	-68.7286	2.8398	-0.323415	-5.88478
86.5981	1.39876	-68.7332	2.59738	-0.140235	-5.88478
86.619	1.45048	-68.7344	2.35544	0.0159874	-5.88478
86.6401	1.49782	-68.7327	2.12019	0.141045	-5.88478
86.6606	1.53905	-68.7288	1.89931	0.234133	-5.88478
86.6855	1.58301	-68.7219	1.63926	0.314369	-5.88478
86.7149	1.62675	-68.7118	1.34002	0.37018	-5.88478
86.7487	1.66638	-68.6988	1.00332	0.392274	-5.88478
86.7846	1.69606	-68.6848	0.653722	0.378988	-5.88478
86.8234	1.71418	-68.6709	0.280656	0.337298	-5.88478
86.8675	1.71727	-68.6573	-0.13994	0.275739	-5.88478
86.9114	1.70193	-68.6465	-0.559056	0.222015	-5.88478
86.9543	1.66912	-68.6376	-0.973243	0.199409	-5.88478
86.9918	1.62574	-68.6298	-1.34445	0.221765	-5.88478
87.0242	1.57678	-68.6217	-1.6773	0.286079	-5.88478
87.0513	1.5274	-68.6128	-1.96761	0.380784	-5.88478
87.0759	1.47558	-68.602	-2.24449	0.505928	-5.88478
87.0983	1.42241	-68.589	-2.5105	0.657419	-5.88478
87.121	1.36221	-68.572	-2.79824	0.853091	-5.88478
87.1414	1.30224	-68.5524	-3.07632	1.06945	-5.88478
87.16	1.24265	-68.5304	-3.34721	1.30112	-5.88478
87.1771	1.18308	-68.5061	-3.61331	1.54365	-5.88478
87.1933	1.12252	-68.4792	-3.87723	1.79349	-5.88478
87.2092	1.05852	-68.4485	-4.14405	2.04914	-5.88478
87.2251	0.990852	-68.4141	-4.40341	2.29204	-5.88478
87.237	0.937146	-68.3858	-4.58432	2.44994	-5.88478
87.2496	0.878298	-68.354	-4.74855	2.57256	-5.88478
87.2611	0.822791	-68.324	-4.86441	2.62865	-5.88478
87.2727	0.765979	-68.2935	-4.9401	2.61905	-5.88478
87.2862	0.699016	-68.2587	-4.9743	2.51937	-5.88478
87.2977	0.641753	-68.2306	-4.96156	2.36404	-5.88478
87.3095	0.583544	-68.2039	-4.91689	2.15003	-5.88478
87.3212	0.526452	-68.1802	-4.85035	1.89635	-5.88478
87.3336	0.466697	-68.1585	-4.76491	1.59591	-5.88478
87.3476	0.400707	-68.1387	-4.65994	1.23465	-5.88478
87.3651	0.32065	-68.1212	-4.5263	0.76891	-5.88478
87.3849	0.232273	-68.1113	-4.37683	0.233032	-5.88478
87.4034	0.152597	-68.1115	-4.24093	-0.262388	-5.88478
87.4203	0.082122	-68.1197	-4.11732	-0.707375	-5.88478
87.4379	0.0107251	-68.1362	-3.98473	-1.16335	-5.88478
87.4583	-0.0687797	-68.1652	-3.8216	-1.67647	-5.88478
87.4809	-0.15294	-68.2093	-3.6205	-2.22582	-5.88478
87.5049	-0.237146	-68.2696	-3.37468	-2.78342	-5.88478
87.5296	-0.316781	-68.3449	-3.08084	-3.3228	-5.88478
87.5536	-0.386982	-68.4309	-2.74735	-3.81765	-5.88478
87.5769	-0.446807	-68.5252	-2.37713	-4.27007	-5.88478
87.5995	-0.495984	-68.6263	-1.97342	-4.68906	-5.88478
87.6211	-0.534126	-68.7321	-1.54424	-5.08279	-5.88478
87.6415	-0.561083	-68.8391	-1.10458	-5.45592	-5.88478
87.6576	-0.57591	-68.9295	-0.730872	-5.76243	-5.88478
87.6718	-0.583846	-69.0132	-0.385587	-6.04404	-5.88478
87.6843	-0.586707	-69.0903	-0.0711556	-6.30273	-5.88478
87.6953	-0.58594	-69.161	0.210758	-6.53803	-5.88478
87.7064	-0.582021	-69.235	0.494324	-6.7783	-5.88478
87.7196	-0.573303	-69.3265	0.819547	-7.05699	-5.88478
87.7291	-0.564464	-69.3946	1.03382	-7.23998	-5.88478
87.7391	-0.55315	-69.4677	1.22809	-7.40111	-5.88478
87.7482	-0.541294	-69.5356	1.36752	-7.50746	-5.88478
87.7571	-0.528653	-69.6028	1.46005	-7.56274	-5.88478
87.7666	-0.514605	-69.6743	1.50496	-7.56132	-5.88478
87.7766	-0.499476	-69.7501	1.49236	-7.49134	-5.88478
87.7858	-0.48608	-69.8181	1.43247	-7.37346	-5.88478
87.7949	-0.473377	-69.8849	1.33535	-7.21485	-5.88478
87.8042	-0.461619	-69.9506	1.21058	-7.02718	-5.88478
87.814	-0.450433	-70.0188	1.05867	-6.80933	-5.88478
87.8251	-0.439657	-70.0932	0.875812	-6.55547	-5.88478
87.8393	-0.428958	-70.1834	0.642239	-6.2389	-5.88478
87.8535	-0.421456	-70.2698	0.416153	-5.93679	-5.88478
87.8678	-0.417039	-70.3527	0.204182	-5.65424	-5.88478
87.8815	-0.415533	-70.4288	0.0176399	-5.40334	-5.88478
87.8949	-0.416422	-70.4997	-0.14741	-5.17678	-5.88478
87.9074	-0.419141	-70.563	-0.286166	-4.98036	-5.88478
87.922	-0.424389	-70.634	-0.430995	-4.76583	-5.88478
87.9389	-0.432946	-70.7127	-0.576888	-4.53383	-5.88478
87.9581	-0.445401	-70.7974	-0.715349	-4.2884	-5.88478
87.9795	-0.462106	-70.8865	-0.838041	-4.03244	-5.88478
88.0031	-0.483093	-70.9784	-0.937116	-3.76802	-5.88478
88.0287	-0.508082	-71.0715	-1.00576	-3.49627	-5.88478
88.0565	-0.536554	-71.1646	-1.03827	-3.21716	-5.88478
88.0867	-0.567832	-71.2573	-1.0294	-2.92928	-5.88478
88.1198	-0.60117	-71.3494	-0.972983	-2.62887	-5.88478
88.1548	-0.633449	-71.436	-0.868255	-2.3295	-5.88478
88.1913	-0.662567	-71.5157	-0.71685	-2.03275	-5.88478
88.2303	-0.686733	-71.589	-0.517323	-1.73269	-5.88478
88.2728	-0.703452	-71.656	-0.264166	-1.41903	-5.88478
88.3128	-0.708799	-71.7069	0.000505981	-1.12958	-5.88478
88.3445	-0.70527	-71.7391	0.224198	-0.898814	-5.88478
88.3765	-0.694339	-71.764	0.460133	-0.659132	-5.88478
88.4116	-0.67351	-71.7824	0.727491	-0.382908	-5.88478
88.4486	-0.641303	-71.7908	1.0153	-0.0700691	-5.88478
88.4856	-0.598298	-71.7872	1.30589	0.272744	-5.88478
88.5204	-0.548252	-71.7717	1.57528	0.625419	-5.88478
88.5576	-0.484383	-71.7408	1.85368	1.03988	-5.88478
88.595	-0.410047	-71.6935	2.11277	1.49405	-5.88478
88.6331	-0.32512	-71.6273	2.34081	1.98883	-5.88478
88.6687	-0.238597	-71.5478	2.50636	2.47221	-5.88478
88.703	-0.150741	-71.4549	2.60623	2.94333	-5.88478
88.7331	-0.0717818	-71.3603	2.63342	3.34972	-5.88478
88.7574	-0.00805843	-71.2751	2.60702	3.66564	-5.88478
88.7772	0.0431399	-71.1999	2.54996	3.91166	-5.88478
88.7976	0.0941293	-71.1179	2.45607	4.15015	-5.88478
88.8184	0.143803	-71.0293	2.32193	4.37725	-5.88478
88.8405	0.193266	-70.9298	2.13542	4.60066	-5.88478
88.8639	0.24045	-70.8196	1.89031	4.81647	-5.88478
88.8887	0.283557	-70.6975	1.57827	5.02705	-5.88478
88.9136	0.318422	-70.5698	1.21341	5.22823	-5.88478
88.9379	0.343118	-70.4403	0.809719	5.42724	-5.88478
88.9613	0.35707	-70.3113	0.379022	5.63622	-5.88478
88.98	0.360676	-70.204	0.00127535	5.83001	-5.88478
88.9949	0.358311	-70.1158	-0.322381	6.01033	-5.88478
89.0103	0.350592	-70.0214	-0.682454	6.23098	-5.88478
89.0261	0.33675	-69.9212	-1.08103	6.50341	-5.88478
89.0414	0.316891	-69.8187	-1.5074	6.82965	-5.88478
89.0557	0.292361	-69.7189	-1.94178	7.19876	-5.88478
89.0686	0.264611	-69.6236	-2.37142	7.59801	-5.88478
89.0803	0.234465	-69.5324	-2.79073	8.017	-5.88478
89.0912	0.201738	-69.4424	-3.19944	8.4496	-5.88478
89.1019	0.165386	-69.3497	-3.59295	8.88521	-5.88478
89.1101	0.13457	-69.275	-3.86621	9.1968	-5.88478
89.1175	0.105313	-69.2064	-4.06297	9.42468	-5.88478
89.125	0.0745783	-69.1357	-4.19287	9.57556	-5.88478
89.1307	0.0502405	-69.0803	-4.23442	9.62228	-5.88478
89.1366	0.025491	-69.024	-4.21906	9.60072	-5.88478
89.142	0.00290427	-68.9725	-4.1551	9.5213	-5.88478
89.1471	-0.0180179	-68.9243	-4.0556	9.40021	-5.88478
89.1518	-0.0371716	-68.8796	-3.93332	9.25334	-5.88478
89.1578	-0.0602163	-68.8247	-3.75091	9.03743	-5.88478
89.1655	-0.0880105	-68.7565	-3.48684	8.73129	-5.88478
89.1742	-0.116911	-68.6823	-3.16988	8.3744	-5.88478
89.1828	-0.142698	-68.6121	-2.85637	8.03389	-5.88478
89.1922	-0.167964	-68.5382	-2.52336	7.68748	-5.88478
89.2031	-0.193466	-68.4564	-2.15924	7.32891	-5.88478
89.2152	-0.217346	-68.3697	-1.78461	6.98451	-5.88478
89.2283	-0.238313	-68.28	-1.41251	6.66921	-5.88478
89.2428	-0.256007	-68.1857	-1.03776	6.37998	-5.88478
89.2587	-0.2695	-68.0861	-0.660593	6.11763	-5.88478
89.2759	-0.277612	-67.9829	-0.287786	5.88492	-5.88478
89.2938	-0.279533	-67.8799	0.0673347	5.6844	-5.88478
89.3112	-0.275536	-67.7824	0.387719	5.51679	-5.88478
89.3277	-0.266755	-67.6923	0.670168	5.37497	-5.88478
89.3468	-0.251109	-67.5915	0.969569	5.2247	-5.88478
89.3677	-0.227626	-67.4837	1.26779	5.06654	-5.88478
89.3902	-0.195884	-67.3718	1.55062	4.89655	-5.88478
89.4138	-0.156058	-67.258	1.80543	4.70951	-5.88478
89.4385	-0.108764	-67.1444	2.02204	4.50052	-5.88478
89.4627	-0.0578374	-67.0383	2.18533	4.27885	-5.88478
89.4856	-0.00648285	-66.9429	2.29571	4.05317	-5.88478
89.507	0.0436141	-66.8583	2.36143	3.82855	-5.88478
89.5264	0.0896396	-66.7862	2.39081	3.61742	-5.88478
89.5485	0.142504	-66.7091	2.39223	3.36876	-5.88478
89.5739	0.202884	-66.6272	2.35545	3.0763	-5.88478
89.6031	0.270575	-66.5422	2.26865	2.73712	-5.88478
89.6376	0.346398	-66.4546	2.11514	2.34135	-5.88478
89.6752	0.421948	-66.3745	1.89894	1.9262	-5.88478
89.715	0.492198	-66.3062	1.62932	1.51248	-5.88478
89.7571	0.554214	-66.2512	1.31248	1.10727	-5.88478
89.7972	0.600529	-66.2139	0.99103	0.751571	-5.88478
89.8363	0.632964	-66.1909	0.667927	0.430381	-5.88478
89.8746	0.6524	-66.1802	0.346169	0.132826	-5.88478
89.9051	0.659032	-66.1796	0.0896669	-0.0962842	-5.88478
89.9357	0.657829	-66.1861	-0.167797	-0.325186	-5.88478
89.9652	0.649277	-66.1989	-0.412514	-0.547063	-5.88478
89.9971	0.631953	-66.2203	-0.672873	-0.793895	-5.88478
90.0316	0.603945	-66.2525	-0.946575	-1.07353	-5.88478
90.0677	0.564877	-66.2967	-1.21853	-1.38308	-5.88478
90.1046	0.515091	-66.3539	-1.47634	-1.72173	-5.88478
90.1422	0.455002	-66.4256	-1.7094	-2.09057	-5.88478
90.1812	0.384323	-66.515	-1.90685	-2.49429	-5.88478
90.2211	0.305138	-66.6231	-2.04732	-2.92314	-5.88478
90.2579	0.228639	-66.7378	-2.10617	-3.32149	-5.88478
90.2887	0.163701	-66.8453	-2.09289	-3.65103	-5.88478
90.316	0.107446	-66.9487	-2.02714	-3.93302	-5.88478
90.3434	0.0534549	-67.0602	-1.90563	-4.2047	-5.88478
90.3653	0.0130113	-67.155	-1.76595	-4.41353	-5.88478
90.3846	-0.0195951	-67.2418	-1.612	-4.5904	-5.88478
90.404	-0.0490419	-67.3322	-1.42776	-4.7637	-5.88478
90.4236	-0.0750267	-67.4276	-1.20996	-4.93841	-5.88478
90.446	-0.0989923	-67.5404	-0.924641	-5.14096	-5.88478
90.4695	-0.116748	-67.6636	-0.582609	-5.36671	-5.88478
90.4916	-0.125685	-67.7851	-0.216603	-5.60567	-5.88478
90.5084	-0.126785	-67.8806	0.0897007	-5.81253	-5.88478
90.5231	-0.123341	-67.9675	0.382771	-6.021	-5.88478
90.538	-0.115244	-68.0592	0.706756	-6.26672	-5.88478
90.553	-0.101948	-68.1557	1.06486	-6.55932	-5.88478
90.5676	-0.0837689	-68.2533	1.44503	-6.8952	-5.88478
90.581	-0.0617133	-68.3487	1.83264	-7.26406	-5.88478
90.5934	-0.0367028	-68.4409	2.21831	-7.656	-5.88478
90.6021	-0.0163067	-68.5084	2.50269	-7.95972	-5.88478
90.6094	0.0028718	-68.5675	2.74838	-8.23141	-5.88478
90.6157	0.021029	-68.6206	2.96143	-8.47365	-5.88478
90.6222	0.0408423	-68.6761	3.17055	-8.71723	-5.88478
90.6293	0.064236	-68.7392	3.38215	-8.96981	-5.88478
90.637	0.0910297	-68.8092	3.57037	-9.20078	-5.88478
90.6447	0.119192	-68.8811	3.69661	-9.36214	-5.88478
90.6518	0.145532	-68.9476	3.74109	-9.42696	-5.88478
90.6584	0.170134	-69.0097	3.71512	-9.40784	-5.88478
90.665	0.194488	-69.0717	3.62539	-9.3139	-5.88478
90.6721	0.21957	-69.1369	3.46949	-9.14453	-5.88478
90.6795	0.244512	-69.2039	3.25575	-8.91197	-5.88478
90.6872	0.268688	-69.2717	2.99819	-8.63568	-5.88478
90.6959	0.293459	-69.3455	2.68729	-8.31081	-5.88478
90.7067	0.320246	-69.4327	2.29866	-7.92112	-5.88478
90.7181	0.344198	-69.521	1.89835	-7.5419	-5.88478
90.7301	0.364532	-69.6091	1.50236	-7.19148	-5.88478
90.7424	0.380693	-69.6959	1.12172	-6.87933	-5.88478
90.7556	0.392953	-69.7846	0.744157	-6.59394	-5.88478
90.7698	0.40079	-69.876	0.36779	-6.33242	-5.88478
90.7847	0.403496	-69.9691	-0.00193288	-6.0952	-5.88478
90.8	0.400772	-70.0603	-0.351574	-5.88486	-5.88478
90.8142	0.393579	-70.1427	-0.656615	-5.70823	-5.88478
90.8311	0.379559	-70.2377	-0.994669	-5.51385	-5.88478
90.8502	0.35719	-70.3409	-1.34401	-5.30525	-5.88478
90.871	0.32555	-70.4491	-1.68704	-5.07898	-5.88478
90.8932	0.284472	-70.5591	-2.00729	-4.829	-5.88477
90.9164	0.234493	-70.6679	-2.29045	-4.54912	-5.88477
90.9404	0.176588	-70.7734	-2.52594	-4.23455	-5.88477
90.9642	0.114465	-70.8699	-2.70129	-3.89673	-5.88477
90.9869	0.0515754	-70.9547	-2.81722	-3.5493	-5.88477
91.0088	-0.0108682	-71.0285	-2.8832	-3.19728	-5.88477
91.0296	-0.0712293	-71.0915	-2.90808	-2.85023	-5.88477
91.0497	-0.129651	-71.1453	-2.90085	-2.50862	-5.88477
91.0743	-0.200547	-71.2019	-2.85611	-2.08787	-5.88477
91.1045	-0.285222	-71.2571	-2.75802	-1.57912	-5.88477
91.1344	-0.365895	-71.297	-2.62576	-1.09128	-5.88477
91.1642	-0.441991	-71.3226	-2.47126	-0.631032	-5.88477
91.1944	-0.513908	-71.335	-2.30234	-0.197787	-5.88477
91.225	-0.581763	-71.3348	-2.12527	0.208774	-5.88477
91.256	-0.644904	-71.3224	-1.94717	0.585768	-5.88477
91.2924	-0.712023	-71.2936	-1.74596	0.98778	-5.88477
91.331	-0.775558	-71.2479	-1.54684	1.37519	-5.88477
91.3711	-0.833712	-71.1853	-1.36079	1.74487	-5.88477
91.4137	-0.887943	-71.103	-1.18964	2.11607	-5.88477
91.4621	-0.941588	-70.9905	-1.03248	2.52839	-5.88477
91.4977	-0.976633	-70.8953	-0.943302	2.83414	-5.88477
91.5365	-1.01178	-70.7784	-0.867495	3.1755	-5.88477
91.5719	-1.0414	-70.6606	-0.807189	3.48483	-5.88477
91.5916	-1.05697	-70.5902	-0.768731	3.64891	-5.88477
91.6106	-1.07111	-70.5196	-0.721348	3.79283	-5.88477
91.6299	-1.08441	-70.4453	-0.655391	3.91715	-5.88477
91.6476	-1.09535	-70.3749	-0.57216	4.00451	-5.88477
91.6652	-1.10448	-70.3041	-0.463802	4.05926	-5.88477
91.6848	-1.11211	-70.2243	-0.308536	4.07961	-5.88477
91.7001	-1.11574	-70.1619	-0.162448	4.06569	-5.88477
91.7143	-1.11698	-70.1042	-0.00835739	4.03114	-5.88477
91.7271	-1.11613	-70.053	0.142954	3.98449	-5.88477
91.7399	-1.11328	-70.0024	0.304641	3.92512	-5.88477
91.755	-1.10717	-69.9438	0.506163	3.84125	-5.88477
91.7735	-1.09543	-69.8738	0.764928	3.72159	-5.88477
91.7992	-1.07094	-69.7804	1.13907	3.52927	-5.88477
91.8259	-1.03537	-69.6894	1.53437	3.3019	-5.88477
91.8501	-0.993809	-69.6122	1.89619	3.06895	-5.88477
91.8732	-0.945927	-69.5439	2.24062	2.82088	-5.88477
91.8955	-0.892354	-69.484	2.56907	2.55645	-5.88477
91.9169	-0.834066	-69.4323	2.88054	2.27759	-5.88477
91.9374	-0.77213	-69.3886	3.17394	1.98825	-5.88477
91.9569	-0.707516	-69.3526	3.44864	1.69374	-5.88477
91.9755	-0.640927	-69.3238	3.70452	1.39991	-5.88477
91.9934	-0.572507	-69.3014	3.94214	1.11216	-5.88477
92.011	-0.501188	-69.2843	4.16362	0.833652	-5.88477
92.0296	-0.421664	-69.2713	4.37746	0.558836	-5.88477
92.0423	-0.365236	-69.2653	4.50575	0.393602	-5.88477
92.0538	-0.312846	-69.2616	4.60539	0.267196	-5.88477
92.0642	-0.264307	-69.2593	4.67939	0.176625	-5.88477
92.0747	-0.215016	-69.2578	4.73517	0.113488	-5.88477
92.0844	-0.16877	-69.2568	4.76884	0.0824738	-5.88477
92.0939	-0.123636	-69.2561	4.78379	0.0795417	-5.88477
92.1043	-0.0737864	-69.2551	4.77966	0.10796	-5.88477
92.1136	-0.0292553	-69.2539	4.75799	0.160933	-5.88477
92.123	0.0152874	-69.252	4.71999	0.238831	-5.88477
92.1326	0.0600534	-69.2493	4.66629	0.340609	-5.88477
92.1427	0.106955	-69.2452	4.59448	0.470334	-5.88477
92.1537	0.157198	-69.2391	4.50135	0.632667	-5.88477
92.1661	0.212354	-69.23	4.3815	0.834957	-5.88477
92.1808	0.275497	-69.2159	4.22361	1.09236	-5.88477
92.2012	0.359269	-69.1898	3.98221	1.46744	-5.88477
92.2213	0.436534	-69.1567	3.72704	1.83932	-5.88477
92.2394	0.5019	-69.1203	3.48413	2.16914	-5.88477
92.2575	0.562785	-69.0781	3.23126	2.48732	-5.88477
92.2761	0.620233	-69.0291	2.96328	2.79749	-5.88477
92.2951	0.673966	-68.9729	2.67912	3.09819	-5.88477
92.3146	0.723378	-68.9096	2.37929	3.38737	-5.88477
92.3346	0.767792	-68.8391	2.06555	3.6632	-5.88477
92.355	0.8066	-68.7617	1.74088	3.92423	-5.88477
92.3758	0.839377	-68.6774	1.40911	4.1691	-5.88477
92.3973	0.865971	-68.5856	1.07408	4.39591	-5.88477
92.4202	0.886677	-68.4822	0.734441	4.60284	-5.88477
92.4363	0.896706	-68.4073	0.517142	4.71837	-5.88477
92.4511	0.903017	-68.3367	0.338112	4.79734	-5.88477
92.4662	0.906903	-68.264	0.182286	4.84513	-5.88477
92.48	0.908589	-68.1969	0.0660064	4.85658	-5.88477
92.4936	0.908857	-68.1309	-0.0222839	4.83619	-5.88477
92.5039	0.90836	-68.0813	-0.0720188	4.80037	-5.88477
92.5145	0.907388	-68.0307	-0.109053	4.7464	-5.88477
92.5252	0.906082	-67.9804	-0.133372	4.67648	-5.88477
92.5358	0.904591	-67.9313	-0.146587	4.59412	-5.88477
92.5466	0.902975	-67.8821	-0.151109	4.49929	-5.88477
92.5578	0.901286	-67.8322	-0.148617	4.39214	-5.88477
92.5697	0.899565	-67.7807	-0.140597	4.27233	-5.88477
92.5827	0.897812	-67.726	-0.128258	4.13642	-5.88477
92.5975	0.896029	-67.666	-0.112933	3.9798	-5.88477
92.6159	0.894116	-67.5946	-0.0960563	3.7863	-5.88477
92.6338	0.892498	-67.5283	-0.0851772	3.60156	-5.88477
92.6523	0.890969	-67.4635	-0.0820075	3.4185	-5.88477
92.67	0.889482	-67.4046	-0.0876572	3.25022	-5.88477
92.6881	0.887775	-67.3473	-0.102678	3.08524	-5.88477
92.708	0.885468	-67.2874	-0.13014	2.91105	-5.88477
92.7309	0.882004	-67.223	-0.175137	2.72094	-5.88477
92.7582	0.876297	-67.1518	-0.246534	2.50509	-5.88477
92.7928	0.865836	-67.0697	-0.362378	2.24342	-5.88477
92.8403	0.844073	-66.9714	-0.561116	1.89531	-5.88477
92.8886	0.811275	-66.8884	-0.802544	1.53755	-5.88477
92.9336	0.76957	-66.8271	-1.05615	1.18434	-5.88477
92.9761	0.719173	-66.7844	-1.31629	0.817834	-5.88477
93.0164	0.660904	-66.7591	-1.57608	0.429569	-5.88477
93.055	0.595235	-66.7504	-1.83085	0.0122287	-5.88477
93.087	0.533204	-66.7561	-2.04161	-0.372831	-5.88477
93.1198	0.462835	-66.7753	-2.24947	-0.804076	-5.88477
93.1511	0.389421	-66.8074	-2.43242	-1.24958	-5.88477
93.1818	0.312344	-66.8528	-2.58668	-1.71236	-5.88477
93.2121	0.232236	-66.9117	-2.70341	-2.18649	-5.88477
93.2421	0.149757	-66.9846	-2.77241	-2.66516	-5.88477
93.2723	0.0657924	-67.0723	-2.78175	-3.14024	-5.88477
93.2955	0.00166925	-67.1492	-2.74062	-3.49364	-5.88477
93.3142	-0.0490696	-67.2172	-2.6732	-3.76738	-5.88477
93.3335	-0.0996282	-67.2924	-2.56979	-4.03545	-5.88477
93.3537	-0.15025	-67.3768	-2.42233	-4.3006	-5.88477
93.3754	-0.200492	-67.4727	-2.22046	-4.56389	-5.88477
93.3982	-0.248307	-67.5799	-1.95728	-4.82167	-5.88477
93.4225	-0.291898	-67.7001	-1.62288	-5.07765	-5.88477
93.4466	-0.326516	-67.8257	-1.23701	-5.32316	-5.88477
93.4701	-0.350629	-67.9533	-0.812659	-5.56701	-5.88477
93.4923	-0.363799	-68.0798	-0.364096	-5.82047	-5.88477
93.5092	-0.366842	-68.1802	0.0096228	-6.04104	-5.88477
93.5226	-0.364604	-68.2625	0.327703	-6.24124	-5.88477
93.5366	-0.357566	-68.3514	0.68352	-6.48268	-5.88477
93.5507	-0.345278	-68.4445	1.06993	-6.76865	-5.88477
93.5643	-0.327911	-68.5391	1.4775	-7.09864	-5.88477
93.5771	-0.30643	-68.6321	1.89028	-7.46228	-5.88477
93.5889	-0.281707	-68.7225	2.29899	-7.84976	-5.88477
93.6	-0.253968	-68.8118	2.70036	-8.2542	-5.88477
93.6111	-0.221882	-68.9055	3.09952	-8.67667	-5.88477
93.62	-0.192799	-68.9846	3.39807	-9.00351	-5.88477
93.6276	-0.16611	-69.054	3.61184	-9.24156	-5.88477
93.6354	-0.137368	-69.1266	3.76874	-9.41633	-5.88477
93.6428	-0.109193	-69.1965	3.84151	-9.49366	-5.88477
93.6495	-0.0832535	-69.2606	3.83454	-9.47749	-5.88477
93.6558	-0.0594538	-69.3196	3.76657	-9.38991	-5.88477
93.662	-0.0365856	-69.377	3.64892	-9.2448	-5.88477
93.6684	-0.0137022	-69.4357	3.48452	-9.0468	-5.88477
93.6756	0.0107853	-69.5004	3.26302	-8.78602	-5.88477
93.6827	0.0330268	-69.5615	3.02635	-8.51419	-5.88477
93.6898	0.0537753	-69.6214	2.77875	-8.23739	-5.88477
93.6975	0.0739311	-69.683	2.51526	-7.95183	-5.88477
93.706	0.0942032	-69.7497	2.22723	-7.65113	-5.88477
93.7159	0.114667	-69.8239	1.90967	-7.33461	-5.88477
93.7279	0.135428	-69.91	1.55003	-6.99669	-5.88477
93.7409	0.153148	-69.9984	1.19358	-6.68463	-5.88477
93.7549	0.167404	-70.0904	0.838589	-6.39707	-5.88477
93.7702	0.177485	-70.1861	0.485808	-6.1337	-5.88477
93.7865	0.182555	-70.284	0.141775	-5.89641	-5.88477
93.8032	0.182188	-70.3806	-0.181226	-5.68793	-5.88477
93.8192	0.176985	-70.4701	-0.465956	-5.51185	-5.88477
93.836	0.166821	-70.5612	-0.741125	-5.344	-5.88477
93.855	0.149972	-70.6612	-1.02491	-5.16687	-5.88477
93.8758	0.125684	-70.7668	-1.30187	-4.98066	-5.88477
93.8981	0.0937112	-70.8757	-1.5594	-4.78216	-5.88477
93.9216	0.0543047	-70.9856	-1.78662	-4.56721	-5.88477
93.9443	0.0116735	-71.0868	-1.9626	-4.34988	-5.88477
93.9628	-0.0257464	-71.1656	-2.07464	-4.16418	-5.88477
93.9814	-0.0651322	-71.2412	-2.15914	-3.97003	-5.88477
94.001	-0.107983	-71.3168	-2.21882	-3.75804	-5.88477
94.0231	-0.157502	-71.3972	-2.25203	-3.51021	-5.88477
94.0478	-0.213136	-71.4803	-2.24931	-3.22662	-5.88477
94.0754	-0.274759	-71.5651	-2.20168	-2.90478	-5.88477
94.1069	-0.342653	-71.6509	-2.09798	-2.53909	-5.88477
94.1419	-0.413236	-71.7327	-1.93276	-2.14356	-5.88477
94.1784	-0.479878	-71.8036	-1.71702	-1.75	-5.88477
94.2173	-0.54164	-71.864	-1.45101	-1.35665	-5.88477
94.2584	-0.595014	-71.9117	-1.143	-0.973441	-5.88477
94.2979	-0.634032	-71.9434	-0.830159	-0.63367	-5.88477
94.3366	-0.660076	-71.9618	-0.514585	-0.322682	-5.88477
94.3747	-0.673699	-71.9685	-0.199846	-0.0305173	-5.88477
94.4037	-0.67602	-71.9663	0.0393798	0.186905	-5.88477
94.433	-0.671327	-71.9575	0.280204	0.407438	-5.88477
94.4632	-0.659128	-71.9417	0.525213	0.639136	-5.88477
94.497	-0.636848	-71.9156	0.792029	0.907424	-5.88477
94.5327	-0.603698	-71.8779	1.06235	1.20666	-5.88477
94.5694	-0.559932	-71.8278	1.32182	1.53457	-5.88477
94.6067	-0.506077	-71.7639	1.55936	1.89175	-5.88477
94.6451	-0.442164	-71.6839	1.765	2.2824	-5.88477
94.6848	-0.368667	-71.5848	1.92262	2.70698	-5.88477
94.7213	-0.296869	-71.4788	2.00328	3.10644	-5.88477
94.7556	-0.227723	-71.3656	2.0106	3.48282	-5.88477
94.785	-0.169356	-71.2587	1.95578	3.79862	-5.88477
94.8145	-0.113294	-71.1422	1.83817	4.10632	-5.88477
94.8412	-0.0661766	-71.0287	1.67359	4.37669	-5.88477
94.8658	-0.0274539	-70.9183	1.47252	4.61877	-5.88477
94.8886	0.00352825	-70.8106	1.24256	4.84177	-5.88477
94.9097	0.0271642	-70.7062	0.991478	5.0524	-5.88477
94.9296	0.0442956	-70.6033	0.719727	5.26138	-5.88477
94.9517	0.0564909	-70.4845	0.37886	5.51332	-5.88477
94.9694	0.0605263	-70.3851	0.0723919	5.74078	-5.88477
94.9837	0.0596331	-70.3012	-0.200614	5.94956	-5.88477
94.9985	0.0544095	-70.2111	-0.508204	6.19547	-5.88477
95.0127	0.044948	-70.1213	-0.830083	6.46758	-5.88477
95.0268	0.0308492	-70.0282	-1.1796	6.78189	-5.88477
95.0402	0.0127006	-69.9353	-1.54258	7.12963	-5.88477
95.0498	-0.00350774	-69.8653	-1.82379	7.41366	-5.88477
95.0575	-0.0185051	-69.807	-2.05999	7.66167	-5.88477
95.0656	-0.0362628	-69.7437	-2.31587	7.93966	-5.88477
95.0737	-0.0558529	-69.6789	-2.57127	8.22637	-5.88477
95.0817	-0.0776696	-69.6112	-2.82273	8.51749	-5.88477
95.0901	-0.102217	-69.539	-3.06078	8.80159	-5.88477
95.098	-0.12705	-69.4689	-3.24701	9.03109	-5.88477
95.1059	-0.153467	-69.3962	-3.37668	9.19835	-5.88477
95.1135	-0.179432	-69.3258	-3.42825	9.27488	-5.88477
95.1207	-0.203848	-69.2597	-3.4043	9.26214	-5.88477
95.1277	-0.227648	-69.1944	-3.31295	9.17085	-5.88477
95.1352	-0.251877	-69.1264	-3.15338	9.00263	-5.88477
95.1428	-0.274927	-69.0592	-2.94301	8.77953	-5.88477
95.1506	-0.297098	-68.9912	-2.69029	8.51481	-5.88477
95.1595	-0.319527	-68.9173	-2.38605	8.20408	-5.88477
95.1706	-0.343971	-68.8279	-1.99535	7.82105	-5.88477
95.1825	-0.365294	-68.7371	-1.59003	7.44564	-5.88477
95.1947	-0.382192	-68.6488	-1.19869	7.10641	-5.88477
95.207	-0.394683	-68.5628	-0.824934	6.80449	-5.88477
95.2201	-0.403014	-68.4759	-0.457258	6.52799	-5.88477
95.2338	-0.40679	-68.3879	-0.0956172	6.27403	-5.88477
95.248	-0.405652	-68.3005	0.25189	6.0437	-5.88477
95.2618	-0.399998	-68.2188	0.566718	5.84288	-5.88477
95.2772	-0.388671	-68.1302	0.896255	5.63548	-5.88477
95.295	-0.369586	-68.032	1.24603	5.41057	-5.88477
95.3147	-0.341512	-67.9278	1.59761	5.16746	-5.88477
95.336	-0.303922	-67.8209	1.93387	4.90149	-5.88477
95.3584	-0.257046	-67.7142	2.23932	4.60686	-5.88477
95.3817	-0.201685	-67.6106	2.50178	4.27854	-5.88477
95.4056	-0.139171	-67.5125	2.71249	3.9149	-5.88477
95.4285	-0.0752085	-67.427	2.85967	3.54206	-5.88477
95.4506	-0.0110174	-67.3531	2.95357	3.16382	-5.88477
95.4718	0.0521037	-67.29	3.00336	2.78723	-5.88477
95.4915	0.111491	-67.2386	3.01808	2.42915	-5.88477
95.5147	0.181316	-67.1872	3.00191	2.00477	-5.88477
95.5435	0.267035	-67.137	2.94118	1.48164	-5.88477
95.5727	0.35164	-67.1013	2.84594	0.966654	-5.88477
95.6015	0.432073	-67.0805	2.73058	0.481734	-5.88477
95.6302	0.508586	-67.0733	2.60476	0.0271546	-5.88477
95.6586	0.58089	-67.0786	2.47678	-0.395082	-5.88477
95.6859	0.646645	-67.0945	2.35708	-0.772686	-5.88477
95.7198	0.724319	-67.1283	2.21732	-1.21206	-5.88477
95.7596	0.8095	-67.1861	2.07426	-1.68949	-5.88477
95.8024	0.895618	-67.269	1.9502	-2.17445	-5.88477
95.8401	0.967551	-67.3588	1.86749	-2.58604	-5.88477
95.8788	1.03836	-67.4666	1.80044	-2.99361	-5.88477
95.9027	1.08086	-67.541	1.7577	-3.23065	-5.88477
95.9236	1.11717	-67.6106	1.70915	-3.41857	-5.88477
95.9453	1.15354	-67.6867	1.63602	-3.58081	-5.88477
95.9649	1.18473	-67.758	1.53938	-3.68673	-5.88477
95.9845	1.21364	-67.8309	1.40605	-3.74554	-5.88477
96.0036	1.23896	-67.9026	1.23779	-3.75576	-5.88477
96.0212	1.2591	-67.9683	1.05231	-3.72822	-5.88477
96.0388	1.27587	-68.0338	0.840784	-3.67237	-5.88477
96.0564	1.28863	-68.0975	0.612996	-3.59761	-5.88477
96.075	1.2977	-68.1638	0.357215	-3.50498	-5.88477
96.0966	1.30213	-68.2383	0.0509368	-3.38865	-5.88477
96.118	1.29993	-68.3094	-0.257285	-3.26844	-5.88477
96.1408	1.29028	-68.3825	-0.588881	-3.13513	-5.88477
96.1636	1.27313	-68.4522	-0.919802	-2.995	-5.88477
96.1889	1.24509	-68.5261	-1.28893	-2.82477	-5.88477
96.2164	1.20427	-68.6008	-1.68667	-2.61666	-5.88477
96.2432	1.15392	-68.6678	-2.0735	-2.38072	-5.88477
96.2687	1.09629	-68.7253	-2.44124	-2.11809	-5.88477
96.2927	1.03352	-68.7728	-2.78685	-1.83204	-5.88477
96.3151	0.967568	-68.8105	-3.10973	-1.52814	-5.88477
96.3357	0.90019	-68.8389	-3.40994	-1.21412	-5.88477
96.3547	0.832933	-68.8589	-3.6875	-0.899063	-5.88477
96.372	0.766923	-68.8719	-3.94263	-0.591781	-5.88477
96.3878	0.702653	-68.8789	-4.17612	-0.299186	-5.88477
96.4025	0.639721	-68.8813	-4.39	-0.0249669	-5.88477
96.4168	0.575628	-68.8798	-4.59048	0.234123	-5.88477
96.4275	0.525812	-68.8763	-4.7317	0.415516	-5.88477
96.4381	0.474724	-68.871	-4.86051	0.577801	-5.88477
96.4489	0.421655	-68.864	-4.97405	0.715147	-5.88477
96.4592	0.370085	-68.8561	-5.0616	0.812756	-5.88477
96.4694	0.318115	-68.8475	-5.12456	0.870873	-5.88477
96.48	0.26353	-68.8381	-5.16157	0.885135	-5.88477
96.4921	0.20086	-68.8276	-5.16662	0.840901	-5.88477
96.5027	0.14608	-68.8191	-5.13938	0.750614	-5.88477
96.5138	0.0895946	-68.8116	-5.08301	0.610984	-5.88477
96.5241	0.0374103	-68.8061	-5.00845	0.444769	-5.88477
96.5344	-0.0133605	-68.8025	-4.91817	0.253677	-5.88477
96.5448	-0.0640989	-68.8009	-4.81322	0.0385296	-5.88477
96.5556	-0.115668	-68.8018	-4.69385	-0.20033	-5.88477
96.5672	-0.168982	-68.8056	-4.55892	-0.464314	-5.88477
96.5842	-0.244957	-68.8169	-4.34879	-0.863106	-5.88477
96.6008	-0.315507	-68.8345	-4.13547	-1.25072	-5.88477
96.6172	-0.381372	-68.858	-3.91895	-1.62345	-5.88477
96.6342	-0.446193	-68.8889	-3.68605	-1.99837	-5.88477
96.6522	-0.509974	-68.9281	-3.43237	-2.37457	-5.88477
96.6709	-0.571799	-68.9762	-3.15567	-2.74729	-5.88477
96.6904	-0.630443	-69.0334	-2.85486	-3.11141	-5.88477
96.7105	-0.684619	-69.0995	-2.52995	-3.46305	-5.88477
96.7311	-0.733107	-69.1743	-2.18224	-3.80012	-5.88477
96.752	-0.774815	-69.2569	-1.81484	-4.12219	-5.88477
96.7729	-0.808861	-69.3465	-1.43327	-4.42951	-5.88477
96.7933	-0.834267	-69.44	-1.05359	-4.71595	-5.88477
96.8129	-0.851325	-69.5349	-0.689482	-4.97745	-5.88477
96.8324	-0.86132	-69.6345	-0.337382	-5.21883	-5.88477
96.8449	-0.864193	-69.7004	-0.125855	-5.3563	-5.88477
96.8554	-0.864635	-69.7573	0.0394739	-5.4571	-5.88477
96.8645	-0.863673	-69.8073	0.169739	-5.52967	-5.88477
96.8738	-0.861536	-69.8589	0.287717	-5.58658	-5.88477
96.8836	-0.858206	-69.9135	0.392523	-5.62452	-5.88477
96.8941	-0.853585	-69.9728	0.481577	-5.63763	-5.88477
96.906	-0.847376	-70.0401	0.550955	-5.61563	-5.88477
96.9176	-0.840742	-70.1051	0.586716	-5.5577	-5.88477
96.9303	-0.833238	-70.1748	0.594109	-5.45817	-5.88477
96.9418	-0.826495	-70.2368	0.577582	-5.34145	-5.88477
96.9532	-0.820048	-70.2973	0.544687	-5.20653	-5.88477
96.9654	-0.81372	-70.3595	0.498021	-5.051	-5.88477
96.9787	-0.807483	-70.4255	0.439068	-4.87231	-5.88477
96.9941	-0.801254	-70.4991	0.367613	-4.66231	-5.88477
97.0155	-0.794399	-70.596	0.273622	-4.37731	-5.88477
97.0338	-0.790058	-70.6736	0.204735	-4.14681	-5.88477
97.0519	-0.786865	-70.7469	0.149135	-3.92999	-5.88477
97.0699	-0.784578	-70.8157	0.10801	-3.72847	-5.88477
97.088	-0.78289	-70.8816	0.0804939	-3.53686	-5.88477
97.1065	-0.781552	-70.9452	0.0665781	-3.35304	-5.88477
97.1254	-0.780319	-71.0068	0.0663391	-3.1755	-5.88477
97.1449	-0.778914	-71.067	0.0800205	-3.00156	-5.88477
97.1665	-0.776883	-71.1299	0.110508	-2.81823	-5.88477
97.1926	-0.773301	-71.2008	0.16706	-2.60696	-5.88477
97.2265	-0.766012	-71.2845	0.268904	-2.3454	-5.88477
97.2681	-0.751546	-71.3756	0.432779	-2.03284	-5.88477
97.3128	-0.727474	-71.4591	0.649394	-1.6951	-5.88477
97.3559	-0.694416	-71.5248	0.891166	-1.35466	-5.88477
97.3975	-0.652014	-71.5739	1.15093	-0.998129	-5.88477
97.4376	-0.600474	-71.6064	1.42115	-0.617272	-5.88477
97.4764	-0.540011	-71.6225	1.69587	-0.205025	-5.88477
97.5144	-0.470489	-71.6219	1.97009	0.245427	-5.88477
97.5482	-0.399858	-71.6063	2.21124	0.687784	-5.88477
97.5822	-0.32068	-71.5748	2.44134	1.17027	-5.88477
97.6148	-0.237585	-71.5285	2.63876	1.66269	-5.88477
97.6472	-0.149547	-71.4666	2.79796	2.16797	-5.88477
97.6797	-0.0565505	-71.3877	2.90689	2.68105	-5.88477
97.7072	0.023929	-71.3082	2.94727	3.10565	-5.88477
97.7299	0.0909733	-71.2337	2.93813	3.44403	-5.88477
97.7532	0.158892	-71.1496	2.88366	3.77134	-5.88477
97.7769	0.225986	-71.0566	2.77767	4.07842	-5.88477
97.8012	0.291524	-70.9541	2.61325	4.36235	-5.88477
97.826	0.353771	-70.8425	2.38552	4.61825	-5.88477
97.8517	0.411275	-70.721	2.08912	4.84626	-5.88477
97.8775	0.460644	-70.5935	1.73213	5.04405	-5.88477
97.903	0.499775	-70.4625	1.32551	5.21914	-5.88477
97.9282	0.527679	-70.3285	0.876146	5.38691	-5.88477
97.9529	0.54342	-70.1939	0.396597	5.56366	-5.88477
97.9729	0.547191	-70.0804	-0.0260295	5.73385	-5.88477
97.9893	0.543809	-69.9856	-0.392245	5.90086	-5.88477
98.0061	0.533876	-69.8847	-0.794913	6.11174	-5.88477
98.0231	0.516581	-69.7781	-1.23715	6.38121	-5.88477
98.0396	0.492452	-69.6706	-1.70364	6.71107	-5.88477
98.0528	0.467189	-69.5795	-2.11552	7.04073	-5.88477
98.0648	0.439382	-69.4929	-2.52151	7.39853	-5.88477
98.077	0.406122	-69.4006	-2.96507	7.8226	-5.88477
98.0881	0.370794	-69.3112	-3.39499	8.26182	-5.88477
98.0989	0.331831	-69.2196	-3.81646	8.71416	-5.88477
98.1076	0.297231	-69.1422	-4.13263	9.06399	-5.88477
98.115	0.265772	-69.0741	-4.35971	9.31803	-5.88477
98.1226	0.231968	-69.0026	-4.52613	9.50179	-5.88477
98.1298	0.199014	-68.9338	-4.6008	9.57617	-5.88477
98.1368	0.166667	-68.8665	-4.58588	9.54183	-5.88477
98.1435	0.136471	-68.8035	-4.49549	9.41673	-5.88477
98.1502	0.106603	-68.7405	-4.34058	9.21453	-5.88477
98.1574	0.0761176	-68.6752	-4.12576	8.94256	-5.88477
98.1651	0.0455215	-68.6079	-3.86448	8.62024	-5.88477
98.1728	0.0166224	-68.5424	-3.58591	8.28566	-5.88477
98.1806	-0.0100814	-68.4795	-3.30808	7.96149	-5.88477
98.1879	-0.0332629	-68.4225	-3.05461	7.67469	-5.88477
98.1955	-0.0556184	-68.3649	-2.80106	7.3972	-5.88477
98.2052	-0.0812326	-68.295	-2.49998	7.08124	-5.88477
98.2178	-0.110373	-68.2082	-2.14138	6.72646	-5.88477
98.2317	-0.137662	-68.1169	-1.78295	6.39812	-5.88477
98.2472	-0.162469	-68.0201	-1.42424	6.0985	-5.88477
98.2634	-0.182756	-67.9234	-1.08571	5.844	-5.88477
98.281	-0.198886	-67.8226	-0.751318	5.61995	-5.88477
98.3004	-0.210174	-67.7153	-0.414615	5.42069	-5.88477
98.3212	-0.215324	-67.6045	-0.0858778	5.24889	-5.88477
98.3415	-0.21405	-67.4997	0.207689	5.11073	-5.88477
98.3599	-0.207932	-67.4066	0.453899	5.00237	-5.88477
98.3794	-0.196658	-67.3098	0.694752	4.89906	-5.88477
98.4011	-0.178936	-67.2048	0.936403	4.79292	-5.88477
98.4244	-0.154346	-67.0943	1.16651	4.68243	-5.88477
98.4491	-0.122899	-66.9801	1.37521	4.56456	-5.88477
98.475	-0.0849037	-66.8637	1.5548	4.43614	-5.88477
98.5007	-0.0429955	-66.7511	1.69372	4.30159	-5.88477
98.5255	0.000157625	-66.6464	1.79074	4.16613	-5.88477
98.549	0.0430402	-66.55	1.85161	4.0329	-5.88477
98.5703	0.0829461	-66.4652	1.88223	3.90979	-5.88477
98.5961	0.131684	-66.3663	1.89076	3.76083	-5.88477
98.6265	0.188704	-66.2549	1.86575	3.58954	-5.88477
98.6625	0.254767	-66.1291	1.79478	3.39733	-5.88477
98.7067	0.331315	-65.9836	1.65982	3.18745	-5.88477
98.7482	0.396942	-65.8548	1.49786	3.02367	-5.88477
98.7905	0.45637	-65.7298	1.30838	2.89426	-5.88477
98.8364	0.511376	-65.5992	1.08411	2.7987	-5.88477
98.8825	0.555892	-65.4716	0.846787	2.7497	-5.88477
98.9214	0.584813	-65.3649	0.639962	2.74329	-5.88477
98.9573	0.604286	-65.2662	0.444519	2.76386	-5.88477
98.9932	0.616678	-65.166	0.243774	2.80788	-5.88477
99.0266	0.621627	-65.0714	0.0517938	2.86798	-5.88477
99.0578	0.620364	-64.981	-0.13402	2.93986	-5.88477
99.0862	0.614074	-64.8964	-0.310232	3.01855	-5.88477
99.1173	0.601308	-64.801	-0.512517	3.12027	-5.88477
99.1533	0.578437	-64.6862	-0.761434	3.26174	-5.88477
99.1946	0.540632	-64.5474	-1.07271	3.4651	-5.88477
99.2285	0.499598	-64.4265	-1.3552	3.67645	-5.88477
99.2626	0.447959	-64.2966	-1.67609	3.94759	-5.88477
99.2936	0.390978	-64.1696	-2.01298	4.26543	-5.88477
99.3178	0.338655	-64.0627	-2.32078	4.58186	-5.88477
99.3389	0.286357	-63.9624	-2.63566	4.92711	-5.88477
99.3577	0.23385	-63.8664	-2.96507	5.30736	-5.88477
99.3766	0.174043	-63.7615	-3.36181	5.78584	-5.88477
99.3911	0.123047	-63.6749	-3.72041	6.2335	-5.88477
99.4035	0.0745895	-63.5946	-4.07752	6.69065	-5.88477
99.4146	0.0272459	-63.5176	-4.43728	7.16063	-5.88477
99.4225	-0.00862703	-63.46	-4.71149	7.52439	-5.88477
99.4292	-0.0411826	-63.4082	-4.9557	7.85215	-5.88477
99.4362	-0.0765845	-63.3523	-5.20827	8.19504	-5.88477
99.4434	-0.115025	-63.292	-5.455	8.5346	-5.88477
99.4514	-0.15966	-63.2224	-5.68493	8.85768	-5.88477
99.459	-0.203492	-63.1541	-5.82827	9.06848	-5.88477
99.4662	-0.245442	-63.0888	-5.87131	9.14738	-5.88477
99.4727	-0.283984	-63.0287	-5.82297	9.10512	-5.88477
99.4794	-0.322202	-62.9688	-5.69446	8.95885	-5.88477
99.4866	-0.36263	-62.9049	-5.48207	8.70698	-5.88477
99.4938	-0.400979	-62.8436	-5.22304	8.39763	-5.88477
99.5016	-0.440821	-62.779	-4.91167	8.02861	-5.88477
99.5113	-0.486346	-62.7037	-4.52321	7.57719	-5.88477
99.5221	-0.533009	-62.6243	-4.10672	7.1092	-5.88477
99.5338	-0.578672	-62.5437	-3.69253	6.6657	-5.88477
99.5461	-0.621756	-62.464	-3.29979	6.27104	-5.88477
99.56	-0.664842	-62.3794	-2.90391	5.90492	-5.88477
99.5764	-0.708899	-62.2857	-2.48915	5.56251	-5.88477
99.5961	-0.753472	-62.1793	-2.04393	5.24957	-5.88477
99.6175	-0.792452	-62.0698	-1.60698	5.00294	-5.88477
99.6398	-0.823536	-61.9604	-1.18552	4.82296	-5.88477
99.6634	-0.846527	-61.848	-0.7635	4.696	-5.88477
99.6888	-0.860343	-61.7302	-0.33005	4.61286	-5.88477
99.7161	-0.863166	-61.6049	0.120671	4.56473	-5.88477
99.7427	-0.854312	-61.4839	0.542597	4.5417	-5.88477
99.7675	-0.836166	-61.3715	0.918229	4.52759	-5.88477
99.7945	-0.806137	-61.2496	1.30207	4.5072	-5.88477
99.8223	-0.764716	-61.1244	1.66397	4.46894	-5.88477
99.8505	-0.713076	-60.9992	1.98816	4.40367	-5.88477
99.8793	-0.65169	-60.8738	2.27019	4.30512	-5.88477
99.9094	-0.579602	-60.7462	2.51067	4.16723	-5.88477
99.9424	-0.493396	-60.6119	2.7108	3.97949	-5.88477
99.9815	-0.384041	-60.4613	2.86739	3.71596	-5.88477
100.019	-0.27434	-60.3265	2.94173	3.43017	-5.88477
