0	0.00916667	0.0183333	0.0275	0.0366667	0.0458333	0.055	0.0641667	0.0733333	0.0825	0.0916667	0.100833	0.11	0.119167	0.128333	0.1375	0.146667	0.155833	0.165	0.174167	0.183333	0.1925	0.201667	0.210833	0.22	0.229167	0.238333	0.2475	0.256667	0.265833	0.275	0.284167	0.293333	0.3025	0.311667	0.320833	0.33	0.339167	0.348333	0.3575	0.366667	0.375833	0.385	0.394167	0.403333	0.4125	0.421667	0.430833	0.44	0.449167	0.458333	0.4675	0.476667	0.485833	0.495	0.504167	0.513333	0.5225	0.531667	0.540833	0.55	0.559167	0.568333	0.5775	0.586667	0.595833	0.605	0.614167	0.623333	0.6325	0.641667	0.650833	0.66	0.669167	0.678333	0.6875	0.696667	0.705833	0.715	0.724167	0.733333	0.726875	0.720417	0.713958	0.7075	0.701042	0.694583	0.688125	0.681667	0.675208	0.66875	0.662292	0.655833	0.649375	0.642917	0.636458	0.63	0.623542	0.617083	0.610625	0.604167	0.597708	0.59125	0.584792	0.578333	0.571875	0.565417	0.558958	0.5525	0.546042	0.539583	0.533125	0.526667	0.520208	0.51375	0.507292	0.500833	0.494375	0.487917	0.481458	0.475	0.468542	0.462083	0.455625	0.449167	0.442708	0.43625	0.429792	0.423333	0.416875	0.410417	0.403958	0.3975	0.391042	0.384583	0.378125	0.371667	0.365208	0.35875	0.352292	0.345833	0.339375	0.332917	0.326458	0.32	0.313542	0.307083	0.300625	0.294167	0.287708	0.28125	0.274792	0.268333	0.261875	0.255417	0.248958	0.2425	0.236042	0.229583	0.223125	0.216667	0.210208	0.20375	0.197292	0.190833	0.184375	0.177917	0.171458	0.165	0.158542	0.152083	0.145625	0.139167	0.132708	0.12625	0.119792	0.113333	0.106875	0.100417	0.0939583	0.0875	0.0810417	0.0745833	0.068125	0.0616667	0.0552083	0.04875	0.0422917	0.0358333	0.029375	0.0229167	0.0164583	0.01	0.00354167	-0.00291667	-0.009375	-0.0158333	-0.0222917	-0.02875	-0.0352083	-0.0416667	-0.048125	-0.0545833	-0.0610417	-0.0675	-0.0739583	-0.0804167	-0.086875	-0.0933333	-0.0997917	-0.10625	-0.112708	-0.119167	-0.125625	-0.132083	-0.138542	-0.145	-0.151458	-0.157917	-0.164375	-0.170833	-0.177292	-0.18375	-0.190208	-0.196667	-0.203125	-0.209583	-0.216042	-0.2225	-0.228958	-0.235417	-0.241875	-0.248333	-0.254792	-0.26125	-0.267708	-0.274167	-0.280625	-0.287083	-0.293542	-0.3	-0.306458	-0.312917	-0.319375	-0.325833	-0.332292	-0.33875	-0.345208	-0.351667	-0.358125	-0.364583	-0.371042	-0.3775	-0.383958	-0.390417	-0.396875	-0.403333	-0.409792	-0.41625	-0.422708	-0.429167	-0.435625	-0.442083	-0.448542	-0.455	-0.461458	-0.467917	-0.474375	-0.480833	-0.487292	-0.49375	-0.500208	-0.506667	-0.513125	-0.519583	-0.526042	-0.5325	-0.538958	-0.545417	-0.551875	-0.558333	-0.564792	-0.57125	-0.577708	-0.584167	-0.590625	-0.597083	-0.603542	-0.61	-0.616458	-0.622917	-0.629375	-0.635833	-0.642292	-0.64875	-0.655208	-0.661667	-0.668125	-0.674583	-0.681042	-0.6875	-0.680625	-0.67375	-0.666875	-0.66	-0.653125	-0.64625	-0.639375	-0.6325	-0.625625	-0.61875	-0.611875	-0.605	-0.598125	-0.59125	-0.584375	-0.5775	-0.570625	-0.56375	-0.556875	-0.55	-0.543125	-0.53625	-0.529375	-0.5225	-0.515625	-0.50875	-0.501875	-0.495	-0.488125	-0.48125	-0.474375	-0.4675	-0.460625	-0.45375	-0.446875	-0.44	-0.433125	-0.42625	-0.419375	-0.4125	-0.405625	-0.39875	-0.391875	-0.385	-0.378125	-0.37125	-0.364375	-0.3575	-0.350625	-0.34375	-0.336875	-0.33	-0.323125	-0.31625	-0.309375	-0.3025	-0.295625	-0.28875	-0.281875	-0.275	-0.268125	-0.26125	-0.254375	-0.2475	-0.240625	-0.23375	-0.226875	-0.22	-0.213125	-0.20625	-0.199375	-0.1925	-0.185625	-0.17875	-0.171875	-0.165	-0.158125	-0.15125	-0.144375	-0.1375	-0.130625	-0.12375	-0.116875	-0.11	-0.103125	-0.09625	-0.089375	-0.0825	-0.075625	-0.06875	-0.061875	-0.055	-0.048125	-0.04125	-0.034375	-0.0275	-0.020625	-0.01375	-0.006875	0
0	0.00916667	0.0183333	0.0275	0.0366667	0.0458333	0.055	0.0641667	0.0733333	0.0825	0.0916667	0.100833	0.11	0.119167	0.128333	0.1375	0.146667	0.155833	0.165	0.174167	0.183333	0.1925	0.201667	0.210833	0.22	0.229167	0.238333	0.2475	0.256667	0.265833	0.275	0.284167	0.293333	0.3025	0.311667	0.320833	0.33	0.339167	0.348333	0.3575	0.366667	0.375833	0.385	0.394167	0.403333	0.4125	0.421667	0.430833	0.44	0.449167	0.458333	0.4675	0.476667	0.485833	0.495	0.504167	0.513333	0.5225	0.531667	0.540833	0.542187	0.543542	0.544896	0.54625	0.547604	0.548958	0.550312	0.551667	0.553021	0.554375	0.555729	0.557083	0.558437	0.559792	0.561146	0.5625	0.563854	0.565208	0.566562	0.567917	0.569271	0.570625	0.571979	0.573333	0.574688	0.576042	0.577396	0.57875	0.580104	0.581458	0.582813	0.584167	0.585521	0.586875	0.588229	0.589583	0.590938	0.592292	0.593646	0.595	0.596354	0.597708	0.59125	0.584792	0.578333	0.571875	0.565417	0.558958	0.5525	0.546042	0.539583	0.533125	0.526667	0.520208	0.51375	0.507292	0.500833	0.494375	0.487917	0.481458	0.475	0.468542	0.462083	0.455625	0.449167	0.442708	0.43625	0.429792	0.423333	0.416875	0.410417	0.403958	0.3975	0.391042	0.384583	0.378125	0.371667	0.365208	0.35875	0.352292	0.345833	0.339375	0.332917	0.326458	0.32	0.313542	0.307083	0.300625	0.294167	0.287708	0.28125	0.274792	0.268333	0.261875	0.255417	0.248958	0.2425	0.236042	0.229583	0.223125	0.216667	0.210208	0.20375	0.197292	0.190833	0.184375	0.177917	0.171458	0.165	0.158542	0.152083	0.145625	0.139167	0.132708	0.12625	0.119792	0.113333	0.106875	0.100417	0.0939583	0.0875	0.0810417	0.0745833	0.068125	0.0616667	0.0552083	0.04875	0.0422917	0.0358333	0.029375	0.0229167	0.0164583	0.01	0.00354167	-0.00291667	-0.009375	-0.0158333	-0.0222917	-0.02875	-0.0352083	-0.0416667	-0.048125	-0.0545833	-0.0610417	-0.0675	-0.0739583	-0.0804167	-0.086875	-0.0933333	-0.0997917	-0.10625	-0.112708	-0.119167	-0.125625	-0.132083	-0.138542	-0.145	-0.151458	-0.157917	-0.164375	-0.170833	-0.177292	-0.18375	-0.190208	-0.196667	-0.203125	-0.209583	-0.216042	-0.2225	-0.228958	-0.235417	-0.241875	-0.248333	-0.254792	-0.26125	-0.267708	-0.274167	-0.280625	-0.287083	-0.293542	-0.3	-0.306458	-0.312917	-0.319375	-0.325833	-0.332292	-0.33875	-0.345208	-0.351667	-0.358125	-0.364583	-0.371042	-0.3775	-0.383958	-0.390417	-0.396875	-0.403333	-0.409792	-0.41625	-0.422708	-0.429167	-0.435625	-0.442083	-0.448542	-0.455	-0.461458	-0.467917	-0.474375	-0.480833	-0.487292	-0.49375	-0.500208	-0.506667	-0.513125	-0.519583	-0.526042	-0.5325	-0.538958	-0.545417	-0.551875	-0.551667	-0.551458	-0.55125	-0.551042	-0.550833	-0.550625	-0.550417	-0.550208	-0.55	-0.549792	-0.549583	-0.549375	-0.549167	-0.548958	-0.54875	-0.548542	-0.548333	-0.548125	-0.547917	-0.547708	-0.5475	-0.547292	-0.547083	-0.546875	-0.546667	-0.546458	-0.54625	-0.546042	-0.545833	-0.545625	-0.545417	-0.545208	-0.545	-0.544792	-0.544583	-0.544375	-0.544167	-0.543958	-0.54375	-0.543542	-0.543333	-0.543125	-0.53625	-0.529375	-0.5225	-0.515625	-0.50875	-0.501875	-0.495	-0.488125	-0.48125	-0.474375	-0.4675	-0.460625	-0.45375	-0.446875	-0.44	-0.433125	-0.42625	-0.419375	-0.4125	-0.405625	-0.39875	-0.391875	-0.385	-0.378125	-0.37125	-0.364375	-0.3575	-0.350625	-0.34375	-0.336875	-0.33	-0.323125	-0.31625	-0.309375	-0.3025	-0.295625	-0.28875	-0.281875	-0.275	-0.268125	-0.26125	-0.254375	-0.2475	-0.240625	-0.23375	-0.226875	-0.22	-0.213125	-0.20625	-0.199375	-0.1925	-0.185625	-0.17875	-0.171875	-0.165	-0.158125	-0.15125	-0.144375	-0.1375	-0.130625	-0.12375	-0.116875	-0.11	-0.103125	-0.09625	-0.089375	-0.0825	-0.075625	-0.06875	-0.061875	-0.055	-0.048125	-0.04125	-0.034375	-0.0275	-0.020625	-0.01375	-0.006875	0
0	0.00916667	0.0183333	0.0275	0.0366667	0.0458333	0.055	0.0641667	0.0733333	0.0825	0.0916667	0.100833	0.11	0.119167	0.128333	0.1375	0.146667	0.155833	0.165	0.174167	0.183333	0.1925	0.201667	0.210833	0.22	0.229167	0.238333	0.2475	0.256667	0.265833	0.275	0.284167	0.293333	0.3025	0.311667	0.320833	0.33	0.339167	0.348333	0.3575	0.358854	0.360208	0.361562	0.362917	0.364271	0.365625	0.366979	0.368333	0.369687	0.371042	0.372396	0.37375	0.375104	0.376458	0.377812	0.379167	0.380521	0.381875	0.383229	0.384583	0.385937	0.387292	0.388646	0.39	0.391354	0.392708	0.394062	0.395417	0.396771	0.398125	0.399479	0.400833	0.402188	0.403542	0.404896	0.40625	0.407604	0.408958	0.410312	0.411667	0.413021	0.414375	0.415729	0.417083	0.418438	0.419792	0.421146	0.4225	0.423854	0.425208	0.426562	0.427917	0.429271	0.430625	0.431979	0.433333	0.434688	0.436042	0.437396	0.43875	0.440104	0.441458	0.442813	0.444167	0.445521	0.446875	0.448229	0.449583	0.450938	0.452292	0.453646	0.455	0.456354	0.457708	0.459063	0.460417	0.461771	0.463125	0.464479	0.465833	0.467187	0.468542	0.462083	0.455625	0.449167	0.442708	0.43625	0.429792	0.423333	0.416875	0.410417	0.403958	0.3975	0.391042	0.384583	0.378125	0.371667	0.365208	0.35875	0.352292	0.345833	0.339375	0.332917	0.326458	0.32	0.313542	0.307083	0.300625	0.294167	0.287708	0.28125	0.274792	0.268333	0.261875	0.255417	0.248958	0.2425	0.236042	0.229583	0.223125	0.216667	0.210208	0.20375	0.197292	0.190833	0.184375	0.177917	0.171458	0.165	0.158542	0.152083	0.145625	0.139167	0.132708	0.12625	0.119792	0.113333	0.106875	0.100417	0.0939583	0.0875	0.0810417	0.0745833	0.068125	0.0616667	0.0552083	0.04875	0.0422917	0.0358333	0.029375	0.0229167	0.0164583	0.01	0.00354167	-0.00291667	-0.009375	-0.0158333	-0.0222917	-0.02875	-0.0352083	-0.0416667	-0.048125	-0.0545833	-0.0610417	-0.0675	-0.0739583	-0.0804167	-0.086875	-0.0933333	-0.0997917	-0.10625	-0.112708	-0.119167	-0.125625	-0.132083	-0.138542	-0.145	-0.151458	-0.157917	-0.164375	-0.170833	-0.177292	-0.18375	-0.190208	-0.196667	-0.203125	-0.209583	-0.216042	-0.2225	-0.228958	-0.235417	-0.241875	-0.248333	-0.254792	-0.26125	-0.267708	-0.274167	-0.280625	-0.287083	-0.293542	-0.3	-0.306458	-0.312917	-0.319375	-0.325833	-0.332292	-0.33875	-0.345208	-0.351667	-0.358125	-0.364583	-0.371042	-0.3775	-0.383958	-0.390417	-0.396875	-0.403333	-0.409792	-0.41625	-0.422708	-0.4225	-0.422292	-0.422083	-0.421875	-0.421667	-0.421458	-0.42125	-0.421042	-0.420833	-0.420625	-0.420417	-0.420208	-0.42	-0.419792	-0.419583	-0.419375	-0.419167	-0.418958	-0.41875	-0.418542	-0.418333	-0.418125	-0.417917	-0.417708	-0.4175	-0.417292	-0.417083	-0.416875	-0.416667	-0.416458	-0.41625	-0.416042	-0.415833	-0.415625	-0.415417	-0.415208	-0.415	-0.414792	-0.414583	-0.414375	-0.414167	-0.413958	-0.41375	-0.413542	-0.413333	-0.413125	-0.412917	-0.412708	-0.4125	-0.412292	-0.412083	-0.411875	-0.411667	-0.411458	-0.41125	-0.411042	-0.410833	-0.410625	-0.410417	-0.410208	-0.41	-0.409792	-0.409583	-0.409375	-0.409167	-0.408958	-0.40875	-0.408542	-0.408333	-0.408125	-0.407917	-0.407708	-0.4075	-0.407292	-0.407083	-0.406875	-0.406667	-0.406458	-0.40625	-0.406042	-0.405833	-0.405625	-0.39875	-0.391875	-0.385	-0.378125	-0.37125	-0.364375	-0.3575	-0.350625	-0.34375	-0.336875	-0.33	-0.323125	-0.31625	-0.309375	-0.3025	-0.295625	-0.28875	-0.281875	-0.275	-0.268125	-0.26125	-0.254375	-0.2475	-0.240625	-0.23375	-0.226875	-0.22	-0.213125	-0.20625	-0.199375	-0.1925	-0.185625	-0.17875	-0.171875	-0.165	-0.158125	-0.15125	-0.144375	-0.1375	-0.130625	-0.12375	-0.116875	-0.11	-0.103125	-0.09625	-0.089375	-0.0825	-0.075625	-0.06875	-0.061875	-0.055	-0.048125	-0.04125	-0.034375	-0.0275	-0.020625	-0.01375	-0.006875	0
0	0.00916667	0.0183333	0.0275	0.0366667	0.0458333	0.055	0.0641667	0.0733333	0.0825	0.0916667	0.100833	0.11	0.119167	0.128333	0.1375	0.146667	0.155833	0.165	0.174167	0.175521	0.176875	0.178229	0.179583	0.180937	0.182292	0.183646	0.185	0.186354	0.187708	0.189062	0.190417	0.191771	0.193125	0.194479	0.195833	0.197187	0.198542	0.199896	0.20125	0.202604	0.203958	0.205312	0.206667	0.208021	0.209375	0.210729	0.212083	0.213438	0.214792	0.216146	0.2175	0.218854	0.220208	0.221562	0.222917	0.224271	0.225625	0.226979	0.228333	0.229688	0.231042	0.232396	0.23375	0.235104	0.236458	0.237812	0.239167	0.240521	0.241875	0.243229	0.244583	0.245937	0.247292	0.248646	0.25	0.251354	0.252708	0.254062	0.255417	0.256771	0.258125	0.259479	0.260833	0.262188	0.263542	0.264896	0.26625	0.267604	0.268958	0.270313	0.271667	0.273021	0.274375	0.275729	0.277083	0.278437	0.279792	0.281146	0.2825	0.283854	0.285208	0.286562	0.287917	0.289271	0.290625	0.291979	0.293333	0.294687	0.296042	0.297396	0.29875	0.300104	0.301458	0.302812	0.304167	0.305521	0.306875	0.308229	0.309583	0.310937	0.312292	0.313646	0.315	0.316354	0.317708	0.319062	0.320417	0.321771	0.323125	0.324479	0.325833	0.327188	0.328542	0.329896	0.33125	0.332604	0.333958	0.335313	0.336667	0.338021	0.339375	0.332917	0.326458	0.32	0.313542	0.307083	0.300625	0.294167	0.287708	0.28125	0.274792	0.268333	0.261875	0.255417	0.248958	0.2425	0.236042	0.229583	0.223125	0.216667	0.210208	0.20375	0.197292	0.190833	0.184375	0.177917	0.171458	0.165	0.158542	0.152083	0.145625	0.139167	0.132708	0.12625	0.119792	0.113333	0.106875	0.100417	0.0939583	0.0875	0.0810417	0.0745833	0.068125	0.0616667	0.0552083	0.04875	0.0422917	0.0358333	0.029375	0.0229167	0.0164583	0.01	0.00354167	-0.00291667	-0.009375	-0.0158333	-0.0222917	-0.02875	-0.0352083	-0.0416667	-0.048125	-0.0545833	-0.0610417	-0.0675	-0.0739583	-0.0804167	-0.086875	-0.0933333	-0.0997917	-0.10625	-0.112708	-0.119167	-0.125625	-0.132083	-0.138542	-0.145	-0.151458	-0.157917	-0.164375	-0.170833	-0.177292	-0.18375	-0.190208	-0.196667	-0.203125	-0.209583	-0.216042	-0.2225	-0.228958	-0.235417	-0.241875	-0.248333	-0.254792	-0.26125	-0.267708	-0.274167	-0.280625	-0.287083	-0.293542	-0.293333	-0.293125	-0.292917	-0.292708	-0.2925	-0.292292	-0.292083	-0.291875	-0.291667	-0.291458	-0.29125	-0.291042	-0.290833	-0.290625	-0.290417	-0.290208	-0.29	-0.289792	-0.289583	-0.289375	-0.289167	-0.288958	-0.28875	-0.288542	-0.288333	-0.288125	-0.287917	-0.287708	-0.2875	-0.287292	-0.287083	-0.286875	-0.286667	-0.286458	-0.28625	-0.286042	-0.285833	-0.285625	-0.285417	-0.285208	-0.285	-0.284792	-0.284583	-0.284375	-0.284167	-0.283958	-0.28375	-0.283542	-0.283333	-0.283125	-0.282917	-0.282708	-0.2825	-0.282292	-0.282083	-0.281875	-0.281667	-0.281458	-0.28125	-0.281042	-0.280833	-0.280625	-0.280417	-0.280208	-0.28	-0.279792	-0.279583	-0.279375	-0.279167	-0.278958	-0.27875	-0.278542	-0.278333	-0.278125	-0.277917	-0.277708	-0.2775	-0.277292	-0.277083	-0.276875	-0.276667	-0.276458	-0.27625	-0.276042	-0.275833	-0.275625	-0.275417	-0.275208	-0.275	-0.274792	-0.274583	-0.274375	-0.274167	-0.273958	-0.27375	-0.273542	-0.273333	-0.273125	-0.272917	-0.272708	-0.2725	-0.272292	-0.272083	-0.271875	-0.271667	-0.271458	-0.27125	-0.271042	-0.270833	-0.270625	-0.270417	-0.270208	-0.27	-0.269792	-0.269583	-0.269375	-0.269167	-0.268958	-0.26875	-0.268542	-0.268333	-0.268125	-0.26125	-0.254375	-0.2475	-0.240625	-0.23375	-0.226875	-0.22	-0.213125	-0.20625	-0.199375	-0.1925	-0.185625	-0.17875	-0.171875	-0.165	-0.158125	-0.15125	-0.144375	-0.1375	-0.130625	-0.12375	-0.116875	-0.11	-0.103125	-0.09625	-0.089375	-0.0825	-0.075625	-0.06875	-0.061875	-0.055	-0.048125	-0.04125	-0.034375	-0.0275	-0.020625	-0.01375	-0.006875	0
0	-0.00645833	-0.00510417	-0.00375	-0.00239583	-0.00104167	0.0003125	0.00166667	0.00302083	0.004375	0.00572917	0.00708333	0.0084375	0.00979167	0.0111458	0.0125	0.0138542	0.0152083	0.0165625	0.0179167	0.0192708	0.020625	0.0219792	0.0233333	0.0246875	0.0260417	0.0273958	0.02875	0.0301042	0.0314583	0.0328125	0.0341667	0.0355208	0.036875	0.0382292	0.0395833	0.0409375	0.0422917	0.0436458	0.045	0.0463542	0.0477083	0.0490625	0.0504167	0.0517708	0.053125	0.0544792	0.0558333	0.0571875	0.0585417	0.0598958	0.06125	0.0626042	0.0639583	0.0653125	0.0666667	0.0680208	0.069375	0.0707292	0.0720833	0.0734375	0.0747917	0.0761458	0.0775	0.0788542	0.0802083	0.0815625	0.0829167	0.0842708	0.085625	0.0869792	0.0883333	0.0896875	0.0910417	0.0923958	0.09375	0.0951042	0.0964583	0.0978125	0.0991667	0.100521	0.101875	0.103229	0.104583	0.105937	0.107292	0.108646	0.11	0.111354	0.112708	0.114062	0.115417	0.116771	0.118125	0.119479	0.120833	0.122187	0.123542	0.124896	0.12625	0.127604	0.128958	0.130312	0.131667	0.133021	0.134375	0.135729	0.137083	0.138437	0.139792	0.141146	0.1425	0.143854	0.145208	0.146562	0.147917	0.149271	0.150625	0.151979	0.153333	0.154687	0.156042	0.157396	0.15875	0.160104	0.161458	0.162812	0.164167	0.165521	0.166875	0.168229	0.169583	0.170938	0.172292	0.173646	0.175	0.176354	0.177708	0.179062	0.180417	0.181771	0.183125	0.184479	0.185833	0.187187	0.188542	0.189896	0.19125	0.192604	0.193958	0.195312	0.196667	0.198021	0.199375	0.200729	0.202083	0.203438	0.204792	0.206146	0.2075	0.208854	0.210208	0.20375	0.197292	0.190833	0.184375	0.177917	0.171458	0.165	0.158542	0.152083	0.145625	0.139167	0.132708	0.12625	0.119792	0.113333	0.106875	0.100417	0.0939583	0.0875	0.0810417	0.0745833	0.068125	0.0616667	0.0552083	0.04875	0.0422917	0.0358333	0.029375	0.0229167	0.0164583	0.01	0.00354167	-0.00291667	-0.009375	-0.0158333	-0.0222917	-0.02875	-0.0352083	-0.0416667	-0.048125	-0.0545833	-0.0610417	-0.0675	-0.0739583	-0.0804167	-0.086875	-0.0933333	-0.0997917	-0.10625	-0.112708	-0.119167	-0.125625	-0.132083	-0.138542	-0.145	-0.151458	-0.157917	-0.164375	-0.164167	-0.163958	-0.16375	-0.163542	-0.163333	-0.163125	-0.162917	-0.162708	-0.1625	-0.162292	-0.162083	-0.161875	-0.161667	-0.161458	-0.16125	-0.161042	-0.160833	-0.160625	-0.160417	-0.160208	-0.16	-0.159792	-0.159583	-0.159375	-0.159167	-0.158958	-0.15875	-0.158542	-0.158333	-0.158125	-0.157917	-0.157708	-0.1575	-0.157292	-0.157083	-0.156875	-0.156667	-0.156458	-0.15625	-0.156042	-0.155833	-0.155625	-0.155417	-0.155208	-0.155	-0.154792	-0.154583	-0.154375	-0.154167	-0.153958	-0.15375	-0.153542	-0.153333	-0.153125	-0.152917	-0.152708	-0.1525	-0.152292	-0.152083	-0.151875	-0.151667	-0.151458	-0.15125	-0.151042	-0.150833	-0.150625	-0.150417	-0.150208	-0.15	-0.149792	-0.149583	-0.149375	-0.149167	-0.148958	-0.14875	-0.148542	-0.148333	-0.148125	-0.147917	-0.147708	-0.1475	-0.147292	-0.147083	-0.146875	-0.146667	-0.146458	-0.14625	-0.146042	-0.145833	-0.145625	-0.145417	-0.145208	-0.145	-0.144792	-0.144583	-0.144375	-0.144167	-0.143958	-0.14375	-0.143542	-0.143333	-0.143125	-0.142917	-0.142708	-0.1425	-0.142292	-0.142083	-0.141875	-0.141667	-0.141458	-0.14125	-0.141042	-0.140833	-0.140625	-0.140417	-0.140208	-0.14	-0.139792	-0.139583	-0.139375	-0.139167	-0.138958	-0.13875	-0.138542	-0.138333	-0.138125	-0.137917	-0.137708	-0.1375	-0.137292	-0.137083	-0.136875	-0.136667	-0.136458	-0.13625	-0.136042	-0.135833	-0.135625	-0.135417	-0.135208	-0.135	-0.134792	-0.134583	-0.134375	-0.134167	-0.133958	-0.13375	-0.133542	-0.133333	-0.133125	-0.132917	-0.132708	-0.1325	-0.132292	-0.132083	-0.131875	-0.131667	-0.131458	-0.13125	-0.131042	-0.130833	-0.130625	-0.12375	-0.116875	-0.11	-0.103125	-0.09625	-0.089375	-0.0825	-0.075625	-0.06875	-0.061875	-0.055	-0.048125	-0.04125	-0.034375	-0.0275	-0.020625	-0.01375	-0.006875	0
0	-0.00645833	-0.0129167	-0.019375	-0.0258333	-0.0322917	-0.03875	-0.0452083	-0.0516667	-0.058125	-0.0645833	-0.0710417	-0.0775	-0.0839583	-0.0904167	-0.096875	-0.103333	-0.109792	-0.11625	-0.122708	-0.129167	-0.135625	-0.134271	-0.132917	-0.131562	-0.130208	-0.128854	-0.1275	-0.126146	-0.124792	-0.123438	-0.122083	-0.120729	-0.119375	-0.118021	-0.116667	-0.115313	-0.113958	-0.112604	-0.11125	-0.109896	-0.108542	-0.107187	-0.105833	-0.104479	-0.103125	-0.101771	-0.100417	-0.0990625	-0.0977083	-0.0963542	-0.095	-0.0936458	-0.0922917	-0.0909375	-0.0895833	-0.0882292	-0.086875	-0.0855208	-0.0841667	-0.0828125	-0.0814583	-0.0801042	-0.07875	-0.0773958	-0.0760417	-0.0746875	-0.0733333	-0.0719792	-0.070625	-0.0692708	-0.0679167	-0.0665625	-0.0652083	-0.0638542	-0.0625	-0.0611458	-0.0597917	-0.0584375	-0.0570833	-0.0557292	-0.054375	-0.0530208	-0.0516667	-0.0503125	-0.0489583	-0.0476042	-0.04625	-0.0448958	-0.0435417	-0.0421875	-0.0408333	-0.0394792	-0.038125	-0.0367708	-0.0354167	-0.0340625	-0.0327083	-0.0313542	-0.03	-0.0286458	-0.0272917	-0.0259375	-0.0245833	-0.0232292	-0.021875	-0.0205208	-0.0191667	-0.0178125	-0.0164583	-0.0151042	-0.01375	-0.0123958	-0.0110417	-0.0096875	-0.00833333	-0.00697917	-0.005625	-0.00427083	-0.00291667	-0.0015625	-0.000208333	0.00114583	0.0025	0.00385417	0.00520833	0.0065625	0.00791667	0.00927083	0.010625	0.0119792	0.0133333	0.0146875	0.0160417	0.0173958	0.01875	0.0201042	0.0214583	0.0228125	0.0241667	0.0255208	0.026875	0.0282292	0.0295833	0.0309375	0.0322917	0.0336458	0.035	0.0363542	0.0377083	0.0390625	0.0404167	0.0417708	0.043125	0.0444792	0.0458333	0.0471875	0.0485417	0.0498958	0.05125	0.0526042	0.0539583	0.0553125	0.0566667	0.0580208	0.059375	0.0607292	0.0620833	0.0634375	0.0647917	0.0661458	0.0675	0.0688542	0.0702083	0.0715625	0.0729167	0.0742708	0.075625	0.0769792	0.0783333	0.0796875	0.0810417	0.0745833	0.068125	0.0616667	0.0552083	0.04875	0.0422917	0.0358333	0.029375	0.0229167	0.0164583	0.01	0.00354167	-0.00291667	-0.009375	-0.0158333	-0.0222917	-0.02875	-0.0352083	-0.035	-0.0347917	-0.0345833	-0.034375	-0.0341667	-0.0339583	-0.03375	-0.0335417	-0.0333333	-0.033125	-0.0329167	-0.0327083	-0.0325	-0.0322917	-0.0320833	-0.031875	-0.0316667	-0.0314583	-0.03125	-0.0310417	-0.0308333	-0.030625	-0.0304167	-0.0302083	-0.03	-0.0297917	-0.0295833	-0.029375	-0.0291667	-0.0289583	-0.02875	-0.0285417	-0.0283333	-0.028125	-0.0279167	-0.0277083	-0.0275	-0.0272917	-0.0270833	-0.026875	-0.0266667	-0.0264583	-0.02625	-0.0260417	-0.0258333	-0.025625	-0.0254167	-0.0252083	-0.025	-0.0247917	-0.0245833	-0.024375	-0.0241667	-0.0239583	-0.02375	-0.0235417	-0.0233333	-0.023125	-0.0229167	-0.0227083	-0.0225	-0.0222917	-0.0220833	-0.021875	-0.0216667	-0.0214583	-0.02125	-0.0210417	-0.0208333	-0.020625	-0.0204167	-0.0202083	-0.02	-0.0197917	-0.0195833	-0.019375	-0.0191667	-0.0189583	-0.01875	-0.0185417	-0.0183333	-0.018125	-0.0179167	-0.0177083	-0.0175	-0.0172917	-0.0170833	-0.016875	-0.0166667	-0.0164583	-0.01625	-0.0160417	-0.0158333	-0.015625	-0.0154167	-0.0152083	-0.015	-0.0147917	-0.0145833	-0.014375	-0.0141667	-0.0139583	-0.01375	-0.0135417	-0.0133333	-0.013125	-0.0129167	-0.0127083	-0.0125	-0.0122917	-0.0120833	-0.011875	-0.0116667	-0.0114583	-0.01125	-0.0110417	-0.0108333	-0.010625	-0.0104167	-0.0102083	-0.01	-0.00979167	-0.00958333	-0.009375	-0.00916667	-0.00895833	-0.00875	-0.00854167	-0.00833333	-0.008125	-0.00791667	-0.00770833	-0.0075	-0.00729167	-0.00708333	-0.006875	-0.00666667	-0.00645833	-0.00625	-0.00604167	-0.00583333	-0.005625	-0.00541667	-0.00520833	-0.005	-0.00479167	-0.00458333	-0.004375	-0.00416667	-0.00395833	-0.00375	-0.00354167	-0.00333333	-0.003125	-0.00291667	-0.00270833	-0.0025	-0.00229167	-0.00208333	-0.001875	-0.00166667	-0.00145833	-0.00125	-0.00104167	-0.000833333	-0.000625	-0.000416667	-0.000208333	-1.249e-16	0.000208333	0.000416667	0.000625	0.000833333	0.00104167	0.00125	0.00145833	0.00166667	0.001875	0.00208333	0.00229167	0.0025	0.00270833	0.00291667	0.003125	0.00333333	0.00354167	0.00375	0.00395833	0.00416667	0.004375	0.00458333	0.00479167	0.005	0.00520833	0.00541667	0.005625	0.00583333	0.00604167	0.00625	0.00645833	0
0	-0.00645833	-0.0129167	-0.019375	-0.0258333	-0.0322917	-0.03875	-0.0452083	-0.0516667	-0.058125	-0.0645833	-0.0710417	-0.0775	-0.0839583	-0.0904167	-0.096875	-0.103333	-0.109792	-0.11625	-0.122708	-0.129167	-0.135625	-0.142083	-0.148542	-0.155	-0.161458	-0.167917	-0.174375	-0.180833	-0.187292	-0.19375	-0.200208	-0.206667	-0.213125	-0.219583	-0.226042	-0.2325	-0.238958	-0.245417	-0.251875	-0.258333	-0.264792	-0.263437	-0.262083	-0.260729	-0.259375	-0.258021	-0.256667	-0.255312	-0.253958	-0.252604	-0.25125	-0.249896	-0.248542	-0.247188	-0.245833	-0.244479	-0.243125	-0.241771	-0.240417	-0.239063	-0.237708	-0.236354	-0.235	-0.233646	-0.232292	-0.230938	-0.229583	-0.228229	-0.226875	-0.225521	-0.224167	-0.222812	-0.221458	-0.220104	-0.21875	-0.217396	-0.216042	-0.214688	-0.213333	-0.211979	-0.210625	-0.209271	-0.207917	-0.206563	-0.205208	-0.203854	-0.2025	-0.201146	-0.199792	-0.198438	-0.197083	-0.195729	-0.194375	-0.193021	-0.191667	-0.190313	-0.188958	-0.187604	-0.18625	-0.184896	-0.183542	-0.182188	-0.180833	-0.179479	-0.178125	-0.176771	-0.175417	-0.174063	-0.172708	-0.171354	-0.17	-0.168646	-0.167292	-0.165938	-0.164583	-0.163229	-0.161875	-0.160521	-0.159167	-0.157813	-0.156458	-0.155104	-0.15375	-0.152396	-0.151042	-0.149688	-0.148333	-0.146979	-0.145625	-0.144271	-0.142917	-0.141563	-0.140208	-0.138854	-0.1375	-0.136146	-0.134792	-0.133438	-0.132083	-0.130729	-0.129375	-0.128021	-0.126667	-0.125313	-0.123958	-0.122604	-0.12125	-0.119896	-0.118542	-0.117188	-0.115833	-0.114479	-0.113125	-0.111771	-0.110417	-0.109063	-0.107708	-0.106354	-0.105	-0.103646	-0.102292	-0.100938	-0.0995833	-0.0982292	-0.096875	-0.0955208	-0.0941667	-0.0928125	-0.0914583	-0.0901042	-0.08875	-0.0873958	-0.0860417	-0.0846875	-0.0833333	-0.0819792	-0.080625	-0.0792708	-0.0779167	-0.0698958	-0.061875	-0.0538542	-0.0458333	-0.0378125	-0.0297917	-0.0217708	-0.01375	-0.00572917	0.00229167	0.0103125	0.0183333	0.0263542	0.034375	0.0423958	0.0504167	0.0584375	0.0664583	0.0744792	0.0825	0.0905208	0.0985417	0.09875	0.0989583	0.0991667	0.099375	0.0995833	0.0997917	0.1	0.100208	0.100417	0.100625	0.100833	0.101042	0.10125	0.101458	0.101667	0.101875	0.102083	0.102292	0.1025	0.102708	0.102917	0.103125	0.103333	0.103542	0.10375	0.103958	0.104167	0.104375	0.104583	0.104792	0.105	0.105208	0.105417	0.105625	0.105833	0.106042	0.10625	0.106458	0.106667	0.106875	0.107083	0.107292	0.1075	0.107708	0.107917	0.108125	0.108333	0.108542	0.10875	0.108958	0.109167	0.109375	0.109583	0.109792	0.11	0.110208	0.110417	0.110625	0.110833	0.111042	0.11125	0.111458	0.111667	0.111875	0.112083	0.112292	0.1125	0.112708	0.112917	0.113125	0.113333	0.113542	0.11375	0.113958	0.114167	0.114375	0.114583	0.114792	0.115	0.115208	0.115417	0.115625	0.115833	0.116042	0.11625	0.116458	0.116667	0.116875	0.117083	0.117292	0.1175	0.117708	0.117917	0.118125	0.118333	0.118542	0.11875	0.118958	0.119167	0.119375	0.119583	0.119792	0.12	0.120208	0.120417	0.120625	0.120833	0.121042	0.12125	0.121458	0.121667	0.121875	0.122083	0.122292	0.1225	0.122708	0.122917	0.123125	0.123333	0.123542	0.12375	0.123958	0.124167	0.124375	0.124583	0.124792	0.125	0.125208	0.125417	0.125625	0.125833	0.126042	0.12625	0.126458	0.126667	0.126875	0.127083	0.127292	0.1275	0.127708	0.127917	0.128125	0.128333	0.128542	0.12875	0.128958	0.129167	0.129375	0.129583	0.129792	0.13	0.130208	0.130417	0.130625	0.130833	0.131042	0.13125	0.131458	0.131667	0.131875	0.132083	0.132292	0.1325	0.132708	0.132917	0.133125	0.133333	0.133542	0.13375	0.133958	0.134167	0.134375	0.134583	0.134792	0.135	0.135208	0.135417	0.135625	0.129167	0.122708	0.11625	0.109792	0.103333	0.096875	0.0904167	0.0839583	0.0775	0.0710417	0.0645833	0.058125	0.0516667	0.0452083	0.03875	0.0322917	0.0258333	0.019375	0.0129167	0.00645833	0
0	-0.00645833	-0.0129167	-0.019375	-0.0258333	-0.0322917	-0.03875	-0.0452083	-0.0516667	-0.058125	-0.0645833	-0.0710417	-0.0775	-0.0839583	-0.0904167	-0.096875	-0.103333	-0.109792	-0.11625	-0.122708	-0.129167	-0.135625	-0.142083	-0.148542	-0.155	-0.161458	-0.167917	-0.174375	-0.180833	-0.187292	-0.19375	-0.200208	-0.206667	-0.213125	-0.219583	-0.226042	-0.2325	-0.238958	-0.245417	-0.251875	-0.258333	-0.264792	-0.27125	-0.277708	-0.284167	-0.290625	-0.297083	-0.303542	-0.31	-0.316458	-0.322917	-0.329375	-0.335833	-0.342292	-0.34875	-0.355208	-0.361667	-0.368125	-0.374583	-0.381042	-0.3875	-0.393958	-0.392604	-0.39125	-0.389896	-0.388542	-0.387187	-0.385833	-0.384479	-0.383125	-0.381771	-0.380417	-0.379063	-0.377708	-0.376354	-0.375	-0.373646	-0.372292	-0.370938	-0.369583	-0.368229	-0.366875	-0.365521	-0.364167	-0.362812	-0.361458	-0.360104	-0.35875	-0.357396	-0.356042	-0.354687	-0.353333	-0.351979	-0.350625	-0.349271	-0.347917	-0.346562	-0.345208	-0.343854	-0.3425	-0.341146	-0.339792	-0.338438	-0.337083	-0.335729	-0.334375	-0.333021	-0.331667	-0.330313	-0.328958	-0.327604	-0.32625	-0.324896	-0.323542	-0.322188	-0.320833	-0.319479	-0.318125	-0.316771	-0.315417	-0.314063	-0.312708	-0.311354	-0.31	-0.308646	-0.307292	-0.305938	-0.304583	-0.303229	-0.301875	-0.300521	-0.299167	-0.297813	-0.296458	-0.295104	-0.29375	-0.292396	-0.291042	-0.289688	-0.288333	-0.286979	-0.285625	-0.284271	-0.282917	-0.281563	-0.280208	-0.278854	-0.2775	-0.276146	-0.274792	-0.273438	-0.272083	-0.270729	-0.269375	-0.268021	-0.266667	-0.265313	-0.263958	-0.262604	-0.26125	-0.253229	-0.245208	-0.237188	-0.229167	-0.221146	-0.213125	-0.205104	-0.197083	-0.189063	-0.181042	-0.173021	-0.165	-0.156979	-0.148958	-0.140938	-0.132917	-0.124896	-0.116875	-0.108854	-0.100833	-0.0928125	-0.0847917	-0.0767708	-0.06875	-0.0607292	-0.0527083	-0.0446875	-0.0366667	-0.0286458	-0.020625	-0.0126042	-0.00458333	0.0034375	0.0114583	0.0194792	0.0275	0.0355208	0.0435417	0.0515625	0.0595833	0.0676042	0.075625	0.0836458	0.0916667	0.0996875	0.107708	0.115729	0.12375	0.131771	0.139792	0.147812	0.155833	0.163854	0.171875	0.179896	0.187917	0.195937	0.203958	0.211979	0.22	0.228021	0.236042	0.23625	0.236458	0.236667	0.236875	0.237083	0.237292	0.2375	0.237708	0.237917	0.238125	0.238333	0.238542	0.23875	0.238958	0.239167	0.239375	0.239583	0.239792	0.24	0.240208	0.240417	0.240625	0.240833	0.241042	0.24125	0.241458	0.241667	0.241875	0.242083	0.242292	0.2425	0.242708	0.242917	0.243125	0.243333	0.243542	0.24375	0.243958	0.244167	0.244375	0.244583	0.244792	0.245	0.245208	0.245417	0.245625	0.245833	0.246042	0.24625	0.246458	0.246667	0.246875	0.247083	0.247292	0.2475	0.247708	0.247917	0.248125	0.248333	0.248542	0.24875	0.248958	0.249167	0.249375	0.249583	0.249792	0.25	0.250208	0.250417	0.250625	0.250833	0.251042	0.25125	0.251458	0.251667	0.251875	0.252083	0.252292	0.2525	0.252708	0.252917	0.253125	0.253333	0.253542	0.25375	0.253958	0.254167	0.254375	0.254583	0.254792	0.255	0.255208	0.255417	0.255625	0.255833	0.256042	0.25625	0.256458	0.256667	0.256875	0.257083	0.257292	0.2575	0.257708	0.257917	0.258125	0.258333	0.258542	0.25875	0.258958	0.259167	0.259375	0.259583	0.259792	0.26	0.260208	0.260417	0.260625	0.260833	0.261042	0.26125	0.261458	0.261667	0.261875	0.262083	0.262292	0.2625	0.262708	0.262917	0.263125	0.263333	0.263542	0.26375	0.263958	0.264167	0.264375	0.264583	0.264792	0.258333	0.251875	0.245417	0.238958	0.2325	0.226042	0.219583	0.213125	0.206667	0.200208	0.19375	0.187292	0.180833	0.174375	0.167917	0.161458	0.155	0.148542	0.142083	0.135625	0.129167	0.122708	0.11625	0.109792	0.103333	0.096875	0.0904167	0.0839583	0.0775	0.0710417	0.0645833	0.058125	0.0516667	0.0452083	0.03875	0.0322917	0.0258333	0.019375	0.0129167	0.00645833	0
0	-0.00645833	-0.0129167	-0.019375	-0.0258333	-0.0322917	-0.03875	-0.0452083	-0.0516667	-0.058125	-0.0645833	-0.0710417	-0.0775	-0.0839583	-0.0904167	-0.096875	-0.103333	-0.109792	-0.11625	-0.122708	-0.129167	-0.135625	-0.142083	-0.148542	-0.155	-0.161458	-0.167917	-0.174375	-0.180833	-0.187292	-0.19375	-0.200208	-0.206667	-0.213125	-0.219583	-0.226042	-0.2325	-0.238958	-0.245417	-0.251875	-0.258333	-0.264792	-0.27125	-0.277708	-0.284167	-0.290625	-0.297083	-0.303542	-0.31	-0.316458	-0.322917	-0.329375	-0.335833	-0.342292	-0.34875	-0.355208	-0.361667	-0.368125	-0.374583	-0.381042	-0.3875	-0.393958	-0.400417	-0.406875	-0.413333	-0.419792	-0.42625	-0.432708	-0.439167	-0.445625	-0.452083	-0.458542	-0.465	-0.471458	-0.477917	-0.484375	-0.490833	-0.497292	-0.50375	-0.510208	-0.516667	-0.523125	-0.521771	-0.520417	-0.519062	-0.517708	-0.516354	-0.515	-0.513646	-0.512292	-0.510937	-0.509583	-0.508229	-0.506875	-0.505521	-0.504167	-0.502812	-0.501458	-0.500104	-0.49875	-0.497396	-0.496042	-0.494687	-0.493333	-0.491979	-0.490625	-0.489271	-0.487917	-0.486562	-0.485208	-0.483854	-0.4825	-0.481146	-0.479792	-0.478437	-0.477083	-0.475729	-0.474375	-0.473021	-0.471667	-0.470312	-0.468958	-0.467604	-0.46625	-0.464896	-0.463542	-0.462187	-0.460833	-0.459479	-0.458125	-0.456771	-0.455417	-0.454063	-0.452708	-0.451354	-0.45	-0.448646	-0.447292	-0.445938	-0.444583	-0.436563	-0.428542	-0.420521	-0.4125	-0.404479	-0.396458	-0.388438	-0.380417	-0.372396	-0.364375	-0.356354	-0.348333	-0.340313	-0.332292	-0.324271	-0.31625	-0.308229	-0.300208	-0.292188	-0.284167	-0.276146	-0.268125	-0.260104	-0.252083	-0.244063	-0.236042	-0.228021	-0.22	-0.211979	-0.203958	-0.195938	-0.187917	-0.179896	-0.171875	-0.163854	-0.155833	-0.147813	-0.139792	-0.131771	-0.12375	-0.115729	-0.107708	-0.0996875	-0.0916667	-0.0836458	-0.075625	-0.0676042	-0.0595833	-0.0515625	-0.0435417	-0.0355208	-0.0275	-0.0194792	-0.0114583	-0.0034375	0.00458333	0.0126042	0.020625	0.0286458	0.0366667	0.0446875	0.0527083	0.0607292	0.06875	0.0767708	0.0847917	0.0928125	0.100833	0.108854	0.116875	0.124896	0.132917	0.140937	0.148958	0.156979	0.165	0.173021	0.181042	0.189062	0.197083	0.205104	0.213125	0.221146	0.229167	0.237187	0.245208	0.253229	0.26125	0.269271	0.277292	0.285312	0.293333	0.301354	0.309375	0.317396	0.325417	0.333437	0.341458	0.349479	0.3575	0.365521	0.373542	0.37375	0.373958	0.374167	0.374375	0.374583	0.374792	0.375	0.375208	0.375417	0.375625	0.375833	0.376042	0.37625	0.376458	0.376667	0.376875	0.377083	0.377292	0.3775	0.377708	0.377917	0.378125	0.378333	0.378542	0.37875	0.378958	0.379167	0.379375	0.379583	0.379792	0.38	0.380208	0.380417	0.380625	0.380833	0.381042	0.38125	0.381458	0.381667	0.381875	0.382083	0.382292	0.3825	0.382708	0.382917	0.383125	0.383333	0.383542	0.38375	0.383958	0.384167	0.384375	0.384583	0.384792	0.385	0.385208	0.385417	0.385625	0.385833	0.386042	0.38625	0.386458	0.386667	0.386875	0.387083	0.387292	0.3875	0.387708	0.387917	0.388125	0.388333	0.388542	0.38875	0.388958	0.389167	0.389375	0.389583	0.389792	0.39	0.390208	0.390417	0.390625	0.390833	0.391042	0.39125	0.391458	0.391667	0.391875	0.392083	0.392292	0.3925	0.392708	0.392917	0.393125	0.393333	0.393542	0.39375	0.393958	0.3875	0.381042	0.374583	0.368125	0.361667	0.355208	0.34875	0.342292	0.335833	0.329375	0.322917	0.316458	0.31	0.303542	0.297083	0.290625	0.284167	0.277708	0.27125	0.264792	0.258333	0.251875	0.245417	0.238958	0.2325	0.226042	0.219583	0.213125	0.206667	0.200208	0.19375	0.187292	0.180833	0.174375	0.167917	0.161458	0.155	0.148542	0.142083	0.135625	0.129167	0.122708	0.11625	0.109792	0.103333	0.096875	0.0904167	0.0839583	0.0775	0.0710417	0.0645833	0.058125	0.0516667	0.0452083	0.03875	0.0322917	0.0258333	0.019375	0.0129167	0.00645833	0
0	-0.00645833	-0.0129167	-0.019375	-0.0258333	-0.0322917	-0.03875	-0.0452083	-0.0516667	-0.058125	-0.0645833	-0.0710417	-0.0775	-0.0839583	-0.0904167	-0.096875	-0.103333	-0.109792	-0.11625	-0.122708	-0.129167	-0.135625	-0.142083	-0.148542	-0.155	-0.161458	-0.167917	-0.174375	-0.180833	-0.187292	-0.19375	-0.200208	-0.206667	-0.213125	-0.219583	-0.226042	-0.2325	-0.238958	-0.245417	-0.251875	-0.258333	-0.264792	-0.27125	-0.277708	-0.284167	-0.290625	-0.297083	-0.303542	-0.31	-0.316458	-0.322917	-0.329375	-0.335833	-0.342292	-0.34875	-0.355208	-0.361667	-0.368125	-0.374583	-0.381042	-0.3875	-0.393958	-0.400417	-0.406875	-0.413333	-0.419792	-0.42625	-0.432708	-0.439167	-0.445625	-0.452083	-0.458542	-0.465	-0.471458	-0.477917	-0.484375	-0.490833	-0.497292	-0.50375	-0.510208	-0.516667	-0.523125	-0.529583	-0.536042	-0.5425	-0.548958	-0.555417	-0.561875	-0.568333	-0.574792	-0.58125	-0.587708	-0.594167	-0.600625	-0.607083	-0.613542	-0.62	-0.626458	-0.632917	-0.639375	-0.645833	-0.652292	-0.650937	-0.649583	-0.648229	-0.646875	-0.645521	-0.644167	-0.642812	-0.641458	-0.640104	-0.63875	-0.637396	-0.636042	-0.634688	-0.633333	-0.631979	-0.630625	-0.629271	-0.627917	-0.619896	-0.611875	-0.603854	-0.595833	-0.587813	-0.579792	-0.571771	-0.56375	-0.555729	-0.547708	-0.539687	-0.531667	-0.523646	-0.515625	-0.507604	-0.499583	-0.491563	-0.483542	-0.475521	-0.4675	-0.459479	-0.451458	-0.443438	-0.435417	-0.427396	-0.419375	-0.411354	-0.403333	-0.395313	-0.387292	-0.379271	-0.37125	-0.363229	-0.355208	-0.347188	-0.339167	-0.331146	-0.323125	-0.315104	-0.307083	-0.299063	-0.291042	-0.283021	-0.275	-0.266979	-0.258958	-0.250938	-0.242917	-0.234896	-0.226875	-0.218854	-0.210833	-0.202813	-0.194792	-0.186771	-0.17875	-0.170729	-0.162708	-0.154688	-0.146667	-0.138646	-0.130625	-0.122604	-0.114583	-0.106563	-0.0985417	-0.0905208	-0.0825	-0.0744792	-0.0664583	-0.0584375	-0.0504167	-0.0423958	-0.034375	-0.0263542	-0.0183333	-0.0103125	-0.00229167	0.00572917	0.01375	0.0217708	0.0297917	0.0378125	0.0458333	0.0538542	0.061875	0.0698958	0.0779167	0.0859375	0.0939583	0.101979	0.11	0.118021	0.126042	0.134062	0.142083	0.150104	0.158125	0.166146	0.174167	0.182187	0.190208	0.198229	0.20625	0.214271	0.222292	0.230312	0.238333	0.246354	0.254375	0.262396	0.270417	0.278437	0.286458	0.294479	0.3025	0.310521	0.318542	0.326562	0.334583	0.342604	0.350625	0.358646	0.366667	0.374687	0.382708	0.390729	0.39875	0.406771	0.414792	0.422812	0.430833	0.438854	0.446875	0.454896	0.462917	0.470937	0.478958	0.486979	0.495	0.503021	0.511042	0.51125	0.511458	0.511667	0.511875	0.512083	0.512292	0.5125	0.512708	0.512917	0.513125	0.513333	0.513542	0.51375	0.513958	0.514167	0.514375	0.514583	0.514792	0.515	0.515208	0.515417	0.515625	0.515833	0.516042	0.51625	0.516458	0.516667	0.516875	0.517083	0.517292	0.5175	0.517708	0.517917	0.518125	0.518333	0.518542	0.51875	0.518958	0.519167	0.519375	0.519583	0.519792	0.52	0.520208	0.520417	0.520625	0.520833	0.521042	0.52125	0.521458	0.521667	0.521875	0.522083	0.522292	0.5225	0.522708	0.522917	0.523125	0.516667	0.510208	0.50375	0.497292	0.490833	0.484375	0.477917	0.471458	0.465	0.458542	0.452083	0.445625	0.439167	0.432708	0.42625	0.419792	0.413333	0.406875	0.400417	0.393958	0.3875	0.381042	0.374583	0.368125	0.361667	0.355208	0.34875	0.342292	0.335833	0.329375	0.322917	0.316458	0.31	0.303542	0.297083	0.290625	0.284167	0.277708	0.27125	0.264792	0.258333	0.251875	0.245417	0.238958	0.2325	0.226042	0.219583	0.213125	0.206667	0.200208	0.19375	0.187292	0.180833	0.174375	0.167917	0.161458	0.155	0.148542	0.142083	0.135625	0.129167	0.122708	0.11625	0.109792	0.103333	0.096875	0.0904167	0.0839583	0.0775	0.0710417	0.0645833	0.058125	0.0516667	0.0452083	0.03875	0.0322917	0.0258333	0.019375	0.0129167	0.00645833	0
0	-0.00645833	-0.0129167	-0.019375	-0.0258333	-0.0322917	-0.03875	-0.0452083	-0.0516667	-0.058125	-0.0645833	-0.0710417	-0.0775	-0.0839583	-0.0904167	-0.096875	-0.103333	-0.109792	-0.11625	-0.122708	-0.129167	-0.135625	-0.142083	-0.148542	-0.155	-0.161458	-0.167917	-0.174375	-0.180833	-0.187292	-0.19375	-0.200208	-0.206667	-0.213125	-0.219583	-0.226042	-0.2325	-0.238958	-0.245417	-0.251875	-0.258333	-0.264792	-0.27125	-0.277708	-0.284167	-0.290625	-0.297083	-0.303542	-0.31	-0.316458	-0.322917	-0.329375	-0.335833	-0.342292	-0.34875	-0.355208	-0.361667	-0.368125	-0.374583	-0.381042	-0.3875	-0.393958	-0.400417	-0.406875	-0.413333	-0.419792	-0.42625	-0.432708	-0.439167	-0.445625	-0.452083	-0.458542	-0.465	-0.471458	-0.477917	-0.484375	-0.490833	-0.497292	-0.50375	-0.510208	-0.516667	-0.523125	-0.529583	-0.536042	-0.5425	-0.548958	-0.555417	-0.561875	-0.568333	-0.574792	-0.58125	-0.587708	-0.594167	-0.600625	-0.607083	-0.613542	-0.62	-0.626458	-0.632917	-0.639375	-0.639167	-0.638958	-0.63875	-0.638542	-0.638333	-0.638125	-0.637917	-0.637708	-0.6375	-0.637292	-0.637083	-0.636875	-0.636667	-0.636458	-0.63625	-0.636042	-0.635833	-0.635625	-0.635417	-0.635208	-0.635	-0.634792	-0.626771	-0.61875	-0.610729	-0.602708	-0.594688	-0.586667	-0.578646	-0.570625	-0.562604	-0.554583	-0.546563	-0.538542	-0.530521	-0.5225	-0.514479	-0.506458	-0.498438	-0.490417	-0.482396	-0.474375	-0.466354	-0.458333	-0.450313	-0.442292	-0.434271	-0.42625	-0.418229	-0.410208	-0.402187	-0.394167	-0.386146	-0.378125	-0.370104	-0.362083	-0.354063	-0.346042	-0.338021	-0.33	-0.321979	-0.313958	-0.305938	-0.297917	-0.289896	-0.281875	-0.273854	-0.265833	-0.257813	-0.249792	-0.241771	-0.23375	-0.225729	-0.217708	-0.209688	-0.201667	-0.193646	-0.185625	-0.177604	-0.169583	-0.161563	-0.153542	-0.145521	-0.1375	-0.129479	-0.121458	-0.113438	-0.105417	-0.0973958	-0.089375	-0.0813542	-0.0733333	-0.0653125	-0.0572917	-0.0492708	-0.04125	-0.0332292	-0.0252083	-0.0171875	-0.00916667	-0.00114583	0.006875	0.0148958	0.0229167	0.0309375	0.0389583	0.0469792	0.055	0.0630208	0.0710417	0.0790625	0.0870833	0.0951042	0.103125	0.111146	0.119167	0.127187	0.135208	0.143229	0.15125	0.159271	0.167292	0.175312	0.183333	0.191354	0.199375	0.207396	0.215417	0.223437	0.231458	0.239479	0.2475	0.255521	0.263542	0.271562	0.279583	0.287604	0.295625	0.303646	0.311667	0.319687	0.327708	0.335729	0.34375	0.351771	0.359792	0.367812	0.375833	0.383854	0.391875	0.399896	0.407917	0.415937	0.423958	0.431979	0.44	0.448021	0.456042	0.464062	0.472083	0.480104	0.488125	0.496146	0.504167	0.512187	0.520208	0.528229	0.53625	0.544271	0.552292	0.560312	0.568333	0.576354	0.584375	0.592396	0.600417	0.608438	0.616458	0.624479	0.6325	0.640521	0.648542	0.64875	0.648958	0.649167	0.649375	0.649583	0.649792	0.65	0.650208	0.650417	0.650625	0.650833	0.651042	0.65125	0.651458	0.651667	0.651875	0.652083	0.652292	0.645833	0.639375	0.632917	0.626458	0.62	0.613542	0.607083	0.600625	0.594167	0.587708	0.58125	0.574792	0.568333	0.561875	0.555417	0.548958	0.5425	0.536042	0.529583	0.523125	0.516667	0.510208	0.50375	0.497292	0.490833	0.484375	0.477917	0.471458	0.465	0.458542	0.452083	0.445625	0.439167	0.432708	0.42625	0.419792	0.413333	0.406875	0.400417	0.393958	0.3875	0.381042	0.374583	0.368125	0.361667	0.355208	0.34875	0.342292	0.335833	0.329375	0.322917	0.316458	0.31	0.303542	0.297083	0.290625	0.284167	0.277708	0.27125	0.264792	0.258333	0.251875	0.245417	0.238958	0.2325	0.226042	0.219583	0.213125	0.206667	0.200208	0.19375	0.187292	0.180833	0.174375	0.167917	0.161458	0.155	0.148542	0.142083	0.135625	0.129167	0.122708	0.11625	0.109792	0.103333	0.096875	0.0904167	0.0839583	0.0775	0.0710417	0.0645833	0.058125	0.0516667	0.0452083	0.03875	0.0322917	0.0258333	0.019375	0.0129167	0.00645833	0
0	-0.00645833	-0.0129167	-0.019375	-0.0258333	-0.0322917	-0.03875	-0.0452083	-0.0516667	-0.058125	-0.0645833	-0.0710417	-0.0775	-0.0839583	-0.0904167	-0.096875	-0.103333	-0.109792	-0.11625	-0.122708	-0.129167	-0.135625	-0.142083	-0.148542	-0.155	-0.161458	-0.167917	-0.174375	-0.180833	-0.187292	-0.19375	-0.200208	-0.206667	-0.213125	-0.219583	-0.226042	-0.2325	-0.238958	-0.245417	-0.251875	-0.258333	-0.264792	-0.27125	-0.277708	-0.284167	-0.290625	-0.297083	-0.303542	-0.31	-0.316458	-0.322917	-0.329375	-0.335833	-0.342292	-0.34875	-0.355208	-0.361667	-0.368125	-0.374583	-0.381042	-0.3875	-0.393958	-0.400417	-0.406875	-0.413333	-0.419792	-0.42625	-0.432708	-0.439167	-0.445625	-0.452083	-0.458542	-0.465	-0.471458	-0.477917	-0.484375	-0.490833	-0.497292	-0.50375	-0.510208	-0.51	-0.509792	-0.509583	-0.509375	-0.509167	-0.508958	-0.50875	-0.508542	-0.508333	-0.508125	-0.507917	-0.507708	-0.5075	-0.507292	-0.507083	-0.506875	-0.506667	-0.506458	-0.50625	-0.506042	-0.505833	-0.505625	-0.505417	-0.505208	-0.505	-0.504792	-0.504583	-0.504375	-0.504167	-0.503958	-0.50375	-0.503542	-0.503333	-0.503125	-0.502917	-0.502708	-0.5025	-0.502292	-0.502083	-0.501875	-0.501667	-0.501458	-0.50125	-0.501042	-0.500833	-0.500625	-0.500417	-0.500208	-0.5	-0.499792	-0.499583	-0.499375	-0.499167	-0.498958	-0.49875	-0.498542	-0.498333	-0.498125	-0.497917	-0.497708	-0.4975	-0.497292	-0.489271	-0.48125	-0.473229	-0.465208	-0.457188	-0.449167	-0.441146	-0.433125	-0.425104	-0.417083	-0.409063	-0.401042	-0.393021	-0.385	-0.376979	-0.368958	-0.360938	-0.352917	-0.344896	-0.336875	-0.328854	-0.320833	-0.312813	-0.304792	-0.296771	-0.28875	-0.280729	-0.272708	-0.264688	-0.256667	-0.248646	-0.240625	-0.232604	-0.224583	-0.216563	-0.208542	-0.200521	-0.1925	-0.184479	-0.176458	-0.168438	-0.160417	-0.152396	-0.144375	-0.136354	-0.128333	-0.120313	-0.112292	-0.104271	-0.09625	-0.0882292	-0.0802083	-0.0721875	-0.0641667	-0.0561458	-0.048125	-0.0401042	-0.0320833	-0.0240625	-0.0160417	-0.00802083	-6.66134e-16	0.00802083	0.0160417	0.0240625	0.0320833	0.0401042	0.048125	0.0561458	0.0641667	0.0721875	0.0802083	0.0882292	0.09625	0.104271	0.112292	0.120312	0.128333	0.136354	0.144375	0.152396	0.160417	0.168437	0.176458	0.184479	0.1925	0.200521	0.208542	0.216562	0.224583	0.232604	0.240625	0.248646	0.256667	0.264687	0.272708	0.280729	0.28875	0.296771	0.304792	0.312812	0.320833	0.328854	0.336875	0.344896	0.352917	0.360937	0.368958	0.376979	0.385	0.393021	0.401042	0.409063	0.417083	0.425104	0.433125	0.441146	0.449167	0.457188	0.465208	0.473229	0.48125	0.489271	0.497292	0.505313	0.513333	0.521354	0.529375	0.537396	0.545417	0.553438	0.561458	0.569479	0.5775	0.585521	0.593542	0.601563	0.609583	0.610938	0.612292	0.613646	0.615	0.616354	0.617708	0.619063	0.620417	0.621771	0.623125	0.624479	0.625833	0.627188	0.628542	0.629896	0.63125	0.632604	0.633958	0.635313	0.636667	0.638021	0.639375	0.632917	0.626458	0.62	0.613542	0.607083	0.600625	0.594167	0.587708	0.58125	0.574792	0.568333	0.561875	0.555417	0.548958	0.5425	0.536042	0.529583	0.523125	0.516667	0.510208	0.50375	0.497292	0.490833	0.484375	0.477917	0.471458	0.465	0.458542	0.452083	0.445625	0.439167	0.432708	0.42625	0.419792	0.413333	0.406875	0.400417	0.393958	0.3875	0.381042	0.374583	0.368125	0.361667	0.355208	0.34875	0.342292	0.335833	0.329375	0.322917	0.316458	0.31	0.303542	0.297083	0.290625	0.284167	0.277708	0.27125	0.264792	0.258333	0.251875	0.245417	0.238958	0.2325	0.226042	0.219583	0.213125	0.206667	0.200208	0.19375	0.187292	0.180833	0.174375	0.167917	0.161458	0.155	0.148542	0.142083	0.135625	0.129167	0.122708	0.11625	0.109792	0.103333	0.096875	0.0904167	0.0839583	0.0775	0.0710417	0.0645833	0.058125	0.0516667	0.0452083	0.03875	0.0322917	0.0258333	0.019375	0.0129167	0.00645833	0
0	-0.00645833	-0.0129167	-0.019375	-0.0258333	-0.0322917	-0.03875	-0.0452083	-0.0516667	-0.058125	-0.0645833	-0.0710417	-0.0775	-0.0839583	-0.0904167	-0.096875	-0.103333	-0.109792	-0.11625	-0.122708	-0.129167	-0.135625	-0.142083	-0.148542	-0.155	-0.161458	-0.167917	-0.174375	-0.180833	-0.187292	-0.19375	-0.200208	-0.206667	-0.213125	-0.219583	-0.226042	-0.2325	-0.238958	-0.245417	-0.251875	-0.258333	-0.264792	-0.27125	-0.277708	-0.284167	-0.290625	-0.297083	-0.303542	-0.31	-0.316458	-0.322917	-0.329375	-0.335833	-0.342292	-0.34875	-0.355208	-0.361667	-0.368125	-0.374583	-0.381042	-0.380833	-0.380625	-0.380417	-0.380208	-0.38	-0.379792	-0.379583	-0.379375	-0.379167	-0.378958	-0.37875	-0.378542	-0.378333	-0.378125	-0.377917	-0.377708	-0.3775	-0.377292	-0.377083	-0.376875	-0.376667	-0.376458	-0.37625	-0.376042	-0.375833	-0.375625	-0.375417	-0.375208	-0.375	-0.374792	-0.374583	-0.374375	-0.374167	-0.373958	-0.37375	-0.373542	-0.373333	-0.373125	-0.372917	-0.372708	-0.3725	-0.372292	-0.372083	-0.371875	-0.371667	-0.371458	-0.37125	-0.371042	-0.370833	-0.370625	-0.370417	-0.370208	-0.37	-0.369792	-0.369583	-0.369375	-0.369167	-0.368958	-0.36875	-0.368542	-0.368333	-0.368125	-0.367917	-0.367708	-0.3675	-0.367292	-0.367083	-0.366875	-0.366667	-0.366458	-0.36625	-0.366042	-0.365833	-0.365625	-0.365417	-0.365208	-0.365	-0.364792	-0.364583	-0.364375	-0.364167	-0.363958	-0.36375	-0.363542	-0.363333	-0.363125	-0.362917	-0.362708	-0.3625	-0.362292	-0.362083	-0.361875	-0.361667	-0.361458	-0.36125	-0.361042	-0.360833	-0.360625	-0.360417	-0.360208	-0.36	-0.359792	-0.351771	-0.34375	-0.335729	-0.327708	-0.319688	-0.311667	-0.303646	-0.295625	-0.287604	-0.279583	-0.271563	-0.263542	-0.255521	-0.2475	-0.239479	-0.231458	-0.223438	-0.215417	-0.207396	-0.199375	-0.191354	-0.183333	-0.175313	-0.167292	-0.159271	-0.15125	-0.143229	-0.135208	-0.127188	-0.119167	-0.111146	-0.103125	-0.0951042	-0.0870833	-0.0790625	-0.0710417	-0.0630208	-0.055	-0.0469792	-0.0389583	-0.0309375	-0.0229167	-0.0148958	-0.006875	0.00114583	0.00916667	0.0171875	0.0252083	0.0332292	0.04125	0.0492708	0.0572917	0.0653125	0.0733333	0.0813542	0.089375	0.0973958	0.105417	0.113437	0.121458	0.129479	0.1375	0.145521	0.153542	0.161562	0.169583	0.177604	0.185625	0.193646	0.201667	0.209687	0.217708	0.225729	0.23375	0.241771	0.249792	0.257813	0.265833	0.273854	0.281875	0.289896	0.297917	0.305938	0.313958	0.321979	0.33	0.338021	0.346042	0.354063	0.362083	0.370104	0.378125	0.386146	0.394167	0.402188	0.410208	0.418229	0.42625	0.427604	0.428958	0.430313	0.431667	0.433021	0.434375	0.435729	0.437083	0.438438	0.439792	0.441146	0.4425	0.443854	0.445208	0.446563	0.447917	0.449271	0.450625	0.451979	0.453333	0.454688	0.456042	0.457396	0.45875	0.460104	0.461458	0.462812	0.464167	0.465521	0.466875	0.468229	0.469583	0.470938	0.472292	0.473646	0.475	0.476354	0.477708	0.479063	0.480417	0.481771	0.483125	0.484479	0.485833	0.487188	0.488542	0.489896	0.49125	0.492604	0.493958	0.495313	0.496667	0.498021	0.499375	0.500729	0.502083	0.503438	0.504792	0.506146	0.5075	0.508854	0.510208	0.50375	0.497292	0.490833	0.484375	0.477917	0.471458	0.465	0.458542	0.452083	0.445625	0.439167	0.432708	0.42625	0.419792	0.413333	0.406875	0.400417	0.393958	0.3875	0.381042	0.374583	0.368125	0.361667	0.355208	0.34875	0.342292	0.335833	0.329375	0.322917	0.316458	0.31	0.303542	0.297083	0.290625	0.284167	0.277708	0.27125	0.264792	0.258333	0.251875	0.245417	0.238958	0.2325	0.226042	0.219583	0.213125	0.206667	0.200208	0.19375	0.187292	0.180833	0.174375	0.167917	0.161458	0.155	0.148542	0.142083	0.135625	0.129167	0.122708	0.11625	0.109792	0.103333	0.096875	0.0904167	0.0839583	0.0775	0.0710417	0.0645833	0.058125	0.0516667	0.0452083	0.03875	0.0322917	0.0258333	0.019375	0.0129167	0.00645833	0
0	-0.00645833	-0.0129167	-0.019375	-0.0258333	-0.0322917	-0.03875	-0.0452083	-0.0516667	-0.058125	-0.0645833	-0.0710417	-0.0775	-0.0839583	-0.0904167	-0.096875	-0.103333	-0.109792	-0.11625	-0.122708	-0.129167	-0.135625	-0.142083	-0.148542	-0.155	-0.161458	-0.167917	-0.174375	-0.180833	-0.187292	-0.19375	-0.200208	-0.206667	-0.213125	-0.219583	-0.226042	-0.2325	-0.238958	-0.245417	-0.251875	-0.251667	-0.251458	-0.25125	-0.251042	-0.250833	-0.250625	-0.250417	-0.250208	-0.25	-0.249792	-0.249583	-0.249375	-0.249167	-0.248958	-0.24875	-0.248542	-0.248333	-0.248125	-0.247917	-0.247708	-0.2475	-0.247292	-0.247083	-0.246875	-0.246667	-0.246458	-0.24625	-0.246042	-0.245833	-0.245625	-0.245417	-0.245208	-0.245	-0.244792	-0.244583	-0.244375	-0.244167	-0.243958	-0.24375	-0.243542	-0.243333	-0.243125	-0.242917	-0.242708	-0.2425	-0.242292	-0.242083	-0.241875	-0.241667	-0.241458	-0.24125	-0.241042	-0.240833	-0.240625	-0.240417	-0.240208	-0.24	-0.239792	-0.239583	-0.239375	-0.239167	-0.238958	-0.23875	-0.238542	-0.238333	-0.238125	-0.237917	-0.237708	-0.2375	-0.237292	-0.237083	-0.236875	-0.236667	-0.236458	-0.23625	-0.236042	-0.235833	-0.235625	-0.235417	-0.235208	-0.235	-0.234792	-0.234583	-0.234375	-0.234167	-0.233958	-0.23375	-0.233542	-0.233333	-0.233125	-0.232917	-0.232708	-0.2325	-0.232292	-0.232083	-0.231875	-0.231667	-0.231458	-0.23125	-0.231042	-0.230833	-0.230625	-0.230417	-0.230208	-0.23	-0.229792	-0.229583	-0.229375	-0.229167	-0.228958	-0.22875	-0.228542	-0.228333	-0.228125	-0.227917	-0.227708	-0.2275	-0.227292	-0.227083	-0.226875	-0.226667	-0.226458	-0.22625	-0.226042	-0.225833	-0.225625	-0.225417	-0.225208	-0.225	-0.224792	-0.224583	-0.224375	-0.224167	-0.223958	-0.22375	-0.223542	-0.223333	-0.223125	-0.222917	-0.222708	-0.2225	-0.222292	-0.214271	-0.20625	-0.198229	-0.190208	-0.182188	-0.174167	-0.166146	-0.158125	-0.150104	-0.142083	-0.134063	-0.126042	-0.118021	-0.11	-0.101979	-0.0939583	-0.0859375	-0.0779167	-0.0698958	-0.061875	-0.0538542	-0.0458333	-0.0378125	-0.0297917	-0.0217708	-0.01375	-0.00572917	0.00229167	0.0103125	0.0183333	0.0263542	0.034375	0.0423958	0.0504167	0.0584375	0.0664583	0.0744792	0.0825	0.0905208	0.0985417	0.106563	0.114583	0.122604	0.130625	0.138646	0.146667	0.154688	0.162708	0.170729	0.17875	0.186771	0.194792	0.202813	0.210833	0.218854	0.226875	0.234896	0.242917	0.244271	0.245625	0.246979	0.248333	0.249688	0.251042	0.252396	0.25375	0.255104	0.256458	0.257813	0.259167	0.260521	0.261875	0.263229	0.264583	0.265938	0.267292	0.268646	0.27	0.271354	0.272708	0.274062	0.275417	0.276771	0.278125	0.279479	0.280833	0.282187	0.283542	0.284896	0.28625	0.287604	0.288958	0.290312	0.291667	0.293021	0.294375	0.295729	0.297083	0.298438	0.299792	0.301146	0.3025	0.303854	0.305208	0.306563	0.307917	0.309271	0.310625	0.311979	0.313333	0.314688	0.316042	0.317396	0.31875	0.320104	0.321458	0.322813	0.324167	0.325521	0.326875	0.328229	0.329583	0.330938	0.332292	0.333646	0.335	0.336354	0.337708	0.339063	0.340417	0.341771	0.343125	0.344479	0.345833	0.347188	0.348542	0.349896	0.35125	0.352604	0.353958	0.355312	0.356667	0.358021	0.359375	0.360729	0.362083	0.363437	0.364792	0.366146	0.3675	0.368854	0.370208	0.371563	0.372917	0.374271	0.375625	0.376979	0.378333	0.379688	0.381042	0.374583	0.368125	0.361667	0.355208	0.34875	0.342292	0.335833	0.329375	0.322917	0.316458	0.31	0.303542	0.297083	0.290625	0.284167	0.277708	0.27125	0.264792	0.258333	0.251875	0.245417	0.238958	0.2325	0.226042	0.219583	0.213125	0.206667	0.200208	0.19375	0.187292	0.180833	0.174375	0.167917	0.161458	0.155	0.148542	0.142083	0.135625	0.129167	0.122708	0.11625	0.109792	0.103333	0.096875	0.0904167	0.0839583	0.0775	0.0710417	0.0645833	0.058125	0.0516667	0.0452083	0.03875	0.0322917	0.0258333	0.019375	0.0129167	0.00645833	0
0	-0.00645833	-0.0129167	-0.019375	-0.0258333	-0.0322917	-0.03875	-0.0452083	-0.0516667	-0.058125	-0.0645833	-0.0710417	-0.0775	-0.0839583	-0.0904167	-0.096875	-0.103333	-0.109792	-0.11625	-0.122708	-0.1225	-0.122292	-0.122083	-0.121875	-0.121667	-0.121458	-0.12125	-0.121042	-0.120833	-0.120625	-0.120417	-0.120208	-0.12	-0.119792	-0.119583	-0.119375	-0.119167	-0.118958	-0.11875	-0.118542	-0.118333	-0.118125	-0.117917	-0.117708	-0.1175	-0.117292	-0.117083	-0.116875	-0.116667	-0.116458	-0.11625	-0.116042	-0.115833	-0.115625	-0.115417	-0.115208	-0.115	-0.114792	-0.114583	-0.114375	-0.114167	-0.113958	-0.11375	-0.113542	-0.113333	-0.113125	-0.112917	-0.112708	-0.1125	-0.112292	-0.112083	-0.111875	-0.111667	-0.111458	-0.11125	-0.111042	-0.110833	-0.110625	-0.110417	-0.110208	-0.11	-0.109792	-0.109583	-0.109375	-0.109167	-0.108958	-0.10875	-0.108542	-0.108333	-0.108125	-0.107917	-0.107708	-0.1075	-0.107292	-0.107083	-0.106875	-0.106667	-0.106458	-0.10625	-0.106042	-0.105833	-0.105625	-0.105417	-0.105208	-0.105	-0.104792	-0.104583	-0.104375	-0.104167	-0.103958	-0.10375	-0.103542	-0.103333	-0.103125	-0.102917	-0.102708	-0.1025	-0.102292	-0.102083	-0.101875	-0.101667	-0.101458	-0.10125	-0.101042	-0.100833	-0.100625	-0.100417	-0.100208	-0.1	-0.0997917	-0.0995833	-0.099375	-0.0991667	-0.0989583	-0.09875	-0.0985417	-0.0983333	-0.098125	-0.0979167	-0.0977083	-0.0975	-0.0972917	-0.0970833	-0.096875	-0.0966667	-0.0964583	-0.09625	-0.0960417	-0.0958333	-0.095625	-0.0954167	-0.0952083	-0.095	-0.0947917	-0.0945833	-0.094375	-0.0941667	-0.0939583	-0.09375	-0.0935417	-0.0933333	-0.093125	-0.0929167	-0.0927083	-0.0925	-0.0922917	-0.0920833	-0.091875	-0.0916667	-0.0914583	-0.09125	-0.0910417	-0.0908333	-0.090625	-0.0904167	-0.0902083	-0.09	-0.0897917	-0.0895833	-0.089375	-0.0891667	-0.0889583	-0.08875	-0.0885417	-0.0883333	-0.088125	-0.0879167	-0.0877083	-0.0875	-0.0872917	-0.0870833	-0.086875	-0.0866667	-0.0864583	-0.08625	-0.0860417	-0.0858333	-0.085625	-0.0854167	-0.0852083	-0.085	-0.0847917	-0.0767708	-0.06875	-0.0607292	-0.0527083	-0.0446875	-0.0366667	-0.0286458	-0.020625	-0.0126042	-0.00458333	0.0034375	0.0114583	0.0194792	0.0275	0.0355208	0.0435417	0.0515625	0.0595833	0.0609375	0.0622917	0.0636458	0.065	0.0663542	0.0677083	0.0690625	0.0704167	0.0717708	0.073125	0.0744792	0.0758333	0.0771875	0.0785417	0.0798958	0.08125	0.0826042	0.0839583	0.0853125	0.0866667	0.0880208	0.089375	0.0907292	0.0920833	0.0934375	0.0947917	0.0961458	0.0975	0.0988542	0.100208	0.101562	0.102917	0.104271	0.105625	0.106979	0.108333	0.109687	0.111042	0.112396	0.11375	0.115104	0.116458	0.117813	0.119167	0.120521	0.121875	0.123229	0.124583	0.125938	0.127292	0.128646	0.13	0.131354	0.132708	0.134063	0.135417	0.136771	0.138125	0.139479	0.140833	0.142188	0.143542	0.144896	0.14625	0.147604	0.148958	0.150313	0.151667	0.153021	0.154375	0.155729	0.157083	0.158438	0.159792	0.161146	0.1625	0.163854	0.165208	0.166563	0.167917	0.169271	0.170625	0.171979	0.173333	0.174687	0.176042	0.177396	0.17875	0.180104	0.181458	0.182812	0.184167	0.185521	0.186875	0.188229	0.189583	0.190937	0.192292	0.193646	0.195	0.196354	0.197708	0.199062	0.200417	0.201771	0.203125	0.204479	0.205833	0.207188	0.208542	0.209896	0.21125	0.212604	0.213958	0.215313	0.216667	0.218021	0.219375	0.220729	0.222083	0.223437	0.224792	0.226146	0.2275	0.228854	0.230208	0.231562	0.232917	0.234271	0.235625	0.236979	0.238333	0.239687	0.241042	0.242396	0.24375	0.245104	0.246458	0.247813	0.249167	0.250521	0.251875	0.245417	0.238958	0.2325	0.226042	0.219583	0.213125	0.206667	0.200208	0.19375	0.187292	0.180833	0.174375	0.167917	0.161458	0.155	0.148542	0.142083	0.135625	0.129167	0.122708	0.11625	0.109792	0.103333	0.096875	0.0904167	0.0839583	0.0775	0.0710417	0.0645833	0.058125	0.0516667	0.0452083	0.03875	0.0322917	0.0258333	0.019375	0.0129167	0.00645833	0
0	0.006875	0.00708333	0.00729167	0.0075	0.00770833	0.00791667	0.008125	0.00833333	0.00854167	0.00875	0.00895833	0.00916667	0.009375	0.00958333	0.00979167	0.01	0.0102083	0.0104167	0.010625	0.0108333	0.0110417	0.01125	0.0114583	0.0116667	0.011875	0.0120833	0.0122917	0.0125	0.0127083	0.0129167	0.013125	0.0133333	0.0135417	0.01375	0.0139583	0.0141667	0.014375	0.0145833	0.0147917	0.015	0.0152083	0.0154167	0.015625	0.0158333	0.0160417	0.01625	0.0164583	0.0166667	0.016875	0.0170833	0.0172917	0.0175	0.0177083	0.0179167	0.018125	0.0183333	0.0185417	0.01875	0.0189583	0.0191667	0.019375	0.0195833	0.0197917	0.02	0.0202083	0.0204167	0.020625	0.0208333	0.0210417	0.02125	0.0214583	0.0216667	0.021875	0.0220833	0.0222917	0.0225	0.0227083	0.0229167	0.023125	0.0233333	0.0235417	0.02375	0.0239583	0.0241667	0.024375	0.0245833	0.0247917	0.025	0.0252083	0.0254167	0.025625	0.0258333	0.0260417	0.02625	0.0264583	0.0266667	0.026875	0.0270833	0.0272917	0.0275	0.0277083	0.0279167	0.028125	0.0283333	0.0285417	0.02875	0.0289583	0.0291667	0.029375	0.0295833	0.0297917	0.03	0.0302083	0.0304167	0.030625	0.0308333	0.0310417	0.03125	0.0314583	0.0316667	0.031875	0.0320833	0.0322917	0.0325	0.0327083	0.0329167	0.033125	0.0333333	0.0335417	0.03375	0.0339583	0.0341667	0.034375	0.0345833	0.0347917	0.035	0.0352083	0.0354167	0.035625	0.0358333	0.0360417	0.03625	0.0364583	0.0366667	0.036875	0.0370833	0.0372917	0.0375	0.0377083	0.0379167	0.038125	0.0383333	0.0385417	0.03875	0.0389583	0.0391667	0.039375	0.0395833	0.0397917	0.04	0.0402083	0.0404167	0.040625	0.0408333	0.0410417	0.04125	0.0414583	0.0416667	0.041875	0.0420833	0.0422917	0.0425	0.0427083	0.0429167	0.043125	0.0433333	0.0435417	0.04375	0.0439583	0.0441667	0.044375	0.0445833	0.0447917	0.045	0.0452083	0.0454167	0.045625	0.0458333	0.0460417	0.04625	0.0464583	0.0466667	0.046875	0.0470833	0.0472917	0.0475	0.0477083	0.0479167	0.048125	0.0416667	0.0352083	0.02875	0.0222917	0.0158333	0.009375	0.00291667	-0.00354167	-0.01	-0.0164583	-0.0229167	-0.029375	-0.0358333	-0.0422917	-0.04875	-0.0552083	-0.0616667	-0.068125	-0.0745833	-0.0810417	-0.0875	-0.0939583	-0.0926042	-0.09125	-0.0898958	-0.0885417	-0.0871875	-0.0858333	-0.0844792	-0.083125	-0.0817708	-0.0804167	-0.0790625	-0.0777083	-0.0763542	-0.075	-0.0736458	-0.0722917	-0.0709375	-0.0695833	-0.0682292	-0.066875	-0.0655208	-0.0641667	-0.0628125	-0.0614583	-0.0601042	-0.05875	-0.0573958	-0.0560417	-0.0546875	-0.0533333	-0.0519792	-0.050625	-0.0492708	-0.0479167	-0.0465625	-0.0452083	-0.0438542	-0.0425	-0.0411458	-0.0397917	-0.0384375	-0.0370833	-0.0357292	-0.034375	-0.0330208	-0.0316667	-0.0303125	-0.0289583	-0.0276042	-0.02625	-0.0248958	-0.0235417	-0.0221875	-0.0208333	-0.0194792	-0.018125	-0.0167708	-0.0154167	-0.0140625	-0.0127083	-0.0113542	-0.01	-0.00864583	-0.00729167	-0.0059375	-0.00458333	-0.00322917	-0.001875	-0.000520833	0.000833333	0.0021875	0.00354167	0.00489583	0.00625	0.00760417	0.00895833	0.0103125	0.0116667	0.0130208	0.014375	0.0157292	0.0170833	0.0184375	0.0197917	0.0211458	0.0225	0.0238542	0.0252083	0.0265625	0.0279167	0.0292708	0.030625	0.0319792	0.0333333	0.0346875	0.0360417	0.0373958	0.03875	0.0401042	0.0414583	0.0428125	0.0441667	0.0455208	0.046875	0.0482292	0.0495833	0.0509375	0.0522917	0.0536458	0.055	0.0563542	0.0577083	0.0590625	0.0604167	0.0617708	0.063125	0.0644792	0.0658333	0.0671875	0.0685417	0.0698958	0.07125	0.0726042	0.0739583	0.0753125	0.0766667	0.0780208	0.079375	0.0807292	0.0820833	0.0834375	0.0847917	0.0861458	0.0875	0.0888542	0.0902083	0.0915625	0.0929167	0.0942708	0.095625	0.0969792	0.0983333	0.0996875	0.101042	0.102396	0.10375	0.105104	0.106458	0.107813	0.109167	0.110521	0.111875	0.113229	0.114583	0.115938	0.117292	0.118646	0.12	0.121354	0.122708	0.11625	0.109792	0.103333	0.096875	0.0904167	0.0839583	0.0775	0.0710417	0.0645833	0.058125	0.0516667	0.0452083	0.03875	0.0322917	0.0258333	0.019375	0.0129167	0.00645833	0
0	0.006875	0.01375	0.020625	0.0275	0.034375	0.04125	0.048125	0.055	0.061875	0.06875	0.075625	0.0825	0.089375	0.09625	0.103125	0.11	0.116875	0.12375	0.130625	0.1375	0.144375	0.144583	0.144792	0.145	0.145208	0.145417	0.145625	0.145833	0.146042	0.14625	0.146458	0.146667	0.146875	0.147083	0.147292	0.1475	0.147708	0.147917	0.148125	0.148333	0.148542	0.14875	0.148958	0.149167	0.149375	0.149583	0.149792	0.15	0.150208	0.150417	0.150625	0.150833	0.151042	0.15125	0.151458	0.151667	0.151875	0.152083	0.152292	0.1525	0.152708	0.152917	0.153125	0.153333	0.153542	0.15375	0.153958	0.154167	0.154375	0.154583	0.154792	0.155	0.155208	0.155417	0.155625	0.155833	0.156042	0.15625	0.156458	0.156667	0.156875	0.157083	0.157292	0.1575	0.157708	0.157917	0.158125	0.158333	0.158542	0.15875	0.158958	0.159167	0.159375	0.159583	0.159792	0.16	0.160208	0.160417	0.160625	0.160833	0.161042	0.16125	0.161458	0.161667	0.161875	0.162083	0.162292	0.1625	0.162708	0.162917	0.163125	0.163333	0.163542	0.16375	0.163958	0.164167	0.164375	0.164583	0.164792	0.165	0.165208	0.165417	0.165625	0.165833	0.166042	0.16625	0.166458	0.166667	0.166875	0.167083	0.167292	0.1675	0.167708	0.167917	0.168125	0.168333	0.168542	0.16875	0.168958	0.169167	0.169375	0.169583	0.169792	0.17	0.170208	0.170417	0.170625	0.170833	0.171042	0.17125	0.171458	0.171667	0.171875	0.172083	0.172292	0.1725	0.172708	0.172917	0.173125	0.173333	0.173542	0.17375	0.173958	0.174167	0.174375	0.174583	0.174792	0.175	0.175208	0.175417	0.175625	0.175833	0.176042	0.17625	0.176458	0.176667	0.176875	0.177083	0.177292	0.170833	0.164375	0.157917	0.151458	0.145	0.138542	0.132083	0.125625	0.119167	0.112708	0.10625	0.0997917	0.0933333	0.086875	0.0804167	0.0739583	0.0675	0.0610417	0.0545833	0.048125	0.0416667	0.0352083	0.02875	0.0222917	0.0158333	0.009375	0.00291667	-0.00354167	-0.01	-0.0164583	-0.0229167	-0.029375	-0.0358333	-0.0422917	-0.04875	-0.0552083	-0.0616667	-0.068125	-0.0745833	-0.0810417	-0.0875	-0.0939583	-0.100417	-0.106875	-0.113333	-0.119792	-0.12625	-0.132708	-0.139167	-0.145625	-0.152083	-0.158542	-0.165	-0.171458	-0.177917	-0.184375	-0.190833	-0.197292	-0.20375	-0.210208	-0.216667	-0.223125	-0.221771	-0.220417	-0.219063	-0.217708	-0.216354	-0.215	-0.213646	-0.212292	-0.210938	-0.209583	-0.208229	-0.206875	-0.205521	-0.204167	-0.202813	-0.201458	-0.200104	-0.19875	-0.197396	-0.196042	-0.194688	-0.193333	-0.191979	-0.190625	-0.189271	-0.187917	-0.186562	-0.185208	-0.183854	-0.1825	-0.181146	-0.179792	-0.178438	-0.177083	-0.175729	-0.174375	-0.173021	-0.171667	-0.170312	-0.168958	-0.167604	-0.16625	-0.164896	-0.163542	-0.162188	-0.160833	-0.159479	-0.158125	-0.156771	-0.155417	-0.154063	-0.152708	-0.151354	-0.15	-0.148646	-0.147292	-0.145938	-0.144583	-0.143229	-0.141875	-0.140521	-0.139167	-0.137813	-0.136458	-0.135104	-0.13375	-0.132396	-0.131042	-0.129688	-0.128333	-0.126979	-0.125625	-0.124271	-0.122917	-0.121563	-0.120208	-0.118854	-0.1175	-0.116146	-0.114792	-0.113438	-0.112083	-0.110729	-0.109375	-0.108021	-0.106667	-0.105313	-0.103958	-0.102604	-0.10125	-0.0998958	-0.0985417	-0.0971875	-0.0958333	-0.0944792	-0.093125	-0.0917708	-0.0904167	-0.0890625	-0.0877083	-0.0863542	-0.085	-0.0836458	-0.0822917	-0.0809375	-0.0795833	-0.0782292	-0.076875	-0.0755208	-0.0741667	-0.0728125	-0.0714583	-0.0701042	-0.06875	-0.0673958	-0.0660417	-0.0646875	-0.0633333	-0.0619792	-0.060625	-0.0592708	-0.0579167	-0.0565625	-0.0552083	-0.0538542	-0.0525	-0.0511458	-0.0497917	-0.0484375	-0.0470833	-0.0457292	-0.044375	-0.0430208	-0.0416667	-0.0403125	-0.0389583	-0.0376042	-0.03625	-0.0348958	-0.0335417	-0.0321875	-0.0308333	-0.0294792	-0.028125	-0.0267708	-0.0254167	-0.0240625	-0.0227083	-0.0213542	-0.02	-0.0186458	-0.0172917	-0.0159375	-0.0145833	-0.0132292	-0.011875	-0.0105208	-0.00916667	0
0	0.006875	0.01375	0.020625	0.0275	0.034375	0.04125	0.048125	0.055	0.061875	0.06875	0.075625	0.0825	0.089375	0.09625	0.103125	0.11	0.116875	0.12375	0.130625	0.1375	0.144375	0.15125	0.158125	0.165	0.171875	0.17875	0.185625	0.1925	0.199375	0.20625	0.213125	0.22	0.226875	0.23375	0.240625	0.2475	0.254375	0.26125	0.268125	0.275	0.281875	0.282083	0.282292	0.2825	0.282708	0.282917	0.283125	0.283333	0.283542	0.28375	0.283958	0.284167	0.284375	0.284583	0.284792	0.285	0.285208	0.285417	0.285625	0.285833	0.286042	0.28625	0.286458	0.286667	0.286875	0.287083	0.287292	0.2875	0.287708	0.287917	0.288125	0.288333	0.288542	0.28875	0.288958	0.289167	0.289375	0.289583	0.289792	0.29	0.290208	0.290417	0.290625	0.290833	0.291042	0.29125	0.291458	0.291667	0.291875	0.292083	0.292292	0.2925	0.292708	0.292917	0.293125	0.293333	0.293542	0.29375	0.293958	0.294167	0.294375	0.294583	0.294792	0.295	0.295208	0.295417	0.295625	0.295833	0.296042	0.29625	0.296458	0.296667	0.296875	0.297083	0.297292	0.2975	0.297708	0.297917	0.298125	0.298333	0.298542	0.29875	0.298958	0.299167	0.299375	0.299583	0.299792	0.3	0.300208	0.300417	0.300625	0.300833	0.301042	0.30125	0.301458	0.301667	0.301875	0.302083	0.302292	0.3025	0.302708	0.302917	0.303125	0.303333	0.303542	0.30375	0.303958	0.304167	0.304375	0.304583	0.304792	0.305	0.305208	0.305417	0.305625	0.305833	0.306042	0.30625	0.306458	0.3	0.293542	0.287083	0.280625	0.274167	0.267708	0.26125	0.254792	0.248333	0.241875	0.235417	0.228958	0.2225	0.216042	0.209583	0.203125	0.196667	0.190208	0.18375	0.177292	0.170833	0.164375	0.157917	0.151458	0.145	0.138542	0.132083	0.125625	0.119167	0.112708	0.10625	0.0997917	0.0933333	0.086875	0.0804167	0.0739583	0.0675	0.0610417	0.0545833	0.048125	0.0416667	0.0352083	0.02875	0.0222917	0.0158333	0.009375	0.00291667	-0.00354167	-0.01	-0.0164583	-0.0229167	-0.029375	-0.0358333	-0.0422917	-0.04875	-0.0552083	-0.0616667	-0.068125	-0.0745833	-0.0810417	-0.0875	-0.0939583	-0.100417	-0.106875	-0.113333	-0.119792	-0.12625	-0.132708	-0.139167	-0.145625	-0.152083	-0.158542	-0.165	-0.171458	-0.177917	-0.184375	-0.190833	-0.197292	-0.20375	-0.210208	-0.216667	-0.223125	-0.229583	-0.236042	-0.2425	-0.248958	-0.255417	-0.261875	-0.268333	-0.274792	-0.28125	-0.287708	-0.294167	-0.300625	-0.307083	-0.313542	-0.32	-0.326458	-0.332917	-0.339375	-0.345833	-0.352292	-0.350938	-0.349583	-0.348229	-0.346875	-0.345521	-0.344167	-0.342813	-0.341458	-0.340104	-0.33875	-0.337396	-0.336042	-0.334688	-0.333333	-0.331979	-0.330625	-0.329271	-0.327917	-0.326563	-0.325208	-0.323854	-0.3225	-0.321146	-0.319792	-0.318437	-0.317083	-0.315729	-0.314375	-0.313021	-0.311667	-0.310313	-0.308958	-0.307604	-0.30625	-0.304896	-0.303542	-0.302188	-0.300833	-0.299479	-0.298125	-0.296771	-0.295417	-0.294063	-0.292708	-0.291354	-0.29	-0.288646	-0.287292	-0.285938	-0.284583	-0.283229	-0.281875	-0.280521	-0.279167	-0.277813	-0.276458	-0.275104	-0.27375	-0.272396	-0.271042	-0.269688	-0.268333	-0.266979	-0.265625	-0.264271	-0.262917	-0.261562	-0.260208	-0.258854	-0.2575	-0.256146	-0.254792	-0.253437	-0.252083	-0.250729	-0.249375	-0.248021	-0.246667	-0.245313	-0.243958	-0.242604	-0.24125	-0.239896	-0.238542	-0.237187	-0.235833	-0.234479	-0.233125	-0.231771	-0.230417	-0.229063	-0.227708	-0.226354	-0.225	-0.223646	-0.222292	-0.220938	-0.219583	-0.218229	-0.216875	-0.215521	-0.214167	-0.212813	-0.211458	-0.210104	-0.20875	-0.207396	-0.206042	-0.204688	-0.203333	-0.201979	-0.200625	-0.199271	-0.197917	-0.196563	-0.195208	-0.193854	-0.1925	-0.183333	-0.174167	-0.165	-0.155833	-0.146667	-0.1375	-0.128333	-0.119167	-0.11	-0.100833	-0.0916667	-0.0825	-0.0733333	-0.0641667	-0.055	-0.0458333	-0.0366667	-0.0275	-0.0183333	-0.00916667	0
0	0.006875	0.01375	0.020625	0.0275	0.034375	0.04125	0.048125	0.055	0.061875	0.06875	0.075625	0.0825	0.089375	0.09625	0.103125	0.11	0.116875	0.12375	0.130625	0.1375	0.144375	0.15125	0.158125	0.165	0.171875	0.17875	0.185625	0.1925	0.199375	0.20625	0.213125	0.22	0.226875	0.23375	0.240625	0.2475	0.254375	0.26125	0.268125	0.275	0.281875	0.28875	0.295625	0.3025	0.309375	0.31625	0.323125	0.33	0.336875	0.34375	0.350625	0.3575	0.364375	0.37125	0.378125	0.385	0.391875	0.39875	0.405625	0.4125	0.419375	0.419583	0.419792	0.42	0.420208	0.420417	0.420625	0.420833	0.421042	0.42125	0.421458	0.421667	0.421875	0.422083	0.422292	0.4225	0.422708	0.422917	0.423125	0.423333	0.423542	0.42375	0.423958	0.424167	0.424375	0.424583	0.424792	0.425	0.425208	0.425417	0.425625	0.425833	0.426042	0.42625	0.426458	0.426667	0.426875	0.427083	0.427292	0.4275	0.427708	0.427917	0.428125	0.428333	0.428542	0.42875	0.428958	0.429167	0.429375	0.429583	0.429792	0.43	0.430208	0.430417	0.430625	0.430833	0.431042	0.43125	0.431458	0.431667	0.431875	0.432083	0.432292	0.4325	0.432708	0.432917	0.433125	0.433333	0.433542	0.43375	0.433958	0.434167	0.434375	0.434583	0.434792	0.435	0.435208	0.435417	0.435625	0.429167	0.422708	0.41625	0.409792	0.403333	0.396875	0.390417	0.383958	0.3775	0.371042	0.364583	0.358125	0.351667	0.345208	0.33875	0.332292	0.325833	0.319375	0.312917	0.306458	0.3	0.293542	0.287083	0.280625	0.274167	0.267708	0.26125	0.254792	0.248333	0.241875	0.235417	0.228958	0.2225	0.216042	0.209583	0.203125	0.196667	0.190208	0.18375	0.177292	0.170833	0.164375	0.157917	0.151458	0.145	0.138542	0.132083	0.125625	0.119167	0.112708	0.10625	0.0997917	0.0933333	0.086875	0.0804167	0.0739583	0.0675	0.0610417	0.0545833	0.048125	0.0416667	0.0352083	0.02875	0.0222917	0.0158333	0.009375	0.00291667	-0.00354167	-0.01	-0.0164583	-0.0229167	-0.029375	-0.0358333	-0.0422917	-0.04875	-0.0552083	-0.0616667	-0.068125	-0.0745833	-0.0810417	-0.0875	-0.0939583	-0.100417	-0.106875	-0.113333	-0.119792	-0.12625	-0.132708	-0.139167	-0.145625	-0.152083	-0.158542	-0.165	-0.171458	-0.177917	-0.184375	-0.190833	-0.197292	-0.20375	-0.210208	-0.216667	-0.223125	-0.229583	-0.236042	-0.2425	-0.248958	-0.255417	-0.261875	-0.268333	-0.274792	-0.28125	-0.287708	-0.294167	-0.300625	-0.307083	-0.313542	-0.32	-0.326458	-0.332917	-0.339375	-0.345833	-0.352292	-0.35875	-0.365208	-0.371667	-0.378125	-0.384583	-0.391042	-0.3975	-0.403958	-0.410417	-0.416875	-0.423333	-0.429792	-0.43625	-0.442708	-0.449167	-0.455625	-0.462083	-0.468542	-0.475	-0.481458	-0.480104	-0.47875	-0.477396	-0.476042	-0.474688	-0.473333	-0.471979	-0.470625	-0.469271	-0.467917	-0.466563	-0.465208	-0.463854	-0.4625	-0.461146	-0.459792	-0.458438	-0.457083	-0.455729	-0.454375	-0.453021	-0.451667	-0.450312	-0.448958	-0.447604	-0.44625	-0.444896	-0.443542	-0.442187	-0.440833	-0.439479	-0.438125	-0.436771	-0.435417	-0.434062	-0.432708	-0.431354	-0.43	-0.428646	-0.427292	-0.425938	-0.424583	-0.423229	-0.421875	-0.420521	-0.419167	-0.417813	-0.416458	-0.415104	-0.41375	-0.412396	-0.411042	-0.409688	-0.408333	-0.406979	-0.405625	-0.404271	-0.402917	-0.401563	-0.400208	-0.398854	-0.3975	-0.396146	-0.394792	-0.393438	-0.392083	-0.390729	-0.389375	-0.388021	-0.386667	-0.385313	-0.383958	-0.382604	-0.38125	-0.379896	-0.378542	-0.377188	-0.375833	-0.366667	-0.3575	-0.348333	-0.339167	-0.33	-0.320833	-0.311667	-0.3025	-0.293333	-0.284167	-0.275	-0.265833	-0.256667	-0.2475	-0.238333	-0.229167	-0.22	-0.210833	-0.201667	-0.1925	-0.183333	-0.174167	-0.165	-0.155833	-0.146667	-0.1375	-0.128333	-0.119167	-0.11	-0.100833	-0.0916667	-0.0825	-0.0733333	-0.0641667	-0.055	-0.0458333	-0.0366667	-0.0275	-0.0183333	-0.00916667	0
0	0.006875	0.01375	0.020625	0.0275	0.034375	0.04125	0.048125	0.055	0.061875	0.06875	0.075625	0.0825	0.089375	0.09625	0.103125	0.11	0.116875	0.12375	0.130625	0.1375	0.144375	0.15125	0.158125	0.165	0.171875	0.17875	0.185625	0.1925	0.199375	0.20625	0.213125	0.22	0.226875	0.23375	0.240625	0.2475	0.254375	0.26125	0.268125	0.275	0.281875	0.28875	0.295625	0.3025	0.309375	0.31625	0.323125	0.33	0.336875	0.34375	0.350625	0.3575	0.364375	0.37125	0.378125	0.385	0.391875	0.39875	0.405625	0.4125	0.419375	0.42625	0.433125	0.44	0.446875	0.45375	0.460625	0.4675	0.474375	0.48125	0.488125	0.495	0.501875	0.50875	0.515625	0.5225	0.529375	0.53625	0.543125	0.55	0.556875	0.557083	0.557292	0.5575	0.557708	0.557917	0.558125	0.558333	0.558542	0.55875	0.558958	0.559167	0.559375	0.559583	0.559792	0.56	0.560208	0.560417	0.560625	0.560833	0.561042	0.56125	0.561458	0.561667	0.561875	0.562083	0.562292	0.5625	0.562708	0.562917	0.563125	0.563333	0.563542	0.56375	0.563958	0.564167	0.564375	0.564583	0.564792	0.558333	0.551875	0.545417	0.538958	0.5325	0.526042	0.519583	0.513125	0.506667	0.500208	0.49375	0.487292	0.480833	0.474375	0.467917	0.461458	0.455	0.448542	0.442083	0.435625	0.429167	0.422708	0.41625	0.409792	0.403333	0.396875	0.390417	0.383958	0.3775	0.371042	0.364583	0.358125	0.351667	0.345208	0.33875	0.332292	0.325833	0.319375	0.312917	0.306458	0.3	0.293542	0.287083	0.280625	0.274167	0.267708	0.26125	0.254792	0.248333	0.241875	0.235417	0.228958	0.2225	0.216042	0.209583	0.203125	0.196667	0.190208	0.18375	0.177292	0.170833	0.164375	0.157917	0.151458	0.145	0.138542	0.132083	0.125625	0.119167	0.112708	0.10625	0.0997917	0.0933333	0.086875	0.0804167	0.0739583	0.0675	0.0610417	0.0545833	0.048125	0.0416667	0.0352083	0.02875	0.0222917	0.0158333	0.009375	0.00291667	-0.00354167	-0.01	-0.0164583	-0.0229167	-0.029375	-0.0358333	-0.0422917	-0.04875	-0.0552083	-0.0616667	-0.068125	-0.0745833	-0.0810417	-0.0875	-0.0939583	-0.100417	-0.106875	-0.113333	-0.119792	-0.12625	-0.132708	-0.139167	-0.145625	-0.152083	-0.158542	-0.165	-0.171458	-0.177917	-0.184375	-0.190833	-0.197292	-0.20375	-0.210208	-0.216667	-0.223125	-0.229583	-0.236042	-0.2425	-0.248958	-0.255417	-0.261875	-0.268333	-0.274792	-0.28125	-0.287708	-0.294167	-0.300625	-0.307083	-0.313542	-0.32	-0.326458	-0.332917	-0.339375	-0.345833	-0.352292	-0.35875	-0.365208	-0.371667	-0.378125	-0.384583	-0.391042	-0.3975	-0.403958	-0.410417	-0.416875	-0.423333	-0.429792	-0.43625	-0.442708	-0.449167	-0.455625	-0.462083	-0.468542	-0.475	-0.481458	-0.487917	-0.494375	-0.500833	-0.507292	-0.51375	-0.520208	-0.526667	-0.533125	-0.539583	-0.546042	-0.5525	-0.558958	-0.565417	-0.571875	-0.578333	-0.584792	-0.59125	-0.597708	-0.604167	-0.610625	-0.609271	-0.607917	-0.606563	-0.605208	-0.603854	-0.6025	-0.601146	-0.599792	-0.598438	-0.597083	-0.595729	-0.594375	-0.593021	-0.591667	-0.590313	-0.588958	-0.587604	-0.58625	-0.584896	-0.583542	-0.582188	-0.580833	-0.579479	-0.578125	-0.576771	-0.575417	-0.574063	-0.572708	-0.571354	-0.57	-0.568646	-0.567292	-0.565938	-0.564583	-0.563229	-0.561875	-0.560521	-0.559167	-0.55	-0.540833	-0.531667	-0.5225	-0.513333	-0.504167	-0.495	-0.485833	-0.476667	-0.4675	-0.458333	-0.449167	-0.44	-0.430833	-0.421667	-0.4125	-0.403333	-0.394167	-0.385	-0.375833	-0.366667	-0.3575	-0.348333	-0.339167	-0.33	-0.320833	-0.311667	-0.3025	-0.293333	-0.284167	-0.275	-0.265833	-0.256667	-0.2475	-0.238333	-0.229167	-0.22	-0.210833	-0.201667	-0.1925	-0.183333	-0.174167	-0.165	-0.155833	-0.146667	-0.1375	-0.128333	-0.119167	-0.11	-0.100833	-0.0916667	-0.0825	-0.0733333	-0.0641667	-0.055	-0.0458333	-0.0366667	-0.0275	-0.0183333	-0.00916667	0
0	0.006875	0.01375	0.020625	0.0275	0.034375	0.04125	0.048125	0.055	0.061875	0.06875	0.075625	0.0825	0.089375	0.09625	0.103125	0.11	0.116875	0.12375	0.130625	0.1375	0.144375	0.15125	0.158125	0.165	0.171875	0.17875	0.185625	0.1925	0.199375	0.20625	0.213125	0.22	0.226875	0.23375	0.240625	0.2475	0.254375	0.26125	0.268125	0.275	0.281875	0.28875	0.295625	0.3025	0.309375	0.31625	0.323125	0.33	0.336875	0.34375	0.350625	0.3575	0.364375	0.37125	0.378125	0.385	0.391875	0.39875	0.405625	0.4125	0.419375	0.42625	0.433125	0.44	0.446875	0.45375	0.460625	0.4675	0.474375	0.48125	0.488125	0.495	0.501875	0.50875	0.515625	0.5225	0.529375	0.53625	0.543125	0.55	0.556875	0.56375	0.570625	0.5775	0.584375	0.59125	0.598125	0.605	0.611875	0.61875	0.625625	0.6325	0.639375	0.64625	0.653125	0.66	0.666875	0.67375	0.680625	0.680833	0.681042	0.674583	0.668125	0.661667	0.655208	0.64875	0.642292	0.635833	0.629375	0.622917	0.616458	0.61	0.603542	0.597083	0.590625	0.584167	0.577708	0.57125	0.564792	0.558333	0.551875	0.545417	0.538958	0.5325	0.526042	0.519583	0.513125	0.506667	0.500208	0.49375	0.487292	0.480833	0.474375	0.467917	0.461458	0.455	0.448542	0.442083	0.435625	0.429167	0.422708	0.41625	0.409792	0.403333	0.396875	0.390417	0.383958	0.3775	0.371042	0.364583	0.358125	0.351667	0.345208	0.33875	0.332292	0.325833	0.319375	0.312917	0.306458	0.3	0.293542	0.287083	0.280625	0.274167	0.267708	0.26125	0.254792	0.248333	0.241875	0.235417	0.228958	0.2225	0.216042	0.209583	0.203125	0.196667	0.190208	0.18375	0.177292	0.170833	0.164375	0.157917	0.151458	0.145	0.138542	0.132083	0.125625	0.119167	0.112708	0.10625	0.0997917	0.0933333	0.086875	0.0804167	0.0739583	0.0675	0.0610417	0.0545833	0.048125	0.0416667	0.0352083	0.02875	0.0222917	0.0158333	0.009375	0.00291667	-0.00354167	-0.01	-0.0164583	-0.0229167	-0.029375	-0.0358333	-0.0422917	-0.04875	-0.0552083	-0.0616667	-0.068125	-0.0745833	-0.0810417	-0.0875	-0.0939583	-0.100417	-0.106875	-0.113333	-0.119792	-0.12625	-0.132708	-0.139167	-0.145625	-0.152083	-0.158542	-0.165	-0.171458	-0.177917	-0.184375	-0.190833	-0.197292	-0.20375	-0.210208	-0.216667	-0.223125	-0.229583	-0.236042	-0.2425	-0.248958	-0.255417	-0.261875	-0.268333	-0.274792	-0.28125	-0.287708	-0.294167	-0.300625	-0.307083	-0.313542	-0.32	-0.326458	-0.332917	-0.339375	-0.345833	-0.352292	-0.35875	-0.365208	-0.371667	-0.378125	-0.384583	-0.391042	-0.3975	-0.403958	-0.410417	-0.416875	-0.423333	-0.429792	-0.43625	-0.442708	-0.449167	-0.455625	-0.462083	-0.468542	-0.475	-0.481458	-0.487917	-0.494375	-0.500833	-0.507292	-0.51375	-0.520208	-0.526667	-0.533125	-0.539583	-0.546042	-0.5525	-0.558958	-0.565417	-0.571875	-0.578333	-0.584792	-0.59125	-0.597708	-0.604167	-0.610625	-0.617083	-0.623542	-0.63	-0.636458	-0.642917	-0.649375	-0.655833	-0.662292	-0.66875	-0.675208	-0.681667	-0.688125	-0.694583	-0.701042	-0.7075	-0.713958	-0.720417	-0.726875	-0.725521	-0.724167	-0.715	-0.705833	-0.696667	-0.6875	-0.678333	-0.669167	-0.66	-0.650833	-0.641667	-0.6325	-0.623333	-0.614167	-0.605	-0.595833	-0.586667	-0.5775	-0.568333	-0.559167	-0.55	-0.540833	-0.531667	-0.5225	-0.513333	-0.504167	-0.495	-0.485833	-0.476667	-0.4675	-0.458333	-0.449167	-0.44	-0.430833	-0.421667	-0.4125	-0.403333	-0.394167	-0.385	-0.375833	-0.366667	-0.3575	-0.348333	-0.339167	-0.33	-0.320833	-0.311667	-0.3025	-0.293333	-0.284167	-0.275	-0.265833	-0.256667	-0.2475	-0.238333	-0.229167	-0.22	-0.210833	-0.201667	-0.1925	-0.183333	-0.174167	-0.165	-0.155833	-0.146667	-0.1375	-0.128333	-0.119167	-0.11	-0.100833	-0.0916667	-0.0825	-0.0733333	-0.0641667	-0.055	-0.0458333	-0.0366667	-0.0275	-0.0183333	-0.00916667	0
0	0.006875	0.01375	0.020625	0.0275	0.034375	0.04125	0.048125	0.055	0.061875	0.06875	0.075625	0.0825	0.089375	0.09625	0.103125	0.11	0.116875	0.12375	0.130625	0.1375	0.144375	0.15125	0.158125	0.165	0.171875	0.17875	0.185625	0.1925	0.199375	0.20625	0.213125	0.22	0.226875	0.23375	0.240625	0.2475	0.254375	0.26125	0.268125	0.275	0.281875	0.28875	0.295625	0.3025	0.309375	0.31625	0.323125	0.33	0.336875	0.34375	0.350625	0.3575	0.364375	0.37125	0.378125	0.385	0.391875	0.39875	0.405625	0.4125	0.419375	0.42625	0.433125	0.44	0.446875	0.45375	0.460625	0.4675	0.474375	0.48125	0.488125	0.495	0.501875	0.50875	0.515625	0.5225	0.529375	0.53625	0.543125	0.543333	0.543542	0.54375	0.543958	0.544167	0.544375	0.544583	0.544792	0.545	0.545208	0.545417	0.545625	0.545833	0.546042	0.54625	0.546458	0.546667	0.546875	0.547083	0.547292	0.5475	0.547708	0.547917	0.548125	0.548333	0.548542	0.54875	0.548958	0.549167	0.549375	0.549583	0.549792	0.55	0.550208	0.550417	0.550625	0.550833	0.551042	0.55125	0.551458	0.551667	0.551875	0.545417	0.538958	0.5325	0.526042	0.519583	0.513125	0.506667	0.500208	0.49375	0.487292	0.480833	0.474375	0.467917	0.461458	0.455	0.448542	0.442083	0.435625	0.429167	0.422708	0.41625	0.409792	0.403333	0.396875	0.390417	0.383958	0.3775	0.371042	0.364583	0.358125	0.351667	0.345208	0.33875	0.332292	0.325833	0.319375	0.312917	0.306458	0.3	0.293542	0.287083	0.280625	0.274167	0.267708	0.26125	0.254792	0.248333	0.241875	0.235417	0.228958	0.2225	0.216042	0.209583	0.203125	0.196667	0.190208	0.18375	0.177292	0.170833	0.164375	0.157917	0.151458	0.145	0.138542	0.132083	0.125625	0.119167	0.112708	0.10625	0.0997917	0.0933333	0.086875	0.0804167	0.0739583	0.0675	0.0610417	0.0545833	0.048125	0.0416667	0.0352083	0.02875	0.0222917	0.0158333	0.009375	0.00291667	-0.00354167	-0.01	-0.0164583	-0.0229167	-0.029375	-0.0358333	-0.0422917	-0.04875	-0.0552083	-0.0616667	-0.068125	-0.0745833	-0.0810417	-0.0875	-0.0939583	-0.100417	-0.106875	-0.113333	-0.119792	-0.12625	-0.132708	-0.139167	-0.145625	-0.152083	-0.158542	-0.165	-0.171458	-0.177917	-0.184375	-0.190833	-0.197292	-0.20375	-0.210208	-0.216667	-0.223125	-0.229583	-0.236042	-0.2425	-0.248958	-0.255417	-0.261875	-0.268333	-0.274792	-0.28125	-0.287708	-0.294167	-0.300625	-0.307083	-0.313542	-0.32	-0.326458	-0.332917	-0.339375	-0.345833	-0.352292	-0.35875	-0.365208	-0.371667	-0.378125	-0.384583	-0.391042	-0.3975	-0.403958	-0.410417	-0.416875	-0.423333	-0.429792	-0.43625	-0.442708	-0.449167	-0.455625	-0.462083	-0.468542	-0.475	-0.481458	-0.487917	-0.494375	-0.500833	-0.507292	-0.51375	-0.520208	-0.526667	-0.533125	-0.539583	-0.546042	-0.5525	-0.558958	-0.565417	-0.571875	-0.578333	-0.584792	-0.59125	-0.597708	-0.596354	-0.595	-0.593646	-0.592292	-0.590938	-0.589583	-0.588229	-0.586875	-0.585521	-0.584167	-0.582813	-0.581458	-0.580104	-0.57875	-0.577396	-0.576042	-0.574688	-0.573333	-0.571979	-0.570625	-0.569271	-0.567917	-0.566563	-0.565208	-0.563854	-0.5625	-0.561146	-0.559792	-0.558438	-0.557083	-0.555729	-0.554375	-0.553021	-0.551667	-0.550313	-0.548958	-0.547604	-0.54625	-0.544896	-0.543542	-0.542188	-0.540833	-0.531667	-0.5225	-0.513333	-0.504167	-0.495	-0.485833	-0.476667	-0.4675	-0.458333	-0.449167	-0.44	-0.430833	-0.421667	-0.4125	-0.403333	-0.394167	-0.385	-0.375833	-0.366667	-0.3575	-0.348333	-0.339167	-0.33	-0.320833	-0.311667	-0.3025	-0.293333	-0.284167	-0.275	-0.265833	-0.256667	-0.2475	-0.238333	-0.229167	-0.22	-0.210833	-0.201667	-0.1925	-0.183333	-0.174167	-0.165	-0.155833	-0.146667	-0.1375	-0.128333	-0.119167	-0.11	-0.100833	-0.0916667	-0.0825	-0.0733333	-0.0641667	-0.055	-0.0458333	-0.0366667	-0.0275	-0.0183333	-0.00916667	0
0	0.006875	0.01375	0.020625	0.0275	0.034375	0.04125	0.048125	0.055	0.061875	0.06875	0.075625	0.0825	0.089375	0.09625	0.103125	0.11	0.116875	0.12375	0.130625	0.1375	0.144375	0.15125	0.158125	0.165	0.171875	0.17875	0.185625	0.1925	0.199375	0.20625	0.213125	0.22	0.226875	0.23375	0.240625	0.2475	0.254375	0.26125	0.268125	0.275	0.281875	0.28875	0.295625	0.3025	0.309375	0.31625	0.323125	0.33	0.336875	0.34375	0.350625	0.3575	0.364375	0.37125	0.378125	0.385	0.391875	0.39875	0.405625	0.405833	0.406042	0.40625	0.406458	0.406667	0.406875	0.407083	0.407292	0.4075	0.407708	0.407917	0.408125	0.408333	0.408542	0.40875	0.408958	0.409167	0.409375	0.409583	0.409792	0.41	0.410208	0.410417	0.410625	0.410833	0.411042	0.41125	0.411458	0.411667	0.411875	0.412083	0.412292	0.4125	0.412708	0.412917	0.413125	0.413333	0.413542	0.41375	0.413958	0.414167	0.414375	0.414583	0.414792	0.415	0.415208	0.415417	0.415625	0.415833	0.416042	0.41625	0.416458	0.416667	0.416875	0.417083	0.417292	0.4175	0.417708	0.417917	0.418125	0.418333	0.418542	0.41875	0.418958	0.419167	0.419375	0.419583	0.419792	0.42	0.420208	0.420417	0.420625	0.420833	0.421042	0.42125	0.421458	0.421667	0.421875	0.422083	0.422292	0.4225	0.422708	0.41625	0.409792	0.403333	0.396875	0.390417	0.383958	0.3775	0.371042	0.364583	0.358125	0.351667	0.345208	0.33875	0.332292	0.325833	0.319375	0.312917	0.306458	0.3	0.293542	0.287083	0.280625	0.274167	0.267708	0.26125	0.254792	0.248333	0.241875	0.235417	0.228958	0.2225	0.216042	0.209583	0.203125	0.196667	0.190208	0.18375	0.177292	0.170833	0.164375	0.157917	0.151458	0.145	0.138542	0.132083	0.125625	0.119167	0.112708	0.10625	0.0997917	0.0933333	0.086875	0.0804167	0.0739583	0.0675	0.0610417	0.0545833	0.048125	0.0416667	0.0352083	0.02875	0.0222917	0.0158333	0.009375	0.00291667	-0.00354167	-0.01	-0.0164583	-0.0229167	-0.029375	-0.0358333	-0.0422917	-0.04875	-0.0552083	-0.0616667	-0.068125	-0.0745833	-0.0810417	-0.0875	-0.0939583	-0.100417	-0.106875	-0.113333	-0.119792	-0.12625	-0.132708	-0.139167	-0.145625	-0.152083	-0.158542	-0.165	-0.171458	-0.177917	-0.184375	-0.190833	-0.197292	-0.20375	-0.210208	-0.216667	-0.223125	-0.229583	-0.236042	-0.2425	-0.248958	-0.255417	-0.261875	-0.268333	-0.274792	-0.28125	-0.287708	-0.294167	-0.300625	-0.307083	-0.313542	-0.32	-0.326458	-0.332917	-0.339375	-0.345833	-0.352292	-0.35875	-0.365208	-0.371667	-0.378125	-0.384583	-0.391042	-0.3975	-0.403958	-0.410417	-0.416875	-0.423333	-0.429792	-0.43625	-0.442708	-0.449167	-0.455625	-0.462083	-0.468542	-0.467188	-0.465833	-0.464479	-0.463125	-0.461771	-0.460417	-0.459063	-0.457708	-0.456354	-0.455	-0.453646	-0.452292	-0.450938	-0.449583	-0.448229	-0.446875	-0.445521	-0.444167	-0.442813	-0.441458	-0.440104	-0.43875	-0.437396	-0.436042	-0.434688	-0.433333	-0.431979	-0.430625	-0.429271	-0.427917	-0.426563	-0.425208	-0.423854	-0.4225	-0.421146	-0.419792	-0.418438	-0.417083	-0.415729	-0.414375	-0.413021	-0.411667	-0.410313	-0.408958	-0.407604	-0.40625	-0.404896	-0.403542	-0.402188	-0.400833	-0.399479	-0.398125	-0.396771	-0.395417	-0.394063	-0.392708	-0.391354	-0.39	-0.388646	-0.387292	-0.385938	-0.384583	-0.383229	-0.381875	-0.380521	-0.379167	-0.377813	-0.376458	-0.375104	-0.37375	-0.372396	-0.371042	-0.369688	-0.368333	-0.366979	-0.365625	-0.364271	-0.362917	-0.361563	-0.360208	-0.358854	-0.3575	-0.348333	-0.339167	-0.33	-0.320833	-0.311667	-0.3025	-0.293333	-0.284167	-0.275	-0.265833	-0.256667	-0.2475	-0.238333	-0.229167	-0.22	-0.210833	-0.201667	-0.1925	-0.183333	-0.174167	-0.165	-0.155833	-0.146667	-0.1375	-0.128333	-0.119167	-0.11	-0.100833	-0.0916667	-0.0825	-0.0733333	-0.0641667	-0.055	-0.0458333	-0.0366667	-0.0275	-0.0183333	-0.00916667	0
0	0.006875	0.01375	0.020625	0.0275	0.034375	0.04125	0.048125	0.055	0.061875	0.06875	0.075625	0.0825	0.089375	0.09625	0.103125	0.11	0.116875	0.12375	0.130625	0.1375	0.144375	0.15125	0.158125	0.165	0.171875	0.17875	0.185625	0.1925	0.199375	0.20625	0.213125	0.22	0.226875	0.23375	0.240625	0.2475	0.254375	0.26125	0.268125	0.268333	0.268542	0.26875	0.268958	0.269167	0.269375	0.269583	0.269792	0.27	0.270208	0.270417	0.270625	0.270833	0.271042	0.27125	0.271458	0.271667	0.271875	0.272083	0.272292	0.2725	0.272708	0.272917	0.273125	0.273333	0.273542	0.27375	0.273958	0.274167	0.274375	0.274583	0.274792	0.275	0.275208	0.275417	0.275625	0.275833	0.276042	0.27625	0.276458	0.276667	0.276875	0.277083	0.277292	0.2775	0.277708	0.277917	0.278125	0.278333	0.278542	0.27875	0.278958	0.279167	0.279375	0.279583	0.279792	0.28	0.280208	0.280417	0.280625	0.280833	0.281042	0.28125	0.281458	0.281667	0.281875	0.282083	0.282292	0.2825	0.282708	0.282917	0.283125	0.283333	0.283542	0.28375	0.283958	0.284167	0.284375	0.284583	0.284792	0.285	0.285208	0.285417	0.285625	0.285833	0.286042	0.28625	0.286458	0.286667	0.286875	0.287083	0.287292	0.2875	0.287708	0.287917	0.288125	0.288333	0.288542	0.28875	0.288958	0.289167	0.289375	0.289583	0.289792	0.29	0.290208	0.290417	0.290625	0.290833	0.291042	0.29125	0.291458	0.291667	0.291875	0.292083	0.292292	0.2925	0.292708	0.292917	0.293125	0.293333	0.293542	0.287083	0.280625	0.274167	0.267708	0.26125	0.254792	0.248333	0.241875	0.235417	0.228958	0.2225	0.216042	0.209583	0.203125	0.196667	0.190208	0.18375	0.177292	0.170833	0.164375	0.157917	0.151458	0.145	0.138542	0.132083	0.125625	0.119167	0.112708	0.10625	0.0997917	0.0933333	0.086875	0.0804167	0.0739583	0.0675	0.0610417	0.0545833	0.048125	0.0416667	0.0352083	0.02875	0.0222917	0.0158333	0.009375	0.00291667	-0.00354167	-0.01	-0.0164583	-0.0229167	-0.029375	-0.0358333	-0.0422917	-0.04875	-0.0552083	-0.0616667	-0.068125	-0.0745833	-0.0810417	-0.0875	-0.0939583	-0.100417	-0.106875	-0.113333	-0.119792	-0.12625	-0.132708	-0.139167	-0.145625	-0.152083	-0.158542	-0.165	-0.171458	-0.177917	-0.184375	-0.190833	-0.197292	-0.20375	-0.210208	-0.216667	-0.223125	-0.229583	-0.236042	-0.2425	-0.248958	-0.255417	-0.261875	-0.268333	-0.274792	-0.28125	-0.287708	-0.294167	-0.300625	-0.307083	-0.313542	-0.32	-0.326458	-0.332917	-0.339375	-0.338021	-0.336667	-0.335313	-0.333958	-0.332604	-0.33125	-0.329896	-0.328542	-0.327188	-0.325833	-0.324479	-0.323125	-0.321771	-0.320417	-0.319063	-0.317708	-0.316354	-0.315	-0.313646	-0.312292	-0.310938	-0.309583	-0.308229	-0.306875	-0.305521	-0.304167	-0.302813	-0.301458	-0.300104	-0.29875	-0.297396	-0.296042	-0.294688	-0.293333	-0.291979	-0.290625	-0.289271	-0.287917	-0.286563	-0.285208	-0.283854	-0.2825	-0.281146	-0.279792	-0.278438	-0.277083	-0.275729	-0.274375	-0.273021	-0.271667	-0.270313	-0.268958	-0.267604	-0.26625	-0.264896	-0.263542	-0.262188	-0.260833	-0.259479	-0.258125	-0.256771	-0.255417	-0.254063	-0.252708	-0.251354	-0.25	-0.248646	-0.247292	-0.245938	-0.244583	-0.243229	-0.241875	-0.240521	-0.239167	-0.237813	-0.236458	-0.235104	-0.23375	-0.232396	-0.231042	-0.229688	-0.228333	-0.226979	-0.225625	-0.224271	-0.222917	-0.221563	-0.220208	-0.218854	-0.2175	-0.216146	-0.214792	-0.213438	-0.212083	-0.210729	-0.209375	-0.208021	-0.206667	-0.205313	-0.203958	-0.202604	-0.20125	-0.199896	-0.198542	-0.197188	-0.195833	-0.194479	-0.193125	-0.191771	-0.190417	-0.189063	-0.187708	-0.186354	-0.185	-0.183646	-0.182292	-0.180938	-0.179583	-0.178229	-0.176875	-0.175521	-0.174167	-0.165	-0.155833	-0.146667	-0.1375	-0.128333	-0.119167	-0.11	-0.100833	-0.0916667	-0.0825	-0.0733333	-0.0641667	-0.055	-0.0458333	-0.0366667	-0.0275	-0.0183333	-0.00916667	0
0	0.006875	0.01375	0.020625	0.0275	0.034375	0.04125	0.048125	0.055	0.061875	0.06875	0.075625	0.0825	0.089375	0.09625	0.103125	0.11	0.116875	0.12375	0.130625	0.130833	0.131042	0.13125	0.131458	0.131667	0.131875	0.132083	0.132292	0.1325	0.132708	0.132917	0.133125	0.133333	0.133542	0.13375	0.133958	0.134167	0.134375	0.134583	0.134792	0.135	0.135208	0.135417	0.135625	0.135833	0.136042	0.13625	0.136458	0.136667	0.136875	0.137083	0.137292	0.1375	0.137708	0.137917	0.138125	0.138333	0.138542	0.13875	0.138958	0.139167	0.139375	0.139583	0.139792	0.14	0.140208	0.140417	0.140625	0.140833	0.141042	0.14125	0.141458	0.141667	0.141875	0.142083	0.142292	0.1425	0.142708	0.142917	0.143125	0.143333	0.143542	0.14375	0.143958	0.144167	0.144375	0.144583	0.144792	0.145	0.145208	0.145417	0.145625	0.145833	0.146042	0.14625	0.146458	0.146667	0.146875	0.147083	0.147292	0.1475	0.147708	0.147917	0.148125	0.148333	0.148542	0.14875	0.148958	0.149167	0.149375	0.149583	0.149792	0.15	0.150208	0.150417	0.150625	0.150833	0.151042	0.15125	0.151458	0.151667	0.151875	0.152083	0.152292	0.1525	0.152708	0.152917	0.153125	0.153333	0.153542	0.15375	0.153958	0.154167	0.154375	0.154583	0.154792	0.155	0.155208	0.155417	0.155625	0.155833	0.156042	0.15625	0.156458	0.156667	0.156875	0.157083	0.157292	0.1575	0.157708	0.157917	0.158125	0.158333	0.158542	0.15875	0.158958	0.159167	0.159375	0.159583	0.159792	0.16	0.160208	0.160417	0.160625	0.160833	0.161042	0.16125	0.161458	0.161667	0.161875	0.162083	0.162292	0.1625	0.162708	0.162917	0.163125	0.163333	0.163542	0.16375	0.163958	0.164167	0.164375	0.157917	0.151458	0.145	0.138542	0.132083	0.125625	0.119167	0.112708	0.10625	0.0997917	0.0933333	0.086875	0.0804167	0.0739583	0.0675	0.0610417	0.0545833	0.048125	0.0416667	0.0352083	0.02875	0.0222917	0.0158333	0.009375	0.00291667	-0.00354167	-0.01	-0.0164583	-0.0229167	-0.029375	-0.0358333	-0.0422917	-0.04875	-0.0552083	-0.0616667	-0.068125	-0.0745833	-0.0810417	-0.0875	-0.0939583	-0.100417	-0.106875	-0.113333	-0.119792	-0.12625	-0.132708	-0.139167	-0.145625	-0.152083	-0.158542	-0.165	-0.171458	-0.177917	-0.184375	-0.190833	-0.197292	-0.20375	-0.210208	-0.208854	-0.2075	-0.206146	-0.204792	-0.203438	-0.202083	-0.200729	-0.199375	-0.198021	-0.196667	-0.195313	-0.193958	-0.192604	-0.19125	-0.189896	-0.188542	-0.187188	-0.185833	-0.184479	-0.183125	-0.181771	-0.180417	-0.179063	-0.177708	-0.176354	-0.175	-0.173646	-0.172292	-0.170938	-0.169583	-0.168229	-0.166875	-0.165521	-0.164167	-0.162813	-0.161458	-0.160104	-0.15875	-0.157396	-0.156042	-0.154688	-0.153333	-0.151979	-0.150625	-0.149271	-0.147917	-0.146563	-0.145208	-0.143854	-0.1425	-0.141146	-0.139792	-0.138438	-0.137083	-0.135729	-0.134375	-0.133021	-0.131667	-0.130313	-0.128958	-0.127604	-0.12625	-0.124896	-0.123542	-0.122188	-0.120833	-0.119479	-0.118125	-0.116771	-0.115417	-0.114063	-0.112708	-0.111354	-0.11	-0.108646	-0.107292	-0.105938	-0.104583	-0.103229	-0.101875	-0.100521	-0.0991667	-0.0978125	-0.0964583	-0.0951042	-0.09375	-0.0923958	-0.0910417	-0.0896875	-0.0883333	-0.0869792	-0.085625	-0.0842708	-0.0829167	-0.0815625	-0.0802083	-0.0788542	-0.0775	-0.0761458	-0.0747917	-0.0734375	-0.0720833	-0.0707292	-0.069375	-0.0680208	-0.0666667	-0.0653125	-0.0639583	-0.0626042	-0.06125	-0.0598958	-0.0585417	-0.0571875	-0.0558333	-0.0544792	-0.053125	-0.0517708	-0.0504167	-0.0490625	-0.0477083	-0.0463542	-0.045	-0.0436458	-0.0422917	-0.0409375	-0.0395833	-0.0382292	-0.036875	-0.0355208	-0.0341667	-0.0328125	-0.0314583	-0.0301042	-0.02875	-0.0273958	-0.0260417	-0.0246875	-0.0233333	-0.0219792	-0.020625	-0.0192708	-0.0179167	-0.0165625	-0.0152083	-0.0138542	-0.0125	-0.0111458	-0.00979167	-0.0084375	-0.00708333	-0.00572917	-0.004375	-0.00302083	-0.00166667	-0.0003125	0.00104167	0.00239583	0.00375	0.00510417	0.00645833	0
0	-0.00645833	-0.00625	-0.00604167	-0.00583333	-0.005625	-0.00541667	-0.00520833	-0.005	-0.00479167	-0.00458333	-0.004375	-0.00416667	-0.00395833	-0.00375	-0.00354167	-0.00333333	-0.003125	-0.00291667	-0.00270833	-0.0025	-0.00229167	-0.00208333	-0.001875	-0.00166667	-0.00145833	-0.00125	-0.00104167	-0.000833333	-0.000625	-0.000416667	-0.000208333	1.11022e-16	0.000208333	0.000416667	0.000625	0.000833333	0.00104167	0.00125	0.00145833	0.00166667	0.001875	0.00208333	0.00229167	0.0025	0.00270833	0.00291667	0.003125	0.00333333	0.00354167	0.00375	0.00395833	0.00416667	0.004375	0.00458333	0.00479167	0.005	0.00520833	0.00541667	0.005625	0.00583333	0.00604167	0.00625	0.00645833	0.00666667	0.006875	0.00708333	0.00729167	0.0075	0.00770833	0.00791667	0.008125	0.00833333	0.00854167	0.00875	0.00895833	0.00916667	0.009375	0.00958333	0.00979167	0.01	0.0102083	0.0104167	0.010625	0.0108333	0.0110417	0.01125	0.0114583	0.0116667	0.011875	0.0120833	0.0122917	0.0125	0.0127083	0.0129167	0.013125	0.0133333	0.0135417	0.01375	0.0139583	0.0141667	0.014375	0.0145833	0.0147917	0.015	0.0152083	0.0154167	0.015625	0.0158333	0.0160417	0.01625	0.0164583	0.0166667	0.016875	0.0170833	0.0172917	0.0175	0.0177083	0.0179167	0.018125	0.0183333	0.0185417	0.01875	0.0189583	0.0191667	0.019375	0.0195833	0.0197917	0.02	0.0202083	0.0204167	0.020625	0.0208333	0.0210417	0.02125	0.0214583	0.0216667	0.021875	0.0220833	0.0222917	0.0225	0.0227083	0.0229167	0.023125	0.0233333	0.0235417	0.02375	0.0239583	0.0241667	0.024375	0.0245833	0.0247917	0.025	0.0252083	0.0254167	0.025625	0.0258333	0.0260417	0.02625	0.0264583	0.0266667	0.026875	0.0270833	0.0272917	0.0275	0.0277083	0.0279167	0.028125	0.0283333	0.0285417	0.02875	0.0289583	0.0291667	0.029375	0.0295833	0.0297917	0.03	0.0302083	0.0304167	0.030625	0.0308333	0.0310417	0.03125	0.0314583	0.0316667	0.031875	0.0320833	0.0322917	0.0325	0.0327083	0.0329167	0.033125	0.0333333	0.0335417	0.03375	0.0339583	0.0341667	0.034375	0.0345833	0.0347917	0.035	0.0352083	0.02875	0.0222917	0.0158333	0.009375	0.00291667	-0.00354167	-0.01	-0.0164583	-0.0229167	-0.029375	-0.0358333	-0.0422917	-0.04875	-0.0552083	-0.0616667	-0.068125	-0.0745833	-0.0810417	-0.0796875	-0.0783333	-0.0769792	-0.075625	-0.0742708	-0.0729167	-0.0715625	-0.0702083	-0.0688542	-0.0675	-0.0661458	-0.0647917	-0.0634375	-0.0620833	-0.0607292	-0.059375	-0.0580208	-0.0566667	-0.0553125	-0.0539583	-0.0526042	-0.05125	-0.0498958	-0.0485417	-0.0471875	-0.0458333	-0.0444792	-0.043125	-0.0417708	-0.0404167	-0.0390625	-0.0377083	-0.0363542	-0.035	-0.0336458	-0.0322917	-0.0309375	-0.0295833	-0.0282292	-0.026875	-0.0255208	-0.0241667	-0.0228125	-0.0214583	-0.0201042	-0.01875	-0.0173958	-0.0160417	-0.0146875	-0.0133333	-0.0119792	-0.010625	-0.00927083	-0.00791667	-0.0065625	-0.00520833	-0.00385417	-0.0025	-0.00114583	0.000208333	0.0015625	0.00291667	0.00427083	0.005625	0.00697917	0.00833333	0.0096875	0.0110417	0.0123958	0.01375	0.0151042	0.0164583	0.0178125	0.0191667	0.0205208	0.021875	0.0232292	0.0245833	0.0259375	0.0272917	0.0286458	0.03	0.0313542	0.0327083	0.0340625	0.0354167	0.0367708	0.038125	0.0394792	0.0408333	0.0421875	0.0435417	0.0448958	0.04625	0.0476042	0.0489583	0.0503125	0.0516667	0.0530208	0.054375	0.0557292	0.0570833	0.0584375	0.0597917	0.0611458	0.0625	0.0638542	0.0652083	0.0665625	0.0679167	0.0692708	0.070625	0.0719792	0.0733333	0.0746875	0.0760417	0.0773958	0.07875	0.0801042	0.0814583	0.0828125	0.0841667	0.0855208	0.086875	0.0882292	0.0895833	0.0909375	0.0922917	0.0936458	0.095	0.0963542	0.0977083	0.0990625	0.100417	0.101771	0.103125	0.104479	0.105833	0.107187	0.108542	0.109896	0.11125	0.112604	0.113958	0.115312	0.116667	0.118021	0.119375	0.120729	0.122083	0.123437	0.124792	0.126146	0.1275	0.128854	0.130208	0.131562	0.132917	0.134271	0.135625	0.129167	0.122708	0.11625	0.109792	0.103333	0.096875	0.0904167	0.0839583	0.0775	0.0710417	0.0645833	0.058125	0.0516667	0.0452083	0.03875	0.0322917	0.0258333	0.019375	0.0129167	0.00645833	0
0	-0.00645833	-0.0129167	-0.019375	-0.0258333	-0.0322917	-0.03875	-0.0452083	-0.0516667	-0.058125	-0.0645833	-0.0710417	-0.0775	-0.0839583	-0.0904167	-0.096875	-0.103333	-0.109792	-0.11625	-0.122708	-0.129167	-0.135625	-0.135417	-0.135208	-0.135	-0.134792	-0.134583	-0.134375	-0.134167	-0.133958	-0.13375	-0.133542	-0.133333	-0.133125	-0.132917	-0.132708	-0.1325	-0.132292	-0.132083	-0.131875	-0.131667	-0.131458	-0.13125	-0.131042	-0.130833	-0.130625	-0.130417	-0.130208	-0.13	-0.129792	-0.129583	-0.129375	-0.129167	-0.128958	-0.12875	-0.128542	-0.128333	-0.128125	-0.127917	-0.127708	-0.1275	-0.127292	-0.127083	-0.126875	-0.126667	-0.126458	-0.12625	-0.126042	-0.125833	-0.125625	-0.125417	-0.125208	-0.125	-0.124792	-0.124583	-0.124375	-0.124167	-0.123958	-0.12375	-0.123542	-0.123333	-0.123125	-0.122917	-0.122708	-0.1225	-0.122292	-0.122083	-0.121875	-0.121667	-0.121458	-0.12125	-0.121042	-0.120833	-0.120625	-0.120417	-0.120208	-0.12	-0.119792	-0.119583	-0.119375	-0.119167	-0.118958	-0.11875	-0.118542	-0.118333	-0.118125	-0.117917	-0.117708	-0.1175	-0.117292	-0.117083	-0.116875	-0.116667	-0.116458	-0.11625	-0.116042	-0.115833	-0.115625	-0.115417	-0.115208	-0.115	-0.114792	-0.114583	-0.114375	-0.114167	-0.113958	-0.11375	-0.113542	-0.113333	-0.113125	-0.112917	-0.112708	-0.1125	-0.112292	-0.112083	-0.111875	-0.111667	-0.111458	-0.11125	-0.111042	-0.110833	-0.110625	-0.110417	-0.110208	-0.11	-0.109792	-0.109583	-0.109375	-0.109167	-0.108958	-0.10875	-0.108542	-0.108333	-0.108125	-0.107917	-0.107708	-0.1075	-0.107292	-0.107083	-0.106875	-0.106667	-0.106458	-0.10625	-0.106042	-0.105833	-0.105625	-0.105417	-0.105208	-0.105	-0.104792	-0.104583	-0.104375	-0.104167	-0.103958	-0.10375	-0.103542	-0.103333	-0.103125	-0.102917	-0.102708	-0.1025	-0.102292	-0.102083	-0.101875	-0.101667	-0.101458	-0.10125	-0.101042	-0.100833	-0.100625	-0.100417	-0.100208	-0.1	-0.0997917	-0.0995833	-0.099375	-0.0991667	-0.0989583	-0.09875	-0.0985417	-0.0905208	-0.0825	-0.0744792	-0.0664583	-0.0584375	-0.0504167	-0.0423958	-0.034375	-0.0263542	-0.0183333	-0.0103125	-0.00229167	0.00572917	0.01375	0.0217708	0.0297917	0.0378125	0.0458333	0.0538542	0.061875	0.0698958	0.0779167	0.0792708	0.080625	0.0819792	0.0833333	0.0846875	0.0860417	0.0873958	0.08875	0.0901042	0.0914583	0.0928125	0.0941667	0.0955208	0.096875	0.0982292	0.0995833	0.100937	0.102292	0.103646	0.105	0.106354	0.107708	0.109062	0.110417	0.111771	0.113125	0.114479	0.115833	0.117187	0.118542	0.119896	0.12125	0.122604	0.123958	0.125312	0.126667	0.128021	0.129375	0.130729	0.132083	0.133437	0.134792	0.136146	0.1375	0.138854	0.140208	0.141562	0.142917	0.144271	0.145625	0.146979	0.148333	0.149687	0.151042	0.152396	0.15375	0.155104	0.156458	0.157812	0.159167	0.160521	0.161875	0.163229	0.164583	0.165937	0.167292	0.168646	0.17	0.171354	0.172708	0.174062	0.175417	0.176771	0.178125	0.179479	0.180833	0.182187	0.183542	0.184896	0.18625	0.187604	0.188958	0.190312	0.191667	0.193021	0.194375	0.195729	0.197083	0.198437	0.199792	0.201146	0.2025	0.203854	0.205208	0.206562	0.207917	0.209271	0.210625	0.211979	0.213333	0.214687	0.216042	0.217396	0.21875	0.220104	0.221458	0.222812	0.224167	0.225521	0.226875	0.228229	0.229583	0.230937	0.232292	0.233646	0.235	0.236354	0.237708	0.239062	0.240417	0.241771	0.243125	0.244479	0.245833	0.247187	0.248542	0.249896	0.25125	0.252604	0.253958	0.255312	0.256667	0.258021	0.259375	0.260729	0.262083	0.263438	0.264792	0.258333	0.251875	0.245417	0.238958	0.2325	0.226042	0.219583	0.213125	0.206667	0.200208	0.19375	0.187292	0.180833	0.174375	0.167917	0.161458	0.155	0.148542	0.142083	0.135625	0.129167	0.122708	0.11625	0.109792	0.103333	0.096875	0.0904167	0.0839583	0.0775	0.0710417	0.0645833	0.058125	0.0516667	0.0452083	0.03875	0.0322917	0.0258333	0.019375	0.0129167	0.00645833	0
0	-0.00645833	-0.0129167	-0.019375	-0.0258333	-0.0322917	-0.03875	-0.0452083	-0.0516667	-0.058125	-0.0645833	-0.0710417	-0.0775	-0.0839583	-0.0904167	-0.096875	-0.103333	-0.109792	-0.11625	-0.122708	-0.129167	-0.135625	-0.142083	-0.148542	-0.155	-0.161458	-0.167917	-0.174375	-0.180833	-0.187292	-0.19375	-0.200208	-0.206667	-0.213125	-0.219583	-0.226042	-0.2325	-0.238958	-0.245417	-0.251875	-0.258333	-0.264792	-0.264583	-0.264375	-0.264167	-0.263958	-0.26375	-0.263542	-0.263333	-0.263125	-0.262917	-0.262708	-0.2625	-0.262292	-0.262083	-0.261875	-0.261667	-0.261458	-0.26125	-0.261042	-0.260833	-0.260625	-0.260417	-0.260208	-0.26	-0.259792	-0.259583	-0.259375	-0.259167	-0.258958	-0.25875	-0.258542	-0.258333	-0.258125	-0.257917	-0.257708	-0.2575	-0.257292	-0.257083	-0.256875	-0.256667	-0.256458	-0.25625	-0.256042	-0.255833	-0.255625	-0.255417	-0.255208	-0.255	-0.254792	-0.254583	-0.254375	-0.254167	-0.253958	-0.25375	-0.253542	-0.253333	-0.253125	-0.252917	-0.252708	-0.2525	-0.252292	-0.252083	-0.251875	-0.251667	-0.251458	-0.25125	-0.251042	-0.250833	-0.250625	-0.250417	-0.250208	-0.25	-0.249792	-0.249583	-0.249375	-0.249167	-0.248958	-0.24875	-0.248542	-0.248333	-0.248125	-0.247917	-0.247708	-0.2475	-0.247292	-0.247083	-0.246875	-0.246667	-0.246458	-0.24625	-0.246042	-0.245833	-0.245625	-0.245417	-0.245208	-0.245	-0.244792	-0.244583	-0.244375	-0.244167	-0.243958	-0.24375	-0.243542	-0.243333	-0.243125	-0.242917	-0.242708	-0.2425	-0.242292	-0.242083	-0.241875	-0.241667	-0.241458	-0.24125	-0.241042	-0.240833	-0.240625	-0.240417	-0.240208	-0.24	-0.239792	-0.239583	-0.239375	-0.239167	-0.238958	-0.23875	-0.238542	-0.238333	-0.238125	-0.237917	-0.237708	-0.2375	-0.237292	-0.237083	-0.236875	-0.236667	-0.236458	-0.23625	-0.236042	-0.228021	-0.22	-0.211979	-0.203958	-0.195938	-0.187917	-0.179896	-0.171875	-0.163854	-0.155833	-0.147813	-0.139792	-0.131771	-0.12375	-0.115729	-0.107708	-0.0996875	-0.0916667	-0.0836458	-0.075625	-0.0676042	-0.0595833	-0.0515625	-0.0435417	-0.0355208	-0.0275	-0.0194792	-0.0114583	-0.0034375	0.00458333	0.0126042	0.020625	0.0286458	0.0366667	0.0446875	0.0527083	0.0607292	0.06875	0.0767708	0.0847917	0.0928125	0.100833	0.108854	0.116875	0.124896	0.132917	0.140937	0.148958	0.156979	0.165	0.173021	0.181042	0.189062	0.197083	0.205104	0.213125	0.221146	0.229167	0.237187	0.245208	0.253229	0.26125	0.262604	0.263958	0.265312	0.266667	0.268021	0.269375	0.270729	0.272083	0.273437	0.274792	0.276146	0.2775	0.278854	0.280208	0.281562	0.282917	0.284271	0.285625	0.286979	0.288333	0.289687	0.291042	0.292396	0.29375	0.295104	0.296458	0.297812	0.299167	0.300521	0.301875	0.303229	0.304583	0.305937	0.307292	0.308646	0.31	0.311354	0.312708	0.314062	0.315417	0.316771	0.318125	0.319479	0.320833	0.322187	0.323542	0.324896	0.32625	0.327604	0.328958	0.330312	0.331667	0.333021	0.334375	0.335729	0.337083	0.338437	0.339792	0.341146	0.3425	0.343854	0.345208	0.346562	0.347917	0.349271	0.350625	0.351979	0.353333	0.354687	0.356042	0.357396	0.35875	0.360104	0.361458	0.362812	0.364167	0.365521	0.366875	0.368229	0.369583	0.370937	0.372292	0.373646	0.375	0.376354	0.377708	0.379062	0.380417	0.381771	0.383125	0.384479	0.385833	0.387187	0.388542	0.389896	0.39125	0.392604	0.393958	0.3875	0.381042	0.374583	0.368125	0.361667	0.355208	0.34875	0.342292	0.335833	0.329375	0.322917	0.316458	0.31	0.303542	0.297083	0.290625	0.284167	0.277708	0.27125	0.264792	0.258333	0.251875	0.245417	0.238958	0.2325	0.226042	0.219583	0.213125	0.206667	0.200208	0.19375	0.187292	0.180833	0.174375	0.167917	0.161458	0.155	0.148542	0.142083	0.135625	0.129167	0.122708	0.11625	0.109792	0.103333	0.096875	0.0904167	0.0839583	0.0775	0.0710417	0.0645833	0.058125	0.0516667	0.0452083	0.03875	0.0322917	0.0258333	0.019375	0.0129167	0.00645833	0
0	-0.00645833	-0.0129167	-0.019375	-0.0258333	-0.0322917	-0.03875	-0.0452083	-0.0516667	-0.058125	-0.0645833	-0.0710417	-0.0775	-0.0839583	-0.0904167	-0.096875	-0.103333	-0.109792	-0.11625	-0.122708	-0.129167	-0.135625	-0.142083	-0.148542	-0.155	-0.161458	-0.167917	-0.174375	-0.180833	-0.187292	-0.19375	-0.200208	-0.206667	-0.213125	-0.219583	-0.226042	-0.2325	-0.238958	-0.245417	-0.251875	-0.258333	-0.264792	-0.27125	-0.277708	-0.284167	-0.290625	-0.297083	-0.303542	-0.31	-0.316458	-0.322917	-0.329375	-0.335833	-0.342292	-0.34875	-0.355208	-0.361667	-0.368125	-0.374583	-0.381042	-0.3875	-0.393958	-0.39375	-0.393542	-0.393333	-0.393125	-0.392917	-0.392708	-0.3925	-0.392292	-0.392083	-0.391875	-0.391667	-0.391458	-0.39125	-0.391042	-0.390833	-0.390625	-0.390417	-0.390208	-0.39	-0.389792	-0.389583	-0.389375	-0.389167	-0.388958	-0.38875	-0.388542	-0.388333	-0.388125	-0.387917	-0.387708	-0.3875	-0.387292	-0.387083	-0.386875	-0.386667	-0.386458	-0.38625	-0.386042	-0.385833	-0.385625	-0.385417	-0.385208	-0.385	-0.384792	-0.384583	-0.384375	-0.384167	-0.383958	-0.38375	-0.383542	-0.383333	-0.383125	-0.382917	-0.382708	-0.3825	-0.382292	-0.382083	-0.381875	-0.381667	-0.381458	-0.38125	-0.381042	-0.380833	-0.380625	-0.380417	-0.380208	-0.38	-0.379792	-0.379583	-0.379375	-0.379167	-0.378958	-0.37875	-0.378542	-0.378333	-0.378125	-0.377917	-0.377708	-0.3775	-0.377292	-0.377083	-0.376875	-0.376667	-0.376458	-0.37625	-0.376042	-0.375833	-0.375625	-0.375417	-0.375208	-0.375	-0.374792	-0.374583	-0.374375	-0.374167	-0.373958	-0.37375	-0.373542	-0.365521	-0.3575	-0.349479	-0.341458	-0.333438	-0.325417	-0.317396	-0.309375	-0.301354	-0.293333	-0.285313	-0.277292	-0.269271	-0.26125	-0.253229	-0.245208	-0.237188	-0.229167	-0.221146	-0.213125	-0.205104	-0.197083	-0.189063	-0.181042	-0.173021	-0.165	-0.156979	-0.148958	-0.140938	-0.132917	-0.124896	-0.116875	-0.108854	-0.100833	-0.0928125	-0.0847917	-0.0767708	-0.06875	-0.0607292	-0.0527083	-0.0446875	-0.0366667	-0.0286458	-0.020625	-0.0126042	-0.00458333	0.0034375	0.0114583	0.0194792	0.0275	0.0355208	0.0435417	0.0515625	0.0595833	0.0676042	0.075625	0.0836458	0.0916667	0.0996875	0.107708	0.115729	0.12375	0.131771	0.139792	0.147812	0.155833	0.163854	0.171875	0.179896	0.187917	0.195937	0.203958	0.211979	0.22	0.228021	0.236042	0.244062	0.252083	0.260104	0.268125	0.276146	0.284167	0.292187	0.300208	0.308229	0.31625	0.324271	0.332292	0.340312	0.348333	0.356354	0.364375	0.372396	0.380417	0.388437	0.396458	0.404479	0.4125	0.420521	0.428542	0.436562	0.444583	0.445937	0.447292	0.448646	0.45	0.451354	0.452708	0.454062	0.455417	0.456771	0.458125	0.459479	0.460833	0.462187	0.463542	0.464896	0.46625	0.467604	0.468958	0.470312	0.471667	0.473021	0.474375	0.475729	0.477083	0.478437	0.479792	0.481146	0.4825	0.483854	0.485208	0.486562	0.487917	0.489271	0.490625	0.491979	0.493333	0.494687	0.496042	0.497396	0.49875	0.500104	0.501458	0.502812	0.504167	0.505521	0.506875	0.508229	0.509583	0.510938	0.512292	0.513646	0.515	0.516354	0.517708	0.519063	0.520417	0.521771	0.523125	0.516667	0.510208	0.50375	0.497292	0.490833	0.484375	0.477917	0.471458	0.465	0.458542	0.452083	0.445625	0.439167	0.432708	0.42625	0.419792	0.413333	0.406875	0.400417	0.393958	0.3875	0.381042	0.374583	0.368125	0.361667	0.355208	0.34875	0.342292	0.335833	0.329375	0.322917	0.316458	0.31	0.303542	0.297083	0.290625	0.284167	0.277708	0.27125	0.264792	0.258333	0.251875	0.245417	0.238958	0.2325	0.226042	0.219583	0.213125	0.206667	0.200208	0.19375	0.187292	0.180833	0.174375	0.167917	0.161458	0.155	0.148542	0.142083	0.135625	0.129167	0.122708	0.11625	0.109792	0.103333	0.096875	0.0904167	0.0839583	0.0775	0.0710417	0.0645833	0.058125	0.0516667	0.0452083	0.03875	0.0322917	0.0258333	0.019375	0.0129167	0.00645833	0
0	-0.00645833	-0.0129167	-0.019375	-0.0258333	-0.0322917	-0.03875	-0.0452083	-0.0516667	-0.058125	-0.0645833	-0.0710417	-0.0775	-0.0839583	-0.0904167	-0.096875	-0.103333	-0.109792	-0.11625	-0.122708	-0.129167	-0.135625	-0.142083	-0.148542	-0.155	-0.161458	-0.167917	-0.174375	-0.180833	-0.187292	-0.19375	-0.200208	-0.206667	-0.213125	-0.219583	-0.226042	-0.2325	-0.238958	-0.245417	-0.251875	-0.258333	-0.264792	-0.27125	-0.277708	-0.284167	-0.290625	-0.297083	-0.303542	-0.31	-0.316458	-0.322917	-0.329375	-0.335833	-0.342292	-0.34875	-0.355208	-0.361667	-0.368125	-0.374583	-0.381042	-0.3875	-0.393958	-0.400417	-0.406875	-0.413333	-0.419792	-0.42625	-0.432708	-0.439167	-0.445625	-0.452083	-0.458542	-0.465	-0.471458	-0.477917	-0.484375	-0.490833	-0.497292	-0.50375	-0.510208	-0.516667	-0.523125	-0.522917	-0.522708	-0.5225	-0.522292	-0.522083	-0.521875	-0.521667	-0.521458	-0.52125	-0.521042	-0.520833	-0.520625	-0.520417	-0.520208	-0.52	-0.519792	-0.519583	-0.519375	-0.519167	-0.518958	-0.51875	-0.518542	-0.518333	-0.518125	-0.517917	-0.517708	-0.5175	-0.517292	-0.517083	-0.516875	-0.516667	-0.516458	-0.51625	-0.516042	-0.515833	-0.515625	-0.515417	-0.515208	-0.515	-0.514792	-0.514583	-0.514375	-0.514167	-0.513958	-0.51375	-0.513542	-0.513333	-0.513125	-0.512917	-0.512708	-0.5125	-0.512292	-0.512083	-0.511875	-0.511667	-0.511458	-0.51125	-0.511042	-0.503021	-0.495	-0.486979	-0.478958	-0.470938	-0.462917	-0.454896	-0.446875	-0.438854	-0.430833	-0.422813	-0.414792	-0.406771	-0.39875	-0.390729	-0.382708	-0.374688	-0.366667	-0.358646	-0.350625	-0.342604	-0.334583	-0.326563	-0.318542	-0.310521	-0.3025	-0.294479	-0.286458	-0.278438	-0.270417	-0.262396	-0.254375	-0.246354	-0.238333	-0.230312	-0.222292	-0.214271	-0.20625	-0.198229	-0.190208	-0.182187	-0.174167	-0.166146	-0.158125	-0.150104	-0.142083	-0.134062	-0.126042	-0.118021	-0.11	-0.101979	-0.0939583	-0.0859375	-0.0779167	-0.0698958	-0.061875	-0.0538542	-0.0458333	-0.0378125	-0.0297917	-0.0217708	-0.01375	-0.00572917	0.00229167	0.0103125	0.0183333	0.0263542	0.034375	0.0423958	0.0504167	0.0584375	0.0664583	0.0744792	0.0825	0.0905208	0.0985417	0.106563	0.114583	0.122604	0.130625	0.138646	0.146667	0.154688	0.162708	0.170729	0.17875	0.186771	0.194792	0.202813	0.210833	0.218854	0.226875	0.234896	0.242917	0.250938	0.258958	0.266979	0.275	0.283021	0.291042	0.299063	0.307083	0.315104	0.323125	0.331146	0.339167	0.347188	0.355208	0.363229	0.37125	0.379271	0.387292	0.395313	0.403333	0.411354	0.419375	0.427396	0.435417	0.443438	0.451458	0.459479	0.4675	0.475521	0.483542	0.491562	0.499583	0.507604	0.515625	0.523646	0.531667	0.539687	0.547708	0.555729	0.56375	0.571771	0.579792	0.587812	0.595833	0.603854	0.611875	0.619896	0.627917	0.629271	0.630625	0.631979	0.633333	0.634687	0.636042	0.637396	0.63875	0.640104	0.641458	0.642812	0.644167	0.645521	0.646875	0.648229	0.649583	0.650938	0.652292	0.645833	0.639375	0.632917	0.626458	0.62	0.613542	0.607083	0.600625	0.594167	0.587708	0.58125	0.574792	0.568333	0.561875	0.555417	0.548958	0.5425	0.536042	0.529583	0.523125	0.516667	0.510208	0.50375	0.497292	0.490833	0.484375	0.477917	0.471458	0.465	0.458542	0.452083	0.445625	0.439167	0.432708	0.42625	0.419792	0.413333	0.406875	0.400417	0.393958	0.3875	0.381042	0.374583	0.368125	0.361667	0.355208	0.34875	0.342292	0.335833	0.329375	0.322917	0.316458	0.31	0.303542	0.297083	0.290625	0.284167	0.277708	0.27125	0.264792	0.258333	0.251875	0.245417	0.238958	0.2325	0.226042	0.219583	0.213125	0.206667	0.200208	0.19375	0.187292	0.180833	0.174375	0.167917	0.161458	0.155	0.148542	0.142083	0.135625	0.129167	0.122708	0.11625	0.109792	0.103333	0.096875	0.0904167	0.0839583	0.0775	0.0710417	0.0645833	0.058125	0.0516667	0.0452083	0.03875	0.0322917	0.0258333	0.019375	0.0129167	0.00645833	0
0	-0.00645833	-0.0129167	-0.019375	-0.0258333	-0.0322917	-0.03875	-0.0452083	-0.0516667	-0.058125	-0.0645833	-0.0710417	-0.0775	-0.0839583	-0.0904167	-0.096875	-0.103333	-0.109792	-0.11625	-0.122708	-0.129167	-0.135625	-0.142083	-0.148542	-0.155	-0.161458	-0.167917	-0.174375	-0.180833	-0.187292	-0.19375	-0.200208	-0.206667	-0.213125	-0.219583	-0.226042	-0.2325	-0.238958	-0.245417	-0.251875	-0.258333	-0.264792	-0.27125	-0.277708	-0.284167	-0.290625	-0.297083	-0.303542	-0.31	-0.316458	-0.322917	-0.329375	-0.335833	-0.342292	-0.34875	-0.355208	-0.361667	-0.368125	-0.374583	-0.381042	-0.3875	-0.393958	-0.400417	-0.406875	-0.413333	-0.419792	-0.42625	-0.432708	-0.439167	-0.445625	-0.452083	-0.458542	-0.465	-0.471458	-0.477917	-0.484375	-0.490833	-0.497292	-0.50375	-0.510208	-0.516667	-0.523125	-0.529583	-0.536042	-0.5425	-0.548958	-0.555417	-0.561875	-0.568333	-0.574792	-0.58125	-0.587708	-0.594167	-0.600625	-0.607083	-0.613542	-0.62	-0.626458	-0.632917	-0.639375	-0.645833	-0.652292	-0.652083	-0.651875	-0.651667	-0.651458	-0.65125	-0.651042	-0.650833	-0.650625	-0.650417	-0.650208	-0.65	-0.649792	-0.649583	-0.649375	-0.649167	-0.648958	-0.64875	-0.648542	-0.640521	-0.6325	-0.624479	-0.616458	-0.608438	-0.600417	-0.592396	-0.584375	-0.576354	-0.568333	-0.560313	-0.552292	-0.544271	-0.53625	-0.528229	-0.520208	-0.512188	-0.504167	-0.496146	-0.488125	-0.480104	-0.472083	-0.464063	-0.456042	-0.448021	-0.44	-0.431979	-0.423958	-0.415938	-0.407917	-0.399896	-0.391875	-0.383854	-0.375833	-0.367812	-0.359792	-0.351771	-0.34375	-0.335729	-0.327708	-0.319687	-0.311667	-0.303646	-0.295625	-0.287604	-0.279583	-0.271562	-0.263542	-0.255521	-0.2475	-0.239479	-0.231458	-0.223438	-0.215417	-0.207396	-0.199375	-0.191354	-0.183333	-0.175312	-0.167292	-0.159271	-0.15125	-0.143229	-0.135208	-0.127187	-0.119167	-0.111146	-0.103125	-0.0951042	-0.0870833	-0.0790625	-0.0710417	-0.0630208	-0.055	-0.0469792	-0.0389583	-0.0309375	-0.0229167	-0.0148958	-0.006875	0.00114583	0.00916667	0.0171875	0.0252083	0.0332292	0.04125	0.0492708	0.0572917	0.0653125	0.0733333	0.0813542	0.089375	0.0973958	0.105417	0.113438	0.121458	0.129479	0.1375	0.145521	0.153542	0.161563	0.169583	0.177604	0.185625	0.193646	0.201667	0.209688	0.217708	0.225729	0.23375	0.241771	0.249792	0.257813	0.265833	0.273854	0.281875	0.289896	0.297917	0.305938	0.313958	0.321979	0.33	0.338021	0.346042	0.354063	0.362083	0.370104	0.378125	0.386146	0.394167	0.402188	0.410208	0.418229	0.42625	0.434271	0.442292	0.450312	0.458333	0.466354	0.474375	0.482396	0.490417	0.498437	0.506458	0.514479	0.5225	0.530521	0.538542	0.546563	0.554583	0.562604	0.570625	0.578646	0.586667	0.594688	0.602708	0.610729	0.61875	0.626771	0.634792	0.635	0.635208	0.635417	0.635625	0.635833	0.636042	0.63625	0.636458	0.636667	0.636875	0.637083	0.637292	0.6375	0.637708	0.637917	0.638125	0.638333	0.638542	0.63875	0.638958	0.639167	0.639375	0.632917	0.626458	0.62	0.613542	0.607083	0.600625	0.594167	0.587708	0.58125	0.574792	0.568333	0.561875	0.555417	0.548958	0.5425	0.536042	0.529583	0.523125	0.516667	0.510208	0.50375	0.497292	0.490833	0.484375	0.477917	0.471458	0.465	0.458542	0.452083	0.445625	0.439167	0.432708	0.42625	0.419792	0.413333	0.406875	0.400417	0.393958	0.3875	0.381042	0.374583	0.368125	0.361667	0.355208	0.34875	0.342292	0.335833	0.329375	0.322917	0.316458	0.31	0.303542	0.297083	0.290625	0.284167	0.277708	0.27125	0.264792	0.258333	0.251875	0.245417	0.238958	0.2325	0.226042	0.219583	0.213125	0.206667	0.200208	0.19375	0.187292	0.180833	0.174375	0.167917	0.161458	0.155	0.148542	0.142083	0.135625	0.129167	0.122708	0.11625	0.109792	0.103333	0.096875	0.0904167	0.0839583	0.0775	0.0710417	0.0645833	0.058125	0.0516667	0.0452083	0.03875	0.0322917	0.0258333	0.019375	0.0129167	0.00645833	0
0	-0.00645833	-0.0129167	-0.019375	-0.0258333	-0.0322917	-0.03875	-0.0452083	-0.0516667	-0.058125	-0.0645833	-0.0710417	-0.0775	-0.0839583	-0.0904167	-0.096875	-0.103333	-0.109792	-0.11625	-0.122708	-0.129167	-0.135625	-0.142083	-0.148542	-0.155	-0.161458	-0.167917	-0.174375	-0.180833	-0.187292	-0.19375	-0.200208	-0.206667	-0.213125	-0.219583	-0.226042	-0.2325	-0.238958	-0.245417	-0.251875	-0.258333	-0.264792	-0.27125	-0.277708	-0.284167	-0.290625	-0.297083	-0.303542	-0.31	-0.316458	-0.322917	-0.329375	-0.335833	-0.342292	-0.34875	-0.355208	-0.361667	-0.368125	-0.374583	-0.381042	-0.3875	-0.393958	-0.400417	-0.406875	-0.413333	-0.419792	-0.42625	-0.432708	-0.439167	-0.445625	-0.452083	-0.458542	-0.465	-0.471458	-0.477917	-0.484375	-0.490833	-0.497292	-0.50375	-0.510208	-0.516667	-0.523125	-0.529583	-0.536042	-0.5425	-0.548958	-0.555417	-0.561875	-0.568333	-0.574792	-0.58125	-0.587708	-0.594167	-0.600625	-0.607083	-0.613542	-0.62	-0.626458	-0.632917	-0.639375	-0.638021	-0.636667	-0.635313	-0.633958	-0.632604	-0.63125	-0.629896	-0.628542	-0.627188	-0.625833	-0.624479	-0.623125	-0.621771	-0.620417	-0.619063	-0.617708	-0.616354	-0.615	-0.613646	-0.612292	-0.610938	-0.609583	-0.601563	-0.593542	-0.585521	-0.5775	-0.569479	-0.561458	-0.553438	-0.545417	-0.537396	-0.529375	-0.521354	-0.513333	-0.505313	-0.497292	-0.489271	-0.48125	-0.473229	-0.465208	-0.457188	-0.449167	-0.441146	-0.433125	-0.425104	-0.417083	-0.409063	-0.401042	-0.393021	-0.385	-0.376979	-0.368958	-0.360938	-0.352917	-0.344896	-0.336875	-0.328854	-0.320833	-0.312813	-0.304792	-0.296771	-0.28875	-0.280729	-0.272708	-0.264688	-0.256667	-0.248646	-0.240625	-0.232604	-0.224583	-0.216563	-0.208542	-0.200521	-0.1925	-0.184479	-0.176458	-0.168438	-0.160417	-0.152396	-0.144375	-0.136354	-0.128333	-0.120312	-0.112292	-0.104271	-0.09625	-0.0882292	-0.0802083	-0.0721875	-0.0641667	-0.0561458	-0.048125	-0.0401042	-0.0320833	-0.0240625	-0.0160417	-0.00802083	2.77556e-16	0.00802083	0.0160417	0.0240625	0.0320833	0.0401042	0.048125	0.0561458	0.0641667	0.0721875	0.0802083	0.0882292	0.09625	0.104271	0.112292	0.120313	0.128333	0.136354	0.144375	0.152396	0.160417	0.168438	0.176458	0.184479	0.1925	0.200521	0.208542	0.216562	0.224583	0.232604	0.240625	0.248646	0.256667	0.264687	0.272708	0.280729	0.28875	0.296771	0.304792	0.312812	0.320833	0.328854	0.336875	0.344896	0.352917	0.360938	0.368958	0.376979	0.385	0.393021	0.401042	0.409063	0.417083	0.425104	0.433125	0.441146	0.449167	0.457188	0.465208	0.473229	0.48125	0.489271	0.497292	0.4975	0.497708	0.497917	0.498125	0.498333	0.498542	0.49875	0.498958	0.499167	0.499375	0.499583	0.499792	0.5	0.500208	0.500417	0.500625	0.500833	0.501042	0.50125	0.501458	0.501667	0.501875	0.502083	0.502292	0.5025	0.502708	0.502917	0.503125	0.503333	0.503542	0.50375	0.503958	0.504167	0.504375	0.504583	0.504792	0.505	0.505208	0.505417	0.505625	0.505833	0.506042	0.50625	0.506458	0.506667	0.506875	0.507083	0.507292	0.5075	0.507708	0.507917	0.508125	0.508333	0.508542	0.50875	0.508958	0.509167	0.509375	0.509583	0.509792	0.51	0.510208	0.50375	0.497292	0.490833	0.484375	0.477917	0.471458	0.465	0.458542	0.452083	0.445625	0.439167	0.432708	0.42625	0.419792	0.413333	0.406875	0.400417	0.393958	0.3875	0.381042	0.374583	0.368125	0.361667	0.355208	0.34875	0.342292	0.335833	0.329375	0.322917	0.316458	0.31	0.303542	0.297083	0.290625	0.284167	0.277708	0.27125	0.264792	0.258333	0.251875	0.245417	0.238958	0.2325	0.226042	0.219583	0.213125	0.206667	0.200208	0.19375	0.187292	0.180833	0.174375	0.167917	0.161458	0.155	0.148542	0.142083	0.135625	0.129167	0.122708	0.11625	0.109792	0.103333	0.096875	0.0904167	0.0839583	0.0775	0.0710417	0.0645833	0.058125	0.0516667	0.0452083	0.03875	0.0322917	0.0258333	0.019375	0.0129167	0.00645833	0
0	-0.00645833	-0.0129167	-0.019375	-0.0258333	-0.0322917	-0.03875	-0.0452083	-0.0516667	-0.058125	-0.0645833	-0.0710417	-0.0775	-0.0839583	-0.0904167	-0.096875	-0.103333	-0.109792	-0.11625	-0.122708	-0.129167	-0.135625	-0.142083	-0.148542	-0.155	-0.161458	-0.167917	-0.174375	-0.180833	-0.187292	-0.19375	-0.200208	-0.206667	-0.213125	-0.219583	-0.226042	-0.2325	-0.238958	-0.245417	-0.251875	-0.258333	-0.264792	-0.27125	-0.277708	-0.284167	-0.290625	-0.297083	-0.303542	-0.31	-0.316458	-0.322917	-0.329375	-0.335833	-0.342292	-0.34875	-0.355208	-0.361667	-0.368125	-0.374583	-0.381042	-0.3875	-0.393958	-0.400417	-0.406875	-0.413333	-0.419792	-0.42625	-0.432708	-0.439167	-0.445625	-0.452083	-0.458542	-0.465	-0.471458	-0.477917	-0.484375	-0.490833	-0.497292	-0.50375	-0.510208	-0.508854	-0.5075	-0.506146	-0.504792	-0.503438	-0.502083	-0.500729	-0.499375	-0.498021	-0.496667	-0.495313	-0.493958	-0.492604	-0.49125	-0.489896	-0.488542	-0.487188	-0.485833	-0.484479	-0.483125	-0.481771	-0.480417	-0.479063	-0.477708	-0.476354	-0.475	-0.473646	-0.472292	-0.470938	-0.469583	-0.468229	-0.466875	-0.465521	-0.464167	-0.462813	-0.461458	-0.460104	-0.45875	-0.457396	-0.456042	-0.454688	-0.453333	-0.451979	-0.450625	-0.449271	-0.447917	-0.446563	-0.445208	-0.443854	-0.4425	-0.441146	-0.439792	-0.438438	-0.437083	-0.435729	-0.434375	-0.433021	-0.431667	-0.430313	-0.428958	-0.427604	-0.42625	-0.418229	-0.410208	-0.402188	-0.394167	-0.386146	-0.378125	-0.370104	-0.362083	-0.354063	-0.346042	-0.338021	-0.33	-0.321979	-0.313958	-0.305938	-0.297917	-0.289896	-0.281875	-0.273854	-0.265833	-0.257813	-0.249792	-0.241771	-0.23375	-0.225729	-0.217708	-0.209688	-0.201667	-0.193646	-0.185625	-0.177604	-0.169583	-0.161563	-0.153542	-0.145521	-0.1375	-0.129479	-0.121458	-0.113438	-0.105417	-0.0973958	-0.089375	-0.0813542	-0.0733333	-0.0653125	-0.0572917	-0.0492708	-0.04125	-0.0332292	-0.0252083	-0.0171875	-0.00916667	-0.00114583	0.006875	0.0148958	0.0229167	0.0309375	0.0389583	0.0469792	0.055	0.0630208	0.0710417	0.0790625	0.0870833	0.0951042	0.103125	0.111146	0.119167	0.127187	0.135208	0.143229	0.15125	0.159271	0.167292	0.175312	0.183333	0.191354	0.199375	0.207396	0.215417	0.223437	0.231458	0.239479	0.2475	0.255521	0.263542	0.271563	0.279583	0.287604	0.295625	0.303646	0.311667	0.319688	0.327708	0.335729	0.34375	0.351771	0.359792	0.36	0.360208	0.360417	0.360625	0.360833	0.361042	0.36125	0.361458	0.361667	0.361875	0.362083	0.362292	0.3625	0.362708	0.362917	0.363125	0.363333	0.363542	0.36375	0.363958	0.364167	0.364375	0.364583	0.364792	0.365	0.365208	0.365417	0.365625	0.365833	0.366042	0.36625	0.366458	0.366667	0.366875	0.367083	0.367292	0.3675	0.367708	0.367917	0.368125	0.368333	0.368542	0.36875	0.368958	0.369167	0.369375	0.369583	0.369792	0.37	0.370208	0.370417	0.370625	0.370833	0.371042	0.37125	0.371458	0.371667	0.371875	0.372083	0.372292	0.3725	0.372708	0.372917	0.373125	0.373333	0.373542	0.37375	0.373958	0.374167	0.374375	0.374583	0.374792	0.375	0.375208	0.375417	0.375625	0.375833	0.376042	0.37625	0.376458	0.376667	0.376875	0.377083	0.377292	0.3775	0.377708	0.377917	0.378125	0.378333	0.378542	0.37875	0.378958	0.379167	0.379375	0.379583	0.379792	0.38	0.380208	0.380417	0.380625	0.380833	0.381042	0.374583	0.368125	0.361667	0.355208	0.34875	0.342292	0.335833	0.329375	0.322917	0.316458	0.31	0.303542	0.297083	0.290625	0.284167	0.277708	0.27125	0.264792	0.258333	0.251875	0.245417	0.238958	0.2325	0.226042	0.219583	0.213125	0.206667	0.200208	0.19375	0.187292	0.180833	0.174375	0.167917	0.161458	0.155	0.148542	0.142083	0.135625	0.129167	0.122708	0.11625	0.109792	0.103333	0.096875	0.0904167	0.0839583	0.0775	0.0710417	0.0645833	0.058125	0.0516667	0.0452083	0.03875	0.0322917	0.0258333	0.019375	0.0129167	0.00645833	0
0	-0.00645833	-0.0129167	-0.019375	-0.0258333	-0.0322917	-0.03875	-0.0452083	-0.0516667	-0.058125	-0.0645833	-0.0710417	-0.0775	-0.0839583	-0.0904167	-0.096875	-0.103333	-0.109792	-0.11625	-0.122708	-0.129167	-0.135625	-0.142083	-0.148542	-0.155	-0.161458	-0.167917	-0.174375	-0.180833	-0.187292	-0.19375	-0.200208	-0.206667	-0.213125	-0.219583	-0.226042	-0.2325	-0.238958	-0.245417	-0.251875	-0.258333	-0.264792	-0.27125	-0.277708	-0.284167	-0.290625	-0.297083	-0.303542	-0.31	-0.316458	-0.322917	-0.329375	-0.335833	-0.342292	-0.34875	-0.355208	-0.361667	-0.368125	-0.374583	-0.381042	-0.379688	-0.378333	-0.376979	-0.375625	-0.374271	-0.372917	-0.371563	-0.370208	-0.368854	-0.3675	-0.366146	-0.364792	-0.363438	-0.362083	-0.360729	-0.359375	-0.358021	-0.356667	-0.355312	-0.353958	-0.352604	-0.35125	-0.349896	-0.348542	-0.347188	-0.345833	-0.344479	-0.343125	-0.341771	-0.340417	-0.339063	-0.337708	-0.336354	-0.335	-0.333646	-0.332292	-0.330938	-0.329583	-0.328229	-0.326875	-0.325521	-0.324167	-0.322813	-0.321458	-0.320104	-0.31875	-0.317396	-0.316042	-0.314688	-0.313333	-0.311979	-0.310625	-0.309271	-0.307917	-0.306563	-0.305208	-0.303854	-0.3025	-0.301146	-0.299792	-0.298438	-0.297083	-0.295729	-0.294375	-0.293021	-0.291667	-0.290313	-0.288958	-0.287604	-0.28625	-0.284896	-0.283542	-0.282188	-0.280833	-0.279479	-0.278125	-0.276771	-0.275417	-0.274063	-0.272708	-0.271354	-0.27	-0.268646	-0.267292	-0.265938	-0.264583	-0.263229	-0.261875	-0.260521	-0.259167	-0.257813	-0.256458	-0.255104	-0.25375	-0.252396	-0.251042	-0.249688	-0.248333	-0.246979	-0.245625	-0.244271	-0.242917	-0.234896	-0.226875	-0.218854	-0.210833	-0.202813	-0.194792	-0.186771	-0.17875	-0.170729	-0.162708	-0.154688	-0.146667	-0.138646	-0.130625	-0.122604	-0.114583	-0.106563	-0.0985417	-0.0905208	-0.0825	-0.0744792	-0.0664583	-0.0584375	-0.0504167	-0.0423958	-0.034375	-0.0263542	-0.0183333	-0.0103125	-0.00229167	0.00572917	0.01375	0.0217708	0.0297917	0.0378125	0.0458333	0.0538542	0.061875	0.0698958	0.0779167	0.0859375	0.0939583	0.101979	0.11	0.118021	0.126042	0.134063	0.142083	0.150104	0.158125	0.166146	0.174167	0.182188	0.190208	0.198229	0.20625	0.214271	0.222292	0.2225	0.222708	0.222917	0.223125	0.223333	0.223542	0.22375	0.223958	0.224167	0.224375	0.224583	0.224792	0.225	0.225208	0.225417	0.225625	0.225833	0.226042	0.22625	0.226458	0.226667	0.226875	0.227083	0.227292	0.2275	0.227708	0.227917	0.228125	0.228333	0.228542	0.22875	0.228958	0.229167	0.229375	0.229583	0.229792	0.23	0.230208	0.230417	0.230625	0.230833	0.231042	0.23125	0.231458	0.231667	0.231875	0.232083	0.232292	0.2325	0.232708	0.232917	0.233125	0.233333	0.233542	0.23375	0.233958	0.234167	0.234375	0.234583	0.234792	0.235	0.235208	0.235417	0.235625	0.235833	0.236042	0.23625	0.236458	0.236667	0.236875	0.237083	0.237292	0.2375	0.237708	0.237917	0.238125	0.238333	0.238542	0.23875	0.238958	0.239167	0.239375	0.239583	0.239792	0.24	0.240208	0.240417	0.240625	0.240833	0.241042	0.24125	0.241458	0.241667	0.241875	0.242083	0.242292	0.2425	0.242708	0.242917	0.243125	0.243333	0.243542	0.24375	0.243958	0.244167	0.244375	0.244583	0.244792	0.245	0.245208	0.245417	0.245625	0.245833	0.246042	0.24625	0.246458	0.246667	0.246875	0.247083	0.247292	0.2475	0.247708	0.247917	0.248125	0.248333	0.248542	0.24875	0.248958	0.249167	0.249375	0.249583	0.249792	0.25	0.250208	0.250417	0.250625	0.250833	0.251042	0.25125	0.251458	0.251667	0.251875	0.245417	0.238958	0.2325	0.226042	0.219583	0.213125	0.206667	0.200208	0.19375	0.187292	0.180833	0.174375	0.167917	0.161458	0.155	0.148542	0.142083	0.135625	0.129167	0.122708	0.11625	0.109792	0.103333	0.096875	0.0904167	0.0839583	0.0775	0.0710417	0.0645833	0.058125	0.0516667	0.0452083	0.03875	0.0322917	0.0258333	0.019375	0.0129167	0.00645833	0
0	-0.00645833	-0.0129167	-0.019375	-0.0258333	-0.0322917	-0.03875	-0.0452083	-0.0516667	-0.058125	-0.0645833	-0.0710417	-0.0775	-0.0839583	-0.0904167	-0.096875	-0.103333	-0.109792	-0.11625	-0.122708	-0.129167	-0.135625	-0.142083	-0.148542	-0.155	-0.161458	-0.167917	-0.174375	-0.180833	-0.187292	-0.19375	-0.200208	-0.206667	-0.213125	-0.219583	-0.226042	-0.2325	-0.238958	-0.245417	-0.251875	-0.250521	-0.249167	-0.247813	-0.246458	-0.245104	-0.24375	-0.242396	-0.241042	-0.239688	-0.238333	-0.236979	-0.235625	-0.234271	-0.232917	-0.231562	-0.230208	-0.228854	-0.2275	-0.226146	-0.224792	-0.223437	-0.222083	-0.220729	-0.219375	-0.218021	-0.216667	-0.215313	-0.213958	-0.212604	-0.21125	-0.209896	-0.208542	-0.207188	-0.205833	-0.204479	-0.203125	-0.201771	-0.200417	-0.199062	-0.197708	-0.196354	-0.195	-0.193646	-0.192292	-0.190937	-0.189583	-0.188229	-0.186875	-0.185521	-0.184167	-0.182812	-0.181458	-0.180104	-0.17875	-0.177396	-0.176042	-0.174687	-0.173333	-0.171979	-0.170625	-0.169271	-0.167917	-0.166562	-0.165208	-0.163854	-0.1625	-0.161146	-0.159792	-0.158438	-0.157083	-0.155729	-0.154375	-0.153021	-0.151667	-0.150313	-0.148958	-0.147604	-0.14625	-0.144896	-0.143542	-0.142188	-0.140833	-0.139479	-0.138125	-0.136771	-0.135417	-0.134063	-0.132708	-0.131354	-0.13	-0.128646	-0.127292	-0.125938	-0.124583	-0.123229	-0.121875	-0.120521	-0.119167	-0.117812	-0.116458	-0.115104	-0.11375	-0.112396	-0.111042	-0.109687	-0.108333	-0.106979	-0.105625	-0.104271	-0.102917	-0.101562	-0.100208	-0.0988542	-0.0975	-0.0961458	-0.0947917	-0.0934375	-0.0920833	-0.0907292	-0.089375	-0.0880208	-0.0866667	-0.0853125	-0.0839583	-0.0826042	-0.08125	-0.0798958	-0.0785417	-0.0771875	-0.0758333	-0.0744792	-0.073125	-0.0717708	-0.0704167	-0.0690625	-0.0677083	-0.0663542	-0.065	-0.0636458	-0.0622917	-0.0609375	-0.0595833	-0.0515625	-0.0435417	-0.0355208	-0.0275	-0.0194792	-0.0114583	-0.0034375	0.00458333	0.0126042	0.020625	0.0286458	0.0366667	0.0446875	0.0527083	0.0607292	0.06875	0.0767708	0.0847917	0.085	0.0852083	0.0854167	0.085625	0.0858333	0.0860417	0.08625	0.0864583	0.0866667	0.086875	0.0870833	0.0872917	0.0875	0.0877083	0.0879167	0.088125	0.0883333	0.0885417	0.08875	0.0889583	0.0891667	0.089375	0.0895833	0.0897917	0.09	0.0902083	0.0904167	0.090625	0.0908333	0.0910417	0.09125	0.0914583	0.0916667	0.091875	0.0920833	0.0922917	0.0925	0.0927083	0.0929167	0.093125	0.0933333	0.0935417	0.09375	0.0939583	0.0941667	0.094375	0.0945833	0.0947917	0.095	0.0952083	0.0954167	0.095625	0.0958333	0.0960417	0.09625	0.0964583	0.0966667	0.096875	0.0970833	0.0972917	0.0975	0.0977083	0.0979167	0.098125	0.0983333	0.0985417	0.09875	0.0989583	0.0991667	0.099375	0.0995833	0.0997917	0.1	0.100208	0.100417	0.100625	0.100833	0.101042	0.10125	0.101458	0.101667	0.101875	0.102083	0.102292	0.1025	0.102708	0.102917	0.103125	0.103333	0.103542	0.10375	0.103958	0.104167	0.104375	0.104583	0.104792	0.105	0.105208	0.105417	0.105625	0.105833	0.106042	0.10625	0.106458	0.106667	0.106875	0.107083	0.107292	0.1075	0.107708	0.107917	0.108125	0.108333	0.108542	0.10875	0.108958	0.109167	0.109375	0.109583	0.109792	0.11	0.110208	0.110417	0.110625	0.110833	0.111042	0.11125	0.111458	0.111667	0.111875	0.112083	0.112292	0.1125	0.112708	0.112917	0.113125	0.113333	0.113542	0.11375	0.113958	0.114167	0.114375	0.114583	0.114792	0.115	0.115208	0.115417	0.115625	0.115833	0.116042	0.11625	0.116458	0.116667	0.116875	0.117083	0.117292	0.1175	0.117708	0.117917	0.118125	0.118333	0.118542	0.11875	0.118958	0.119167	0.119375	0.119583	0.119792	0.12	0.120208	0.120417	0.120625	0.120833	0.121042	0.12125	0.121458	0.121667	0.121875	0.122083	0.122292	0.1225	0.122708	0.11625	0.109792	0.103333	0.096875	0.0904167	0.0839583	0.0775	0.0710417	0.0645833	0.058125	0.0516667	0.0452083	0.03875	0.0322917	0.0258333	0.019375	0.0129167	0.00645833	0
0	-0.00645833	-0.0129167	-0.019375	-0.0258333	-0.0322917	-0.03875	-0.0452083	-0.0516667	-0.058125	-0.0645833	-0.0710417	-0.0775	-0.0839583	-0.0904167	-0.096875	-0.103333	-0.109792	-0.11625	-0.122708	-0.121354	-0.12	-0.118646	-0.117292	-0.115938	-0.114583	-0.113229	-0.111875	-0.110521	-0.109167	-0.107812	-0.106458	-0.105104	-0.10375	-0.102396	-0.101042	-0.0996875	-0.0983333	-0.0969792	-0.095625	-0.0942708	-0.0929167	-0.0915625	-0.0902083	-0.0888542	-0.0875	-0.0861458	-0.0847917	-0.0834375	-0.0820833	-0.0807292	-0.079375	-0.0780208	-0.0766667	-0.0753125	-0.0739583	-0.0726042	-0.07125	-0.0698958	-0.0685417	-0.0671875	-0.0658333	-0.0644792	-0.063125	-0.0617708	-0.0604167	-0.0590625	-0.0577083	-0.0563542	-0.055	-0.0536458	-0.0522917	-0.0509375	-0.0495833	-0.0482292	-0.046875	-0.0455208	-0.0441667	-0.0428125	-0.0414583	-0.0401042	-0.03875	-0.0373958	-0.0360417	-0.0346875	-0.0333333	-0.0319792	-0.030625	-0.0292708	-0.0279167	-0.0265625	-0.0252083	-0.0238542	-0.0225	-0.0211458	-0.0197917	-0.0184375	-0.0170833	-0.0157292	-0.014375	-0.0130208	-0.0116667	-0.0103125	-0.00895833	-0.00760417	-0.00625	-0.00489583	-0.00354167	-0.0021875	-0.000833333	0.000520833	0.001875	0.00322917	0.00458333	0.0059375	0.00729167	0.00864583	0.01	0.0113542	0.0127083	0.0140625	0.0154167	0.0167708	0.018125	0.0194792	0.0208333	0.0221875	0.0235417	0.0248958	0.02625	0.0276042	0.0289583	0.0303125	0.0316667	0.0330208	0.034375	0.0357292	0.0370833	0.0384375	0.0397917	0.0411458	0.0425	0.0438542	0.0452083	0.0465625	0.0479167	0.0492708	0.050625	0.0519792	0.0533333	0.0546875	0.0560417	0.0573958	0.05875	0.0601042	0.0614583	0.0628125	0.0641667	0.0655208	0.066875	0.0682292	0.0695833	0.0709375	0.0722917	0.0736458	0.075	0.0763542	0.0777083	0.0790625	0.0804167	0.0817708	0.083125	0.0844792	0.0858333	0.0871875	0.0885417	0.0898958	0.09125	0.0926042	0.0939583	0.0875	0.0810417	0.0745833	0.068125	0.0616667	0.0552083	0.04875	0.0422917	0.0358333	0.029375	0.0229167	0.0164583	0.01	0.00354167	-0.00291667	-0.009375	-0.0158333	-0.0222917	-0.02875	-0.0352083	-0.0416667	-0.048125	-0.0479167	-0.0477083	-0.0475	-0.0472917	-0.0470833	-0.046875	-0.0466667	-0.0464583	-0.04625	-0.0460417	-0.0458333	-0.045625	-0.0454167	-0.0452083	-0.045	-0.0447917	-0.0445833	-0.044375	-0.0441667	-0.0439583	-0.04375	-0.0435417	-0.0433333	-0.043125	-0.0429167	-0.0427083	-0.0425	-0.0422917	-0.0420833	-0.041875	-0.0416667	-0.0414583	-0.04125	-0.0410417	-0.0408333	-0.040625	-0.0404167	-0.0402083	-0.04	-0.0397917	-0.0395833	-0.039375	-0.0391667	-0.0389583	-0.03875	-0.0385417	-0.0383333	-0.038125	-0.0379167	-0.0377083	-0.0375	-0.0372917	-0.0370833	-0.036875	-0.0366667	-0.0364583	-0.03625	-0.0360417	-0.0358333	-0.035625	-0.0354167	-0.0352083	-0.035	-0.0347917	-0.0345833	-0.034375	-0.0341667	-0.0339583	-0.03375	-0.0335417	-0.0333333	-0.033125	-0.0329167	-0.0327083	-0.0325	-0.0322917	-0.0320833	-0.031875	-0.0316667	-0.0314583	-0.03125	-0.0310417	-0.0308333	-0.030625	-0.0304167	-0.0302083	-0.03	-0.0297917	-0.0295833	-0.029375	-0.0291667	-0.0289583	-0.02875	-0.0285417	-0.0283333	-0.028125	-0.0279167	-0.0277083	-0.0275	-0.0272917	-0.0270833	-0.026875	-0.0266667	-0.0264583	-0.02625	-0.0260417	-0.0258333	-0.025625	-0.0254167	-0.0252083	-0.025	-0.0247917	-0.0245833	-0.024375	-0.0241667	-0.0239583	-0.02375	-0.0235417	-0.0233333	-0.023125	-0.0229167	-0.0227083	-0.0225	-0.0222917	-0.0220833	-0.021875	-0.0216667	-0.0214583	-0.02125	-0.0210417	-0.0208333	-0.020625	-0.0204167	-0.0202083	-0.02	-0.0197917	-0.0195833	-0.019375	-0.0191667	-0.0189583	-0.01875	-0.0185417	-0.0183333	-0.018125	-0.0179167	-0.0177083	-0.0175	-0.0172917	-0.0170833	-0.016875	-0.0166667	-0.0164583	-0.01625	-0.0160417	-0.0158333	-0.015625	-0.0154167	-0.0152083	-0.015	-0.0147917	-0.0145833	-0.014375	-0.0141667	-0.0139583	-0.01375	-0.0135417	-0.0133333	-0.013125	-0.0129167	-0.0127083	-0.0125	-0.0122917	-0.0120833	-0.011875	-0.0116667	-0.0114583	-0.01125	-0.0110417	-0.0108333	-0.010625	-0.0104167	-0.0102083	-0.01	-0.00979167	-0.00958333	-0.009375	-0.00916667	-0.00895833	-0.00875	-0.00854167	-0.00833333	-0.008125	-0.00791667	-0.00770833	-0.0075	-0.00729167	-0.00708333	-0.006875	0
0	0.00916667	0.0105208	0.011875	0.0132292	0.0145833	0.0159375	0.0172917	0.0186458	0.02	0.0213542	0.0227083	0.0240625	0.0254167	0.0267708	0.028125	0.0294792	0.0308333	0.0321875	0.0335417	0.0348958	0.03625	0.0376042	0.0389583	0.0403125	0.0416667	0.0430208	0.044375	0.0457292	0.0470833	0.0484375	0.0497917	0.0511458	0.0525	0.0538542	0.0552083	0.0565625	0.0579167	0.0592708	0.060625	0.0619792	0.0633333	0.0646875	0.0660417	0.0673958	0.06875	0.0701042	0.0714583	0.0728125	0.0741667	0.0755208	0.076875	0.0782292	0.0795833	0.0809375	0.0822917	0.0836458	0.085	0.0863542	0.0877083	0.0890625	0.0904167	0.0917708	0.093125	0.0944792	0.0958333	0.0971875	0.0985417	0.0998958	0.10125	0.102604	0.103958	0.105313	0.106667	0.108021	0.109375	0.110729	0.112083	0.113438	0.114792	0.116146	0.1175	0.118854	0.120208	0.121563	0.122917	0.124271	0.125625	0.126979	0.128333	0.129688	0.131042	0.132396	0.13375	0.135104	0.136458	0.137813	0.139167	0.140521	0.141875	0.143229	0.144583	0.145938	0.147292	0.148646	0.15	0.151354	0.152708	0.154063	0.155417	0.156771	0.158125	0.159479	0.160833	0.162188	0.163542	0.164896	0.16625	0.167604	0.168958	0.170312	0.171667	0.173021	0.174375	0.175729	0.177083	0.178438	0.179792	0.181146	0.1825	0.183854	0.185208	0.186562	0.187917	0.189271	0.190625	0.191979	0.193333	0.194688	0.196042	0.197396	0.19875	0.200104	0.201458	0.202813	0.204167	0.205521	0.206875	0.208229	0.209583	0.210938	0.212292	0.213646	0.215	0.216354	0.217708	0.219063	0.220417	0.221771	0.223125	0.216667	0.210208	0.20375	0.197292	0.190833	0.184375	0.177917	0.171458	0.165	0.158542	0.152083	0.145625	0.139167	0.132708	0.12625	0.119792	0.113333	0.106875	0.100417	0.0939583	0.0875	0.0810417	0.0745833	0.068125	0.0616667	0.0552083	0.04875	0.0422917	0.0358333	0.029375	0.0229167	0.0164583	0.01	0.00354167	-0.00291667	-0.009375	-0.0158333	-0.0222917	-0.02875	-0.0352083	-0.0416667	-0.048125	-0.0545833	-0.0610417	-0.0675	-0.0739583	-0.0804167	-0.086875	-0.0933333	-0.0997917	-0.10625	-0.112708	-0.119167	-0.125625	-0.132083	-0.138542	-0.145	-0.151458	-0.157917	-0.164375	-0.170833	-0.177292	-0.177083	-0.176875	-0.176667	-0.176458	-0.17625	-0.176042	-0.175833	-0.175625	-0.175417	-0.175208	-0.175	-0.174792	-0.174583	-0.174375	-0.174167	-0.173958	-0.17375	-0.173542	-0.173333	-0.173125	-0.172917	-0.172708	-0.1725	-0.172292	-0.172083	-0.171875	-0.171667	-0.171458	-0.17125	-0.171042	-0.170833	-0.170625	-0.170417	-0.170208	-0.17	-0.169792	-0.169583	-0.169375	-0.169167	-0.168958	-0.16875	-0.168542	-0.168333	-0.168125	-0.167917	-0.167708	-0.1675	-0.167292	-0.167083	-0.166875	-0.166667	-0.166458	-0.16625	-0.166042	-0.165833	-0.165625	-0.165417	-0.165208	-0.165	-0.164792	-0.164583	-0.164375	-0.164167	-0.163958	-0.16375	-0.163542	-0.163333	-0.163125	-0.162917	-0.162708	-0.1625	-0.162292	-0.162083	-0.161875	-0.161667	-0.161458	-0.16125	-0.161042	-0.160833	-0.160625	-0.160417	-0.160208	-0.16	-0.159792	-0.159583	-0.159375	-0.159167	-0.158958	-0.15875	-0.158542	-0.158333	-0.158125	-0.157917	-0.157708	-0.1575	-0.157292	-0.157083	-0.156875	-0.156667	-0.156458	-0.15625	-0.156042	-0.155833	-0.155625	-0.155417	-0.155208	-0.155	-0.154792	-0.154583	-0.154375	-0.154167	-0.153958	-0.15375	-0.153542	-0.153333	-0.153125	-0.152917	-0.152708	-0.1525	-0.152292	-0.152083	-0.151875	-0.151667	-0.151458	-0.15125	-0.151042	-0.150833	-0.150625	-0.150417	-0.150208	-0.15	-0.149792	-0.149583	-0.149375	-0.149167	-0.148958	-0.14875	-0.148542	-0.148333	-0.148125	-0.147917	-0.147708	-0.1475	-0.147292	-0.147083	-0.146875	-0.146667	-0.146458	-0.14625	-0.146042	-0.145833	-0.145625	-0.145417	-0.145208	-0.145	-0.144792	-0.144583	-0.144375	-0.1375	-0.130625	-0.12375	-0.116875	-0.11	-0.103125	-0.09625	-0.089375	-0.0825	-0.075625	-0.06875	-0.061875	-0.055	-0.048125	-0.04125	-0.034375	-0.0275	-0.020625	-0.01375	-0.006875	0
0	0.00916667	0.0183333	0.0275	0.0366667	0.0458333	0.055	0.0641667	0.0733333	0.0825	0.0916667	0.100833	0.11	0.119167	0.128333	0.1375	0.146667	0.155833	0.165	0.174167	0.183333	0.1925	0.193854	0.195208	0.196563	0.197917	0.199271	0.200625	0.201979	0.203333	0.204688	0.206042	0.207396	0.20875	0.210104	0.211458	0.212813	0.214167	0.215521	0.216875	0.218229	0.219583	0.220938	0.222292	0.223646	0.225	0.226354	0.227708	0.229063	0.230417	0.231771	0.233125	0.234479	0.235833	0.237187	0.238542	0.239896	0.24125	0.242604	0.243958	0.245313	0.246667	0.248021	0.249375	0.250729	0.252083	0.253438	0.254792	0.256146	0.2575	0.258854	0.260208	0.261563	0.262917	0.264271	0.265625	0.266979	0.268333	0.269688	0.271042	0.272396	0.27375	0.275104	0.276458	0.277813	0.279167	0.280521	0.281875	0.283229	0.284583	0.285938	0.287292	0.288646	0.29	0.291354	0.292708	0.294063	0.295417	0.296771	0.298125	0.299479	0.300833	0.302188	0.303542	0.304896	0.30625	0.307604	0.308958	0.310313	0.311667	0.313021	0.314375	0.315729	0.317083	0.318437	0.319792	0.321146	0.3225	0.323854	0.325208	0.326562	0.327917	0.329271	0.330625	0.331979	0.333333	0.334688	0.336042	0.337396	0.33875	0.340104	0.341458	0.342813	0.344167	0.345521	0.346875	0.348229	0.349583	0.350938	0.352292	0.345833	0.339375	0.332917	0.326458	0.32	0.313542	0.307083	0.300625	0.294167	0.287708	0.28125	0.274792	0.268333	0.261875	0.255417	0.248958	0.2425	0.236042	0.229583	0.223125	0.216667	0.210208	0.20375	0.197292	0.190833	0.184375	0.177917	0.171458	0.165	0.158542	0.152083	0.145625	0.139167	0.132708	0.12625	0.119792	0.113333	0.106875	0.100417	0.0939583	0.0875	0.0810417	0.0745833	0.068125	0.0616667	0.0552083	0.04875	0.0422917	0.0358333	0.029375	0.0229167	0.0164583	0.01	0.00354167	-0.00291667	-0.009375	-0.0158333	-0.0222917	-0.02875	-0.0352083	-0.0416667	-0.048125	-0.0545833	-0.0610417	-0.0675	-0.0739583	-0.0804167	-0.086875	-0.0933333	-0.0997917	-0.10625	-0.112708	-0.119167	-0.125625	-0.132083	-0.138542	-0.145	-0.151458	-0.157917	-0.164375	-0.170833	-0.177292	-0.18375	-0.190208	-0.196667	-0.203125	-0.209583	-0.216042	-0.2225	-0.228958	-0.235417	-0.241875	-0.248333	-0.254792	-0.26125	-0.267708	-0.274167	-0.280625	-0.287083	-0.293542	-0.3	-0.306458	-0.30625	-0.306042	-0.305833	-0.305625	-0.305417	-0.305208	-0.305	-0.304792	-0.304583	-0.304375	-0.304167	-0.303958	-0.30375	-0.303542	-0.303333	-0.303125	-0.302917	-0.302708	-0.3025	-0.302292	-0.302083	-0.301875	-0.301667	-0.301458	-0.30125	-0.301042	-0.300833	-0.300625	-0.300417	-0.300208	-0.3	-0.299792	-0.299583	-0.299375	-0.299167	-0.298958	-0.29875	-0.298542	-0.298333	-0.298125	-0.297917	-0.297708	-0.2975	-0.297292	-0.297083	-0.296875	-0.296667	-0.296458	-0.29625	-0.296042	-0.295833	-0.295625	-0.295417	-0.295208	-0.295	-0.294792	-0.294583	-0.294375	-0.294167	-0.293958	-0.29375	-0.293542	-0.293333	-0.293125	-0.292917	-0.292708	-0.2925	-0.292292	-0.292083	-0.291875	-0.291667	-0.291458	-0.29125	-0.291042	-0.290833	-0.290625	-0.290417	-0.290208	-0.29	-0.289792	-0.289583	-0.289375	-0.289167	-0.288958	-0.28875	-0.288542	-0.288333	-0.288125	-0.287917	-0.287708	-0.2875	-0.287292	-0.287083	-0.286875	-0.286667	-0.286458	-0.28625	-0.286042	-0.285833	-0.285625	-0.285417	-0.285208	-0.285	-0.284792	-0.284583	-0.284375	-0.284167	-0.283958	-0.28375	-0.283542	-0.283333	-0.283125	-0.282917	-0.282708	-0.2825	-0.282292	-0.282083	-0.281875	-0.275	-0.268125	-0.26125	-0.254375	-0.2475	-0.240625	-0.23375	-0.226875	-0.22	-0.213125	-0.20625	-0.199375	-0.1925	-0.185625	-0.17875	-0.171875	-0.165	-0.158125	-0.15125	-0.144375	-0.1375	-0.130625	-0.12375	-0.116875	-0.11	-0.103125	-0.09625	-0.089375	-0.0825	-0.075625	-0.06875	-0.061875	-0.055	-0.048125	-0.04125	-0.034375	-0.0275	-0.020625	-0.01375	-0.006875	0
0	0.00916667	0.0183333	0.0275	0.0366667	0.0458333	0.055	0.0641667	0.0733333	0.0825	0.0916667	0.100833	0.11	0.119167	0.128333	0.1375	0.146667	0.155833	0.165	0.174167	0.183333	0.1925	0.201667	0.210833	0.22	0.229167	0.238333	0.2475	0.256667	0.265833	0.275	0.284167	0.293333	0.3025	0.311667	0.320833	0.33	0.339167	0.348333	0.3575	0.366667	0.375833	0.377188	0.378542	0.379896	0.38125	0.382604	0.383958	0.385313	0.386667	0.388021	0.389375	0.390729	0.392083	0.393438	0.394792	0.396146	0.3975	0.398854	0.400208	0.401563	0.402917	0.404271	0.405625	0.406979	0.408333	0.409688	0.411042	0.412396	0.41375	0.415104	0.416458	0.417813	0.419167	0.420521	0.421875	0.423229	0.424583	0.425938	0.427292	0.428646	0.43	0.431354	0.432708	0.434063	0.435417	0.436771	0.438125	0.439479	0.440833	0.442188	0.443542	0.444896	0.44625	0.447604	0.448958	0.450312	0.451667	0.453021	0.454375	0.455729	0.457083	0.458438	0.459792	0.461146	0.4625	0.463854	0.465208	0.466563	0.467917	0.469271	0.470625	0.471979	0.473333	0.474688	0.476042	0.477396	0.47875	0.480104	0.481458	0.475	0.468542	0.462083	0.455625	0.449167	0.442708	0.43625	0.429792	0.423333	0.416875	0.410417	0.403958	0.3975	0.391042	0.384583	0.378125	0.371667	0.365208	0.35875	0.352292	0.345833	0.339375	0.332917	0.326458	0.32	0.313542	0.307083	0.300625	0.294167	0.287708	0.28125	0.274792	0.268333	0.261875	0.255417	0.248958	0.2425	0.236042	0.229583	0.223125	0.216667	0.210208	0.20375	0.197292	0.190833	0.184375	0.177917	0.171458	0.165	0.158542	0.152083	0.145625	0.139167	0.132708	0.12625	0.119792	0.113333	0.106875	0.100417	0.0939583	0.0875	0.0810417	0.0745833	0.068125	0.0616667	0.0552083	0.04875	0.0422917	0.0358333	0.029375	0.0229167	0.0164583	0.01	0.00354167	-0.00291667	-0.009375	-0.0158333	-0.0222917	-0.02875	-0.0352083	-0.0416667	-0.048125	-0.0545833	-0.0610417	-0.0675	-0.0739583	-0.0804167	-0.086875	-0.0933333	-0.0997917	-0.10625	-0.112708	-0.119167	-0.125625	-0.132083	-0.138542	-0.145	-0.151458	-0.157917	-0.164375	-0.170833	-0.177292	-0.18375	-0.190208	-0.196667	-0.203125	-0.209583	-0.216042	-0.2225	-0.228958	-0.235417	-0.241875	-0.248333	-0.254792	-0.26125	-0.267708	-0.274167	-0.280625	-0.287083	-0.293542	-0.3	-0.306458	-0.312917	-0.319375	-0.325833	-0.332292	-0.33875	-0.345208	-0.351667	-0.358125	-0.364583	-0.371042	-0.3775	-0.383958	-0.390417	-0.396875	-0.403333	-0.409792	-0.41625	-0.422708	-0.429167	-0.435625	-0.435417	-0.435208	-0.435	-0.434792	-0.434583	-0.434375	-0.434167	-0.433958	-0.43375	-0.433542	-0.433333	-0.433125	-0.432917	-0.432708	-0.4325	-0.432292	-0.432083	-0.431875	-0.431667	-0.431458	-0.43125	-0.431042	-0.430833	-0.430625	-0.430417	-0.430208	-0.43	-0.429792	-0.429583	-0.429375	-0.429167	-0.428958	-0.42875	-0.428542	-0.428333	-0.428125	-0.427917	-0.427708	-0.4275	-0.427292	-0.427083	-0.426875	-0.426667	-0.426458	-0.42625	-0.426042	-0.425833	-0.425625	-0.425417	-0.425208	-0.425	-0.424792	-0.424583	-0.424375	-0.424167	-0.423958	-0.42375	-0.423542	-0.423333	-0.423125	-0.422917	-0.422708	-0.4225	-0.422292	-0.422083	-0.421875	-0.421667	-0.421458	-0.42125	-0.421042	-0.420833	-0.420625	-0.420417	-0.420208	-0.42	-0.419792	-0.419583	-0.419375	-0.4125	-0.405625	-0.39875	-0.391875	-0.385	-0.378125	-0.37125	-0.364375	-0.3575	-0.350625	-0.34375	-0.336875	-0.33	-0.323125	-0.31625	-0.309375	-0.3025	-0.295625	-0.28875	-0.281875	-0.275	-0.268125	-0.26125	-0.254375	-0.2475	-0.240625	-0.23375	-0.226875	-0.22	-0.213125	-0.20625	-0.199375	-0.1925	-0.185625	-0.17875	-0.171875	-0.165	-0.158125	-0.15125	-0.144375	-0.1375	-0.130625	-0.12375	-0.116875	-0.11	-0.103125	-0.09625	-0.089375	-0.0825	-0.075625	-0.06875	-0.061875	-0.055	-0.048125	-0.04125	-0.034375	-0.0275	-0.020625	-0.01375	-0.006875	0
0	0.00916667	0.0183333	0.0275	0.0366667	0.0458333	0.055	0.0641667	0.0733333	0.0825	0.0916667	0.100833	0.11	0.119167	0.128333	0.1375	0.146667	0.155833	0.165	0.174167	0.183333	0.1925	0.201667	0.210833	0.22	0.229167	0.238333	0.2475	0.256667	0.265833	0.275	0.284167	0.293333	0.3025	0.311667	0.320833	0.33	0.339167	0.348333	0.3575	0.366667	0.375833	0.385	0.394167	0.403333	0.4125	0.421667	0.430833	0.44	0.449167	0.458333	0.4675	0.476667	0.485833	0.495	0.504167	0.513333	0.5225	0.531667	0.540833	0.55	0.559167	0.560521	0.561875	0.563229	0.564583	0.565938	0.567292	0.568646	0.57	0.571354	0.572708	0.574063	0.575417	0.576771	0.578125	0.579479	0.580833	0.582188	0.583542	0.584896	0.58625	0.587604	0.588958	0.590313	0.591667	0.593021	0.594375	0.595729	0.597083	0.598438	0.599792	0.601146	0.6025	0.603854	0.605208	0.606563	0.607917	0.609271	0.610625	0.604167	0.597708	0.59125	0.584792	0.578333	0.571875	0.565417	0.558958	0.5525	0.546042	0.539583	0.533125	0.526667	0.520208	0.51375	0.507292	0.500833	0.494375	0.487917	0.481458	0.475	0.468542	0.462083	0.455625	0.449167	0.442708	0.43625	0.429792	0.423333	0.416875	0.410417	0.403958	0.3975	0.391042	0.384583	0.378125	0.371667	0.365208	0.35875	0.352292	0.345833	0.339375	0.332917	0.326458	0.32	0.313542	0.307083	0.300625	0.294167	0.287708	0.28125	0.274792	0.268333	0.261875	0.255417	0.248958	0.2425	0.236042	0.229583	0.223125	0.216667	0.210208	0.20375	0.197292	0.190833	0.184375	0.177917	0.171458	0.165	0.158542	0.152083	0.145625	0.139167	0.132708	0.12625	0.119792	0.113333	0.106875	0.100417	0.0939583	0.0875	0.0810417	0.0745833	0.068125	0.0616667	0.0552083	0.04875	0.0422917	0.0358333	0.029375	0.0229167	0.0164583	0.01	0.00354167	-0.00291667	-0.009375	-0.0158333	-0.0222917	-0.02875	-0.0352083	-0.0416667	-0.048125	-0.0545833	-0.0610417	-0.0675	-0.0739583	-0.0804167	-0.086875	-0.0933333	-0.0997917	-0.10625	-0.112708	-0.119167	-0.125625	-0.132083	-0.138542	-0.145	-0.151458	-0.157917	-0.164375	-0.170833	-0.177292	-0.18375	-0.190208	-0.196667	-0.203125	-0.209583	-0.216042	-0.2225	-0.228958	-0.235417	-0.241875	-0.248333	-0.254792	-0.26125	-0.267708	-0.274167	-0.280625	-0.287083	-0.293542	-0.3	-0.306458	-0.312917	-0.319375	-0.325833	-0.332292	-0.33875	-0.345208	-0.351667	-0.358125	-0.364583	-0.371042	-0.3775	-0.383958	-0.390417	-0.396875	-0.403333	-0.409792	-0.41625	-0.422708	-0.429167	-0.435625	-0.442083	-0.448542	-0.455	-0.461458	-0.467917	-0.474375	-0.480833	-0.487292	-0.49375	-0.500208	-0.506667	-0.513125	-0.519583	-0.526042	-0.5325	-0.538958	-0.545417	-0.551875	-0.558333	-0.564792	-0.564583	-0.564375	-0.564167	-0.563958	-0.56375	-0.563542	-0.563333	-0.563125	-0.562917	-0.562708	-0.5625	-0.562292	-0.562083	-0.561875	-0.561667	-0.561458	-0.56125	-0.561042	-0.560833	-0.560625	-0.560417	-0.560208	-0.56	-0.559792	-0.559583	-0.559375	-0.559167	-0.558958	-0.55875	-0.558542	-0.558333	-0.558125	-0.557917	-0.557708	-0.5575	-0.557292	-0.557083	-0.556875	-0.55	-0.543125	-0.53625	-0.529375	-0.5225	-0.515625	-0.50875	-0.501875	-0.495	-0.488125	-0.48125	-0.474375	-0.4675	-0.460625	-0.45375	-0.446875	-0.44	-0.433125	-0.42625	-0.419375	-0.4125	-0.405625	-0.39875	-0.391875	-0.385	-0.378125	-0.37125	-0.364375	-0.3575	-0.350625	-0.34375	-0.336875	-0.33	-0.323125	-0.31625	-0.309375	-0.3025	-0.295625	-0.28875	-0.281875	-0.275	-0.268125	-0.26125	-0.254375	-0.2475	-0.240625	-0.23375	-0.226875	-0.22	-0.213125	-0.20625	-0.199375	-0.1925	-0.185625	-0.17875	-0.171875	-0.165	-0.158125	-0.15125	-0.144375	-0.1375	-0.130625	-0.12375	-0.116875	-0.11	-0.103125	-0.09625	-0.089375	-0.0825	-0.075625	-0.06875	-0.061875	-0.055	-0.048125	-0.04125	-0.034375	-0.0275	-0.020625	-0.01375	-0.006875	0
0	0.00916667	0.0183333	0.0275	0.0366667	0.0458333	0.055	0.0641667	0.0733333	0.0825	0.0916667	0.100833	0.11	0.119167	0.128333	0.1375	0.146667	0.155833	0.165	0.174167	0.183333	0.1925	0.201667	0.210833	0.22	0.229167	0.238333	0.2475	0.256667	0.265833	0.275	0.284167	0.293333	0.3025	0.311667	0.320833	0.33	0.339167	0.348333	0.3575	0.366667	0.375833	0.385	0.394167	0.403333	0.4125	0.421667	0.430833	0.44	0.449167	0.458333	0.4675	0.476667	0.485833	0.495	0.504167	0.513333	0.5225	0.531667	0.540833	0.55	0.559167	0.568333	0.5775	0.586667	0.595833	0.605	0.614167	0.623333	0.6325	0.641667	0.650833	0.66	0.669167	0.678333	0.6875	0.696667	0.705833	0.715	0.724167	0.725521	0.726875	0.720417	0.713958	0.7075	0.701042	0.694583	0.688125	0.681667	0.675208	0.66875	0.662292	0.655833	0.649375	0.642917	0.636458	0.63	0.623542	0.617083	0.610625	0.604167	0.597708	0.59125	0.584792	0.578333	0.571875	0.565417	0.558958	0.5525	0.546042	0.539583	0.533125	0.526667	0.520208	0.51375	0.507292	0.500833	0.494375	0.487917	0.481458	0.475	0.468542	0.462083	0.455625	0.449167	0.442708	0.43625	0.429792	0.423333	0.416875	0.410417	0.403958	0.3975	0.391042	0.384583	0.378125	0.371667	0.365208	0.35875	0.352292	0.345833	0.339375	0.332917	0.326458	0.32	0.313542	0.307083	0.300625	0.294167	0.287708	0.28125	0.274792	0.268333	0.261875	0.255417	0.248958	0.2425	0.236042	0.229583	0.223125	0.216667	0.210208	0.20375	0.197292	0.190833	0.184375	0.177917	0.171458	0.165	0.158542	0.152083	0.145625	0.139167	0.132708	0.12625	0.119792	0.113333	0.106875	0.100417	0.0939583	0.0875	0.0810417	0.0745833	0.068125	0.0616667	0.0552083	0.04875	0.0422917	0.0358333	0.029375	0.0229167	0.0164583	0.01	0.00354167	-0.00291667	-0.009375	-0.0158333	-0.0222917	-0.02875	-0.0352083	-0.0416667	-0.048125	-0.0545833	-0.0610417	-0.0675	-0.0739583	-0.0804167	-0.086875	-0.0933333	-0.0997917	-0.10625	-0.112708	-0.119167	-0.125625	-0.132083	-0.138542	-0.145	-0.151458	-0.157917	-0.164375	-0.170833	-0.177292	-0.18375	-0.190208	-0.196667	-0.203125	-0.209583	-0.216042	-0.2225	-0.228958	-0.235417	-0.241875	-0.248333	-0.254792	-0.26125	-0.267708	-0.274167	-0.280625	-0.287083	-0.293542	-0.3	-0.306458	-0.312917	-0.319375	-0.325833	-0.332292	-0.33875	-0.345208	-0.351667	-0.358125	-0.364583	-0.371042	-0.3775	-0.383958	-0.390417	-0.396875	-0.403333	-0.409792	-0.41625	-0.422708	-0.429167	-0.435625	-0.442083	-0.448542	-0.455	-0.461458	-0.467917	-0.474375	-0.480833	-0.487292	-0.49375	-0.500208	-0.506667	-0.513125	-0.519583	-0.526042	-0.5325	-0.538958	-0.545417	-0.551875	-0.558333	-0.564792	-0.57125	-0.577708	-0.584167	-0.590625	-0.597083	-0.603542	-0.61	-0.616458	-0.622917	-0.629375	-0.635833	-0.642292	-0.64875	-0.655208	-0.661667	-0.668125	-0.674583	-0.681042	-0.680833	-0.680625	-0.67375	-0.666875	-0.66	-0.653125	-0.64625	-0.639375	-0.6325	-0.625625	-0.61875	-0.611875	-0.605	-0.598125	-0.59125	-0.584375	-0.5775	-0.570625	-0.56375	-0.556875	-0.55	-0.543125	-0.53625	-0.529375	-0.5225	-0.515625	-0.50875	-0.501875	-0.495	-0.488125	-0.48125	-0.474375	-0.4675	-0.460625	-0.45375	-0.446875	-0.44	-0.433125	-0.42625	-0.419375	-0.4125	-0.405625	-0.39875	-0.391875	-0.385	-0.378125	-0.37125	-0.364375	-0.3575	-0.350625	-0.34375	-0.336875	-0.33	-0.323125	-0.31625	-0.309375	-0.3025	-0.295625	-0.28875	-0.281875	-0.275	-0.268125	-0.26125	-0.254375	-0.2475	-0.240625	-0.23375	-0.226875	-0.22	-0.213125	-0.20625	-0.199375	-0.1925	-0.185625	-0.17875	-0.171875	-0.165	-0.158125	-0.15125	-0.144375	-0.1375	-0.130625	-0.12375	-0.116875	-0.11	-0.103125	-0.09625	-0.089375	-0.0825	-0.075625	-0.06875	-0.061875	-0.055	-0.048125	-0.04125	-0.034375	-0.0275	-0.020625	-0.01375	-0.006875	0
0	0.00916667	0.0183333	0.0275	0.0366667	0.0458333	0.055	0.0641667	0.0733333	0.0825	0.0916667	0.100833	0.11	0.119167	0.128333	0.1375	0.146667	0.155833	0.165	0.174167	0.183333	0.1925	0.201667	0.210833	0.22	0.229167	0.238333	0.2475	0.256667	0.265833	0.275	0.284167	0.293333	0.3025	0.311667	0.320833	0.33	0.339167	0.348333	0.3575	0.366667	0.375833	0.385	0.394167	0.403333	0.4125	0.421667	0.430833	0.44	0.449167	0.458333	0.4675	0.476667	0.485833	0.495	0.504167	0.513333	0.5225	0.531667	0.540833	0.542188	0.543542	0.544896	0.54625	0.547604	0.548958	0.550312	0.551667	0.553021	0.554375	0.555729	0.557083	0.558438	0.559792	0.561146	0.5625	0.563854	0.565208	0.566563	0.567917	0.569271	0.570625	0.571979	0.573333	0.574688	0.576042	0.577396	0.57875	0.580104	0.581458	0.582813	0.584167	0.585521	0.586875	0.588229	0.589583	0.590938	0.592292	0.593646	0.595	0.596354	0.597708	0.59125	0.584792	0.578333	0.571875	0.565417	0.558958	0.5525	0.546042	0.539583	0.533125	0.526667	0.520208	0.51375	0.507292	0.500833	0.494375	0.487917	0.481458	0.475	0.468542	0.462083	0.455625	0.449167	0.442708	0.43625	0.429792	0.423333	0.416875	0.410417	0.403958	0.3975	0.391042	0.384583	0.378125	0.371667	0.365208	0.35875	0.352292	0.345833	0.339375	0.332917	0.326458	0.32	0.313542	0.307083	0.300625	0.294167	0.287708	0.28125	0.274792	0.268333	0.261875	0.255417	0.248958	0.2425	0.236042	0.229583	0.223125	0.216667	0.210208	0.20375	0.197292	0.190833	0.184375	0.177917	0.171458	0.165	0.158542	0.152083	0.145625	0.139167	0.132708	0.12625	0.119792	0.113333	0.106875	0.100417	0.0939583	0.0875	0.0810417	0.0745833	0.068125	0.0616667	0.0552083	0.04875	0.0422917	0.0358333	0.029375	0.0229167	0.0164583	0.01	0.00354167	-0.00291667	-0.009375	-0.0158333	-0.0222917	-0.02875	-0.0352083	-0.0416667	-0.048125	-0.0545833	-0.0610417	-0.0675	-0.0739583	-0.0804167	-0.086875	-0.0933333	-0.0997917	-0.10625	-0.112708	-0.119167	-0.125625	-0.132083	-0.138542	-0.145	-0.151458	-0.157917	-0.164375	-0.170833	-0.177292	-0.18375	-0.190208	-0.196667	-0.203125	-0.209583	-0.216042	-0.2225	-0.228958	-0.235417	-0.241875	-0.248333	-0.254792	-0.26125	-0.267708	-0.274167	-0.280625	-0.287083	-0.293542	-0.3	-0.306458	-0.312917	-0.319375	-0.325833	-0.332292	-0.33875	-0.345208	-0.351667	-0.358125	-0.364583	-0.371042	-0.3775	-0.383958	-0.390417	-0.396875	-0.403333	-0.409792	-0.41625	-0.422708	-0.429167	-0.435625	-0.442083	-0.448542	-0.455	-0.461458	-0.467917	-0.474375	-0.480833	-0.487292	-0.49375	-0.500208	-0.506667	-0.513125	-0.519583	-0.526042	-0.5325	-0.538958	-0.545417	-0.551875	-0.551667	-0.551458	-0.55125	-0.551042	-0.550833	-0.550625	-0.550417	-0.550208	-0.55	-0.549792	-0.549583	-0.549375	-0.549167	-0.548958	-0.54875	-0.548542	-0.548333	-0.548125	-0.547917	-0.547708	-0.5475	-0.547292	-0.547083	-0.546875	-0.546667	-0.546458	-0.54625	-0.546042	-0.545833	-0.545625	-0.545417	-0.545208	-0.545	-0.544792	-0.544583	-0.544375	-0.544167	-0.543958	-0.54375	-0.543542	-0.543333	-0.543125	-0.53625	-0.529375	-0.5225	-0.515625	-0.50875	-0.501875	-0.495	-0.488125	-0.48125	-0.474375	-0.4675	-0.460625	-0.45375	-0.446875	-0.44	-0.433125	-0.42625	-0.419375	-0.4125	-0.405625	-0.39875	-0.391875	-0.385	-0.378125	-0.37125	-0.364375	-0.3575	-0.350625	-0.34375	-0.336875	-0.33	-0.323125	-0.31625	-0.309375	-0.3025	-0.295625	-0.28875	-0.281875	-0.275	-0.268125	-0.26125	-0.254375	-0.2475	-0.240625	-0.23375	-0.226875	-0.22	-0.213125	-0.20625	-0.199375	-0.1925	-0.185625	-0.17875	-0.171875	-0.165	-0.158125	-0.15125	-0.144375	-0.1375	-0.130625	-0.12375	-0.116875	-0.11	-0.103125	-0.09625	-0.089375	-0.0825	-0.075625	-0.06875	-0.061875	-0.055	-0.048125	-0.04125	-0.034375	-0.0275	-0.020625	-0.01375	-0.006875	0
0	0.00916667	0.0183333	0.0275	0.0366667	0.0458333	0.055	0.0641667	0.0733333	0.0825	0.0916667	0.100833	0.11	0.119167	0.128333	0.1375	0.146667	0.155833	0.165	0.174167	0.183333	0.1925	0.201667	0.210833	0.22	0.229167	0.238333	0.2475	0.256667	0.265833	0.275	0.284167	0.293333	0.3025	0.311667	0.320833	0.33	0.339167	0.348333	0.3575	0.358854	0.360208	0.361563	0.362917	0.364271	0.365625	0.366979	0.368333	0.369688	0.371042	0.372396	0.37375	0.375104	0.376458	0.377813	0.379167	0.380521	0.381875	0.383229	0.384583	0.385938	0.387292	0.388646	0.39	0.391354	0.392708	0.394062	0.395417	0.396771	0.398125	0.399479	0.400833	0.402187	0.403542	0.404896	0.40625	0.407604	0.408958	0.410312	0.411667	0.413021	0.414375	0.415729	0.417083	0.418437	0.419792	0.421146	0.4225	0.423854	0.425208	0.426563	0.427917	0.429271	0.430625	0.431979	0.433333	0.434688	0.436042	0.437396	0.43875	0.440104	0.441458	0.442813	0.444167	0.445521	0.446875	0.448229	0.449583	0.450938	0.452292	0.453646	0.455	0.456354	0.457708	0.459063	0.460417	0.461771	0.463125	0.464479	0.465833	0.467188	0.468542	0.462083	0.455625	0.449167	0.442708	0.43625	0.429792	0.423333	0.416875	0.410417	0.403958	0.3975	0.391042	0.384583	0.378125	0.371667	0.365208	0.35875	0.352292	0.345833	0.339375	0.332917	0.326458	0.32	0.313542	0.307083	0.300625	0.294167	0.287708	0.28125	0.274792	0.268333	0.261875	0.255417	0.248958	0.2425	0.236042	0.229583	0.223125	0.216667	0.210208	0.20375	0.197292	0.190833	0.184375	0.177917	0.171458	0.165	0.158542	0.152083	0.145625	0.139167	0.132708	0.12625	0.119792	0.113333	0.106875	0.100417	0.0939583	0.0875	0.0810417	0.0745833	0.068125	0.0616667	0.0552083	0.04875	0.0422917	0.0358333	0.029375	0.0229167	0.0164583	0.01	0.00354167	-0.00291667	-0.009375	-0.0158333	-0.0222917	-0.02875	-0.0352083	-0.0416667	-0.048125	-0.0545833	-0.0610417	-0.0675	-0.0739583	-0.0804167	-0.086875	-0.0933333	-0.0997917	-0.10625	-0.112708	-0.119167	-0.125625	-0.132083	-0.138542	-0.145	-0.151458	-0.157917	-0.164375	-0.170833	-0.177292	-0.18375	-0.190208	-0.196667	-0.203125	-0.209583	-0.216042	-0.2225	-0.228958	-0.235417	-0.241875	-0.248333	-0.254792	-0.26125	-0.267708	-0.274167	-0.280625	-0.287083	-0.293542	-0.3	-0.306458	-0.312917	-0.319375	-0.325833	-0.332292	-0.33875	-0.345208	-0.351667	-0.358125	-0.364583	-0.371042	-0.3775	-0.383958	-0.390417	-0.396875	-0.403333	-0.409792	-0.41625	-0.422708	-0.4225	-0.422292	-0.422083	-0.421875	-0.421667	-0.421458	-0.42125	-0.421042	-0.420833	-0.420625	-0.420417	-0.420208	-0.42	-0.419792	-0.419583	-0.419375	-0.419167	-0.418958	-0.41875	-0.418542	-0.418333	-0.418125	-0.417917	-0.417708	-0.4175	-0.417292	-0.417083	-0.416875	-0.416667	-0.416458	-0.41625	-0.416042	-0.415833	-0.415625	-0.415417	-0.415208	-0.415	-0.414792	-0.414583	-0.414375	-0.414167	-0.413958	-0.41375	-0.413542	-0.413333	-0.413125	-0.412917	-0.412708	-0.4125	-0.412292	-0.412083	-0.411875	-0.411667	-0.411458	-0.41125	-0.411042	-0.410833	-0.410625	-0.410417	-0.410208	-0.41	-0.409792	-0.409583	-0.409375	-0.409167	-0.408958	-0.40875	-0.408542	-0.408333	-0.408125	-0.407917	-0.407708	-0.4075	-0.407292	-0.407083	-0.406875	-0.406667	-0.406458	-0.40625	-0.406042	-0.405833	-0.405625	-0.39875	-0.391875	-0.385	-0.378125	-0.37125	-0.364375	-0.3575	-0.350625	-0.34375	-0.336875	-0.33	-0.323125	-0.31625	-0.309375	-0.3025	-0.295625	-0.28875	-0.281875	-0.275	-0.268125	-0.26125	-0.254375	-0.2475	-0.240625	-0.23375	-0.226875	-0.22	-0.213125	-0.20625	-0.199375	-0.1925	-0.185625	-0.17875	-0.171875	-0.165	-0.158125	-0.15125	-0.144375	-0.1375	-0.130625	-0.12375	-0.116875	-0.11	-0.103125	-0.09625	-0.089375	-0.0825	-0.075625	-0.06875	-0.061875	-0.055	-0.048125	-0.04125	-0.034375	-0.0275	-0.020625	-0.01375	-0.006875	0
0	0.00916667	0.0183333	0.0275	0.0366667	0.0458333	0.055	0.0641667	0.0733333	0.0825	0.0916667	0.100833	0.11	0.119167	0.128333	0.1375	0.146667	0.155833	0.165	0.174167	0.175521	0.176875	0.178229	0.179583	0.180937	0.182292	0.183646	0.185	0.186354	0.187708	0.189062	0.190417	0.191771	0.193125	0.194479	0.195833	0.197187	0.198542	0.199896	0.20125	0.202604	0.203958	0.205312	0.206667	0.208021	0.209375	0.210729	0.212083	0.213437	0.214792	0.216146	0.2175	0.218854	0.220208	0.221562	0.222917	0.224271	0.225625	0.226979	0.228333	0.229687	0.231042	0.232396	0.23375	0.235104	0.236458	0.237812	0.239167	0.240521	0.241875	0.243229	0.244583	0.245938	0.247292	0.248646	0.25	0.251354	0.252708	0.254063	0.255417	0.256771	0.258125	0.259479	0.260833	0.262188	0.263542	0.264896	0.26625	0.267604	0.268958	0.270312	0.271667	0.273021	0.274375	0.275729	0.277083	0.278437	0.279792	0.281146	0.2825	0.283854	0.285208	0.286562	0.287917	0.289271	0.290625	0.291979	0.293333	0.294688	0.296042	0.297396	0.29875	0.300104	0.301458	0.302813	0.304167	0.305521	0.306875	0.308229	0.309583	0.310938	0.312292	0.313646	0.315	0.316354	0.317708	0.319063	0.320417	0.321771	0.323125	0.324479	0.325833	0.327188	0.328542	0.329896	0.33125	0.332604	0.333958	0.335313	0.336667	0.338021	0.339375	0.332917	0.326458	0.32	0.313542	0.307083	0.300625	0.294167	0.287708	0.28125	0.274792	0.268333	0.261875	0.255417	0.248958	0.2425	0.236042	0.229583	0.223125	0.216667	0.210208	0.20375	0.197292	0.190833	0.184375	0.177917	0.171458	0.165	0.158542	0.152083	0.145625	0.139167	0.132708	0.12625	0.119792	0.113333	0.106875	0.100417	0.0939583	0.0875	0.0810417	0.0745833	0.068125	0.0616667	0.0552083	0.04875	0.0422917	0.0358333	0.029375	0.0229167	0.0164583	0.01	0.00354167	-0.00291667	-0.009375	-0.0158333	-0.0222917	-0.02875	-0.0352083	-0.0416667	-0.048125	-0.0545833	-0.0610417	-0.0675	-0.0739583	-0.0804167	-0.086875	-0.0933333	-0.0997917	-0.10625	-0.112708	-0.119167	-0.125625	-0.132083	-0.138542	-0.145	-0.151458	-0.157917	-0.164375	-0.170833	-0.177292	-0.18375	-0.190208	-0.196667	-0.203125	-0.209583	-0.216042	-0.2225	-0.228958	-0.235417	-0.241875	-0.248333	-0.254792	-0.26125	-0.267708	-0.274167	-0.280625	-0.287083	-0.293542	-0.293333	-0.293125	-0.292917	-0.292708	-0.2925	-0.292292	-0.292083	-0.291875	-0.291667	-0.291458	-0.29125	-0.291042	-0.290833	-0.290625	-0.290417	-0.290208	-0.29	-0.289792	-0.289583	-0.289375	-0.289167	-0.288958	-0.28875	-0.288542	-0.288333	-0.288125	-0.287917	-0.287708	-0.2875	-0.287292	-0.287083	-0.286875	-0.286667	-0.286458	-0.28625	-0.286042	-0.285833	-0.285625	-0.285417	-0.285208	-0.285	-0.284792	-0.284583	-0.284375	-0.284167	-0.283958	-0.28375	-0.283542	-0.283333	-0.283125	-0.282917	-0.282708	-0.2825	-0.282292	-0.282083	-0.281875	-0.281667	-0.281458	-0.28125	-0.281042	-0.280833	-0.280625	-0.280417	-0.280208	-0.28	-0.279792	-0.279583	-0.279375	-0.279167	-0.278958	-0.27875	-0.278542	-0.278333	-0.278125	-0.277917	-0.277708	-0.2775	-0.277292	-0.277083	-0.276875	-0.276667	-0.276458	-0.27625	-0.276042	-0.275833	-0.275625	-0.275417	-0.275208	-0.275	-0.274792	-0.274583	-0.274375	-0.274167	-0.273958	-0.27375	-0.273542	-0.273333	-0.273125	-0.272917	-0.272708	-0.2725	-0.272292	-0.272083	-0.271875	-0.271667	-0.271458	-0.27125	-0.271042	-0.270833	-0.270625	-0.270417	-0.270208	-0.27	-0.269792	-0.269583	-0.269375	-0.269167	-0.268958	-0.26875	-0.268542	-0.268333	-0.268125	-0.26125	-0.254375	-0.2475	-0.240625	-0.23375	-0.226875	-0.22	-0.213125	-0.20625	-0.199375	-0.1925	-0.185625	-0.17875	-0.171875	-0.165	-0.158125	-0.15125	-0.144375	-0.1375	-0.130625	-0.12375	-0.116875	-0.11	-0.103125	-0.09625	-0.089375	-0.0825	-0.075625	-0.06875	-0.061875	-0.055	-0.048125	-0.04125	-0.034375	-0.0275	-0.020625	-0.01375	-0.006875	0
0	-0.00645833	-0.00510417	-0.00375	-0.00239583	-0.00104167	0.0003125	0.00166667	0.00302083	0.004375	0.00572917	0.00708333	0.0084375	0.00979167	0.0111458	0.0125	0.0138542	0.0152083	0.0165625	0.0179167	0.0192708	0.020625	0.0219792	0.0233333	0.0246875	0.0260417	0.0273958	0.02875	0.0301042	0.0314583	0.0328125	0.0341667	0.0355208	0.036875	0.0382292	0.0395833	0.0409375	0.0422917	0.0436458	0.045	0.0463542	0.0477083	0.0490625	0.0504167	0.0517708	0.053125	0.0544792	0.0558333	0.0571875	0.0585417	0.0598958	0.06125	0.0626042	0.0639583	0.0653125	0.0666667	0.0680208	0.069375	0.0707292	0.0720833	0.0734375	0.0747917	0.0761458	0.0775	0.0788542	0.0802083	0.0815625	0.0829167	0.0842708	0.085625	0.0869792	0.0883333	0.0896875	0.0910417	0.0923958	0.09375	0.0951042	0.0964583	0.0978125	0.0991667	0.100521	0.101875	0.103229	0.104583	0.105937	0.107292	0.108646	0.11	0.111354	0.112708	0.114062	0.115417	0.116771	0.118125	0.119479	0.120833	0.122188	0.123542	0.124896	0.12625	0.127604	0.128958	0.130313	0.131667	0.133021	0.134375	0.135729	0.137083	0.138438	0.139792	0.141146	0.1425	0.143854	0.145208	0.146563	0.147917	0.149271	0.150625	0.151979	0.153333	0.154688	0.156042	0.157396	0.15875	0.160104	0.161458	0.162813	0.164167	0.165521	0.166875	0.168229	0.169583	0.170938	0.172292	0.173646	0.175	0.176354	0.177708	0.179063	0.180417	0.181771	0.183125	0.184479	0.185833	0.187188	0.188542	0.189896	0.19125	0.192604	0.193958	0.195313	0.196667	0.198021	0.199375	0.200729	0.202083	0.203438	0.204792	0.206146	0.2075	0.208854	0.210208	0.20375	0.197292	0.190833	0.184375	0.177917	0.171458	0.165	0.158542	0.152083	0.145625	0.139167	0.132708	0.12625	0.119792	0.113333	0.106875	0.100417	0.0939583	0.0875	0.0810417	0.0745833	0.068125	0.0616667	0.0552083	0.04875	0.0422917	0.0358333	0.029375	0.0229167	0.0164583	0.01	0.00354167	-0.00291667	-0.009375	-0.0158333	-0.0222917	-0.02875	-0.0352083	-0.0416667	-0.048125	-0.0545833	-0.0610417	-0.0675	-0.0739583	-0.0804167	-0.086875	-0.0933333	-0.0997917	-0.10625	-0.112708	-0.119167	-0.125625	-0.132083	-0.138542	-0.145	-0.151458	-0.157917	-0.164375	-0.164167	-0.163958	-0.16375	-0.163542	-0.163333	-0.163125	-0.162917	-0.162708	-0.1625	-0.162292	-0.162083	-0.161875	-0.161667	-0.161458	-0.16125	-0.161042	-0.160833	-0.160625	-0.160417	-0.160208	-0.16	-0.159792	-0.159583	-0.159375	-0.159167	-0.158958	-0.15875	-0.158542	-0.158333	-0.158125	-0.157917	-0.157708	-0.1575	-0.157292	-0.157083	-0.156875	-0.156667	-0.156458	-0.15625	-0.156042	-0.155833	-0.155625	-0.155417	-0.155208	-0.155	-0.154792	-0.154583	-0.154375	-0.154167	-0.153958	-0.15375	-0.153542	-0.153333	-0.153125	-0.152917	-0.152708	-0.1525	-0.152292	-0.152083	-0.151875	-0.151667	-0.151458	-0.15125	-0.151042	-0.150833	-0.150625	-0.150417	-0.150208	-0.15	-0.149792	-0.149583	-0.149375	-0.149167	-0.148958	-0.14875	-0.148542	-0.148333	-0.148125	-0.147917	-0.147708	-0.1475	-0.147292	-0.147083	-0.146875	-0.146667	-0.146458	-0.14625	-0.146042	-0.145833	-0.145625	-0.145417	-0.145208	-0.145	-0.144792	-0.144583	-0.144375	-0.144167	-0.143958	-0.14375	-0.143542	-0.143333	-0.143125	-0.142917	-0.142708	-0.1425	-0.142292	-0.142083	-0.141875	-0.141667	-0.141458	-0.14125	-0.141042	-0.140833	-0.140625	-0.140417	-0.140208	-0.14	-0.139792	-0.139583	-0.139375	-0.139167	-0.138958	-0.13875	-0.138542	-0.138333	-0.138125	-0.137917	-0.137708	-0.1375	-0.137292	-0.137083	-0.136875	-0.136667	-0.136458	-0.13625	-0.136042	-0.135833	-0.135625	-0.135417	-0.135208	-0.135	-0.134792	-0.134583	-0.134375	-0.134167	-0.133958	-0.13375	-0.133542	-0.133333	-0.133125	-0.132917	-0.132708	-0.1325	-0.132292	-0.132083	-0.131875	-0.131667	-0.131458	-0.13125	-0.131042	-0.130833	-0.130625	-0.12375	-0.116875	-0.11	-0.103125	-0.09625	-0.089375	-0.0825	-0.075625	-0.06875	-0.061875	-0.055	-0.048125	-0.04125	-0.034375	-0.0275	-0.020625	-0.01375	-0.006875	0
0	-0.00645833	-0.0129167	-0.019375	-0.0258333	-0.0322917	-0.03875	-0.0452083	-0.0516667	-0.058125	-0.0645833	-0.0710417	-0.0775	-0.0839583	-0.0904167	-0.096875	-0.103333	-0.109792	-0.11625	-0.122708	-0.129167	-0.135625	-0.134271	-0.132917	-0.131563	-0.130208	-0.128854	-0.1275	-0.126146	-0.124792	-0.123438	-0.122083	-0.120729	-0.119375	-0.118021	-0.116667	-0.115312	-0.113958	-0.112604	-0.11125	-0.109896	-0.108542	-0.107187	-0.105833	-0.104479	-0.103125	-0.101771	-0.100417	-0.0990625	-0.0977083	-0.0963542	-0.095	-0.0936458	-0.0922917	-0.0909375	-0.0895833	-0.0882292	-0.086875	-0.0855208	-0.0841667	-0.0828125	-0.0814583	-0.0801042	-0.07875	-0.0773958	-0.0760417	-0.0746875	-0.0733333	-0.0719792	-0.070625	-0.0692708	-0.0679167	-0.0665625	-0.0652083	-0.0638542	-0.0625	-0.0611458	-0.0597917	-0.0584375	-0.0570833	-0.0557292	-0.054375	-0.0530208	-0.0516667	-0.0503125	-0.0489583	-0.0476042	-0.04625	-0.0448958	-0.0435417	-0.0421875	-0.0408333	-0.0394792	-0.038125	-0.0367708	-0.0354167	-0.0340625	-0.0327083	-0.0313542	-0.03	-0.0286458	-0.0272917	-0.0259375	-0.0245833	-0.0232292	-0.021875	-0.0205208	-0.0191667	-0.0178125	-0.0164583	-0.0151042	-0.01375	-0.0123958	-0.0110417	-0.0096875	-0.00833333	-0.00697917	-0.005625	-0.00427083	-0.00291667	-0.0015625	-0.000208333	0.00114583	0.0025	0.00385417	0.00520833	0.0065625	0.00791667	0.00927083	0.010625	0.0119792	0.0133333	0.0146875	0.0160417	0.0173958	0.01875	0.0201042	0.0214583	0.0228125	0.0241667	0.0255208	0.026875	0.0282292	0.0295833	0.0309375	0.0322917	0.0336458	0.035	0.0363542	0.0377083	0.0390625	0.0404167	0.0417708	0.043125	0.0444792	0.0458333	0.0471875	0.0485417	0.0498958	0.05125	0.0526042	0.0539583	0.0553125	0.0566667	0.0580208	0.059375	0.0607292	0.0620833	0.0634375	0.0647917	0.0661458	0.0675	0.0688542	0.0702083	0.0715625	0.0729167	0.0742708	0.075625	0.0769792	0.0783333	0.0796875	0.0810417	0.0745833	0.068125	0.0616667	0.0552083	0.04875	0.0422917	0.0358333	0.029375	0.0229167	0.0164583	0.01	0.00354167	-0.00291667	-0.009375	-0.0158333	-0.0222917	-0.02875	-0.0352083	-0.035	-0.0347917	-0.0345833	-0.034375	-0.0341667	-0.0339583	-0.03375	-0.0335417	-0.0333333	-0.033125	-0.0329167	-0.0327083	-0.0325	-0.0322917	-0.0320833	-0.031875	-0.0316667	-0.0314583	-0.03125	-0.0310417	-0.0308333	-0.030625	-0.0304167	-0.0302083	-0.03	-0.0297917	-0.0295833	-0.029375	-0.0291667	-0.0289583	-0.02875	-0.0285417	-0.0283333	-0.028125	-0.0279167	-0.0277083	-0.0275	-0.0272917	-0.0270833	-0.026875	-0.0266667	-0.0264583	-0.02625	-0.0260417	-0.0258333	-0.025625	-0.0254167	-0.0252083	-0.025	-0.0247917	-0.0245833	-0.024375	-0.0241667	-0.0239583	-0.02375	-0.0235417	-0.0233333	-0.023125	-0.0229167	-0.0227083	-0.0225	-0.0222917	-0.0220833	-0.021875	-0.0216667	-0.0214583	-0.02125	-0.0210417	-0.0208333	-0.020625	-0.0204167	-0.0202083	-0.02	-0.0197917	-0.0195833	-0.019375	-0.0191667	-0.0189583	-0.01875	-0.0185417	-0.0183333	-0.018125	-0.0179167	-0.0177083	-0.0175	-0.0172917	-0.0170833	-0.016875	-0.0166667	-0.0164583	-0.01625	-0.0160417	-0.0158333	-0.015625	-0.0154167	-0.0152083	-0.015	-0.0147917	-0.0145833	-0.014375	-0.0141667	-0.0139583	-0.01375	-0.0135417	-0.0133333	-0.013125	-0.0129167	-0.0127083	-0.0125	-0.0122917	-0.0120833	-0.011875	-0.0116667	-0.0114583	-0.01125	-0.0110417	-0.0108333	-0.010625	-0.0104167	-0.0102083	-0.01	-0.00979167	-0.00958333	-0.009375	-0.00916667	-0.00895833	-0.00875	-0.00854167	-0.00833333	-0.008125	-0.00791667	-0.00770833	-0.0075	-0.00729167	-0.00708333	-0.006875	-0.00666667	-0.00645833	-0.00625	-0.00604167	-0.00583333	-0.005625	-0.00541667	-0.00520833	-0.005	-0.00479167	-0.00458333	-0.004375	-0.00416667	-0.00395833	-0.00375	-0.00354167	-0.00333333	-0.003125	-0.00291667	-0.00270833	-0.0025	-0.00229167	-0.00208333	-0.001875	-0.00166667	-0.00145833	-0.00125	-0.00104167	-0.000833333	-0.000625	-0.000416667	-0.000208333	-6.66134e-16	0.000208333	0.000416667	0.000625	0.000833333	0.00104167	0.00125	0.00145833	0.00166667	0.001875	0.00208333	0.00229167	0.0025	0.00270833	0.00291667	0.003125	0.00333333	0.00354167	0.00375	0.00395833	0.00416667	0.004375	0.00458333	0.00479167	0.005	0.00520833	0.00541667	0.005625	0.00583333	0.00604167	0.00625	0.00645833	0
0	-0.00645833	-0.0129167	-0.019375	-0.0258333	-0.0322917	-0.03875	-0.0452083	-0.0516667	-0.058125	-0.0645833	-0.0710417	-0.0775	-0.0839583	-0.0904167	-0.096875	-0.103333	-0.109792	-0.11625	-0.122708	-0.129167	-0.135625	-0.142083	-0.148542	-0.155	-0.161458	-0.167917	-0.174375	-0.180833	-0.187292	-0.19375	-0.200208	-0.206667	-0.213125	-0.219583	-0.226042	-0.2325	-0.238958	-0.245417	-0.251875	-0.258333	-0.264792	-0.263438	-0.262083	-0.260729	-0.259375	-0.258021	-0.256667	-0.255313	-0.253958	-0.252604	-0.25125	-0.249896	-0.248542	-0.247187	-0.245833	-0.244479	-0.243125	-0.241771	-0.240417	-0.239062	-0.237708	-0.236354	-0.235	-0.233646	-0.232292	-0.230937	-0.229583	-0.228229	-0.226875	-0.225521	-0.224167	-0.222812	-0.221458	-0.220104	-0.21875	-0.217396	-0.216042	-0.214687	-0.213333	-0.211979	-0.210625	-0.209271	-0.207917	-0.206562	-0.205208	-0.203854	-0.2025	-0.201146	-0.199792	-0.198437	-0.197083	-0.195729	-0.194375	-0.193021	-0.191667	-0.190312	-0.188958	-0.187604	-0.18625	-0.184896	-0.183542	-0.182187	-0.180833	-0.179479	-0.178125	-0.176771	-0.175417	-0.174062	-0.172708	-0.171354	-0.17	-0.168646	-0.167292	-0.165937	-0.164583	-0.163229	-0.161875	-0.160521	-0.159167	-0.157812	-0.156458	-0.155104	-0.15375	-0.152396	-0.151042	-0.149687	-0.148333	-0.146979	-0.145625	-0.144271	-0.142917	-0.141562	-0.140208	-0.138854	-0.1375	-0.136146	-0.134792	-0.133438	-0.132083	-0.130729	-0.129375	-0.128021	-0.126667	-0.125313	-0.123958	-0.122604	-0.12125	-0.119896	-0.118542	-0.117188	-0.115833	-0.114479	-0.113125	-0.111771	-0.110417	-0.109063	-0.107708	-0.106354	-0.105	-0.103646	-0.102292	-0.100938	-0.0995833	-0.0982292	-0.096875	-0.0955208	-0.0941667	-0.0928125	-0.0914583	-0.0901042	-0.08875	-0.0873958	-0.0860417	-0.0846875	-0.0833333	-0.0819792	-0.080625	-0.0792708	-0.0779167	-0.0698958	-0.061875	-0.0538542	-0.0458333	-0.0378125	-0.0297917	-0.0217708	-0.01375	-0.00572917	0.00229167	0.0103125	0.0183333	0.0263542	0.034375	0.0423958	0.0504167	0.0584375	0.0664583	0.0744792	0.0825	0.0905208	0.0985417	0.09875	0.0989583	0.0991667	0.099375	0.0995833	0.0997917	0.1	0.100208	0.100417	0.100625	0.100833	0.101042	0.10125	0.101458	0.101667	0.101875	0.102083	0.102292	0.1025	0.102708	0.102917	0.103125	0.103333	0.103542	0.10375	0.103958	0.104167	0.104375	0.104583	0.104792	0.105	0.105208	0.105417	0.105625	0.105833	0.106042	0.10625	0.106458	0.106667	0.106875	0.107083	0.107292	0.1075	0.107708	0.107917	0.108125	0.108333	0.108542	0.10875	0.108958	0.109167	0.109375	0.109583	0.109792	0.11	0.110208	0.110417	0.110625	0.110833	0.111042	0.11125	0.111458	0.111667	0.111875	0.112083	0.112292	0.1125	0.112708	0.112917	0.113125	0.113333	0.113542	0.11375	0.113958	0.114167	0.114375	0.114583	0.114792	0.115	0.115208	0.115417	0.115625	0.115833	0.116042	0.11625	0.116458	0.116667	0.116875	0.117083	0.117292	0.1175	0.117708	0.117917	0.118125	0.118333	0.118542	0.11875	0.118958	0.119167	0.119375	0.119583	0.119792	0.12	0.120208	0.120417	0.120625	0.120833	0.121042	0.12125	0.121458	0.121667	0.121875	0.122083	0.122292	0.1225	0.122708	0.122917	0.123125	0.123333	0.123542	0.12375	0.123958	0.124167	0.124375	0.124583	0.124792	0.125	0.125208	0.125417	0.125625	0.125833	0.126042	0.12625	0.126458	0.126667	0.126875	0.127083	0.127292	0.1275	0.127708	0.127917	0.128125	0.128333	0.128542	0.12875	0.128958	0.129167	0.129375	0.129583	0.129792	0.13	0.130208	0.130417	0.130625	0.130833	0.131042	0.13125	0.131458	0.131667	0.131875	0.132083	0.132292	0.1325	0.132708	0.132917	0.133125	0.133333	0.133542	0.13375	0.133958	0.134167	0.134375	0.134583	0.134792	0.135	0.135208	0.135417	0.135625	0.129167	0.122708	0.11625	0.109792	0.103333	0.096875	0.0904167	0.0839583	0.0775	0.0710417	0.0645833	0.058125	0.0516667	0.0452083	0.03875	0.0322917	0.0258333	0.019375	0.0129167	0.00645833	0
0	-0.00645833	-0.0129167	-0.019375	-0.0258333	-0.0322917	-0.03875	-0.0452083	-0.0516667	-0.058125	-0.0645833	-0.0710417	-0.0775	-0.0839583	-0.0904167	-0.096875	-0.103333	-0.109792	-0.11625	-0.122708	-0.129167	-0.135625	-0.142083	-0.148542	-0.155	-0.161458	-0.167917	-0.174375	-0.180833	-0.187292	-0.19375	-0.200208	-0.206667	-0.213125	-0.219583	-0.226042	-0.2325	-0.238958	-0.245417	-0.251875	-0.258333	-0.264792	-0.27125	-0.277708	-0.284167	-0.290625	-0.297083	-0.303542	-0.31	-0.316458	-0.322917	-0.329375	-0.335833	-0.342292	-0.34875	-0.355208	-0.361667	-0.368125	-0.374583	-0.381042	-0.3875	-0.393958	-0.392604	-0.39125	-0.389896	-0.388542	-0.387187	-0.385833	-0.384479	-0.383125	-0.381771	-0.380417	-0.379062	-0.377708	-0.376354	-0.375	-0.373646	-0.372292	-0.370937	-0.369583	-0.368229	-0.366875	-0.365521	-0.364167	-0.362812	-0.361458	-0.360104	-0.35875	-0.357396	-0.356042	-0.354687	-0.353333	-0.351979	-0.350625	-0.349271	-0.347917	-0.346562	-0.345208	-0.343854	-0.3425	-0.341146	-0.339792	-0.338437	-0.337083	-0.335729	-0.334375	-0.333021	-0.331667	-0.330312	-0.328958	-0.327604	-0.32625	-0.324896	-0.323542	-0.322188	-0.320833	-0.319479	-0.318125	-0.316771	-0.315417	-0.314063	-0.312708	-0.311354	-0.31	-0.308646	-0.307292	-0.305938	-0.304583	-0.303229	-0.301875	-0.300521	-0.299167	-0.297813	-0.296458	-0.295104	-0.29375	-0.292396	-0.291042	-0.289688	-0.288333	-0.286979	-0.285625	-0.284271	-0.282917	-0.281563	-0.280208	-0.278854	-0.2775	-0.276146	-0.274792	-0.273438	-0.272083	-0.270729	-0.269375	-0.268021	-0.266667	-0.265313	-0.263958	-0.262604	-0.26125	-0.253229	-0.245208	-0.237188	-0.229167	-0.221146	-0.213125	-0.205104	-0.197083	-0.189063	-0.181042	-0.173021	-0.165	-0.156979	-0.148958	-0.140938	-0.132917	-0.124896	-0.116875	-0.108854	-0.100833	-0.0928125	-0.0847917	-0.0767708	-0.06875	-0.0607292	-0.0527083	-0.0446875	-0.0366667	-0.0286458	-0.020625	-0.0126042	-0.00458333	0.0034375	0.0114583	0.0194792	0.0275	0.0355208	0.0435417	0.0515625	0.0595833	0.0676042	0.075625	0.0836458	0.0916667	0.0996875	0.107708	0.115729	0.12375	0.131771	0.139792	0.147812	0.155833	0.163854	0.171875	0.179896	0.187917	0.195937	0.203958	0.211979	0.22	0.228021	0.236042	0.23625	0.236458	0.236667	0.236875	0.237083	0.237292	0.2375	0.237708	0.237917	0.238125	0.238333	0.238542	0.23875	0.238958	0.239167	0.239375	0.239583	0.239792	0.24	0.240208	0.240417	0.240625	0.240833	0.241042	0.24125	0.241458	0.241667	0.241875	0.242083	0.242292	0.2425	0.242708	0.242917	0.243125	0.243333	0.243542	0.24375	0.243958	0.244167	0.244375	0.244583	0.244792	0.245	0.245208	0.245417	0.245625	0.245833	0.246042	0.24625	0.246458	0.246667	0.246875	0.247083	0.247292	0.2475	0.247708	0.247917	0.248125	0.248333	0.248542	0.24875	0.248958	0.249167	0.249375	0.249583	0.249792	0.25	0.250208	0.250417	0.250625	0.250833	0.251042	0.25125	0.251458	0.251667	0.251875	0.252083	0.252292	0.2525	0.252708	0.252917	0.253125	0.253333	0.253542	0.25375	0.253958	0.254167	0.254375	0.254583	0.254792	0.255	0.255208	0.255417	0.255625	0.255833	0.256042	0.25625	0.256458	0.256667	0.256875	0.257083	0.257292	0.2575	0.257708	0.257917	0.258125	0.258333	0.258542	0.25875	0.258958	0.259167	0.259375	0.259583	0.259792	0.26	0.260208	0.260417	0.260625	0.260833	0.261042	0.26125	0.261458	0.261667	0.261875	0.262083	0.262292	0.2625	0.262708	0.262917	0.263125	0.263333	0.263542	0.26375	0.263958	0.264167	0.264375	0.264583	0.264792	0.258333	0.251875	0.245417	0.238958	0.2325	0.226042	0.219583	0.213125	0.206667	0.200208	0.19375	0.187292	0.180833	0.174375	0.167917	0.161458	0.155	0.148542	0.142083	0.135625	0.129167	0.122708	0.11625	0.109792	0.103333	0.096875	0.0904167	0.0839583	0.0775	0.0710417	0.0645833	0.058125	0.0516667	0.0452083	0.03875	0.0322917	0.0258333	0.019375	0.0129167	0.00645833	0
0	-0.00645833	-0.0129167	-0.019375	-0.0258333	-0.0322917	-0.03875	-0.0452083	-0.0516667	-0.058125	-0.0645833	-0.0710417	-0.0775	-0.0839583	-0.0904167	-0.096875	-0.103333	-0.109792	-0.11625	-0.122708	-0.129167	-0.135625	-0.142083	-0.148542	-0.155	-0.161458	-0.167917	-0.174375	-0.180833	-0.187292	-0.19375	-0.200208	-0.206667	-0.213125	-0.219583	-0.226042	-0.2325	-0.238958	-0.245417	-0.251875	-0.258333	-0.264792	-0.27125	-0.277708	-0.284167	-0.290625	-0.297083	-0.303542	-0.31	-0.316458	-0.322917	-0.329375	-0.335833	-0.342292	-0.34875	-0.355208	-0.361667	-0.368125	-0.374583	-0.381042	-0.3875	-0.393958	-0.400417	-0.406875	-0.413333	-0.419792	-0.42625	-0.432708	-0.439167	-0.445625	-0.452083	-0.458542	-0.465	-0.471458	-0.477917	-0.484375	-0.490833	-0.497292	-0.50375	-0.510208	-0.516667	-0.523125	-0.521771	-0.520417	-0.519062	-0.517708	-0.516354	-0.515	-0.513646	-0.512292	-0.510938	-0.509583	-0.508229	-0.506875	-0.505521	-0.504167	-0.502812	-0.501458	-0.500104	-0.49875	-0.497396	-0.496042	-0.494687	-0.493333	-0.491979	-0.490625	-0.489271	-0.487917	-0.486562	-0.485208	-0.483854	-0.4825	-0.481146	-0.479792	-0.478438	-0.477083	-0.475729	-0.474375	-0.473021	-0.471667	-0.470313	-0.468958	-0.467604	-0.46625	-0.464896	-0.463542	-0.462188	-0.460833	-0.459479	-0.458125	-0.456771	-0.455417	-0.454063	-0.452708	-0.451354	-0.45	-0.448646	-0.447292	-0.445938	-0.444583	-0.436563	-0.428542	-0.420521	-0.4125	-0.404479	-0.396458	-0.388438	-0.380417	-0.372396	-0.364375	-0.356354	-0.348333	-0.340313	-0.332292	-0.324271	-0.31625	-0.308229	-0.300208	-0.292188	-0.284167	-0.276146	-0.268125	-0.260104	-0.252083	-0.244063	-0.236042	-0.228021	-0.22	-0.211979	-0.203958	-0.195938	-0.187917	-0.179896	-0.171875	-0.163854	-0.155833	-0.147813	-0.139792	-0.131771	-0.12375	-0.115729	-0.107708	-0.0996875	-0.0916667	-0.0836458	-0.075625	-0.0676042	-0.0595833	-0.0515625	-0.0435417	-0.0355208	-0.0275	-0.0194792	-0.0114583	-0.0034375	0.00458333	0.0126042	0.020625	0.0286458	0.0366667	0.0446875	0.0527083	0.0607292	0.06875	0.0767708	0.0847917	0.0928125	0.100833	0.108854	0.116875	0.124896	0.132917	0.140937	0.148958	0.156979	0.165	0.173021	0.181042	0.189062	0.197083	0.205104	0.213125	0.221146	0.229167	0.237187	0.245208	0.253229	0.26125	0.269271	0.277292	0.285312	0.293333	0.301354	0.309375	0.317396	0.325417	0.333437	0.341458	0.349479	0.3575	0.365521	0.373542	0.37375	0.373958	0.374167	0.374375	0.374583	0.374792	0.375	0.375208	0.375417	0.375625	0.375833	0.376042	0.37625	0.376458	0.376667	0.376875	0.377083	0.377292	0.3775	0.377708	0.377917	0.378125	0.378333	0.378542	0.37875	0.378958	0.379167	0.379375	0.379583	0.379792	0.38	0.380208	0.380417	0.380625	0.380833	0.381042	0.38125	0.381458	0.381667	0.381875	0.382083	0.382292	0.3825	0.382708	0.382917	0.383125	0.383333	0.383542	0.38375	0.383958	0.384167	0.384375	0.384583	0.384792	0.385	0.385208	0.385417	0.385625	0.385833	0.386042	0.38625	0.386458	0.386667	0.386875	0.387083	0.387292	0.3875	0.387708	0.387917	0.388125	0.388333	0.388542	0.38875	0.388958	0.389167	0.389375	0.389583	0.389792	0.39	0.390208	0.390417	0.390625	0.390833	0.391042	0.39125	0.391458	0.391667	0.391875	0.392083	0.392292	0.3925	0.392708	0.392917	0.393125	0.393333	0.393542	0.39375	0.393958	0.3875	0.381042	0.374583	0.368125	0.361667	0.355208	0.34875	0.342292	0.335833	0.329375	0.322917	0.316458	0.31	0.303542	0.297083	0.290625	0.284167	0.277708	0.27125	0.264792	0.258333	0.251875	0.245417	0.238958	0.2325	0.226042	0.219583	0.213125	0.206667	0.200208	0.19375	0.187292	0.180833	0.174375	0.167917	0.161458	0.155	0.148542	0.142083	0.135625	0.129167	0.122708	0.11625	0.109792	0.103333	0.096875	0.0904167	0.0839583	0.0775	0.0710417	0.0645833	0.058125	0.0516667	0.0452083	0.03875	0.0322917	0.0258333	0.019375	0.0129167	0.00645833	0
0	-0.00645833	-0.0129167	-0.019375	-0.0258333	-0.0322917	-0.03875	-0.0452083	-0.0516667	-0.058125	-0.0645833	-0.0710417	-0.0775	-0.0839583	-0.0904167	-0.096875	-0.103333	-0.109792	-0.11625	-0.122708	-0.129167	-0.135625	-0.142083	-0.148542	-0.155	-0.161458	-0.167917	-0.174375	-0.180833	-0.187292	-0.19375	-0.200208	-0.206667	-0.213125	-0.219583	-0.226042	-0.2325	-0.238958	-0.245417	-0.251875	-0.258333	-0.264792	-0.27125	-0.277708	-0.284167	-0.290625	-0.297083	-0.303542	-0.31	-0.316458	-0.322917	-0.329375	-0.335833	-0.342292	-0.34875	-0.355208	-0.361667	-0.368125	-0.374583	-0.381042	-0.3875	-0.393958	-0.400417	-0.406875	-0.413333	-0.419792	-0.42625	-0.432708	-0.439167	-0.445625	-0.452083	-0.458542	-0.465	-0.471458	-0.477917	-0.484375	-0.490833	-0.497292	-0.50375	-0.510208	-0.516667	-0.523125	-0.529583	-0.536042	-0.5425	-0.548958	-0.555417	-0.561875	-0.568333	-0.574792	-0.58125	-0.587708	-0.594167	-0.600625	-0.607083	-0.613542	-0.62	-0.626458	-0.632917	-0.639375	-0.645833	-0.652292	-0.650938	-0.649583	-0.648229	-0.646875	-0.645521	-0.644167	-0.642813	-0.641458	-0.640104	-0.63875	-0.637396	-0.636042	-0.634687	-0.633333	-0.631979	-0.630625	-0.629271	-0.627917	-0.619896	-0.611875	-0.603854	-0.595833	-0.587812	-0.579792	-0.571771	-0.56375	-0.555729	-0.547708	-0.539687	-0.531667	-0.523646	-0.515625	-0.507604	-0.499583	-0.491563	-0.483542	-0.475521	-0.4675	-0.459479	-0.451458	-0.443438	-0.435417	-0.427396	-0.419375	-0.411354	-0.403333	-0.395313	-0.387292	-0.379271	-0.37125	-0.363229	-0.355208	-0.347188	-0.339167	-0.331146	-0.323125	-0.315104	-0.307083	-0.299063	-0.291042	-0.283021	-0.275	-0.266979	-0.258958	-0.250938	-0.242917	-0.234896	-0.226875	-0.218854	-0.210833	-0.202813	-0.194792	-0.186771	-0.17875	-0.170729	-0.162708	-0.154688	-0.146667	-0.138646	-0.130625	-0.122604	-0.114583	-0.106563	-0.0985417	-0.0905208	-0.0825	-0.0744792	-0.0664583	-0.0584375	-0.0504167	-0.0423958	-0.034375	-0.0263542	-0.0183333	-0.0103125	-0.00229167	0.00572917	0.01375	0.0217708	0.0297917	0.0378125	0.0458333	0.0538542	0.061875	0.0698958	0.0779167	0.0859375	0.0939583	0.101979	0.11	0.118021	0.126042	0.134062	0.142083	0.150104	0.158125	0.166146	0.174167	0.182187	0.190208	0.198229	0.20625	0.214271	0.222292	0.230312	0.238333	0.246354	0.254375	0.262396	0.270417	0.278437	0.286458	0.294479	0.3025	0.310521	0.318542	0.326562	0.334583	0.342604	0.350625	0.358646	0.366667	0.374687	0.382708	0.390729	0.39875	0.406771	0.414792	0.422812	0.430833	0.438854	0.446875	0.454896	0.462917	0.470937	0.478958	0.486979	0.495	0.503021	0.511042	0.51125	0.511458	0.511667	0.511875	0.512083	0.512292	0.5125	0.512708	0.512917	0.513125	0.513333	0.513542	0.51375	0.513958	0.514167	0.514375	0.514583	0.514792	0.515	0.515208	0.515417	0.515625	0.515833	0.516042	0.51625	0.516458	0.516667	0.516875	0.517083	0.517292	0.5175	0.517708	0.517917	0.518125	0.518333	0.518542	0.51875	0.518958	0.519167	0.519375	0.519583	0.519792	0.52	0.520208	0.520417	0.520625	0.520833	0.521042	0.52125	0.521458	0.521667	0.521875	0.522083	0.522292	0.5225	0.522708	0.522917	0.523125	0.516667	0.510208	0.50375	0.497292	0.490833	0.484375	0.477917	0.471458	0.465	0.458542	0.452083	0.445625	0.439167	0.432708	0.42625	0.419792	0.413333	0.406875	0.400417	0.393958	0.3875	0.381042	0.374583	0.368125	0.361667	0.355208	0.34875	0.342292	0.335833	0.329375	0.322917	0.316458	0.31	0.303542	0.297083	0.290625	0.284167	0.277708	0.27125	0.264792	0.258333	0.251875	0.245417	0.238958	0.2325	0.226042	0.219583	0.213125	0.206667	0.200208	0.19375	0.187292	0.180833	0.174375	0.167917	0.161458	0.155	0.148542	0.142083	0.135625	0.129167	0.122708	0.11625	0.109792	0.103333	0.096875	0.0904167	0.0839583	0.0775	0.0710417	0.0645833	0.058125	0.0516667	0.0452083	0.03875	0.0322917	0.0258333	0.019375	0.0129167	0.00645833	0
0	-0.00645833	-0.0129167	-0.019375	-0.0258333	-0.0322917	-0.03875	-0.0452083	-0.0516667	-0.058125	-0.0645833	-0.0710417	-0.0775	-0.0839583	-0.0904167	-0.096875	-0.103333	-0.109792	-0.11625	-0.122708	-0.129167	-0.135625	-0.142083	-0.148542	-0.155	-0.161458	-0.167917	-0.174375	-0.180833	-0.187292	-0.19375	-0.200208	-0.206667	-0.213125	-0.219583	-0.226042	-0.2325	-0.238958	-0.245417	-0.251875	-0.258333	-0.264792	-0.27125	-0.277708	-0.284167	-0.290625	-0.297083	-0.303542	-0.31	-0.316458	-0.322917	-0.329375	-0.335833	-0.342292	-0.34875	-0.355208	-0.361667	-0.368125	-0.374583	-0.381042	-0.3875	-0.393958	-0.400417	-0.406875	-0.413333	-0.419792	-0.42625	-0.432708	-0.439167	-0.445625	-0.452083	-0.458542	-0.465	-0.471458	-0.477917	-0.484375	-0.490833	-0.497292	-0.50375	-0.510208	-0.516667	-0.523125	-0.529583	-0.536042	-0.5425	-0.548958	-0.555417	-0.561875	-0.568333	-0.574792	-0.58125	-0.587708	-0.594167	-0.600625	-0.607083	-0.613542	-0.62	-0.626458	-0.632917	-0.639375	-0.639167	-0.638958	-0.63875	-0.638542	-0.638333	-0.638125	-0.637917	-0.637708	-0.6375	-0.637292	-0.637083	-0.636875	-0.636667	-0.636458	-0.63625	-0.636042	-0.635833	-0.635625	-0.635417	-0.635208	-0.635	-0.634792	-0.626771	-0.61875	-0.610729	-0.602708	-0.594688	-0.586667	-0.578646	-0.570625	-0.562604	-0.554583	-0.546563	-0.538542	-0.530521	-0.5225	-0.514479	-0.506458	-0.498438	-0.490417	-0.482396	-0.474375	-0.466354	-0.458333	-0.450313	-0.442292	-0.434271	-0.42625	-0.418229	-0.410208	-0.402188	-0.394167	-0.386146	-0.378125	-0.370104	-0.362083	-0.354063	-0.346042	-0.338021	-0.33	-0.321979	-0.313958	-0.305938	-0.297917	-0.289896	-0.281875	-0.273854	-0.265833	-0.257813	-0.249792	-0.241771	-0.23375	-0.225729	-0.217708	-0.209688	-0.201667	-0.193646	-0.185625	-0.177604	-0.169583	-0.161563	-0.153542	-0.145521	-0.1375	-0.129479	-0.121458	-0.113438	-0.105417	-0.0973958	-0.089375	-0.0813542	-0.0733333	-0.0653125	-0.0572917	-0.0492708	-0.04125	-0.0332292	-0.0252083	-0.0171875	-0.00916667	-0.00114583	0.006875	0.0148958	0.0229167	0.0309375	0.0389583	0.0469792	0.055	0.0630208	0.0710417	0.0790625	0.0870833	0.0951042	0.103125	0.111146	0.119167	0.127187	0.135208	0.143229	0.15125	0.159271	0.167292	0.175312	0.183333	0.191354	0.199375	0.207396	0.215417	0.223437	0.231458	0.239479	0.2475	0.255521	0.263542	0.271562	0.279583	0.287604	0.295625	0.303646	0.311667	0.319687	0.327708	0.335729	0.34375	0.351771	0.359792	0.367812	0.375833	0.383854	0.391875	0.399896	0.407917	0.415937	0.423958	0.431979	0.44	0.448021	0.456042	0.464062	0.472083	0.480104	0.488125	0.496146	0.504167	0.512187	0.520208	0.528229	0.53625	0.544271	0.552292	0.560312	0.568333	0.576354	0.584375	0.592396	0.600417	0.608437	0.616458	0.624479	0.6325	0.640521	0.648542	0.64875	0.648958	0.649167	0.649375	0.649583	0.649792	0.65	0.650208	0.650417	0.650625	0.650833	0.651042	0.65125	0.651458	0.651667	0.651875	0.652083	0.652292	0.645833	0.639375	0.632917	0.626458	0.62	0.613542	0.607083	0.600625	0.594167	0.587708	0.58125	0.574792	0.568333	0.561875	0.555417	0.548958	0.5425	0.536042	0.529583	0.523125	0.516667	0.510208	0.50375	0.497292	0.490833	0.484375	0.477917	0.471458	0.465	0.458542	0.452083	0.445625	0.439167	0.432708	0.42625	0.419792	0.413333	0.406875	0.400417	0.393958	0.3875	0.381042	0.374583	0.368125	0.361667	0.355208	0.34875	0.342292	0.335833	0.329375	0.322917	0.316458	0.31	0.303542	0.297083	0.290625	0.284167	0.277708	0.27125	0.264792	0.258333	0.251875	0.245417	0.238958	0.2325	0.226042	0.219583	0.213125	0.206667	0.200208	0.19375	0.187292	0.180833	0.174375	0.167917	0.161458	0.155	0.148542	0.142083	0.135625	0.129167	0.122708	0.11625	0.109792	0.103333	0.096875	0.0904167	0.0839583	0.0775	0.0710417	0.0645833	0.058125	0.0516667	0.0452083	0.03875	0.0322917	0.0258333	0.019375	0.0129167	0.00645833	0
0	-0.00645833	-0.0129167	-0.019375	-0.0258333	-0.0322917	-0.03875	-0.0452083	-0.0516667	-0.058125	-0.0645833	-0.0710417	-0.0775	-0.0839583	-0.0904167	-0.096875	-0.103333	-0.109792	-0.11625	-0.122708	-0.129167	-0.135625	-0.142083	-0.148542	-0.155	-0.161458	-0.167917	-0.174375	-0.180833	-0.187292	-0.19375	-0.200208	-0.206667	-0.213125	-0.219583	-0.226042	-0.2325	-0.238958	-0.245417	-0.251875	-0.258333	-0.264792	-0.27125	-0.277708	-0.284167	-0.290625	-0.297083	-0.303542	-0.31	-0.316458	-0.322917	-0.329375	-0.335833	-0.342292	-0.34875	-0.355208	-0.361667	-0.368125	-0.374583	-0.381042	-0.3875	-0.393958	-0.400417	-0.406875	-0.413333	-0.419792	-0.42625	-0.432708	-0.439167	-0.445625	-0.452083	-0.458542	-0.465	-0.471458	-0.477917	-0.484375	-0.490833	-0.497292	-0.50375	-0.510208	-0.51	-0.509792	-0.509583	-0.509375	-0.509167	-0.508958	-0.50875	-0.508542	-0.508333	-0.508125	-0.507917	-0.507708	-0.5075	-0.507292	-0.507083	-0.506875	-0.506667	-0.506458	-0.50625	-0.506042	-0.505833	-0.505625	-0.505417	-0.505208	-0.505	-0.504792	-0.504583	-0.504375	-0.504167	-0.503958	-0.50375	-0.503542	-0.503333	-0.503125	-0.502917	-0.502708	-0.5025	-0.502292	-0.502083	-0.501875	-0.501667	-0.501458	-0.50125	-0.501042	-0.500833	-0.500625	-0.500417	-0.500208	-0.5	-0.499792	-0.499583	-0.499375	-0.499167	-0.498958	-0.49875	-0.498542	-0.498333	-0.498125	-0.497917	-0.497708	-0.4975	-0.497292	-0.489271	-0.48125	-0.473229	-0.465208	-0.457188	-0.449167	-0.441146	-0.433125	-0.425104	-0.417083	-0.409063	-0.401042	-0.393021	-0.385	-0.376979	-0.368958	-0.360938	-0.352917	-0.344896	-0.336875	-0.328854	-0.320833	-0.312813	-0.304792	-0.296771	-0.28875	-0.280729	-0.272708	-0.264688	-0.256667	-0.248646	-0.240625	-0.232604	-0.224583	-0.216563	-0.208542	-0.200521	-0.1925	-0.184479	-0.176458	-0.168438	-0.160417	-0.152396	-0.144375	-0.136354	-0.128333	-0.120313	-0.112292	-0.104271	-0.09625	-0.0882292	-0.0802083	-0.0721875	-0.0641667	-0.0561458	-0.048125	-0.0401042	-0.0320833	-0.0240625	-0.0160417	-0.00802083	2.22045e-16	0.00802083	0.0160417	0.0240625	0.0320833	0.0401042	0.048125	0.0561458	0.0641667	0.0721875	0.0802083	0.0882292	0.09625	0.104271	0.112292	0.120312	0.128333	0.136354	0.144375	0.152396	0.160417	0.168437	0.176458	0.184479	0.1925	0.200521	0.208542	0.216562	0.224583	0.232604	0.240625	0.248646	0.256667	0.264687	0.272708	0.280729	0.28875	0.296771	0.304792	0.312812	0.320833	0.328854	0.336875	0.344896	0.352917	0.360937	0.368958	0.376979	0.385	0.393021	0.401042	0.409062	0.417083	0.425104	0.433125	0.441146	0.449167	0.457187	0.465208	0.473229	0.48125	0.489271	0.497292	0.505313	0.513333	0.521354	0.529375	0.537396	0.545417	0.553438	0.561458	0.569479	0.5775	0.585521	0.593542	0.601563	0.609583	0.610938	0.612292	0.613646	0.615	0.616354	0.617708	0.619063	0.620417	0.621771	0.623125	0.624479	0.625833	0.627188	0.628542	0.629896	0.63125	0.632604	0.633958	0.635313	0.636667	0.638021	0.639375	0.632917	0.626458	0.62	0.613542	0.607083	0.600625	0.594167	0.587708	0.58125	0.574792	0.568333	0.561875	0.555417	0.548958	0.5425	0.536042	0.529583	0.523125	0.516667	0.510208	0.50375	0.497292	0.490833	0.484375	0.477917	0.471458	0.465	0.458542	0.452083	0.445625	0.439167	0.432708	0.42625	0.419792	0.413333	0.406875	0.400417	0.393958	0.3875	0.381042	0.374583	0.368125	0.361667	0.355208	0.34875	0.342292	0.335833	0.329375	0.322917	0.316458	0.31	0.303542	0.297083	0.290625	0.284167	0.277708	0.27125	0.264792	0.258333	0.251875	0.245417	0.238958	0.2325	0.226042	0.219583	0.213125	0.206667	0.200208	0.19375	0.187292	0.180833	0.174375	0.167917	0.161458	0.155	0.148542	0.142083	0.135625	0.129167	0.122708	0.11625	0.109792	0.103333	0.096875	0.0904167	0.0839583	0.0775	0.0710417	0.0645833	0.058125	0.0516667	0.0452083	0.03875	0.0322917	0.0258333	0.019375	0.0129167	0.00645833	0
0	-0.00645833	-0.0129167	-0.019375	-0.0258333	-0.0322917	-0.03875	-0.0452083	-0.0516667	-0.058125	-0.0645833	-0.0710417	-0.0775	-0.0839583	-0.0904167	-0.096875	-0.103333	-0.109792	-0.11625	-0.122708	-0.129167	-0.135625	-0.142083	-0.148542	-0.155	-0.161458	-0.167917	-0.174375	-0.180833	-0.187292	-0.19375	-0.200208	-0.206667	-0.213125	-0.219583	-0.226042	-0.2325	-0.238958	-0.245417	-0.251875	-0.258333	-0.264792	-0.27125	-0.277708	-0.284167	-0.290625	-0.297083	-0.303542	-0.31	-0.316458	-0.322917	-0.329375	-0.335833	-0.342292	-0.34875	-0.355208	-0.361667	-0.368125	-0.374583	-0.381042	-0.380833	-0.380625	-0.380417	-0.380208	-0.38	-0.379792	-0.379583	-0.379375	-0.379167	-0.378958	-0.37875	-0.378542	-0.378333	-0.378125	-0.377917	-0.377708	-0.3775	-0.377292	-0.377083	-0.376875	-0.376667	-0.376458	-0.37625	-0.376042	-0.375833	-0.375625	-0.375417	-0.375208	-0.375	-0.374792	-0.374583	-0.374375	-0.374167	-0.373958	-0.37375	-0.373542	-0.373333	-0.373125	-0.372917	-0.372708	-0.3725	-0.372292	-0.372083	-0.371875	-0.371667	-0.371458	-0.37125	-0.371042	-0.370833	-0.370625	-0.370417	-0.370208	-0.37	-0.369792	-0.369583	-0.369375	-0.369167	-0.368958	-0.36875	-0.368542	-0.368333	-0.368125	-0.367917	-0.367708	-0.3675	-0.367292	-0.367083	-0.366875	-0.366667	-0.366458	-0.36625	-0.366042	-0.365833	-0.365625	-0.365417	-0.365208	-0.365	-0.364792	-0.364583	-0.364375	-0.364167	-0.363958	-0.36375	-0.363542	-0.363333	-0.363125	-0.362917	-0.362708	-0.3625	-0.362292	-0.362083	-0.361875	-0.361667	-0.361458	-0.36125	-0.361042	-0.360833	-0.360625	-0.360417	-0.360208	-0.36	-0.359792	-0.351771	-0.34375	-0.335729	-0.327708	-0.319688	-0.311667	-0.303646	-0.295625	-0.287604	-0.279583	-0.271563	-0.263542	-0.255521	-0.2475	-0.239479	-0.231458	-0.223438	-0.215417	-0.207396	-0.199375	-0.191354	-0.183333	-0.175313	-0.167292	-0.159271	-0.15125	-0.143229	-0.135208	-0.127188	-0.119167	-0.111146	-0.103125	-0.0951042	-0.0870833	-0.0790625	-0.0710417	-0.0630208	-0.055	-0.0469792	-0.0389583	-0.0309375	-0.0229167	-0.0148958	-0.006875	0.00114583	0.00916667	0.0171875	0.0252083	0.0332292	0.04125	0.0492708	0.0572917	0.0653125	0.0733333	0.0813542	0.089375	0.0973958	0.105417	0.113437	0.121458	0.129479	0.1375	0.145521	0.153542	0.161562	0.169583	0.177604	0.185625	0.193646	0.201667	0.209687	0.217708	0.225729	0.23375	0.241771	0.249792	0.257812	0.265833	0.273854	0.281875	0.289896	0.297917	0.305938	0.313958	0.321979	0.33	0.338021	0.346042	0.354063	0.362083	0.370104	0.378125	0.386146	0.394167	0.402187	0.410208	0.418229	0.42625	0.427604	0.428958	0.430313	0.431667	0.433021	0.434375	0.435729	0.437083	0.438438	0.439792	0.441146	0.4425	0.443854	0.445208	0.446563	0.447917	0.449271	0.450625	0.451979	0.453333	0.454688	0.456042	0.457396	0.45875	0.460104	0.461458	0.462812	0.464167	0.465521	0.466875	0.468229	0.469583	0.470938	0.472292	0.473646	0.475	0.476354	0.477708	0.479063	0.480417	0.481771	0.483125	0.484479	0.485833	0.487188	0.488542	0.489896	0.49125	0.492604	0.493958	0.495313	0.496667	0.498021	0.499375	0.500729	0.502083	0.503438	0.504792	0.506146	0.5075	0.508854	0.510208	0.50375	0.497292	0.490833	0.484375	0.477917	0.471458	0.465	0.458542	0.452083	0.445625	0.439167	0.432708	0.42625	0.419792	0.413333	0.406875	0.400417	0.393958	0.3875	0.381042	0.374583	0.368125	0.361667	0.355208	0.34875	0.342292	0.335833	0.329375	0.322917	0.316458	0.31	0.303542	0.297083	0.290625	0.284167	0.277708	0.27125	0.264792	0.258333	0.251875	0.245417	0.238958	0.2325	0.226042	0.219583	0.213125	0.206667	0.200208	0.19375	0.187292	0.180833	0.174375	0.167917	0.161458	0.155	0.148542	0.142083	0.135625	0.129167	0.122708	0.11625	0.109792	0.103333	0.096875	0.0904167	0.0839583	0.0775	0.0710417	0.0645833	0.058125	0.0516667	0.0452083	0.03875	0.0322917	0.0258333	0.019375	0.0129167	0.00645833	0
0	-0.00645833	-0.0129167	-0.019375	-0.0258333	-0.0322917	-0.03875	-0.0452083	-0.0516667	-0.058125	-0.0645833	-0.0710417	-0.0775	-0.0839583	-0.0904167	-0.096875	-0.103333	-0.109792	-0.11625	-0.122708	-0.129167	-0.135625	-0.142083	-0.148542	-0.155	-0.161458	-0.167917	-0.174375	-0.180833	-0.187292	-0.19375	-0.200208	-0.206667	-0.213125	-0.219583	-0.226042	-0.2325	-0.238958	-0.245417	-0.251875	-0.251667	-0.251458	-0.25125	-0.251042	-0.250833	-0.250625	-0.250417	-0.250208	-0.25	-0.249792	-0.249583	-0.249375	-0.249167	-0.248958	-0.24875	-0.248542	-0.248333	-0.248125	-0.247917	-0.247708	-0.2475	-0.247292	-0.247083	-0.246875	-0.246667	-0.246458	-0.24625	-0.246042	-0.245833	-0.245625	-0.245417	-0.245208	-0.245	-0.244792	-0.244583	-0.244375	-0.244167	-0.243958	-0.24375	-0.243542	-0.243333	-0.243125	-0.242917	-0.242708	-0.2425	-0.242292	-0.242083	-0.241875	-0.241667	-0.241458	-0.24125	-0.241042	-0.240833	-0.240625	-0.240417	-0.240208	-0.24	-0.239792	-0.239583	-0.239375	-0.239167	-0.238958	-0.23875	-0.238542	-0.238333	-0.238125	-0.237917	-0.237708	-0.2375	-0.237292	-0.237083	-0.236875	-0.236667	-0.236458	-0.23625	-0.236042	-0.235833	-0.235625	-0.235417	-0.235208	-0.235	-0.234792	-0.234583	-0.234375	-0.234167	-0.233958	-0.23375	-0.233542	-0.233333	-0.233125	-0.232917	-0.232708	-0.2325	-0.232292	-0.232083	-0.231875	-0.231667	-0.231458	-0.23125	-0.231042	-0.230833	-0.230625	-0.230417	-0.230208	-0.23	-0.229792	-0.229583	-0.229375	-0.229167	-0.228958	-0.22875	-0.228542	-0.228333	-0.228125	-0.227917	-0.227708	-0.2275	-0.227292	-0.227083	-0.226875	-0.226667	-0.226458	-0.22625	-0.226042	-0.225833	-0.225625	-0.225417	-0.225208	-0.225	-0.224792	-0.224583	-0.224375	-0.224167	-0.223958	-0.22375	-0.223542	-0.223333	-0.223125	-0.222917	-0.222708	-0.2225	-0.222292	-0.214271	-0.20625	-0.198229	-0.190208	-0.182188	-0.174167	-0.166146	-0.158125	-0.150104	-0.142083	-0.134063	-0.126042	-0.118021	-0.11	-0.101979	-0.0939583	-0.0859375	-0.0779167	-0.0698958	-0.061875	-0.0538542	-0.0458333	-0.0378125	-0.0297917	-0.0217708	-0.01375	-0.00572917	0.00229167	0.0103125	0.0183333	0.0263542	0.034375	0.0423958	0.0504167	0.0584375	0.0664583	0.0744792	0.0825	0.0905208	0.0985417	0.106562	0.114583	0.122604	0.130625	0.138646	0.146667	0.154687	0.162708	0.170729	0.17875	0.186771	0.194792	0.202812	0.210833	0.218854	0.226875	0.234896	0.242917	0.244271	0.245625	0.246979	0.248333	0.249688	0.251042	0.252396	0.25375	0.255104	0.256458	0.257813	0.259167	0.260521	0.261875	0.263229	0.264583	0.265938	0.267292	0.268646	0.27	0.271354	0.272708	0.274062	0.275417	0.276771	0.278125	0.279479	0.280833	0.282187	0.283542	0.284896	0.28625	0.287604	0.288958	0.290312	0.291667	0.293021	0.294375	0.295729	0.297083	0.298437	0.299792	0.301146	0.3025	0.303854	0.305208	0.306563	0.307917	0.309271	0.310625	0.311979	0.313333	0.314688	0.316042	0.317396	0.31875	0.320104	0.321458	0.322812	0.324167	0.325521	0.326875	0.328229	0.329583	0.330937	0.332292	0.333646	0.335	0.336354	0.337708	0.339062	0.340417	0.341771	0.343125	0.344479	0.345833	0.347187	0.348542	0.349896	0.35125	0.352604	0.353958	0.355312	0.356667	0.358021	0.359375	0.360729	0.362083	0.363437	0.364792	0.366146	0.3675	0.368854	0.370208	0.371562	0.372917	0.374271	0.375625	0.376979	0.378333	0.379688	0.381042	0.374583	0.368125	0.361667	0.355208	0.34875	0.342292	0.335833	0.329375	0.322917	0.316458	0.31	0.303542	0.297083	0.290625	0.284167	0.277708	0.27125	0.264792	0.258333	0.251875	0.245417	0.238958	0.2325	0.226042	0.219583	0.213125	0.206667	0.200208	0.19375	0.187292	0.180833	0.174375	0.167917	0.161458	0.155	0.148542	0.142083	0.135625	0.129167	0.122708	0.11625	0.109792	0.103333	0.096875	0.0904167	0.0839583	0.0775	0.0710417	0.0645833	0.058125	0.0516667	0.0452083	0.03875	0.0322917	0.0258333	0.019375	0.0129167	0.00645833	0
0	-0.00645833	-0.0129167	-0.019375	-0.0258333	-0.0322917	-0.03875	-0.0452083	-0.0516667	-0.058125	-0.0645833	-0.0710417	-0.0775	-0.0839583	-0.0904167	-0.096875	-0.103333	-0.109792	-0.11625	-0.122708	-0.1225	-0.122292	-0.122083	-0.121875	-0.121667	-0.121458	-0.12125	-0.121042	-0.120833	-0.120625	-0.120417	-0.120208	-0.12	-0.119792	-0.119583	-0.119375	-0.119167	-0.118958	-0.11875	-0.118542	-0.118333	-0.118125	-0.117917	-0.117708	-0.1175	-0.117292	-0.117083	-0.116875	-0.116667	-0.116458	-0.11625	-0.116042	-0.115833	-0.115625	-0.115417	-0.115208	-0.115	-0.114792	-0.114583	-0.114375	-0.114167	-0.113958	-0.11375	-0.113542	-0.113333	-0.113125	-0.112917	-0.112708	-0.1125	-0.112292	-0.112083	-0.111875	-0.111667	-0.111458	-0.11125	-0.111042	-0.110833	-0.110625	-0.110417	-0.110208	-0.11	-0.109792	-0.109583	-0.109375	-0.109167	-0.108958	-0.10875	-0.108542	-0.108333	-0.108125	-0.107917	-0.107708	-0.1075	-0.107292	-0.107083	-0.106875	-0.106667	-0.106458	-0.10625	-0.106042	-0.105833	-0.105625	-0.105417	-0.105208	-0.105	-0.104792	-0.104583	-0.104375	-0.104167	-0.103958	-0.10375	-0.103542	-0.103333	-0.103125	-0.102917	-0.102708	-0.1025	-0.102292	-0.102083	-0.101875	-0.101667	-0.101458	-0.10125	-0.101042	-0.100833	-0.100625	-0.100417	-0.100208	-0.1	-0.0997917	-0.0995833	-0.099375	-0.0991667	-0.0989583	-0.09875	-0.0985417	-0.0983333	-0.098125	-0.0979167	-0.0977083	-0.0975	-0.0972917	-0.0970833	-0.096875	-0.0966667	-0.0964583	-0.09625	-0.0960417	-0.0958333	-0.095625	-0.0954167	-0.0952083	-0.095	-0.0947917	-0.0945833	-0.094375	-0.0941667	-0.0939583	-0.09375	-0.0935417	-0.0933333	-0.093125	-0.0929167	-0.0927083	-0.0925	-0.0922917	-0.0920833	-0.091875	-0.0916667	-0.0914583	-0.09125	-0.0910417	-0.0908333	-0.090625	-0.0904167	-0.0902083	-0.09	-0.0897917	-0.0895833	-0.089375	-0.0891667	-0.0889583	-0.08875	-0.0885417	-0.0883333	-0.088125	-0.0879167	-0.0877083	-0.0875	-0.0872917	-0.0870833	-0.086875	-0.0866667	-0.0864583	-0.08625	-0.0860417	-0.0858333	-0.085625	-0.0854167	-0.0852083	-0.085	-0.0847917	-0.0767708	-0.06875	-0.0607292	-0.0527083	-0.0446875	-0.0366667	-0.0286458	-0.020625	-0.0126042	-0.00458333	0.0034375	0.0114583	0.0194792	0.0275	0.0355208	0.0435417	0.0515625	0.0595833	0.0609375	0.0622917	0.0636458	0.065	0.0663542	0.0677083	0.0690625	0.0704167	0.0717708	0.073125	0.0744792	0.0758333	0.0771875	0.0785417	0.0798958	0.08125	0.0826042	0.0839583	0.0853125	0.0866667	0.0880208	0.089375	0.0907292	0.0920833	0.0934375	0.0947917	0.0961458	0.0975	0.0988542	0.100208	0.101562	0.102917	0.104271	0.105625	0.106979	0.108333	0.109687	0.111042	0.112396	0.11375	0.115104	0.116458	0.117812	0.119167	0.120521	0.121875	0.123229	0.124583	0.125937	0.127292	0.128646	0.13	0.131354	0.132708	0.134063	0.135417	0.136771	0.138125	0.139479	0.140833	0.142187	0.143542	0.144896	0.14625	0.147604	0.148958	0.150312	0.151667	0.153021	0.154375	0.155729	0.157083	0.158437	0.159792	0.161146	0.1625	0.163854	0.165208	0.166562	0.167917	0.169271	0.170625	0.171979	0.173333	0.174687	0.176042	0.177396	0.17875	0.180104	0.181458	0.182812	0.184167	0.185521	0.186875	0.188229	0.189583	0.190937	0.192292	0.193646	0.195	0.196354	0.197708	0.199062	0.200417	0.201771	0.203125	0.204479	0.205833	0.207187	0.208542	0.209896	0.21125	0.212604	0.213958	0.215312	0.216667	0.218021	0.219375	0.220729	0.222083	0.223437	0.224792	0.226146	0.2275	0.228854	0.230208	0.231562	0.232917	0.234271	0.235625	0.236979	0.238333	0.239687	0.241042	0.242396	0.24375	0.245104	0.246458	0.247812	0.249167	0.250521	0.251875	0.245417	0.238958	0.2325	0.226042	0.219583	0.213125	0.206667	0.200208	0.19375	0.187292	0.180833	0.174375	0.167917	0.161458	0.155	0.148542	0.142083	0.135625	0.129167	0.122708	0.11625	0.109792	0.103333	0.096875	0.0904167	0.0839583	0.0775	0.0710417	0.0645833	0.058125	0.0516667	0.0452083	0.03875	0.0322917	0.0258333	0.019375	0.0129167	0.00645833	0
0	0.006875	0.00708333	0.00729167	0.0075	0.00770833	0.00791667	0.008125	0.00833333	0.00854167	0.00875	0.00895833	0.00916667	0.009375	0.00958333	0.00979167	0.01	0.0102083	0.0104167	0.010625	0.0108333	0.0110417	0.01125	0.0114583	0.0116667	0.011875	0.0120833	0.0122917	0.0125	0.0127083	0.0129167	0.013125	0.0133333	0.0135417	0.01375	0.0139583	0.0141667	0.014375	0.0145833	0.0147917	0.015	0.0152083	0.0154167	0.015625	0.0158333	0.0160417	0.01625	0.0164583	0.0166667	0.016875	0.0170833	0.0172917	0.0175	0.0177083	0.0179167	0.018125	0.0183333	0.0185417	0.01875	0.0189583	0.0191667	0.019375	0.0195833	0.0197917	0.02	0.0202083	0.0204167	0.020625	0.0208333	0.0210417	0.02125	0.0214583	0.0216667	0.021875	0.0220833	0.0222917	0.0225	0.0227083	0.0229167	0.023125	0.0233333	0.0235417	0.02375	0.0239583	0.0241667	0.024375	0.0245833	0.0247917	0.025	0.0252083	0.0254167	0.025625	0.0258333	0.0260417	0.02625	0.0264583	0.0266667	0.026875	0.0270833	0.0272917	0.0275	0.0277083	0.0279167	0.028125	0.0283333	0.0285417	0.02875	0.0289583	0.0291667	0.029375	0.0295833	0.0297917	0.03	0.0302083	0.0304167	0.030625	0.0308333	0.0310417	0.03125	0.0314583	0.0316667	0.031875	0.0320833	0.0322917	0.0325	0.0327083	0.0329167	0.033125	0.0333333	0.0335417	0.03375	0.0339583	0.0341667	0.034375	0.0345833	0.0347917	0.035	0.0352083	0.0354167	0.035625	0.0358333	0.0360417	0.03625	0.0364583	0.0366667	0.036875	0.0370833	0.0372917	0.0375	0.0377083	0.0379167	0.038125	0.0383333	0.0385417	0.03875	0.0389583	0.0391667	0.039375	0.0395833	0.0397917	0.04	0.0402083	0.0404167	0.040625	0.0408333	0.0410417	0.04125	0.0414583	0.0416667	0.041875	0.0420833	0.0422917	0.0425	0.0427083	0.0429167	0.043125	0.0433333	0.0435417	0.04375	0.0439583	0.0441667	0.044375	0.0445833	0.0447917	0.045	0.0452083	0.0454167	0.045625	0.0458333	0.0460417	0.04625	0.0464583	0.0466667	0.046875	0.0470833	0.0472917	0.0475	0.0477083	0.0479167	0.048125	0.0416667	0.0352083	0.02875	0.0222917	0.0158333	0.009375	0.00291667	-0.00354167	-0.01	-0.0164583	-0.0229167	-0.029375	-0.0358333	-0.0422917	-0.04875	-0.0552083	-0.0616667	-0.068125	-0.0745833	-0.0810417	-0.0875	-0.0939583	-0.0926042	-0.09125	-0.0898958	-0.0885417	-0.0871875	-0.0858333	-0.0844792	-0.083125	-0.0817708	-0.0804167	-0.0790625	-0.0777083	-0.0763542	-0.075	-0.0736458	-0.0722917	-0.0709375	-0.0695833	-0.0682292	-0.066875	-0.0655208	-0.0641667	-0.0628125	-0.0614583	-0.0601042	-0.05875	-0.0573958	-0.0560417	-0.0546875	-0.0533333	-0.0519792	-0.050625	-0.0492708	-0.0479167	-0.0465625	-0.0452083	-0.0438542	-0.0425	-0.0411458	-0.0397917	-0.0384375	-0.0370833	-0.0357292	-0.034375	-0.0330208	-0.0316667	-0.0303125	-0.0289583	-0.0276042	-0.02625	-0.0248958	-0.0235417	-0.0221875	-0.0208333	-0.0194792	-0.018125	-0.0167708	-0.0154167	-0.0140625	-0.0127083	-0.0113542	-0.01	-0.00864583	-0.00729167	-0.0059375	-0.00458333	-0.00322917	-0.001875	-0.000520833	0.000833333	0.0021875	0.00354167	0.00489583	0.00625	0.00760417	0.00895833	0.0103125	0.0116667	0.0130208	0.014375	0.0157292	0.0170833	0.0184375	0.0197917	0.0211458	0.0225	0.0238542	0.0252083	0.0265625	0.0279167	0.0292708	0.030625	0.0319792	0.0333333	0.0346875	0.0360417	0.0373958	0.03875	0.0401042	0.0414583	0.0428125	0.0441667	0.0455208	0.046875	0.0482292	0.0495833	0.0509375	0.0522917	0.0536458	0.055	0.0563542	0.0577083	0.0590625	0.0604167	0.0617708	0.063125	0.0644792	0.0658333	0.0671875	0.0685417	0.0698958	0.07125	0.0726042	0.0739583	0.0753125	0.0766667	0.0780208	0.079375	0.0807292	0.0820833	0.0834375	0.0847917	0.0861458	0.0875	0.0888542	0.0902083	0.0915625	0.0929167	0.0942708	0.095625	0.0969792	0.0983333	0.0996875	0.101042	0.102396	0.10375	0.105104	0.106458	0.107812	0.109167	0.110521	0.111875	0.113229	0.114583	0.115938	0.117292	0.118646	0.12	0.121354	0.122708	0.11625	0.109792	0.103333	0.096875	0.0904167	0.0839583	0.0775	0.0710417	0.0645833	0.058125	0.0516667	0.0452083	0.03875	0.0322917	0.0258333	0.019375	0.0129167	0.00645833	0
0	0.006875	0.01375	0.020625	0.0275	0.034375	0.04125	0.048125	0.055	0.061875	0.06875	0.075625	0.0825	0.089375	0.09625	0.103125	0.11	0.116875	0.12375	0.130625	0.1375	0.144375	0.144583	0.144792	0.145	0.145208	0.145417	0.145625	0.145833	0.146042	0.14625	0.146458	0.146667	0.146875	0.147083	0.147292	0.1475	0.147708	0.147917	0.148125	0.148333	0.148542	0.14875	0.148958	0.149167	0.149375	0.149583	0.149792	0.15	0.150208	0.150417	0.150625	0.150833	0.151042	0.15125	0.151458	0.151667	0.151875	0.152083	0.152292	0.1525	0.152708	0.152917	0.153125	0.153333	0.153542	0.15375	0.153958	0.154167	0.154375	0.154583	0.154792	0.155	0.155208	0.155417	0.155625	0.155833	0.156042	0.15625	0.156458	0.156667	0.156875	0.157083	0.157292	0.1575	0.157708	0.157917	0.158125	0.158333	0.158542	0.15875	0.158958	0.159167	0.159375	0.159583	0.159792	0.16	0.160208	0.160417	0.160625	0.160833	0.161042	0.16125	0.161458	0.161667	0.161875	0.162083	0.162292	0.1625	0.162708	0.162917	0.163125	0.163333	0.163542	0.16375	0.163958	0.164167	0.164375	0.164583	0.164792	0.165	0.165208	0.165417	0.165625	0.165833	0.166042	0.16625	0.166458	0.166667	0.166875	0.167083	0.167292	0.1675	0.167708	0.167917	0.168125	0.168333	0.168542	0.16875	0.168958	0.169167	0.169375	0.169583	0.169792	0.17	0.170208	0.170417	0.170625	0.170833	0.171042	0.17125	0.171458	0.171667	0.171875	0.172083	0.172292	0.1725	0.172708	0.172917	0.173125	0.173333	0.173542	0.17375	0.173958	0.174167	0.174375	0.174583	0.174792	0.175	0.175208	0.175417	0.175625	0.175833	0.176042	0.17625	0.176458	0.176667	0.176875	0.177083	0.177292	0.170833	0.164375	0.157917	0.151458	0.145	0.138542	0.132083	0.125625	0.119167	0.112708	0.10625	0.0997917	0.0933333	0.086875	0.0804167	0.0739583	0.0675	0.0610417	0.0545833	0.048125	0.0416667	0.0352083	0.02875	0.0222917	0.0158333	0.009375	0.00291667	-0.00354167	-0.01	-0.0164583	-0.0229167	-0.029375	-0.0358333	-0.0422917	-0.04875	-0.0552083	-0.0616667	-0.068125	-0.0745833	-0.0810417	-0.0875	-0.0939583	-0.100417	-0.106875	-0.113333	-0.119792	-0.12625	-0.132708	-0.139167	-0.145625	-0.152083	-0.158542	-0.165	-0.171458	-0.177917	-0.184375	-0.190833	-0.197292	-0.20375	-0.210208	-0.216667	-0.223125	-0.221771	-0.220417	-0.219063	-0.217708	-0.216354	-0.215	-0.213646	-0.212292	-0.210938	-0.209583	-0.208229	-0.206875	-0.205521	-0.204167	-0.202812	-0.201458	-0.200104	-0.19875	-0.197396	-0.196042	-0.194687	-0.193333	-0.191979	-0.190625	-0.189271	-0.187917	-0.186562	-0.185208	-0.183854	-0.1825	-0.181146	-0.179792	-0.178438	-0.177083	-0.175729	-0.174375	-0.173021	-0.171667	-0.170312	-0.168958	-0.167604	-0.16625	-0.164896	-0.163542	-0.162188	-0.160833	-0.159479	-0.158125	-0.156771	-0.155417	-0.154063	-0.152708	-0.151354	-0.15	-0.148646	-0.147292	-0.145938	-0.144583	-0.143229	-0.141875	-0.140521	-0.139167	-0.137813	-0.136458	-0.135104	-0.13375	-0.132396	-0.131042	-0.129688	-0.128333	-0.126979	-0.125625	-0.124271	-0.122917	-0.121563	-0.120208	-0.118854	-0.1175	-0.116146	-0.114792	-0.113438	-0.112083	-0.110729	-0.109375	-0.108021	-0.106667	-0.105313	-0.103958	-0.102604	-0.10125	-0.0998958	-0.0985417	-0.0971875	-0.0958333	-0.0944792	-0.093125	-0.0917708	-0.0904167	-0.0890625	-0.0877083	-0.0863542	-0.085	-0.0836458	-0.0822917	-0.0809375	-0.0795833	-0.0782292	-0.076875	-0.0755208	-0.0741667	-0.0728125	-0.0714583	-0.0701042	-0.06875	-0.0673958	-0.0660417	-0.0646875	-0.0633333	-0.0619792	-0.060625	-0.0592708	-0.0579167	-0.0565625	-0.0552083	-0.0538542	-0.0525	-0.0511458	-0.0497917	-0.0484375	-0.0470833	-0.0457292	-0.044375	-0.0430208	-0.0416667	-0.0403125	-0.0389583	-0.0376042	-0.03625	-0.0348958	-0.0335417	-0.0321875	-0.0308333	-0.0294792	-0.028125	-0.0267708	-0.0254167	-0.0240625	-0.0227083	-0.0213542	-0.02	-0.0186458	-0.0172917	-0.0159375	-0.0145833	-0.0132292	-0.011875	-0.0105208	-0.00916667	0
0	0.006875	0.01375	0.020625	0.0275	0.034375	0.04125	0.048125	0.055	0.061875	0.06875	0.075625	0.0825	0.089375	0.09625	0.103125	0.11	0.116875	0.12375	0.130625	0.1375	0.144375	0.15125	0.158125	0.165	0.171875	0.17875	0.185625	0.1925	0.199375	0.20625	0.213125	0.22	0.226875	0.23375	0.240625	0.2475	0.254375	0.26125	0.268125	0.275	0.281875	0.282083	0.282292	0.2825	0.282708	0.282917	0.283125	0.283333	0.283542	0.28375	0.283958	0.284167	0.284375	0.284583	0.284792	0.285	0.285208	0.285417	0.285625	0.285833	0.286042	0.28625	0.286458	0.286667	0.286875	0.287083	0.287292	0.2875	0.287708	0.287917	0.288125	0.288333	0.288542	0.28875	0.288958	0.289167	0.289375	0.289583	0.289792	0.29	0.290208	0.290417	0.290625	0.290833	0.291042	0.29125	0.291458	0.291667	0.291875	0.292083	0.292292	0.2925	0.292708	0.292917	0.293125	0.293333	0.293542	0.29375	0.293958	0.294167	0.294375	0.294583	0.294792	0.295	0.295208	0.295417	0.295625	0.295833	0.296042	0.29625	0.296458	0.296667	0.296875	0.297083	0.297292	0.2975	0.297708	0.297917	0.298125	0.298333	0.298542	0.29875	0.298958	0.299167	0.299375	0.299583	0.299792	0.3	0.300208	0.300417	0.300625	0.300833	0.301042	0.30125	0.301458	0.301667	0.301875	0.302083	0.302292	0.3025	0.302708	0.302917	0.303125	0.303333	0.303542	0.30375	0.303958	0.304167	0.304375	0.304583	0.304792	0.305	0.305208	0.305417	0.305625	0.305833	0.306042	0.30625	0.306458	0.3	0.293542	0.287083	0.280625	0.274167	0.267708	0.26125	0.254792	0.248333	0.241875	0.235417	0.228958	0.2225	0.216042	0.209583	0.203125	0.196667	0.190208	0.18375	0.177292	0.170833	0.164375	0.157917	0.151458	0.145	0.138542	0.132083	0.125625	0.119167	0.112708	0.10625	0.0997917	0.0933333	0.086875	0.0804167	0.0739583	0.0675	0.0610417	0.0545833	0.048125	0.0416667	0.0352083	0.02875	0.0222917	0.0158333	0.009375	0.00291667	-0.00354167	-0.01	-0.0164583	-0.0229167	-0.029375	-0.0358333	-0.0422917	-0.04875	-0.0552083	-0.0616667	-0.068125	-0.0745833	-0.0810417	-0.0875	-0.0939583	-0.100417	-0.106875	-0.113333	-0.119792	-0.12625	-0.132708	-0.139167	-0.145625	-0.152083	-0.158542	-0.165	-0.171458	-0.177917	-0.184375	-0.190833	-0.197292	-0.20375	-0.210208	-0.216667	-0.223125	-0.229583	-0.236042	-0.2425	-0.248958	-0.255417	-0.261875	-0.268333	-0.274792	-0.28125	-0.287708	-0.294167	-0.300625	-0.307083	-0.313542	-0.32	-0.326458	-0.332917	-0.339375	-0.345833	-0.352292	-0.350938	-0.349583	-0.348229	-0.346875	-0.345521	-0.344167	-0.342813	-0.341458	-0.340104	-0.33875	-0.337396	-0.336042	-0.334687	-0.333333	-0.331979	-0.330625	-0.329271	-0.327917	-0.326562	-0.325208	-0.323854	-0.3225	-0.321146	-0.319792	-0.318437	-0.317083	-0.315729	-0.314375	-0.313021	-0.311667	-0.310313	-0.308958	-0.307604	-0.30625	-0.304896	-0.303542	-0.302188	-0.300833	-0.299479	-0.298125	-0.296771	-0.295417	-0.294063	-0.292708	-0.291354	-0.29	-0.288646	-0.287292	-0.285938	-0.284583	-0.283229	-0.281875	-0.280521	-0.279167	-0.277813	-0.276458	-0.275104	-0.27375	-0.272396	-0.271042	-0.269688	-0.268333	-0.266979	-0.265625	-0.264271	-0.262917	-0.261563	-0.260208	-0.258854	-0.2575	-0.256146	-0.254792	-0.253438	-0.252083	-0.250729	-0.249375	-0.248021	-0.246667	-0.245313	-0.243958	-0.242604	-0.24125	-0.239896	-0.238542	-0.237187	-0.235833	-0.234479	-0.233125	-0.231771	-0.230417	-0.229063	-0.227708	-0.226354	-0.225	-0.223646	-0.222292	-0.220938	-0.219583	-0.218229	-0.216875	-0.215521	-0.214167	-0.212813	-0.211458	-0.210104	-0.20875	-0.207396	-0.206042	-0.204688	-0.203333	-0.201979	-0.200625	-0.199271	-0.197917	-0.196563	-0.195208	-0.193854	-0.1925	-0.183333	-0.174167	-0.165	-0.155833	-0.146667	-0.1375	-0.128333	-0.119167	-0.11	-0.100833	-0.0916667	-0.0825	-0.0733333	-0.0641667	-0.055	-0.0458333	-0.0366667	-0.0275	-0.0183333	-0.00916667	0
0	0.006875	0.01375	0.020625	0.0275	0.034375	0.04125	0.048125	0.055	0.061875	0.06875	0.075625	0.0825	0.089375	0.09625	0.103125	0.11	0.116875	0.12375	0.130625	0.1375	0.144375	0.15125	0.158125	0.165	0.171875	0.17875	0.185625	0.1925	0.199375	0.20625	0.213125	0.22	0.226875	0.23375	0.240625	0.2475	0.254375	0.26125	0.268125	0.275	0.281875	0.28875	0.295625	0.3025	0.309375	0.31625	0.323125	0.33	0.336875	0.34375	0.350625	0.3575	0.364375	0.37125	0.378125	0.385	0.391875	0.39875	0.405625	0.4125	0.419375	0.419583	0.419792	0.42	0.420208	0.420417	0.420625	0.420833	0.421042	0.42125	0.421458	0.421667	0.421875	0.422083	0.422292	0.4225	0.422708	0.422917	0.423125	0.423333	0.423542	0.42375	0.423958	0.424167	0.424375	0.424583	0.424792	0.425	0.425208	0.425417	0.425625	0.425833	0.426042	0.42625	0.426458	0.426667	0.426875	0.427083	0.427292	0.4275	0.427708	0.427917	0.428125	0.428333	0.428542	0.42875	0.428958	0.429167	0.429375	0.429583	0.429792	0.43	0.430208	0.430417	0.430625	0.430833	0.431042	0.43125	0.431458	0.431667	0.431875	0.432083	0.432292	0.4325	0.432708	0.432917	0.433125	0.433333	0.433542	0.43375	0.433958	0.434167	0.434375	0.434583	0.434792	0.435	0.435208	0.435417	0.435625	0.429167	0.422708	0.41625	0.409792	0.403333	0.396875	0.390417	0.383958	0.3775	0.371042	0.364583	0.358125	0.351667	0.345208	0.33875	0.332292	0.325833	0.319375	0.312917	0.306458	0.3	0.293542	0.287083	0.280625	0.274167	0.267708	0.26125	0.254792	0.248333	0.241875	0.235417	0.228958	0.2225	0.216042	0.209583	0.203125	0.196667	0.190208	0.18375	0.177292	0.170833	0.164375	0.157917	0.151458	0.145	0.138542	0.132083	0.125625	0.119167	0.112708	0.10625	0.0997917	0.0933333	0.086875	0.0804167	0.0739583	0.0675	0.0610417	0.0545833	0.048125	0.0416667	0.0352083	0.02875	0.0222917	0.0158333	0.009375	0.00291667	-0.00354167	-0.01	-0.0164583	-0.0229167	-0.029375	-0.0358333	-0.0422917	-0.04875	-0.0552083	-0.0616667	-0.068125	-0.0745833	-0.0810417	-0.0875	-0.0939583	-0.100417	-0.106875	-0.113333	-0.119792	-0.12625	-0.132708	-0.139167	-0.145625	-0.152083	-0.158542	-0.165	-0.171458	-0.177917	-0.184375	-0.190833	-0.197292	-0.20375	-0.210208	-0.216667	-0.223125	-0.229583	-0.236042	-0.2425	-0.248958	-0.255417	-0.261875	-0.268333	-0.274792	-0.28125	-0.287708	-0.294167	-0.300625	-0.307083	-0.313542	-0.32	-0.326458	-0.332917	-0.339375	-0.345833	-0.352292	-0.35875	-0.365208	-0.371667	-0.378125	-0.384583	-0.391042	-0.3975	-0.403958	-0.410417	-0.416875	-0.423333	-0.429792	-0.43625	-0.442708	-0.449167	-0.455625	-0.462083	-0.468542	-0.475	-0.481458	-0.480104	-0.47875	-0.477396	-0.476042	-0.474688	-0.473333	-0.471979	-0.470625	-0.469271	-0.467917	-0.466563	-0.465208	-0.463854	-0.4625	-0.461146	-0.459792	-0.458437	-0.457083	-0.455729	-0.454375	-0.453021	-0.451667	-0.450312	-0.448958	-0.447604	-0.44625	-0.444896	-0.443542	-0.442187	-0.440833	-0.439479	-0.438125	-0.436771	-0.435417	-0.434062	-0.432708	-0.431354	-0.43	-0.428646	-0.427292	-0.425938	-0.424583	-0.423229	-0.421875	-0.420521	-0.419167	-0.417813	-0.416458	-0.415104	-0.41375	-0.412396	-0.411042	-0.409688	-0.408333	-0.406979	-0.405625	-0.404271	-0.402917	-0.401563	-0.400208	-0.398854	-0.3975	-0.396146	-0.394792	-0.393438	-0.392083	-0.390729	-0.389375	-0.388021	-0.386667	-0.385313	-0.383958	-0.382604	-0.38125	-0.379896	-0.378542	-0.377188	-0.375833	-0.366667	-0.3575	-0.348333	-0.339167	-0.33	-0.320833	-0.311667	-0.3025	-0.293333	-0.284167	-0.275	-0.265833	-0.256667	-0.2475	-0.238333	-0.229167	-0.22	-0.210833	-0.201667	-0.1925	-0.183333	-0.174167	-0.165	-0.155833	-0.146667	-0.1375	-0.128333	-0.119167	-0.11	-0.100833	-0.0916667	-0.0825	-0.0733333	-0.0641667	-0.055	-0.0458333	-0.0366667	-0.0275	-0.0183333	-0.00916667	0
0	0.006875	0.01375	0.020625	0.0275	0.034375	0.04125	0.048125	0.055	0.061875	0.06875	0.075625	0.0825	0.089375	0.09625	0.103125	0.11	0.116875	0.12375	0.130625	0.1375	0.144375	0.15125	0.158125	0.165	0.171875	0.17875	0.185625	0.1925	0.199375	0.20625	0.213125	0.22	0.226875	0.23375	0.240625	0.2475	0.254375	0.26125	0.268125	0.275	0.281875	0.28875	0.295625	0.3025	0.309375	0.31625	0.323125	0.33	0.336875	0.34375	0.350625	0.3575	0.364375	0.37125	0.378125	0.385	0.391875	0.39875	0.405625	0.4125	0.419375	0.42625	0.433125	0.44	0.446875	0.45375	0.460625	0.4675	0.474375	0.48125	0.488125	0.495	0.501875	0.50875	0.515625	0.5225	0.529375	0.53625	0.543125	0.55	0.556875	0.557083	0.557292	0.5575	0.557708	0.557917	0.558125	0.558333	0.558542	0.55875	0.558958	0.559167	0.559375	0.559583	0.559792	0.56	0.560208	0.560417	0.560625	0.560833	0.561042	0.56125	0.561458	0.561667	0.561875	0.562083	0.562292	0.5625	0.562708	0.562917	0.563125	0.563333	0.563542	0.56375	0.563958	0.564167	0.564375	0.564583	0.564792	0.558333	0.551875	0.545417	0.538958	0.5325	0.526042	0.519583	0.513125	0.506667	0.500208	0.49375	0.487292	0.480833	0.474375	0.467917	0.461458	0.455	0.448542	0.442083	0.435625	0.429167	0.422708	0.41625	0.409792	0.403333	0.396875	0.390417	0.383958	0.3775	0.371042	0.364583	0.358125	0.351667	0.345208	0.33875	0.332292	0.325833	0.319375	0.312917	0.306458	0.3	0.293542	0.287083	0.280625	0.274167	0.267708	0.26125	0.254792	0.248333	0.241875	0.235417	0.228958	0.2225	0.216042	0.209583	0.203125	0.196667	0.190208	0.18375	0.177292	0.170833	0.164375	0.157917	0.151458	0.145	0.138542	0.132083	0.125625	0.119167	0.112708	0.10625	0.0997917	0.0933333	0.086875	0.0804167	0.0739583	0.0675	0.0610417	0.0545833	0.048125	0.0416667	0.0352083	0.02875	0.0222917	0.0158333	0.009375	0.00291667	-0.00354167	-0.01	-0.0164583	-0.0229167	-0.029375	-0.0358333	-0.0422917	-0.04875	-0.0552083	-0.0616667	-0.068125	-0.0745833	-0.0810417	-0.0875	-0.0939583	-0.100417	-0.106875	-0.113333	-0.119792	-0.12625	-0.132708	-0.139167	-0.145625	-0.152083	-0.158542	-0.165	-0.171458	-0.177917	-0.184375	-0.190833	-0.197292	-0.20375	-0.210208	-0.216667	-0.223125	-0.229583	-0.236042	-0.2425	-0.248958	-0.255417	-0.261875	-0.268333	-0.274792	-0.28125	-0.287708	-0.294167	-0.300625	-0.307083	-0.313542	-0.32	-0.326458	-0.332917	-0.339375	-0.345833	-0.352292	-0.35875	-0.365208	-0.371667	-0.378125	-0.384583	-0.391042	-0.3975	-0.403958	-0.410417	-0.416875	-0.423333	-0.429792	-0.43625	-0.442708	-0.449167	-0.455625	-0.462083	-0.468542	-0.475	-0.481458	-0.487917	-0.494375	-0.500833	-0.507292	-0.51375	-0.520208	-0.526667	-0.533125	-0.539583	-0.546042	-0.5525	-0.558958	-0.565417	-0.571875	-0.578333	-0.584792	-0.59125	-0.597708	-0.604167	-0.610625	-0.609271	-0.607917	-0.606562	-0.605208	-0.603854	-0.6025	-0.601146	-0.599792	-0.598438	-0.597083	-0.595729	-0.594375	-0.593021	-0.591667	-0.590313	-0.588958	-0.587604	-0.58625	-0.584896	-0.583542	-0.582188	-0.580833	-0.579479	-0.578125	-0.576771	-0.575417	-0.574063	-0.572708	-0.571354	-0.57	-0.568646	-0.567292	-0.565938	-0.564583	-0.563229	-0.561875	-0.560521	-0.559167	-0.55	-0.540833	-0.531667	-0.5225	-0.513333	-0.504167	-0.495	-0.485833	-0.476667	-0.4675	-0.458333	-0.449167	-0.44	-0.430833	-0.421667	-0.4125	-0.403333	-0.394167	-0.385	-0.375833	-0.366667	-0.3575	-0.348333	-0.339167	-0.33	-0.320833	-0.311667	-0.3025	-0.293333	-0.284167	-0.275	-0.265833	-0.256667	-0.2475	-0.238333	-0.229167	-0.22	-0.210833	-0.201667	-0.1925	-0.183333	-0.174167	-0.165	-0.155833	-0.146667	-0.1375	-0.128333	-0.119167	-0.11	-0.100833	-0.0916667	-0.0825	-0.0733333	-0.0641667	-0.055	-0.0458333	-0.0366667	-0.0275	-0.0183333	-0.00916667	0
0	0.006875	0.01375	0.020625	0.0275	0.034375	0.04125	0.048125	0.055	0.061875	0.06875	0.075625	0.0825	0.089375	0.09625	0.103125	0.11	0.116875	0.12375	0.130625	0.1375	0.144375	0.15125	0.158125	0.165	0.171875	0.17875	0.185625	0.1925	0.199375	0.20625	0.213125	0.22	0.226875	0.23375	0.240625	0.2475	0.254375	0.26125	0.268125	0.275	0.281875	0.28875	0.295625	0.3025	0.309375	0.31625	0.323125	0.33	0.336875	0.34375	0.350625	0.3575	0.364375	0.37125	0.378125	0.385	0.391875	0.39875	0.405625	0.4125	0.419375	0.42625	0.433125	0.44	0.446875	0.45375	0.460625	0.4675	0.474375	0.48125	0.488125	0.495	0.501875	0.50875	0.515625	0.5225	0.529375	0.53625	0.543125	0.55	0.556875	0.56375	0.570625	0.5775	0.584375	0.59125	0.598125	0.605	0.611875	0.61875	0.625625	0.6325	0.639375	0.64625	0.653125	0.66	0.666875	0.67375	0.680625	0.680833	0.681042	0.674583	0.668125	0.661667	0.655208	0.64875	0.642292	0.635833	0.629375	0.622917	0.616458	0.61	0.603542	0.597083	0.590625	0.584167	0.577708	0.57125	0.564792	0.558333	0.551875	0.545417	0.538958	0.5325	0.526042	0.519583	0.513125	0.506667	0.500208	0.49375	0.487292	0.480833	0.474375	0.467917	0.461458	0.455	0.448542	0.442083	0.435625	0.429167	0.422708	0.41625	0.409792	0.403333	0.396875	0.390417	0.383958	0.3775	0.371042	0.364583	0.358125	0.351667	0.345208	0.33875	0.332292	0.325833	0.319375	0.312917	0.306458	0.3	0.293542	0.287083	0.280625	0.274167	0.267708	0.26125	0.254792	0.248333	0.241875	0.235417	0.228958	0.2225	0.216042	0.209583	0.203125	0.196667	0.190208	0.18375	0.177292	0.170833	0.164375	0.157917	0.151458	0.145	0.138542	0.132083	0.125625	0.119167	0.112708	0.10625	0.0997917	0.0933333	0.086875	0.0804167	0.0739583	0.0675	0.0610417	0.0545833	0.048125	0.0416667	0.0352083	0.02875	0.0222917	0.0158333	0.009375	0.00291667	-0.00354167	-0.01	-0.0164583	-0.0229167	-0.029375	-0.0358333	-0.0422917	-0.04875	-0.0552083	-0.0616667	-0.068125	-0.0745833	-0.0810417	-0.0875	-0.0939583	-0.100417	-0.106875	-0.113333	-0.119792	-0.12625	-0.132708	-0.139167	-0.145625	-0.152083	-0.158542	-0.165	-0.171458	-0.177917	-0.184375	-0.190833	-0.197292	-0.20375	-0.210208	-0.216667	-0.223125	-0.229583	-0.236042	-0.2425	-0.248958	-0.255417	-0.261875	-0.268333	-0.274792	-0.28125	-0.287708	-0.294167	-0.300625	-0.307083	-0.313542	-0.32	-0.326458	-0.332917	-0.339375	-0.345833	-0.352292	-0.35875	-0.365208	-0.371667	-0.378125	-0.384583	-0.391042	-0.3975	-0.403958	-0.410417	-0.416875	-0.423333	-0.429792	-0.43625	-0.442708	-0.449167	-0.455625	-0.462083	-0.468542	-0.475	-0.481458	-0.487917	-0.494375	-0.500833	-0.507292	-0.51375	-0.520208	-0.526667	-0.533125	-0.539583	-0.546042	-0.5525	-0.558958	-0.565417	-0.571875	-0.578333	-0.584792	-0.59125	-0.597708	-0.604167	-0.610625	-0.617083	-0.623542	-0.63	-0.636458	-0.642917	-0.649375	-0.655833	-0.662292	-0.66875	-0.675208	-0.681667	-0.688125	-0.694583	-0.701042	-0.7075	-0.713958	-0.720417	-0.726875	-0.725521	-0.724167	-0.715	-0.705833	-0.696667	-0.6875	-0.678333	-0.669167	-0.66	-0.650833	-0.641667	-0.6325	-0.623333	-0.614167	-0.605	-0.595833	-0.586667	-0.5775	-0.568333	-0.559167	-0.55	-0.540833	-0.531667	-0.5225	-0.513333	-0.504167	-0.495	-0.485833	-0.476667	-0.4675	-0.458333	-0.449167	-0.44	-0.430833	-0.421667	-0.4125	-0.403333	-0.394167	-0.385	-0.375833	-0.366667	-0.3575	-0.348333	-0.339167	-0.33	-0.320833	-0.311667	-0.3025	-0.293333	-0.284167	-0.275	-0.265833	-0.256667	-0.2475	-0.238333	-0.229167	-0.22	-0.210833	-0.201667	-0.1925	-0.183333	-0.174167	-0.165	-0.155833	-0.146667	-0.1375	-0.128333	-0.119167	-0.11	-0.100833	-0.0916667	-0.0825	-0.0733333	-0.0641667	-0.055	-0.0458333	-0.0366667	-0.0275	-0.0183333	-0.00916667	0
0	0.006875	0.01375	0.020625	0.0275	0.034375	0.04125	0.048125	0.055	0.061875	0.06875	0.075625	0.0825	0.089375	0.09625	0.103125	0.11	0.116875	0.12375	0.130625	0.1375	0.144375	0.15125	0.158125	0.165	0.171875	0.17875	0.185625	0.1925	0.199375	0.20625	0.213125	0.22	0.226875	0.23375	0.240625	0.2475	0.254375	0.26125	0.268125	0.275	0.281875	0.28875	0.295625	0.3025	0.309375	0.31625	0.323125	0.33	0.336875	0.34375	0.350625	0.3575	0.364375	0.37125	0.378125	0.385	0.391875	0.39875	0.405625	0.4125	0.419375	0.42625	0.433125	0.44	0.446875	0.45375	0.460625	0.4675	0.474375	0.48125	0.488125	0.495	0.501875	0.50875	0.515625	0.5225	0.529375	0.53625	0.543125	0.543333	0.543542	0.54375	0.543958	0.544167	0.544375	0.544583	0.544792	0.545	0.545208	0.545417	0.545625	0.545833	0.546042	0.54625	0.546458	0.546667	0.546875	0.547083	0.547292	0.5475	0.547708	0.547917	0.548125	0.548333	0.548542	0.54875	0.548958	0.549167	0.549375	0.549583	0.549792	0.55	0.550208	0.550417	0.550625	0.550833	0.551042	0.55125	0.551458	0.551667	0.551875	0.545417	0.538958	0.5325	0.526042	0.519583	0.513125	0.506667	0.500208	0.49375	0.487292	0.480833	0.474375	0.467917	0.461458	0.455	0.448542	0.442083	0.435625	0.429167	0.422708	0.41625	0.409792	0.403333	0.396875	0.390417	0.383958	0.3775	0.371042	0.364583	0.358125	0.351667	0.345208	0.33875	0.332292	0.325833	0.319375	0.312917	0.306458	0.3	0.293542	0.287083	0.280625	0.274167	0.267708	0.26125	0.254792	0.248333	0.241875	0.235417	0.228958	0.2225	0.216042	0.209583	0.203125	0.196667	0.190208	0.18375	0.177292	0.170833	0.164375	0.157917	0.151458	0.145	0.138542	0.132083	0.125625	0.119167	0.112708	0.10625	0.0997917	0.0933333	0.086875	0.0804167	0.0739583	0.0675	0.0610417	0.0545833	0.048125	0.0416667	0.0352083	0.02875	0.0222917	0.0158333	0.009375	0.00291667	-0.00354167	-0.01	-0.0164583	-0.0229167	-0.029375	-0.0358333	-0.0422917	-0.04875	-0.0552083	-0.0616667	-0.068125	-0.0745833	-0.0810417	-0.0875	-0.0939583	-0.100417	-0.106875	-0.113333	-0.119792	-0.12625	-0.132708	-0.139167	-0.145625	-0.152083	-0.158542	-0.165	-0.171458	-0.177917	-0.184375	-0.190833	-0.197292	-0.20375	-0.210208	-0.216667	-0.223125	-0.229583	-0.236042	-0.2425	-0.248958	-0.255417	-0.261875	-0.268333	-0.274792	-0.28125	-0.287708	-0.294167	-0.300625	-0.307083	-0.313542	-0.32	-0.326458	-0.332917	-0.339375	-0.345833	-0.352292	-0.35875	-0.365208	-0.371667	-0.378125	-0.384583	-0.391042	-0.3975	-0.403958	-0.410417	-0.416875	-0.423333	-0.429792	-0.43625	-0.442708	-0.449167	-0.455625	-0.462083	-0.468542	-0.475	-0.481458	-0.487917	-0.494375	-0.500833	-0.507292	-0.51375	-0.520208	-0.526667	-0.533125	-0.539583	-0.546042	-0.5525	-0.558958	-0.565417	-0.571875	-0.578333	-0.584792	-0.59125	-0.597708	-0.596354	-0.595	-0.593646	-0.592292	-0.590937	-0.589583	-0.588229	-0.586875	-0.585521	-0.584167	-0.582812	-0.581458	-0.580104	-0.57875	-0.577396	-0.576042	-0.574687	-0.573333	-0.571979	-0.570625	-0.569271	-0.567917	-0.566562	-0.565208	-0.563854	-0.5625	-0.561146	-0.559792	-0.558437	-0.557083	-0.555729	-0.554375	-0.553021	-0.551667	-0.550312	-0.548958	-0.547604	-0.54625	-0.544896	-0.543542	-0.542187	-0.540833	-0.531667	-0.5225	-0.513333	-0.504167	-0.495	-0.485833	-0.476667	-0.4675	-0.458333	-0.449167	-0.44	-0.430833	-0.421667	-0.4125	-0.403333	-0.394167	-0.385	-0.375833	-0.366667	-0.3575	-0.348333	-0.339167	-0.33	-0.320833	-0.311667	-0.3025	-0.293333	-0.284167	-0.275	-0.265833	-0.256667	-0.2475	-0.238333	-0.229167	-0.22	-0.210833	-0.201667	-0.1925	-0.183333	-0.174167	-0.165	-0.155833	-0.146667	-0.1375	-0.128333	-0.119167	-0.11	-0.100833	-0.0916667	-0.0825	-0.0733333	-0.0641667	-0.055	-0.0458333	-0.0366667	-0.0275	-0.0183333	-0.00916667	0
0	0.006875	0.01375	0.020625	0.0275	0.034375	0.04125	0.048125	0.055	0.061875	0.06875	0.075625	0.0825	0.089375	0.09625	0.103125	0.11	0.116875	0.12375	0.130625	0.1375	0.144375	0.15125	0.158125	0.165	0.171875	0.17875	0.185625	0.1925	0.199375	0.20625	0.213125	0.22	0.226875	0.23375	0.240625	0.2475	0.254375	0.26125	0.268125	0.275	0.281875	0.28875	0.295625	0.3025	0.309375	0.31625	0.323125	0.33	0.336875	0.34375	0.350625	0.3575	0.364375	0.37125	0.378125	0.385	0.391875	0.39875	0.405625	0.405833	0.406042	0.40625	0.406458	0.406667	0.406875	0.407083	0.407292	0.4075	0.407708	0.407917	0.408125	0.408333	0.408542	0.40875	0.408958	0.409167	0.409375	0.409583	0.409792	0.41	0.410208	0.410417	0.410625	0.410833	0.411042	0.41125	0.411458	0.411667	0.411875	0.412083	0.412292	0.4125	0.412708	0.412917	0.413125	0.413333	0.413542	0.41375	0.413958	0.414167	0.414375	0.414583	0.414792	0.415	0.415208	0.415417	0.415625	0.415833	0.416042	0.41625	0.416458	0.416667	0.416875	0.417083	0.417292	0.4175	0.417708	0.417917	0.418125	0.418333	0.418542	0.41875	0.418958	0.419167	0.419375	0.419583	0.419792	0.42	0.420208	0.420417	0.420625	0.420833	0.421042	0.42125	0.421458	0.421667	0.421875	0.422083	0.422292	0.4225	0.422708	0.41625	0.409792	0.403333	0.396875	0.390417	0.383958	0.3775	0.371042	0.364583	0.358125	0.351667	0.345208	0.33875	0.332292	0.325833	0.319375	0.312917	0.306458	0.3	0.293542	0.287083	0.280625	0.274167	0.267708	0.26125	0.254792	0.248333	0.241875	0.235417	0.228958	0.2225	0.216042	0.209583	0.203125	0.196667	0.190208	0.18375	0.177292	0.170833	0.164375	0.157917	0.151458	0.145	0.138542	0.132083	0.125625	0.119167	0.112708	0.10625	0.0997917	0.0933333	0.086875	0.0804167	0.0739583	0.0675	0.0610417	0.0545833	0.048125	0.0416667	0.0352083	0.02875	0.0222917	0.0158333	0.009375	0.00291667	-0.00354167	-0.01	-0.0164583	-0.0229167	-0.029375	-0.0358333	-0.0422917	-0.04875	-0.0552083	-0.0616667	-0.068125	-0.0745833	-0.0810417	-0.0875	-0.0939583	-0.100417	-0.106875	-0.113333	-0.119792	-0.12625	-0.132708	-0.139167	-0.145625	-0.152083	-0.158542	-0.165	-0.171458	-0.177917	-0.184375	-0.190833	-0.197292	-0.20375	-0.210208	-0.216667	-0.223125	-0.229583	-0.236042	-0.2425	-0.248958	-0.255417	-0.261875	-0.268333	-0.274792	-0.28125	-0.287708	-0.294167	-0.300625	-0.307083	-0.313542	-0.32	-0.326458	-0.332917	-0.339375	-0.345833	-0.352292	-0.35875	-0.365208	-0.371667	-0.378125	-0.384583	-0.391042	-0.3975	-0.403958	-0.410417	-0.416875	-0.423333	-0.429792	-0.43625	-0.442708	-0.449167	-0.455625	-0.462083	-0.468542	-0.467187	-0.465833	-0.464479	-0.463125	-0.461771	-0.460417	-0.459062	-0.457708	-0.456354	-0.455	-0.453646	-0.452292	-0.450937	-0.449583	-0.448229	-0.446875	-0.445521	-0.444167	-0.442812	-0.441458	-0.440104	-0.43875	-0.437396	-0.436042	-0.434687	-0.433333	-0.431979	-0.430625	-0.429271	-0.427917	-0.426562	-0.425208	-0.423854	-0.4225	-0.421146	-0.419792	-0.418437	-0.417083	-0.415729	-0.414375	-0.413021	-0.411667	-0.410312	-0.408958	-0.407604	-0.40625	-0.404896	-0.403542	-0.402187	-0.400833	-0.399479	-0.398125	-0.396771	-0.395417	-0.394062	-0.392708	-0.391354	-0.39	-0.388646	-0.387292	-0.385937	-0.384583	-0.383229	-0.381875	-0.380521	-0.379167	-0.377812	-0.376458	-0.375104	-0.37375	-0.372396	-0.371042	-0.369687	-0.368333	-0.366979	-0.365625	-0.364271	-0.362917	-0.361562	-0.360208	-0.358854	-0.3575	-0.348333	-0.339167	-0.33	-0.320833	-0.311667	-0.3025	-0.293333	-0.284167	-0.275	-0.265833	-0.256667	-0.2475	-0.238333	-0.229167	-0.22	-0.210833	-0.201667	-0.1925	-0.183333	-0.174167	-0.165	-0.155833	-0.146667	-0.1375	-0.128333	-0.119167	-0.11	-0.100833	-0.0916667	-0.0825	-0.0733333	-0.0641667	-0.055	-0.0458333	-0.0366667	-0.0275	-0.0183333	-0.00916667	0
0	0.006875	0.01375	0.020625	0.0275	0.034375	0.04125	0.048125	0.055	0.061875	0.06875	0.075625	0.0825	0.089375	0.09625	0.103125	0.11	0.116875	0.12375	0.130625	0.1375	0.144375	0.15125	0.158125	0.165	0.171875	0.17875	0.185625	0.1925	0.199375	0.20625	0.213125	0.22	0.226875	0.23375	0.240625	0.2475	0.254375	0.26125	0.268125	0.268333	0.268542	0.26875	0.268958	0.269167	0.269375	0.269583	0.269792	0.27	0.270208	0.270417	0.270625	0.270833	0.271042	0.27125	0.271458	0.271667	0.271875	0.272083	0.272292	0.2725	0.272708	0.272917	0.273125	0.273333	0.273542	0.27375	0.273958	0.274167	0.274375	0.274583	0.274792	0.275	0.275208	0.275417	0.275625	0.275833	0.276042	0.27625	0.276458	0.276667	0.276875	0.277083	0.277292	0.2775	0.277708	0.277917	0.278125	0.278333	0.278542	0.27875	0.278958	0.279167	0.279375	0.279583	0.279792	0.28	0.280208	0.280417	0.280625	0.280833	0.281042	0.28125	0.281458	0.281667	0.281875	0.282083	0.282292	0.2825	0.282708	0.282917	0.283125	0.283333	0.283542	0.28375	0.283958	0.284167	0.284375	0.284583	0.284792	0.285	0.285208	0.285417	0.285625	0.285833	0.286042	0.28625	0.286458	0.286667	0.286875	0.287083	0.287292	0.2875	0.287708	0.287917	0.288125	0.288333	0.288542	0.28875	0.288958	0.289167	0.289375	0.289583	0.289792	0.29	0.290208	0.290417	0.290625	0.290833	0.291042	0.29125	0.291458	0.291667	0.291875	0.292083	0.292292	0.2925	0.292708	0.292917	0.293125	0.293333	0.293542	0.287083	0.280625	0.274167	0.267708	0.26125	0.254792	0.248333	0.241875	0.235417	0.228958	0.2225	0.216042	0.209583	0.203125	0.196667	0.190208	0.18375	0.177292	0.170833	0.164375	0.157917	0.151458	0.145	0.138542	0.132083	0.125625	0.119167	0.112708	0.10625	0.0997917	0.0933333	0.086875	0.0804167	0.0739583	0.0675	0.0610417	0.0545833	0.048125	0.0416667	0.0352083	0.02875	0.0222917	0.0158333	0.009375	0.00291667	-0.00354167	-0.01	-0.0164583	-0.0229167	-0.029375	-0.0358333	-0.0422917	-0.04875	-0.0552083	-0.0616667	-0.068125	-0.0745833	-0.0810417	-0.0875	-0.0939583	-0.100417	-0.106875	-0.113333	-0.119792	-0.12625	-0.132708	-0.139167	-0.145625	-0.152083	-0.158542	-0.165	-0.171458	-0.177917	-0.184375	-0.190833	-0.197292	-0.20375	-0.210208	-0.216667	-0.223125	-0.229583	-0.236042	-0.2425	-0.248958	-0.255417	-0.261875	-0.268333	-0.274792	-0.28125	-0.287708	-0.294167	-0.300625	-0.307083	-0.313542	-0.32	-0.326458	-0.332917	-0.339375	-0.338021	-0.336667	-0.335313	-0.333958	-0.332604	-0.33125	-0.329896	-0.328542	-0.327188	-0.325833	-0.324479	-0.323125	-0.321771	-0.320417	-0.319062	-0.317708	-0.316354	-0.315	-0.313646	-0.312292	-0.310937	-0.309583	-0.308229	-0.306875	-0.305521	-0.304167	-0.302812	-0.301458	-0.300104	-0.29875	-0.297396	-0.296042	-0.294687	-0.293333	-0.291979	-0.290625	-0.289271	-0.287917	-0.286562	-0.285208	-0.283854	-0.2825	-0.281146	-0.279792	-0.278437	-0.277083	-0.275729	-0.274375	-0.273021	-0.271667	-0.270312	-0.268958	-0.267604	-0.26625	-0.264896	-0.263542	-0.262187	-0.260833	-0.259479	-0.258125	-0.256771	-0.255417	-0.254062	-0.252708	-0.251354	-0.25	-0.248646	-0.247292	-0.245937	-0.244583	-0.243229	-0.241875	-0.240521	-0.239167	-0.237812	-0.236458	-0.235104	-0.23375	-0.232396	-0.231042	-0.229687	-0.228333	-0.226979	-0.225625	-0.224271	-0.222917	-0.221562	-0.220208	-0.218854	-0.2175	-0.216146	-0.214792	-0.213437	-0.212083	-0.210729	-0.209375	-0.208021	-0.206667	-0.205312	-0.203958	-0.202604	-0.20125	-0.199896	-0.198542	-0.197187	-0.195833	-0.194479	-0.193125	-0.191771	-0.190417	-0.189062	-0.187708	-0.186354	-0.185	-0.183646	-0.182292	-0.180937	-0.179583	-0.178229	-0.176875	-0.175521	-0.174167	-0.165	-0.155833	-0.146667	-0.1375	-0.128333	-0.119167	-0.11	-0.100833	-0.0916667	-0.0825	-0.0733333	-0.0641667	-0.055	-0.0458333	-0.0366667	-0.0275	-0.0183333	-0.00916667	0
0	0.006875	0.01375	0.020625	0.0275	0.034375	0.04125	0.048125	0.055	0.061875	0.06875	0.075625	0.0825	0.089375	0.09625	0.103125	0.11	0.116875	0.12375	0.130625	0.130833	0.131042	0.13125	0.131458	0.131667	0.131875	0.132083	0.132292	0.1325	0.132708	0.132917	0.133125	0.133333	0.133542	0.13375	0.133958	0.134167	0.134375	0.134583	0.134792	0.135	0.135208	0.135417	0.135625	0.135833	0.136042	0.13625	0.136458	0.136667	0.136875	0.137083	0.137292	0.1375	0.137708	0.137917	0.138125	0.138333	0.138542	0.13875	0.138958	0.139167	0.139375	0.139583	0.139792	0.14	0.140208	0.140417	0.140625	0.140833	0.141042	0.14125	0.141458	0.141667	0.141875	0.142083	0.142292	0.1425	0.142708	0.142917	0.143125	0.143333	0.143542	0.14375	0.143958	0.144167	0.144375	0.144583	0.144792	0.145	0.145208	0.145417	0.145625	0.145833	0.146042	0.14625	0.146458	0.146667	0.146875	0.147083	0.147292	0.1475	0.147708	0.147917	0.148125	0.148333	0.148542	0.14875	0.148958	0.149167	0.149375	0.149583	0.149792	0.15	0.150208	0.150417	0.150625	0.150833	0.151042	0.15125	0.151458	0.151667	0.151875	0.152083	0.152292	0.1525	0.152708	0.152917	0.153125	0.153333	0.153542	0.15375	0.153958	0.154167	0.154375	0.154583	0.154792	0.155	0.155208	0.155417	0.155625	0.155833	0.156042	0.15625	0.156458	0.156667	0.156875	0.157083	0.157292	0.1575	0.157708	0.157917	0.158125	0.158333	0.158542	0.15875	0.158958	0.159167	0.159375	0.159583	0.159792	0.16	0.160208	0.160417	0.160625	0.160833	0.161042	0.16125	0.161458	0.161667	0.161875	0.162083	0.162292	0.1625	0.162708	0.162917	0.163125	0.163333	0.163542	0.16375	0.163958	0.164167	0.164375	0.157917	0.151458	0.145	0.138542	0.132083	0.125625	0.119167	0.112708	0.10625	0.0997917	0.0933333	0.086875	0.0804167	0.0739583	0.0675	0.0610417	0.0545833	0.048125	0.0416667	0.0352083	0.02875	0.0222917	0.0158333	0.009375	0.00291667	-0.00354167	-0.01	-0.0164583	-0.0229167	-0.029375	-0.0358333	-0.0422917	-0.04875	-0.0552083	-0.0616667	-0.068125	-0.0745833	-0.0810417	-0.0875	-0.0939583	-0.100417	-0.106875	-0.113333	-0.119792	-0.12625	-0.132708	-0.139167	-0.145625	-0.152083	-0.158542	-0.165	-0.171458	-0.177917	-0.184375	-0.190833	-0.197292	-0.20375	-0.210208	-0.208854	-0.2075	-0.206146	-0.204792	-0.203438	-0.202083	-0.200729	-0.199375	-0.198021	-0.196667	-0.195313	-0.193958	-0.192604	-0.19125	-0.189896	-0.188542	-0.187188	-0.185833	-0.184479	-0.183125	-0.181771	-0.180417	-0.179063	-0.177708	-0.176354	-0.175	-0.173646	-0.172292	-0.170938	-0.169583	-0.168229	-0.166875	-0.165521	-0.164167	-0.162813	-0.161458	-0.160104	-0.15875	-0.157396	-0.156042	-0.154688	-0.153333	-0.151979	-0.150625	-0.149271	-0.147917	-0.146562	-0.145208	-0.143854	-0.1425	-0.141146	-0.139792	-0.138437	-0.137083	-0.135729	-0.134375	-0.133021	-0.131667	-0.130312	-0.128958	-0.127604	-0.12625	-0.124896	-0.123542	-0.122187	-0.120833	-0.119479	-0.118125	-0.116771	-0.115417	-0.114062	-0.112708	-0.111354	-0.11	-0.108646	-0.107292	-0.105937	-0.104583	-0.103229	-0.101875	-0.100521	-0.0991667	-0.0978125	-0.0964583	-0.0951042	-0.09375	-0.0923958	-0.0910417	-0.0896875	-0.0883333	-0.0869792	-0.085625	-0.0842708	-0.0829167	-0.0815625	-0.0802083	-0.0788542	-0.0775	-0.0761458	-0.0747917	-0.0734375	-0.0720833	-0.0707292	-0.069375	-0.0680208	-0.0666667	-0.0653125	-0.0639583	-0.0626042	-0.06125	-0.0598958	-0.0585417	-0.0571875	-0.0558333	-0.0544792	-0.053125	-0.0517708	-0.0504167	-0.0490625	-0.0477083	-0.0463542	-0.045	-0.0436458	-0.0422917	-0.0409375	-0.0395833	-0.0382292	-0.036875	-0.0355208	-0.0341667	-0.0328125	-0.0314583	-0.0301042	-0.02875	-0.0273958	-0.0260417	-0.0246875	-0.0233333	-0.0219792	-0.020625	-0.0192708	-0.0179167	-0.0165625	-0.0152083	-0.0138542	-0.0125	-0.0111458	-0.00979167	-0.0084375	-0.00708333	-0.00572917	-0.004375	-0.00302083	-0.00166667	-0.0003125	0.00104167	0.00239583	0.00375	0.00510417	0.00645833	0
0	-0.00645833	-0.00625	-0.00604167	-0.00583333	-0.005625	-0.00541667	-0.00520833	-0.005	-0.00479167	-0.00458333	-0.004375	-0.00416667	-0.00395833	-0.00375	-0.00354167	-0.00333333	-0.003125	-0.00291667	-0.00270833	-0.0025	-0.00229167	-0.00208333	-0.001875	-0.00166667	-0.00145833	-0.00125	-0.00104167	-0.000833333	-0.000625	-0.000416667	-0.000208333	8.88178e-16	0.000208333	0.000416667	0.000625	0.000833333	0.00104167	0.00125	0.00145833	0.00166667	0.001875	0.00208333	0.00229167	0.0025	0.00270833	0.00291667	0.003125	0.00333333	0.00354167	0.00375	0.00395833	0.00416667	0.004375	0.00458333	0.00479167	0.005	0.00520833	0.00541667	0.005625	0.00583333	0.00604167	0.00625	0.00645833	0.00666667	0.006875	0.00708333	0.00729167	0.0075	0.00770833	0.00791667	0.008125	0.00833333	0.00854167	0.00875	0.00895833	0.00916667	0.009375	0.00958333	0.00979167	0.01	0.0102083	0.0104167	0.010625	0.0108333	0.0110417	0.01125	0.0114583	0.0116667	0.011875	0.0120833	0.0122917	0.0125	0.0127083	0.0129167	0.013125	0.0133333	0.0135417	0.01375	0.0139583	0.0141667	0.014375	0.0145833	0.0147917	0.015	0.0152083	0.0154167	0.015625	0.0158333	0.0160417	0.01625	0.0164583	0.0166667	0.016875	0.0170833	0.0172917	0.0175	0.0177083	0.0179167	0.018125	0.0183333	0.0185417	0.01875	0.0189583	0.0191667	0.019375	0.0195833	0.0197917	0.02	0.0202083	0.0204167	0.020625	0.0208333	0.0210417	0.02125	0.0214583	0.0216667	0.021875	0.0220833	0.0222917	0.0225	0.0227083	0.0229167	0.023125	0.0233333	0.0235417	0.02375	0.0239583	0.0241667	0.024375	0.0245833	0.0247917	0.025	0.0252083	0.0254167	0.025625	0.0258333	0.0260417	0.02625	0.0264583	0.0266667	0.026875	0.0270833	0.0272917	0.0275	0.0277083	0.0279167	0.028125	0.0283333	0.0285417	0.02875	0.0289583	0.0291667	0.029375	0.0295833	0.0297917	0.03	0.0302083	0.0304167	0.030625	0.0308333	0.0310417	0.03125	0.0314583	0.0316667	0.031875	0.0320833	0.0322917	0.0325	0.0327083	0.0329167	0.033125	0.0333333	0.0335417	0.03375	0.0339583	0.0341667	0.034375	0.0345833	0.0347917	0.035	0.0352083	0.02875	0.0222917	0.0158333	0.009375	0.00291667	-0.00354167	-0.01	-0.0164583	-0.0229167	-0.029375	-0.0358333	-0.0422917	-0.04875	-0.0552083	-0.0616667	-0.068125	-0.0745833	-0.0810417	-0.0796875	-0.0783333	-0.0769792	-0.075625	-0.0742708	-0.0729167	-0.0715625	-0.0702083	-0.0688542	-0.0675	-0.0661458	-0.0647917	-0.0634375	-0.0620833	-0.0607292	-0.059375	-0.0580208	-0.0566667	-0.0553125	-0.0539583	-0.0526042	-0.05125	-0.0498958	-0.0485417	-0.0471875	-0.0458333	-0.0444792	-0.043125	-0.0417708	-0.0404167	-0.0390625	-0.0377083	-0.0363542	-0.035	-0.0336458	-0.0322917	-0.0309375	-0.0295833	-0.0282292	-0.026875	-0.0255208	-0.0241667	-0.0228125	-0.0214583	-0.0201042	-0.01875	-0.0173958	-0.0160417	-0.0146875	-0.0133333	-0.0119792	-0.010625	-0.00927083	-0.00791667	-0.0065625	-0.00520833	-0.00385417	-0.0025	-0.00114583	0.000208333	0.0015625	0.00291667	0.00427083	0.005625	0.00697917	0.00833333	0.0096875	0.0110417	0.0123958	0.01375	0.0151042	0.0164583	0.0178125	0.0191667	0.0205208	0.021875	0.0232292	0.0245833	0.0259375	0.0272917	0.0286458	0.03	0.0313542	0.0327083	0.0340625	0.0354167	0.0367708	0.038125	0.0394792	0.0408333	0.0421875	0.0435417	0.0448958	0.04625	0.0476042	0.0489583	0.0503125	0.0516667	0.0530208	0.054375	0.0557292	0.0570833	0.0584375	0.0597917	0.0611458	0.0625	0.0638542	0.0652083	0.0665625	0.0679167	0.0692708	0.070625	0.0719792	0.0733333	0.0746875	0.0760417	0.0773958	0.07875	0.0801042	0.0814583	0.0828125	0.0841667	0.0855208	0.086875	0.0882292	0.0895833	0.0909375	0.0922917	0.0936458	0.095	0.0963542	0.0977083	0.0990625	0.100417	0.101771	0.103125	0.104479	0.105833	0.107187	0.108542	0.109896	0.11125	0.112604	0.113958	0.115312	0.116667	0.118021	0.119375	0.120729	0.122083	0.123438	0.124792	0.126146	0.1275	0.128854	0.130208	0.131563	0.132917	0.134271	0.135625	0.129167	0.122708	0.11625	0.109792	0.103333	0.096875	0.0904167	0.0839583	0.0775	0.0710417	0.0645833	0.058125	0.0516667	0.0452083	0.03875	0.0322917	0.0258333	0.019375	0.0129167	0.00645833	0
0	-0.00645833	-0.0129167	-0.019375	-0.0258333	-0.0322917	-0.03875	-0.0452083	-0.0516667	-0.058125	-0.0645833	-0.0710417	-0.0775	-0.0839583	-0.0904167	-0.096875	-0.103333	-0.109792	-0.11625	-0.122708	-0.129167	-0.135625	-0.135417	-0.135208	-0.135	-0.134792	-0.134583	-0.134375	-0.134167	-0.133958	-0.13375	-0.133542	-0.133333	-0.133125	-0.132917	-0.132708	-0.1325	-0.132292	-0.132083	-0.131875	-0.131667	-0.131458	-0.13125	-0.131042	-0.130833	-0.130625	-0.130417	-0.130208	-0.13	-0.129792	-0.129583	-0.129375	-0.129167	-0.128958	-0.12875	-0.128542	-0.128333	-0.128125	-0.127917	-0.127708	-0.1275	-0.127292	-0.127083	-0.126875	-0.126667	-0.126458	-0.12625	-0.126042	-0.125833	-0.125625	-0.125417	-0.125208	-0.125	-0.124792	-0.124583	-0.124375	-0.124167	-0.123958	-0.12375	-0.123542	-0.123333	-0.123125	-0.122917	-0.122708	-0.1225	-0.122292	-0.122083	-0.121875	-0.121667	-0.121458	-0.12125	-0.121042	-0.120833	-0.120625	-0.120417	-0.120208	-0.12	-0.119792	-0.119583	-0.119375	-0.119167	-0.118958	-0.11875	-0.118542	-0.118333	-0.118125	-0.117917	-0.117708	-0.1175	-0.117292	-0.117083	-0.116875	-0.116667	-0.116458	-0.11625	-0.116042	-0.115833	-0.115625	-0.115417	-0.115208	-0.115	-0.114792	-0.114583	-0.114375	-0.114167	-0.113958	-0.11375	-0.113542	-0.113333	-0.113125	-0.112917	-0.112708	-0.1125	-0.112292	-0.112083	-0.111875	-0.111667	-0.111458	-0.11125	-0.111042	-0.110833	-0.110625	-0.110417	-0.110208	-0.11	-0.109792	-0.109583	-0.109375	-0.109167	-0.108958	-0.10875	-0.108542	-0.108333	-0.108125	-0.107917	-0.107708	-0.1075	-0.107292	-0.107083	-0.106875	-0.106667	-0.106458	-0.10625	-0.106042	-0.105833	-0.105625	-0.105417	-0.105208	-0.105	-0.104792	-0.104583	-0.104375	-0.104167	-0.103958	-0.10375	-0.103542	-0.103333	-0.103125	-0.102917	-0.102708	-0.1025	-0.102292	-0.102083	-0.101875	-0.101667	-0.101458	-0.10125	-0.101042	-0.100833	-0.100625	-0.100417	-0.100208	-0.1	-0.0997917	-0.0995833	-0.099375	-0.0991667	-0.0989583	-0.09875	-0.0985417	-0.0905208	-0.0825	-0.0744792	-0.0664583	-0.0584375	-0.0504167	-0.0423958	-0.034375	-0.0263542	-0.0183333	-0.0103125	-0.00229167	0.00572917	0.01375	0.0217708	0.0297917	0.0378125	0.0458333	0.0538542	0.061875	0.0698958	0.0779167	0.0792708	0.080625	0.0819792	0.0833333	0.0846875	0.0860417	0.0873958	0.08875	0.0901042	0.0914583	0.0928125	0.0941667	0.0955208	0.096875	0.0982292	0.0995833	0.100938	0.102292	0.103646	0.105	0.106354	0.107708	0.109063	0.110417	0.111771	0.113125	0.114479	0.115833	0.117188	0.118542	0.119896	0.12125	0.122604	0.123958	0.125313	0.126667	0.128021	0.129375	0.130729	0.132083	0.133438	0.134792	0.136146	0.1375	0.138854	0.140208	0.141563	0.142917	0.144271	0.145625	0.146979	0.148333	0.149687	0.151042	0.152396	0.15375	0.155104	0.156458	0.157812	0.159167	0.160521	0.161875	0.163229	0.164583	0.165937	0.167292	0.168646	0.17	0.171354	0.172708	0.174062	0.175417	0.176771	0.178125	0.179479	0.180833	0.182187	0.183542	0.184896	0.18625	0.187604	0.188958	0.190312	0.191667	0.193021	0.194375	0.195729	0.197083	0.198438	0.199792	0.201146	0.2025	0.203854	0.205208	0.206562	0.207917	0.209271	0.210625	0.211979	0.213333	0.214687	0.216042	0.217396	0.21875	0.220104	0.221458	0.222812	0.224167	0.225521	0.226875	0.228229	0.229583	0.230937	0.232292	0.233646	0.235	0.236354	0.237708	0.239062	0.240417	0.241771	0.243125	0.244479	0.245833	0.247188	0.248542	0.249896	0.25125	0.252604	0.253958	0.255313	0.256667	0.258021	0.259375	0.260729	0.262083	0.263438	0.264792	0.258333	0.251875	0.245417	0.238958	0.2325	0.226042	0.219583	0.213125	0.206667	0.200208	0.19375	0.187292	0.180833	0.174375	0.167917	0.161458	0.155	0.148542	0.142083	0.135625	0.129167	0.122708	0.11625	0.109792	0.103333	0.096875	0.0904167	0.0839583	0.0775	0.0710417	0.0645833	0.058125	0.0516667	0.0452083	0.03875	0.0322917	0.0258333	0.019375	0.0129167	0.00645833	0
0	-0.00645833	-0.0129167	-0.019375	-0.0258333	-0.0322917	-0.03875	-0.0452083	-0.0516667	-0.058125	-0.0645833	-0.0710417	-0.0775	-0.0839583	-0.0904167	-0.096875	-0.103333	-0.109792	-0.11625	-0.122708	-0.129167	-0.135625	-0.142083	-0.148542	-0.155	-0.161458	-0.167917	-0.174375	-0.180833	-0.187292	-0.19375	-0.200208	-0.206667	-0.213125	-0.219583	-0.226042	-0.2325	-0.238958	-0.245417	-0.251875	-0.258333	-0.264792	-0.264583	-0.264375	-0.264167	-0.263958	-0.26375	-0.263542	-0.263333	-0.263125	-0.262917	-0.262708	-0.2625	-0.262292	-0.262083	-0.261875	-0.261667	-0.261458	-0.26125	-0.261042	-0.260833	-0.260625	-0.260417	-0.260208	-0.26	-0.259792	-0.259583	-0.259375	-0.259167	-0.258958	-0.25875	-0.258542	-0.258333	-0.258125	-0.257917	-0.257708	-0.2575	-0.257292	-0.257083	-0.256875	-0.256667	-0.256458	-0.25625	-0.256042	-0.255833	-0.255625	-0.255417	-0.255208	-0.255	-0.254792	-0.254583	-0.254375	-0.254167	-0.253958	-0.25375	-0.253542	-0.253333	-0.253125	-0.252917	-0.252708	-0.2525	-0.252292	-0.252083	-0.251875	-0.251667	-0.251458	-0.25125	-0.251042	-0.250833	-0.250625	-0.250417	-0.250208	-0.25	-0.249792	-0.249583	-0.249375	-0.249167	-0.248958	-0.24875	-0.248542	-0.248333	-0.248125	-0.247917	-0.247708	-0.2475	-0.247292	-0.247083	-0.246875	-0.246667	-0.246458	-0.24625	-0.246042	-0.245833	-0.245625	-0.245417	-0.245208	-0.245	-0.244792	-0.244583	-0.244375	-0.244167	-0.243958	-0.24375	-0.243542	-0.243333	-0.243125	-0.242917	-0.242708	-0.2425	-0.242292	-0.242083	-0.241875	-0.241667	-0.241458	-0.24125	-0.241042	-0.240833	-0.240625	-0.240417	-0.240208	-0.24	-0.239792	-0.239583	-0.239375	-0.239167	-0.238958	-0.23875	-0.238542	-0.238333	-0.238125	-0.237917	-0.237708	-0.2375	-0.237292	-0.237083	-0.236875	-0.236667	-0.236458	-0.23625	-0.236042	-0.228021	-0.22	-0.211979	-0.203958	-0.195937	-0.187917	-0.179896	-0.171875	-0.163854	-0.155833	-0.147812	-0.139792	-0.131771	-0.12375	-0.115729	-0.107708	-0.0996875	-0.0916667	-0.0836458	-0.075625	-0.0676042	-0.0595833	-0.0515625	-0.0435417	-0.0355208	-0.0275	-0.0194792	-0.0114583	-0.0034375	0.00458333	0.0126042	0.020625	0.0286458	0.0366667	0.0446875	0.0527083	0.0607292	0.06875	0.0767708	0.0847917	0.0928125	0.100833	0.108854	0.116875	0.124896	0.132917	0.140938	0.148958	0.156979	0.165	0.173021	0.181042	0.189062	0.197083	0.205104	0.213125	0.221146	0.229167	0.237188	0.245208	0.253229	0.26125	0.262604	0.263958	0.265313	0.266667	0.268021	0.269375	0.270729	0.272083	0.273438	0.274792	0.276146	0.2775	0.278854	0.280208	0.281563	0.282917	0.284271	0.285625	0.286979	0.288333	0.289688	0.291042	0.292396	0.29375	0.295104	0.296458	0.297813	0.299167	0.300521	0.301875	0.303229	0.304583	0.305938	0.307292	0.308646	0.31	0.311354	0.312708	0.314063	0.315417	0.316771	0.318125	0.319479	0.320833	0.322188	0.323542	0.324896	0.32625	0.327604	0.328958	0.330313	0.331667	0.333021	0.334375	0.335729	0.337083	0.338437	0.339792	0.341146	0.3425	0.343854	0.345208	0.346562	0.347917	0.349271	0.350625	0.351979	0.353333	0.354687	0.356042	0.357396	0.35875	0.360104	0.361458	0.362812	0.364167	0.365521	0.366875	0.368229	0.369583	0.370937	0.372292	0.373646	0.375	0.376354	0.377708	0.379062	0.380417	0.381771	0.383125	0.384479	0.385833	0.387187	0.388542	0.389896	0.39125	0.392604	0.393958	0.3875	0.381042	0.374583	0.368125	0.361667	0.355208	0.34875	0.342292	0.335833	0.329375	0.322917	0.316458	0.31	0.303542	0.297083	0.290625	0.284167	0.277708	0.27125	0.264792	0.258333	0.251875	0.245417	0.238958	0.2325	0.226042	0.219583	0.213125	0.206667	0.200208	0.19375	0.187292	0.180833	0.174375	0.167917	0.161458	0.155	0.148542	0.142083	0.135625	0.129167	0.122708	0.11625	0.109792	0.103333	0.096875	0.0904167	0.0839583	0.0775	0.0710417	0.0645833	0.058125	0.0516667	0.0452083	0.03875	0.0322917	0.0258333	0.019375	0.0129167	0.00645833	0
0	-0.00645833	-0.0129167	-0.019375	-0.0258333	-0.0322917	-0.03875	-0.0452083	-0.0516667	-0.058125	-0.0645833	-0.0710417	-0.0775	-0.0839583	-0.0904167	-0.096875	-0.103333	-0.109792	-0.11625	-0.122708	-0.129167	-0.135625	-0.142083	-0.148542	-0.155	-0.161458	-0.167917	-0.174375	-0.180833	-0.187292	-0.19375	-0.200208	-0.206667	-0.213125	-0.219583	-0.226042	-0.2325	-0.238958	-0.245417	-0.251875	-0.258333	-0.264792	-0.27125	-0.277708	-0.284167	-0.290625	-0.297083	-0.303542	-0.31	-0.316458	-0.322917	-0.329375	-0.335833	-0.342292	-0.34875	-0.355208	-0.361667	-0.368125	-0.374583	-0.381042	-0.3875	-0.393958	-0.39375	-0.393542	-0.393333	-0.393125	-0.392917	-0.392708	-0.3925	-0.392292	-0.392083	-0.391875	-0.391667	-0.391458	-0.39125	-0.391042	-0.390833	-0.390625	-0.390417	-0.390208	-0.39	-0.389792	-0.389583	-0.389375	-0.389167	-0.388958	-0.38875	-0.388542	-0.388333	-0.388125	-0.387917	-0.387708	-0.3875	-0.387292	-0.387083	-0.386875	-0.386667	-0.386458	-0.38625	-0.386042	-0.385833	-0.385625	-0.385417	-0.385208	-0.385	-0.384792	-0.384583	-0.384375	-0.384167	-0.383958	-0.38375	-0.383542	-0.383333	-0.383125	-0.382917	-0.382708	-0.3825	-0.382292	-0.382083	-0.381875	-0.381667	-0.381458	-0.38125	-0.381042	-0.380833	-0.380625	-0.380417	-0.380208	-0.38	-0.379792	-0.379583	-0.379375	-0.379167	-0.378958	-0.37875	-0.378542	-0.378333	-0.378125	-0.377917	-0.377708	-0.3775	-0.377292	-0.377083	-0.376875	-0.376667	-0.376458	-0.37625	-0.376042	-0.375833	-0.375625	-0.375417	-0.375208	-0.375	-0.374792	-0.374583	-0.374375	-0.374167	-0.373958	-0.37375	-0.373542	-0.365521	-0.3575	-0.349479	-0.341458	-0.333437	-0.325417	-0.317396	-0.309375	-0.301354	-0.293333	-0.285312	-0.277292	-0.269271	-0.26125	-0.253229	-0.245208	-0.237187	-0.229167	-0.221146	-0.213125	-0.205104	-0.197083	-0.189062	-0.181042	-0.173021	-0.165	-0.156979	-0.148958	-0.140937	-0.132917	-0.124896	-0.116875	-0.108854	-0.100833	-0.0928125	-0.0847917	-0.0767708	-0.06875	-0.0607292	-0.0527083	-0.0446875	-0.0366667	-0.0286458	-0.020625	-0.0126042	-0.00458333	0.0034375	0.0114583	0.0194792	0.0275	0.0355208	0.0435417	0.0515625	0.0595833	0.0676042	0.075625	0.0836458	0.0916667	0.0996875	0.107708	0.115729	0.12375	0.131771	0.139792	0.147813	0.155833	0.163854	0.171875	0.179896	0.187917	0.195938	0.203958	0.211979	0.22	0.228021	0.236042	0.244063	0.252083	0.260104	0.268125	0.276146	0.284167	0.292188	0.300208	0.308229	0.31625	0.324271	0.332292	0.340313	0.348333	0.356354	0.364375	0.372396	0.380417	0.388438	0.396458	0.404479	0.4125	0.420521	0.428542	0.436563	0.444583	0.445938	0.447292	0.448646	0.45	0.451354	0.452708	0.454063	0.455417	0.456771	0.458125	0.459479	0.460833	0.462188	0.463542	0.464896	0.46625	0.467604	0.468958	0.470313	0.471667	0.473021	0.474375	0.475729	0.477083	0.478438	0.479792	0.481146	0.4825	0.483854	0.485208	0.486562	0.487917	0.489271	0.490625	0.491979	0.493333	0.494688	0.496042	0.497396	0.49875	0.500104	0.501458	0.502812	0.504167	0.505521	0.506875	0.508229	0.509583	0.510938	0.512292	0.513646	0.515	0.516354	0.517708	0.519062	0.520417	0.521771	0.523125	0.516667	0.510208	0.50375	0.497292	0.490833	0.484375	0.477917	0.471458	0.465	0.458542	0.452083	0.445625	0.439167	0.432708	0.42625	0.419792	0.413333	0.406875	0.400417	0.393958	0.3875	0.381042	0.374583	0.368125	0.361667	0.355208	0.34875	0.342292	0.335833	0.329375	0.322917	0.316458	0.31	0.303542	0.297083	0.290625	0.284167	0.277708	0.27125	0.264792	0.258333	0.251875	0.245417	0.238958	0.2325	0.226042	0.219583	0.213125	0.206667	0.200208	0.19375	0.187292	0.180833	0.174375	0.167917	0.161458	0.155	0.148542	0.142083	0.135625	0.129167	0.122708	0.11625	0.109792	0.103333	0.096875	0.0904167	0.0839583	0.0775	0.0710417	0.0645833	0.058125	0.0516667	0.0452083	0.03875	0.0322917	0.0258333	0.019375	0.0129167	0.00645833	0
0	-0.00645833	-0.0129167	-0.019375	-0.0258333	-0.0322917	-0.03875	-0.0452083	-0.0516667	-0.058125	-0.0645833	-0.0710417	-0.0775	-0.0839583	-0.0904167	-0.096875	-0.103333	-0.109792	-0.11625	-0.122708	-0.129167	-0.135625	-0.142083	-0.148542	-0.155	-0.161458	-0.167917	-0.174375	-0.180833	-0.187292	-0.19375	-0.200208	-0.206667	-0.213125	-0.219583	-0.226042	-0.2325	-0.238958	-0.245417	-0.251875	-0.258333	-0.264792	-0.27125	-0.277708	-0.284167	-0.290625	-0.297083	-0.303542	-0.31	-0.316458	-0.322917	-0.329375	-0.335833	-0.342292	-0.34875	-0.355208	-0.361667	-0.368125	-0.374583	-0.381042	-0.3875	-0.393958	-0.400417	-0.406875	-0.413333	-0.419792	-0.42625	-0.432708	-0.439167	-0.445625	-0.452083	-0.458542	-0.465	-0.471458	-0.477917	-0.484375	-0.490833	-0.497292	-0.50375	-0.510208	-0.516667	-0.523125	-0.522917	-0.522708	-0.5225	-0.522292	-0.522083	-0.521875	-0.521667	-0.521458	-0.52125	-0.521042	-0.520833	-0.520625	-0.520417	-0.520208	-0.52	-0.519792	-0.519583	-0.519375	-0.519167	-0.518958	-0.51875	-0.518542	-0.518333	-0.518125	-0.517917	-0.517708	-0.5175	-0.517292	-0.517083	-0.516875	-0.516667	-0.516458	-0.51625	-0.516042	-0.515833	-0.515625	-0.515417	-0.515208	-0.515	-0.514792	-0.514583	-0.514375	-0.514167	-0.513958	-0.51375	-0.513542	-0.513333	-0.513125	-0.512917	-0.512708	-0.5125	-0.512292	-0.512083	-0.511875	-0.511667	-0.511458	-0.51125	-0.511042	-0.503021	-0.495	-0.486979	-0.478958	-0.470937	-0.462917	-0.454896	-0.446875	-0.438854	-0.430833	-0.422812	-0.414792	-0.406771	-0.39875	-0.390729	-0.382708	-0.374687	-0.366667	-0.358646	-0.350625	-0.342604	-0.334583	-0.326562	-0.318542	-0.310521	-0.3025	-0.294479	-0.286458	-0.278437	-0.270417	-0.262396	-0.254375	-0.246354	-0.238333	-0.230312	-0.222292	-0.214271	-0.20625	-0.198229	-0.190208	-0.182187	-0.174167	-0.166146	-0.158125	-0.150104	-0.142083	-0.134062	-0.126042	-0.118021	-0.11	-0.101979	-0.0939583	-0.0859375	-0.0779167	-0.0698958	-0.061875	-0.0538542	-0.0458333	-0.0378125	-0.0297917	-0.0217708	-0.01375	-0.00572917	0.00229167	0.0103125	0.0183333	0.0263542	0.034375	0.0423958	0.0504167	0.0584375	0.0664583	0.0744792	0.0825	0.0905208	0.0985417	0.106563	0.114583	0.122604	0.130625	0.138646	0.146667	0.154688	0.162708	0.170729	0.17875	0.186771	0.194792	0.202813	0.210833	0.218854	0.226875	0.234896	0.242917	0.250938	0.258958	0.266979	0.275	0.283021	0.291042	0.299063	0.307083	0.315104	0.323125	0.331146	0.339167	0.347188	0.355208	0.363229	0.37125	0.379271	0.387292	0.395313	0.403333	0.411354	0.419375	0.427396	0.435417	0.443438	0.451458	0.459479	0.4675	0.475521	0.483542	0.491562	0.499583	0.507604	0.515625	0.523646	0.531667	0.539687	0.547708	0.555729	0.56375	0.571771	0.579792	0.587812	0.595833	0.603854	0.611875	0.619896	0.627917	0.629271	0.630625	0.631979	0.633333	0.634688	0.636042	0.637396	0.63875	0.640104	0.641458	0.642813	0.644167	0.645521	0.646875	0.648229	0.649583	0.650938	0.652292	0.645833	0.639375	0.632917	0.626458	0.62	0.613542	0.607083	0.600625	0.594167	0.587708	0.58125	0.574792	0.568333	0.561875	0.555417	0.548958	0.5425	0.536042	0.529583	0.523125	0.516667	0.510208	0.50375	0.497292	0.490833	0.484375	0.477917	0.471458	0.465	0.458542	0.452083	0.445625	0.439167	0.432708	0.42625	0.419792	0.413333	0.406875	0.400417	0.393958	0.3875	0.381042	0.374583	0.368125	0.361667	0.355208	0.34875	0.342292	0.335833	0.329375	0.322917	0.316458	0.31	0.303542	0.297083	0.290625	0.284167	0.277708	0.27125	0.264792	0.258333	0.251875	0.245417	0.238958	0.2325	0.226042	0.219583	0.213125	0.206667	0.200208	0.19375	0.187292	0.180833	0.174375	0.167917	0.161458	0.155	0.148542	0.142083	0.135625	0.129167	0.122708	0.11625	0.109792	0.103333	0.096875	0.0904167	0.0839583	0.0775	0.0710417	0.0645833	0.058125	0.0516667	0.0452083	0.03875	0.0322917	0.0258333	0.019375	0.0129167	0.00645833	0
0	-0.00645833	-0.0129167	-0.019375	-0.0258333	-0.0322917	-0.03875	-0.0452083	-0.0516667	-0.058125	-0.0645833	-0.0710417	-0.0775	-0.0839583	-0.0904167	-0.096875	-0.103333	-0.109792	-0.11625	-0.122708	-0.129167	-0.135625	-0.142083	-0.148542	-0.155	-0.161458	-0.167917	-0.174375	-0.180833	-0.187292	-0.19375	-0.200208	-0.206667	-0.213125	-0.219583	-0.226042	-0.2325	-0.238958	-0.245417	-0.251875	-0.258333	-0.264792	-0.27125	-0.277708	-0.284167	-0.290625	-0.297083	-0.303542	-0.31	-0.316458	-0.322917	-0.329375	-0.335833	-0.342292	-0.34875	-0.355208	-0.361667	-0.368125	-0.374583	-0.381042	-0.3875	-0.393958	-0.400417	-0.406875	-0.413333	-0.419792	-0.42625	-0.432708	-0.439167	-0.445625	-0.452083	-0.458542	-0.465	-0.471458	-0.477917	-0.484375	-0.490833	-0.497292	-0.50375	-0.510208	-0.516667	-0.523125	-0.529583	-0.536042	-0.5425	-0.548958	-0.555417	-0.561875	-0.568333	-0.574792	-0.58125	-0.587708	-0.594167	-0.600625	-0.607083	-0.613542	-0.62	-0.626458	-0.632917	-0.639375	-0.645833	-0.652292	-0.652083	-0.651875	-0.651667	-0.651458	-0.65125	-0.651042	-0.650833	-0.650625	-0.650417	-0.650208	-0.65	-0.649792	-0.649583	-0.649375	-0.649167	-0.648958	-0.64875	-0.648542	-0.640521	-0.6325	-0.624479	-0.616458	-0.608437	-0.600417	-0.592396	-0.584375	-0.576354	-0.568333	-0.560312	-0.552292	-0.544271	-0.53625	-0.528229	-0.520208	-0.512187	-0.504167	-0.496146	-0.488125	-0.480104	-0.472083	-0.464062	-0.456042	-0.448021	-0.44	-0.431979	-0.423958	-0.415937	-0.407917	-0.399896	-0.391875	-0.383854	-0.375833	-0.367812	-0.359792	-0.351771	-0.34375	-0.335729	-0.327708	-0.319687	-0.311667	-0.303646	-0.295625	-0.287604	-0.279583	-0.271562	-0.263542	-0.255521	-0.2475	-0.239479	-0.231458	-0.223437	-0.215417	-0.207396	-0.199375	-0.191354	-0.183333	-0.175312	-0.167292	-0.159271	-0.15125	-0.143229	-0.135208	-0.127187	-0.119167	-0.111146	-0.103125	-0.0951042	-0.0870833	-0.0790625	-0.0710417	-0.0630208	-0.055	-0.0469792	-0.0389583	-0.0309375	-0.0229167	-0.0148958	-0.006875	0.00114583	0.00916667	0.0171875	0.0252083	0.0332292	0.04125	0.0492708	0.0572917	0.0653125	0.0733333	0.0813542	0.089375	0.0973958	0.105417	0.113438	0.121458	0.129479	0.1375	0.145521	0.153542	0.161563	0.169583	0.177604	0.185625	0.193646	0.201667	0.209688	0.217708	0.225729	0.23375	0.241771	0.249792	0.257813	0.265833	0.273854	0.281875	0.289896	0.297917	0.305938	0.313958	0.321979	0.33	0.338021	0.346042	0.354063	0.362083	0.370104	0.378125	0.386146	0.394167	0.402188	0.410208	0.418229	0.42625	0.434271	0.442292	0.450313	0.458333	0.466354	0.474375	0.482396	0.490417	0.498438	0.506458	0.514479	0.5225	0.530521	0.538542	0.546563	0.554583	0.562604	0.570625	0.578646	0.586667	0.594688	0.602708	0.610729	0.61875	0.626771	0.634792	0.635	0.635208	0.635417	0.635625	0.635833	0.636042	0.63625	0.636458	0.636667	0.636875	0.637083	0.637292	0.6375	0.637708	0.637917	0.638125	0.638333	0.638542	0.63875	0.638958	0.639167	0.639375	0.632917	0.626458	0.62	0.613542	0.607083	0.600625	0.594167	0.587708	0.58125	0.574792	0.568333	0.561875	0.555417	0.548958	0.5425	0.536042	0.529583	0.523125	0.516667	0.510208	0.50375	0.497292	0.490833	0.484375	0.477917	0.471458	0.465	0.458542	0.452083	0.445625	0.439167	0.432708	0.42625	0.419792	0.413333	0.406875	0.400417	0.393958	0.3875	0.381042	0.374583	0.368125	0.361667	0.355208	0.34875	0.342292	0.335833	0.329375	0.322917	0.316458	0.31	0.303542	0.297083	0.290625	0.284167	0.277708	0.27125	0.264792	0.258333	0.251875	0.245417	0.238958	0.2325	0.226042	0.219583	0.213125	0.206667	0.200208	0.19375	0.187292	0.180833	0.174375	0.167917	0.161458	0.155	0.148542	0.142083	0.135625	0.129167	0.122708	0.11625	0.109792	0.103333	0.096875	0.0904167	0.0839583	0.0775	0.0710417	0.0645833	0.058125	0.0516667	0.0452083	0.03875	0.0322917	0.0258333	0.019375	0.0129167	0.00645833	0
0	-0.00645833	-0.0129167	-0.019375	-0.0258333	-0.0322917	-0.03875	-0.0452083	-0.0516667	-0.058125	-0.0645833	-0.0710417	-0.0775	-0.0839583	-0.0904167	-0.096875	-0.103333	-0.109792	-0.11625	-0.122708	-0.129167	-0.135625	-0.142083	-0.148542	-0.155	-0.161458	-0.167917	-0.174375	-0.180833	-0.187292	-0.19375	-0.200208	-0.206667	-0.213125	-0.219583	-0.226042	-0.2325	-0.238958	-0.245417	-0.251875	-0.258333	-0.264792	-0.27125	-0.277708	-0.284167	-0.290625	-0.297083	-0.303542	-0.31	-0.316458	-0.322917	-0.329375	-0.335833	-0.342292	-0.34875	-0.355208	-0.361667	-0.368125	-0.374583	-0.381042	-0.3875	-0.393958	-0.400417	-0.406875	-0.413333	-0.419792	-0.42625	-0.432708	-0.439167	-0.445625	-0.452083	-0.458542	-0.465	-0.471458	-0.477917	-0.484375	-0.490833	-0.497292	-0.50375	-0.510208	-0.516667	-0.523125	-0.529583	-0.536042	-0.5425	-0.548958	-0.555417	-0.561875	-0.568333	-0.574792	-0.58125	-0.587708	-0.594167	-0.600625	-0.607083	-0.613542	-0.62	-0.626458	-0.632917	-0.639375	-0.638021	-0.636667	-0.635313	-0.633958	-0.632604	-0.63125	-0.629896	-0.628542	-0.627188	-0.625833	-0.624479	-0.623125	-0.621771	-0.620417	-0.619063	-0.617708	-0.616354	-0.615	-0.613646	-0.612292	-0.610938	-0.609583	-0.601563	-0.593542	-0.585521	-0.5775	-0.569479	-0.561458	-0.553438	-0.545417	-0.537396	-0.529375	-0.521354	-0.513333	-0.505312	-0.497292	-0.489271	-0.48125	-0.473229	-0.465208	-0.457187	-0.449167	-0.441146	-0.433125	-0.425104	-0.417083	-0.409062	-0.401042	-0.393021	-0.385	-0.376979	-0.368958	-0.360937	-0.352917	-0.344896	-0.336875	-0.328854	-0.320833	-0.312812	-0.304792	-0.296771	-0.28875	-0.280729	-0.272708	-0.264687	-0.256667	-0.248646	-0.240625	-0.232604	-0.224583	-0.216562	-0.208542	-0.200521	-0.1925	-0.184479	-0.176458	-0.168437	-0.160417	-0.152396	-0.144375	-0.136354	-0.128333	-0.120312	-0.112292	-0.104271	-0.09625	-0.0882292	-0.0802083	-0.0721875	-0.0641667	-0.0561458	-0.048125	-0.0401042	-0.0320833	-0.0240625	-0.0160417	-0.00802083	-3.88578e-16	0.00802083	0.0160417	0.0240625	0.0320833	0.0401042	0.048125	0.0561458	0.0641667	0.0721875	0.0802083	0.0882292	0.09625	0.104271	0.112292	0.120313	0.128333	0.136354	0.144375	0.152396	0.160417	0.168438	0.176458	0.184479	0.1925	0.200521	0.208542	0.216563	0.224583	0.232604	0.240625	0.248646	0.256667	0.264688	0.272708	0.280729	0.28875	0.296771	0.304792	0.312813	0.320833	0.328854	0.336875	0.344896	0.352917	0.360938	0.368958	0.376979	0.385	0.393021	0.401042	0.409063	0.417083	0.425104	0.433125	0.441146	0.449167	0.457188	0.465208	0.473229	0.48125	0.489271	0.497292	0.4975	0.497708	0.497917	0.498125	0.498333	0.498542	0.49875	0.498958	0.499167	0.499375	0.499583	0.499792	0.5	0.500208	0.500417	0.500625	0.500833	0.501042	0.50125	0.501458	0.501667	0.501875	0.502083	0.502292	0.5025	0.502708	0.502917	0.503125	0.503333	0.503542	0.50375	0.503958	0.504167	0.504375	0.504583	0.504792	0.505	0.505208	0.505417	0.505625	0.505833	0.506042	0.50625	0.506458	0.506667	0.506875	0.507083	0.507292	0.5075	0.507708	0.507917	0.508125	0.508333	0.508542	0.50875	0.508958	0.509167	0.509375	0.509583	0.509792	0.51	0.510208	0.50375	0.497292	0.490833	0.484375	0.477917	0.471458	0.465	0.458542	0.452083	0.445625	0.439167	0.432708	0.42625	0.419792	0.413333	0.406875	0.400417	0.393958	0.3875	0.381042	0.374583	0.368125	0.361667	0.355208	0.34875	0.342292	0.335833	0.329375	0.322917	0.316458	0.31	0.303542	0.297083	0.290625	0.284167	0.277708	0.27125	0.264792	0.258333	0.251875	0.245417	0.238958	0.2325	0.226042	0.219583	0.213125	0.206667	0.200208	0.19375	0.187292	0.180833	0.174375	0.167917	0.161458	0.155	0.148542	0.142083	0.135625	0.129167	0.122708	0.11625	0.109792	0.103333	0.096875	0.0904167	0.0839583	0.0775	0.0710417	0.0645833	0.058125	0.0516667	0.0452083	0.03875	0.0322917	0.0258333	0.019375	0.0129167	0.00645833	0
0	-0.00645833	-0.0129167	-0.019375	-0.0258333	-0.0322917	-0.03875	-0.0452083	-0.0516667	-0.058125	-0.0645833	-0.0710417	-0.0775	-0.0839583	-0.0904167	-0.096875	-0.103333	-0.109792	-0.11625	-0.122708	-0.129167	-0.135625	-0.142083	-0.148542	-0.155	-0.161458	-0.167917	-0.174375	-0.180833	-0.187292	-0.19375	-0.200208	-0.206667	-0.213125	-0.219583	-0.226042	-0.2325	-0.238958	-0.245417	-0.251875	-0.258333	-0.264792	-0.27125	-0.277708	-0.284167	-0.290625	-0.297083	-0.303542	-0.31	-0.316458	-0.322917	-0.329375	-0.335833	-0.342292	-0.34875	-0.355208	-0.361667	-0.368125	-0.374583	-0.381042	-0.3875	-0.393958	-0.400417	-0.406875	-0.413333	-0.419792	-0.42625	-0.432708	-0.439167	-0.445625	-0.452083	-0.458542	-0.465	-0.471458	-0.477917	-0.484375	-0.490833	-0.497292	-0.50375	-0.510208	-0.508854	-0.5075	-0.506146	-0.504792	-0.503438	-0.502083	-0.500729	-0.499375	-0.498021	-0.496667	-0.495313	-0.493958	-0.492604	-0.49125	-0.489896	-0.488542	-0.487188	-0.485833	-0.484479	-0.483125	-0.481771	-0.480417	-0.479063	-0.477708	-0.476354	-0.475	-0.473646	-0.472292	-0.470938	-0.469583	-0.468229	-0.466875	-0.465521	-0.464167	-0.462812	-0.461458	-0.460104	-0.45875	-0.457396	-0.456042	-0.454688	-0.453333	-0.451979	-0.450625	-0.449271	-0.447917	-0.446563	-0.445208	-0.443854	-0.4425	-0.441146	-0.439792	-0.438438	-0.437083	-0.435729	-0.434375	-0.433021	-0.431667	-0.430313	-0.428958	-0.427604	-0.42625	-0.418229	-0.410208	-0.402187	-0.394167	-0.386146	-0.378125	-0.370104	-0.362083	-0.354062	-0.346042	-0.338021	-0.33	-0.321979	-0.313958	-0.305937	-0.297917	-0.289896	-0.281875	-0.273854	-0.265833	-0.257812	-0.249792	-0.241771	-0.23375	-0.225729	-0.217708	-0.209687	-0.201667	-0.193646	-0.185625	-0.177604	-0.169583	-0.161562	-0.153542	-0.145521	-0.1375	-0.129479	-0.121458	-0.113437	-0.105417	-0.0973958	-0.089375	-0.0813542	-0.0733333	-0.0653125	-0.0572917	-0.0492708	-0.04125	-0.0332292	-0.0252083	-0.0171875	-0.00916667	-0.00114583	0.006875	0.0148958	0.0229167	0.0309375	0.0389583	0.0469792	0.055	0.0630208	0.0710417	0.0790625	0.0870833	0.0951042	0.103125	0.111146	0.119167	0.127188	0.135208	0.143229	0.15125	0.159271	0.167292	0.175313	0.183333	0.191354	0.199375	0.207396	0.215417	0.223438	0.231458	0.239479	0.2475	0.255521	0.263542	0.271563	0.279583	0.287604	0.295625	0.303646	0.311667	0.319688	0.327708	0.335729	0.34375	0.351771	0.359792	0.36	0.360208	0.360417	0.360625	0.360833	0.361042	0.36125	0.361458	0.361667	0.361875	0.362083	0.362292	0.3625	0.362708	0.362917	0.363125	0.363333	0.363542	0.36375	0.363958	0.364167	0.364375	0.364583	0.364792	0.365	0.365208	0.365417	0.365625	0.365833	0.366042	0.36625	0.366458	0.366667	0.366875	0.367083	0.367292	0.3675	0.367708	0.367917	0.368125	0.368333	0.368542	0.36875	0.368958	0.369167	0.369375	0.369583	0.369792	0.37	0.370208	0.370417	0.370625	0.370833	0.371042	0.37125	0.371458	0.371667	0.371875	0.372083	0.372292	0.3725	0.372708	0.372917	0.373125	0.373333	0.373542	0.37375	0.373958	0.374167	0.374375	0.374583	0.374792	0.375	0.375208	0.375417	0.375625	0.375833	0.376042	0.37625	0.376458	0.376667	0.376875	0.377083	0.377292	0.3775	0.377708	0.377917	0.378125	0.378333	0.378542	0.37875	0.378958	0.379167	0.379375	0.379583	0.379792	0.38	0.380208	0.380417	0.380625	0.380833	0.381042	0.374583	0.368125	0.361667	0.355208	0.34875	0.342292	0.335833	0.329375	0.322917	0.316458	0.31	0.303542	0.297083	0.290625	0.284167	0.277708	0.27125	0.264792	0.258333	0.251875	0.245417	0.238958	0.2325	0.226042	0.219583	0.213125	0.206667	0.200208	0.19375	0.187292	0.180833	0.174375	0.167917	0.161458	0.155	0.148542	0.142083	0.135625	0.129167	0.122708	0.11625	0.109792	0.103333	0.096875	0.0904167	0.0839583	0.0775	0.0710417	0.0645833	0.058125	0.0516667	0.0452083	0.03875	0.0322917	0.0258333	0.019375	0.0129167	0.00645833	0
0	-0.00645833	-0.0129167	-0.019375	-0.0258333	-0.0322917	-0.03875	-0.0452083	-0.0516667	-0.058125	-0.0645833	-0.0710417	-0.0775	-0.0839583	-0.0904167	-0.096875	-0.103333	-0.109792	-0.11625	-0.122708	-0.129167	-0.135625	-0.142083	-0.148542	-0.155	-0.161458	-0.167917	-0.174375	-0.180833	-0.187292	-0.19375	-0.200208	-0.206667	-0.213125	-0.219583	-0.226042	-0.2325	-0.238958	-0.245417	-0.251875	-0.258333	-0.264792	-0.27125	-0.277708	-0.284167	-0.290625	-0.297083	-0.303542	-0.31	-0.316458	-0.322917	-0.329375	-0.335833	-0.342292	-0.34875	-0.355208	-0.361667	-0.368125	-0.374583	-0.381042	-0.379688	-0.378333	-0.376979	-0.375625	-0.374271	-0.372917	-0.371563	-0.370208	-0.368854	-0.3675	-0.366146	-0.364792	-0.363437	-0.362083	-0.360729	-0.359375	-0.358021	-0.356667	-0.355312	-0.353958	-0.352604	-0.35125	-0.349896	-0.348542	-0.347187	-0.345833	-0.344479	-0.343125	-0.341771	-0.340417	-0.339063	-0.337708	-0.336354	-0.335	-0.333646	-0.332292	-0.330937	-0.329583	-0.328229	-0.326875	-0.325521	-0.324167	-0.322812	-0.321458	-0.320104	-0.31875	-0.317396	-0.316042	-0.314688	-0.313333	-0.311979	-0.310625	-0.309271	-0.307917	-0.306563	-0.305208	-0.303854	-0.3025	-0.301146	-0.299792	-0.298438	-0.297083	-0.295729	-0.294375	-0.293021	-0.291667	-0.290313	-0.288958	-0.287604	-0.28625	-0.284896	-0.283542	-0.282187	-0.280833	-0.279479	-0.278125	-0.276771	-0.275417	-0.274062	-0.272708	-0.271354	-0.27	-0.268646	-0.267292	-0.265938	-0.264583	-0.263229	-0.261875	-0.260521	-0.259167	-0.257813	-0.256458	-0.255104	-0.25375	-0.252396	-0.251042	-0.249687	-0.248333	-0.246979	-0.245625	-0.244271	-0.242917	-0.234896	-0.226875	-0.218854	-0.210833	-0.202812	-0.194792	-0.186771	-0.17875	-0.170729	-0.162708	-0.154687	-0.146667	-0.138646	-0.130625	-0.122604	-0.114583	-0.106562	-0.0985417	-0.0905208	-0.0825	-0.0744792	-0.0664583	-0.0584375	-0.0504167	-0.0423958	-0.034375	-0.0263542	-0.0183333	-0.0103125	-0.00229167	0.00572917	0.01375	0.0217708	0.0297917	0.0378125	0.0458333	0.0538542	0.061875	0.0698958	0.0779167	0.0859375	0.0939583	0.101979	0.11	0.118021	0.126042	0.134063	0.142083	0.150104	0.158125	0.166146	0.174167	0.182188	0.190208	0.198229	0.20625	0.214271	0.222292	0.2225	0.222708	0.222917	0.223125	0.223333	0.223542	0.22375	0.223958	0.224167	0.224375	0.224583	0.224792	0.225	0.225208	0.225417	0.225625	0.225833	0.226042	0.22625	0.226458	0.226667	0.226875	0.227083	0.227292	0.2275	0.227708	0.227917	0.228125	0.228333	0.228542	0.22875	0.228958	0.229167	0.229375	0.229583	0.229792	0.23	0.230208	0.230417	0.230625	0.230833	0.231042	0.23125	0.231458	0.231667	0.231875	0.232083	0.232292	0.2325	0.232708	0.232917	0.233125	0.233333	0.233542	0.23375	0.233958	0.234167	0.234375	0.234583	0.234792	0.235	0.235208	0.235417	0.235625	0.235833	0.236042	0.23625	0.236458	0.236667	0.236875	0.237083	0.237292	0.2375	0.237708	0.237917	0.238125	0.238333	0.238542	0.23875	0.238958	0.239167	0.239375	0.239583	0.239792	0.24	0.240208	0.240417	0.240625	0.240833	0.241042	0.24125	0.241458	0.241667	0.241875	0.242083	0.242292	0.2425	0.242708	0.242917	0.243125	0.243333	0.243542	0.24375	0.243958	0.244167	0.244375	0.244583	0.244792	0.245	0.245208	0.245417	0.245625	0.245833	0.246042	0.24625	0.246458	0.246667	0.246875	0.247083	0.247292	0.2475	0.247708	0.247917	0.248125	0.248333	0.248542	0.24875	0.248958	0.249167	0.249375	0.249583	0.249792	0.25	0.250208	0.250417	0.250625	0.250833	0.251042	0.25125	0.251458	0.251667	0.251875	0.245417	0.238958	0.2325	0.226042	0.219583	0.213125	0.206667	0.200208	0.19375	0.187292	0.180833	0.174375	0.167917	0.161458	0.155	0.148542	0.142083	0.135625	0.129167	0.122708	0.11625	0.109792	0.103333	0.096875	0.0904167	0.0839583	0.0775	0.0710417	0.0645833	0.058125	0.0516667	0.0452083	0.03875	0.0322917	0.0258333	0.019375	0.0129167	0.00645833	0
0	-0.00645833	-0.0129167	-0.019375	-0.0258333	-0.0322917	-0.03875	-0.0452083	-0.0516667	-0.058125	-0.0645833	-0.0710417	-0.0775	-0.0839583	-0.0904167	-0.096875	-0.103333	-0.109792	-0.11625	-0.122708	-0.129167	-0.135625	-0.142083	-0.148542	-0.155	-0.161458	-0.167917	-0.174375	-0.180833	-0.187292	-0.19375	-0.200208	-0.206667	-0.213125	-0.219583	-0.226042	-0.2325	-0.238958	-0.245417	-0.251875	-0.250521	-0.249167	-0.247812	-0.246458	-0.245104	-0.24375	-0.242396	-0.241042	-0.239687	-0.238333	-0.236979	-0.235625	-0.234271	-0.232917	-0.231562	-0.230208	-0.228854	-0.2275	-0.226146	-0.224792	-0.223437	-0.222083	-0.220729	-0.219375	-0.218021	-0.216667	-0.215312	-0.213958	-0.212604	-0.21125	-0.209896	-0.208542	-0.207187	-0.205833	-0.204479	-0.203125	-0.201771	-0.200417	-0.199062	-0.197708	-0.196354	-0.195	-0.193646	-0.192292	-0.190937	-0.189583	-0.188229	-0.186875	-0.185521	-0.184167	-0.182812	-0.181458	-0.180104	-0.17875	-0.177396	-0.176042	-0.174687	-0.173333	-0.171979	-0.170625	-0.169271	-0.167917	-0.166562	-0.165208	-0.163854	-0.1625	-0.161146	-0.159792	-0.158438	-0.157083	-0.155729	-0.154375	-0.153021	-0.151667	-0.150312	-0.148958	-0.147604	-0.14625	-0.144896	-0.143542	-0.142188	-0.140833	-0.139479	-0.138125	-0.136771	-0.135417	-0.134063	-0.132708	-0.131354	-0.13	-0.128646	-0.127292	-0.125938	-0.124583	-0.123229	-0.121875	-0.120521	-0.119167	-0.117812	-0.116458	-0.115104	-0.11375	-0.112396	-0.111042	-0.109687	-0.108333	-0.106979	-0.105625	-0.104271	-0.102917	-0.101562	-0.100208	-0.0988542	-0.0975	-0.0961458	-0.0947917	-0.0934375	-0.0920833	-0.0907292	-0.089375	-0.0880208	-0.0866667	-0.0853125	-0.0839583	-0.0826042	-0.08125	-0.0798958	-0.0785417	-0.0771875	-0.0758333	-0.0744792	-0.073125	-0.0717708	-0.0704167	-0.0690625	-0.0677083	-0.0663542	-0.065	-0.0636458	-0.0622917	-0.0609375	-0.0595833	-0.0515625	-0.0435417	-0.0355208	-0.0275	-0.0194792	-0.0114583	-0.0034375	0.00458333	0.0126042	0.020625	0.0286458	0.0366667	0.0446875	0.0527083	0.0607292	0.06875	0.0767708	0.0847917	0.085	0.0852083	0.0854167	0.085625	0.0858333	0.0860417	0.08625	0.0864583	0.0866667	0.086875	0.0870833	0.0872917	0.0875	0.0877083	0.0879167	0.088125	0.0883333	0.0885417	0.08875	0.0889583	0.0891667	0.089375	0.0895833	0.0897917	0.09	0.0902083	0.0904167	0.090625	0.0908333	0.0910417	0.09125	0.0914583	0.0916667	0.091875	0.0920833	0.0922917	0.0925	0.0927083	0.0929167	0.093125	0.0933333	0.0935417	0.09375	0.0939583	0.0941667	0.094375	0.0945833	0.0947917	0.095	0.0952083	0.0954167	0.095625	0.0958333	0.0960417	0.09625	0.0964583	0.0966667	0.096875	0.0970833	0.0972917	0.0975	0.0977083	0.0979167	0.098125	0.0983333	0.0985417	0.09875	0.0989583	0.0991667	0.099375	0.0995833	0.0997917	0.1	0.100208	0.100417	0.100625	0.100833	0.101042	0.10125	0.101458	0.101667	0.101875	0.102083	0.102292	0.1025	0.102708	0.102917	0.103125	0.103333	0.103542	0.10375	0.103958	0.104167	0.104375	0.104583	0.104792	0.105	0.105208	0.105417	0.105625	0.105833	0.106042	0.10625	0.106458	0.106667	0.106875	0.107083	0.107292	0.1075	0.107708	0.107917	0.108125	0.108333	0.108542	0.10875	0.108958	0.109167	0.109375	0.109583	0.109792	0.11	0.110208	0.110417	0.110625	0.110833	0.111042	0.11125	0.111458	0.111667	0.111875	0.112083	0.112292	0.1125	0.112708	0.112917	0.113125	0.113333	0.113542	0.11375	0.113958	0.114167	0.114375	0.114583	0.114792	0.115	0.115208	0.115417	0.115625	0.115833	0.116042	0.11625	0.116458	0.116667	0.116875	0.117083	0.117292	0.1175	0.117708	0.117917	0.118125	0.118333	0.118542	0.11875	0.118958	0.119167	0.119375	0.119583	0.119792	0.12	0.120208	0.120417	0.120625	0.120833	0.121042	0.12125	0.121458	0.121667	0.121875	0.122083	0.122292	0.1225	0.122708	0.11625	0.109792	0.103333	0.096875	0.0904167	0.0839583	0.0775	0.0710417	0.0645833	0.058125	0.0516667	0.0452083	0.03875	0.0322917	0.0258333	0.019375	0.0129167	0.00645833	0
0	-0.00645833	-0.0129167	-0.019375	-0.0258333	-0.0322917	-0.03875	-0.0452083	-0.0516667	-0.058125	-0.0645833	-0.0710417	-0.0775	-0.0839583	-0.0904167	-0.096875	-0.103333	-0.109792	-0.11625	-0.122708	-0.121354	-0.12	-0.118646	-0.117292	-0.115938	-0.114583	-0.113229	-0.111875	-0.110521	-0.109167	-0.107813	-0.106458	-0.105104	-0.10375	-0.102396	-0.101042	-0.0996875	-0.0983333	-0.0969792	-0.095625	-0.0942708	-0.0929167	-0.0915625	-0.0902083	-0.0888542	-0.0875	-0.0861458	-0.0847917	-0.0834375	-0.0820833	-0.0807292	-0.079375	-0.0780208	-0.0766667	-0.0753125	-0.0739583	-0.0726042	-0.07125	-0.0698958	-0.0685417	-0.0671875	-0.0658333	-0.0644792	-0.063125	-0.0617708	-0.0604167	-0.0590625	-0.0577083	-0.0563542	-0.055	-0.0536458	-0.0522917	-0.0509375	-0.0495833	-0.0482292	-0.046875	-0.0455208	-0.0441667	-0.0428125	-0.0414583	-0.0401042	-0.03875	-0.0373958	-0.0360417	-0.0346875	-0.0333333	-0.0319792	-0.030625	-0.0292708	-0.0279167	-0.0265625	-0.0252083	-0.0238542	-0.0225	-0.0211458	-0.0197917	-0.0184375	-0.0170833	-0.0157292	-0.014375	-0.0130208	-0.0116667	-0.0103125	-0.00895833	-0.00760417	-0.00625	-0.00489583	-0.00354167	-0.0021875	-0.000833333	0.000520833	0.001875	0.00322917	0.00458333	0.0059375	0.00729167	0.00864583	0.01	0.0113542	0.0127083	0.0140625	0.0154167	0.0167708	0.018125	0.0194792	0.0208333	0.0221875	0.0235417	0.0248958	0.02625	0.0276042	0.0289583	0.0303125	0.0316667	0.0330208	0.034375	0.0357292	0.0370833	0.0384375	0.0397917	0.0411458	0.0425	0.0438542	0.0452083	0.0465625	0.0479167	0.0492708	0.050625	0.0519792	0.0533333	0.0546875	0.0560417	0.0573958	0.05875	0.0601042	0.0614583	0.0628125	0.0641667	0.0655208	0.066875	0.0682292	0.0695833	0.0709375	0.0722917	0.0736458	0.075	0.0763542	0.0777083	0.0790625	0.0804167	0.0817708	0.083125	0.0844792	0.0858333	0.0871875	0.0885417	0.0898958	0.09125	0.0926042	0.0939583	0.0875	0.0810417	0.0745833	0.068125	0.0616667	0.0552083	0.04875	0.0422917	0.0358333	0.029375	0.0229167	0.0164583	0.01	0.00354167	-0.00291667	-0.009375	-0.0158333	-0.0222917	-0.02875	-0.0352083	-0.0416667	-0.048125	-0.0479167	-0.0477083	-0.0475	-0.0472917	-0.0470833	-0.046875	-0.0466667	-0.0464583	-0.04625	-0.0460417	-0.0458333	-0.045625	-0.0454167	-0.0452083	-0.045	-0.0447917	-0.0445833	-0.044375	-0.0441667	-0.0439583	-0.04375	-0.0435417	-0.0433333	-0.043125	-0.0429167	-0.0427083	-0.0425	-0.0422917	-0.0420833	-0.041875	-0.0416667	-0.0414583	-0.04125	-0.0410417	-0.0408333	-0.040625	-0.0404167	-0.0402083	-0.04	-0.0397917	-0.0395833	-0.039375	-0.0391667	-0.0389583	-0.03875	-0.0385417	-0.0383333	-0.038125	-0.0379167	-0.0377083	-0.0375	-0.0372917	-0.0370833	-0.036875	-0.0366667	-0.0364583	-0.03625	-0.0360417	-0.0358333	-0.035625	-0.0354167	-0.0352083	-0.035	-0.0347917	-0.0345833	-0.034375	-0.0341667	-0.0339583	-0.03375	-0.0335417	-0.0333333	-0.033125	-0.0329167	-0.0327083	-0.0325	-0.0322917	-0.0320833	-0.031875	-0.0316667	-0.0314583	-0.03125	-0.0310417	-0.0308333	-0.030625	-0.0304167	-0.0302083	-0.03	-0.0297917	-0.0295833	-0.029375	-0.0291667	-0.0289583	-0.02875	-0.0285417	-0.0283333	-0.028125	-0.0279167	-0.0277083	-0.0275	-0.0272917	-0.0270833	-0.026875	-0.0266667	-0.0264583	-0.02625	-0.0260417	-0.0258333	-0.025625	-0.0254167	-0.0252083	-0.025	-0.0247917	-0.0245833	-0.024375	-0.0241667	-0.0239583	-0.02375	-0.0235417	-0.0233333	-0.023125	-0.0229167	-0.0227083	-0.0225	-0.0222917	-0.0220833	-0.021875	-0.0216667	-0.0214583	-0.02125	-0.0210417	-0.0208333	-0.020625	-0.0204167	-0.0202083	-0.02	-0.0197917	-0.0195833	-0.019375	-0.0191667	-0.0189583	-0.01875	-0.0185417	-0.0183333	-0.018125	-0.0179167	-0.0177083	-0.0175	-0.0172917	-0.0170833	-0.016875	-0.0166667	-0.0164583	-0.01625	-0.0160417	-0.0158333	-0.015625	-0.0154167	-0.0152083	-0.015	-0.0147917	-0.0145833	-0.014375	-0.0141667	-0.0139583	-0.01375	-0.0135417	-0.0133333	-0.013125	-0.0129167	-0.0127083	-0.0125	-0.0122917	-0.0120833	-0.011875	-0.0116667	-0.0114583	-0.01125	-0.0110417	-0.0108333	-0.010625	-0.0104167	-0.0102083	-0.01	-0.00979167	-0.00958333	-0.009375	-0.00916667	-0.00895833	-0.00875	-0.00854167	-0.00833333	-0.008125	-0.00791667	-0.00770833	-0.0075	-0.00729167	-0.00708333	-0.006875	0
0	0.00916667	0.0105208	0.011875	0.0132292	0.0145833	0.0159375	0.0172917	0.0186458	0.02	0.0213542	0.0227083	0.0240625	0.0254167	0.0267708	0.028125	0.0294792	0.0308333	0.0321875	0.0335417	0.0348958	0.03625	0.0376042	0.0389583	0.0403125	0.0416667	0.0430208	0.044375	0.0457292	0.0470833	0.0484375	0.0497917	0.0511458	0.0525	0.0538542	0.0552083	0.0565625	0.0579167	0.0592708	0.060625	0.0619792	0.0633333	0.0646875	0.0660417	0.0673958	0.06875	0.0701042	0.0714583	0.0728125	0.0741667	0.0755208	0.076875	0.0782292	0.0795833	0.0809375	0.0822917	0.0836458	0.085	0.0863542	0.0877083	0.0890625	0.0904167	0.0917708	0.093125	0.0944792	0.0958333	0.0971875	0.0985417	0.0998958	0.10125	0.102604	0.103958	0.105313	0.106667	0.108021	0.109375	0.110729	0.112083	0.113438	0.114792	0.116146	0.1175	0.118854	0.120208	0.121563	0.122917	0.124271	0.125625	0.126979	0.128333	0.129688	0.131042	0.132396	0.13375	0.135104	0.136458	0.137813	0.139167	0.140521	0.141875	0.143229	0.144583	0.145938	0.147292	0.148646	0.15	0.151354	0.152708	0.154063	0.155417	0.156771	0.158125	0.159479	0.160833	0.162188	0.163542	0.164896	0.16625	0.167604	0.168958	0.170312	0.171667	0.173021	0.174375	0.175729	0.177083	0.178437	0.179792	0.181146	0.1825	0.183854	0.185208	0.186562	0.187917	0.189271	0.190625	0.191979	0.193333	0.194687	0.196042	0.197396	0.19875	0.200104	0.201458	0.202812	0.204167	0.205521	0.206875	0.208229	0.209583	0.210938	0.212292	0.213646	0.215	0.216354	0.217708	0.219063	0.220417	0.221771	0.223125	0.216667	0.210208	0.20375	0.197292	0.190833	0.184375	0.177917	0.171458	0.165	0.158542	0.152083	0.145625	0.139167	0.132708	0.12625	0.119792	0.113333	0.106875	0.100417	0.0939583	0.0875	0.0810417	0.0745833	0.068125	0.0616667	0.0552083	0.04875	0.0422917	0.0358333	0.029375	0.0229167	0.0164583	0.01	0.00354167	-0.00291667	-0.009375	-0.0158333	-0.0222917	-0.02875	-0.0352083	-0.0416667	-0.048125	-0.0545833	-0.0610417	-0.0675	-0.0739583	-0.0804167	-0.086875	-0.0933333	-0.0997917	-0.10625	-0.112708	-0.119167	-0.125625	-0.132083	-0.138542	-0.145	-0.151458	-0.157917	-0.164375	-0.170833	-0.177292	-0.177083	-0.176875	-0.176667	-0.176458	-0.17625	-0.176042	-0.175833	-0.175625	-0.175417	-0.175208	-0.175	-0.174792	-0.174583	-0.174375	-0.174167	-0.173958	-0.17375	-0.173542	-0.173333	-0.173125	-0.172917	-0.172708	-0.1725	-0.172292	-0.172083	-0.171875	-0.171667	-0.171458	-0.17125	-0.171042	-0.170833	-0.170625	-0.170417	-0.170208	-0.17	-0.169792	-0.169583	-0.169375	-0.169167	-0.168958	-0.16875	-0.168542	-0.168333	-0.168125	-0.167917	-0.167708	-0.1675	-0.167292	-0.167083	-0.166875	-0.166667	-0.166458	-0.16625	-0.166042	-0.165833	-0.165625	-0.165417	-0.165208	-0.165	-0.164792	-0.164583	-0.164375	-0.164167	-0.163958	-0.16375	-0.163542	-0.163333	-0.163125	-0.162917	-0.162708	-0.1625	-0.162292	-0.162083	-0.161875	-0.161667	-0.161458	-0.16125	-0.161042	-0.160833	-0.160625	-0.160417	-0.160208	-0.16	-0.159792	-0.159583	-0.159375	-0.159167	-0.158958	-0.15875	-0.158542	-0.158333	-0.158125	-0.157917	-0.157708	-0.1575	-0.157292	-0.157083	-0.156875	-0.156667	-0.156458	-0.15625	-0.156042	-0.155833	-0.155625	-0.155417	-0.155208	-0.155	-0.154792	-0.154583	-0.154375	-0.154167	-0.153958	-0.15375	-0.153542	-0.153333	-0.153125	-0.152917	-0.152708	-0.1525	-0.152292	-0.152083	-0.151875	-0.151667	-0.151458	-0.15125	-0.151042	-0.150833	-0.150625	-0.150417	-0.150208	-0.15	-0.149792	-0.149583	-0.149375	-0.149167	-0.148958	-0.14875	-0.148542	-0.148333	-0.148125	-0.147917	-0.147708	-0.1475	-0.147292	-0.147083	-0.146875	-0.146667	-0.146458	-0.14625	-0.146042	-0.145833	-0.145625	-0.145417	-0.145208	-0.145	-0.144792	-0.144583	-0.144375	-0.1375	-0.130625	-0.12375	-0.116875	-0.11	-0.103125	-0.09625	-0.089375	-0.0825	-0.075625	-0.06875	-0.061875	-0.055	-0.048125	-0.04125	-0.034375	-0.0275	-0.020625	-0.01375	-0.006875	0
0	0.00916667	0.0183333	0.0275	0.0366667	0.0458333	0.055	0.0641667	0.0733333	0.0825	0.0916667	0.100833	0.11	0.119167	0.128333	0.1375	0.146667	0.155833	0.165	0.174167	0.183333	0.1925	0.193854	0.195208	0.196563	0.197917	0.199271	0.200625	0.201979	0.203333	0.204688	0.206042	0.207396	0.20875	0.210104	0.211458	0.212813	0.214167	0.215521	0.216875	0.218229	0.219583	0.220938	0.222292	0.223646	0.225	0.226354	0.227708	0.229063	0.230417	0.231771	0.233125	0.234479	0.235833	0.237187	0.238542	0.239896	0.24125	0.242604	0.243958	0.245313	0.246667	0.248021	0.249375	0.250729	0.252083	0.253437	0.254792	0.256146	0.2575	0.258854	0.260208	0.261563	0.262917	0.264271	0.265625	0.266979	0.268333	0.269688	0.271042	0.272396	0.27375	0.275104	0.276458	0.277813	0.279167	0.280521	0.281875	0.283229	0.284583	0.285938	0.287292	0.288646	0.29	0.291354	0.292708	0.294063	0.295417	0.296771	0.298125	0.299479	0.300833	0.302187	0.303542	0.304896	0.30625	0.307604	0.308958	0.310312	0.311667	0.313021	0.314375	0.315729	0.317083	0.318437	0.319792	0.321146	0.3225	0.323854	0.325208	0.326562	0.327917	0.329271	0.330625	0.331979	0.333333	0.334688	0.336042	0.337396	0.33875	0.340104	0.341458	0.342813	0.344167	0.345521	0.346875	0.348229	0.349583	0.350938	0.352292	0.345833	0.339375	0.332917	0.326458	0.32	0.313542	0.307083	0.300625	0.294167	0.287708	0.28125	0.274792	0.268333	0.261875	0.255417	0.248958	0.2425	0.236042	0.229583	0.223125	0.216667	0.210208	0.20375	0.197292	0.190833	0.184375	0.177917	0.171458	0.165	0.158542	0.152083	0.145625	0.139167	0.132708	0.12625	0.119792	0.113333	0.106875	0.100417	0.0939583	0.0875	0.0810417	0.0745833	0.068125	0.0616667	0.0552083	0.04875	0.0422917	0.0358333	0.029375	0.0229167	0.0164583	0.01	0.00354167	-0.00291667	-0.009375	-0.0158333	-0.0222917	-0.02875	-0.0352083	-0.0416667	-0.048125	-0.0545833	-0.0610417	-0.0675	-0.0739583	-0.0804167	-0.086875	-0.0933333	-0.0997917	-0.10625	-0.112708	-0.119167	-0.125625	-0.132083	-0.138542	-0.145	-0.151458	-0.157917	-0.164375	-0.170833	-0.177292	-0.18375	-0.190208	-0.196667	-0.203125	-0.209583	-0.216042	-0.2225	-0.228958	-0.235417	-0.241875	-0.248333	-0.254792	-0.26125	-0.267708	-0.274167	-0.280625	-0.287083	-0.293542	-0.3	-0.306458	-0.30625	-0.306042	-0.305833	-0.305625	-0.305417	-0.305208	-0.305	-0.304792	-0.304583	-0.304375	-0.304167	-0.303958	-0.30375	-0.303542	-0.303333	-0.303125	-0.302917	-0.302708	-0.3025	-0.302292	-0.302083	-0.301875	-0.301667	-0.301458	-0.30125	-0.301042	-0.300833	-0.300625	-0.300417	-0.300208	-0.3	-0.299792	-0.299583	-0.299375	-0.299167	-0.298958	-0.29875	-0.298542	-0.298333	-0.298125	-0.297917	-0.297708	-0.2975	-0.297292	-0.297083	-0.296875	-0.296667	-0.296458	-0.29625	-0.296042	-0.295833	-0.295625	-0.295417	-0.295208	-0.295	-0.294792	-0.294583	-0.294375	-0.294167	-0.293958	-0.29375	-0.293542	-0.293333	-0.293125	-0.292917	-0.292708	-0.2925	-0.292292	-0.292083	-0.291875	-0.291667	-0.291458	-0.29125	-0.291042	-0.290833	-0.290625	-0.290417	-0.290208	-0.29	-0.289792	-0.289583	-0.289375	-0.289167	-0.288958	-0.28875	-0.288542	-0.288333	-0.288125	-0.287917	-0.287708	-0.2875	-0.287292	-0.287083	-0.286875	-0.286667	-0.286458	-0.28625	-0.286042	-0.285833	-0.285625	-0.285417	-0.285208	-0.285	-0.284792	-0.284583	-0.284375	-0.284167	-0.283958	-0.28375	-0.283542	-0.283333	-0.283125	-0.282917	-0.282708	-0.2825	-0.282292	-0.282083	-0.281875	-0.275	-0.268125	-0.26125	-0.254375	-0.2475	-0.240625	-0.23375	-0.226875	-0.22	-0.213125	-0.20625	-0.199375	-0.1925	-0.185625	-0.17875	-0.171875	-0.165	-0.158125	-0.15125	-0.144375	-0.1375	-0.130625	-0.12375	-0.116875	-0.11	-0.103125	-0.09625	-0.089375	-0.0825	-0.075625	-0.06875	-0.061875	-0.055	-0.048125	-0.04125	-0.034375	-0.0275	-0.020625	-0.01375	-0.006875	0
0	0.00916667	0.0183333	0.0275	0.0366667	0.0458333	0.055	0.0641667	0.0733333	0.0825	0.0916667	0.100833	0.11	0.119167	0.128333	0.1375	0.146667	0.155833	0.165	0.174167	0.183333	0.1925	0.201667	0.210833	0.22	0.229167	0.238333	0.2475	0.256667	0.265833	0.275	0.284167	0.293333	0.3025	0.311667	0.320833	0.33	0.339167	0.348333	0.3575	0.366667	0.375833	0.377188	0.378542	0.379896	0.38125	0.382604	0.383958	0.385313	0.386667	0.388021	0.389375	0.390729	0.392083	0.393438	0.394792	0.396146	0.3975	0.398854	0.400208	0.401563	0.402917	0.404271	0.405625	0.406979	0.408333	0.409688	0.411042	0.412396	0.41375	0.415104	0.416458	0.417813	0.419167	0.420521	0.421875	0.423229	0.424583	0.425938	0.427292	0.428646	0.43	0.431354	0.432708	0.434062	0.435417	0.436771	0.438125	0.439479	0.440833	0.442187	0.443542	0.444896	0.44625	0.447604	0.448958	0.450312	0.451667	0.453021	0.454375	0.455729	0.457083	0.458437	0.459792	0.461146	0.4625	0.463854	0.465208	0.466563	0.467917	0.469271	0.470625	0.471979	0.473333	0.474688	0.476042	0.477396	0.47875	0.480104	0.481458	0.475	0.468542	0.462083	0.455625	0.449167	0.442708	0.43625	0.429792	0.423333	0.416875	0.410417	0.403958	0.3975	0.391042	0.384583	0.378125	0.371667	0.365208	0.35875	0.352292	0.345833	0.339375	0.332917	0.326458	0.32	0.313542	0.307083	0.300625	0.294167	0.287708	0.28125	0.274792	0.268333	0.261875	0.255417	0.248958	0.2425	0.236042	0.229583	0.223125	0.216667	0.210208	0.20375	0.197292	0.190833	0.184375	0.177917	0.171458	0.165	0.158542	0.152083	0.145625	0.139167	0.132708	0.12625	0.119792	0.113333	0.106875	0.100417	0.0939583	0.0875	0.0810417	0.0745833	0.068125	0.0616667	0.0552083	0.04875	0.0422917	0.0358333	0.029375	0.0229167	0.0164583	0.01	0.00354167	-0.00291667	-0.009375	-0.0158333	-0.0222917	-0.02875	-0.0352083	-0.0416667	-0.048125	-0.0545833	-0.0610417	-0.0675	-0.0739583	-0.0804167	-0.086875	-0.0933333	-0.0997917	-0.10625	-0.112708	-0.119167	-0.125625	-0.132083	-0.138542	-0.145	-0.151458	-0.157917	-0.164375	-0.170833	-0.177292	-0.18375	-0.190208	-0.196667	-0.203125	-0.209583	-0.216042	-0.2225	-0.228958	-0.235417	-0.241875	-0.248333	-0.254792	-0.26125	-0.267708	-0.274167	-0.280625	-0.287083	-0.293542	-0.3	-0.306458	-0.312917	-0.319375	-0.325833	-0.332292	-0.33875	-0.345208	-0.351667	-0.358125	-0.364583	-0.371042	-0.3775	-0.383958	-0.390417	-0.396875	-0.403333	-0.409792	-0.41625	-0.422708	-0.429167	-0.435625	-0.435417	-0.435208	-0.435	-0.434792	-0.434583	-0.434375	-0.434167	-0.433958	-0.43375	-0.433542	-0.433333	-0.433125	-0.432917	-0.432708	-0.4325	-0.432292	-0.432083	-0.431875	-0.431667	-0.431458	-0.43125	-0.431042	-0.430833	-0.430625	-0.430417	-0.430208	-0.43	-0.429792	-0.429583	-0.429375	-0.429167	-0.428958	-0.42875	-0.428542	-0.428333	-0.428125	-0.427917	-0.427708	-0.4275	-0.427292	-0.427083	-0.426875	-0.426667	-0.426458	-0.42625	-0.426042	-0.425833	-0.425625	-0.425417	-0.425208	-0.425	-0.424792	-0.424583	-0.424375	-0.424167	-0.423958	-0.42375	-0.423542	-0.423333	-0.423125	-0.422917	-0.422708	-0.4225	-0.422292	-0.422083	-0.421875	-0.421667	-0.421458	-0.42125	-0.421042	-0.420833	-0.420625	-0.420417	-0.420208	-0.42	-0.419792	-0.419583	-0.419375	-0.4125	-0.405625	-0.39875	-0.391875	-0.385	-0.378125	-0.37125	-0.364375	-0.3575	-0.350625	-0.34375	-0.336875	-0.33	-0.323125	-0.31625	-0.309375	-0.3025	-0.295625	-0.28875	-0.281875	-0.275	-0.268125	-0.26125	-0.254375	-0.2475	-0.240625	-0.23375	-0.226875	-0.22	-0.213125	-0.20625	-0.199375	-0.1925	-0.185625	-0.17875	-0.171875	-0.165	-0.158125	-0.15125	-0.144375	-0.1375	-0.130625	-0.12375	-0.116875	-0.11	-0.103125	-0.09625	-0.089375	-0.0825	-0.075625	-0.06875	-0.061875	-0.055	-0.048125	-0.04125	-0.034375	-0.0275	-0.020625	-0.01375	-0.006875	0
0	0.00916667	0.0183333	0.0275	0.0366667	0.0458333	0.055	0.0641667	0.0733333	0.0825	0.0916667	0.100833	0.11	0.119167	0.128333	0.1375	0.146667	0.155833	0.165	0.174167	0.183333	0.1925	0.201667	0.210833	0.22	0.229167	0.238333	0.2475	0.256667	0.265833	0.275	0.284167	0.293333	0.3025	0.311667	0.320833	0.33	0.339167	0.348333	0.3575	0.366667	0.375833	0.385	0.394167	0.403333	0.4125	0.421667	0.430833	0.44	0.449167	0.458333	0.4675	0.476667	0.485833	0.495	0.504167	0.513333	0.5225	0.531667	0.540833	0.55	0.559167	0.560521	0.561875	0.563229	0.564583	0.565938	0.567292	0.568646	0.57	0.571354	0.572708	0.574063	0.575417	0.576771	0.578125	0.579479	0.580833	0.582188	0.583542	0.584896	0.58625	0.587604	0.588958	0.590313	0.591667	0.593021	0.594375	0.595729	0.597083	0.598438	0.599792	0.601146	0.6025	0.603854	0.605208	0.606562	0.607917	0.609271	0.610625	0.604167	0.597708	0.59125	0.584792	0.578333	0.571875	0.565417	0.558958	0.5525	0.546042	0.539583	0.533125	0.526667	0.520208	0.51375	0.507292	0.500833	0.494375	0.487917	0.481458	0.475	0.468542	0.462083	0.455625	0.449167	0.442708	0.43625	0.429792	0.423333	0.416875	0.410417	0.403958	0.3975	0.391042	0.384583	0.378125	0.371667	0.365208	0.35875	0.352292	0.345833	0.339375	0.332917	0.326458	0.32	0.313542	0.307083	0.300625	0.294167	0.287708	0.28125	0.274792	0.268333	0.261875	0.255417	0.248958	0.2425	0.236042	0.229583	0.223125	0.216667	0.210208	0.20375	0.197292	0.190833	0.184375	0.177917	0.171458	0.165	0.158542	0.152083	0.145625	0.139167	0.132708	0.12625	0.119792	0.113333	0.106875	0.100417	0.0939583	0.0875	0.0810417	0.0745833	0.068125	0.0616667	0.0552083	0.04875	0.0422917	0.0358333	0.029375	0.0229167	0.0164583	0.01	0.00354167	-0.00291667	-0.009375	-0.0158333	-0.0222917	-0.02875	-0.0352083	-0.0416667	-0.048125	-0.0545833	-0.0610417	-0.0675	-0.0739583	-0.0804167	-0.086875	-0.0933333	-0.0997917	-0.10625	-0.112708	-0.119167	-0.125625	-0.132083	-0.138542	-0.145	-0.151458	-0.157917	-0.164375	-0.170833	-0.177292	-0.18375	-0.190208	-0.196667	-0.203125	-0.209583	-0.216042	-0.2225	-0.228958	-0.235417	-0.241875	-0.248333	-0.254792	-0.26125	-0.267708	-0.274167	-0.280625	-0.287083	-0.293542	-0.3	-0.306458	-0.312917	-0.319375	-0.325833	-0.332292	-0.33875	-0.345208	-0.351667	-0.358125	-0.364583	-0.371042	-0.3775	-0.383958	-0.390417	-0.396875	-0.403333	-0.409792	-0.41625	-0.422708	-0.429167	-0.435625	-0.442083	-0.448542	-0.455	-0.461458	-0.467917	-0.474375	-0.480833	-0.487292	-0.49375	-0.500208	-0.506667	-0.513125	-0.519583	-0.526042	-0.5325	-0.538958	-0.545417	-0.551875	-0.558333	-0.564792	-0.564583	-0.564375	-0.564167	-0.563958	-0.56375	-0.563542	-0.563333	-0.563125	-0.562917	-0.562708	-0.5625	-0.562292	-0.562083	-0.561875	-0.561667	-0.561458	-0.56125	-0.561042	-0.560833	-0.560625	-0.560417	-0.560208	-0.56	-0.559792	-0.559583	-0.559375	-0.559167	-0.558958	-0.55875	-0.558542	-0.558333	-0.558125	-0.557917	-0.557708	-0.5575	-0.557292	-0.557083	-0.556875	-0.55	-0.543125	-0.53625	-0.529375	-0.5225	-0.515625	-0.50875	-0.501875	-0.495	-0.488125	-0.48125	-0.474375	-0.4675	-0.460625	-0.45375	-0.446875	-0.44	-0.433125	-0.42625	-0.419375	-0.4125	-0.405625	-0.39875	-0.391875	-0.385	-0.378125	-0.37125	-0.364375	-0.3575	-0.350625	-0.34375	-0.336875	-0.33	-0.323125	-0.31625	-0.309375	-0.3025	-0.295625	-0.28875	-0.281875	-0.275	-0.268125	-0.26125	-0.254375	-0.2475	-0.240625	-0.23375	-0.226875	-0.22	-0.213125	-0.20625	-0.199375	-0.1925	-0.185625	-0.17875	-0.171875	-0.165	-0.158125	-0.15125	-0.144375	-0.1375	-0.130625	-0.12375	-0.116875	-0.11	-0.103125	-0.09625	-0.089375	-0.0825	-0.075625	-0.06875	-0.061875	-0.055	-0.048125	-0.04125	-0.034375	-0.0275	-0.020625	-0.01375	-0.006875	0
0	0.00916667	0.0183333	0.0275	0.0366667	0.0458333	0.055	0.0641667	0.0733333	0.0825	0.0916667	0.100833	0.11	0.119167	0.128333	0.1375	0.146667	0.155833	0.165	0.174167	0.183333	0.1925	0.201667	0.210833	0.22	0.229167	0.238333	0.2475	0.256667	0.265833	0.275	0.284167	0.293333	0.3025	0.311667	0.320833	0.33	0.339167	0.348333	0.3575	0.366667	0.375833	0.385	0.394167	0.403333	0.4125	0.421667	0.430833	0.44	0.449167	0.458333	0.4675	0.476667	0.485833	0.495	0.504167	0.513333	0.5225	0.531667	0.540833	0.55	0.559167	0.568333	0.5775	0.586667	0.595833	0.605	0.614167	0.623333	0.6325	0.641667	0.650833	0.66	0.669167	0.678333	0.6875	0.696667	0.705833	0.715	0.724167	0.725521	0.726875	0.720417	0.713958	0.7075	0.701042	0.694583	0.688125	0.681667	0.675208	0.66875	0.662292	0.655833	0.649375	0.642917	0.636458	0.63	0.623542	0.617083	0.610625	0.604167	0.597708	0.59125	0.584792	0.578333	0.571875	0.565417	0.558958	0.5525	0.546042	0.539583	0.533125	0.526667	0.520208	0.51375	0.507292	0.500833	0.494375	0.487917	0.481458	0.475	0.468542	0.462083	0.455625	0.449167	0.442708	0.43625	0.429792	0.423333	0.416875	0.410417	0.403958	0.3975	0.391042	0.384583	0.378125	0.371667	0.365208	0.35875	0.352292	0.345833	0.339375	0.332917	0.326458	0.32	0.313542	0.307083	0.300625	0.294167	0.287708	0.28125	0.274792	0.268333	0.261875	0.255417	0.248958	0.2425	0.236042	0.229583	0.223125	0.216667	0.210208	0.20375	0.197292	0.190833	0.184375	0.177917	0.171458	0.165	0.158542	0.152083	0.145625	0.139167	0.132708	0.12625	0.119792	0.113333	0.106875	0.100417	0.0939583	0.0875	0.0810417	0.0745833	0.068125	0.0616667	0.0552083	0.04875	0.0422917	0.0358333	0.029375	0.0229167	0.0164583	0.01	0.00354167	-0.00291667	-0.009375	-0.0158333	-0.0222917	-0.02875	-0.0352083	-0.0416667	-0.048125	-0.0545833	-0.0610417	-0.0675	-0.0739583	-0.0804167	-0.086875	-0.0933333	-0.0997917	-0.10625	-0.112708	-0.119167	-0.125625	-0.132083	-0.138542	-0.145	-0.151458	-0.157917	-0.164375	-0.170833	-0.177292	-0.18375	-0.190208	-0.196667	-0.203125	-0.209583	-0.216042	-0.2225	-0.228958	-0.235417	-0.241875	-0.248333	-0.254792	-0.26125	-0.267708	-0.274167	-0.280625	-0.287083	-0.293542	-0.3	-0.306458	-0.312917	-0.319375	-0.325833	-0.332292	-0.33875	-0.345208	-0.351667	-0.358125	-0.364583	-0.371042	-0.3775	-0.383958	-0.390417	-0.396875	-0.403333	-0.409792	-0.41625	-0.422708	-0.429167	-0.435625	-0.442083	-0.448542	-0.455	-0.461458	-0.467917	-0.474375	-0.480833	-0.487292	-0.49375	-0.500208	-0.506667	-0.513125	-0.519583	-0.526042	-0.5325	-0.538958	-0.545417	-0.551875	-0.558333	-0.564792	-0.57125	-0.577708	-0.584167	-0.590625	-0.597083	-0.603542	-0.61	-0.616458	-0.622917	-0.629375	-0.635833	-0.642292	-0.64875	-0.655208	-0.661667	-0.668125	-0.674583	-0.681042	-0.680833	-0.680625	-0.67375	-0.666875	-0.66	-0.653125	-0.64625	-0.639375	-0.6325	-0.625625	-0.61875	-0.611875	-0.605	-0.598125	-0.59125	-0.584375	-0.5775	-0.570625	-0.56375	-0.556875	-0.55	-0.543125	-0.53625	-0.529375	-0.5225	-0.515625	-0.50875	-0.501875	-0.495	-0.488125	-0.48125	-0.474375	-0.4675	-0.460625	-0.45375	-0.446875	-0.44	-0.433125	-0.42625	-0.419375	-0.4125	-0.405625	-0.39875	-0.391875	-0.385	-0.378125	-0.37125	-0.364375	-0.3575	-0.350625	-0.34375	-0.336875	-0.33	-0.323125	-0.31625	-0.309375	-0.3025	-0.295625	-0.28875	-0.281875	-0.275	-0.268125	-0.26125	-0.254375	-0.2475	-0.240625	-0.23375	-0.226875	-0.22	-0.213125	-0.20625	-0.199375	-0.1925	-0.185625	-0.17875	-0.171875	-0.165	-0.158125	-0.15125	-0.144375	-0.1375	-0.130625	-0.12375	-0.116875	-0.11	-0.103125	-0.09625	-0.089375	-0.0825	-0.075625	-0.06875	-0.061875	-0.055	-0.048125	-0.04125	-0.034375	-0.0275	-0.020625	-0.01375	-0.006875	0
0	0.00916667	0.0183333	0.0275	0.0366667	0.0458333	0.055	0.0641667	0.0733333	0.0825	0.0916667	0.100833	0.11	0.119167	0.128333	0.1375	0.146667	0.155833	0.165	0.174167	0.183333	0.1925	0.201667	0.210833	0.22	0.229167	0.238333	0.2475	0.256667	0.265833	0.275	0.284167	0.293333	0.3025	0.311667	0.320833	0.33	0.339167	0.348333	0.3575	0.366667	0.375833	0.385	0.394167	0.403333	0.4125	0.421667	0.430833	0.44	0.449167	0.458333	0.4675	0.476667	0.485833	0.495	0.504167	0.513333	0.5225	0.531667	0.540833	0.542187	0.543542	0.544896	0.54625	0.547604	0.548958	0.550312	0.551667	0.553021	0.554375	0.555729	0.557083	0.558437	0.559792	0.561146	0.5625	0.563854	0.565208	0.566562	0.567917	0.569271	0.570625	0.571979	0.573333	0.574687	0.576042	0.577396	0.57875	0.580104	0.581458	0.582812	0.584167	0.585521	0.586875	0.588229	0.589583	0.590937	0.592292	0.593646	0.595	0.596354	0.597708	0.59125	0.584792	0.578333	0.571875	0.565417	0.558958	0.5525	0.546042	0.539583	0.533125	0.526667	0.520208	0.51375	0.507292	0.500833	0.494375	0.487917	0.481458	0.475	0.468542	0.462083	0.455625	0.449167	0.442708	0.43625	0.429792	0.423333	0.416875	0.410417	0.403958	0.3975	0.391042	0.384583	0.378125	0.371667	0.365208	0.35875	0.352292	0.345833	0.339375	0.332917	0.326458	0.32	0.313542	0.307083	0.300625	0.294167	0.287708	0.28125	0.274792	0.268333	0.261875	0.255417	0.248958	0.2425	0.236042	0.229583	0.223125	0.216667	0.210208	0.20375	0.197292	0.190833	0.184375	0.177917	0.171458	0.165	0.158542	0.152083	0.145625	0.139167	0.132708	0.12625	0.119792	0.113333	0.106875	0.100417	0.0939583	0.0875	0.0810417	0.0745833	0.068125	0.0616667	0.0552083	0.04875	0.0422917	0.0358333	0.029375	0.0229167	0.0164583	0.01	0.00354167	-0.00291667	-0.009375	-0.0158333	-0.0222917	-0.02875	-0.0352083	-0.0416667	-0.048125	-0.0545833	-0.0610417	-0.0675	-0.0739583	-0.0804167	-0.086875	-0.0933333	-0.0997917	-0.10625	-0.112708	-0.119167	-0.125625	-0.132083	-0.138542	-0.145	-0.151458	-0.157917	-0.164375	-0.170833	-0.177292	-0.18375	-0.190208	-0.196667	-0.203125	-0.209583	-0.216042	-0.2225	-0.228958	-0.235417	-0.241875	-0.248333	-0.254792	-0.26125	-0.267708	-0.274167	-0.280625	-0.287083	-0.293542	-0.3	-0.306458	-0.312917	-0.319375	-0.325833	-0.332292	-0.33875	-0.345208	-0.351667	-0.358125	-0.364583	-0.371042	-0.3775	-0.383958	-0.390417	-0.396875	-0.403333	-0.409792	-0.41625	-0.422708	-0.429167	-0.435625	-0.442083	-0.448542	-0.455	-0.461458	-0.467917	-0.474375	-0.480833	-0.487292	-0.49375	-0.500208	-0.506667	-0.513125	-0.519583	-0.526042	-0.5325	-0.538958	-0.545417	-0.551875	-0.551667	-0.551458	-0.55125	-0.551042	-0.550833	-0.550625	-0.550417	-0.550208	-0.55	-0.549792	-0.549583	-0.549375	-0.549167	-0.548958	-0.54875	-0.548542	-0.548333	-0.548125	-0.547917	-0.547708	-0.5475	-0.547292	-0.547083	-0.546875	-0.546667	-0.546458	-0.54625	-0.546042	-0.545833	-0.545625	-0.545417	-0.545208	-0.545	-0.544792	-0.544583	-0.544375	-0.544167	-0.543958	-0.54375	-0.543542	-0.543333	-0.543125	-0.53625	-0.529375	-0.5225	-0.515625	-0.50875	-0.501875	-0.495	-0.488125	-0.48125	-0.474375	-0.4675	-0.460625	-0.45375	-0.446875	-0.44	-0.433125	-0.42625	-0.419375	-0.4125	-0.405625	-0.39875	-0.391875	-0.385	-0.378125	-0.37125	-0.364375	-0.3575	-0.350625	-0.34375	-0.336875	-0.33	-0.323125	-0.31625	-0.309375	-0.3025	-0.295625	-0.28875	-0.281875	-0.275	-0.268125	-0.26125	-0.254375	-0.2475	-0.240625	-0.23375	-0.226875	-0.22	-0.213125	-0.20625	-0.199375	-0.1925	-0.185625	-0.17875	-0.171875	-0.165	-0.158125	-0.15125	-0.144375	-0.1375	-0.130625	-0.12375	-0.116875	-0.11	-0.103125	-0.09625	-0.089375	-0.0825	-0.075625	-0.06875	-0.061875	-0.055	-0.048125	-0.04125	-0.034375	-0.0275	-0.020625	-0.01375	-0.006875	0
0	0.00916667	0.0183333	0.0275	0.0366667	0.0458333	0.055	0.0641667	0.0733333	0.0825	0.0916667	0.100833	0.11	0.119167	0.128333	0.1375	0.146667	0.155833	0.165	0.174167	0.183333	0.1925	0.201667	0.210833	0.22	0.229167	0.238333	0.2475	0.256667	0.265833	0.275	0.284167	0.293333	0.3025	0.311667	0.320833	0.33	0.339167	0.348333	0.3575	0.358854	0.360208	0.361562	0.362917	0.364271	0.365625	0.366979	0.368333	0.369687	0.371042	0.372396	0.37375	0.375104	0.376458	0.377812	0.379167	0.380521	0.381875	0.383229	0.384583	0.385937	0.387292	0.388646	0.39	0.391354	0.392708	0.394062	0.395417	0.396771	0.398125	0.399479	0.400833	0.402187	0.403542	0.404896	0.40625	0.407604	0.408958	0.410312	0.411667	0.413021	0.414375	0.415729	0.417083	0.418437	0.419792	0.421146	0.4225	0.423854	0.425208	0.426562	0.427917	0.429271	0.430625	0.431979	0.433333	0.434687	0.436042	0.437396	0.43875	0.440104	0.441458	0.442812	0.444167	0.445521	0.446875	0.448229	0.449583	0.450937	0.452292	0.453646	0.455	0.456354	0.457708	0.459062	0.460417	0.461771	0.463125	0.464479	0.465833	0.467187	0.468542	0.462083	0.455625	0.449167	0.442708	0.43625	0.429792	0.423333	0.416875	0.410417	0.403958	0.3975	0.391042	0.384583	0.378125	0.371667	0.365208	0.35875	0.352292	0.345833	0.339375	0.332917	0.326458	0.32	0.313542	0.307083	0.300625	0.294167	0.287708	0.28125	0.274792	0.268333	0.261875	0.255417	0.248958	0.2425	0.236042	0.229583	0.223125	0.216667	0.210208	0.20375	0.197292	0.190833	0.184375	0.177917	0.171458	0.165	0.158542	0.152083	0.145625	0.139167	0.132708	0.12625	0.119792	0.113333	0.106875	0.100417	0.0939583	0.0875	0.0810417	0.0745833	0.068125	0.0616667	0.0552083	0.04875	0.0422917	0.0358333	0.029375	0.0229167	0.0164583	0.01	0.00354167	-0.00291667	-0.009375	-0.0158333	-0.0222917	-0.02875	-0.0352083	-0.0416667	-0.048125	-0.0545833	-0.0610417	-0.0675	-0.0739583	-0.0804167	-0.086875	-0.0933333	-0.0997917	-0.10625	-0.112708	-0.119167	-0.125625	-0.132083	-0.138542	-0.145	-0.151458	-0.157917	-0.164375	-0.170833	-0.177292	-0.18375	-0.190208	-0.196667	-0.203125	-0.209583	-0.216042	-0.2225	-0.228958	-0.235417	-0.241875	-0.248333	-0.254792	-0.26125	-0.267708	-0.274167	-0.280625	-0.287083	-0.293542	-0.3	-0.306458	-0.312917	-0.319375	-0.325833	-0.332292	-0.33875	-0.345208	-0.351667	-0.358125	-0.364583	-0.371042	-0.3775	-0.383958	-0.390417	-0.396875	-0.403333	-0.409792	-0.41625	-0.422708	-0.4225	-0.422292	-0.422083	-0.421875	-0.421667	-0.421458	-0.42125	-0.421042	-0.420833	-0.420625	-0.420417	-0.420208	-0.42	-0.419792	-0.419583	-0.419375	-0.419167	-0.418958	-0.41875	-0.418542	-0.418333	-0.418125	-0.417917	-0.417708	-0.4175	-0.417292	-0.417083	-0.416875	-0.416667	-0.416458	-0.41625	-0.416042	-0.415833	-0.415625	-0.415417	-0.415208	-0.415	-0.414792	-0.414583	-0.414375	-0.414167	-0.413958	-0.41375	-0.413542	-0.413333	-0.413125	-0.412917	-0.412708	-0.4125	-0.412292	-0.412083	-0.411875	-0.411667	-0.411458	-0.41125	-0.411042	-0.410833	-0.410625	-0.410417	-0.410208	-0.41	-0.409792	-0.409583	-0.409375	-0.409167	-0.408958	-0.40875	-0.408542	-0.408333	-0.408125	-0.407917	-0.407708	-0.4075	-0.407292	-0.407083	-0.406875	-0.406667	-0.406458	-0.40625	-0.406042	-0.405833	-0.405625	-0.39875	-0.391875	-0.385	-0.378125	-0.37125	-0.364375	-0.3575	-0.350625	-0.34375	-0.336875	-0.33	-0.323125	-0.31625	-0.309375	-0.3025	-0.295625	-0.28875	-0.281875	-0.275	-0.268125	-0.26125	-0.254375	-0.2475	-0.240625	-0.23375	-0.226875	-0.22	-0.213125	-0.20625	-0.199375	-0.1925	-0.185625	-0.17875	-0.171875	-0.165	-0.158125	-0.15125	-0.144375	-0.1375	-0.130625	-0.12375	-0.116875	-0.11	-0.103125	-0.09625	-0.089375	-0.0825	-0.075625	-0.06875	-0.061875	-0.055	-0.048125	-0.04125	-0.034375	-0.0275	-0.020625	-0.01375	-0.006875	0
0	0.00916667	0.0183333	0.0275	0.0366667	0.0458333	0.055	0.0641667	0.0733333	0.0825	0.0916667	0.100833	0.11	0.119167	0.128333	0.1375	0.146667	0.155833	0.165	0.174167	0.175521	0.176875	0.178229	0.179583	0.180937	0.182292	0.183646	0.185	0.186354	0.187708	0.189062	0.190417	0.191771	0.193125	0.194479	0.195833	0.197187	0.198542	0.199896	0.20125	0.202604	0.203958	0.205312	0.206667	0.208021	0.209375	0.210729	0.212083	0.213437	0.214792	0.216146	0.2175	0.218854	0.220208	0.221562	0.222917	0.224271	0.225625	0.226979	0.228333	0.229687	0.231042	0.232396	0.23375	0.235104	0.236458	0.237812	0.239167	0.240521	0.241875	0.243229	0.244583	0.245937	0.247292	0.248646	0.25	0.251354	0.252708	0.254062	0.255417	0.256771	0.258125	0.259479	0.260833	0.262187	0.263542	0.264896	0.26625	0.267604	0.268958	0.270312	0.271667	0.273021	0.274375	0.275729	0.277083	0.278437	0.279792	0.281146	0.2825	0.283854	0.285208	0.286562	0.287917	0.289271	0.290625	0.291979	0.293333	0.294687	0.296042	0.297396	0.29875	0.300104	0.301458	0.302812	0.304167	0.305521	0.306875	0.308229	0.309583	0.310937	0.312292	0.313646	0.315	0.316354	0.317708	0.319062	0.320417	0.321771	0.323125	0.324479	0.325833	0.327188	0.328542	0.329896	0.33125	0.332604	0.333958	0.335313	0.336667	0.338021	0.339375	0.332917	0.326458	0.32	0.313542	0.307083	0.300625	0.294167	0.287708	0.28125	0.274792	0.268333	0.261875	0.255417	0.248958	0.2425	0.236042	0.229583	0.223125	0.216667	0.210208	0.20375	0.197292	0.190833	0.184375	0.177917	0.171458	0.165	0.158542	0.152083	0.145625	0.139167	0.132708	0.12625	0.119792	0.113333	0.106875	0.100417	0.0939583	0.0875	0.0810417	0.0745833	0.068125	0.0616667	0.0552083	0.04875	0.0422917	0.0358333	0.029375	0.0229167	0.0164583	0.01	0.00354167	-0.00291667	-0.009375	-0.0158333	-0.0222917	-0.02875	-0.0352083	-0.0416667	-0.048125	-0.0545833	-0.0610417	-0.0675	-0.0739583	-0.0804167	-0.086875	-0.0933333	-0.0997917	-0.10625	-0.112708	-0.119167	-0.125625	-0.132083	-0.138542	-0.145	-0.151458	-0.157917	-0.164375	-0.170833	-0.177292	-0.18375	-0.190208	-0.196667	-0.203125	-0.209583	-0.216042	-0.2225	-0.228958	-0.235417	-0.241875	-0.248333	-0.254792	-0.26125	-0.267708	-0.274167	-0.280625	-0.287083	-0.293542	-0.293333	-0.293125	-0.292917	-0.292708	-0.2925	-0.292292	-0.292083	-0.291875	-0.291667	-0.291458	-0.29125	-0.291042	-0.290833	-0.290625	-0.290417	-0.290208	-0.29	-0.289792	-0.289583	-0.289375	-0.289167	-0.288958	-0.28875	-0.288542	-0.288333	-0.288125	-0.287917	-0.287708	-0.2875	-0.287292	-0.287083	-0.286875	-0.286667	-0.286458	-0.28625	-0.286042	-0.285833	-0.285625	-0.285417	-0.285208	-0.285	-0.284792	-0.284583	-0.284375	-0.284167	-0.283958	-0.28375	-0.283542	-0.283333	-0.283125	-0.282917	-0.282708	-0.2825	-0.282292	-0.282083	-0.281875	-0.281667	-0.281458	-0.28125	-0.281042	-0.280833	-0.280625	-0.280417	-0.280208	-0.28	-0.279792	-0.279583	-0.279375	-0.279167	-0.278958	-0.27875	-0.278542	-0.278333	-0.278125	-0.277917	-0.277708	-0.2775	-0.277292	-0.277083	-0.276875	-0.276667	-0.276458	-0.27625	-0.276042	-0.275833	-0.275625	-0.275417	-0.275208	-0.275	-0.274792	-0.274583	-0.274375	-0.274167	-0.273958	-0.27375	-0.273542	-0.273333	-0.273125	-0.272917	-0.272708	-0.2725	-0.272292	-0.272083	-0.271875	-0.271667	-0.271458	-0.27125	-0.271042	-0.270833	-0.270625	-0.270417	-0.270208	-0.27	-0.269792	-0.269583	-0.269375	-0.269167	-0.268958	-0.26875	-0.268542	-0.268333	-0.268125	-0.26125	-0.254375	-0.2475	-0.240625	-0.23375	-0.226875	-0.22	-0.213125	-0.20625	-0.199375	-0.1925	-0.185625	-0.17875	-0.171875	-0.165	-0.158125	-0.15125	-0.144375	-0.1375	-0.130625	-0.12375	-0.116875	-0.11	-0.103125	-0.09625	-0.089375	-0.0825	-0.075625	-0.06875	-0.061875	-0.055	-0.048125	-0.04125	-0.034375	-0.0275	-0.020625	-0.01375	-0.006875	0
0	-0.00645833	-0.00510417	-0.00375	-0.00239583	-0.00104167	0.0003125	0.00166667	0.00302083	0.004375	0.00572917	0.00708333	0.0084375	0.00979167	0.0111458	0.0125	0.0138542	0.0152083	0.0165625	0.0179167	0.0192708	0.020625	0.0219792	0.0233333	0.0246875	0.0260417	0.0273958	0.02875	0.0301042	0.0314583	0.0328125	0.0341667	0.0355208	0.036875	0.0382292	0.0395833	0.0409375	0.0422917	0.0436458	0.045	0.0463542	0.0477083	0.0490625	0.0504167	0.0517708	0.053125	0.0544792	0.0558333	0.0571875	0.0585417	0.0598958	0.06125	0.0626042	0.0639583	0.0653125	0.0666667	0.0680208	0.069375	0.0707292	0.0720833	0.0734375	0.0747917	0.0761458	0.0775	0.0788542	0.0802083	0.0815625	0.0829167	0.0842708	0.085625	0.0869792	0.0883333	0.0896875	0.0910417	0.0923958	0.09375	0.0951042	0.0964583	0.0978125	0.0991667	0.100521	0.101875	0.103229	0.104583	0.105937	0.107292	0.108646	0.11	0.111354	0.112708	0.114062	0.115417	0.116771	0.118125	0.119479	0.120833	0.122187	0.123542	0.124896	0.12625	0.127604	0.128958	0.130312	0.131667	0.133021	0.134375	0.135729	0.137083	0.138437	0.139792	0.141146	0.1425	0.143854	0.145208	0.146562	0.147917	0.149271	0.150625	0.151979	0.153333	0.154688	0.156042	0.157396	0.15875	0.160104	0.161458	0.162813	0.164167	0.165521	0.166875	0.168229	0.169583	0.170938	0.172292	0.173646	0.175	0.176354	0.177708	0.179063	0.180417	0.181771	0.183125	0.184479	0.185833	0.187188	0.188542	0.189896	0.19125	0.192604	0.193958	0.195313	0.196667	0.198021	0.199375	0.200729	0.202083	0.203438	0.204792	0.206146	0.2075	0.208854	0.210208	0.20375	0.197292	0.190833	0.184375	0.177917	0.171458	0.165	0.158542	0.152083	0.145625	0.139167	0.132708	0.12625	0.119792	0.113333	0.106875	0.100417	0.0939583	0.0875	0.0810417	0.0745833	0.068125	0.0616667	0.0552083	0.04875	0.0422917	0.0358333	0.029375	0.0229167	0.0164583	0.01	0.00354167	-0.00291667	-0.009375	-0.0158333	-0.0222917	-0.02875	-0.0352083	-0.0416667	-0.048125	-0.0545833	-0.0610417	-0.0675	-0.0739583	-0.0804167	-0.086875	-0.0933333	-0.0997917	-0.10625	-0.112708	-0.119167	-0.125625	-0.132083	-0.138542	-0.145	-0.151458	-0.157917	-0.164375	-0.164167	-0.163958	-0.16375	-0.163542	-0.163333	-0.163125	-0.162917	-0.162708	-0.1625	-0.162292	-0.162083	-0.161875	-0.161667	-0.161458	-0.16125	-0.161042	-0.160833	-0.160625	-0.160417	-0.160208	-0.16	-0.159792	-0.159583	-0.159375	-0.159167	-0.158958	-0.15875	-0.158542	-0.158333	-0.158125	-0.157917	-0.157708	-0.1575	-0.157292	-0.157083	-0.156875	-0.156667	-0.156458	-0.15625	-0.156042	-0.155833	-0.155625	-0.155417	-0.155208	-0.155	-0.154792	-0.154583	-0.154375	-0.154167	-0.153958	-0.15375	-0.153542	-0.153333	-0.153125	-0.152917	-0.152708	-0.1525	-0.152292	-0.152083	-0.151875	-0.151667	-0.151458	-0.15125	-0.151042	-0.150833	-0.150625	-0.150417	-0.150208	-0.15	-0.149792	-0.149583	-0.149375	-0.149167	-0.148958	-0.14875	-0.148542	-0.148333	-0.148125	-0.147917	-0.147708	-0.1475	-0.147292	-0.147083	-0.146875	-0.146667	-0.146458	-0.14625	-0.146042	-0.145833	-0.145625	-0.145417	-0.145208	-0.145	-0.144792	-0.144583	-0.144375	-0.144167	-0.143958	-0.14375	-0.143542	-0.143333	-0.143125	-0.142917	-0.142708	-0.1425	-0.142292	-0.142083	-0.141875	-0.141667	-0.141458	-0.14125	-0.141042	-0.140833	-0.140625	-0.140417	-0.140208	-0.14	-0.139792	-0.139583	-0.139375	-0.139167	-0.138958	-0.13875	-0.138542	-0.138333	-0.138125	-0.137917	-0.137708	-0.1375	-0.137292	-0.137083	-0.136875	-0.136667	-0.136458	-0.13625	-0.136042	-0.135833	-0.135625	-0.135417	-0.135208	-0.135	-0.134792	-0.134583	-0.134375	-0.134167	-0.133958	-0.13375	-0.133542	-0.133333	-0.133125	-0.132917	-0.132708	-0.1325	-0.132292	-0.132083	-0.131875	-0.131667	-0.131458	-0.13125	-0.131042	-0.130833	-0.130625	-0.12375	-0.116875	-0.11	-0.103125	-0.09625	-0.089375	-0.0825	-0.075625	-0.06875	-0.061875	-0.055	-0.048125	-0.04125	-0.034375	-0.0275	-0.020625	-0.01375	-0.006875	0
0	-0.00645833	-0.0129167	-0.019375	-0.0258333	-0.0322917	-0.03875	-0.0452083	-0.0516667	-0.058125	-0.0645833	-0.0710417	-0.0775	-0.0839583	-0.0904167	-0.096875	-0.103333	-0.109792	-0.11625	-0.122708	-0.129167	-0.135625	-0.134271	-0.132917	-0.131563	-0.130208	-0.128854	-0.1275	-0.126146	-0.124792	-0.123438	-0.122083	-0.120729	-0.119375	-0.118021	-0.116667	-0.115313	-0.113958	-0.112604	-0.11125	-0.109896	-0.108542	-0.107188	-0.105833	-0.104479	-0.103125	-0.101771	-0.100417	-0.0990625	-0.0977083	-0.0963542	-0.095	-0.0936458	-0.0922917	-0.0909375	-0.0895833	-0.0882292	-0.086875	-0.0855208	-0.0841667	-0.0828125	-0.0814583	-0.0801042	-0.07875	-0.0773958	-0.0760417	-0.0746875	-0.0733333	-0.0719792	-0.070625	-0.0692708	-0.0679167	-0.0665625	-0.0652083	-0.0638542	-0.0625	-0.0611458	-0.0597917	-0.0584375	-0.0570833	-0.0557292	-0.054375	-0.0530208	-0.0516667	-0.0503125	-0.0489583	-0.0476042	-0.04625	-0.0448958	-0.0435417	-0.0421875	-0.0408333	-0.0394792	-0.038125	-0.0367708	-0.0354167	-0.0340625	-0.0327083	-0.0313542	-0.03	-0.0286458	-0.0272917	-0.0259375	-0.0245833	-0.0232292	-0.021875	-0.0205208	-0.0191667	-0.0178125	-0.0164583	-0.0151042	-0.01375	-0.0123958	-0.0110417	-0.0096875	-0.00833333	-0.00697917	-0.005625	-0.00427083	-0.00291667	-0.0015625	-0.000208333	0.00114583	0.0025	0.00385417	0.00520833	0.0065625	0.00791667	0.00927083	0.010625	0.0119792	0.0133333	0.0146875	0.0160417	0.0173958	0.01875	0.0201042	0.0214583	0.0228125	0.0241667	0.0255208	0.026875	0.0282292	0.0295833	0.0309375	0.0322917	0.0336458	0.035	0.0363542	0.0377083	0.0390625	0.0404167	0.0417708	0.043125	0.0444792	0.0458333	0.0471875	0.0485417	0.0498958	0.05125	0.0526042	0.0539583	0.0553125	0.0566667	0.0580208	0.059375	0.0607292	0.0620833	0.0634375	0.0647917	0.0661458	0.0675	0.0688542	0.0702083	0.0715625	0.0729167	0.0742708	0.075625	0.0769792	0.0783333	0.0796875	0.0810417	0.0745833	0.068125	0.0616667	0.0552083	0.04875	0.0422917	0.0358333	0.029375	0.0229167	0.0164583	0.01	0.00354167	-0.00291667	-0.009375	-0.0158333	-0.0222917	-0.02875	-0.0352083	-0.035	-0.0347917	-0.0345833	-0.034375	-0.0341667	-0.0339583	-0.03375	-0.0335417	-0.0333333	-0.033125	-0.0329167	-0.0327083	-0.0325	-0.0322917	-0.0320833	-0.031875	-0.0316667	-0.0314583	-0.03125	-0.0310417	-0.0308333	-0.030625	-0.0304167	-0.0302083	-0.03	-0.0297917	-0.0295833	-0.029375	-0.0291667	-0.0289583	-0.02875	-0.0285417	-0.0283333	-0.028125	-0.0279167	-0.0277083	-0.0275	-0.0272917	-0.0270833	-0.026875	-0.0266667	-0.0264583	-0.02625	-0.0260417	-0.0258333	-0.025625	-0.0254167	-0.0252083	-0.025	-0.0247917	-0.0245833	-0.024375	-0.0241667	-0.0239583	-0.02375	-0.0235417	-0.0233333	-0.023125	-0.0229167	-0.0227083	-0.0225	-0.0222917	-0.0220833	-0.021875	-0.0216667	-0.0214583	-0.02125	-0.0210417	-0.0208333	-0.020625	-0.0204167	-0.0202083	-0.02	-0.0197917	-0.0195833	-0.019375	-0.0191667	-0.0189583	-0.01875	-0.0185417	-0.0183333	-0.018125	-0.0179167	-0.0177083	-0.0175	-0.0172917	-0.0170833	-0.016875	-0.0166667	-0.0164583	-0.01625	-0.0160417	-0.0158333	-0.015625	-0.0154167	-0.0152083	-0.015	-0.0147917	-0.0145833	-0.014375	-0.0141667	-0.0139583	-0.01375	-0.0135417	-0.0133333	-0.013125	-0.0129167	-0.0127083	-0.0125	-0.0122917	-0.0120833	-0.011875	-0.0116667	-0.0114583	-0.01125	-0.0110417	-0.0108333	-0.010625	-0.0104167	-0.0102083	-0.01	-0.00979167	-0.00958333	-0.009375	-0.00916667	-0.00895833	-0.00875	-0.00854167	-0.00833333	-0.008125	-0.00791667	-0.00770833	-0.0075	-0.00729167	-0.00708333	-0.006875	-0.00666667	-0.00645833	-0.00625	-0.00604167	-0.00583333	-0.005625	-0.00541667	-0.00520833	-0.005	-0.00479167	-0.00458333	-0.004375	-0.00416667	-0.00395833	-0.00375	-0.00354167	-0.00333333	-0.003125	-0.00291667	-0.00270833	-0.0025	-0.00229167	-0.00208333	-0.001875	-0.00166667	-0.00145833	-0.00125	-0.00104167	-0.000833333	-0.000625	-0.000416667	-0.000208333	-8.88178e-16	0.000208333	0.000416667	0.000625	0.000833333	0.00104167	0.00125	0.00145833	0.00166667	0.001875	0.00208333	0.00229167	0.0025	0.00270833	0.00291667	0.003125	0.00333333	0.00354167	0.00375	0.00395833	0.00416667	0.004375	0.00458333	0.00479167	0.005	0.00520833	0.00541667	0.005625	0.00583333	0.00604167	0.00625	0.00645833	0
0	-0.00645833	-0.0129167	-0.019375	-0.0258333	-0.0322917	-0.03875	-0.0452083	-0.0516667	-0.058125	-0.0645833	-0.0710417	-0.0775	-0.0839583	-0.0904167	-0.096875	-0.103333	-0.109792	-0.11625	-0.122708	-0.129167	-0.135625	-0.142083	-0.148542	-0.155	-0.161458	-0.167917	-0.174375	-0.180833	-0.187292	-0.19375	-0.200208	-0.206667	-0.213125	-0.219583	-0.226042	-0.2325	-0.238958	-0.245417	-0.251875	-0.258333	-0.264792	-0.263438	-0.262083	-0.260729	-0.259375	-0.258021	-0.256667	-0.255313	-0.253958	-0.252604	-0.25125	-0.249896	-0.248542	-0.247188	-0.245833	-0.244479	-0.243125	-0.241771	-0.240417	-0.239063	-0.237708	-0.236354	-0.235	-0.233646	-0.232292	-0.230937	-0.229583	-0.228229	-0.226875	-0.225521	-0.224167	-0.222812	-0.221458	-0.220104	-0.21875	-0.217396	-0.216042	-0.214687	-0.213333	-0.211979	-0.210625	-0.209271	-0.207917	-0.206562	-0.205208	-0.203854	-0.2025	-0.201146	-0.199792	-0.198437	-0.197083	-0.195729	-0.194375	-0.193021	-0.191667	-0.190312	-0.188958	-0.187604	-0.18625	-0.184896	-0.183542	-0.182187	-0.180833	-0.179479	-0.178125	-0.176771	-0.175417	-0.174062	-0.172708	-0.171354	-0.17	-0.168646	-0.167292	-0.165937	-0.164583	-0.163229	-0.161875	-0.160521	-0.159167	-0.157812	-0.156458	-0.155104	-0.15375	-0.152396	-0.151042	-0.149687	-0.148333	-0.146979	-0.145625	-0.144271	-0.142917	-0.141563	-0.140208	-0.138854	-0.1375	-0.136146	-0.134792	-0.133438	-0.132083	-0.130729	-0.129375	-0.128021	-0.126667	-0.125313	-0.123958	-0.122604	-0.12125	-0.119896	-0.118542	-0.117188	-0.115833	-0.114479	-0.113125	-0.111771	-0.110417	-0.109063	-0.107708	-0.106354	-0.105	-0.103646	-0.102292	-0.100938	-0.0995833	-0.0982292	-0.096875	-0.0955208	-0.0941667	-0.0928125	-0.0914583	-0.0901042	-0.08875	-0.0873958	-0.0860417	-0.0846875	-0.0833333	-0.0819792	-0.080625	-0.0792708	-0.0779167	-0.0698958	-0.061875	-0.0538542	-0.0458333	-0.0378125	-0.0297917	-0.0217708	-0.01375	-0.00572917	0.00229167	0.0103125	0.0183333	0.0263542	0.034375	0.0423958	0.0504167	0.0584375	0.0664583	0.0744792	0.0825	0.0905208	0.0985417	0.09875	0.0989583	0.0991667	0.099375	0.0995833	0.0997917	0.1	0.100208	0.100417	0.100625	0.100833	0.101042	0.10125	0.101458	0.101667	0.101875	0.102083	0.102292	0.1025	0.102708	0.102917	0.103125	0.103333	0.103542	0.10375	0.103958	0.104167	0.104375	0.104583	0.104792	0.105	0.105208	0.105417	0.105625	0.105833	0.106042	0.10625	0.106458	0.106667	0.106875	0.107083	0.107292	0.1075	0.107708	0.107917	0.108125	0.108333	0.108542	0.10875	0.108958	0.109167	0.109375	0.109583	0.109792	0.11	0.110208	0.110417	0.110625	0.110833	0.111042	0.11125	0.111458	0.111667	0.111875	0.112083	0.112292	0.1125	0.112708	0.112917	0.113125	0.113333	0.113542	0.11375	0.113958	0.114167	0.114375	0.114583	0.114792	0.115	0.115208	0.115417	0.115625	0.115833	0.116042	0.11625	0.116458	0.116667	0.116875	0.117083	0.117292	0.1175	0.117708	0.117917	0.118125	0.118333	0.118542	0.11875	0.118958	0.119167	0.119375	0.119583	0.119792	0.12	0.120208	0.120417	0.120625	0.120833	0.121042	0.12125	0.121458	0.121667	0.121875	0.122083	0.122292	0.1225	0.122708	0.122917	0.123125	0.123333	0.123542	0.12375	0.123958	0.124167	0.124375	0.124583	0.124792	0.125	0.125208	0.125417	0.125625	0.125833	0.126042	0.12625	0.126458	0.126667	0.126875	0.127083	0.127292	0.1275	0.127708	0.127917	0.128125	0.128333	0.128542	0.12875	0.128958	0.129167	0.129375	0.129583	0.129792	0.13	0.130208	0.130417	0.130625	0.130833	0.131042	0.13125	0.131458	0.131667	0.131875	0.132083	0.132292	0.1325	0.132708	0.132917	0.133125	0.133333	0.133542	0.13375	0.133958	0.134167	0.134375	0.134583	0.134792	0.135	0.135208	0.135417	0.135625	0.129167	0.122708	0.11625	0.109792	0.103333	0.096875	0.0904167	0.0839583	0.0775	0.0710417	0.0645833	0.058125	0.0516667	0.0452083	0.03875	0.0322917	0.0258333	0.019375	0.0129167	0.00645833	0
0	-0.00645833	-0.0129167	-0.019375	-0.0258333	-0.0322917	-0.03875	-0.0452083	-0.0516667	-0.058125	-0.0645833	-0.0710417	-0.0775	-0.0839583	-0.0904167	-0.096875	-0.103333	-0.109792	-0.11625	-0.122708	-0.129167	-0.135625	-0.142083	-0.148542	-0.155	-0.161458	-0.167917	-0.174375	-0.180833	-0.187292	-0.19375	-0.200208	-0.206667	-0.213125	-0.219583	-0.226042	-0.2325	-0.238958	-0.245417	-0.251875	-0.258333	-0.264792	-0.27125	-0.277708	-0.284167	-0.290625	-0.297083	-0.303542	-0.31	-0.316458	-0.322917	-0.329375	-0.335833	-0.342292	-0.34875	-0.355208	-0.361667	-0.368125	-0.374583	-0.381042	-0.3875	-0.393958	-0.392604	-0.39125	-0.389896	-0.388542	-0.387187	-0.385833	-0.384479	-0.383125	-0.381771	-0.380417	-0.379063	-0.377708	-0.376354	-0.375	-0.373646	-0.372292	-0.370937	-0.369583	-0.368229	-0.366875	-0.365521	-0.364167	-0.362812	-0.361458	-0.360104	-0.35875	-0.357396	-0.356042	-0.354687	-0.353333	-0.351979	-0.350625	-0.349271	-0.347917	-0.346562	-0.345208	-0.343854	-0.3425	-0.341146	-0.339792	-0.338437	-0.337083	-0.335729	-0.334375	-0.333021	-0.331667	-0.330312	-0.328958	-0.327604	-0.32625	-0.324896	-0.323542	-0.322188	-0.320833	-0.319479	-0.318125	-0.316771	-0.315417	-0.314063	-0.312708	-0.311354	-0.31	-0.308646	-0.307292	-0.305938	-0.304583	-0.303229	-0.301875	-0.300521	-0.299167	-0.297813	-0.296458	-0.295104	-0.29375	-0.292396	-0.291042	-0.289688	-0.288333	-0.286979	-0.285625	-0.284271	-0.282917	-0.281563	-0.280208	-0.278854	-0.2775	-0.276146	-0.274792	-0.273438	-0.272083	-0.270729	-0.269375	-0.268021	-0.266667	-0.265313	-0.263958	-0.262604	-0.26125	-0.253229	-0.245208	-0.237188	-0.229167	-0.221146	-0.213125	-0.205104	-0.197083	-0.189062	-0.181042	-0.173021	-0.165	-0.156979	-0.148958	-0.140938	-0.132917	-0.124896	-0.116875	-0.108854	-0.100833	-0.0928125	-0.0847917	-0.0767708	-0.06875	-0.0607292	-0.0527083	-0.0446875	-0.0366667	-0.0286458	-0.020625	-0.0126042	-0.00458333	0.0034375	0.0114583	0.0194792	0.0275	0.0355208	0.0435417	0.0515625	0.0595833	0.0676042	0.075625	0.0836458	0.0916667	0.0996875	0.107708	0.115729	0.12375	0.131771	0.139792	0.147812	0.155833	0.163854	0.171875	0.179896	0.187917	0.195937	0.203958	0.211979	0.22	0.228021	0.236042	0.23625	0.236458	0.236667	0.236875	0.237083	0.237292	0.2375	0.237708	0.237917	0.238125	0.238333	0.238542	0.23875	0.238958	0.239167	0.239375	0.239583	0.239792	0.24	0.240208	0.240417	0.240625	0.240833	0.241042	0.24125	0.241458	0.241667	0.241875	0.242083	0.242292	0.2425	0.242708	0.242917	0.243125	0.243333	0.243542	0.24375	0.243958	0.244167	0.244375	0.244583	0.244792	0.245	0.245208	0.245417	0.245625	0.245833	0.246042	0.24625	0.246458	0.246667	0.246875	0.247083	0.247292	0.2475	0.247708	0.247917	0.248125	0.248333	0.248542	0.24875	0.248958	0.249167	0.249375	0.249583	0.249792	0.25	0.250208	0.250417	0.250625	0.250833	0.251042	0.25125	0.251458	0.251667	0.251875	0.252083	0.252292	0.2525	0.252708	0.252917	0.253125	0.253333	0.253542	0.25375	0.253958	0.254167	0.254375	0.254583	0.254792	0.255	0.255208	0.255417	0.255625	0.255833	0.256042	0.25625	0.256458	0.256667	0.256875	0.257083	0.257292	0.2575	0.257708	0.257917	0.258125	0.258333	0.258542	0.25875	0.258958	0.259167	0.259375	0.259583	0.259792	0.26	0.260208	0.260417	0.260625	0.260833	0.261042	0.26125	0.261458	0.261667	0.261875	0.262083	0.262292	0.2625	0.262708	0.262917	0.263125	0.263333	0.263542	0.26375	0.263958	0.264167	0.264375	0.264583	0.264792	0.258333	0.251875	0.245417	0.238958	0.2325	0.226042	0.219583	0.213125	0.206667	0.200208	0.19375	0.187292	0.180833	0.174375	0.167917	0.161458	0.155	0.148542	0.142083	0.135625	0.129167	0.122708	0.11625	0.109792	0.103333	0.096875	0.0904167	0.0839583	0.0775	0.0710417	0.0645833	0.058125	0.0516667	0.0452083	0.03875	0.0322917	0.0258333	0.019375	0.0129167	0.00645833	0
0	-0.00645833	-0.0129167	-0.019375	-0.0258333	-0.0322917	-0.03875	-0.0452083	-0.0516667	-0.058125	-0.0645833	-0.0710417	-0.0775	-0.0839583	-0.0904167	-0.096875	-0.103333	-0.109792	-0.11625	-0.122708	-0.129167	-0.135625	-0.142083	-0.148542	-0.155	-0.161458	-0.167917	-0.174375	-0.180833	-0.187292	-0.19375	-0.200208	-0.206667	-0.213125	-0.219583	-0.226042	-0.2325	-0.238958	-0.245417	-0.251875	-0.258333	-0.264792	-0.27125	-0.277708	-0.284167	-0.290625	-0.297083	-0.303542	-0.31	-0.316458	-0.322917	-0.329375	-0.335833	-0.342292	-0.34875	-0.355208	-0.361667	-0.368125	-0.374583	-0.381042	-0.3875	-0.393958	-0.400417	-0.406875	-0.413333	-0.419792	-0.42625	-0.432708	-0.439167	-0.445625	-0.452083	-0.458542	-0.465	-0.471458	-0.477917	-0.484375	-0.490833	-0.497292	-0.50375	-0.510208	-0.516667	-0.523125	-0.521771	-0.520417	-0.519063	-0.517708	-0.516354	-0.515	-0.513646	-0.512292	-0.510938	-0.509583	-0.508229	-0.506875	-0.505521	-0.504167	-0.502813	-0.501458	-0.500104	-0.49875	-0.497396	-0.496042	-0.494688	-0.493333	-0.491979	-0.490625	-0.489271	-0.487917	-0.486563	-0.485208	-0.483854	-0.4825	-0.481146	-0.479792	-0.478438	-0.477083	-0.475729	-0.474375	-0.473021	-0.471667	-0.470313	-0.468958	-0.467604	-0.46625	-0.464896	-0.463542	-0.462188	-0.460833	-0.459479	-0.458125	-0.456771	-0.455417	-0.454063	-0.452708	-0.451354	-0.45	-0.448646	-0.447292	-0.445938	-0.444583	-0.436563	-0.428542	-0.420521	-0.4125	-0.404479	-0.396458	-0.388438	-0.380417	-0.372396	-0.364375	-0.356354	-0.348333	-0.340313	-0.332292	-0.324271	-0.31625	-0.308229	-0.300208	-0.292188	-0.284167	-0.276146	-0.268125	-0.260104	-0.252083	-0.244063	-0.236042	-0.228021	-0.22	-0.211979	-0.203958	-0.195938	-0.187917	-0.179896	-0.171875	-0.163854	-0.155833	-0.147813	-0.139792	-0.131771	-0.12375	-0.115729	-0.107708	-0.0996875	-0.0916667	-0.0836458	-0.075625	-0.0676042	-0.0595833	-0.0515625	-0.0435417	-0.0355208	-0.0275	-0.0194792	-0.0114583	-0.0034375	0.00458333	0.0126042	0.020625	0.0286458	0.0366667	0.0446875	0.0527083	0.0607292	0.06875	0.0767708	0.0847917	0.0928125	0.100833	0.108854	0.116875	0.124896	0.132917	0.140937	0.148958	0.156979	0.165	0.173021	0.181042	0.189062	0.197083	0.205104	0.213125	0.221146	0.229167	0.237187	0.245208	0.253229	0.26125	0.269271	0.277292	0.285312	0.293333	0.301354	0.309375	0.317396	0.325417	0.333437	0.341458	0.349479	0.3575	0.365521	0.373542	0.37375	0.373958	0.374167	0.374375	0.374583	0.374792	0.375	0.375208	0.375417	0.375625	0.375833	0.376042	0.37625	0.376458	0.376667	0.376875	0.377083	0.377292	0.3775	0.377708	0.377917	0.378125	0.378333	0.378542	0.37875	0.378958	0.379167	0.379375	0.379583	0.379792	0.38	0.380208	0.380417	0.380625	0.380833	0.381042	0.38125	0.381458	0.381667	0.381875	0.382083	0.382292	0.3825	0.382708	0.382917	0.383125	0.383333	0.383542	0.38375	0.383958	0.384167	0.384375	0.384583	0.384792	0.385	0.385208	0.385417	0.385625	0.385833	0.386042	0.38625	0.386458	0.386667	0.386875	0.387083	0.387292	0.3875	0.387708	0.387917	0.388125	0.388333	0.388542	0.38875	0.388958	0.389167	0.389375	0.389583	0.389792	0.39	0.390208	0.390417	0.390625	0.390833	0.391042	0.39125	0.391458	0.391667	0.391875	0.392083	0.392292	0.3925	0.392708	0.392917	0.393125	0.393333	0.393542	0.39375	0.393958	0.3875	0.381042	0.374583	0.368125	0.361667	0.355208	0.34875	0.342292	0.335833	0.329375	0.322917	0.316458	0.31	0.303542	0.297083	0.290625	0.284167	0.277708	0.27125	0.264792	0.258333	0.251875	0.245417	0.238958	0.2325	0.226042	0.219583	0.213125	0.206667	0.200208	0.19375	0.187292	0.180833	0.174375	0.167917	0.161458	0.155	0.148542	0.142083	0.135625	0.129167	0.122708	0.11625	0.109792	0.103333	0.096875	0.0904167	0.0839583	0.0775	0.0710417	0.0645833	0.058125	0.0516667	0.0452083	0.03875	0.0322917	0.0258333	0.019375	0.0129167	0.00645833	0
0	-0.00645833	-0.0129167	-0.019375	-0.0258333	-0.0322917	-0.03875	-0.0452083	-0.0516667	-0.058125	-0.0645833	-0.0710417	-0.0775	-0.0839583	-0.0904167	-0.096875	-0.103333	-0.109792	-0.11625	-0.122708	-0.129167	-0.135625	-0.142083	-0.148542	-0.155	-0.161458	-0.167917	-0.174375	-0.180833	-0.187292	-0.19375	-0.200208	-0.206667	-0.213125	-0.219583	-0.226042	-0.2325	-0.238958	-0.245417	-0.251875	-0.258333	-0.264792	-0.27125	-0.277708	-0.284167	-0.290625	-0.297083	-0.303542	-0.31	-0.316458	-0.322917	-0.329375	-0.335833	-0.342292	-0.34875	-0.355208	-0.361667	-0.368125	-0.374583	-0.381042	-0.3875	-0.393958	-0.400417	-0.406875	-0.413333	-0.419792	-0.42625	-0.432708	-0.439167	-0.445625	-0.452083	-0.458542	-0.465	-0.471458	-0.477917	-0.484375	-0.490833	-0.497292	-0.50375	-0.510208	-0.516667	-0.523125	-0.529583	-0.536042	-0.5425	-0.548958	-0.555417	-0.561875	-0.568333	-0.574792	-0.58125	-0.587708	-0.594167	-0.600625	-0.607083	-0.613542	-0.62	-0.626458	-0.632917	-0.639375	-0.645833	-0.652292	-0.650938	-0.649583	-0.648229	-0.646875	-0.645521	-0.644167	-0.642813	-0.641458	-0.640104	-0.63875	-0.637396	-0.636042	-0.634688	-0.633333	-0.631979	-0.630625	-0.629271	-0.627917	-0.619896	-0.611875	-0.603854	-0.595833	-0.587812	-0.579792	-0.571771	-0.56375	-0.555729	-0.547708	-0.539687	-0.531667	-0.523646	-0.515625	-0.507604	-0.499583	-0.491562	-0.483542	-0.475521	-0.4675	-0.459479	-0.451458	-0.443438	-0.435417	-0.427396	-0.419375	-0.411354	-0.403333	-0.395313	-0.387292	-0.379271	-0.37125	-0.363229	-0.355208	-0.347188	-0.339167	-0.331146	-0.323125	-0.315104	-0.307083	-0.299063	-0.291042	-0.283021	-0.275	-0.266979	-0.258958	-0.250938	-0.242917	-0.234896	-0.226875	-0.218854	-0.210833	-0.202813	-0.194792	-0.186771	-0.17875	-0.170729	-0.162708	-0.154688	-0.146667	-0.138646	-0.130625	-0.122604	-0.114583	-0.106563	-0.0985417	-0.0905208	-0.0825	-0.0744792	-0.0664583	-0.0584375	-0.0504167	-0.0423958	-0.034375	-0.0263542	-0.0183333	-0.0103125	-0.00229167	0.00572917	0.01375	0.0217708	0.0297917	0.0378125	0.0458333	0.0538542	0.061875	0.0698958	0.0779167	0.0859375	0.0939583	0.101979	0.11	0.118021	0.126042	0.134062	0.142083	0.150104	0.158125	0.166146	0.174167	0.182187	0.190208	0.198229	0.20625	0.214271	0.222292	0.230312	0.238333	0.246354	0.254375	0.262396	0.270417	0.278437	0.286458	0.294479	0.3025	0.310521	0.318542	0.326562	0.334583	0.342604	0.350625	0.358646	0.366667	0.374687	0.382708	0.390729	0.39875	0.406771	0.414792	0.422812	0.430833	0.438854	0.446875	0.454896	0.462917	0.470937	0.478958	0.486979	0.495	0.503021	0.511042	0.51125	0.511458	0.511667	0.511875	0.512083	0.512292	0.5125	0.512708	0.512917	0.513125	0.513333	0.513542	0.51375	0.513958	0.514167	0.514375	0.514583	0.514792	0.515	0.515208	0.515417	0.515625	0.515833	0.516042	0.51625	0.516458	0.516667	0.516875	0.517083	0.517292	0.5175	0.517708	0.517917	0.518125	0.518333	0.518542	0.51875	0.518958	0.519167	0.519375	0.519583	0.519792	0.52	0.520208	0.520417	0.520625	0.520833	0.521042	0.52125	0.521458	0.521667	0.521875	0.522083	0.522292	0.5225	0.522708	0.522917	0.523125	0.516667	0.510208	0.50375	0.497292	0.490833	0.484375	0.477917	0.471458	0.465	0.458542	0.452083	0.445625	0.439167	0.432708	0.42625	0.419792	0.413333	0.406875	0.400417	0.393958	0.3875	0.381042	0.374583	0.368125	0.361667	0.355208	0.34875	0.342292	0.335833	0.329375	0.322917	0.316458	0.31	0.303542	0.297083	0.290625	0.284167	0.277708	0.27125	0.264792	0.258333	0.251875	0.245417	0.238958	0.2325	0.226042	0.219583	0.213125	0.206667	0.200208	0.19375	0.187292	0.180833	0.174375	0.167917	0.161458	0.155	0.148542	0.142083	0.135625	0.129167	0.122708	0.11625	0.109792	0.103333	0.096875	0.0904167	0.0839583	0.0775	0.0710417	0.0645833	0.058125	0.0516667	0.0452083	0.03875	0.0322917	0.0258333	0.019375	0.0129167	0.00645833	0
0	-0.00645833	-0.0129167	-0.019375	-0.0258333	-0.0322917	-0.03875	-0.0452083	-0.0516667	-0.058125	-0.0645833	-0.0710417	-0.0775	-0.0839583	-0.0904167	-0.096875	-0.103333	-0.109792	-0.11625	-0.122708	-0.129167	-0.135625	-0.142083	-0.148542	-0.155	-0.161458	-0.167917	-0.174375	-0.180833	-0.187292	-0.19375	-0.200208	-0.206667	-0.213125	-0.219583	-0.226042	-0.2325	-0.238958	-0.245417	-0.251875	-0.258333	-0.264792	-0.27125	-0.277708	-0.284167	-0.290625	-0.297083	-0.303542	-0.31	-0.316458	-0.322917	-0.329375	-0.335833	-0.342292	-0.34875	-0.355208	-0.361667	-0.368125	-0.374583	-0.381042	-0.3875	-0.393958	-0.400417	-0.406875	-0.413333	-0.419792	-0.42625	-0.432708	-0.439167	-0.445625	-0.452083	-0.458542	-0.465	-0.471458	-0.477917	-0.484375	-0.490833	-0.497292	-0.50375	-0.510208	-0.516667	-0.523125	-0.529583	-0.536042	-0.5425	-0.548958	-0.555417	-0.561875	-0.568333	-0.574792	-0.58125	-0.587708	-0.594167	-0.600625	-0.607083	-0.613542	-0.62	-0.626458	-0.632917	-0.639375	-0.639167	-0.638958	-0.63875	-0.638542	-0.638333	-0.638125	-0.637917	-0.637708	-0.6375	-0.637292	-0.637083	-0.636875	-0.636667	-0.636458	-0.63625	-0.636042	-0.635833	-0.635625	-0.635417	-0.635208	-0.635	-0.634792	-0.626771	-0.61875	-0.610729	-0.602708	-0.594688	-0.586667	-0.578646	-0.570625	-0.562604	-0.554583	-0.546563	-0.538542	-0.530521	-0.5225	-0.514479	-0.506458	-0.498438	-0.490417	-0.482396	-0.474375	-0.466354	-0.458333	-0.450313	-0.442292	-0.434271	-0.42625	-0.418229	-0.410208	-0.402188	-0.394167	-0.386146	-0.378125	-0.370104	-0.362083	-0.354063	-0.346042	-0.338021	-0.33	-0.321979	-0.313958	-0.305938	-0.297917	-0.289896	-0.281875	-0.273854	-0.265833	-0.257813	-0.249792	-0.241771	-0.23375	-0.225729	-0.217708	-0.209688	-0.201667	-0.193646	-0.185625	-0.177604	-0.169583	-0.161563	-0.153542	-0.145521	-0.1375	-0.129479	-0.121458	-0.113438	-0.105417	-0.0973958	-0.089375	-0.0813542	-0.0733333	-0.0653125	-0.0572917	-0.0492708	-0.04125	-0.0332292	-0.0252083	-0.0171875	-0.00916667	-0.00114583	0.006875	0.0148958	0.0229167	0.0309375	0.0389583	0.0469792	0.055	0.0630208	0.0710417	0.0790625	0.0870833	0.0951042	0.103125	0.111146	0.119167	0.127187	0.135208	0.143229	0.15125	0.159271	0.167292	0.175312	0.183333	0.191354	0.199375	0.207396	0.215417	0.223437	0.231458	0.239479	0.2475	0.255521	0.263542	0.271562	0.279583	0.287604	0.295625	0.303646	0.311667	0.319687	0.327708	0.335729	0.34375	0.351771	0.359792	0.367812	0.375833	0.383854	0.391875	0.399896	0.407917	0.415937	0.423958	0.431979	0.44	0.448021	0.456042	0.464062	0.472083	0.480104	0.488125	0.496146	0.504167	0.512187	0.520208	0.528229	0.53625	0.544271	0.552292	0.560312	0.568333	0.576354	0.584375	0.592396	0.600417	0.608437	0.616458	0.624479	0.6325	0.640521	0.648542	0.64875	0.648958	0.649167	0.649375	0.649583	0.649792	0.65	0.650208	0.650417	0.650625	0.650833	0.651042	0.65125	0.651458	0.651667	0.651875	0.652083	0.652292	0.645833	0.639375	0.632917	0.626458	0.62	0.613542	0.607083	0.600625	0.594167	0.587708	0.58125	0.574792	0.568333	0.561875	0.555417	0.548958	0.5425	0.536042	0.529583	0.523125	0.516667	0.510208	0.50375	0.497292	0.490833	0.484375	0.477917	0.471458	0.465	0.458542	0.452083	0.445625	0.439167	0.432708	0.42625	0.419792	0.413333	0.406875	0.400417	0.393958	0.3875	0.381042	0.374583	0.368125	0.361667	0.355208	0.34875	0.342292	0.335833	0.329375	0.322917	0.316458	0.31	0.303542	0.297083	0.290625	0.284167	0.277708	0.27125	0.264792	0.258333	0.251875	0.245417	0.238958	0.2325	0.226042	0.219583	0.213125	0.206667	0.200208	0.19375	0.187292	0.180833	0.174375	0.167917	0.161458	0.155	0.148542	0.142083	0.135625	0.129167	0.122708	0.11625	0.109792	0.103333	0.096875	0.0904167	0.0839583	0.0775	0.0710417	0.0645833	0.058125	0.0516667	0.0452083	0.03875	0.0322917	0.0258333	0.019375	0.0129167	0.00645833	0
0	-0.00645833	-0.0129167	-0.019375	-0.0258333	-0.0322917	-0.03875	-0.0452083	-0.0516667	-0.058125	-0.0645833	-0.0710417	-0.0775	-0.0839583	-0.0904167	-0.096875	-0.103333	-0.109792	-0.11625	-0.122708	-0.129167	-0.135625	-0.142083	-0.148542	-0.155	-0.161458	-0.167917	-0.174375	-0.180833	-0.187292	-0.19375	-0.200208	-0.206667	-0.213125	-0.219583	-0.226042	-0.2325	-0.238958	-0.245417	-0.251875	-0.258333	-0.264792	-0.27125	-0.277708	-0.284167	-0.290625	-0.297083	-0.303542	-0.31	-0.316458	-0.322917	-0.329375	-0.335833	-0.342292	-0.34875	-0.355208	-0.361667	-0.368125	-0.374583	-0.381042	-0.3875	-0.393958	-0.400417	-0.406875	-0.413333	-0.419792	-0.42625	-0.432708	-0.439167	-0.445625	-0.452083	-0.458542	-0.465	-0.471458	-0.477917	-0.484375	-0.490833	-0.497292	-0.50375	-0.510208	-0.51	-0.509792	-0.509583	-0.509375	-0.509167	-0.508958	-0.50875	-0.508542	-0.508333	-0.508125	-0.507917	-0.507708	-0.5075	-0.507292	-0.507083	-0.506875	-0.506667	-0.506458	-0.50625	-0.506042	-0.505833	-0.505625	-0.505417	-0.505208	-0.505	-0.504792	-0.504583	-0.504375	-0.504167	-0.503958	-0.50375	-0.503542	-0.503333	-0.503125	-0.502917	-0.502708	-0.5025	-0.502292	-0.502083	-0.501875	-0.501667	-0.501458	-0.50125	-0.501042	-0.500833	-0.500625	-0.500417	-0.500208	-0.5	-0.499792	-0.499583	-0.499375	-0.499167	-0.498958	-0.49875	-0.498542	-0.498333	-0.498125	-0.497917	-0.497708	-0.4975	-0.497292	-0.489271	-0.48125	-0.473229	-0.465208	-0.457188	-0.449167	-0.441146	-0.433125	-0.425104	-0.417083	-0.409063	-0.401042	-0.393021	-0.385	-0.376979	-0.368958	-0.360938	-0.352917	-0.344896	-0.336875	-0.328854	-0.320833	-0.312813	-0.304792	-0.296771	-0.28875	-0.280729	-0.272708	-0.264688	-0.256667	-0.248646	-0.240625	-0.232604	-0.224583	-0.216562	-0.208542	-0.200521	-0.1925	-0.184479	-0.176458	-0.168438	-0.160417	-0.152396	-0.144375	-0.136354	-0.128333	-0.120313	-0.112292	-0.104271	-0.09625	-0.0882292	-0.0802083	-0.0721875	-0.0641667	-0.0561458	-0.048125	-0.0401042	-0.0320833	-0.0240625	-0.0160417	-0.00802083	1.16573e-15	0.00802083	0.0160417	0.0240625	0.0320833	0.0401042	0.048125	0.0561458	0.0641667	0.0721875	0.0802083	0.0882292	0.09625	0.104271	0.112292	0.120312	0.128333	0.136354	0.144375	0.152396	0.160417	0.168437	0.176458	0.184479	0.1925	0.200521	0.208542	0.216562	0.224583	0.232604	0.240625	0.248646	0.256667	0.264687	0.272708	0.280729	0.28875	0.296771	0.304792	0.312812	0.320833	0.328854	0.336875	0.344896	0.352917	0.360937	0.368958	0.376979	0.385	0.393021	0.401042	0.409062	0.417083	0.425104	0.433125	0.441146	0.449167	0.457187	0.465208	0.473229	0.48125	0.489271	0.497292	0.505312	0.513333	0.521354	0.529375	0.537396	0.545417	0.553438	0.561458	0.569479	0.5775	0.585521	0.593542	0.601563	0.609583	0.610938	0.612292	0.613646	0.615	0.616354	0.617708	0.619063	0.620417	0.621771	0.623125	0.624479	0.625833	0.627188	0.628542	0.629896	0.63125	0.632604	0.633958	0.635313	0.636667	0.638021	0.639375	0.632917	0.626458	0.62	0.613542	0.607083	0.600625	0.594167	0.587708	0.58125	0.574792	0.568333	0.561875	0.555417	0.548958	0.5425	0.536042	0.529583	0.523125	0.516667	0.510208	0.50375	0.497292	0.490833	0.484375	0.477917	0.471458	0.465	0.458542	0.452083	0.445625	0.439167	0.432708	0.42625	0.419792	0.413333	0.406875	0.400417	0.393958	0.3875	0.381042	0.374583	0.368125	0.361667	0.355208	0.34875	0.342292	0.335833	0.329375	0.322917	0.316458	0.31	0.303542	0.297083	0.290625	0.284167	0.277708	0.27125	0.264792	0.258333	0.251875	0.245417	0.238958	0.2325	0.226042	0.219583	0.213125	0.206667	0.200208	0.19375	0.187292	0.180833	0.174375	0.167917	0.161458	0.155	0.148542	0.142083	0.135625	0.129167	0.122708	0.11625	0.109792	0.103333	0.096875	0.0904167	0.0839583	0.0775	0.0710417	0.0645833	0.058125	0.0516667	0.0452083	0.03875	0.0322917	0.0258333	0.019375	0.0129167	0.00645833	0
0	-0.00645833	-0.0129167	-0.019375	-0.0258333	-0.0322917	-0.03875	-0.0452083	-0.0516667	-0.058125	-0.0645833	-0.0710417	-0.0775	-0.0839583	-0.0904167	-0.096875	-0.103333	-0.109792	-0.11625	-0.122708	-0.129167	-0.135625	-0.142083	-0.148542	-0.155	-0.161458	-0.167917	-0.174375	-0.180833	-0.187292	-0.19375	-0.200208	-0.206667	-0.213125	-0.219583	-0.226042	-0.2325	-0.238958	-0.245417	-0.251875	-0.258333	-0.264792	-0.27125	-0.277708	-0.284167	-0.290625	-0.297083	-0.303542	-0.31	-0.316458	-0.322917	-0.329375	-0.335833	-0.342292	-0.34875	-0.355208	-0.361667	-0.368125	-0.374583	-0.381042	-0.380833	-0.380625	-0.380417	-0.380208	-0.38	-0.379792	-0.379583	-0.379375	-0.379167	-0.378958	-0.37875	-0.378542	-0.378333	-0.378125	-0.377917	-0.377708	-0.3775	-0.377292	-0.377083	-0.376875	-0.376667	-0.376458	-0.37625	-0.376042	-0.375833	-0.375625	-0.375417	-0.375208	-0.375	-0.374792	-0.374583	-0.374375	-0.374167	-0.373958	-0.37375	-0.373542	-0.373333	-0.373125	-0.372917	-0.372708	-0.3725	-0.372292	-0.372083	-0.371875	-0.371667	-0.371458	-0.37125	-0.371042	-0.370833	-0.370625	-0.370417	-0.370208	-0.37	-0.369792	-0.369583	-0.369375	-0.369167	-0.368958	-0.36875	-0.368542	-0.368333	-0.368125	-0.367917	-0.367708	-0.3675	-0.367292	-0.367083	-0.366875	-0.366667	-0.366458	-0.36625	-0.366042	-0.365833	-0.365625	-0.365417	-0.365208	-0.365	-0.364792	-0.364583	-0.364375	-0.364167	-0.363958	-0.36375	-0.363542	-0.363333	-0.363125	-0.362917	-0.362708	-0.3625	-0.362292	-0.362083	-0.361875	-0.361667	-0.361458	-0.36125	-0.361042	-0.360833	-0.360625	-0.360417	-0.360208	-0.36	-0.359792	-0.351771	-0.34375	-0.335729	-0.327708	-0.319688	-0.311667	-0.303646	-0.295625	-0.287604	-0.279583	-0.271563	-0.263542	-0.255521	-0.2475	-0.239479	-0.231458	-0.223438	-0.215417	-0.207396	-0.199375	-0.191354	-0.183333	-0.175313	-0.167292	-0.159271	-0.15125	-0.143229	-0.135208	-0.127188	-0.119167	-0.111146	-0.103125	-0.0951042	-0.0870833	-0.0790625	-0.0710417	-0.0630208	-0.055	-0.0469792	-0.0389583	-0.0309375	-0.0229167	-0.0148958	-0.006875	0.00114583	0.00916667	0.0171875	0.0252083	0.0332292	0.04125	0.0492708	0.0572917	0.0653125	0.0733333	0.0813542	0.089375	0.0973958	0.105417	0.113437	0.121458	0.129479	0.1375	0.145521	0.153542	0.161562	0.169583	0.177604	0.185625	0.193646	0.201667	0.209687	0.217708	0.225729	0.23375	0.241771	0.249792	0.257812	0.265833	0.273854	0.281875	0.289896	0.297917	0.305937	0.313958	0.321979	0.33	0.338021	0.346042	0.354062	0.362083	0.370104	0.378125	0.386146	0.394167	0.402187	0.410208	0.418229	0.42625	0.427604	0.428958	0.430313	0.431667	0.433021	0.434375	0.435729	0.437083	0.438438	0.439792	0.441146	0.4425	0.443854	0.445208	0.446563	0.447917	0.449271	0.450625	0.451979	0.453333	0.454688	0.456042	0.457396	0.45875	0.460104	0.461458	0.462812	0.464167	0.465521	0.466875	0.468229	0.469583	0.470938	0.472292	0.473646	0.475	0.476354	0.477708	0.479063	0.480417	0.481771	0.483125	0.484479	0.485833	0.487188	0.488542	0.489896	0.49125	0.492604	0.493958	0.495313	0.496667	0.498021	0.499375	0.500729	0.502083	0.503438	0.504792	0.506146	0.5075	0.508854	0.510208	0.50375	0.497292	0.490833	0.484375	0.477917	0.471458	0.465	0.458542	0.452083	0.445625	0.439167	0.432708	0.42625	0.419792	0.413333	0.406875	0.400417	0.393958	0.3875	0.381042	0.374583	0.368125	0.361667	0.355208	0.34875	0.342292	0.335833	0.329375	0.322917	0.316458	0.31	0.303542	0.297083	0.290625	0.284167	0.277708	0.27125	0.264792	0.258333	0.251875	0.245417	0.238958	0.2325	0.226042	0.219583	0.213125	0.206667	0.200208	0.19375	0.187292	0.180833	0.174375	0.167917	0.161458	0.155	0.148542	0.142083	0.135625	0.129167	0.122708	0.11625	0.109792	0.103333	0.096875	0.0904167	0.0839583	0.0775	0.0710417	0.0645833	0.058125	0.0516667	0.0452083	0.03875	0.0322917	0.0258333	0.019375	0.0129167	0.00645833	0
0	-0.00645833	-0.0129167	-0.019375	-0.0258333	-0.0322917	-0.03875	-0.0452083	-0.0516667	-0.058125	-0.0645833	-0.0710417	-0.0775	-0.0839583	-0.0904167	-0.096875	-0.103333	-0.109792	-0.11625	-0.122708	-0.129167	-0.135625	-0.142083	-0.148542	-0.155	-0.161458	-0.167917	-0.174375	-0.180833	-0.187292	-0.19375	-0.200208	-0.206667	-0.213125	-0.219583	-0.226042	-0.2325	-0.238958	-0.245417	-0.251875	-0.251667	-0.251458	-0.25125	-0.251042	-0.250833	-0.250625	-0.250417	-0.250208	-0.25	-0.249792	-0.249583	-0.249375	-0.249167	-0.248958	-0.24875	-0.248542	-0.248333	-0.248125	-0.247917	-0.247708	-0.2475	-0.247292	-0.247083	-0.246875	-0.246667	-0.246458	-0.24625	-0.246042	-0.245833	-0.245625	-0.245417	-0.245208	-0.245	-0.244792	-0.244583	-0.244375	-0.244167	-0.243958	-0.24375	-0.243542	-0.243333	-0.243125	-0.242917	-0.242708	-0.2425	-0.242292	-0.242083	-0.241875	-0.241667	-0.241458	-0.24125	-0.241042	-0.240833	-0.240625	-0.240417	-0.240208	-0.24	-0.239792	-0.239583	-0.239375	-0.239167	-0.238958	-0.23875	-0.238542	-0.238333	-0.238125	-0.237917	-0.237708	-0.2375	-0.237292	-0.237083	-0.236875	-0.236667	-0.236458	-0.23625	-0.236042	-0.235833	-0.235625	-0.235417	-0.235208	-0.235	-0.234792	-0.234583	-0.234375	-0.234167	-0.233958	-0.23375	-0.233542	-0.233333	-0.233125	-0.232917	-0.232708	-0.2325	-0.232292	-0.232083	-0.231875	-0.231667	-0.231458	-0.23125	-0.231042	-0.230833	-0.230625	-0.230417	-0.230208	-0.23	-0.229792	-0.229583	-0.229375	-0.229167	-0.228958	-0.22875	-0.228542	-0.228333	-0.228125	-0.227917	-0.227708	-0.2275	-0.227292	-0.227083	-0.226875	-0.226667	-0.226458	-0.22625	-0.226042	-0.225833	-0.225625	-0.225417	-0.225208	-0.225	-0.224792	-0.224583	-0.224375	-0.224167	-0.223958	-0.22375	-0.223542	-0.223333	-0.223125	-0.222917	-0.222708	-0.2225	-0.222292	-0.214271	-0.20625	-0.198229	-0.190208	-0.182188	-0.174167	-0.166146	-0.158125	-0.150104	-0.142083	-0.134063	-0.126042	-0.118021	-0.11	-0.101979	-0.0939583	-0.0859375	-0.0779167	-0.0698958	-0.061875	-0.0538542	-0.0458333	-0.0378125	-0.0297917	-0.0217708	-0.01375	-0.00572917	0.00229167	0.0103125	0.0183333	0.0263542	0.034375	0.0423958	0.0504167	0.0584375	0.0664583	0.0744792	0.0825	0.0905208	0.0985417	0.106562	0.114583	0.122604	0.130625	0.138646	0.146667	0.154687	0.162708	0.170729	0.17875	0.186771	0.194792	0.202812	0.210833	0.218854	0.226875	0.234896	0.242917	0.244271	0.245625	0.246979	0.248333	0.249687	0.251042	0.252396	0.25375	0.255104	0.256458	0.257813	0.259167	0.260521	0.261875	0.263229	0.264583	0.265938	0.267292	0.268646	0.27	0.271354	0.272708	0.274062	0.275417	0.276771	0.278125	0.279479	0.280833	0.282187	0.283542	0.284896	0.28625	0.287604	0.288958	0.290313	0.291667	0.293021	0.294375	0.295729	0.297083	0.298438	0.299792	0.301146	0.3025	0.303854	0.305208	0.306563	0.307917	0.309271	0.310625	0.311979	0.313333	0.314688	0.316042	0.317396	0.31875	0.320104	0.321458	0.322812	0.324167	0.325521	0.326875	0.328229	0.329583	0.330937	0.332292	0.333646	0.335	0.336354	0.337708	0.339063	0.340417	0.341771	0.343125	0.344479	0.345833	0.347187	0.348542	0.349896	0.35125	0.352604	0.353958	0.355312	0.356667	0.358021	0.359375	0.360729	0.362083	0.363437	0.364792	0.366146	0.3675	0.368854	0.370208	0.371563	0.372917	0.374271	0.375625	0.376979	0.378333	0.379688	0.381042	0.374583	0.368125	0.361667	0.355208	0.34875	0.342292	0.335833	0.329375	0.322917	0.316458	0.31	0.303542	0.297083	0.290625	0.284167	0.277708	0.27125	0.264792	0.258333	0.251875	0.245417	0.238958	0.2325	0.226042	0.219583	0.213125	0.206667	0.200208	0.19375	0.187292	0.180833	0.174375	0.167917	0.161458	0.155	0.148542	0.142083	0.135625	0.129167	0.122708	0.11625	0.109792	0.103333	0.096875	0.0904167	0.0839583	0.0775	0.0710417	0.0645833	0.058125	0.0516667	0.0452083	0.03875	0.0322917	0.0258333	0.019375	0.0129167	0.00645833	0
0	-0.00645833	-0.0129167	-0.019375	-0.0258333	-0.0322917	-0.03875	-0.0452083	-0.0516667	-0.058125	-0.0645833	-0.0710417	-0.0775	-0.0839583	-0.0904167	-0.096875	-0.103333	-0.109792	-0.11625	-0.122708	-0.1225	-0.122292	-0.122083	-0.121875	-0.121667	-0.121458	-0.12125	-0.121042	-0.120833	-0.120625	-0.120417	-0.120208	-0.12	-0.119792	-0.119583	-0.119375	-0.119167	-0.118958	-0.11875	-0.118542	-0.118333	-0.118125	-0.117917	-0.117708	-0.1175	-0.117292	-0.117083	-0.116875	-0.116667	-0.116458	-0.11625	-0.116042	-0.115833	-0.115625	-0.115417	-0.115208	-0.115	-0.114792	-0.114583	-0.114375	-0.114167	-0.113958	-0.11375	-0.113542	-0.113333	-0.113125	-0.112917	-0.112708	-0.1125	-0.112292	-0.112083	-0.111875	-0.111667	-0.111458	-0.11125	-0.111042	-0.110833	-0.110625	-0.110417	-0.110208	-0.11	-0.109792	-0.109583	-0.109375	-0.109167	-0.108958	-0.10875	-0.108542	-0.108333	-0.108125	-0.107917	-0.107708	-0.1075	-0.107292	-0.107083	-0.106875	-0.106667	-0.106458	-0.10625	-0.106042	-0.105833	-0.105625	-0.105417	-0.105208	-0.105	-0.104792	-0.104583	-0.104375	-0.104167	-0.103958	-0.10375	-0.103542	-0.103333	-0.103125	-0.102917	-0.102708	-0.1025	-0.102292	-0.102083	-0.101875	-0.101667	-0.101458	-0.10125	-0.101042	-0.100833	-0.100625	-0.100417	-0.100208	-0.1	-0.0997917	-0.0995833	-0.099375	-0.0991667	-0.0989583	-0.09875	-0.0985417	-0.0983333	-0.098125	-0.0979167	-0.0977083	-0.0975	-0.0972917	-0.0970833	-0.096875	-0.0966667	-0.0964583	-0.09625	-0.0960417	-0.0958333	-0.095625	-0.0954167	-0.0952083	-0.095	-0.0947917	-0.0945833	-0.094375	-0.0941667	-0.0939583	-0.09375	-0.0935417	-0.0933333	-0.093125	-0.0929167	-0.0927083	-0.0925	-0.0922917	-0.0920833	-0.091875	-0.0916667	-0.0914583	-0.09125	-0.0910417	-0.0908333	-0.090625	-0.0904167	-0.0902083	-0.09	-0.0897917	-0.0895833	-0.089375	-0.0891667	-0.0889583	-0.08875	-0.0885417	-0.0883333	-0.088125	-0.0879167	-0.0877083	-0.0875	-0.0872917	-0.0870833	-0.086875	-0.0866667	-0.0864583	-0.08625	-0.0860417	-0.0858333	-0.085625	-0.0854167	-0.0852083	-0.085	-0.0847917	-0.0767708	-0.06875	-0.0607292	-0.0527083	-0.0446875	-0.0366667	-0.0286458	-0.020625	-0.0126042	-0.00458333	0.0034375	0.0114583	0.0194792	0.0275	0.0355208	0.0435417	0.0515625	0.0595833	0.0609375	0.0622917	0.0636458	0.065	0.0663542	0.0677083	0.0690625	0.0704167	0.0717708	0.073125	0.0744792	0.0758333	0.0771875	0.0785417	0.0798958	0.08125	0.0826042	0.0839583	0.0853125	0.0866667	0.0880208	0.089375	0.0907292	0.0920833	0.0934375	0.0947917	0.0961458	0.0975	0.0988542	0.100208	0.101562	0.102917	0.104271	0.105625	0.106979	0.108333	0.109687	0.111042	0.112396	0.11375	0.115104	0.116458	0.117812	0.119167	0.120521	0.121875	0.123229	0.124583	0.125938	0.127292	0.128646	0.13	0.131354	0.132708	0.134063	0.135417	0.136771	0.138125	0.139479	0.140833	0.142188	0.143542	0.144896	0.14625	0.147604	0.148958	0.150312	0.151667	0.153021	0.154375	0.155729	0.157083	0.158438	0.159792	0.161146	0.1625	0.163854	0.165208	0.166562	0.167917	0.169271	0.170625	0.171979	0.173333	0.174687	0.176042	0.177396	0.17875	0.180104	0.181458	0.182812	0.184167	0.185521	0.186875	0.188229	0.189583	0.190937	0.192292	0.193646	0.195	0.196354	0.197708	0.199062	0.200417	0.201771	0.203125	0.204479	0.205833	0.207187	0.208542	0.209896	0.21125	0.212604	0.213958	0.215312	0.216667	0.218021	0.219375	0.220729	0.222083	0.223437	0.224792	0.226146	0.2275	0.228854	0.230208	0.231562	0.232917	0.234271	0.235625	0.236979	0.238333	0.239687	0.241042	0.242396	0.24375	0.245104	0.246458	0.247812	0.249167	0.250521	0.251875	0.245417	0.238958	0.2325	0.226042	0.219583	0.213125	0.206667	0.200208	0.19375	0.187292	0.180833	0.174375	0.167917	0.161458	0.155	0.148542	0.142083	0.135625	0.129167	0.122708	0.11625	0.109792	0.103333	0.096875	0.0904167	0.0839583	0.0775	0.0710417	0.0645833	0.058125	0.0516667	0.0452083	0.03875	0.0322917	0.0258333	0.019375	0.0129167	0.00645833	0
0	0.006875	0.00708333	0.00729167	0.0075	0.00770833	0.00791667	0.008125	0.00833333	0.00854167	0.00875	0.00895833	0.00916667	0.009375	0.00958333	0.00979167	0.01	0.0102083	0.0104167	0.010625	0.0108333	0.0110417	0.01125	0.0114583	0.0116667	0.011875	0.0120833	0.0122917	0.0125	0.0127083	0.0129167	0.013125	0.0133333	0.0135417	0.01375	0.0139583	0.0141667	0.014375	0.0145833	0.0147917	0.015	0.0152083	0.0154167	0.015625	0.0158333	0.0160417	0.01625	0.0164583	0.0166667	0.016875	0.0170833	0.0172917	0.0175	0.0177083	0.0179167	0.018125	0.0183333	0.0185417	0.01875	0.0189583	0.0191667	0.019375	0.0195833	0.0197917	0.02	0.0202083	0.0204167	0.020625	0.0208333	0.0210417	0.02125	0.0214583	0.0216667	0.021875	0.0220833	0.0222917	0.0225	0.0227083	0.0229167	0.023125	0.0233333	0.0235417	0.02375	0.0239583	0.0241667	0.024375	0.0245833	0.0247917	0.025	0.0252083	0.0254167	0.025625	0.0258333	0.0260417	0.02625	0.0264583	0.0266667	0.026875	0.0270833	0.0272917	0.0275	0.0277083	0.0279167	0.028125	0.0283333	0.0285417	0.02875	0.0289583	0.0291667	0.029375	0.0295833	0.0297917	0.03	0.0302083	0.0304167	0.030625	0.0308333	0.0310417	0.03125	0.0314583	0.0316667	0.031875	0.0320833	0.0322917	0.0325	0.0327083	0.0329167	0.033125	0.0333333	0.0335417	0.03375	0.0339583	0.0341667	0.034375	0.0345833	0.0347917	0.035	0.0352083	0.0354167	0.035625	0.0358333	0.0360417	0.03625	0.0364583	0.0366667	0.036875	0.0370833	0.0372917	0.0375	0.0377083	0.0379167	0.038125	0.0383333	0.0385417	0.03875	0.0389583	0.0391667	0.039375	0.0395833	0.0397917	0.04	0.0402083	0.0404167	0.040625	0.0408333	0.0410417	0.04125	0.0414583	0.0416667	0.041875	0.0420833	0.0422917	0.0425	0.0427083	0.0429167	0.043125	0.0433333	0.0435417	0.04375	0.0439583	0.0441667	0.044375	0.0445833	0.0447917	0.045	0.0452083	0.0454167	0.045625	0.0458333	0.0460417	0.04625	0.0464583	0.0466667	0.046875	0.0470833	0.0472917	0.0475	0.0477083	0.0479167	0.048125	0.0416667	0.0352083	0.02875	0.0222917	0.0158333	0.009375	0.00291667	-0.00354167	-0.01	-0.0164583	-0.0229167	-0.029375	-0.0358333	-0.0422917	-0.04875	-0.0552083	-0.0616667	-0.068125	-0.0745833	-0.0810417	-0.0875	-0.0939583	-0.0926042	-0.09125	-0.0898958	-0.0885417	-0.0871875	-0.0858333	-0.0844792	-0.083125	-0.0817708	-0.0804167	-0.0790625	-0.0777083	-0.0763542	-0.075	-0.0736458	-0.0722917	-0.0709375	-0.0695833	-0.0682292	-0.066875	-0.0655208	-0.0641667	-0.0628125	-0.0614583	-0.0601042	-0.05875	-0.0573958	-0.0560417	-0.0546875	-0.0533333	-0.0519792	-0.050625	-0.0492708	-0.0479167	-0.0465625	-0.0452083	-0.0438542	-0.0425	-0.0411458	-0.0397917	-0.0384375	-0.0370833	-0.0357292	-0.034375	-0.0330208	-0.0316667	-0.0303125	-0.0289583	-0.0276042	-0.02625	-0.0248958	-0.0235417	-0.0221875	-0.0208333	-0.0194792	-0.018125	-0.0167708	-0.0154167	-0.0140625	-0.0127083	-0.0113542	-0.01	-0.00864583	-0.00729167	-0.0059375	-0.00458333	-0.00322917	-0.001875	-0.000520833	0.000833333	0.0021875	0.00354167	0.00489583	0.00625	0.00760417	0.00895833	0.0103125	0.0116667	0.0130208	0.014375	0.0157292	0.0170833	0.0184375	0.0197917	0.0211458	0.0225	0.0238542	0.0252083	0.0265625	0.0279167	0.0292708	0.030625	0.0319792	0.0333333	0.0346875	0.0360417	0.0373958	0.03875	0.0401042	0.0414583	0.0428125	0.0441667	0.0455208	0.046875	0.0482292	0.0495833	0.0509375	0.0522917	0.0536458	0.055	0.0563542	0.0577083	0.0590625	0.0604167	0.0617708	0.063125	0.0644792	0.0658333	0.0671875	0.0685417	0.0698958	0.07125	0.0726042	0.0739583	0.0753125	0.0766667	0.0780208	0.079375	0.0807292	0.0820833	0.0834375	0.0847917	0.0861458	0.0875	0.0888542	0.0902083	0.0915625	0.0929167	0.0942708	0.095625	0.0969792	0.0983333	0.0996875	0.101042	0.102396	0.10375	0.105104	0.106458	0.107813	0.109167	0.110521	0.111875	0.113229	0.114583	0.115938	0.117292	0.118646	0.12	0.121354	0.122708	0.11625	0.109792	0.103333	0.096875	0.0904167	0.0839583	0.0775	0.0710417	0.0645833	0.058125	0.0516667	0.0452083	0.03875	0.0322917	0.0258333	0.019375	0.0129167	0.00645833	0
0	0.006875	0.01375	0.020625	0.0275	0.034375	0.04125	0.048125	0.055	0.061875	0.06875	0.075625	0.0825	0.089375	0.09625	0.103125	0.11	0.116875	0.12375	0.130625	0.1375	0.144375	0.144583	0.144792	0.145	0.145208	0.145417	0.145625	0.145833	0.146042	0.14625	0.146458	0.146667	0.146875	0.147083	0.147292	0.1475	0.147708	0.147917	0.148125	0.148333	0.148542	0.14875	0.148958	0.149167	0.149375	0.149583	0.149792	0.15	0.150208	0.150417	0.150625	0.150833	0.151042	0.15125	0.151458	0.151667	0.151875	0.152083	0.152292	0.1525	0.152708	0.152917	0.153125	0.153333	0.153542	0.15375	0.153958	0.154167	0.154375	0.154583	0.154792	0.155	0.155208	0.155417	0.155625	0.155833	0.156042	0.15625	0.156458	0.156667	0.156875	0.157083	0.157292	0.1575	0.157708	0.157917	0.158125	0.158333	0.158542	0.15875	0.158958	0.159167	0.159375	0.159583	0.159792	0.16	0.160208	0.160417	0.160625	0.160833	0.161042	0.16125	0.161458	0.161667	0.161875	0.162083	0.162292	0.1625	0.162708	0.162917	0.163125	0.163333	0.163542	0.16375	0.163958	0.164167	0.164375	0.164583	0.164792	0.165	0.165208	0.165417	0.165625	0.165833	0.166042	0.16625	0.166458	0.166667	0.166875	0.167083	0.167292	0.1675	0.167708	0.167917	0.168125	0.168333	0.168542	0.16875	0.168958	0.169167	0.169375	0.169583	0.169792	0.17	0.170208	0.170417	0.170625	0.170833	0.171042	0.17125	0.171458	0.171667	0.171875	0.172083	0.172292	0.1725	0.172708	0.172917	0.173125	0.173333	0.173542	0.17375	0.173958	0.174167	0.174375	0.174583	0.174792	0.175	0.175208	0.175417	0.175625	0.175833	0.176042	0.17625	0.176458	0.176667	0.176875	0.177083	0.177292	0.170833	0.164375	0.157917	0.151458	0.145	0.138542	0.132083	0.125625	0.119167	0.112708	0.10625	0.0997917	0.0933333	0.086875	0.0804167	0.0739583	0.0675	0.0610417	0.0545833	0.048125	0.0416667	0.0352083	0.02875	0.0222917	0.0158333	0.009375	0.00291667	-0.00354167	-0.01	-0.0164583	-0.0229167	-0.029375	-0.0358333	-0.0422917	-0.04875	-0.0552083	-0.0616667	-0.068125	-0.0745833	-0.0810417	-0.0875	-0.0939583	-0.100417	-0.106875	-0.113333	-0.119792	-0.12625	-0.132708	-0.139167	-0.145625	-0.152083	-0.158542	-0.165	-0.171458	-0.177917	-0.184375	-0.190833	-0.197292	-0.20375	-0.210208	-0.216667	-0.223125	-0.221771	-0.220417	-0.219063	-0.217708	-0.216354	-0.215	-0.213646	-0.212292	-0.210938	-0.209583	-0.208229	-0.206875	-0.205521	-0.204167	-0.202813	-0.201458	-0.200104	-0.19875	-0.197396	-0.196042	-0.194688	-0.193333	-0.191979	-0.190625	-0.189271	-0.187917	-0.186562	-0.185208	-0.183854	-0.1825	-0.181146	-0.179792	-0.178437	-0.177083	-0.175729	-0.174375	-0.173021	-0.171667	-0.170312	-0.168958	-0.167604	-0.16625	-0.164896	-0.163542	-0.162188	-0.160833	-0.159479	-0.158125	-0.156771	-0.155417	-0.154063	-0.152708	-0.151354	-0.15	-0.148646	-0.147292	-0.145938	-0.144583	-0.143229	-0.141875	-0.140521	-0.139167	-0.137813	-0.136458	-0.135104	-0.13375	-0.132396	-0.131042	-0.129688	-0.128333	-0.126979	-0.125625	-0.124271	-0.122917	-0.121563	-0.120208	-0.118854	-0.1175	-0.116146	-0.114792	-0.113438	-0.112083	-0.110729	-0.109375	-0.108021	-0.106667	-0.105313	-0.103958	-0.102604	-0.10125	-0.0998958	-0.0985417	-0.0971875	-0.0958333	-0.0944792	-0.093125	-0.0917708	-0.0904167	-0.0890625	-0.0877083	-0.0863542	-0.085	-0.0836458	-0.0822917	-0.0809375	-0.0795833	-0.0782292	-0.076875	-0.0755208	-0.0741667	-0.0728125	-0.0714583	-0.0701042	-0.06875	-0.0673958	-0.0660417	-0.0646875	-0.0633333	-0.0619792	-0.060625	-0.0592708	-0.0579167	-0.0565625	-0.0552083	-0.0538542	-0.0525	-0.0511458	-0.0497917	-0.0484375	-0.0470833	-0.0457292	-0.044375	-0.0430208	-0.0416667	-0.0403125	-0.0389583	-0.0376042	-0.03625	-0.0348958	-0.0335417	-0.0321875	-0.0308333	-0.0294792	-0.028125	-0.0267708	-0.0254167	-0.0240625	-0.0227083	-0.0213542	-0.02	-0.0186458	-0.0172917	-0.0159375	-0.0145833	-0.0132292	-0.011875	-0.0105208	-0.00916667	0
0	0.006875	0.01375	0.020625	0.0275	0.034375	0.04125	0.048125	0.055	0.061875	0.06875	0.075625	0.0825	0.089375	0.09625	0.103125	0.11	0.116875	0.12375	0.130625	0.1375	0.144375	0.15125	0.158125	0.165	0.171875	0.17875	0.185625	0.1925	0.199375	0.20625	0.213125	0.22	0.226875	0.23375	0.240625	0.2475	0.254375	0.26125	0.268125	0.275	0.281875	0.282083	0.282292	0.2825	0.282708	0.282917	0.283125	0.283333	0.283542	0.28375	0.283958	0.284167	0.284375	0.284583	0.284792	0.285	0.285208	0.285417	0.285625	0.285833	0.286042	0.28625	0.286458	0.286667	0.286875	0.287083	0.287292	0.2875	0.287708	0.287917	0.288125	0.288333	0.288542	0.28875	0.288958	0.289167	0.289375	0.289583	0.289792	0.29	0.290208	0.290417	0.290625	0.290833	0.291042	0.29125	0.291458	0.291667	0.291875	0.292083	0.292292	0.2925	0.292708	0.292917	0.293125	0.293333	0.293542	0.29375	0.293958	0.294167	0.294375	0.294583	0.294792	0.295	0.295208	0.295417	0.295625	0.295833	0.296042	0.29625	0.296458	0.296667	0.296875	0.297083	0.297292	0.2975	0.297708	0.297917	0.298125	0.298333	0.298542	0.29875	0.298958	0.299167	0.299375	0.299583	0.299792	0.3	0.300208	0.300417	0.300625	0.300833	0.301042	0.30125	0.301458	0.301667	0.301875	0.302083	0.302292	0.3025	0.302708	0.302917	0.303125	0.303333	0.303542	0.30375	0.303958	0.304167	0.304375	0.304583	0.304792	0.305	0.305208	0.305417	0.305625	0.305833	0.306042	0.30625	0.306458	0.3	0.293542	0.287083	0.280625	0.274167	0.267708	0.26125	0.254792	0.248333	0.241875	0.235417	0.228958	0.2225	0.216042	0.209583	0.203125	0.196667	0.190208	0.18375	0.177292	0.170833	0.164375	0.157917	0.151458	0.145	0.138542	0.132083	0.125625	0.119167	0.112708	0.10625	0.0997917	0.0933333	0.086875	0.0804167	0.0739583	0.0675	0.0610417	0.0545833	0.048125	0.0416667	0.0352083	0.02875	0.0222917	0.0158333	0.009375	0.00291667	-0.00354167	-0.01	-0.0164583	-0.0229167	-0.029375	-0.0358333	-0.0422917	-0.04875	-0.0552083	-0.0616667	-0.068125	-0.0745833	-0.0810417	-0.0875	-0.0939583	-0.100417	-0.106875	-0.113333	-0.119792	-0.12625	-0.132708	-0.139167	-0.145625	-0.152083	-0.158542	-0.165	-0.171458	-0.177917	-0.184375	-0.190833	-0.197292	-0.20375	-0.210208	-0.216667	-0.223125	-0.229583	-0.236042	-0.2425	-0.248958	-0.255417	-0.261875	-0.268333	-0.274792	-0.28125	-0.287708	-0.294167	-0.300625	-0.307083	-0.313542	-0.32	-0.326458	-0.332917	-0.339375	-0.345833	-0.352292	-0.350938	-0.349583	-0.348229	-0.346875	-0.345521	-0.344167	-0.342813	-0.341458	-0.340104	-0.33875	-0.337396	-0.336042	-0.334688	-0.333333	-0.331979	-0.330625	-0.329271	-0.327917	-0.326563	-0.325208	-0.323854	-0.3225	-0.321146	-0.319792	-0.318438	-0.317083	-0.315729	-0.314375	-0.313021	-0.311667	-0.310312	-0.308958	-0.307604	-0.30625	-0.304896	-0.303542	-0.302187	-0.300833	-0.299479	-0.298125	-0.296771	-0.295417	-0.294063	-0.292708	-0.291354	-0.29	-0.288646	-0.287292	-0.285938	-0.284583	-0.283229	-0.281875	-0.280521	-0.279167	-0.277813	-0.276458	-0.275104	-0.27375	-0.272396	-0.271042	-0.269688	-0.268333	-0.266979	-0.265625	-0.264271	-0.262917	-0.261562	-0.260208	-0.258854	-0.2575	-0.256146	-0.254792	-0.253437	-0.252083	-0.250729	-0.249375	-0.248021	-0.246667	-0.245312	-0.243958	-0.242604	-0.24125	-0.239896	-0.238542	-0.237187	-0.235833	-0.234479	-0.233125	-0.231771	-0.230417	-0.229063	-0.227708	-0.226354	-0.225	-0.223646	-0.222292	-0.220938	-0.219583	-0.218229	-0.216875	-0.215521	-0.214167	-0.212813	-0.211458	-0.210104	-0.20875	-0.207396	-0.206042	-0.204688	-0.203333	-0.201979	-0.200625	-0.199271	-0.197917	-0.196563	-0.195208	-0.193854	-0.1925	-0.183333	-0.174167	-0.165	-0.155833	-0.146667	-0.1375	-0.128333	-0.119167	-0.11	-0.100833	-0.0916667	-0.0825	-0.0733333	-0.0641667	-0.055	-0.0458333	-0.0366667	-0.0275	-0.0183333	-0.00916667	0
0	0.006875	0.01375	0.020625	0.0275	0.034375	0.04125	0.048125	0.055	0.061875	0.06875	0.075625	0.0825	0.089375	0.09625	0.103125	0.11	0.116875	0.12375	0.130625	0.1375	0.144375	0.15125	0.158125	0.165	0.171875	0.17875	0.185625	0.1925	0.199375	0.20625	0.213125	0.22	0.226875	0.23375	0.240625	0.2475	0.254375	0.26125	0.268125	0.275	0.281875	0.28875	0.295625	0.3025	0.309375	0.31625	0.323125	0.33	0.336875	0.34375	0.350625	0.3575	0.364375	0.37125	0.378125	0.385	0.391875	0.39875	0.405625	0.4125	0.419375	0.419583	0.419792	0.42	0.420208	0.420417	0.420625	0.420833	0.421042	0.42125	0.421458	0.421667	0.421875	0.422083	0.422292	0.4225	0.422708	0.422917	0.423125	0.423333	0.423542	0.42375	0.423958	0.424167	0.424375	0.424583	0.424792	0.425	0.425208	0.425417	0.425625	0.425833	0.426042	0.42625	0.426458	0.426667	0.426875	0.427083	0.427292	0.4275	0.427708	0.427917	0.428125	0.428333	0.428542	0.42875	0.428958	0.429167	0.429375	0.429583	0.429792	0.43	0.430208	0.430417	0.430625	0.430833	0.431042	0.43125	0.431458	0.431667	0.431875	0.432083	0.432292	0.4325	0.432708	0.432917	0.433125	0.433333	0.433542	0.43375	0.433958	0.434167	0.434375	0.434583	0.434792	0.435	0.435208	0.435417	0.435625	0.429167	0.422708	0.41625	0.409792	0.403333	0.396875	0.390417	0.383958	0.3775	0.371042	0.364583	0.358125	0.351667	0.345208	0.33875	0.332292	0.325833	0.319375	0.312917	0.306458	0.3	0.293542	0.287083	0.280625	0.274167	0.267708	0.26125	0.254792	0.248333	0.241875	0.235417	0.228958	0.2225	0.216042	0.209583	0.203125	0.196667	0.190208	0.18375	0.177292	0.170833	0.164375	0.157917	0.151458	0.145	0.138542	0.132083	0.125625	0.119167	0.112708	0.10625	0.0997917	0.0933333	0.086875	0.0804167	0.0739583	0.0675	0.0610417	0.0545833	0.048125	0.0416667	0.0352083	0.02875	0.0222917	0.0158333	0.009375	0.00291667	-0.00354167	-0.01	-0.0164583	-0.0229167	-0.029375	-0.0358333	-0.0422917	-0.04875	-0.0552083	-0.0616667	-0.068125	-0.0745833	-0.0810417	-0.0875	-0.0939583	-0.100417	-0.106875	-0.113333	-0.119792	-0.12625	-0.132708	-0.139167	-0.145625	-0.152083	-0.158542	-0.165	-0.171458	-0.177917	-0.184375	-0.190833	-0.197292	-0.20375	-0.210208	-0.216667	-0.223125	-0.229583	-0.236042	-0.2425	-0.248958	-0.255417	-0.261875	-0.268333	-0.274792	-0.28125	-0.287708	-0.294167	-0.300625	-0.307083	-0.313542	-0.32	-0.326458	-0.332917	-0.339375	-0.345833	-0.352292	-0.35875	-0.365208	-0.371667	-0.378125	-0.384583	-0.391042	-0.3975	-0.403958	-0.410417	-0.416875	-0.423333	-0.429792	-0.43625	-0.442708	-0.449167	-0.455625	-0.462083	-0.468542	-0.475	-0.481458	-0.480104	-0.47875	-0.477396	-0.476042	-0.474688	-0.473333	-0.471979	-0.470625	-0.469271	-0.467917	-0.466563	-0.465208	-0.463854	-0.4625	-0.461146	-0.459792	-0.458437	-0.457083	-0.455729	-0.454375	-0.453021	-0.451667	-0.450312	-0.448958	-0.447604	-0.44625	-0.444896	-0.443542	-0.442187	-0.440833	-0.439479	-0.438125	-0.436771	-0.435417	-0.434062	-0.432708	-0.431354	-0.43	-0.428646	-0.427292	-0.425937	-0.424583	-0.423229	-0.421875	-0.420521	-0.419167	-0.417812	-0.416458	-0.415104	-0.41375	-0.412396	-0.411042	-0.409688	-0.408333	-0.406979	-0.405625	-0.404271	-0.402917	-0.401563	-0.400208	-0.398854	-0.3975	-0.396146	-0.394792	-0.393438	-0.392083	-0.390729	-0.389375	-0.388021	-0.386667	-0.385313	-0.383958	-0.382604	-0.38125	-0.379896	-0.378542	-0.377188	-0.375833	-0.366667	-0.3575	-0.348333	-0.339167	-0.33	-0.320833	-0.311667	-0.3025	-0.293333	-0.284167	-0.275	-0.265833	-0.256667	-0.2475	-0.238333	-0.229167	-0.22	-0.210833	-0.201667	-0.1925	-0.183333	-0.174167	-0.165	-0.155833	-0.146667	-0.1375	-0.128333	-0.119167	-0.11	-0.100833	-0.0916667	-0.0825	-0.0733333	-0.0641667	-0.055	-0.0458333	-0.0366667	-0.0275	-0.0183333	-0.00916667	0
0	0.006875	0.01375	0.020625	0.0275	0.034375	0.04125	0.048125	0.055	0.061875	0.06875	0.075625	0.0825	0.089375	0.09625	0.103125	0.11	0.116875	0.12375	0.130625	0.1375	0.144375	0.15125	0.158125	0.165	0.171875	0.17875	0.185625	0.1925	0.199375	0.20625	0.213125	0.22	0.226875	0.23375	0.240625	0.2475	0.254375	0.26125	0.268125	0.275	0.281875	0.28875	0.295625	0.3025	0.309375	0.31625	0.323125	0.33	0.336875	0.34375	0.350625	0.3575	0.364375	0.37125	0.378125	0.385	0.391875	0.39875	0.405625	0.4125	0.419375	0.42625	0.433125	0.44	0.446875	0.45375	0.460625	0.4675	0.474375	0.48125	0.488125	0.495	0.501875	0.50875	0.515625	0.5225	0.529375	0.53625	0.543125	0.55	0.556875	0.557083	0.557292	0.5575	0.557708	0.557917	0.558125	0.558333	0.558542	0.55875	0.558958	0.559167	0.559375	0.559583	0.559792	0.56	0.560208	0.560417	0.560625	0.560833	0.561042	0.56125	0.561458	0.561667	0.561875	0.562083	0.562292	0.5625	0.562708	0.562917	0.563125	0.563333	0.563542	0.56375	0.563958	0.564167	0.564375	0.564583	0.564792	0.558333	0.551875	0.545417	0.538958	0.5325	0.526042	0.519583	0.513125	0.506667	0.500208	0.49375	0.487292	0.480833	0.474375	0.467917	0.461458	0.455	0.448542	0.442083	0.435625	0.429167	0.422708	0.41625	0.409792	0.403333	0.396875	0.390417	0.383958	0.3775	0.371042	0.364583	0.358125	0.351667	0.345208	0.33875	0.332292	0.325833	0.319375	0.312917	0.306458	0.3	0.293542	0.287083	0.280625	0.274167	0.267708	0.26125	0.254792	0.248333	0.241875	0.235417	0.228958	0.2225	0.216042	0.209583	0.203125	0.196667	0.190208	0.18375	0.177292	0.170833	0.164375	0.157917	0.151458	0.145	0.138542	0.132083	0.125625	0.119167	0.112708	0.10625	0.0997917	0.0933333	0.086875	0.0804167	0.0739583	0.0675	0.0610417	0.0545833	0.048125	0.0416667	0.0352083	0.02875	0.0222917	0.0158333	0.009375	0.00291667	-0.00354167	-0.01	-0.0164583	-0.0229167	-0.029375	-0.0358333	-0.0422917	-0.04875	-0.0552083	-0.0616667	-0.068125	-0.0745833	-0.0810417	-0.0875	-0.0939583	-0.100417	-0.106875	-0.113333	-0.119792	-0.12625	-0.132708	-0.139167	-0.145625	-0.152083	-0.158542	-0.165	-0.171458	-0.177917	-0.184375	-0.190833	-0.197292	-0.20375	-0.210208	-0.216667	-0.223125	-0.229583	-0.236042	-0.2425	-0.248958	-0.255417	-0.261875	-0.268333	-0.274792	-0.28125	-0.287708	-0.294167	-0.300625	-0.307083	-0.313542	-0.32	-0.326458	-0.332917	-0.339375	-0.345833	-0.352292	-0.35875	-0.365208	-0.371667	-0.378125	-0.384583	-0.391042	-0.3975	-0.403958	-0.410417	-0.416875	-0.423333	-0.429792	-0.43625	-0.442708	-0.449167	-0.455625	-0.462083	-0.468542	-0.475	-0.481458	-0.487917	-0.494375	-0.500833	-0.507292	-0.51375	-0.520208	-0.526667	-0.533125	-0.539583	-0.546042	-0.5525	-0.558958	-0.565417	-0.571875	-0.578333	-0.584792	-0.59125	-0.597708	-0.604167	-0.610625	-0.609271	-0.607917	-0.606562	-0.605208	-0.603854	-0.6025	-0.601146	-0.599792	-0.598438	-0.597083	-0.595729	-0.594375	-0.593021	-0.591667	-0.590313	-0.588958	-0.587604	-0.58625	-0.584896	-0.583542	-0.582188	-0.580833	-0.579479	-0.578125	-0.576771	-0.575417	-0.574063	-0.572708	-0.571354	-0.57	-0.568646	-0.567292	-0.565938	-0.564583	-0.563229	-0.561875	-0.560521	-0.559167	-0.55	-0.540833	-0.531667	-0.5225	-0.513333	-0.504167	-0.495	-0.485833	-0.476667	-0.4675	-0.458333	-0.449167	-0.44	-0.430833	-0.421667	-0.4125	-0.403333	-0.394167	-0.385	-0.375833	-0.366667	-0.3575	-0.348333	-0.339167	-0.33	-0.320833	-0.311667	-0.3025	-0.293333	-0.284167	-0.275	-0.265833	-0.256667	-0.2475	-0.238333	-0.229167	-0.22	-0.210833	-0.201667	-0.1925	-0.183333	-0.174167	-0.165	-0.155833	-0.146667	-0.1375	-0.128333	-0.119167	-0.11	-0.100833	-0.0916667	-0.0825	-0.0733333	-0.0641667	-0.055	-0.0458333	-0.0366667	-0.0275	-0.0183333	-0.00916667	0
0	0.006875	0.01375	0.020625	0.0275	0.034375	0.04125	0.048125	0.055	0.061875	0.06875	0.075625	0.0825	0.089375	0.09625	0.103125	0.11	0.116875	0.12375	0.130625	0.1375	0.144375	0.15125	0.158125	0.165	0.171875	0.17875	0.185625	0.1925	0.199375	0.20625	0.213125	0.22	0.226875	0.23375	0.240625	0.2475	0.254375	0.26125	0.268125	0.275	0.281875	0.28875	0.295625	0.3025	0.309375	0.31625	0.323125	0.33	0.336875	0.34375	0.350625	0.3575	0.364375	0.37125	0.378125	0.385	0.391875	0.39875	0.405625	0.4125	0.419375	0.42625	0.433125	0.44	0.446875	0.45375	0.460625	0.4675	0.474375	0.48125	0.488125	0.495	0.501875	0.50875	0.515625	0.5225	0.529375	0.53625	0.543125	0.55	0.556875	0.56375	0.570625	0.5775	0.584375	0.59125	0.598125	0.605	0.611875	0.61875	0.625625	0.6325	0.639375	0.64625	0.653125	0.66	0.666875	0.67375	0.680625	0.680833	0.681042	0.674583	0.668125	0.661667	0.655208	0.64875	0.642292	0.635833	0.629375	0.622917	0.616458	0.61	0.603542	0.597083	0.590625	0.584167	0.577708	0.57125	0.564792	0.558333	0.551875	0.545417	0.538958	0.5325	0.526042	0.519583	0.513125	0.506667	0.500208	0.49375	0.487292	0.480833	0.474375	0.467917	0.461458	0.455	0.448542	0.442083	0.435625	0.429167	0.422708	0.41625	0.409792	0.403333	0.396875	0.390417	0.383958	0.3775	0.371042	0.364583	0.358125	0.351667	0.345208	0.33875	0.332292	0.325833	0.319375	0.312917	0.306458	0.3	0.293542	0.287083	0.280625	0.274167	0.267708	0.26125	0.254792	0.248333	0.241875	0.235417	0.228958	0.2225	0.216042	0.209583	0.203125	0.196667	0.190208	0.18375	0.177292	0.170833	0.164375	0.157917	0.151458	0.145	0.138542	0.132083	0.125625	0.119167	0.112708	0.10625	0.0997917	0.0933333	0.086875	0.0804167	0.0739583	0.0675	0.0610417	0.0545833	0.048125	0.0416667	0.0352083	0.02875	0.0222917	0.0158333	0.009375	0.00291667	-0.00354167	-0.01	-0.0164583	-0.0229167	-0.029375	-0.0358333	-0.0422917	-0.04875	-0.0552083	-0.0616667	-0.068125	-0.0745833	-0.0810417	-0.0875	-0.0939583	-0.100417	-0.106875	-0.113333	-0.119792	-0.12625	-0.132708	-0.139167	-0.145625	-0.152083	-0.158542	-0.165	-0.171458	-0.177917	-0.184375	-0.190833	-0.197292	-0.20375	-0.210208	-0.216667	-0.223125	-0.229583	-0.236042	-0.2425	-0.248958	-0.255417	-0.261875	-0.268333	-0.274792	-0.28125	-0.287708	-0.294167	-0.300625	-0.307083	-0.313542	-0.32	-0.326458	-0.332917	-0.339375	-0.345833	-0.352292	-0.35875	-0.365208	-0.371667	-0.378125	-0.384583	-0.391042	-0.3975	-0.403958	-0.410417	-0.416875	-0.423333	-0.429792	-0.43625	-0.442708	-0.449167	-0.455625	-0.462083	-0.468542	-0.475	-0.481458	-0.487917	-0.494375	-0.500833	-0.507292	-0.51375	-0.520208	-0.526667	-0.533125	-0.539583	-0.546042	-0.5525	-0.558958	-0.565417	-0.571875	-0.578333	-0.584792	-0.59125	-0.597708	-0.604167	-0.610625	-0.617083	-0.623542	-0.63	-0.636458	-0.642917	-0.649375	-0.655833	-0.662292	-0.66875	-0.675208	-0.681667	-0.688125	-0.694583	-0.701042	-0.7075	-0.713958	-0.720417	-0.726875	-0.725521	-0.724167	-0.715	-0.705833	-0.696667	-0.6875	-0.678333	-0.669167	-0.66	-0.650833	-0.641667	-0.6325	-0.623333	-0.614167	-0.605	-0.595833	-0.586667	-0.5775	-0.568333	-0.559167	-0.55	-0.540833	-0.531667	-0.5225	-0.513333	-0.504167	-0.495	-0.485833	-0.476667	-0.4675	-0.458333	-0.449167	-0.44	-0.430833	-0.421667	-0.4125	-0.403333	-0.394167	-0.385	-0.375833	-0.366667	-0.3575	-0.348333	-0.339167	-0.33	-0.320833	-0.311667	-0.3025	-0.293333	-0.284167	-0.275	-0.265833	-0.256667	-0.2475	-0.238333	-0.229167	-0.22	-0.210833	-0.201667	-0.1925	-0.183333	-0.174167	-0.165	-0.155833	-0.146667	-0.1375	-0.128333	-0.119167	-0.11	-0.100833	-0.0916667	-0.0825	-0.0733333	-0.0641667	-0.055	-0.0458333	-0.0366667	-0.0275	-0.0183333	-0.00916667	0
0	0.006875	0.01375	0.020625	0.0275	0.034375	0.04125	0.048125	0.055	0.061875	0.06875	0.075625	0.0825	0.089375	0.09625	0.103125	0.11	0.116875	0.12375	0.130625	0.1375	0.144375	0.15125	0.158125	0.165	0.171875	0.17875	0.185625	0.1925	0.199375	0.20625	0.213125	0.22	0.226875	0.23375	0.240625	0.2475	0.254375	0.26125	0.268125	0.275	0.281875	0.28875	0.295625	0.3025	0.309375	0.31625	0.323125	0.33	0.336875	0.34375	0.350625	0.3575	0.364375	0.37125	0.378125	0.385	0.391875	0.39875	0.405625	0.4125	0.419375	0.42625	0.433125	0.44	0.446875	0.45375	0.460625	0.4675	0.474375	0.48125	0.488125	0.495	0.501875	0.50875	0.515625	0.5225	0.529375	0.53625	0.543125	0.543333	0.543542	0.54375	0.543958	0.544167	0.544375	0.544583	0.544792	0.545	0.545208	0.545417	0.545625	0.545833	0.546042	0.54625	0.546458	0.546667	0.546875	0.547083	0.547292	0.5475	0.547708	0.547917	0.548125	0.548333	0.548542	0.54875	0.548958	0.549167	0.549375	0.549583	0.549792	0.55	0.550208	0.550417	0.550625	0.550833	0.551042	0.55125	0.551458	0.551667	0.551875	0.545417	0.538958	0.5325	0.526042	0.519583	0.513125	0.506667	0.500208	0.49375	0.487292	0.480833	0.474375	0.467917	0.461458	0.455	0.448542	0.442083	0.435625	0.429167	0.422708	0.41625	0.409792	0.403333	0.396875	0.390417	0.383958	0.3775	0.371042	0.364583	0.358125	0.351667	0.345208	0.33875	0.332292	0.325833	0.319375	0.312917	0.306458	0.3	0.293542	0.287083	0.280625	0.274167	0.267708	0.26125	0.254792	0.248333	0.241875	0.235417	0.228958	0.2225	0.216042	0.209583	0.203125	0.196667	0.190208	0.18375	0.177292	0.170833	0.164375	0.157917	0.151458	0.145	0.138542	0.132083	0.125625	0.119167	0.112708	0.10625	0.0997917	0.0933333	0.086875	0.0804167	0.0739583	0.0675	0.0610417	0.0545833	0.048125	0.0416667	0.0352083	0.02875	0.0222917	0.0158333	0.009375	0.00291667	-0.00354167	-0.01	-0.0164583	-0.0229167	-0.029375	-0.0358333	-0.0422917	-0.04875	-0.0552083	-0.0616667	-0.068125	-0.0745833	-0.0810417	-0.0875	-0.0939583	-0.100417	-0.106875	-0.113333	-0.119792	-0.12625	-0.132708	-0.139167	-0.145625	-0.152083	-0.158542	-0.165	-0.171458	-0.177917	-0.184375	-0.190833	-0.197292	-0.20375	-0.210208	-0.216667	-0.223125	-0.229583	-0.236042	-0.2425	-0.248958	-0.255417	-0.261875	-0.268333	-0.274792	-0.28125	-0.287708	-0.294167	-0.300625	-0.307083	-0.313542	-0.32	-0.326458	-0.332917	-0.339375	-0.345833	-0.352292	-0.35875	-0.365208	-0.371667	-0.378125	-0.384583	-0.391042	-0.3975	-0.403958	-0.410417	-0.416875	-0.423333	-0.429792	-0.43625	-0.442708	-0.449167	-0.455625	-0.462083	-0.468542	-0.475	-0.481458	-0.487917	-0.494375	-0.500833	-0.507292	-0.51375	-0.520208	-0.526667	-0.533125	-0.539583	-0.546042	-0.5525	-0.558958	-0.565417	-0.571875	-0.578333	-0.584792	-0.59125	-0.597708	-0.596354	-0.595	-0.593646	-0.592292	-0.590938	-0.589583	-0.588229	-0.586875	-0.585521	-0.584167	-0.582813	-0.581458	-0.580104	-0.57875	-0.577396	-0.576042	-0.574688	-0.573333	-0.571979	-0.570625	-0.569271	-0.567917	-0.566563	-0.565208	-0.563854	-0.5625	-0.561146	-0.559792	-0.558438	-0.557083	-0.555729	-0.554375	-0.553021	-0.551667	-0.550312	-0.548958	-0.547604	-0.54625	-0.544896	-0.543542	-0.542188	-0.540833	-0.531667	-0.5225	-0.513333	-0.504167	-0.495	-0.485833	-0.476667	-0.4675	-0.458333	-0.449167	-0.44	-0.430833	-0.421667	-0.4125	-0.403333	-0.394167	-0.385	-0.375833	-0.366667	-0.3575	-0.348333	-0.339167	-0.33	-0.320833	-0.311667	-0.3025	-0.293333	-0.284167	-0.275	-0.265833	-0.256667	-0.2475	-0.238333	-0.229167	-0.22	-0.210833	-0.201667	-0.1925	-0.183333	-0.174167	-0.165	-0.155833	-0.146667	-0.1375	-0.128333	-0.119167	-0.11	-0.100833	-0.0916667	-0.0825	-0.0733333	-0.0641667	-0.055	-0.0458333	-0.0366667	-0.0275	-0.0183333	-0.00916667	0
0	0.006875	0.01375	0.020625	0.0275	0.034375	0.04125	0.048125	0.055	0.061875	0.06875	0.075625	0.0825	0.089375	0.09625	0.103125	0.11	0.116875	0.12375	0.130625	0.1375	0.144375	0.15125	0.158125	0.165	0.171875	0.17875	0.185625	0.1925	0.199375	0.20625	0.213125	0.22	0.226875	0.23375	0.240625	0.2475	0.254375	0.26125	0.268125	0.275	0.281875	0.28875	0.295625	0.3025	0.309375	0.31625	0.323125	0.33	0.336875	0.34375	0.350625	0.3575	0.364375	0.37125	0.378125	0.385	0.391875	0.39875	0.405625	0.405833	0.406042	0.40625	0.406458	0.406667	0.406875	0.407083	0.407292	0.4075	0.407708	0.407917	0.408125	0.408333	0.408542	0.40875	0.408958	0.409167	0.409375	0.409583	0.409792	0.41	0.410208	0.410417	0.410625	0.410833	0.411042	0.41125	0.411458	0.411667	0.411875	0.412083	0.412292	0.4125	0.412708	0.412917	0.413125	0.413333	0.413542	0.41375	0.413958	0.414167	0.414375	0.414583	0.414792	0.415	0.415208	0.415417	0.415625	0.415833	0.416042	0.41625	0.416458	0.416667	0.416875	0.417083	0.417292	0.4175	0.417708	0.417917	0.418125	0.418333	0.418542	0.41875	0.418958	0.419167	0.419375	0.419583	0.419792	0.42	0.420208	0.420417	0.420625	0.420833	0.421042	0.42125	0.421458	0.421667	0.421875	0.422083	0.422292	0.4225	0.422708	0.41625	0.409792	0.403333	0.396875	0.390417	0.383958	0.3775	0.371042	0.364583	0.358125	0.351667	0.345208	0.33875	0.332292	0.325833	0.319375	0.312917	0.306458	0.3	0.293542	0.287083	0.280625	0.274167	0.267708	0.26125	0.254792	0.248333	0.241875	0.235417	0.228958	0.2225	0.216042	0.209583	0.203125	0.196667	0.190208	0.18375	0.177292	0.170833	0.164375	0.157917	0.151458	0.145	0.138542	0.132083	0.125625	0.119167	0.112708	0.10625	0.0997917	0.0933333	0.086875	0.0804167	0.0739583	0.0675	0.0610417	0.0545833	0.048125	0.0416667	0.0352083	0.02875	0.0222917	0.0158333	0.009375	0.00291667	-0.00354167	-0.01	-0.0164583	-0.0229167	-0.029375	-0.0358333	-0.0422917	-0.04875	-0.0552083	-0.0616667	-0.068125	-0.0745833	-0.0810417	-0.0875	-0.0939583	-0.100417	-0.106875	-0.113333	-0.119792	-0.12625	-0.132708	-0.139167	-0.145625	-0.152083	-0.158542	-0.165	-0.171458	-0.177917	-0.184375	-0.190833	-0.197292	-0.20375	-0.210208	-0.216667	-0.223125	-0.229583	-0.236042	-0.2425	-0.248958	-0.255417	-0.261875	-0.268333	-0.274792	-0.28125	-0.287708	-0.294167	-0.300625	-0.307083	-0.313542	-0.32	-0.326458	-0.332917	-0.339375	-0.345833	-0.352292	-0.35875	-0.365208	-0.371667	-0.378125	-0.384583	-0.391042	-0.3975	-0.403958	-0.410417	-0.416875	-0.423333	-0.429792	-0.43625	-0.442708	-0.449167	-0.455625	-0.462083	-0.468542	-0.467188	-0.465833	-0.464479	-0.463125	-0.461771	-0.460417	-0.459063	-0.457708	-0.456354	-0.455	-0.453646	-0.452292	-0.450938	-0.449583	-0.448229	-0.446875	-0.445521	-0.444167	-0.442813	-0.441458	-0.440104	-0.43875	-0.437396	-0.436042	-0.434688	-0.433333	-0.431979	-0.430625	-0.429271	-0.427917	-0.426563	-0.425208	-0.423854	-0.4225	-0.421146	-0.419792	-0.418437	-0.417083	-0.415729	-0.414375	-0.413021	-0.411667	-0.410312	-0.408958	-0.407604	-0.40625	-0.404896	-0.403542	-0.402187	-0.400833	-0.399479	-0.398125	-0.396771	-0.395417	-0.394062	-0.392708	-0.391354	-0.39	-0.388646	-0.387292	-0.385938	-0.384583	-0.383229	-0.381875	-0.380521	-0.379167	-0.377813	-0.376458	-0.375104	-0.37375	-0.372396	-0.371042	-0.369688	-0.368333	-0.366979	-0.365625	-0.364271	-0.362917	-0.361563	-0.360208	-0.358854	-0.3575	-0.348333	-0.339167	-0.33	-0.320833	-0.311667	-0.3025	-0.293333	-0.284167	-0.275	-0.265833	-0.256667	-0.2475	-0.238333	-0.229167	-0.22	-0.210833	-0.201667	-0.1925	-0.183333	-0.174167	-0.165	-0.155833	-0.146667	-0.1375	-0.128333	-0.119167	-0.11	-0.100833	-0.0916667	-0.0825	-0.0733333	-0.0641667	-0.055	-0.0458333	-0.0366667	-0.0275	-0.0183333	-0.00916667	0
0	0.006875	0.01375	0.020625	0.0275	0.034375	0.04125	0.048125	0.055	0.061875	0.06875	0.075625	0.0825	0.089375	0.09625	0.103125	0.11	0.116875	0.12375	0.130625	0.1375	0.144375	0.15125	0.158125	0.165	0.171875	0.17875	0.185625	0.1925	0.199375	0.20625	0.213125	0.22	0.226875	0.23375	0.240625	0.2475	0.254375	0.26125	0.268125	0.268333	0.268542	0.26875	0.268958	0.269167	0.269375	0.269583	0.269792	0.27	0.270208	0.270417	0.270625	0.270833	0.271042	0.27125	0.271458	0.271667	0.271875	0.272083	0.272292	0.2725	0.272708	0.272917	0.273125	0.273333	0.273542	0.27375	0.273958	0.274167	0.274375	0.274583	0.274792	0.275	0.275208	0.275417	0.275625	0.275833	0.276042	0.27625	0.276458	0.276667	0.276875	0.277083	0.277292	0.2775	0.277708	0.277917	0.278125	0.278333	0.278542	0.27875	0.278958	0.279167	0.279375	0.279583	0.279792	0.28	0.280208	0.280417	0.280625	0.280833	0.281042	0.28125	0.281458	0.281667	0.281875	0.282083	0.282292	0.2825	0.282708	0.282917	0.283125	0.283333	0.283542	0.28375	0.283958	0.284167	0.284375	0.284583	0.284792	0.285	0.285208	0.285417	0.285625	0.285833	0.286042	0.28625	0.286458	0.286667	0.286875	0.287083	0.287292	0.2875	0.287708	0.287917	0.288125	0.288333	0.288542	0.28875	0.288958	0.289167	0.289375	0.289583	0.289792	0.29	0.290208	0.290417	0.290625	0.290833	0.291042	0.29125	0.291458	0.291667	0.291875	0.292083	0.292292	0.2925	0.292708	0.292917	0.293125	0.293333	0.293542	0.287083	0.280625	0.274167	0.267708	0.26125	0.254792	0.248333	0.241875	0.235417	0.228958	0.2225	0.216042	0.209583	0.203125	0.196667	0.190208	0.18375	0.177292	0.170833	0.164375	0.157917	0.151458	0.145	0.138542	0.132083	0.125625	0.119167	0.112708	0.10625	0.0997917	0.0933333	0.086875	0.0804167	0.0739583	0.0675	0.0610417	0.0545833	0.048125	0.0416667	0.0352083	0.02875	0.0222917	0.0158333	0.009375	0.00291667	-0.00354167	-0.01	-0.0164583	-0.0229167	-0.029375	-0.0358333	-0.0422917	-0.04875	-0.0552083	-0.0616667	-0.068125	-0.0745833	-0.0810417	-0.0875	-0.0939583	-0.100417	-0.106875	-0.113333	-0.119792	-0.12625	-0.132708	-0.139167	-0.145625	-0.152083	-0.158542	-0.165	-0.171458	-0.177917	-0.184375	-0.190833	-0.197292	-0.20375	-0.210208	-0.216667	-0.223125	-0.229583	-0.236042	-0.2425	-0.248958	-0.255417	-0.261875	-0.268333	-0.274792	-0.28125	-0.287708	-0.294167	-0.300625	-0.307083	-0.313542	-0.32	-0.326458	-0.332917	-0.339375	-0.338021	-0.336667	-0.335313	-0.333958	-0.332604	-0.33125	-0.329896	-0.328542	-0.327188	-0.325833	-0.324479	-0.323125	-0.321771	-0.320417	-0.319063	-0.317708	-0.316354	-0.315	-0.313646	-0.312292	-0.310938	-0.309583	-0.308229	-0.306875	-0.305521	-0.304167	-0.302813	-0.301458	-0.300104	-0.29875	-0.297396	-0.296042	-0.294688	-0.293333	-0.291979	-0.290625	-0.289271	-0.287917	-0.286562	-0.285208	-0.283854	-0.2825	-0.281146	-0.279792	-0.278437	-0.277083	-0.275729	-0.274375	-0.273021	-0.271667	-0.270312	-0.268958	-0.267604	-0.26625	-0.264896	-0.263542	-0.262188	-0.260833	-0.259479	-0.258125	-0.256771	-0.255417	-0.254063	-0.252708	-0.251354	-0.25	-0.248646	-0.247292	-0.245938	-0.244583	-0.243229	-0.241875	-0.240521	-0.239167	-0.237812	-0.236458	-0.235104	-0.23375	-0.232396	-0.231042	-0.229687	-0.228333	-0.226979	-0.225625	-0.224271	-0.222917	-0.221562	-0.220208	-0.218854	-0.2175	-0.216146	-0.214792	-0.213437	-0.212083	-0.210729	-0.209375	-0.208021	-0.206667	-0.205312	-0.203958	-0.202604	-0.20125	-0.199896	-0.198542	-0.197187	-0.195833	-0.194479	-0.193125	-0.191771	-0.190417	-0.189062	-0.187708	-0.186354	-0.185	-0.183646	-0.182292	-0.180938	-0.179583	-0.178229	-0.176875	-0.175521	-0.174167	-0.165	-0.155833	-0.146667	-0.1375	-0.128333	-0.119167	-0.11	-0.100833	-0.0916667	-0.0825	-0.0733333	-0.0641667	-0.055	-0.0458333	-0.0366667	-0.0275	-0.0183333	-0.00916667	0
0	0.006875	0.01375	0.020625	0.0275	0.034375	0.04125	0.048125	0.055	0.061875	0.06875	0.075625	0.0825	0.089375	0.09625	0.103125	0.11	0.116875	0.12375	0.130625	0.130833	0.131042	0.13125	0.131458	0.131667	0.131875	0.132083	0.132292	0.1325	0.132708	0.132917	0.133125	0.133333	0.133542	0.13375	0.133958	0.134167	0.134375	0.134583	0.134792	0.135	0.135208	0.135417	0.135625	0.135833	0.136042	0.13625	0.136458	0.136667	0.136875	0.137083	0.137292	0.1375	0.137708	0.137917	0.138125	0.138333	0.138542	0.13875	0.138958	0.139167	0.139375	0.139583	0.139792	0.14	0.140208	0.140417	0.140625	0.140833	0.141042	0.14125	0.141458	0.141667	0.141875	0.142083	0.142292	0.1425	0.142708	0.142917	0.143125	0.143333	0.143542	0.14375	0.143958	0.144167	0.144375	0.144583	0.144792	0.145	0.145208	0.145417	0.145625	0.145833	0.146042	0.14625	0.146458	0.146667	0.146875	0.147083	0.147292	0.1475	0.147708	0.147917	0.148125	0.148333	0.148542	0.14875	0.148958	0.149167	0.149375	0.149583	0.149792	0.15	0.150208	0.150417	0.150625	0.150833	0.151042	0.15125	0.151458	0.151667	0.151875	0.152083	0.152292	0.1525	0.152708	0.152917	0.153125	0.153333	0.153542	0.15375	0.153958	0.154167	0.154375	0.154583	0.154792	0.155	0.155208	0.155417	0.155625	0.155833	0.156042	0.15625	0.156458	0.156667	0.156875	0.157083	0.157292	0.1575	0.157708	0.157917	0.158125	0.158333	0.158542	0.15875	0.158958	0.159167	0.159375	0.159583	0.159792	0.16	0.160208	0.160417	0.160625	0.160833	0.161042	0.16125	0.161458	0.161667	0.161875	0.162083	0.162292	0.1625	0.162708	0.162917	0.163125	0.163333	0.163542	0.16375	0.163958	0.164167	0.164375	0.157917	0.151458	0.145	0.138542	0.132083	0.125625	0.119167	0.112708	0.10625	0.0997917	0.0933333	0.086875	0.0804167	0.0739583	0.0675	0.0610417	0.0545833	0.048125	0.0416667	0.0352083	0.02875	0.0222917	0.0158333	0.009375	0.00291667	-0.00354167	-0.01	-0.0164583	-0.0229167	-0.029375	-0.0358333	-0.0422917	-0.04875	-0.0552083	-0.0616667	-0.068125	-0.0745833	-0.0810417	-0.0875	-0.0939583	-0.100417	-0.106875	-0.113333	-0.119792	-0.12625	-0.132708	-0.139167	-0.145625	-0.152083	-0.158542	-0.165	-0.171458	-0.177917	-0.184375	-0.190833	-0.197292	-0.20375	-0.210208	-0.208854	-0.2075	-0.206146	-0.204792	-0.203438	-0.202083	-0.200729	-0.199375	-0.198021	-0.196667	-0.195313	-0.193958	-0.192604	-0.19125	-0.189896	-0.188542	-0.187188	-0.185833	-0.184479	-0.183125	-0.181771	-0.180417	-0.179063	-0.177708	-0.176354	-0.175	-0.173646	-0.172292	-0.170938	-0.169583	-0.168229	-0.166875	-0.165521	-0.164167	-0.162813	-0.161458	-0.160104	-0.15875	-0.157396	-0.156042	-0.154688	-0.153333	-0.151979	-0.150625	-0.149271	-0.147917	-0.146563	-0.145208	-0.143854	-0.1425	-0.141146	-0.139792	-0.138438	-0.137083	-0.135729	-0.134375	-0.133021	-0.131667	-0.130313	-0.128958	-0.127604	-0.12625	-0.124896	-0.123542	-0.122188	-0.120833	-0.119479	-0.118125	-0.116771	-0.115417	-0.114063	-0.112708	-0.111354	-0.11	-0.108646	-0.107292	-0.105937	-0.104583	-0.103229	-0.101875	-0.100521	-0.0991667	-0.0978125	-0.0964583	-0.0951042	-0.09375	-0.0923958	-0.0910417	-0.0896875	-0.0883333	-0.0869792	-0.085625	-0.0842708	-0.0829167	-0.0815625	-0.0802083	-0.0788542	-0.0775	-0.0761458	-0.0747917	-0.0734375	-0.0720833	-0.0707292	-0.069375	-0.0680208	-0.0666667	-0.0653125	-0.0639583	-0.0626042	-0.06125	-0.0598958	-0.0585417	-0.0571875	-0.0558333	-0.0544792	-0.053125	-0.0517708	-0.0504167	-0.0490625	-0.0477083	-0.0463542	-0.045	-0.0436458	-0.0422917	-0.0409375	-0.0395833	-0.0382292	-0.036875	-0.0355208	-0.0341667	-0.0328125	-0.0314583	-0.0301042	-0.02875	-0.0273958	-0.0260417	-0.0246875	-0.0233333	-0.0219792	-0.020625	-0.0192708	-0.0179167	-0.0165625	-0.0152083	-0.0138542	-0.0125	-0.0111458	-0.00979167	-0.0084375	-0.00708333	-0.00572917	-0.004375	-0.00302083	-0.00166667	-0.0003125	0.00104167	0.00239583	0.00375	0.00510417	0.00645833	0
0	-0.00645833	-0.00625	-0.00604167	-0.00583333	-0.005625	-0.00541667	-0.00520833	-0.005	-0.00479167	-0.00458333	-0.004375	-0.00416667	-0.00395833	-0.00375	-0.00354167	-0.00333333	-0.003125	-0.00291667	-0.00270833	-0.0025	-0.00229167	-0.00208333	-0.001875	-0.00166667	-0.00145833	-0.00125	-0.00104167	-0.000833333	-0.000625	-0.000416667	-0.000208333	8.88178e-16	0.000208333	0.000416667	0.000625	0.000833333	0.00104167	0.00125	0.00145833	0.00166667	0.001875	0.00208333	0.00229167	0.0025	0.00270833	0.00291667	0.003125	0.00333333	0.00354167	0.00375	0.00395833	0.00416667	0.004375	0.00458333	0.00479167	0.005	0.00520833	0.00541667	0.005625	0.00583333	0.00604167	0.00625	0.00645833	0.00666667	0.006875	0.00708333	0.00729167	0.0075	0.00770833	0.00791667	0.008125	0.00833333	0.00854167	0.00875	0.00895833	0.00916667	0.009375	0.00958333	0.00979167	0.01	0.0102083	0.0104167	0.010625	0.0108333	0.0110417	0.01125	0.0114583	0.0116667	0.011875	0.0120833	0.0122917	0.0125	0.0127083	0.0129167	0.013125	0.0133333	0.0135417	0.01375	0.0139583	0.0141667	0.014375	0.0145833	0.0147917	0.015	0.0152083	0.0154167	0.015625	0.0158333	0.0160417	0.01625	0.0164583	0.0166667	0.016875	0.0170833	0.0172917	0.0175	0.0177083	0.0179167	0.018125	0.0183333	0.0185417	0.01875	0.0189583	0.0191667	0.019375	0.0195833	0.0197917	0.02	0.0202083	0.0204167	0.020625	0.0208333	0.0210417	0.02125	0.0214583	0.0216667	0.021875	0.0220833	0.0222917	0.0225	0.0227083	0.0229167	0.023125	0.0233333	0.0235417	0.02375	0.0239583	0.0241667	0.024375	0.0245833	0.0247917	0.025	0.0252083	0.0254167	0.025625	0.0258333	0.0260417	0.02625	0.0264583	0.0266667	0.026875	0.0270833	0.0272917	0.0275	0.0277083	0.0279167	0.028125	0.0283333	0.0285417	0.02875	0.0289583	0.0291667	0.029375	0.0295833	0.0297917	0.03	0.0302083	0.0304167	0.030625	0.0308333	0.0310417	0.03125	0.0314583	0.0316667	0.031875	0.0320833	0.0322917	0.0325	0.0327083	0.0329167	0.033125	0.0333333	0.0335417	0.03375	0.0339583	0.0341667	0.034375	0.0345833	0.0347917	0.035	0.0352083	0.02875	0.0222917	0.0158333	0.009375	0.00291667	-0.00354167	-0.01	-0.0164583	-0.0229167	-0.029375	-0.0358333	-0.0422917	-0.04875	-0.0552083	-0.0616667	-0.068125	-0.0745833	-0.0810417	-0.0796875	-0.0783333	-0.0769792	-0.075625	-0.0742708	-0.0729167	-0.0715625	-0.0702083	-0.0688542	-0.0675	-0.0661458	-0.0647917	-0.0634375	-0.0620833	-0.0607292	-0.059375	-0.0580208	-0.0566667	-0.0553125	-0.0539583	-0.0526042	-0.05125	-0.0498958	-0.0485417	-0.0471875	-0.0458333	-0.0444792	-0.043125	-0.0417708	-0.0404167	-0.0390625	-0.0377083	-0.0363542	-0.035	-0.0336458	-0.0322917	-0.0309375	-0.0295833	-0.0282292	-0.026875	-0.0255208	-0.0241667	-0.0228125	-0.0214583	-0.0201042	-0.01875	-0.0173958	-0.0160417	-0.0146875	-0.0133333	-0.0119792	-0.010625	-0.00927083	-0.00791667	-0.0065625	-0.00520833	-0.00385417	-0.0025	-0.00114583	0.000208333	0.0015625	0.00291667	0.00427083	0.005625	0.00697917	0.00833333	0.0096875	0.0110417	0.0123958	0.01375	0.0151042	0.0164583	0.0178125	0.0191667	0.0205208	0.021875	0.0232292	0.0245833	0.0259375	0.0272917	0.0286458	0.03	0.0313542	0.0327083	0.0340625	0.0354167	0.0367708	0.038125	0.0394792	0.0408333	0.0421875	0.0435417	0.0448958	0.04625	0.0476042	0.0489583	0.0503125	0.0516667	0.0530208	0.054375	0.0557292	0.0570833	0.0584375	0.0597917	0.0611458	0.0625	0.0638542	0.0652083	0.0665625	0.0679167	0.0692708	0.070625	0.0719792	0.0733333	0.0746875	0.0760417	0.0773958	0.07875	0.0801042	0.0814583	0.0828125	0.0841667	0.0855208	0.086875	0.0882292	0.0895833	0.0909375	0.0922917	0.0936458	0.095	0.0963542	0.0977083	0.0990625	0.100417	0.101771	0.103125	0.104479	0.105833	0.107187	0.108542	0.109896	0.11125	0.112604	0.113958	0.115312	0.116667	0.118021	0.119375	0.120729	0.122083	0.123438	0.124792	0.126146	0.1275	0.128854	0.130208	0.131563	0.132917	0.134271	0.135625	0.129167	0.122708	0.11625	0.109792	0.103333	0.096875	0.0904167	0.0839583	0.0775	0.0710417	0.0645833	0.058125	0.0516667	0.0452083	0.03875	0.0322917	0.0258333	0.019375	0.0129167	0.00645833	0
0	-0.00645833	-0.0129167	-0.019375	-0.0258333	-0.0322917	-0.03875	-0.0452083	-0.0516667	-0.058125	-0.0645833	-0.0710417	-0.0775	-0.0839583	-0.0904167	-0.096875	-0.103333	-0.109792	-0.11625	-0.122708	-0.129167	-0.135625	-0.135417	-0.135208	-0.135	-0.134792	-0.134583	-0.134375	-0.134167	-0.133958	-0.13375	-0.133542	-0.133333	-0.133125	-0.132917	-0.132708	-0.1325	-0.132292	-0.132083	-0.131875	-0.131667	-0.131458	-0.13125	-0.131042	-0.130833	-0.130625	-0.130417	-0.130208	-0.13	-0.129792	-0.129583	-0.129375	-0.129167	-0.128958	-0.12875	-0.128542	-0.128333	-0.128125	-0.127917	-0.127708	-0.1275	-0.127292	-0.127083	-0.126875	-0.126667	-0.126458	-0.12625	-0.126042	-0.125833	-0.125625	-0.125417	-0.125208	-0.125	-0.124792	-0.124583	-0.124375	-0.124167	-0.123958	-0.12375	-0.123542	-0.123333	-0.123125	-0.122917	-0.122708	-0.1225	-0.122292	-0.122083	-0.121875	-0.121667	-0.121458	-0.12125	-0.121042	-0.120833	-0.120625	-0.120417	-0.120208	-0.12	-0.119792	-0.119583	-0.119375	-0.119167	-0.118958	-0.11875	-0.118542	-0.118333	-0.118125	-0.117917	-0.117708	-0.1175	-0.117292	-0.117083	-0.116875	-0.116667	-0.116458	-0.11625	-0.116042	-0.115833	-0.115625	-0.115417	-0.115208	-0.115	-0.114792	-0.114583	-0.114375	-0.114167	-0.113958	-0.11375	-0.113542	-0.113333	-0.113125	-0.112917	-0.112708	-0.1125	-0.112292	-0.112083	-0.111875	-0.111667	-0.111458	-0.11125	-0.111042	-0.110833	-0.110625	-0.110417	-0.110208	-0.11	-0.109792	-0.109583	-0.109375	-0.109167	-0.108958	-0.10875	-0.108542	-0.108333	-0.108125	-0.107917	-0.107708	-0.1075	-0.107292	-0.107083	-0.106875	-0.106667	-0.106458	-0.10625	-0.106042	-0.105833	-0.105625	-0.105417	-0.105208	-0.105	-0.104792	-0.104583	-0.104375	-0.104167	-0.103958	-0.10375	-0.103542	-0.103333	-0.103125	-0.102917	-0.102708	-0.1025	-0.102292	-0.102083	-0.101875	-0.101667	-0.101458	-0.10125	-0.101042	-0.100833	-0.100625	-0.100417	-0.100208	-0.1	-0.0997917	-0.0995833	-0.099375	-0.0991667	-0.0989583	-0.09875	-0.0985417	-0.0905208	-0.0825	-0.0744792	-0.0664583	-0.0584375	-0.0504167	-0.0423958	-0.034375	-0.0263542	-0.0183333	-0.0103125	-0.00229167	0.00572917	0.01375	0.0217708	0.0297917	0.0378125	0.0458333	0.0538542	0.061875	0.0698958	0.0779167	0.0792708	0.080625	0.0819792	0.0833333	0.0846875	0.0860417	0.0873958	0.08875	0.0901042	0.0914583	0.0928125	0.0941667	0.0955208	0.096875	0.0982292	0.0995833	0.100938	0.102292	0.103646	0.105	0.106354	0.107708	0.109063	0.110417	0.111771	0.113125	0.114479	0.115833	0.117188	0.118542	0.119896	0.12125	0.122604	0.123958	0.125313	0.126667	0.128021	0.129375	0.130729	0.132083	0.133438	0.134792	0.136146	0.1375	0.138854	0.140208	0.141563	0.142917	0.144271	0.145625	0.146979	0.148333	0.149687	0.151042	0.152396	0.15375	0.155104	0.156458	0.157812	0.159167	0.160521	0.161875	0.163229	0.164583	0.165937	0.167292	0.168646	0.17	0.171354	0.172708	0.174062	0.175417	0.176771	0.178125	0.179479	0.180833	0.182187	0.183542	0.184896	0.18625	0.187604	0.188958	0.190312	0.191667	0.193021	0.194375	0.195729	0.197083	0.198437	0.199792	0.201146	0.2025	0.203854	0.205208	0.206562	0.207917	0.209271	0.210625	0.211979	0.213333	0.214687	0.216042	0.217396	0.21875	0.220104	0.221458	0.222812	0.224167	0.225521	0.226875	0.228229	0.229583	0.230937	0.232292	0.233646	0.235	0.236354	0.237708	0.239062	0.240417	0.241771	0.243125	0.244479	0.245833	0.247187	0.248542	0.249896	0.25125	0.252604	0.253958	0.255313	0.256667	0.258021	0.259375	0.260729	0.262083	0.263438	0.264792	0.258333	0.251875	0.245417	0.238958	0.2325	0.226042	0.219583	0.213125	0.206667	0.200208	0.19375	0.187292	0.180833	0.174375	0.167917	0.161458	0.155	0.148542	0.142083	0.135625	0.129167	0.122708	0.11625	0.109792	0.103333	0.096875	0.0904167	0.0839583	0.0775	0.0710417	0.0645833	0.058125	0.0516667	0.0452083	0.03875	0.0322917	0.0258333	0.019375	0.0129167	0.00645833	0
0	-0.00645833	-0.0129167	-0.019375	-0.0258333	-0.0322917	-0.03875	-0.0452083	-0.0516667	-0.058125	-0.0645833	-0.0710417	-0.0775	-0.0839583	-0.0904167	-0.096875	-0.103333	-0.109792	-0.11625	-0.122708	-0.129167	-0.135625	-0.142083	-0.148542	-0.155	-0.161458	-0.167917	-0.174375	-0.180833	-0.187292	-0.19375	-0.200208	-0.206667	-0.213125	-0.219583	-0.226042	-0.2325	-0.238958	-0.245417	-0.251875	-0.258333	-0.264792	-0.264583	-0.264375	-0.264167	-0.263958	-0.26375	-0.263542	-0.263333	-0.263125	-0.262917	-0.262708	-0.2625	-0.262292	-0.262083	-0.261875	-0.261667	-0.261458	-0.26125	-0.261042	-0.260833	-0.260625	-0.260417	-0.260208	-0.26	-0.259792	-0.259583	-0.259375	-0.259167	-0.258958	-0.25875	-0.258542	-0.258333	-0.258125	-0.257917	-0.257708	-0.2575	-0.257292	-0.257083	-0.256875	-0.256667	-0.256458	-0.25625	-0.256042	-0.255833	-0.255625	-0.255417	-0.255208	-0.255	-0.254792	-0.254583	-0.254375	-0.254167	-0.253958	-0.25375	-0.253542	-0.253333	-0.253125	-0.252917	-0.252708	-0.2525	-0.252292	-0.252083	-0.251875	-0.251667	-0.251458	-0.25125	-0.251042	-0.250833	-0.250625	-0.250417	-0.250208	-0.25	-0.249792	-0.249583	-0.249375	-0.249167	-0.248958	-0.24875	-0.248542	-0.248333	-0.248125	-0.247917	-0.247708	-0.2475	-0.247292	-0.247083	-0.246875	-0.246667	-0.246458	-0.24625	-0.246042	-0.245833	-0.245625	-0.245417	-0.245208	-0.245	-0.244792	-0.244583	-0.244375	-0.244167	-0.243958	-0.24375	-0.243542	-0.243333	-0.243125	-0.242917	-0.242708	-0.2425	-0.242292	-0.242083	-0.241875	-0.241667	-0.241458	-0.24125	-0.241042	-0.240833	-0.240625	-0.240417	-0.240208	-0.24	-0.239792	-0.239583	-0.239375	-0.239167	-0.238958	-0.23875	-0.238542	-0.238333	-0.238125	-0.237917	-0.237708	-0.2375	-0.237292	-0.237083	-0.236875	-0.236667	-0.236458	-0.23625	-0.236042	-0.228021	-0.22	-0.211979	-0.203958	-0.195937	-0.187917	-0.179896	-0.171875	-0.163854	-0.155833	-0.147812	-0.139792	-0.131771	-0.12375	-0.115729	-0.107708	-0.0996875	-0.0916667	-0.0836458	-0.075625	-0.0676042	-0.0595833	-0.0515625	-0.0435417	-0.0355208	-0.0275	-0.0194792	-0.0114583	-0.0034375	0.00458333	0.0126042	0.020625	0.0286458	0.0366667	0.0446875	0.0527083	0.0607292	0.06875	0.0767708	0.0847917	0.0928125	0.100833	0.108854	0.116875	0.124896	0.132917	0.140937	0.148958	0.156979	0.165	0.173021	0.181042	0.189062	0.197083	0.205104	0.213125	0.221146	0.229167	0.237187	0.245208	0.253229	0.26125	0.262604	0.263958	0.265312	0.266667	0.268021	0.269375	0.270729	0.272083	0.273437	0.274792	0.276146	0.2775	0.278854	0.280208	0.281563	0.282917	0.284271	0.285625	0.286979	0.288333	0.289688	0.291042	0.292396	0.29375	0.295104	0.296458	0.297813	0.299167	0.300521	0.301875	0.303229	0.304583	0.305938	0.307292	0.308646	0.31	0.311354	0.312708	0.314063	0.315417	0.316771	0.318125	0.319479	0.320833	0.322188	0.323542	0.324896	0.32625	0.327604	0.328958	0.330312	0.331667	0.333021	0.334375	0.335729	0.337083	0.338437	0.339792	0.341146	0.3425	0.343854	0.345208	0.346562	0.347917	0.349271	0.350625	0.351979	0.353333	0.354687	0.356042	0.357396	0.35875	0.360104	0.361458	0.362812	0.364167	0.365521	0.366875	0.368229	0.369583	0.370937	0.372292	0.373646	0.375	0.376354	0.377708	0.379062	0.380417	0.381771	0.383125	0.384479	0.385833	0.387187	0.388542	0.389896	0.39125	0.392604	0.393958	0.3875	0.381042	0.374583	0.368125	0.361667	0.355208	0.34875	0.342292	0.335833	0.329375	0.322917	0.316458	0.31	0.303542	0.297083	0.290625	0.284167	0.277708	0.27125	0.264792	0.258333	0.251875	0.245417	0.238958	0.2325	0.226042	0.219583	0.213125	0.206667	0.200208	0.19375	0.187292	0.180833	0.174375	0.167917	0.161458	0.155	0.148542	0.142083	0.135625	0.129167	0.122708	0.11625	0.109792	0.103333	0.096875	0.0904167	0.0839583	0.0775	0.0710417	0.0645833	0.058125	0.0516667	0.0452083	0.03875	0.0322917	0.0258333	0.019375	0.0129167	0.00645833	0
0	-0.00645833	-0.0129167	-0.019375	-0.0258333	-0.0322917	-0.03875	-0.0452083	-0.0516667	-0.058125	-0.0645833	-0.0710417	-0.0775	-0.0839583	-0.0904167	-0.096875	-0.103333	-0.109792	-0.11625	-0.122708	-0.129167	-0.135625	-0.142083	-0.148542	-0.155	-0.161458	-0.167917	-0.174375	-0.180833	-0.187292	-0.19375	-0.200208	-0.206667	-0.213125	-0.219583	-0.226042	-0.2325	-0.238958	-0.245417	-0.251875	-0.258333	-0.264792	-0.27125	-0.277708	-0.284167	-0.290625	-0.297083	-0.303542	-0.31	-0.316458	-0.322917	-0.329375	-0.335833	-0.342292	-0.34875	-0.355208	-0.361667	-0.368125	-0.374583	-0.381042	-0.3875	-0.393958	-0.39375	-0.393542	-0.393333	-0.393125	-0.392917	-0.392708	-0.3925	-0.392292	-0.392083	-0.391875	-0.391667	-0.391458	-0.39125	-0.391042	-0.390833	-0.390625	-0.390417	-0.390208	-0.39	-0.389792	-0.389583	-0.389375	-0.389167	-0.388958	-0.38875	-0.388542	-0.388333	-0.388125	-0.387917	-0.387708	-0.3875	-0.387292	-0.387083	-0.386875	-0.386667	-0.386458	-0.38625	-0.386042	-0.385833	-0.385625	-0.385417	-0.385208	-0.385	-0.384792	-0.384583	-0.384375	-0.384167	-0.383958	-0.38375	-0.383542	-0.383333	-0.383125	-0.382917	-0.382708	-0.3825	-0.382292	-0.382083	-0.381875	-0.381667	-0.381458	-0.38125	-0.381042	-0.380833	-0.380625	-0.380417	-0.380208	-0.38	-0.379792	-0.379583	-0.379375	-0.379167	-0.378958	-0.37875	-0.378542	-0.378333	-0.378125	-0.377917	-0.377708	-0.3775	-0.377292	-0.377083	-0.376875	-0.376667	-0.376458	-0.37625	-0.376042	-0.375833	-0.375625	-0.375417	-0.375208	-0.375	-0.374792	-0.374583	-0.374375	-0.374167	-0.373958	-0.37375	-0.373542	-0.365521	-0.3575	-0.349479	-0.341458	-0.333437	-0.325417	-0.317396	-0.309375	-0.301354	-0.293333	-0.285312	-0.277292	-0.269271	-0.26125	-0.253229	-0.245208	-0.237187	-0.229167	-0.221146	-0.213125	-0.205104	-0.197083	-0.189062	-0.181042	-0.173021	-0.165	-0.156979	-0.148958	-0.140937	-0.132917	-0.124896	-0.116875	-0.108854	-0.100833	-0.0928125	-0.0847917	-0.0767708	-0.06875	-0.0607292	-0.0527083	-0.0446875	-0.0366667	-0.0286458	-0.020625	-0.0126042	-0.00458333	0.0034375	0.0114583	0.0194792	0.0275	0.0355208	0.0435417	0.0515625	0.0595833	0.0676042	0.075625	0.0836458	0.0916667	0.0996875	0.107708	0.115729	0.12375	0.131771	0.139792	0.147813	0.155833	0.163854	0.171875	0.179896	0.187917	0.195937	0.203958	0.211979	0.22	0.228021	0.236042	0.244062	0.252083	0.260104	0.268125	0.276146	0.284167	0.292188	0.300208	0.308229	0.31625	0.324271	0.332292	0.340312	0.348333	0.356354	0.364375	0.372396	0.380417	0.388437	0.396458	0.404479	0.4125	0.420521	0.428542	0.436563	0.444583	0.445938	0.447292	0.448646	0.45	0.451354	0.452708	0.454063	0.455417	0.456771	0.458125	0.459479	0.460833	0.462188	0.463542	0.464896	0.46625	0.467604	0.468958	0.470312	0.471667	0.473021	0.474375	0.475729	0.477083	0.478438	0.479792	0.481146	0.4825	0.483854	0.485208	0.486562	0.487917	0.489271	0.490625	0.491979	0.493333	0.494687	0.496042	0.497396	0.49875	0.500104	0.501458	0.502812	0.504167	0.505521	0.506875	0.508229	0.509583	0.510938	0.512292	0.513646	0.515	0.516354	0.517708	0.519063	0.520417	0.521771	0.523125	0.516667	0.510208	0.50375	0.497292	0.490833	0.484375	0.477917	0.471458	0.465	0.458542	0.452083	0.445625	0.439167	0.432708	0.42625	0.419792	0.413333	0.406875	0.400417	0.393958	0.3875	0.381042	0.374583	0.368125	0.361667	0.355208	0.34875	0.342292	0.335833	0.329375	0.322917	0.316458	0.31	0.303542	0.297083	0.290625	0.284167	0.277708	0.27125	0.264792	0.258333	0.251875	0.245417	0.238958	0.2325	0.226042	0.219583	0.213125	0.206667	0.200208	0.19375	0.187292	0.180833	0.174375	0.167917	0.161458	0.155	0.148542	0.142083	0.135625	0.129167	0.122708	0.11625	0.109792	0.103333	0.096875	0.0904167	0.0839583	0.0775	0.0710417	0.0645833	0.058125	0.0516667	0.0452083	0.03875	0.0322917	0.0258333	0.019375	0.0129167	0.00645833	0
0	-0.00645833	-0.0129167	-0.019375	-0.0258333	-0.0322917	-0.03875	-0.0452083	-0.0516667	-0.058125	-0.0645833	-0.0710417	-0.0775	-0.0839583	-0.0904167	-0.096875	-0.103333	-0.109792	-0.11625	-0.122708	-0.129167	-0.135625	-0.142083	-0.148542	-0.155	-0.161458	-0.167917	-0.174375	-0.180833	-0.187292	-0.19375	-0.200208	-0.206667	-0.213125	-0.219583	-0.226042	-0.2325	-0.238958	-0.245417	-0.251875	-0.258333	-0.264792	-0.27125	-0.277708	-0.284167	-0.290625	-0.297083	-0.303542	-0.31	-0.316458	-0.322917	-0.329375	-0.335833	-0.342292	-0.34875	-0.355208	-0.361667	-0.368125	-0.374583	-0.381042	-0.3875	-0.393958	-0.400417	-0.406875	-0.413333	-0.419792	-0.42625	-0.432708	-0.439167	-0.445625	-0.452083	-0.458542	-0.465	-0.471458	-0.477917	-0.484375	-0.490833	-0.497292	-0.50375	-0.510208	-0.516667	-0.523125	-0.522917	-0.522708	-0.5225	-0.522292	-0.522083	-0.521875	-0.521667	-0.521458	-0.52125	-0.521042	-0.520833	-0.520625	-0.520417	-0.520208	-0.52	-0.519792	-0.519583	-0.519375	-0.519167	-0.518958	-0.51875	-0.518542	-0.518333	-0.518125	-0.517917	-0.517708	-0.5175	-0.517292	-0.517083	-0.516875	-0.516667	-0.516458	-0.51625	-0.516042	-0.515833	-0.515625	-0.515417	-0.515208	-0.515	-0.514792	-0.514583	-0.514375	-0.514167	-0.513958	-0.51375	-0.513542	-0.513333	-0.513125	-0.512917	-0.512708	-0.5125	-0.512292	-0.512083	-0.511875	-0.511667	-0.511458	-0.51125	-0.511042	-0.503021	-0.495	-0.486979	-0.478958	-0.470937	-0.462917	-0.454896	-0.446875	-0.438854	-0.430833	-0.422812	-0.414792	-0.406771	-0.39875	-0.390729	-0.382708	-0.374687	-0.366667	-0.358646	-0.350625	-0.342604	-0.334583	-0.326562	-0.318542	-0.310521	-0.3025	-0.294479	-0.286458	-0.278437	-0.270417	-0.262396	-0.254375	-0.246354	-0.238333	-0.230312	-0.222292	-0.214271	-0.20625	-0.198229	-0.190208	-0.182187	-0.174167	-0.166146	-0.158125	-0.150104	-0.142083	-0.134062	-0.126042	-0.118021	-0.11	-0.101979	-0.0939583	-0.0859375	-0.0779167	-0.0698958	-0.061875	-0.0538542	-0.0458333	-0.0378125	-0.0297917	-0.0217708	-0.01375	-0.00572917	0.00229167	0.0103125	0.0183333	0.0263542	0.034375	0.0423958	0.0504167	0.0584375	0.0664583	0.0744792	0.0825	0.0905208	0.0985417	0.106563	0.114583	0.122604	0.130625	0.138646	0.146667	0.154688	0.162708	0.170729	0.17875	0.186771	0.194792	0.202813	0.210833	0.218854	0.226875	0.234896	0.242917	0.250938	0.258958	0.266979	0.275	0.283021	0.291042	0.299063	0.307083	0.315104	0.323125	0.331146	0.339167	0.347188	0.355208	0.363229	0.37125	0.379271	0.387292	0.395313	0.403333	0.411354	0.419375	0.427396	0.435417	0.443437	0.451458	0.459479	0.4675	0.475521	0.483542	0.491562	0.499583	0.507604	0.515625	0.523646	0.531667	0.539687	0.547708	0.555729	0.56375	0.571771	0.579792	0.587812	0.595833	0.603854	0.611875	0.619896	0.627917	0.629271	0.630625	0.631979	0.633333	0.634687	0.636042	0.637396	0.63875	0.640104	0.641458	0.642813	0.644167	0.645521	0.646875	0.648229	0.649583	0.650938	0.652292	0.645833	0.639375	0.632917	0.626458	0.62	0.613542	0.607083	0.600625	0.594167	0.587708	0.58125	0.574792	0.568333	0.561875	0.555417	0.548958	0.5425	0.536042	0.529583	0.523125	0.516667	0.510208	0.50375	0.497292	0.490833	0.484375	0.477917	0.471458	0.465	0.458542	0.452083	0.445625	0.439167	0.432708	0.42625	0.419792	0.413333	0.406875	0.400417	0.393958	0.3875	0.381042	0.374583	0.368125	0.361667	0.355208	0.34875	0.342292	0.335833	0.329375	0.322917	0.316458	0.31	0.303542	0.297083	0.290625	0.284167	0.277708	0.27125	0.264792	0.258333	0.251875	0.245417	0.238958	0.2325	0.226042	0.219583	0.213125	0.206667	0.200208	0.19375	0.187292	0.180833	0.174375	0.167917	0.161458	0.155	0.148542	0.142083	0.135625	0.129167	0.122708	0.11625	0.109792	0.103333	0.096875	0.0904167	0.0839583	0.0775	0.0710417	0.0645833	0.058125	0.0516667	0.0452083	0.03875	0.0322917	0.0258333	0.019375	0.0129167	0.00645833	0
0	-0.00645833	-0.0129167	-0.019375	-0.0258333	-0.0322917	-0.03875	-0.0452083	-0.0516667	-0.058125	-0.0645833	-0.0710417	-0.0775	-0.0839583	-0.0904167	-0.096875	-0.103333	-0.109792	-0.11625	-0.122708	-0.129167	-0.135625	-0.142083	-0.148542	-0.155	-0.161458	-0.167917	-0.174375	-0.180833	-0.187292	-0.19375	-0.200208	-0.206667	-0.213125	-0.219583	-0.226042	-0.2325	-0.238958	-0.245417	-0.251875	-0.258333	-0.264792	-0.27125	-0.277708	-0.284167	-0.290625	-0.297083	-0.303542	-0.31	-0.316458	-0.322917	-0.329375	-0.335833	-0.342292	-0.34875	-0.355208	-0.361667	-0.368125	-0.374583	-0.381042	-0.3875	-0.393958	-0.400417	-0.406875	-0.413333	-0.419792	-0.42625	-0.432708	-0.439167	-0.445625	-0.452083	-0.458542	-0.465	-0.471458	-0.477917	-0.484375	-0.490833	-0.497292	-0.50375	-0.510208	-0.516667	-0.523125	-0.529583	-0.536042	-0.5425	-0.548958	-0.555417	-0.561875	-0.568333	-0.574792	-0.58125	-0.587708	-0.594167	-0.600625	-0.607083	-0.613542	-0.62	-0.626458	-0.632917	-0.639375	-0.645833	-0.652292	-0.652083	-0.651875	-0.651667	-0.651458	-0.65125	-0.651042	-0.650833	-0.650625	-0.650417	-0.650208	-0.65	-0.649792	-0.649583	-0.649375	-0.649167	-0.648958	-0.64875	-0.648542	-0.640521	-0.6325	-0.624479	-0.616458	-0.608437	-0.600417	-0.592396	-0.584375	-0.576354	-0.568333	-0.560312	-0.552292	-0.544271	-0.53625	-0.528229	-0.520208	-0.512187	-0.504167	-0.496146	-0.488125	-0.480104	-0.472083	-0.464062	-0.456042	-0.448021	-0.44	-0.431979	-0.423958	-0.415937	-0.407917	-0.399896	-0.391875	-0.383854	-0.375833	-0.367812	-0.359792	-0.351771	-0.34375	-0.335729	-0.327708	-0.319687	-0.311667	-0.303646	-0.295625	-0.287604	-0.279583	-0.271562	-0.263542	-0.255521	-0.2475	-0.239479	-0.231458	-0.223437	-0.215417	-0.207396	-0.199375	-0.191354	-0.183333	-0.175312	-0.167292	-0.159271	-0.15125	-0.143229	-0.135208	-0.127187	-0.119167	-0.111146	-0.103125	-0.0951042	-0.0870833	-0.0790625	-0.0710417	-0.0630208	-0.055	-0.0469792	-0.0389583	-0.0309375	-0.0229167	-0.0148958	-0.006875	0.00114583	0.00916667	0.0171875	0.0252083	0.0332292	0.04125	0.0492708	0.0572917	0.0653125	0.0733333	0.0813542	0.089375	0.0973958	0.105417	0.113438	0.121458	0.129479	0.1375	0.145521	0.153542	0.161563	0.169583	0.177604	0.185625	0.193646	0.201667	0.209688	0.217708	0.225729	0.23375	0.241771	0.249792	0.257813	0.265833	0.273854	0.281875	0.289896	0.297917	0.305938	0.313958	0.321979	0.33	0.338021	0.346042	0.354063	0.362083	0.370104	0.378125	0.386146	0.394167	0.402188	0.410208	0.418229	0.42625	0.434271	0.442292	0.450313	0.458333	0.466354	0.474375	0.482396	0.490417	0.498438	0.506458	0.514479	0.5225	0.530521	0.538542	0.546563	0.554583	0.562604	0.570625	0.578646	0.586667	0.594688	0.602708	0.610729	0.61875	0.626771	0.634792	0.635	0.635208	0.635417	0.635625	0.635833	0.636042	0.63625	0.636458	0.636667	0.636875	0.637083	0.637292	0.6375	0.637708	0.637917	0.638125	0.638333	0.638542	0.63875	0.638958	0.639167	0.639375	0.632917	0.626458	0.62	0.613542	0.607083	0.600625	0.594167	0.587708	0.58125	0.574792	0.568333	0.561875	0.555417	0.548958	0.5425	0.536042	0.529583	0.523125	0.516667	0.510208	0.50375	0.497292	0.490833	0.484375	0.477917	0.471458	0.465	0.458542	0.452083	0.445625	0.439167	0.432708	0.42625	0.419792	0.413333	0.406875	0.400417	0.393958	0.3875	0.381042	0.374583	0.368125	0.361667	0.355208	0.34875	0.342292	0.335833	0.329375	0.322917	0.316458	0.31	0.303542	0.297083	0.290625	0.284167	0.277708	0.27125	0.264792	0.258333	0.251875	0.245417	0.238958	0.2325	0.226042	0.219583	0.213125	0.206667	0.200208	0.19375	0.187292	0.180833	0.174375	0.167917	0.161458	0.155	0.148542	0.142083	0.135625	0.129167	0.122708	0.11625	0.109792	0.103333	0.096875	0.0904167	0.0839583	0.0775	0.0710417	0.0645833	0.058125	0.0516667	0.0452083	0.03875	0.0322917	0.0258333	0.019375	0.0129167	0.00645833	0
0	-0.00645833	-0.0129167	-0.019375	-0.0258333	-0.0322917	-0.03875	-0.0452083	-0.0516667	-0.058125	-0.0645833	-0.0710417	-0.0775	-0.0839583	-0.0904167	-0.096875	-0.103333	-0.109792	-0.11625	-0.122708	-0.129167	-0.135625	-0.142083	-0.148542	-0.155	-0.161458	-0.167917	-0.174375	-0.180833	-0.187292	-0.19375	-0.200208	-0.206667	-0.213125	-0.219583	-0.226042	-0.2325	-0.238958	-0.245417	-0.251875	-0.258333	-0.264792	-0.27125	-0.277708	-0.284167	-0.290625	-0.297083	-0.303542	-0.31	-0.316458	-0.322917	-0.329375	-0.335833	-0.342292	-0.34875	-0.355208	-0.361667	-0.368125	-0.374583	-0.381042	-0.3875	-0.393958	-0.400417	-0.406875	-0.413333	-0.419792	-0.42625	-0.432708	-0.439167	-0.445625	-0.452083	-0.458542	-0.465	-0.471458	-0.477917	-0.484375	-0.490833	-0.497292	-0.50375	-0.510208	-0.516667	-0.523125	-0.529583	-0.536042	-0.5425	-0.548958	-0.555417	-0.561875	-0.568333	-0.574792	-0.58125	-0.587708	-0.594167	-0.600625	-0.607083	-0.613542	-0.62	-0.626458	-0.632917	-0.639375	-0.638021	-0.636667	-0.635313	-0.633958	-0.632604	-0.63125	-0.629896	-0.628542	-0.627188	-0.625833	-0.624479	-0.623125	-0.621771	-0.620417	-0.619063	-0.617708	-0.616354	-0.615	-0.613646	-0.612292	-0.610938	-0.609583	-0.601563	-0.593542	-0.585521	-0.5775	-0.569479	-0.561458	-0.553438	-0.545417	-0.537396	-0.529375	-0.521354	-0.513333	-0.505312	-0.497292	-0.489271	-0.48125	-0.473229	-0.465208	-0.457187	-0.449167	-0.441146	-0.433125	-0.425104	-0.417083	-0.409062	-0.401042	-0.393021	-0.385	-0.376979	-0.368958	-0.360937	-0.352917	-0.344896	-0.336875	-0.328854	-0.320833	-0.312812	-0.304792	-0.296771	-0.28875	-0.280729	-0.272708	-0.264687	-0.256667	-0.248646	-0.240625	-0.232604	-0.224583	-0.216562	-0.208542	-0.200521	-0.1925	-0.184479	-0.176458	-0.168437	-0.160417	-0.152396	-0.144375	-0.136354	-0.128333	-0.120312	-0.112292	-0.104271	-0.09625	-0.0882292	-0.0802083	-0.0721875	-0.0641667	-0.0561458	-0.048125	-0.0401042	-0.0320833	-0.0240625	-0.0160417	-0.00802083	-2.498e-15	0.00802083	0.0160417	0.0240625	0.0320833	0.0401042	0.048125	0.0561458	0.0641667	0.0721875	0.0802083	0.0882292	0.09625	0.104271	0.112292	0.120313	0.128333	0.136354	0.144375	0.152396	0.160417	0.168438	0.176458	0.184479	0.1925	0.200521	0.208542	0.216562	0.224583	0.232604	0.240625	0.248646	0.256667	0.264688	0.272708	0.280729	0.28875	0.296771	0.304792	0.312813	0.320833	0.328854	0.336875	0.344896	0.352917	0.360938	0.368958	0.376979	0.385	0.393021	0.401042	0.409063	0.417083	0.425104	0.433125	0.441146	0.449167	0.457188	0.465208	0.473229	0.48125	0.489271	0.497292	0.4975	0.497708	0.497917	0.498125	0.498333	0.498542	0.49875	0.498958	0.499167	0.499375	0.499583	0.499792	0.5	0.500208	0.500417	0.500625	0.500833	0.501042	0.50125	0.501458	0.501667	0.501875	0.502083	0.502292	0.5025	0.502708	0.502917	0.503125	0.503333	0.503542	0.50375	0.503958	0.504167	0.504375	0.504583	0.504792	0.505	0.505208	0.505417	0.505625	0.505833	0.506042	0.50625	0.506458	0.506667	0.506875	0.507083	0.507292	0.5075	0.507708	0.507917	0.508125	0.508333	0.508542	0.50875	0.508958	0.509167	0.509375	0.509583	0.509792	0.51	0.510208	0.50375	0.497292	0.490833	0.484375	0.477917	0.471458	0.465	0.458542	0.452083	0.445625	0.439167	0.432708	0.42625	0.419792	0.413333	0.406875	0.400417	0.393958	0.3875	0.381042	0.374583	0.368125	0.361667	0.355208	0.34875	0.342292	0.335833	0.329375	0.322917	0.316458	0.31	0.303542	0.297083	0.290625	0.284167	0.277708	0.27125	0.264792	0.258333	0.251875	0.245417	0.238958	0.2325	0.226042	0.219583	0.213125	0.206667	0.200208	0.19375	0.187292	0.180833	0.174375	0.167917	0.161458	0.155	0.148542	0.142083	0.135625	0.129167	0.122708	0.11625	0.109792	0.103333	0.096875	0.0904167	0.0839583	0.0775	0.0710417	0.0645833	0.058125	0.0516667	0.0452083	0.03875	0.0322917	0.0258333	0.019375	0.0129167	0.00645833	0
0	-0.00645833	-0.0129167	-0.019375	-0.0258333	-0.0322917	-0.03875	-0.0452083	-0.0516667	-0.058125	-0.0645833	-0.0710417	-0.0775	-0.0839583	-0.0904167	-0.096875	-0.103333	-0.109792	-0.11625	-0.122708	-0.129167	-0.135625	-0.142083	-0.148542	-0.155	-0.161458	-0.167917	-0.174375	-0.180833	-0.187292	-0.19375	-0.200208	-0.206667	-0.213125	-0.219583	-0.226042	-0.2325	-0.238958	-0.245417	-0.251875	-0.258333	-0.264792	-0.27125	-0.277708	-0.284167	-0.290625	-0.297083	-0.303542	-0.31	-0.316458	-0.322917	-0.329375	-0.335833	-0.342292	-0.34875	-0.355208	-0.361667	-0.368125	-0.374583	-0.381042	-0.3875	-0.393958	-0.400417	-0.406875	-0.413333	-0.419792	-0.42625	-0.432708	-0.439167	-0.445625	-0.452083	-0.458542	-0.465	-0.471458	-0.477917	-0.484375	-0.490833	-0.497292	-0.50375	-0.510208	-0.508854	-0.5075	-0.506146	-0.504792	-0.503438	-0.502083	-0.500729	-0.499375	-0.498021	-0.496667	-0.495313	-0.493958	-0.492604	-0.49125	-0.489896	-0.488542	-0.487188	-0.485833	-0.484479	-0.483125	-0.481771	-0.480417	-0.479063	-0.477708	-0.476354	-0.475	-0.473646	-0.472292	-0.470938	-0.469583	-0.468229	-0.466875	-0.465521	-0.464167	-0.462812	-0.461458	-0.460104	-0.45875	-0.457396	-0.456042	-0.454688	-0.453333	-0.451979	-0.450625	-0.449271	-0.447917	-0.446563	-0.445208	-0.443854	-0.4425	-0.441146	-0.439792	-0.438438	-0.437083	-0.435729	-0.434375	-0.433021	-0.431667	-0.430313	-0.428958	-0.427604	-0.42625	-0.418229	-0.410208	-0.402187	-0.394167	-0.386146	-0.378125	-0.370104	-0.362083	-0.354062	-0.346042	-0.338021	-0.33	-0.321979	-0.313958	-0.305938	-0.297917	-0.289896	-0.281875	-0.273854	-0.265833	-0.257812	-0.249792	-0.241771	-0.23375	-0.225729	-0.217708	-0.209687	-0.201667	-0.193646	-0.185625	-0.177604	-0.169583	-0.161562	-0.153542	-0.145521	-0.1375	-0.129479	-0.121458	-0.113437	-0.105417	-0.0973958	-0.089375	-0.0813542	-0.0733333	-0.0653125	-0.0572917	-0.0492708	-0.04125	-0.0332292	-0.0252083	-0.0171875	-0.00916667	-0.00114583	0.006875	0.0148958	0.0229167	0.0309375	0.0389583	0.0469792	0.055	0.0630208	0.0710417	0.0790625	0.0870833	0.0951042	0.103125	0.111146	0.119167	0.127188	0.135208	0.143229	0.15125	0.159271	0.167292	0.175313	0.183333	0.191354	0.199375	0.207396	0.215417	0.223438	0.231458	0.239479	0.2475	0.255521	0.263542	0.271563	0.279583	0.287604	0.295625	0.303646	0.311667	0.319688	0.327708	0.335729	0.34375	0.351771	0.359792	0.36	0.360208	0.360417	0.360625	0.360833	0.361042	0.36125	0.361458	0.361667	0.361875	0.362083	0.362292	0.3625	0.362708	0.362917	0.363125	0.363333	0.363542	0.36375	0.363958	0.364167	0.364375	0.364583	0.364792	0.365	0.365208	0.365417	0.365625	0.365833	0.366042	0.36625	0.366458	0.366667	0.366875	0.367083	0.367292	0.3675	0.367708	0.367917	0.368125	0.368333	0.368542	0.36875	0.368958	0.369167	0.369375	0.369583	0.369792	0.37	0.370208	0.370417	0.370625	0.370833	0.371042	0.37125	0.371458	0.371667	0.371875	0.372083	0.372292	0.3725	0.372708	0.372917	0.373125	0.373333	0.373542	0.37375	0.373958	0.374167	0.374375	0.374583	0.374792	0.375	0.375208	0.375417	0.375625	0.375833	0.376042	0.37625	0.376458	0.376667	0.376875	0.377083	0.377292	0.3775	0.377708	0.377917	0.378125	0.378333	0.378542	0.37875	0.378958	0.379167	0.379375	0.379583	0.379792	0.38	0.380208	0.380417	0.380625	0.380833	0.381042	0.374583	0.368125	0.361667	0.355208	0.34875	0.342292	0.335833	0.329375	0.322917	0.316458	0.31	0.303542	0.297083	0.290625	0.284167	0.277708	0.27125	0.264792	0.258333	0.251875	0.245417	0.238958	0.2325	0.226042	0.219583	0.213125	0.206667	0.200208	0.19375	0.187292	0.180833	0.174375	0.167917	0.161458	0.155	0.148542	0.142083	0.135625	0.129167	0.122708	0.11625	0.109792	0.103333	0.096875	0.0904167	0.0839583	0.0775	0.0710417	0.0645833	0.058125	0.0516667	0.0452083	0.03875	0.0322917	0.0258333	0.019375	0.0129167	0.00645833	0
0	-0.00645833	-0.0129167	-0.019375	-0.0258333	-0.0322917	-0.03875	-0.0452083	-0.0516667	-0.058125	-0.0645833	-0.0710417	-0.0775	-0.0839583	-0.0904167	-0.096875	-0.103333	-0.109792	-0.11625	-0.122708	-0.129167	-0.135625	-0.142083	-0.148542	-0.155	-0.161458	-0.167917	-0.174375	-0.180833	-0.187292	-0.19375	-0.200208	-0.206667	-0.213125	-0.219583	-0.226042	-0.2325	-0.238958	-0.245417	-0.251875	-0.258333	-0.264792	-0.27125	-0.277708	-0.284167	-0.290625	-0.297083	-0.303542	-0.31	-0.316458	-0.322917	-0.329375	-0.335833	-0.342292	-0.34875	-0.355208	-0.361667	-0.368125	-0.374583	-0.381042	-0.379688	-0.378333	-0.376979	-0.375625	-0.374271	-0.372917	-0.371563	-0.370208	-0.368854	-0.3675	-0.366146	-0.364792	-0.363438	-0.362083	-0.360729	-0.359375	-0.358021	-0.356667	-0.355312	-0.353958	-0.352604	-0.35125	-0.349896	-0.348542	-0.347188	-0.345833	-0.344479	-0.343125	-0.341771	-0.340417	-0.339063	-0.337708	-0.336354	-0.335	-0.333646	-0.332292	-0.330937	-0.329583	-0.328229	-0.326875	-0.325521	-0.324167	-0.322813	-0.321458	-0.320104	-0.31875	-0.317396	-0.316042	-0.314688	-0.313333	-0.311979	-0.310625	-0.309271	-0.307917	-0.306563	-0.305208	-0.303854	-0.3025	-0.301146	-0.299792	-0.298438	-0.297083	-0.295729	-0.294375	-0.293021	-0.291667	-0.290313	-0.288958	-0.287604	-0.28625	-0.284896	-0.283542	-0.282188	-0.280833	-0.279479	-0.278125	-0.276771	-0.275417	-0.274063	-0.272708	-0.271354	-0.27	-0.268646	-0.267292	-0.265938	-0.264583	-0.263229	-0.261875	-0.260521	-0.259167	-0.257813	-0.256458	-0.255104	-0.25375	-0.252396	-0.251042	-0.249688	-0.248333	-0.246979	-0.245625	-0.244271	-0.242917	-0.234896	-0.226875	-0.218854	-0.210833	-0.202812	-0.194792	-0.186771	-0.17875	-0.170729	-0.162708	-0.154687	-0.146667	-0.138646	-0.130625	-0.122604	-0.114583	-0.106562	-0.0985417	-0.0905208	-0.0825	-0.0744792	-0.0664583	-0.0584375	-0.0504167	-0.0423958	-0.034375	-0.0263542	-0.0183333	-0.0103125	-0.00229167	0.00572917	0.01375	0.0217708	0.0297917	0.0378125	0.0458333	0.0538542	0.061875	0.0698958	0.0779167	0.0859375	0.0939583	0.101979	0.11	0.118021	0.126042	0.134063	0.142083	0.150104	0.158125	0.166146	0.174167	0.182188	0.190208	0.198229	0.20625	0.214271	0.222292	0.2225	0.222708	0.222917	0.223125	0.223333	0.223542	0.22375	0.223958	0.224167	0.224375	0.224583	0.224792	0.225	0.225208	0.225417	0.225625	0.225833	0.226042	0.22625	0.226458	0.226667	0.226875	0.227083	0.227292	0.2275	0.227708	0.227917	0.228125	0.228333	0.228542	0.22875	0.228958	0.229167	0.229375	0.229583	0.229792	0.23	0.230208	0.230417	0.230625	0.230833	0.231042	0.23125	0.231458	0.231667	0.231875	0.232083	0.232292	0.2325	0.232708	0.232917	0.233125	0.233333	0.233542	0.23375	0.233958	0.234167	0.234375	0.234583	0.234792	0.235	0.235208	0.235417	0.235625	0.235833	0.236042	0.23625	0.236458	0.236667	0.236875	0.237083	0.237292	0.2375	0.237708	0.237917	0.238125	0.238333	0.238542	0.23875	0.238958	0.239167	0.239375	0.239583	0.239792	0.24	0.240208	0.240417	0.240625	0.240833	0.241042	0.24125	0.241458	0.241667	0.241875	0.242083	0.242292	0.2425	0.242708	0.242917	0.243125	0.243333	0.243542	0.24375	0.243958	0.244167	0.244375	0.244583	0.244792	0.245	0.245208	0.245417	0.245625	0.245833	0.246042	0.24625	0.246458	0.246667	0.246875	0.247083	0.247292	0.2475	0.247708	0.247917	0.248125	0.248333	0.248542	0.24875	0.248958	0.249167	0.249375	0.249583	0.249792	0.25	0.250208	0.250417	0.250625	0.250833	0.251042	0.25125	0.251458	0.251667	0.251875	0.245417	0.238958	0.2325	0.226042	0.219583	0.213125	0.206667	0.200208	0.19375	0.187292	0.180833	0.174375	0.167917	0.161458	0.155	0.148542	0.142083	0.135625	0.129167	0.122708	0.11625	0.109792	0.103333	0.096875	0.0904167	0.0839583	0.0775	0.0710417	0.0645833	0.058125	0.0516667	0.0452083	0.03875	0.0322917	0.0258333	0.019375	0.0129167	0.00645833	0
0	-0.00645833	-0.0129167	-0.019375	-0.0258333	-0.0322917	-0.03875	-0.0452083	-0.0516667	-0.058125	-0.0645833	-0.0710417	-0.0775	-0.0839583	-0.0904167	-0.096875	-0.103333	-0.109792	-0.11625	-0.122708	-0.129167	-0.135625	-0.142083	-0.148542	-0.155	-0.161458	-0.167917	-0.174375	-0.180833	-0.187292	-0.19375	-0.200208	-0.206667	-0.213125	-0.219583	-0.226042	-0.2325	-0.238958	-0.245417	-0.251875	-0.250521	-0.249167	-0.247813	-0.246458	-0.245104	-0.24375	-0.242396	-0.241042	-0.239688	-0.238333	-0.236979	-0.235625	-0.234271	-0.232917	-0.231562	-0.230208	-0.228854	-0.2275	-0.226146	-0.224792	-0.223437	-0.222083	-0.220729	-0.219375	-0.218021	-0.216667	-0.215312	-0.213958	-0.212604	-0.21125	-0.209896	-0.208542	-0.207187	-0.205833	-0.204479	-0.203125	-0.201771	-0.200417	-0.199062	-0.197708	-0.196354	-0.195	-0.193646	-0.192292	-0.190937	-0.189583	-0.188229	-0.186875	-0.185521	-0.184167	-0.182812	-0.181458	-0.180104	-0.17875	-0.177396	-0.176042	-0.174687	-0.173333	-0.171979	-0.170625	-0.169271	-0.167917	-0.166562	-0.165208	-0.163854	-0.1625	-0.161146	-0.159792	-0.158438	-0.157083	-0.155729	-0.154375	-0.153021	-0.151667	-0.150313	-0.148958	-0.147604	-0.14625	-0.144896	-0.143542	-0.142188	-0.140833	-0.139479	-0.138125	-0.136771	-0.135417	-0.134063	-0.132708	-0.131354	-0.13	-0.128646	-0.127292	-0.125938	-0.124583	-0.123229	-0.121875	-0.120521	-0.119167	-0.117813	-0.116458	-0.115104	-0.11375	-0.112396	-0.111042	-0.109687	-0.108333	-0.106979	-0.105625	-0.104271	-0.102917	-0.101562	-0.100208	-0.0988542	-0.0975	-0.0961458	-0.0947917	-0.0934375	-0.0920833	-0.0907292	-0.089375	-0.0880208	-0.0866667	-0.0853125	-0.0839583	-0.0826042	-0.08125	-0.0798958	-0.0785417	-0.0771875	-0.0758333	-0.0744792	-0.073125	-0.0717708	-0.0704167	-0.0690625	-0.0677083	-0.0663542	-0.065	-0.0636458	-0.0622917	-0.0609375	-0.0595833	-0.0515625	-0.0435417	-0.0355208	-0.0275	-0.0194792	-0.0114583	-0.0034375	0.00458333	0.0126042	0.020625	0.0286458	0.0366667	0.0446875	0.0527083	0.0607292	0.06875	0.0767708	0.0847917	0.085	0.0852083	0.0854167	0.085625	0.0858333	0.0860417	0.08625	0.0864583	0.0866667	0.086875	0.0870833	0.0872917	0.0875	0.0877083	0.0879167	0.088125	0.0883333	0.0885417	0.08875	0.0889583	0.0891667	0.089375	0.0895833	0.0897917	0.09	0.0902083	0.0904167	0.090625	0.0908333	0.0910417	0.09125	0.0914583	0.0916667	0.091875	0.0920833	0.0922917	0.0925	0.0927083	0.0929167	0.093125	0.0933333	0.0935417	0.09375	0.0939583	0.0941667	0.094375	0.0945833	0.0947917	0.095	0.0952083	0.0954167	0.095625	0.0958333	0.0960417	0.09625	0.0964583	0.0966667	0.096875	0.0970833	0.0972917	0.0975	0.0977083	0.0979167	0.098125	0.0983333	0.0985417	0.09875	0.0989583	0.0991667	0.099375	0.0995833	0.0997917	0.1	0.100208	0.100417	0.100625	0.100833	0.101042	0.10125	0.101458	0.101667	0.101875	0.102083	0.102292	0.1025	0.102708	0.102917	0.103125	0.103333	0.103542	0.10375	0.103958	0.104167	0.104375	0.104583	0.104792	0.105	0.105208	0.105417	0.105625	0.105833	0.106042	0.10625	0.106458	0.106667	0.106875	0.107083	0.107292	0.1075	0.107708	0.107917	0.108125	0.108333	0.108542	0.10875	0.108958	0.109167	0.109375	0.109583	0.109792	0.11	0.110208	0.110417	0.110625	0.110833	0.111042	0.11125	0.111458	0.111667	0.111875	0.112083	0.112292	0.1125	0.112708	0.112917	0.113125	0.113333	0.113542	0.11375	0.113958	0.114167	0.114375	0.114583	0.114792	0.115	0.115208	0.115417	0.115625	0.115833	0.116042	0.11625	0.116458	0.116667	0.116875	0.117083	0.117292	0.1175	0.117708	0.117917	0.118125	0.118333	0.118542	0.11875	0.118958	0.119167	0.119375	0.119583	0.119792	0.12	0.120208	0.120417	0.120625	0.120833	0.121042	0.12125	0.121458	0.121667	0.121875	0.122083	0.122292	0.1225	0.122708	0.11625	0.109792	0.103333	0.096875	0.0904167	0.0839583	0.0775	0.0710417	0.0645833	0.058125	0.0516667	0.0452083	0.03875	0.0322917	0.0258333	0.019375	0.0129167	0.00645833	0
0	-0.00645833	-0.0129167	-0.019375	-0.0258333	-0.0322917	-0.03875	-0.0452083	-0.0516667	-0.058125	-0.0645833	-0.0710417	-0.0775	-0.0839583	-0.0904167	-0.096875	-0.103333	-0.109792	-0.11625	-0.122708	-0.121354	-0.12	-0.118646	-0.117292	-0.115938	-0.114583	-0.113229	-0.111875	-0.110521	-0.109167	-0.107813	-0.106458	-0.105104	-0.10375	-0.102396	-0.101042	-0.0996875	-0.0983333	-0.0969792	-0.095625	-0.0942708	-0.0929167	-0.0915625	-0.0902083	-0.0888542	-0.0875	-0.0861458	-0.0847917	-0.0834375	-0.0820833	-0.0807292	-0.079375	-0.0780208	-0.0766667	-0.0753125	-0.0739583	-0.0726042	-0.07125	-0.0698958	-0.0685417	-0.0671875	-0.0658333	-0.0644792	-0.063125	-0.0617708	-0.0604167	-0.0590625	-0.0577083	-0.0563542	-0.055	-0.0536458	-0.0522917	-0.0509375	-0.0495833	-0.0482292	-0.046875	-0.0455208	-0.0441667	-0.0428125	-0.0414583	-0.0401042	-0.03875	-0.0373958	-0.0360417	-0.0346875	-0.0333333	-0.0319792	-0.030625	-0.0292708	-0.0279167	-0.0265625	-0.0252083	-0.0238542	-0.0225	-0.0211458	-0.0197917	-0.0184375	-0.0170833	-0.0157292	-0.014375	-0.0130208	-0.0116667	-0.0103125	-0.00895833	-0.00760417	-0.00625	-0.00489583	-0.00354167	-0.0021875	-0.000833333	0.000520833	0.001875	0.00322917	0.00458333	0.0059375	0.00729167	0.00864583	0.01	0.0113542	0.0127083	0.0140625	0.0154167	0.0167708	0.018125	0.0194792	0.0208333	0.0221875	0.0235417	0.0248958	0.02625	0.0276042	0.0289583	0.0303125	0.0316667	0.0330208	0.034375	0.0357292	0.0370833	0.0384375	0.0397917	0.0411458	0.0425	0.0438542	0.0452083	0.0465625	0.0479167	0.0492708	0.050625	0.0519792	0.0533333	0.0546875	0.0560417	0.0573958	0.05875	0.0601042	0.0614583	0.0628125	0.0641667	0.0655208	0.066875	0.0682292	0.0695833	0.0709375	0.0722917	0.0736458	0.075	0.0763542	0.0777083	0.0790625	0.0804167	0.0817708	0.083125	0.0844792	0.0858333	0.0871875	0.0885417	0.0898958	0.09125	0.0926042	0.0939583	0.0875	0.0810417	0.0745833	0.068125	0.0616667	0.0552083	0.04875	0.0422917	0.0358333	0.029375	0.0229167	0.0164583	0.01	0.00354167	-0.00291667	-0.009375	-0.0158333	-0.0222917	-0.02875	-0.0352083	-0.0416667	-0.048125	-0.0479167	-0.0477083	-0.0475	-0.0472917	-0.0470833	-0.046875	-0.0466667	-0.0464583	-0.04625	-0.0460417	-0.0458333	-0.045625	-0.0454167	-0.0452083	-0.045	-0.0447917	-0.0445833	-0.044375	-0.0441667	-0.0439583	-0.04375	-0.0435417	-0.0433333	-0.043125	-0.0429167	-0.0427083	-0.0425	-0.0422917	-0.0420833	-0.041875	-0.0416667	-0.0414583	-0.04125	-0.0410417	-0.0408333	-0.040625	-0.0404167	-0.0402083	-0.04	-0.0397917	-0.0395833	-0.039375	-0.0391667	-0.0389583	-0.03875	-0.0385417	-0.0383333	-0.038125	-0.0379167	-0.0377083	-0.0375	-0.0372917	-0.0370833	-0.036875	-0.0366667	-0.0364583	-0.03625	-0.0360417	-0.0358333	-0.035625	-0.0354167	-0.0352083	-0.035	-0.0347917	-0.0345833	-0.034375	-0.0341667	-0.0339583	-0.03375	-0.0335417	-0.0333333	-0.033125	-0.0329167	-0.0327083	-0.0325	-0.0322917	-0.0320833	-0.031875	-0.0316667	-0.0314583	-0.03125	-0.0310417	-0.0308333	-0.030625	-0.0304167	-0.0302083	-0.03	-0.0297917	-0.0295833	-0.029375	-0.0291667	-0.0289583	-0.02875	-0.0285417	-0.0283333	-0.028125	-0.0279167	-0.0277083	-0.0275	-0.0272917	-0.0270833	-0.026875	-0.0266667	-0.0264583	-0.02625	-0.0260417	-0.0258333	-0.025625	-0.0254167	-0.0252083	-0.025	-0.0247917	-0.0245833	-0.024375	-0.0241667	-0.0239583	-0.02375	-0.0235417	-0.0233333	-0.023125	-0.0229167	-0.0227083	-0.0225	-0.0222917	-0.0220833	-0.021875	-0.0216667	-0.0214583	-0.02125	-0.0210417	-0.0208333	-0.020625	-0.0204167	-0.0202083	-0.02	-0.0197917	-0.0195833	-0.019375	-0.0191667	-0.0189583	-0.01875	-0.0185417	-0.0183333	-0.018125	-0.0179167	-0.0177083	-0.0175	-0.0172917	-0.0170833	-0.016875	-0.0166667	-0.0164583	-0.01625	-0.0160417	-0.0158333	-0.015625	-0.0154167	-0.0152083	-0.015	-0.0147917	-0.0145833	-0.014375	-0.0141667	-0.0139583	-0.01375	-0.0135417	-0.0133333	-0.013125	-0.0129167	-0.0127083	-0.0125	-0.0122917	-0.0120833	-0.011875	-0.0116667	-0.0114583	-0.01125	-0.0110417	-0.0108333	-0.010625	-0.0104167	-0.0102083	-0.01	-0.00979167	-0.00958333	-0.009375	-0.00916667	-0.00895833	-0.00875	-0.00854167	-0.00833333	-0.008125	-0.00791667	-0.00770833	-0.0075	-0.00729167	-0.00708333	-0.006875	0
0	0.00916667	0.0105208	0.011875	0.0132292	0.0145833	0.0159375	0.0172917	0.0186458	0.02	0.0213542	0.0227083	0.0240625	0.0254167	0.0267708	0.028125	0.0294792	0.0308333	0.0321875	0.0335417	0.0348958	0.03625	0.0376042	0.0389583	0.0403125	0.0416667	0.0430208	0.044375	0.0457292	0.0470833	0.0484375	0.0497917	0.0511458	0.0525	0.0538542	0.0552083	0.0565625	0.0579167	0.0592708	0.060625	0.0619792	0.0633333	0.0646875	0.0660417	0.0673958	0.06875	0.0701042	0.0714583	0.0728125	0.0741667	0.0755208	0.076875	0.0782292	0.0795833	0.0809375	0.0822917	0.0836458	0.085	0.0863542	0.0877083	0.0890625	0.0904167	0.0917708	0.093125	0.0944792	0.0958333	0.0971875	0.0985417	0.0998958	0.10125	0.102604	0.103958	0.105313	0.106667	0.108021	0.109375	0.110729	0.112083	0.113438	0.114792	0.116146	0.1175	0.118854	0.120208	0.121563	0.122917	0.124271	0.125625	0.126979	0.128333	0.129688	0.131042	0.132396	0.13375	0.135104	0.136458	0.137813	0.139167	0.140521	0.141875	0.143229	0.144583	0.145938	0.147292	0.148646	0.15	0.151354	0.152708	0.154063	0.155417	0.156771	0.158125	0.159479	0.160833	0.162188	0.163542	0.164896	0.16625	0.167604	0.168958	0.170312	0.171667	0.173021	0.174375	0.175729	0.177083	0.178437	0.179792	0.181146	0.1825	0.183854	0.185208	0.186562	0.187917	0.189271	0.190625	0.191979	0.193333	0.194687	0.196042	0.197396	0.19875	0.200104	0.201458	0.202812	0.204167	0.205521	0.206875	0.208229	0.209583	0.210938	0.212292	0.213646	0.215	0.216354	0.217708	0.219063	0.220417	0.221771	0.223125	0.216667	0.210208	0.20375	0.197292	0.190833	0.184375	0.177917	0.171458	0.165	0.158542	0.152083	0.145625	0.139167	0.132708	0.12625	0.119792	0.113333	0.106875	0.100417	0.0939583	0.0875	0.0810417	0.0745833	0.068125	0.0616667	0.0552083	0.04875	0.0422917	0.0358333	0.029375	0.0229167	0.0164583	0.01	0.00354167	-0.00291667	-0.009375	-0.0158333	-0.0222917	-0.02875	-0.0352083	-0.0416667	-0.048125	-0.0545833	-0.0610417	-0.0675	-0.0739583	-0.0804167	-0.086875	-0.0933333	-0.0997917	-0.10625	-0.112708	-0.119167	-0.125625	-0.132083	-0.138542	-0.145	-0.151458	-0.157917	-0.164375	-0.170833	-0.177292	-0.177083	-0.176875	-0.176667	-0.176458	-0.17625	-0.176042	-0.175833	-0.175625	-0.175417	-0.175208	-0.175	-0.174792	-0.174583	-0.174375	-0.174167	-0.173958	-0.17375	-0.173542	-0.173333	-0.173125	-0.172917	-0.172708	-0.1725	-0.172292	-0.172083	-0.171875	-0.171667	-0.171458	-0.17125	-0.171042	-0.170833	-0.170625	-0.170417	-0.170208	-0.17	-0.169792	-0.169583	-0.169375	-0.169167	-0.168958	-0.16875	-0.168542	-0.168333	-0.168125	-0.167917	-0.167708	-0.1675	-0.167292	-0.167083	-0.166875	-0.166667	-0.166458	-0.16625	-0.166042	-0.165833	-0.165625	-0.165417	-0.165208	-0.165	-0.164792	-0.164583	-0.164375	-0.164167	-0.163958	-0.16375	-0.163542	-0.163333	-0.163125	-0.162917	-0.162708	-0.1625	-0.162292	-0.162083	-0.161875	-0.161667	-0.161458	-0.16125	-0.161042	-0.160833	-0.160625	-0.160417	-0.160208	-0.16	-0.159792	-0.159583	-0.159375	-0.159167	-0.158958	-0.15875	-0.158542	-0.158333	-0.158125	-0.157917	-0.157708	-0.1575	-0.157292	-0.157083	-0.156875	-0.156667	-0.156458	-0.15625	-0.156042	-0.155833	-0.155625	-0.155417	-0.155208	-0.155	-0.154792	-0.154583	-0.154375	-0.154167	-0.153958	-0.15375	-0.153542	-0.153333	-0.153125	-0.152917	-0.152708	-0.1525	-0.152292	-0.152083	-0.151875	-0.151667	-0.151458	-0.15125	-0.151042	-0.150833	-0.150625	-0.150417	-0.150208	-0.15	-0.149792	-0.149583	-0.149375	-0.149167	-0.148958	-0.14875	-0.148542	-0.148333	-0.148125	-0.147917	-0.147708	-0.1475	-0.147292	-0.147083	-0.146875	-0.146667	-0.146458	-0.14625	-0.146042	-0.145833	-0.145625	-0.145417	-0.145208	-0.145	-0.144792	-0.144583	-0.144375	-0.1375	-0.130625	-0.12375	-0.116875	-0.11	-0.103125	-0.09625	-0.089375	-0.0825	-0.075625	-0.06875	-0.061875	-0.055	-0.048125	-0.04125	-0.034375	-0.0275	-0.020625	-0.01375	-0.006875	0
0	0.00916667	0.0183333	0.0275	0.0366667	0.0458333	0.055	0.0641667	0.0733333	0.0825	0.0916667	0.100833	0.11	0.119167	0.128333	0.1375	0.146667	0.155833	0.165	0.174167	0.183333	0.1925	0.193854	0.195208	0.196563	0.197917	0.199271	0.200625	0.201979	0.203333	0.204688	0.206042	0.207396	0.20875	0.210104	0.211458	0.212813	0.214167	0.215521	0.216875	0.218229	0.219583	0.220938	0.222292	0.223646	0.225	0.226354	0.227708	0.229063	0.230417	0.231771	0.233125	0.234479	0.235833	0.237187	0.238542	0.239896	0.24125	0.242604	0.243958	0.245312	0.246667	0.248021	0.249375	0.250729	0.252083	0.253437	0.254792	0.256146	0.2575	0.258854	0.260208	0.261562	0.262917	0.264271	0.265625	0.266979	0.268333	0.269688	0.271042	0.272396	0.27375	0.275104	0.276458	0.277813	0.279167	0.280521	0.281875	0.283229	0.284583	0.285938	0.287292	0.288646	0.29	0.291354	0.292708	0.294063	0.295417	0.296771	0.298125	0.299479	0.300833	0.302187	0.303542	0.304896	0.30625	0.307604	0.308958	0.310312	0.311667	0.313021	0.314375	0.315729	0.317083	0.318438	0.319792	0.321146	0.3225	0.323854	0.325208	0.326563	0.327917	0.329271	0.330625	0.331979	0.333333	0.334688	0.336042	0.337396	0.33875	0.340104	0.341458	0.342813	0.344167	0.345521	0.346875	0.348229	0.349583	0.350938	0.352292	0.345833	0.339375	0.332917	0.326458	0.32	0.313542	0.307083	0.300625	0.294167	0.287708	0.28125	0.274792	0.268333	0.261875	0.255417	0.248958	0.2425	0.236042	0.229583	0.223125	0.216667	0.210208	0.20375	0.197292	0.190833	0.184375	0.177917	0.171458	0.165	0.158542	0.152083	0.145625	0.139167	0.132708	0.12625	0.119792	0.113333	0.106875	0.100417	0.0939583	0.0875	0.0810417	0.0745833	0.068125	0.0616667	0.0552083	0.04875	0.0422917	0.0358333	0.029375	0.0229167	0.0164583	0.01	0.00354167	-0.00291667	-0.009375	-0.0158333	-0.0222917	-0.02875	-0.0352083	-0.0416667	-0.048125	-0.0545833	-0.0610417	-0.0675	-0.0739583	-0.0804167	-0.086875	-0.0933333	-0.0997917	-0.10625	-0.112708	-0.119167	-0.125625	-0.132083	-0.138542	-0.145	-0.151458	-0.157917	-0.164375	-0.170833	-0.177292	-0.18375	-0.190208	-0.196667	-0.203125	-0.209583	-0.216042	-0.2225	-0.228958	-0.235417	-0.241875	-0.248333	-0.254792	-0.26125	-0.267708	-0.274167	-0.280625	-0.287083	-0.293542	-0.3	-0.306458	-0.30625	-0.306042	-0.305833	-0.305625	-0.305417	-0.305208	-0.305	-0.304792	-0.304583	-0.304375	-0.304167	-0.303958	-0.30375	-0.303542	-0.303333	-0.303125	-0.302917	-0.302708	-0.3025	-0.302292	-0.302083	-0.301875	-0.301667	-0.301458	-0.30125	-0.301042	-0.300833	-0.300625	-0.300417	-0.300208	-0.3	-0.299792	-0.299583	-0.299375	-0.299167	-0.298958	-0.29875	-0.298542	-0.298333	-0.298125	-0.297917	-0.297708	-0.2975	-0.297292	-0.297083	-0.296875	-0.296667	-0.296458	-0.29625	-0.296042	-0.295833	-0.295625	-0.295417	-0.295208	-0.295	-0.294792	-0.294583	-0.294375	-0.294167	-0.293958	-0.29375	-0.293542	-0.293333	-0.293125	-0.292917	-0.292708	-0.2925	-0.292292	-0.292083	-0.291875	-0.291667	-0.291458	-0.29125	-0.291042	-0.290833	-0.290625	-0.290417	-0.290208	-0.29	-0.289792	-0.289583	-0.289375	-0.289167	-0.288958	-0.28875	-0.288542	-0.288333	-0.288125	-0.287917	-0.287708	-0.2875	-0.287292	-0.287083	-0.286875	-0.286667	-0.286458	-0.28625	-0.286042	-0.285833	-0.285625	-0.285417	-0.285208	-0.285	-0.284792	-0.284583	-0.284375	-0.284167	-0.283958	-0.28375	-0.283542	-0.283333	-0.283125	-0.282917	-0.282708	-0.2825	-0.282292	-0.282083	-0.281875	-0.275	-0.268125	-0.26125	-0.254375	-0.2475	-0.240625	-0.23375	-0.226875	-0.22	-0.213125	-0.20625	-0.199375	-0.1925	-0.185625	-0.17875	-0.171875	-0.165	-0.158125	-0.15125	-0.144375	-0.1375	-0.130625	-0.12375	-0.116875	-0.11	-0.103125	-0.09625	-0.089375	-0.0825	-0.075625	-0.06875	-0.061875	-0.055	-0.048125	-0.04125	-0.034375	-0.0275	-0.020625	-0.01375	-0.006875	0
0	0.00916667	0.0183333	0.0275	0.0366667	0.0458333	0.055	0.0641667	0.0733333	0.0825	0.0916667	0.100833	0.11	0.119167	0.128333	0.1375	0.146667	0.155833	0.165	0.174167	0.183333	0.1925	0.201667	0.210833	0.22	0.229167	0.238333	0.2475	0.256667	0.265833	0.275	0.284167	0.293333	0.3025	0.311667	0.320833	0.33	0.339167	0.348333	0.3575	0.366667	0.375833	0.377188	0.378542	0.379896	0.38125	0.382604	0.383958	0.385313	0.386667	0.388021	0.389375	0.390729	0.392083	0.393438	0.394792	0.396146	0.3975	0.398854	0.400208	0.401563	0.402917	0.404271	0.405625	0.406979	0.408333	0.409688	0.411042	0.412396	0.41375	0.415104	0.416458	0.417812	0.419167	0.420521	0.421875	0.423229	0.424583	0.425937	0.427292	0.428646	0.43	0.431354	0.432708	0.434062	0.435417	0.436771	0.438125	0.439479	0.440833	0.442187	0.443542	0.444896	0.44625	0.447604	0.448958	0.450312	0.451667	0.453021	0.454375	0.455729	0.457083	0.458437	0.459792	0.461146	0.4625	0.463854	0.465208	0.466563	0.467917	0.469271	0.470625	0.471979	0.473333	0.474688	0.476042	0.477396	0.47875	0.480104	0.481458	0.475	0.468542	0.462083	0.455625	0.449167	0.442708	0.43625	0.429792	0.423333	0.416875	0.410417	0.403958	0.3975	0.391042	0.384583	0.378125	0.371667	0.365208	0.35875	0.352292	0.345833	0.339375	0.332917	0.326458	0.32	0.313542	0.307083	0.300625	0.294167	0.287708	0.28125	0.274792	0.268333	0.261875	0.255417	0.248958	0.2425	0.236042	0.229583	0.223125	0.216667	0.210208	0.20375	0.197292	0.190833	0.184375	0.177917	0.171458	0.165	0.158542	0.152083	0.145625	0.139167	0.132708	0.12625	0.119792	0.113333	0.106875	0.100417	0.0939583	0.0875	0.0810417	0.0745833	0.068125	0.0616667	0.0552083	0.04875	0.0422917	0.0358333	0.029375	0.0229167	0.0164583	0.01	0.00354167	-0.00291667	-0.009375	-0.0158333	-0.0222917	-0.02875	-0.0352083	-0.0416667	-0.048125	-0.0545833	-0.0610417	-0.0675	-0.0739583	-0.0804167	-0.086875	-0.0933333	-0.0997917	-0.10625	-0.112708	-0.119167	-0.125625	-0.132083	-0.138542	-0.145	-0.151458	-0.157917	-0.164375	-0.170833	-0.177292	-0.18375	-0.190208	-0.196667	-0.203125	-0.209583	-0.216042	-0.2225	-0.228958	-0.235417	-0.241875	-0.248333	-0.254792	-0.26125	-0.267708	-0.274167	-0.280625	-0.287083	-0.293542	-0.3	-0.306458	-0.312917	-0.319375	-0.325833	-0.332292	-0.33875	-0.345208	-0.351667	-0.358125	-0.364583	-0.371042	-0.3775	-0.383958	-0.390417	-0.396875	-0.403333	-0.409792	-0.41625	-0.422708	-0.429167	-0.435625	-0.435417	-0.435208	-0.435	-0.434792	-0.434583	-0.434375	-0.434167	-0.433958	-0.43375	-0.433542	-0.433333	-0.433125	-0.432917	-0.432708	-0.4325	-0.432292	-0.432083	-0.431875	-0.431667	-0.431458	-0.43125	-0.431042	-0.430833	-0.430625	-0.430417	-0.430208	-0.43	-0.429792	-0.429583	-0.429375	-0.429167	-0.428958	-0.42875	-0.428542	-0.428333	-0.428125	-0.427917	-0.427708	-0.4275	-0.427292	-0.427083	-0.426875	-0.426667	-0.426458	-0.42625	-0.426042	-0.425833	-0.425625	-0.425417	-0.425208	-0.425	-0.424792	-0.424583	-0.424375	-0.424167	-0.423958	-0.42375	-0.423542	-0.423333	-0.423125	-0.422917	-0.422708	-0.4225	-0.422292	-0.422083	-0.421875	-0.421667	-0.421458	-0.42125	-0.421042	-0.420833	-0.420625	-0.420417	-0.420208	-0.42	-0.419792	-0.419583	-0.419375	-0.4125	-0.405625	-0.39875	-0.391875	-0.385	-0.378125	-0.37125	-0.364375	-0.3575	-0.350625	-0.34375	-0.336875	-0.33	-0.323125	-0.31625	-0.309375	-0.3025	-0.295625	-0.28875	-0.281875	-0.275	-0.268125	-0.26125	-0.254375	-0.2475	-0.240625	-0.23375	-0.226875	-0.22	-0.213125	-0.20625	-0.199375	-0.1925	-0.185625	-0.17875	-0.171875	-0.165	-0.158125	-0.15125	-0.144375	-0.1375	-0.130625	-0.12375	-0.116875	-0.11	-0.103125	-0.09625	-0.089375	-0.0825	-0.075625	-0.06875	-0.061875	-0.055	-0.048125	-0.04125	-0.034375	-0.0275	-0.020625	-0.01375	-0.006875	0
0	0.00916667	0.0183333	0.0275	0.0366667	0.0458333	0.055	0.0641667	0.0733333	0.0825	0.0916667	0.100833	0.11	0.119167	0.128333	0.1375	0.146667	0.155833	0.165	0.174167	0.183333	0.1925	0.201667	0.210833	0.22	0.229167	0.238333	0.2475	0.256667	0.265833	0.275	0.284167	0.293333	0.3025	0.311667	0.320833	0.33	0.339167	0.348333	0.3575	0.366667	0.375833	0.385	0.394167	0.403333	0.4125	0.421667	0.430833	0.44	0.449167	0.458333	0.4675	0.476667	0.485833	0.495	0.504167	0.513333	0.5225	0.531667	0.540833	0.55	0.559167	0.560521	0.561875	0.563229	0.564583	0.565938	0.567292	0.568646	0.57	0.571354	0.572708	0.574063	0.575417	0.576771	0.578125	0.579479	0.580833	0.582188	0.583542	0.584896	0.58625	0.587604	0.588958	0.590313	0.591667	0.593021	0.594375	0.595729	0.597083	0.598438	0.599792	0.601146	0.6025	0.603854	0.605208	0.606562	0.607917	0.609271	0.610625	0.604167	0.597708	0.59125	0.584792	0.578333	0.571875	0.565417	0.558958	0.5525	0.546042	0.539583	0.533125	0.526667	0.520208	0.51375	0.507292	0.500833	0.494375	0.487917	0.481458	0.475	0.468542	0.462083	0.455625	0.449167	0.442708	0.43625	0.429792	0.423333	0.416875	0.410417	0.403958	0.3975	0.391042	0.384583	0.378125	0.371667	0.365208	0.35875	0.352292	0.345833	0.339375	0.332917	0.326458	0.32	0.313542	0.307083	0.300625	0.294167	0.287708	0.28125	0.274792	0.268333	0.261875	0.255417	0.248958	0.2425	0.236042	0.229583	0.223125	0.216667	0.210208	0.20375	0.197292	0.190833	0.184375	0.177917	0.171458	0.165	0.158542	0.152083	0.145625	0.139167	0.132708	0.12625	0.119792	0.113333	0.106875	0.100417	0.0939583	0.0875	0.0810417	0.0745833	0.068125	0.0616667	0.0552083	0.04875	0.0422917	0.0358333	0.029375	0.0229167	0.0164583	0.01	0.00354167	-0.00291667	-0.009375	-0.0158333	-0.0222917	-0.02875	-0.0352083	-0.0416667	-0.048125	-0.0545833	-0.0610417	-0.0675	-0.0739583	-0.0804167	-0.086875	-0.0933333	-0.0997917	-0.10625	-0.112708	-0.119167	-0.125625	-0.132083	-0.138542	-0.145	-0.151458	-0.157917	-0.164375	-0.170833	-0.177292	-0.18375	-0.190208	-0.196667	-0.203125	-0.209583	-0.216042	-0.2225	-0.228958	-0.235417	-0.241875	-0.248333	-0.254792	-0.26125	-0.267708	-0.274167	-0.280625	-0.287083	-0.293542	-0.3	-0.306458	-0.312917	-0.319375	-0.325833	-0.332292	-0.33875	-0.345208	-0.351667	-0.358125	-0.364583	-0.371042	-0.3775	-0.383958	-0.390417	-0.396875	-0.403333	-0.409792	-0.41625	-0.422708	-0.429167	-0.435625	-0.442083	-0.448542	-0.455	-0.461458	-0.467917	-0.474375	-0.480833	-0.487292	-0.49375	-0.500208	-0.506667	-0.513125	-0.519583	-0.526042	-0.5325	-0.538958	-0.545417	-0.551875	-0.558333	-0.564792	-0.564583	-0.564375	-0.564167	-0.563958	-0.56375	-0.563542	-0.563333	-0.563125	-0.562917	-0.562708	-0.5625	-0.562292	-0.562083	-0.561875	-0.561667	-0.561458	-0.56125	-0.561042	-0.560833	-0.560625	-0.560417	-0.560208	-0.56	-0.559792	-0.559583	-0.559375	-0.559167	-0.558958	-0.55875	-0.558542	-0.558333	-0.558125	-0.557917	-0.557708	-0.5575	-0.557292	-0.557083	-0.556875	-0.55	-0.543125	-0.53625	-0.529375	-0.5225	-0.515625	-0.50875	-0.501875	-0.495	-0.488125	-0.48125	-0.474375	-0.4675	-0.460625	-0.45375	-0.446875	-0.44	-0.433125	-0.42625	-0.419375	-0.4125	-0.405625	-0.39875	-0.391875	-0.385	-0.378125	-0.37125	-0.364375	-0.3575	-0.350625	-0.34375	-0.336875	-0.33	-0.323125	-0.31625	-0.309375	-0.3025	-0.295625	-0.28875	-0.281875	-0.275	-0.268125	-0.26125	-0.254375	-0.2475	-0.240625	-0.23375	-0.226875	-0.22	-0.213125	-0.20625	-0.199375	-0.1925	-0.185625	-0.17875	-0.171875	-0.165	-0.158125	-0.15125	-0.144375	-0.1375	-0.130625	-0.12375	-0.116875	-0.11	-0.103125	-0.09625	-0.089375	-0.0825	-0.075625	-0.06875	-0.061875	-0.055	-0.048125	-0.04125	-0.034375	-0.0275	-0.020625	-0.01375	-0.006875	0
0	0.00916667	0.0183333	0.0275	0.0366667	0.0458333	0.055	0.0641667	0.0733333	0.0825	0.0916667	0.100833	0.11	0.119167	0.128333	0.1375	0.146667	0.155833	0.165	0.174167	0.183333	0.1925	0.201667	0.210833	0.22	0.229167	0.238333	0.2475	0.256667	0.265833	0.275	0.284167	0.293333	0.3025	0.311667	0.320833	0.33	0.339167	0.348333	0.3575	0.366667	0.375833	0.385	0.394167	0.403333	0.4125	0.421667	0.430833	0.44	0.449167	0.458333	0.4675	0.476667	0.485833	0.495	0.504167	0.513333	0.5225	0.531667	0.540833	0.55	0.559167	0.568333	0.5775	0.586667	0.595833	0.605	0.614167	0.623333	0.6325	0.641667	0.650833	0.66	0.669167	0.678333	0.6875	0.696667	0.705833	0.715	0.724167	0.725521	0.726875	0.720417	0.713958	0.7075	0.701042	0.694583	0.688125	0.681667	0.675208	0.66875	0.662292	0.655833	0.649375	0.642917	0.636458	0.63	0.623542	0.617083	0.610625	0.604167	0.597708	0.59125	0.584792	0.578333	0.571875	0.565417	0.558958	0.5525	0.546042	0.539583	0.533125	0.526667	0.520208	0.51375	0.507292	0.500833	0.494375	0.487917	0.481458	0.475	0.468542	0.462083	0.455625	0.449167	0.442708	0.43625	0.429792	0.423333	0.416875	0.410417	0.403958	0.3975	0.391042	0.384583	0.378125	0.371667	0.365208	0.35875	0.352292	0.345833	0.339375	0.332917	0.326458	0.32	0.313542	0.307083	0.300625	0.294167	0.287708	0.28125	0.274792	0.268333	0.261875	0.255417	0.248958	0.2425	0.236042	0.229583	0.223125	0.216667	0.210208	0.20375	0.197292	0.190833	0.184375	0.177917	0.171458	0.165	0.158542	0.152083	0.145625	0.139167	0.132708	0.12625	0.119792	0.113333	0.106875	0.100417	0.0939583	0.0875	0.0810417	0.0745833	0.068125	0.0616667	0.0552083	0.04875	0.0422917	0.0358333	0.029375	0.0229167	0.0164583	0.01	0.00354167	-0.00291667	-0.009375	-0.0158333	-0.0222917	-0.02875	-0.0352083	-0.0416667	-0.048125	-0.0545833	-0.0610417	-0.0675	-0.0739583	-0.0804167	-0.086875	-0.0933333	-0.0997917	-0.10625	-0.112708	-0.119167	-0.125625	-0.132083	-0.138542	-0.145	-0.151458	-0.157917	-0.164375	-0.170833	-0.177292	-0.18375	-0.190208	-0.196667	-0.203125	-0.209583	-0.216042	-0.2225	-0.228958	-0.235417	-0.241875	-0.248333	-0.254792	-0.26125	-0.267708	-0.274167	-0.280625	-0.287083	-0.293542	-0.3	-0.306458	-0.312917	-0.319375	-0.325833	-0.332292	-0.33875	-0.345208	-0.351667	-0.358125	-0.364583	-0.371042	-0.3775	-0.383958	-0.390417	-0.396875	-0.403333	-0.409792	-0.41625	-0.422708	-0.429167	-0.435625	-0.442083	-0.448542	-0.455	-0.461458	-0.467917	-0.474375	-0.480833	-0.487292	-0.49375	-0.500208	-0.506667	-0.513125	-0.519583	-0.526042	-0.5325	-0.538958	-0.545417	-0.551875	-0.558333	-0.564792	-0.57125	-0.577708	-0.584167	-0.590625	-0.597083	-0.603542	-0.61	-0.616458	-0.622917	-0.629375	-0.635833	-0.642292	-0.64875	-0.655208	-0.661667	-0.668125	-0.674583	-0.681042	-0.680833	-0.680625	-0.67375	-0.666875	-0.66	-0.653125	-0.64625	-0.639375	-0.6325	-0.625625	-0.61875	-0.611875	-0.605	-0.598125	-0.59125	-0.584375	-0.5775	-0.570625	-0.56375	-0.556875	-0.55	-0.543125	-0.53625	-0.529375	-0.5225	-0.515625	-0.50875	-0.501875	-0.495	-0.488125	-0.48125	-0.474375	-0.4675	-0.460625	-0.45375	-0.446875	-0.44	-0.433125	-0.42625	-0.419375	-0.4125	-0.405625	-0.39875	-0.391875	-0.385	-0.378125	-0.37125	-0.364375	-0.3575	-0.350625	-0.34375	-0.336875	-0.33	-0.323125	-0.31625	-0.309375	-0.3025	-0.295625	-0.28875	-0.281875	-0.275	-0.268125	-0.26125	-0.254375	-0.2475	-0.240625	-0.23375	-0.226875	-0.22	-0.213125	-0.20625	-0.199375	-0.1925	-0.185625	-0.17875	-0.171875	-0.165	-0.158125	-0.15125	-0.144375	-0.1375	-0.130625	-0.12375	-0.116875	-0.11	-0.103125	-0.09625	-0.089375	-0.0825	-0.075625	-0.06875	-0.061875	-0.055	-0.048125	-0.04125	-0.034375	-0.0275	-0.020625	-0.01375	-0.006875	0
0	0.00916667	0.0183333	0.0275	0.0366667	0.0458333	0.055	0.0641667	0.0733333	0.0825	0.0916667	0.100833	0.11	0.119167	0.128333	0.1375	0.146667	0.155833	0.165	0.174167	0.183333	0.1925	0.201667	0.210833	0.22	0.229167	0.238333	0.2475	0.256667	0.265833	0.275	0.284167	0.293333	0.3025	0.311667	0.320833	0.33	0.339167	0.348333	0.3575	0.366667	0.375833	0.385	0.394167	0.403333	0.4125	0.421667	0.430833	0.44	0.449167	0.458333	0.4675	0.476667	0.485833	0.495	0.504167	0.513333	0.5225	0.531667	0.540833	0.542188	0.543542	0.544896	0.54625	0.547604	0.548958	0.550313	0.551667	0.553021	0.554375	0.555729	0.557083	0.558438	0.559792	0.561146	0.5625	0.563854	0.565208	0.566563	0.567917	0.569271	0.570625	0.571979	0.573333	0.574688	0.576042	0.577396	0.57875	0.580104	0.581458	0.582812	0.584167	0.585521	0.586875	0.588229	0.589583	0.590938	0.592292	0.593646	0.595	0.596354	0.597708	0.59125	0.584792	0.578333	0.571875	0.565417	0.558958	0.5525	0.546042	0.539583	0.533125	0.526667	0.520208	0.51375	0.507292	0.500833	0.494375	0.487917	0.481458	0.475	0.468542	0.462083	0.455625	0.449167	0.442708	0.43625	0.429792	0.423333	0.416875	0.410417	0.403958	0.3975	0.391042	0.384583	0.378125	0.371667	0.365208	0.35875	0.352292	0.345833	0.339375	0.332917	0.326458	0.32	0.313542	0.307083	0.300625	0.294167	0.287708	0.28125	0.274792	0.268333	0.261875	0.255417	0.248958	0.2425	0.236042	0.229583	0.223125	0.216667	0.210208	0.20375	0.197292	0.190833	0.184375	0.177917	0.171458	0.165	0.158542	0.152083	0.145625	0.139167	0.132708	0.12625	0.119792	0.113333	0.106875	0.100417	0.0939583	0.0875	0.0810417	0.0745833	0.068125	0.0616667	0.0552083	0.04875	0.0422917	0.0358333	0.029375	0.0229167	0.0164583	0.01	0.00354167	-0.00291667	-0.009375	-0.0158333	-0.0222917	-0.02875	-0.0352083	-0.0416667	-0.048125	-0.0545833	-0.0610417	-0.0675	-0.0739583	-0.0804167	-0.086875	-0.0933333	-0.0997917	-0.10625	-0.112708	-0.119167	-0.125625	-0.132083	-0.138542	-0.145	-0.151458	-0.157917	-0.164375	-0.170833	-0.177292	-0.18375	-0.190208	-0.196667	-0.203125	-0.209583	-0.216042	-0.2225	-0.228958	-0.235417	-0.241875	-0.248333	-0.254792	-0.26125	-0.267708	-0.274167	-0.280625	-0.287083	-0.293542	-0.3	-0.306458	-0.312917	-0.319375	-0.325833	-0.332292	-0.33875	-0.345208	-0.351667	-0.358125	-0.364583	-0.371042	-0.3775	-0.383958	-0.390417	-0.396875	-0.403333	-0.409792	-0.41625	-0.422708	-0.429167	-0.435625	-0.442083	-0.448542	-0.455	-0.461458	-0.467917	-0.474375	-0.480833	-0.487292	-0.49375	-0.500208	-0.506667	-0.513125	-0.519583	-0.526042	-0.5325	-0.538958	-0.545417	-0.551875	-0.551667	-0.551458	-0.55125	-0.551042	-0.550833	-0.550625	-0.550417	-0.550208	-0.55	-0.549792	-0.549583	-0.549375	-0.549167	-0.548958	-0.54875	-0.548542	-0.548333	-0.548125	-0.547917	-0.547708	-0.5475	-0.547292	-0.547083	-0.546875	-0.546667	-0.546458	-0.54625	-0.546042	-0.545833	-0.545625	-0.545417	-0.545208	-0.545	-0.544792	-0.544583	-0.544375	-0.544167	-0.543958	-0.54375	-0.543542	-0.543333	-0.543125	-0.53625	-0.529375	-0.5225	-0.515625	-0.50875	-0.501875	-0.495	-0.488125	-0.48125	-0.474375	-0.4675	-0.460625	-0.45375	-0.446875	-0.44	-0.433125	-0.42625	-0.419375	-0.4125	-0.405625	-0.39875	-0.391875	-0.385	-0.378125	-0.37125	-0.364375	-0.3575	-0.350625	-0.34375	-0.336875	-0.33	-0.323125	-0.31625	-0.309375	-0.3025	-0.295625	-0.28875	-0.281875	-0.275	-0.268125	-0.26125	-0.254375	-0.2475	-0.240625	-0.23375	-0.226875	-0.22	-0.213125	-0.20625	-0.199375	-0.1925	-0.185625	-0.17875	-0.171875	-0.165	-0.158125	-0.15125	-0.144375	-0.1375	-0.130625	-0.12375	-0.116875	-0.11	-0.103125	-0.09625	-0.089375	-0.0825	-0.075625	-0.06875	-0.061875	-0.055	-0.048125	-0.04125	-0.034375	-0.0275	-0.020625	-0.01375	-0.006875	0
0	0.00916667	0.0183333	0.0275	0.0366667	0.0458333	0.055	0.0641667	0.0733333	0.0825	0.0916667	0.100833	0.11	0.119167	0.128333	0.1375	0.146667	0.155833	0.165	0.174167	0.183333	0.1925	0.201667	0.210833	0.22	0.229167	0.238333	0.2475	0.256667	0.265833	0.275	0.284167	0.293333	0.3025	0.311667	0.320833	0.33	0.339167	0.348333	0.3575	0.358854	0.360208	0.361563	0.362917	0.364271	0.365625	0.366979	0.368333	0.369688	0.371042	0.372396	0.37375	0.375104	0.376458	0.377813	0.379167	0.380521	0.381875	0.383229	0.384583	0.385938	0.387292	0.388646	0.39	0.391354	0.392708	0.394062	0.395417	0.396771	0.398125	0.399479	0.400833	0.402187	0.403542	0.404896	0.40625	0.407604	0.408958	0.410312	0.411667	0.413021	0.414375	0.415729	0.417083	0.418437	0.419792	0.421146	0.4225	0.423854	0.425208	0.426562	0.427917	0.429271	0.430625	0.431979	0.433333	0.434688	0.436042	0.437396	0.43875	0.440104	0.441458	0.442813	0.444167	0.445521	0.446875	0.448229	0.449583	0.450937	0.452292	0.453646	0.455	0.456354	0.457708	0.459063	0.460417	0.461771	0.463125	0.464479	0.465833	0.467188	0.468542	0.462083	0.455625	0.449167	0.442708	0.43625	0.429792	0.423333	0.416875	0.410417	0.403958	0.3975	0.391042	0.384583	0.378125	0.371667	0.365208	0.35875	0.352292	0.345833	0.339375	0.332917	0.326458	0.32	0.313542	0.307083	0.300625	0.294167	0.287708	0.28125	0.274792	0.268333	0.261875	0.255417	0.248958	0.2425	0.236042	0.229583	0.223125	0.216667	0.210208	0.20375	0.197292	0.190833	0.184375	0.177917	0.171458	0.165	0.158542	0.152083	0.145625	0.139167	0.132708	0.12625	0.119792	0.113333	0.106875	0.100417	0.0939583	0.0875	0.0810417	0.0745833	0.068125	0.0616667	0.0552083	0.04875	0.0422917	0.0358333	0.029375	0.0229167	0.0164583	0.01	0.00354167	-0.00291667	-0.009375	-0.0158333	-0.0222917	-0.02875	-0.0352083	-0.0416667	-0.048125	-0.0545833	-0.0610417	-0.0675	-0.0739583	-0.0804167	-0.086875	-0.0933333	-0.0997917	-0.10625	-0.112708	-0.119167	-0.125625	-0.132083	-0.138542	-0.145	-0.151458	-0.157917	-0.164375	-0.170833	-0.177292	-0.18375	-0.190208	-0.196667	-0.203125	-0.209583	-0.216042	-0.2225	-0.228958	-0.235417	-0.241875	-0.248333	-0.254792	-0.26125	-0.267708	-0.274167	-0.280625	-0.287083	-0.293542	-0.3	-0.306458	-0.312917	-0.319375	-0.325833	-0.332292	-0.33875	-0.345208	-0.351667	-0.358125	-0.364583	-0.371042	-0.3775	-0.383958	-0.390417	-0.396875	-0.403333	-0.409792	-0.41625	-0.422708	-0.4225	-0.422292	-0.422083	-0.421875	-0.421667	-0.421458	-0.42125	-0.421042	-0.420833	-0.420625	-0.420417	-0.420208	-0.42	-0.419792	-0.419583	-0.419375	-0.419167	-0.418958	-0.41875	-0.418542	-0.418333	-0.418125	-0.417917	-0.417708	-0.4175	-0.417292	-0.417083	-0.416875	-0.416667	-0.416458	-0.41625	-0.416042	-0.415833	-0.415625	-0.415417	-0.415208	-0.415	-0.414792	-0.414583	-0.414375	-0.414167	-0.413958	-0.41375	-0.413542	-0.413333	-0.413125	-0.412917	-0.412708	-0.4125	-0.412292	-0.412083	-0.411875	-0.411667	-0.411458	-0.41125	-0.411042	-0.410833	-0.410625	-0.410417	-0.410208	-0.41	-0.409792	-0.409583	-0.409375	-0.409167	-0.408958	-0.40875	-0.408542	-0.408333	-0.408125	-0.407917	-0.407708	-0.4075	-0.407292	-0.407083	-0.406875	-0.406667	-0.406458	-0.40625	-0.406042	-0.405833	-0.405625	-0.39875	-0.391875	-0.385	-0.378125	-0.37125	-0.364375	-0.3575	-0.350625	-0.34375	-0.336875	-0.33	-0.323125	-0.31625	-0.309375	-0.3025	-0.295625	-0.28875	-0.281875	-0.275	-0.268125	-0.26125	-0.254375	-0.2475	-0.240625	-0.23375	-0.226875	-0.22	-0.213125	-0.20625	-0.199375	-0.1925	-0.185625	-0.17875	-0.171875	-0.165	-0.158125	-0.15125	-0.144375	-0.1375	-0.130625	-0.12375	-0.116875	-0.11	-0.103125	-0.09625	-0.089375	-0.0825	-0.075625	-0.06875	-0.061875	-0.055	-0.048125	-0.04125	-0.034375	-0.0275	-0.020625	-0.01375	-0.006875	0
0	0.00916667	0.0183333	0.0275	0.0366667	0.0458333	0.055	0.0641667	0.0733333	0.0825	0.0916667	0.100833	0.11	0.119167	0.128333	0.1375	0.146667	0.155833	0.165	0.174167	0.175521	0.176875	0.178229	0.179583	0.180938	0.182292	0.183646	0.185	0.186354	0.187708	0.189063	0.190417	0.191771	0.193125	0.194479	0.195833	0.197187	0.198542	0.199896	0.20125	0.202604	0.203958	0.205312	0.206667	0.208021	0.209375	0.210729	0.212083	0.213437	0.214792	0.216146	0.2175	0.218854	0.220208	0.221562	0.222917	0.224271	0.225625	0.226979	0.228333	0.229687	0.231042	0.232396	0.23375	0.235104	0.236458	0.237812	0.239167	0.240521	0.241875	0.243229	0.244583	0.245938	0.247292	0.248646	0.25	0.251354	0.252708	0.254063	0.255417	0.256771	0.258125	0.259479	0.260833	0.262188	0.263542	0.264896	0.26625	0.267604	0.268958	0.270312	0.271667	0.273021	0.274375	0.275729	0.277083	0.278437	0.279792	0.281146	0.2825	0.283854	0.285208	0.286562	0.287917	0.289271	0.290625	0.291979	0.293333	0.294688	0.296042	0.297396	0.29875	0.300104	0.301458	0.302813	0.304167	0.305521	0.306875	0.308229	0.309583	0.310938	0.312292	0.313646	0.315	0.316354	0.317708	0.319063	0.320417	0.321771	0.323125	0.324479	0.325833	0.327188	0.328542	0.329896	0.33125	0.332604	0.333958	0.335313	0.336667	0.338021	0.339375	0.332917	0.326458	0.32	0.313542	0.307083	0.300625	0.294167	0.287708	0.28125	0.274792	0.268333	0.261875	0.255417	0.248958	0.2425	0.236042	0.229583	0.223125	0.216667	0.210208	0.20375	0.197292	0.190833	0.184375	0.177917	0.171458	0.165	0.158542	0.152083	0.145625	0.139167	0.132708	0.12625	0.119792	0.113333	0.106875	0.100417	0.0939583	0.0875	0.0810417	0.0745833	0.068125	0.0616667	0.0552083	0.04875	0.0422917	0.0358333	0.029375	0.0229167	0.0164583	0.01	0.00354167	-0.00291667	-0.009375	-0.0158333	-0.0222917	-0.02875	-0.0352083	-0.0416667	-0.048125	-0.0545833	-0.0610417	-0.0675	-0.0739583	-0.0804167	-0.086875	-0.0933333	-0.0997917	-0.10625	-0.112708	-0.119167	-0.125625	-0.132083	-0.138542	-0.145	-0.151458	-0.157917	-0.164375	-0.170833	-0.177292	-0.18375	-0.190208	-0.196667	-0.203125	-0.209583	-0.216042	-0.2225	-0.228958	-0.235417	-0.241875	-0.248333	-0.254792	-0.26125	-0.267708	-0.274167	-0.280625	-0.287083	-0.293542	-0.293333	-0.293125	-0.292917	-0.292708	-0.2925	-0.292292	-0.292083	-0.291875	-0.291667	-0.291458	-0.29125	-0.291042	-0.290833	-0.290625	-0.290417	-0.290208	-0.29	-0.289792	-0.289583	-0.289375	-0.289167	-0.288958	-0.28875	-0.288542	-0.288333	-0.288125	-0.287917	-0.287708	-0.2875	-0.287292	-0.287083	-0.286875	-0.286667	-0.286458	-0.28625	-0.286042	-0.285833	-0.285625	-0.285417	-0.285208	-0.285	-0.284792	-0.284583	-0.284375	-0.284167	-0.283958	-0.28375	-0.283542	-0.283333	-0.283125	-0.282917	-0.282708	-0.2825	-0.282292	-0.282083	-0.281875	-0.281667	-0.281458	-0.28125	-0.281042	-0.280833	-0.280625	-0.280417	-0.280208	-0.28	-0.279792	-0.279583	-0.279375	-0.279167	-0.278958	-0.27875	-0.278542	-0.278333	-0.278125	-0.277917	-0.277708	-0.2775	-0.277292	-0.277083	-0.276875	-0.276667	-0.276458	-0.27625	-0.276042	-0.275833	-0.275625	-0.275417	-0.275208	-0.275	-0.274792	-0.274583	-0.274375	-0.274167	-0.273958	-0.27375	-0.273542	-0.273333	-0.273125	-0.272917	-0.272708	-0.2725	-0.272292	-0.272083	-0.271875	-0.271667	-0.271458	-0.27125	-0.271042	-0.270833	-0.270625	-0.270417	-0.270208	-0.27	-0.269792	-0.269583	-0.269375	-0.269167	-0.268958	-0.26875	-0.268542	-0.268333	-0.268125	-0.26125	-0.254375	-0.2475	-0.240625	-0.23375	-0.226875	-0.22	-0.213125	-0.20625	-0.199375	-0.1925	-0.185625	-0.17875	-0.171875	-0.165	-0.158125	-0.15125	-0.144375	-0.1375	-0.130625	-0.12375	-0.116875	-0.11	-0.103125	-0.09625	-0.089375	-0.0825	-0.075625	-0.06875	-0.061875	-0.055	-0.048125	-0.04125	-0.034375	-0.0275	-0.020625	-0.01375	-0.006875	0
0	-0.00645833	-0.00510417	-0.00375	-0.00239583	-0.00104167	0.0003125	0.00166667	0.00302083	0.004375	0.00572917	0.00708333	0.0084375	0.00979167	0.0111458	0.0125	0.0138542	0.0152083	0.0165625	0.0179167	0.0192708	0.020625	0.0219792	0.0233333	0.0246875	0.0260417	0.0273958	0.02875	0.0301042	0.0314583	0.0328125	0.0341667	0.0355208	0.036875	0.0382292	0.0395833	0.0409375	0.0422917	0.0436458	0.045	0.0463542	0.0477083	0.0490625	0.0504167	0.0517708	0.053125	0.0544792	0.0558333	0.0571875	0.0585417	0.0598958	0.06125	0.0626042	0.0639583	0.0653125	0.0666667	0.0680208	0.069375	0.0707292	0.0720833	0.0734375	0.0747917	0.0761458	0.0775	0.0788542	0.0802083	0.0815625	0.0829167	0.0842708	0.085625	0.0869792	0.0883333	0.0896875	0.0910417	0.0923958	0.09375	0.0951042	0.0964583	0.0978125	0.0991667	0.100521	0.101875	0.103229	0.104583	0.105937	0.107292	0.108646	0.11	0.111354	0.112708	0.114063	0.115417	0.116771	0.118125	0.119479	0.120833	0.122188	0.123542	0.124896	0.12625	0.127604	0.128958	0.130313	0.131667	0.133021	0.134375	0.135729	0.137083	0.138438	0.139792	0.141146	0.1425	0.143854	0.145208	0.146563	0.147917	0.149271	0.150625	0.151979	0.153333	0.154688	0.156042	0.157396	0.15875	0.160104	0.161458	0.162813	0.164167	0.165521	0.166875	0.168229	0.169583	0.170938	0.172292	0.173646	0.175	0.176354	0.177708	0.179063	0.180417	0.181771	0.183125	0.184479	0.185833	0.187188	0.188542	0.189896	0.19125	0.192604	0.193958	0.195313	0.196667	0.198021	0.199375	0.200729	0.202083	0.203438	0.204792	0.206146	0.2075	0.208854	0.210208	0.20375	0.197292	0.190833	0.184375	0.177917	0.171458	0.165	0.158542	0.152083	0.145625	0.139167	0.132708	0.12625	0.119792	0.113333	0.106875	0.100417	0.0939583	0.0875	0.0810417	0.0745833	0.068125	0.0616667	0.0552083	0.04875	0.0422917	0.0358333	0.029375	0.0229167	0.0164583	0.01	0.00354167	-0.00291667	-0.009375	-0.0158333	-0.0222917	-0.02875	-0.0352083	-0.0416667	-0.048125	-0.0545833	-0.0610417	-0.0675	-0.0739583	-0.0804167	-0.086875	-0.0933333	-0.0997917	-0.10625	-0.112708	-0.119167	-0.125625	-0.132083	-0.138542	-0.145	-0.151458	-0.157917	-0.164375	-0.164167	-0.163958	-0.16375	-0.163542	-0.163333	-0.163125	-0.162917	-0.162708	-0.1625	-0.162292	-0.162083	-0.161875	-0.161667	-0.161458	-0.16125	-0.161042	-0.160833	-0.160625	-0.160417	-0.160208	-0.16	-0.159792	-0.159583	-0.159375	-0.159167	-0.158958	-0.15875	-0.158542	-0.158333	-0.158125	-0.157917	-0.157708	-0.1575	-0.157292	-0.157083	-0.156875	-0.156667	-0.156458	-0.15625	-0.156042	-0.155833	-0.155625	-0.155417	-0.155208	-0.155	-0.154792	-0.154583	-0.154375	-0.154167	-0.153958	-0.15375	-0.153542	-0.153333	-0.153125	-0.152917	-0.152708	-0.1525	-0.152292	-0.152083	-0.151875	-0.151667	-0.151458	-0.15125	-0.151042	-0.150833	-0.150625	-0.150417	-0.150208	-0.15	-0.149792	-0.149583	-0.149375	-0.149167	-0.148958	-0.14875	-0.148542	-0.148333	-0.148125	-0.147917	-0.147708	-0.1475	-0.147292	-0.147083	-0.146875	-0.146667	-0.146458	-0.14625	-0.146042	-0.145833	-0.145625	-0.145417	-0.145208	-0.145	-0.144792	-0.144583	-0.144375	-0.144167	-0.143958	-0.14375	-0.143542	-0.143333	-0.143125	-0.142917	-0.142708	-0.1425	-0.142292	-0.142083	-0.141875	-0.141667	-0.141458	-0.14125	-0.141042	-0.140833	-0.140625	-0.140417	-0.140208	-0.14	-0.139792	-0.139583	-0.139375	-0.139167	-0.138958	-0.13875	-0.138542	-0.138333	-0.138125	-0.137917	-0.137708	-0.1375	-0.137292	-0.137083	-0.136875	-0.136667	-0.136458	-0.13625	-0.136042	-0.135833	-0.135625	-0.135417	-0.135208	-0.135	-0.134792	-0.134583	-0.134375	-0.134167	-0.133958	-0.13375	-0.133542	-0.133333	-0.133125	-0.132917	-0.132708	-0.1325	-0.132292	-0.132083	-0.131875	-0.131667	-0.131458	-0.13125	-0.131042	-0.130833	-0.130625	-0.12375	-0.116875	-0.11	-0.103125	-0.09625	-0.089375	-0.0825	-0.075625	-0.06875	-0.061875	-0.055	-0.048125	-0.04125	-0.034375	-0.0275	-0.020625	-0.01375	-0.006875	0
0	-0.00645833	-0.0129167	-0.019375	-0.0258333	-0.0322917	-0.03875	-0.0452083	-0.0516667	-0.058125	-0.0645833	-0.0710417	-0.0775	-0.0839583	-0.0904167	-0.096875	-0.103333	-0.109792	-0.11625	-0.122708	-0.129167	-0.135625	-0.134271	-0.132917	-0.131563	-0.130208	-0.128854	-0.1275	-0.126146	-0.124792	-0.123438	-0.122083	-0.120729	-0.119375	-0.118021	-0.116667	-0.115312	-0.113958	-0.112604	-0.11125	-0.109896	-0.108542	-0.107187	-0.105833	-0.104479	-0.103125	-0.101771	-0.100417	-0.0990625	-0.0977083	-0.0963542	-0.095	-0.0936458	-0.0922917	-0.0909375	-0.0895833	-0.0882292	-0.086875	-0.0855208	-0.0841667	-0.0828125	-0.0814583	-0.0801042	-0.07875	-0.0773958	-0.0760417	-0.0746875	-0.0733333	-0.0719792	-0.070625	-0.0692708	-0.0679167	-0.0665625	-0.0652083	-0.0638542	-0.0625	-0.0611458	-0.0597917	-0.0584375	-0.0570833	-0.0557292	-0.054375	-0.0530208	-0.0516667	-0.0503125	-0.0489583	-0.0476042	-0.04625	-0.0448958	-0.0435417	-0.0421875	-0.0408333	-0.0394792	-0.038125	-0.0367708	-0.0354167	-0.0340625	-0.0327083	-0.0313542	-0.03	-0.0286458	-0.0272917	-0.0259375	-0.0245833	-0.0232292	-0.021875	-0.0205208	-0.0191667	-0.0178125	-0.0164583	-0.0151042	-0.01375	-0.0123958	-0.0110417	-0.0096875	-0.00833333	-0.00697917	-0.005625	-0.00427083	-0.00291667	-0.0015625	-0.000208333	0.00114583	0.0025	0.00385417	0.00520833	0.0065625	0.00791667	0.00927083	0.010625	0.0119792	0.0133333	0.0146875	0.0160417	0.0173958	0.01875	0.0201042	0.0214583	0.0228125	0.0241667	0.0255208	0.026875	0.0282292	0.0295833	0.0309375	0.0322917	0.0336458	0.035	0.0363542	0.0377083	0.0390625	0.0404167	0.0417708	0.043125	0.0444792	0.0458333	0.0471875	0.0485417	0.0498958	0.05125	0.0526042	0.0539583	0.0553125	0.0566667	0.0580208	0.059375	0.0607292	0.0620833	0.0634375	0.0647917	0.0661458	0.0675	0.0688542	0.0702083	0.0715625	0.0729167	0.0742708	0.075625	0.0769792	0.0783333	0.0796875	0.0810417	0.0745833	0.068125	0.0616667	0.0552083	0.04875	0.0422917	0.0358333	0.029375	0.0229167	0.0164583	0.01	0.00354167	-0.00291667	-0.009375	-0.0158333	-0.0222917	-0.02875	-0.0352083	-0.035	-0.0347917	-0.0345833	-0.034375	-0.0341667	-0.0339583	-0.03375	-0.0335417	-0.0333333	-0.033125	-0.0329167	-0.0327083	-0.0325	-0.0322917	-0.0320833	-0.031875	-0.0316667	-0.0314583	-0.03125	-0.0310417	-0.0308333	-0.030625	-0.0304167	-0.0302083	-0.03	-0.0297917	-0.0295833	-0.029375	-0.0291667	-0.0289583	-0.02875	-0.0285417	-0.0283333	-0.028125	-0.0279167	-0.0277083	-0.0275	-0.0272917	-0.0270833	-0.026875	-0.0266667	-0.0264583	-0.02625	-0.0260417	-0.0258333	-0.025625	-0.0254167	-0.0252083	-0.025	-0.0247917	-0.0245833	-0.024375	-0.0241667	-0.0239583	-0.02375	-0.0235417	-0.0233333	-0.023125	-0.0229167	-0.0227083	-0.0225	-0.0222917	-0.0220833	-0.021875	-0.0216667	-0.0214583	-0.02125	-0.0210417	-0.0208333	-0.020625	-0.0204167	-0.0202083	-0.02	-0.0197917	-0.0195833	-0.019375	-0.0191667	-0.0189583	-0.01875	-0.0185417	-0.0183333	-0.018125	-0.0179167	-0.0177083	-0.0175	-0.0172917	-0.0170833	-0.016875	-0.0166667	-0.0164583	-0.01625	-0.0160417	-0.0158333	-0.015625	-0.0154167	-0.0152083	-0.015	-0.0147917	-0.0145833	-0.014375	-0.0141667	-0.0139583	-0.01375	-0.0135417	-0.0133333	-0.013125	-0.0129167	-0.0127083	-0.0125	-0.0122917	-0.0120833	-0.011875	-0.0116667	-0.0114583	-0.01125	-0.0110417	-0.0108333	-0.010625	-0.0104167	-0.0102083	-0.01	-0.00979167	-0.00958333	-0.009375	-0.00916667	-0.00895833	-0.00875	-0.00854167	-0.00833333	-0.008125	-0.00791667	-0.00770833	-0.0075	-0.00729167	-0.00708333	-0.006875	-0.00666667	-0.00645833	-0.00625	-0.00604167	-0.00583333	-0.005625	-0.00541667	-0.00520833	-0.005	-0.00479167	-0.00458333	-0.004375	-0.00416667	-0.00395833	-0.00375	-0.00354167	-0.00333333	-0.003125	-0.00291667	-0.00270833	-0.0025	-0.00229167	-0.00208333	-0.001875	-0.00166667	-0.00145833	-0.00125	-0.00104167	-0.000833333	-0.000625	-0.000416667	-0.000208333	-8.88178e-16	0.000208333	0.000416667	0.000625	0.000833333	0.00104167	0.00125	0.00145833	0.00166667	0.001875	0.00208333	0.00229167	0.0025	0.00270833	0.00291667	0.003125	0.00333333	0.00354167	0.00375	0.00395833	0.00416667	0.004375	0.00458333	0.00479167	0.005	0.00520833	0.00541667	0.005625	0.00583333	0.00604167	0.00625	0.00645833	0
0	-0.00645833	-0.0129167	-0.019375	-0.0258333	-0.0322917	-0.03875	-0.0452083	-0.0516667	-0.058125	-0.0645833	-0.0710417	-0.0775	-0.0839583	-0.0904167	-0.096875	-0.103333	-0.109792	-0.11625	-0.122708	-0.129167	-0.135625	-0.142083	-0.148542	-0.155	-0.161458	-0.167917	-0.174375	-0.180833	-0.187292	-0.19375	-0.200208	-0.206667	-0.213125	-0.219583	-0.226042	-0.2325	-0.238958	-0.245417	-0.251875	-0.258333	-0.264792	-0.263438	-0.262083	-0.260729	-0.259375	-0.258021	-0.256667	-0.255313	-0.253958	-0.252604	-0.25125	-0.249896	-0.248542	-0.247188	-0.245833	-0.244479	-0.243125	-0.241771	-0.240417	-0.239062	-0.237708	-0.236354	-0.235	-0.233646	-0.232292	-0.230937	-0.229583	-0.228229	-0.226875	-0.225521	-0.224167	-0.222812	-0.221458	-0.220104	-0.21875	-0.217396	-0.216042	-0.214687	-0.213333	-0.211979	-0.210625	-0.209271	-0.207917	-0.206562	-0.205208	-0.203854	-0.2025	-0.201146	-0.199792	-0.198437	-0.197083	-0.195729	-0.194375	-0.193021	-0.191667	-0.190312	-0.188958	-0.187604	-0.18625	-0.184896	-0.183542	-0.182187	-0.180833	-0.179479	-0.178125	-0.176771	-0.175417	-0.174062	-0.172708	-0.171354	-0.17	-0.168646	-0.167292	-0.165937	-0.164583	-0.163229	-0.161875	-0.160521	-0.159167	-0.157812	-0.156458	-0.155104	-0.15375	-0.152396	-0.151042	-0.149687	-0.148333	-0.146979	-0.145625	-0.144271	-0.142917	-0.141563	-0.140208	-0.138854	-0.1375	-0.136146	-0.134792	-0.133438	-0.132083	-0.130729	-0.129375	-0.128021	-0.126667	-0.125313	-0.123958	-0.122604	-0.12125	-0.119896	-0.118542	-0.117188	-0.115833	-0.114479	-0.113125	-0.111771	-0.110417	-0.109063	-0.107708	-0.106354	-0.105	-0.103646	-0.102292	-0.100938	-0.0995833	-0.0982292	-0.096875	-0.0955208	-0.0941667	-0.0928125	-0.0914583	-0.0901042	-0.08875	-0.0873958	-0.0860417	-0.0846875	-0.0833333	-0.0819792	-0.080625	-0.0792708	-0.0779167	-0.0698958	-0.061875	-0.0538542	-0.0458333	-0.0378125	-0.0297917	-0.0217708	-0.01375	-0.00572917	0.00229167	0.0103125	0.0183333	0.0263542	0.034375	0.0423958	0.0504167	0.0584375	0.0664583	0.0744792	0.0825	0.0905208	0.0985417	0.09875	0.0989583	0.0991667	0.099375	0.0995833	0.0997917	0.1	0.100208	0.100417	0.100625	0.100833	0.101042	0.10125	0.101458	0.101667	0.101875	0.102083	0.102292	0.1025	0.102708	0.102917	0.103125	0.103333	0.103542	0.10375	0.103958	0.104167	0.104375	0.104583	0.104792	0.105	0.105208	0.105417	0.105625	0.105833	0.106042	0.10625	0.106458	0.106667	0.106875	0.107083	0.107292	0.1075	0.107708	0.107917	0.108125	0.108333	0.108542	0.10875	0.108958	0.109167	0.109375	0.109583	0.109792	0.11	0.110208	0.110417	0.110625	0.110833	0.111042	0.11125	0.111458	0.111667	0.111875	0.112083	0.112292	0.1125	0.112708	0.112917	0.113125	0.113333	0.113542	0.11375	0.113958	0.114167	0.114375	0.114583	0.114792	0.115	0.115208	0.115417	0.115625	0.115833	0.116042	0.11625	0.116458	0.116667	0.116875	0.117083	0.117292	0.1175	0.117708	0.117917	0.118125	0.118333	0.118542	0.11875	0.118958	0.119167	0.119375	0.119583	0.119792	0.12	0.120208	0.120417	0.120625	0.120833	0.121042	0.12125	0.121458	0.121667	0.121875	0.122083	0.122292	0.1225	0.122708	0.122917	0.123125	0.123333	0.123542	0.12375	0.123958	0.124167	0.124375	0.124583	0.124792	0.125	0.125208	0.125417	0.125625	0.125833	0.126042	0.12625	0.126458	0.126667	0.126875	0.127083	0.127292	0.1275	0.127708	0.127917	0.128125	0.128333	0.128542	0.12875	0.128958	0.129167	0.129375	0.129583	0.129792	0.13	0.130208	0.130417	0.130625	0.130833	0.131042	0.13125	0.131458	0.131667	0.131875	0.132083	0.132292	0.1325	0.132708	0.132917	0.133125	0.133333	0.133542	0.13375	0.133958	0.134167	0.134375	0.134583	0.134792	0.135	0.135208	0.135417	0.135625	0.129167	0.122708	0.11625	0.109792	0.103333	0.096875	0.0904167	0.0839583	0.0775	0.0710417	0.0645833	0.058125	0.0516667	0.0452083	0.03875	0.0322917	0.0258333	0.019375	0.0129167	0.00645833	0
