Time N1 N2 N3
0 150 100 20
0.05 85.6003 118.875 22.2307
0.1 47.3826 122.914 24.9903
0.15 26.8159 116.608 28.0478
0.2 16.0201 104.876 31.1856
0.25 10.2517 91.0368 34.2264
0.3 7.05178 77.0324 37.0398
0.35 5.19857 63.9268 39.5423
0.4 4.08082 52.2473 41.6928
0.45 3.3839 42.1892 43.4846
0.5 2.93958 33.7454 44.9362
0.55 2.65411 26.7933 46.0807
0.6 2.47309 21.1544 46.9586
0.65 2.36367 16.6329 47.6115
0.7 2.30532 13.0387 48.0788
0.75 2.28476 10.2003 48.3953
0.8 2.29313 7.96959 48.5912
0.85 2.32441 6.22248 48.6914
0.9 2.37437 4.85738 48.7163
0.95 2.44004 3.79243 48.6824
1 2.51929 2.96235 48.6026
1.05 2.61057 2.31559 48.4873
1.1 2.71277 1.81164 48.3446
1.15 2.82512 1.41884 48.1809
1.2 2.94707 1.11249 48.001
1.25 3.07827 0.873378 47.8088
1.3 3.21849 0.686566 47.6073
1.35 3.36765 0.540461 47.3988
1.4 3.52573 0.426062 47.1851
1.45 3.6928 0.336376 46.9675
1.5 3.869 0.265974 46.7473
1.55 4.05451 0.210635 46.5252
1.6 4.24956 0.167075 46.3018
1.65 4.4544 0.132738 46.0778
1.7 4.66935 0.105632 45.8534
1.75 4.89471 0.0842015 45.629
1.8 5.13086 0.067233 45.4049
1.85 5.37815 0.0537766 45.1811
1.9 5.63699 0.0430888 44.958
1.95 5.90779 0.0345865 44.7355
2 6.19097 0.027812 44.5137
2.05 6.48699 0.0224053 44.2928
2.1 6.79629 0.0180834 44.0728
2.15 7.11936 0.0146227 43.8537
2.2 7.45666 0.0118469 43.6356
2.25 7.8087 0.00961686 43.4184
2.3 8.17597 0.00782206 43.2022
2.35 8.55898 0.00637507 42.987
2.4 8.95824 0.00520642 42.7729
2.45 9.37426 0.00426088 42.5598
2.5 9.80756 0.00349448 42.3477
2.55 10.2587 0.00287214 42.1366
2.6 10.7281 0.00236583 41.9265
2.65 11.2163 0.00195316 41.7175
2.7 11.7238 0.00161617 41.5095
2.75 12.2512 0.00134043 41.3026
2.8 12.7989 0.00111439 41.0966
2.85 13.3673 0.00092871 40.8917
2.9 13.9569 0.000775882 40.6878
2.95 14.5682 0.000649838 40.4849
3 15.2015 0.000545669 40.283
3.05 15.8573 0.0004594 40.0821
3.1 16.5359 0.000387804 39.8822
3.15 17.2375 0.000328258 39.6833
3.2 17.9625 0.000278627 39.4854
3.25 18.7111 0.00023717 39.2884
3.3 19.4835 0.000202465 39.0925
3.35 20.2799 0.000173346 38.8975
3.4 21.1002 0.00014886 38.7035
3.45 21.9446 0.000128224 38.5105
3.5 22.8131 0.000110791 38.3184
3.55 23.7054 9.60316e-05 38.1273
3.6 24.6216 8.35062e-05 37.9372
3.65 25.5613 7.28522e-05 37.748
3.7 26.5242 6.37689e-05 37.5597
3.75 27.51 5.60069e-05 37.3724
3.8 28.5182 4.93585e-05 37.186
3.85 29.5483 4.36509e-05 37.0005
3.9 30.5997 3.87396e-05 36.816
3.95 31.6717 3.45041e-05 36.6324
4 32.7635 3.08431e-05 36.4497
4.05 33.8743 2.76718e-05 36.2679
4.1 35.0031 2.49187e-05 36.087
4.15 36.149 2.25238e-05 35.907
4.2 37.3109 2.04362e-05 35.7279
4.25 38.4876 1.8613e-05 35.5497
4.3 39.678 1.70178e-05 35.3724
4.35 40.8806 1.56197e-05 35.196
4.4 42.0943 1.43925e-05 35.0204
4.45 43.3177 1.33139e-05 34.8458
4.5 44.5492 1.23647e-05 34.672
4.55 45.7875 1.15287e-05 34.4991
4.6 47.0309 1.07919e-05 34.327
4.65 48.2781 1.01424e-05 34.1558
4.7 49.5275 9.56995e-06 33.9854
4.75 50.7774 9.06577e-06 33.8159
4.8 52.0263 8.62231e-06 33.6473
4.85 53.2727 8.23309e-06 33.4795
4.9 54.5151 7.89254e-06 33.3125
4.95 55.7519 7.59588e-06 33.1463
5 56.9815 7.33903e-06 32.981
5.05 58.2026 7.11849e-06 32.8165
5.1 59.4138 6.93128e-06 32.6529
5.15 60.6136 6.7749e-06 32.49
5.2 61.8007 6.64723e-06 32.328
5.25 62.9739 6.54653e-06 32.1667
5.3 64.132 6.47138e-06 32.0063
5.35 65.2738 6.42064e-06 31.8467
5.4 66.3983 6.39346e-06 31.6878
5.45 67.5046 6.38923e-06 31.5298
5.5 68.5916 6.40759e-06 31.3725
5.55 69.6587 6.44838e-06 31.216
5.6 70.7049 6.51168e-06 31.0604
5.65 71.7298 6.59777e-06 30.9054
5.7 72.7326 6.70714e-06 30.7513
5.75 73.7128 6.8405e-06 30.5979
5.8 74.6701 6.99879e-06 30.4453
5.85 75.6041 7.18315e-06 30.2935
5.9 76.5145 7.39498e-06 30.1424
5.95 77.401 7.63593e-06 29.9921
6 78.2636 7.90792e-06 29.8425
6.05 79.1022 8.21315e-06 29.6936
6.1 79.9167 8.55416e-06 29.5455
6.15 80.7072 8.93382e-06 29.3982
6.2 81.4738 9.35538e-06 29.2515
6.25 82.2166 9.82251e-06 29.1057
6.3 82.9359 1.03393e-05 28.9605
6.35 83.6319 1.09106e-05 28.816
6.4 84.3049 1.15413e-05 28.6723
6.45 84.9552 1.22376e-05 28.5293
6.5 85.5832 1.30058e-05 28.387
6.55 86.1892 1.38535e-05 28.2455
6.6 86.7736 1.47888e-05 28.1046
6.65 87.337 1.5821e-05 27.9644
6.7 87.8797 1.69606e-05 27.8249
6.75 88.4023 1.82191e-05 27.6862
6.8 88.9051 1.96097e-05 27.5481
6.85 89.3888 2.1147e-05 27.4107
6.9 89.8538 2.28476e-05 27.274
6.95 90.3006 2.47299e-05 27.1379
7 90.7298 2.68148e-05 27.0026
7.05 91.1419 2.91257e-05 26.8679
7.1 91.5373 3.1689e-05 26.7339
7.15 91.9167 3.45343e-05 26.6006
7.2 92.2804 3.76952e-05 26.4679
7.25 92.6292 4.12093e-05 26.3359
7.3 92.9633 4.51191e-05 26.2045
7.35 93.2834 4.94727e-05 26.0739
7.4 93.59 5.43243e-05 25.9438
7.45 93.8835 5.97352e-05 25.8144
7.5 94.1643 6.57746e-05 25.6857
7.55 94.4331 7.25209e-05 25.5576
7.6 94.6901 8.00629e-05 25.4301
7.65 94.9359 8.8501e-05 25.3033
7.7 95.1709 9.79493e-05 25.1771
7.75 95.3956 0.000108537 25.0515
7.8 95.6102 0.00012041 24.9266
7.85 95.8153 0.000133736 24.8022
7.9 96.0112 0.000148703 24.6785
7.95 96.1982 0.000165526 24.5555
8 96.3769 0.00018445 24.433
8.05 96.5474 0.000205752 24.3111
8.1 96.7101 0.000229751 24.1899
8.15 96.8654 0.000256805 24.0692
8.2 97.0136 0.000287327 23.9492
8.25 97.155 0.000321786 23.8298
8.3 97.2898 0.000360716 23.7109
8.35 97.4184 0.00040473 23.5927
8.4 97.541 0.000454524 23.475
8.45 97.6579 0.000510897 23.3579
8.5 97.7693 0.000574761 23.2415
8.55 97.8755 0.00064716 23.1256
8.6 97.9767 0.00072929 23.0102
8.65 98.0731 0.000822518 22.8955
8.7 98.1649 0.000928413 22.7813
8.75 98.2524 0.00104877 22.6677
8.8 98.3357 0.00118566 22.5547
8.85 98.4149 0.00134145 22.4422
8.9 98.4904 0.00151884 22.3303
8.95 98.5622 0.00172098 22.219
9 98.6305 0.00195144 22.1082
9.05 98.6954 0.00221435 21.998
9.1 98.7571 0.00251446 21.8883
9.15 98.8157 0.00285724 21.7792
9.2 98.8713 0.00324898 21.6707
9.25 98.9241 0.00369693 21.5626
9.3 98.9741 0.00420945 21.4552
9.35 99.0215 0.00479617 21.3483
9.4 99.0663 0.00546822 21.2419
9.45 99.1086 0.00623842 21.1361
9.5 99.1485 0.00712159 21.0308
9.55 99.186 0.00813485 20.9261
9.6 99.2212 0.00929797 20.8219
9.65 99.254 0.0106338 20.7182
9.7 99.2847 0.0121689 20.6151
9.75 99.313 0.0139337 20.5126
9.8 99.339 0.0159637 20.4106
9.85 99.3628 0.0182999 20.3091
9.9 99.3841 0.0209898 20.2082
9.95 99.4031 0.0240884 20.1079
10 99.4195 0.0276595 20.0081
10.05 99.4333 0.031777 19.9089
10.1 99.4442 0.0365266 19.8103
10.15 99.4521 0.0420078 19.7123
10.2 99.4568 0.0483359 19.6149
10.25 99.458 0.0556446 19.518
10.3 99.4553 0.0640893 19.4219
10.35 99.4483 0.0738501 19.3263
10.4 99.4365 0.085136 19.2315
10.45 99.4194 0.0981895 19.1373
10.5 99.3964 0.113292 19.0439
10.55 99.3666 0.130769 18.9512
10.6 99.3291 0.151 18.8593
10.65 99.2828 0.174422 18.7683
10.7 99.2266 0.201543 18.6782
10.75 99.1591 0.232948 18.5891
10.8 99.0784 0.269318 18.501
10.85 98.9829 0.311433 18.4141
10.9 98.8701 0.360196 18.3284
10.95 98.7375 0.416643 18.244
11 98.5823 0.481966 18.1612
11.05 98.401 0.557524 18.08
11.1 98.1896 0.64487 18.0006
11.15 97.9439 0.745768 17.9232
11.2 97.6588 0.86221 17.8482
11.25 97.3285 0.996435 17.7756
11.3 96.9467 1.15094 17.706
11.35 96.5062 1.3285 17.6395
11.4 95.999 1.53212 17.5766
11.45 95.4164 1.7651 17.5177
11.5 94.7489 2.0309 17.4634
11.55 93.9862 2.33317 17.4142
11.6 93.1176 2.6756 17.3707
11.65 92.1319 3.06179 17.3337
11.7 91.0179 3.49515 17.3038
11.75 89.7647 3.97857 17.2819
11.8 88.3621 4.51425 17.2688
11.85 86.8015 5.10335 17.2654
11.9 85.0762 5.74562 17.2727
11.95 83.1823 6.43911 17.2915
12 81.1195 7.17981 17.3227
12.05 78.8917 7.96137 17.3673
12.1 76.5076 8.77498 17.4258
12.15 73.981 9.60936 17.499
12.2 71.3305 10.4509 17.5873
12.25 68.5798 11.2843 17.6908
12.3 65.7563 12.0926 17.8095
12.35 62.8904 12.8589 17.9433
12.4 60.0139 13.5662 18.0913
12.45 57.159 14.1992 18.2529
12.5 54.3564 14.7445 18.4267
12.55 51.6343 15.1917 18.6115
12.6 49.0171 15.5335 18.8055
12.65 46.5252 15.7663 19.007
12.7 44.1742 15.8896 19.2141
12.75 41.9751 15.9064 19.4248
12.8 39.9346 15.8223 19.6372
12.85 38.0556 15.6451 19.8493
12.9 36.3375 15.3843 20.0592
12.95 34.7772 15.0502 20.2653
13 33.3697 14.654 20.466
13.05 32.1083 14.2067 20.66
13.1 30.9854 13.719 20.8461
13.15 29.9931 13.2011 21.0233
13.2 29.123 12.6624 21.1907
13.25 28.3669 12.1111 21.3478
13.3 27.7168 11.5548 21.4942
13.35 27.1653 10.9997 21.6295
13.4 26.705 10.4513 21.7537
13.45 26.3295 9.91395 21.8667
13.5 26.0325 9.39133 21.9687
13.55 25.8084 8.88618 22.0598
13.6 25.6522 8.40062 22.1402
13.65 25.5592 7.93613 22.2105
13.7 25.5251 7.4937 22.2708
13.75 25.5462 7.07385 22.3217
13.8 25.6189 6.67677 22.3635
13.85 25.7402 6.30233 22.3968
13.9 25.9073 5.95017 22.422
13.95 26.1174 5.61973 22.4396
14 26.3684 5.31034 22.45
14.05 26.658 5.02121 22.4537
14.1 26.9844 4.75146 22.4511
14.15 27.3456 4.50019 22.4427
14.2 27.74 4.26648 22.4288
14.25 28.1661 4.04939 22.4099
14.3 28.6223 3.848 22.3863
14.35 29.1072 3.6614 22.3584
14.4 29.6196 3.48872 22.3266
14.45 30.1581 3.32912 22.291
14.5 30.7215 3.18178 22.2522
14.55 31.3085 3.04596 22.2102
14.6 31.9181 2.92094 22.1654
14.65 32.5489 2.80604 22.1181
14.7 33.1998 2.70064 22.0685
14.75 33.8696 2.60416 22.0167
14.8 34.5572 2.51605 21.963
14.85 35.2613 2.43581 21.9077
14.9 35.9806 2.363 21.8507
14.95 36.7141 2.2972 21.7925
15 37.4603 2.23802 21.733
15.05 38.218 2.18513 21.6725
15.1 38.9859 2.13821 21.611
15.15 39.7627 2.09699 21.5488
15.2 40.5468 2.06122 21.486
15.25 41.3371 2.0307 21.4226
15.3 42.1319 2.00524 21.3588
15.35 42.9298 1.98468 21.2947
15.4 43.7294 1.96889 21.2304
15.45 44.529 1.95776 21.166
15.5 45.3271 1.95121 21.1016
15.55 46.1222 1.9492 21.0374
15.6 46.9125 1.95167 20.9733
15.65 47.6965 1.95862 20.9095
15.7 48.4725 1.97006 20.8461
15.75 49.2387 1.98602 20.7832
15.8 49.9934 2.00655 20.7209
15.85 50.735 2.03171 20.6592
15.9 51.4615 2.0616 20.5983
15.95 52.1713 2.09633 20.5382
16 52.8625 2.13601 20.479
16.05 53.5333 2.1808 20.4209
16.1 54.182 2.23084 20.3639
16.15 54.8065 2.28631 20.3082
16.2 55.4052 2.34739 20.2537
16.25 55.9761 2.41428 20.2008
16.3 56.5174 2.48718 20.1493
16.35 57.0273 2.56631 20.0995
16.4 57.504 2.65186 20.0515
16.45 57.9455 2.74406 20.0054
16.5 58.3502 2.84312 19.9613
16.55 58.7162 2.94922 19.9193
16.6 59.042 3.06256 19.8796
16.65 59.3257 3.18329 19.8424
16.7 59.566 3.31155 19.8076
16.75 59.7612 3.44743 19.7755
16.8 59.91 3.59098 19.7462
16.85 60.0112 3.74219 19.7199
16.9 60.0637 3.90101 19.6967
16.95 60.0666 4.06729 19.6767
17 60.0191 4.24081 19.66
17.05 59.9208 4.42126 19.6469
17.1 59.7714 4.60822 19.6373
17.15 59.571 4.80117 19.6315
17.2 59.3199 4.99947 19.6295
17.25 59.0187 5.20237 19.6315
17.3 58.6686 5.40899 19.6375
17.35 58.2707 5.61834 19.6476
17.4 57.8269 5.82929 19.6618
17.45 57.3393 6.04063 19.6802
17.5 56.8103 6.25104 19.7028
17.55 56.2427 6.45912 19.7295
17.6 55.6396 6.6634 19.7603
17.65 55.0046 6.86238 19.7952
17.7 54.3412 7.05453 19.834
17.75 53.6536 7.23835 19.8767
17.8 52.9457 7.41236 19.923
17.85 52.2218 7.57515 19.9727
17.9 51.4863 7.72541 20.0257
17.95 50.7435 7.86196 20.0818
18 49.9977 7.98375 20.1406
18.05 49.2532 8.08989 20.2019
18.1 48.514 8.1797 20.2653
18.15 47.784 8.25267 20.3307
18.2 47.0668 8.30849 20.3975
18.25 46.3659 8.34704 20.4655
18.3 45.6844 8.36843 20.5344
18.35 45.0251 8.37293 20.6037
18.4 44.3905 8.36097 20.6733
18.45 43.7828 8.33319 20.7426
18.5 43.2039 8.29032 20.8114
18.55 42.6554 8.23323 20.8794
18.6 42.1384 8.16289 20.9463
18.65 41.6541 8.08036 21.0119
18.7 41.2032 7.98673 21.0757
18.75 40.7861 7.88314 21.1377
18.8 40.4031 7.77076 21.1975
18.85 40.0544 7.65072 21.2551
18.9 39.7397 7.52417 21.3102
18.95 39.4589 7.39223 21.3626
19 39.2115 7.25595 21.4123
19.05 38.9971 7.11636 21.4592
19.1 38.8151 6.97441 21.5031
19.15 38.6647 6.831 21.5441
19.2 38.5451 6.68697 21.582
19.25 38.4557 6.54307 21.6169
19.3 38.3954 6.40001 21.6487
19.35 38.3634 6.25841 21.6775
19.4 38.3587 6.11882 21.7033
19.45 38.3805 5.98175 21.7261
19.5 38.4276 5.84763 21.746
19.55 38.4991 5.71684 21.763
19.6 38.594 5.5897 21.7772
19.65 38.7114 5.46649 21.7887
19.7 38.8501 5.34744 21.7976
19.75 39.0092 5.23273 21.8039
19.8 39.1877 5.12252 21.8077
19.85 39.3846 5.01691 21.8093
19.9 39.5988 4.916 21.8085
19.95 39.8294 4.81984 21.8056
20 40.0753 4.72847 21.8007
20.05 40.3356 4.64191 21.7938
20.1 40.6093 4.56015 21.7851
20.15 40.8953 4.48318 21.7747
20.2 41.1926 4.41098 21.7626
20.25 41.5004 4.3435 21.7491
20.3 41.8175 4.28071 21.7341
20.35 42.143 4.22254 21.7179
20.4 42.4759 4.16894 21.7004
20.45 42.8152 4.11986 21.6818
20.5 43.16 4.07523 21.6623
20.55 43.5093 4.03498 21.6418
20.6 43.862 3.99906 21.6205
20.65 44.2172 3.9674 21.5985
20.7 44.5739 3.93993 21.5759
20.75 44.9313 3.91659 21.5528
20.8 45.2882 3.89733 21.5293
20.85 45.6437 3.88207 21.5054
20.9 45.9969 3.87077 21.4812
20.95 46.3469 3.86337 21.4569
21 46.6927 3.8598 21.4325
21.05 47.0334 3.86003 21.408
21.1 47.3681 3.86398 21.3837
21.15 47.6959 3.87162 21.3595
21.2 48.0159 3.88288 21.3355
21.25 48.3273 3.89771 21.3118
21.3 48.6292 3.91606 21.2885
21.35 48.9208 3.93787 21.2657
21.4 49.2013 3.96308 21.2434
21.45 49.47 3.99164 21.2217
21.5 49.7262 4.02347 21.2006
21.55 49.969 4.0585 21.1803
21.6 50.198 4.09667 21.1608
21.65 50.4123 4.13788 21.1421
21.7 50.6116 4.18204 21.1243
21.75 50.7952 4.22907 21.1075
21.8 50.9626 4.27885 21.0918
21.85 51.1135 4.33128 21.0771
21.9 51.2474 4.38621 21.0636
21.95 51.364 4.44352 21.0513
22 51.4631 4.50305 21.0402
22.05 51.5444 4.56466 21.0304
22.1 51.6079 4.62815 21.0219
22.15 51.6533 4.69335 21.0148
22.2 51.6809 4.76005 21.009
22.25 51.6905 4.82805 21.0047
22.3 51.6824 4.89712 21.0018
22.35 51.6568 4.96702 21.0004
22.4 51.614 5.0375 21.0004
22.45 51.5543 5.10831 21.002
22.5 51.4782 5.17918 21.005
22.55 51.3861 5.24982 21.0095
22.6 51.2788 5.31996 21.0155
22.65 51.1567 5.38931 21.0229
22.7 51.0207 5.45759 21.0318
22.75 50.8715 5.52448 21.0422
22.8 50.7098 5.58972 21.0539
22.85 50.5367 5.65301 21.067
22.9 50.353 5.71407 21.0814
22.95 50.1597 5.77264 21.0971
23 49.9578 5.82845 21.114
23.05 49.7483 5.88125 21.1321
23.1 49.5323 5.93083 21.1512
23.15 49.3108 5.97696 21.1714
23.2 49.0849 6.01947 21.1926
23.25 48.8556 6.05817 21.2146
23.3 48.6241 6.09292 21.2374
23.35 48.3915 6.12361 21.261
23.4 48.1586 6.15013 21.2852
23.45 47.9266 6.17243 21.3099
23.5 47.6964 6.19045 21.3351
23.55 47.469 6.20419 21.3607
23.6 47.2452 6.21365 21.3865
23.65 47.026 6.21888 21.4126
23.7 46.8121 6.21992 21.4387
23.75 46.6044 6.21688 21.4648
23.8 46.4035 6.20985 21.4909
23.85 46.2101 6.19897 21.5168
23.9 46.0248 6.18438 21.5425
23.95 45.8481 6.16624 21.5678
24 45.6806 6.14474 21.5928
24.05 45.5226 6.12007 21.6172
24.1 45.3746 6.09243 21.6412
24.15 45.2369 6.06203 21.6645
24.2 45.1098 6.02909 21.6872
24.25 44.9934 5.99384 21.7091
24.3 44.8879 5.9565 21.7303
24.35 44.7935 5.9173 21.7507
24.4 44.7103 5.87646 21.7702
24.45 44.6382 5.83421 21.7888
24.5 44.5772 5.79078 21.8065
24.55 44.5274 5.74639 21.8233
24.6 44.4885 5.70123 21.8391
24.65 44.4605 5.65553 21.8539
24.7 44.4433 5.60947 21.8678
24.75 44.4366 5.56325 21.8806
24.8 44.4401 5.51705 21.8924
24.85 44.4538 5.47104 21.9032
24.9 44.4772 5.42539 21.913
24.95 44.5101 5.38025 21.9219
25 44.5522 5.33576 21.9297
25.05 44.6031 5.29206 21.9366
25.1 44.6625 5.24927 21.9425
25.15 44.73 5.20752 21.9475
25.2 44.8053 5.1669 21.9516
25.25 44.8879 5.12751 21.9549
25.3 44.9774 5.08945 21.9573
25.35 45.0734 5.0528 21.9588
25.4 45.1755 5.01762 21.9596
25.45 45.2833 4.98398 21.9596
25.5 45.3962 4.95195 21.9589
25.55 45.5139 4.92157 21.9575
25.6 45.6359 4.89288 21.9555
25.65 45.7618 4.86592 21.9528
25.7 45.8911 4.84073 21.9496
25.75 46.0233 4.81733 21.9458
25.8 46.158 4.79573 21.9416
25.85 46.2948 4.77596 21.9369
25.9 46.4331 4.75803 21.9318
25.95 46.5726 4.74193 21.9263
26 46.7128 4.72768 21.9205
26.05 46.8532 4.71527 21.9144
26.1 46.9935 4.70468 21.908
26.15 47.1332 4.69591 21.9014
26.2 47.2718 4.68895 21.8947
26.25 47.409 4.68377 21.8878
26.3 47.5444 4.68036 21.8809
26.35 47.6776 4.67868 21.8738
26.4 47.8082 4.67871 21.8668
26.45 47.9359 4.68041 21.8598
26.5 48.0603 4.68375 21.8529
26.55 48.181 4.6887 21.846
26.6 48.2978 4.6952 21.8393
26.65 48.4103 4.70322 21.8327
26.7 48.5183 4.71271 21.8263
26.75 48.6215 4.7236 21.8202
26.8 48.7197 4.73586 21.8143
26.85 48.8125 4.74942 21.8087
26.9 48.8999 4.76422 21.8033
26.95 48.9815 4.7802 21.7984
27 49.0574 4.7973 21.7938
27.05 49.1272 4.81544 21.7896
27.1 49.1909 4.83455 21.7857
27.15 49.2483 4.85456 21.7823
27.2 49.2995 4.87539 21.7794
27.25 49.3443 4.89696 21.7769
27.3 49.3827 4.9192 21.7749
27.35 49.4147 4.94201 21.7734
27.4 49.4403 4.96532 21.7724
27.45 49.4595 4.98904 21.7719
27.5 49.4724 5.01308 21.7719
27.55 49.4792 5.03735 21.7725
27.6 49.4798 5.06177 21.7736
27.65 49.4744 5.08624 21.7752
27.7 49.4632 5.11067 21.7773
27.75 49.4463 5.13498 21.78
27.8 49.4239 5.15907 21.7832
27.85 49.3962 5.18286 21.7869
27.9 49.3634 5.20627 21.7912
27.95 49.3259 5.2292 21.7959
28 49.2837 5.25158 21.8011
28.05 49.2373 5.27333 21.8069
28.1 49.1868 5.29436 21.8131
28.15 49.1326 5.31462 21.8197
28.2 49.0749 5.33402 21.8268
28.25 49.0142 5.3525 21.8343
28.3 48.9506 5.37001 21.8422
28.35 48.8845 5.38649 21.8504
28.4 48.8163 5.40187 21.859
28.45 48.7462 5.41613 21.868
28.5 48.6747 5.42922 21.8772
28.55 48.6019 5.4411 21.8868
28.6 48.5283 5.45175 21.8965
28.65 48.4542 5.46114 21.9065
28.7 48.3799 5.46925 21.9167
28.75 48.3057 5.47608 21.9271
28.8 48.2319 5.48161 21.9376
28.85 48.1588 5.48585 21.9482
28.9 48.0867 5.48881 21.9589
28.95 48.0158 5.49049 21.9697
29 47.9465 5.49092 21.9805
29.05 47.879 5.4901 21.9912
29.1 47.8135 5.48808 22.002
29.15 47.7502 5.48489 22.0127
29.2 47.6894 5.48055 22.0233
29.25 47.6313 5.47511 22.0339
29.3 47.576 5.46862 22.0443
29.35 47.5237 5.46111 22.0545
29.4 47.4746 5.45265 22.0646
29.45 47.4288 5.44329 22.0745
29.5 47.3864 5.43307 22.0842
29.55 47.3474 5.42206 22.0936
29.6 47.3121 5.41032 22.1028
29.65 47.2805 5.39791 22.1118
29.7 47.2526 5.38489 22.1204
29.75 47.2285 5.37132 22.1288
29.8 47.2081 5.35727 22.1368
29.85 47.1916 5.3428 22.1446
29.9 47.1789 5.32797 22.152
29.95 47.17 5.31285 22.1591
30 47.1648 5.29749 22.1659
30.05 47.1634 5.28196 22.1723
30.1 47.1656 5.26631 22.1784
30.15 47.1714 5.25061 22.1841
30.2 47.1808 5.23491 22.1895
30.25 47.1936 5.21927 22.1945
30.3 47.2097 5.20373 22.1992
30.35 47.2291 5.18835 22.2036
30.4 47.2516 5.17318 22.2076
30.45 47.2771 5.15827 22.2113
30.5 47.3054 5.14365 22.2146
30.55 47.3365 5.12938 22.2177
30.6 47.3702 5.11549 22.2204
30.65 47.4063 5.10201 22.2228
30.7 47.4448 5.08898 22.2249
30.75 47.4853 5.07644 22.2268
30.8 47.5278 5.06442 22.2283
30.85 47.5721 5.05293 22.2296
30.9 47.6181 5.04201 22.2307
30.95 47.6655 5.03168 22.2315
31 47.7142 5.02195 22.2321
31.05 47.764 5.01285 22.2325
31.1 47.8148 5.00439 22.2327
31.15 47.8664 4.99658 22.2327
31.2 47.9185 4.98943 22.2325
31.25 47.9711 4.98295 22.2322
31.3 48.024 4.97714 22.2318
31.35 48.0769 4.97201 22.2312
31.4 48.1298 4.96755 22.2305
31.45 48.1825 4.96378 22.2298
31.5 48.2348 4.96068 22.2289
31.55 48.2866 4.95824 22.228
31.6 48.3376 4.95647 22.2271
31.65 48.3879 4.95535 22.2261
31.7 48.4372 4.95488 22.2251
31.75 48.4854 4.95503 22.2241
31.8 48.5324 4.95579 22.2231
31.85 48.5781 4.95716 22.2221
31.9 48.6223 4.9591 22.2212
31.95 48.6649 4.96161 22.2203
32 48.7059 4.96466 22.2195
32.05 48.7451 4.96823 22.2188
32.1 48.7825 4.97229 22.2181
32.15 48.818 4.97683 22.2175
32.2 48.8515 4.98181 22.2171
32.25 48.883 4.98722 22.2167
32.3 48.9123 4.99301 22.2165
32.35 48.9396 4.99917 22.2164
32.4 48.9646 5.00567 22.2165
32.45 48.9875 5.01247 22.2167
32.5 49.0081 5.01955 22.217
32.55 49.0265 5.02687 22.2175
32.6 49.0427 5.0344 22.2182
32.65 49.0566 5.04212 22.2191
32.7 49.0683 5.04998 22.2201
32.75 49.0778 5.05797 22.2213
32.8 49.0851 5.06604 22.2227
32.85 49.0903 5.07416 22.2242
32.9 49.0934 5.08231 22.226
32.95 49.0944 5.09045 22.2279
33 49.0935 5.09856 22.23
33.05 49.0906 5.10659 22.2323
33.1 49.0858 5.11453 22.2347
33.15 49.0792 5.12234 22.2374
33.2 49.071 5.13 22.2402
33.25 49.0611 5.13748 22.2431
33.3 49.0496 5.14476 22.2463
33.35 49.0367 5.15181 22.2496
33.4 49.0224 5.1586 22.253
33.45 49.0069 5.16512 22.2566
33.5 48.9902 5.17134 22.2604
33.55 48.9725 5.17725 22.2643
33.6 48.9538 5.18283 22.2683
33.65 48.9342 5.18806 22.2724
33.7 48.9139 5.19292 22.2766
33.75 48.893 5.19742 22.281
33.8 48.8716 5.20152 22.2854
33.85 48.8497 5.20523 22.29
33.9 48.8275 5.20854 22.2946
33.95 48.8052 5.21144 22.2993
34 48.7827 5.21393 22.304
34.05 48.7602 5.21599 22.3088
34.1 48.7379 5.21764 22.3136
34.15 48.7157 5.21888 22.3185
34.2 48.6938 5.2197 22.3234
34.25 48.6724 5.22011 22.3283
34.3 48.6514 5.22011 22.3332
34.35 48.6309 5.21971 22.3382
34.4 48.6111 5.21893 22.3431
34.45 48.592 5.21776 22.3479
34.5 48.5737 5.21622 22.3528
34.55 48.5563 5.21433 22.3576
34.6 48.5398 5.21208 22.3624
34.65 48.5243 5.20951 22.3671
34.7 48.5097 5.20662 22.3717
34.75 48.4963 5.20343 22.3763
34.8 48.484 5.19996 22.3808
34.85 48.4729 5.19622 22.3853
34.9 48.4629 5.19223 22.3896
34.95 48.4542 5.18801 22.3939
35 48.4468 5.18359 22.398
35.05 48.4405 5.17897 22.4021
35.1 48.4356 5.17418 22.4061
35.15 48.432 5.16923 22.4099
35.2 48.4296 5.16416 22.4136
35.25 48.4285 5.15897 22.4173
35.3 48.4287 5.15369 22.4208
35.35 48.4302 5.14834 22.4242
35.4 48.4329 5.14293 22.4274
35.45 48.4368 5.13749 22.4306
35.5 48.442 5.13204 22.4336
35.55 48.4483 5.12659 22.4365
35.6 48.4558 5.12116 22.4393
35.65 48.4644 5.11577 22.4419
35.7 48.4741 5.11044 22.4445
35.75 48.4849 5.10518 22.4469
35.8 48.4966 5.10001 22.4492
35.85 48.5092 5.09494 22.4514
35.9 48.5228 5.08999 22.4535
35.95 48.5372 5.08517 22.4554
36 48.5525 5.08049 22.4573
36.05 48.5684 5.07597 22.459
36.1 48.5851 5.07162 22.4607
36.15 48.6024 5.06745 22.4623
36.2 48.6202 5.06346 22.4637
36.25 48.6386 5.05967 22.4651
36.3 48.6574 5.05609 22.4664
36.35 48.6766 5.05271 22.4676
36.4 48.6961 5.04955 22.4688
36.45 48.7159 5.04662 22.4699
36.5 48.7359 5.04391 22.4709
36.55 48.7561 5.04143 22.4718
36.6 48.7764 5.03918 22.4727
36.65 48.7967 5.03717 22.4736
36.7 48.8169 5.03539 22.4744
36.75 48.8371 5.03385 22.4752
36.8 48.8572 5.03254 22.4759
36.85 48.877 5.03146 22.4767
36.9 48.8967 5.03062 22.4773
36.95 48.916 5.03 22.478
37 48.935 5.02961 22.4787
37.05 48.9536 5.02944 22.4794
37.1 48.9718 5.02948 22.48
37.15 48.9895 5.02973 22.4807
37.2 49.0067 5.03019 22.4814
37.25 49.0234 5.03084 22.482
37.3 49.0395 5.03167 22.4828
37.35 49.055 5.03269 22.4835
37.4 49.0698 5.03389 22.4842
37.45 49.084 5.03524 22.485
37.5 49.0974 5.03675 22.4858
37.55 49.1102 5.03841 22.4867
37.6 49.1223 5.0402 22.4875
37.65 49.1336 5.04211 22.4885
37.7 49.1442 5.04414 22.4894
37.75 49.154 5.04628 22.4904
37.8 49.163 5.04851 22.4915
37.85 49.1713 5.05082 22.4926
37.9 49.1788 5.0532 22.4938
37.95 49.1855 5.05564 22.495
38 49.1914 5.05814 22.4963
38.05 49.1967 5.06067 22.4976
38.1 49.2011 5.06323 22.499
38.15 49.2049 5.06581 22.5005
38.2 49.2079 5.06839 22.502
38.25 49.2102 5.07097 22.5036
38.3 49.2118 5.07354 22.5052
38.35 49.2128 5.07608 22.5069
38.4 49.2131 5.07858 22.5086
38.45 49.2129 5.08105 22.5104
38.5 49.212 5.08346 22.5123
38.55 49.2106 5.08581 22.5142
38.6 49.2086 5.08809 22.5161
38.65 49.2062 5.09029 22.5181
38.7 49.2033 5.09241 22.5202
38.75 49.1999 5.09444 22.5223
38.8 49.1962 5.09637 22.5244
38.85 49.1921 5.09819 22.5266
38.9 49.1876 5.0999 22.5289
38.95 49.1829 5.1015 22.5311
39 49.1779 5.10298 22.5334
39.05 49.1727 5.10433 22.5358
39.1 49.1673 5.10556 22.5381
39.15 49.1617 5.10666 22.5405
39.2 49.1561 5.10762 22.5429
39.25 49.1503 5.10845 22.5454
39.3 49.1446 5.10914 22.5478
39.35 49.1388 5.1097 22.5503
39.4 49.133 5.11011 22.5528
39.45 49.1273 5.1104 22.5553
39.5 49.1216 5.11054 22.5578
39.55 49.1161 5.11055 22.5603
39.6 49.1108 5.11043 22.5628
39.65 49.1056 5.11018 22.5652
39.7 49.1006 5.10979 22.5677
39.75 49.0958 5.10929 22.5702
39.8 49.0913 5.10866 22.5727
39.85 49.0871 5.10791 22.5751
39.9 49.0832 5.10705 22.5775
39.95 49.0796 5.10608 22.5799
40 49.0763 5.105 22.5823
40.05 49.0734 5.10382 22.5847
40.1 49.0708 5.10255 22.587
40.15 49.0687 5.10119 22.5893
40.2 49.0669 5.09975 22.5916
40.25 49.0655 5.09823 22.5938
40.3 49.0645 5.09664 22.596
40.35 49.064 5.09498 22.5982
40.4 49.0639 5.09327 22.6003
40.45 49.0642 5.0915 22.6024
40.5 49.0649 5.08969 22.6044
40.55 49.066 5.08784 22.6064
40.6 49.0676 5.08596 22.6084
40.65 49.0696 5.08405 22.6103
40.7 49.072 5.08212 22.6122
40.75 49.0748 5.08018 22.614
40.8 49.0781 5.07823 22.6158
40.85 49.0817 5.07628 22.6176
40.9 49.0857 5.07433 22.6193
40.95 49.0901 5.0724 22.621
41 49.0948 5.07048 22.6226
41.05 49.0999 5.06859 22.6241
41.1 49.1053 5.06673 22.6257
41.15 49.1111 5.06489 22.6272
41.2 49.1171 5.0631 22.6286
41.25 49.1234 5.06135 22.63
41.3 49.13 5.05965 22.6314
41.35 49.1369 5.05799 22.6327
41.4 49.1439 5.0564 22.634
41.45 49.1512 5.05486 22.6353
41.5 49.1587 5.05338 22.6365
41.55 49.1663 5.05197 22.6377
41.6 49.1741 5.05063 22.6388
41.65 49.182 5.04935 22.64
41.7 49.1901 5.04816 22.6411
41.75 49.1982 5.04703 22.6422
41.8 49.2064 5.04598 22.6432
41.85 49.2146 5.04501 22.6442
41.9 49.2229 5.04412 22.6453
41.95 49.2311 5.04331 22.6462
42 49.2394 5.04257 22.6472
42.05 49.2476 5.04192 22.6482
42.1 49.2558 5.04134 22.6491
42.15 49.2639 5.04085 22.65
42.2 49.2719 5.04043 22.651
42.25 49.2798 5.04009 22.6519
42.3 49.2877 5.03983 22.6528
42.35 49.2953 5.03964 22.6537
42.4 49.3028 5.03952 22.6546
42.45 49.3102 5.03948 22.6555
42.5 49.3174 5.0395 22.6564
42.55 49.3244 5.0396 22.6573
42.6 49.3312 5.03975 22.6582
42.65 49.3378 5.03997 22.6591
42.7 49.3441 5.04025 22.66
42.75 49.3503 5.04058 22.6609
42.8 49.3562 5.04096 22.6618
42.85 49.3618 5.0414 22.6627
42.9 49.3672 5.04188 22.6637
42.95 49.3724 5.0424 22.6646
43 49.3773 5.04296 22.6656
43.05 49.3819 5.04356 22.6666
43.1 49.3863 5.04419 22.6676
43.15 49.3904 5.04485 22.6686
43.2 49.3942 5.04553 22.6696
43.25 49.3978 5.04624 22.6707
43.3 49.4012 5.04696 22.6717
43.35 49.4042 5.04769 22.6728
43.4 49.407 5.04844 22.6739
43.45 49.4096 5.04919 22.675
43.5 49.4119 5.04994 22.6761
43.55 49.414 5.05069 22.6773
43.6 49.4158 5.05144 22.6784
43.65 49.4174 5.05218 22.6796
43.7 49.4188 5.05291 22.6808
43.75 49.42 5.05363 22.682
43.8 49.421 5.05433 22.6832
43.85 49.4218 5.055 22.6844
43.9 49.4224 5.05566 22.6857
43.95 49.4228 5.05629 22.687
44 49.4231 5.0569 22.6883
44.05 49.4232 5.05747 22.6896
44.1 49.4232 5.05801 22.6909
44.15 49.4231 5.05852 22.6922
44.2 49.4228 5.05899 22.6935
44.25 49.4224 5.05942 22.6949
44.3 49.422 5.05981 22.6962
44.35 49.4214 5.06017 22.6976
44.4 49.4208 5.06048 22.6989
44.45 49.4202 5.06075 22.7003
44.5 49.4195 5.06097 22.7017
44.55 49.4187 5.06115 22.7031
44.6 49.418 5.06129 22.7045
44.65 49.4172 5.06138 22.7059
44.7 49.4165 5.06143 22.7073
44.75 49.4157 5.06143 22.7087
44.8 49.415 5.06139 22.7101
44.85 49.4143 5.0613 22.7115
44.9 49.4136 5.06117 22.7128
44.95 49.413 5.061 22.7142
45 49.4125 5.06078 22.7156
45.05 49.412 5.06052 22.717
45.1 49.4116 5.06022 22.7184
45.15 49.4113 5.05989 22.7197
45.2 49.4111 5.05951 22.7211
45.25 49.411 5.0591 22.7224
45.3 49.411 5.05866 22.7238
45.35 49.4112 5.05818 22.7251
45.4 49.4114 5.05767 22.7264
45.45 49.4117 5.05713 22.7277
45.5 49.4122 5.05657 22.729
45.55 49.4128 5.05598 22.7303
45.6 49.4136 5.05536 22.7316
45.65 49.4145 5.05472 22.7328
45.7 49.4155 5.05407 22.734
45.75 49.4166 5.0534 22.7353
45.8 49.4179 5.05271 22.7365
45.85 49.4193 5.05201 22.7377
45.9 49.4209 5.05129 22.7388
45.95 49.4226 5.05057 22.74
46 49.4245 5.04985 22.7411
46.05 49.4264 5.04911 22.7423
46.1 49.4285 5.04838 22.7434
46.15 49.4308 5.04765 22.7445
46.2 49.4331 5.04691 22.7455
46.25 49.4356 5.04618 22.7466
46.3 49.4382 5.04546 22.7476
46.35 49.4409 5.04474 22.7487
46.4 49.4437 5.04404 22.7497
46.45 49.4466 5.04334 22.7507
46.5 49.4496 5.04266 22.7516
46.55 49.4527 5.04199 22.7526
46.6 49.4559 5.04134 22.7536
46.65 49.4592 5.0407 22.7545
46.7 49.4625 5.04008 22.7554
46.75 49.466 5.03948 22.7563
46.8 49.4694 5.03891 22.7572
46.85 49.473 5.03835 22.7581
46.9 49.4765 5.03782 22.759
46.95 49.4801 5.03731 22.7598
47 49.4838 5.03682 22.7607
47.05 49.4875 5.03636 22.7615
47.1 49.4912 5.03593 22.7623
47.15 49.4949 5.03552 22.7631
47.2 49.4986 5.03514 22.7639
47.25 49.5023 5.03478 22.7647
47.3 49.506 5.03446 22.7655
47.35 49.5097 5.03415 22.7663
47.4 49.5134 5.03388 22.7671
47.45 49.517 5.03363 22.7678
47.5 49.5206 5.03341 22.7686
47.55 49.5242 5.03321 22.7694
47.6 49.5277 5.03304 22.7701
47.65 49.5312 5.0329 22.7709
47.7 49.5347 5.03278 22.7716
47.75 49.538 5.03268 22.7724
47.8 49.5413 5.03261 22.7731
47.85 49.5446 5.03256 22.7738
47.9 49.5478 5.03253 22.7746
47.95 49.5509 5.03253 22.7753
48 49.5539 5.03254 22.7761
48.05 49.5569 5.03257 22.7768
48.1 49.5597 5.03262 22.7775
48.15 49.5625 5.03269 22.7783
48.2 49.5652 5.03277 22.779
48.25 49.5678 5.03287 22.7798
48.3 49.5703 5.03298 22.7805
48.35 49.5728 5.0331 22.7813
48.4 49.5751 5.03323 22.782
48.45 49.5774 5.03338 22.7828
48.5 49.5795 5.03353 22.7836
48.55 49.5816 5.03369 22.7843
48.6 49.5836 5.03385 22.7851
48.65 49.5854 5.03403 22.7859
48.7 49.5872 5.0342 22.7866
48.75 49.589 5.03438 22.7874
48.8 49.5906 5.03455 22.7882
48.85 49.5921 5.03473 22.789
48.9 49.5936 5.03491 22.7898
48.95 49.595 5.03508 22.7906
49 49.5963 5.03526 22.7914
49.05 49.5975 5.03542 22.7922
49.1 49.5987 5.03559 22.793
49.15 49.5998 5.03574 22.7938
49.2 49.6008 5.03589 22.7946
49.25 49.6018 5.03603 22.7955
49.3 49.6027 5.03616 22.7963
49.35 49.6035 5.03629 22.7971
49.4 49.6043 5.0364 22.7979
49.45 49.6051 5.0365 22.7988
49.5 49.6058 5.03659 22.7996
49.55 49.6065 5.03667 22.8004
49.6 49.6072 5.03673 22.8013
49.65 49.6078 5.03678 22.8021
49.7 49.6084 5.03682 22.8029
49.75 49.6089 5.03684 22.8038
49.8 49.6095 5.03685 22.8046
49.85 49.61 5.03685 22.8055
49.9 49.6106 5.03683 22.8063
49.95 49.6111 5.0368 22.8071
50 49.6116 5.03675 22.808
50.05 49.6121 5.03669 22.8088
50.1 49.6126 5.03661 22.8097
50.15 49.6132 5.03652 22.8105
50.2 49.6137 5.03641 22.8113
50.25 49.6143 5.03629 22.8122
50.3 49.6149 5.03616 22.813
50.35 49.6154 5.03602 22.8138
50.4 49.6161 5.03586 22.8146
50.45 49.6167 5.03568 22.8154
50.5 49.6174 5.0355 22.8163
50.55 49.6181 5.0353 22.8171
50.6 49.6188 5.03509 22.8179
50.65 49.6196 5.03488 22.8187
50.7 49.6204 5.03465 22.8195
50.75 49.6212 5.03441 22.8202
50.8 49.6221 5.03416 22.821
50.85 49.623 5.03391 22.8218
50.9 49.624 5.03365 22.8226
50.95 49.625 5.03338 22.8233
51 49.626 5.0331 22.8241
51.05 49.6271 5.03282 22.8249
51.1 49.6282 5.03253 22.8256
51.15 49.6294 5.03224 22.8263
51.2 49.6306 5.03195 22.8271
51.25 49.6319 5.03165 22.8278
51.3 49.6332 5.03135 22.8285
51.35 49.6345 5.03105 22.8292
51.4 49.6359 5.03075 22.8299
51.45 49.6374 5.03045 22.8306
51.5 49.6388 5.03015 22.8313
51.55 49.6403 5.02985 22.832
51.6 49.6419 5.02955 22.8327
51.65 49.6434 5.02926 22.8334
51.7 49.645 5.02897 22.834
51.75 49.6467 5.02868 22.8347
51.8 49.6483 5.0284 22.8353
51.85 49.65 5.02812 22.836
51.9 49.6517 5.02785 22.8366
51.95 49.6535 5.02758 22.8372
52 49.6553 5.02732 22.8379
52.05 49.657 5.02706 22.8385
52.1 49.6588 5.02682 22.8391
52.15 49.6607 5.02658 22.8397
52.2 49.6625 5.02635 22.8403
52.25 49.6643 5.02612 22.8409
52.3 49.6662 5.02591 22.8415
52.35 49.6681 5.0257 22.8421
52.4 49.6699 5.0255 22.8427
52.45 49.6718 5.02531 22.8433
52.5 49.6736 5.02513 22.8438
52.55 49.6755 5.02496 22.8444
52.6 49.6774 5.02479 22.845
52.65 49.6792 5.02464 22.8456
52.7 49.6811 5.02449 22.8461
52.75 49.6829 5.02436 22.8467
52.8 49.6847 5.02423 22.8472
52.85 49.6865 5.02411 22.8478
52.9 49.6883 5.02401 22.8483
52.95 49.6901 5.0239 22.8489
53 49.6918 5.02381 22.8494
53.05 49.6936 5.02373 22.85
53.1 49.6953 5.02365 22.8505
53.15 49.6969 5.02358 22.851
53.2 49.6986 5.02352 22.8516
53.25 49.7002 5.02347 22.8521
53.3 49.7018 5.02342 22.8527
53.35 49.7034 5.02338 22.8532
53.4 49.705 5.02335 22.8537
53.45 49.7065 5.02332 22.8543
53.5 49.708 5.0233 22.8548
53.55 49.7094 5.02328 22.8553
53.6 49.7108 5.02326 22.8559
53.65 49.7122 5.02326 22.8564
53.7 49.7136 5.02325 22.8569
53.75 49.7149 5.02325 22.8575
53.8 49.7162 5.02325 22.858
53.85 49.7175 5.02325 22.8585
53.9 49.7187 5.02326 22.859
53.95 49.7199 5.02327 22.8596
54 49.721 5.02328 22.8601
54.05 49.7222 5.02329 22.8606
54.1 49.7233 5.0233 22.8612
54.15 49.7243 5.02331 22.8617
54.2 49.7254 5.02332 22.8622
54.25 49.7264 5.02334 22.8628
54.3 49.7274 5.02335 22.8633
54.35 49.7283 5.02335 22.8638
54.4 49.7293 5.02336 22.8644
54.45 49.7302 5.02337 22.8649
54.5 49.7311 5.02337 22.8654
54.55 49.7319 5.02337 22.866
54.6 49.7328 5.02337 22.8665
54.65 49.7336 5.02337 22.867
54.7 49.7344 5.02336 22.8676
54.75 49.7352 5.02335 22.8681
54.8 49.736 5.02333 22.8686
54.85 49.7367 5.02331 22.8692
54.9 49.7375 5.02329 22.8697
54.95 49.7382 5.02327 22.8702
55 49.7389 5.02323 22.8708
55.05 49.7396 5.0232 22.8713
55.1 49.7403 5.02316 22.8718
55.15 49.741 5.02312 22.8724
55.2 49.7417 5.02307 22.8729
55.25 49.7424 5.02301 22.8734
55.3 49.7431 5.02295 22.874
55.35 49.7438 5.02289 22.8745
55.4 49.7444 5.02282 22.875
55.45 49.7451 5.02275 22.8755
55.5 49.7458 5.02268 22.876
55.55 49.7465 5.02259 22.8766
55.6 49.7472 5.02251 22.8771
55.65 49.7479 5.02242 22.8776
55.7 49.7486 5.02233 22.8781
55.75 49.7493 5.02223 22.8786
55.8 49.75 5.02213 22.8791
55.85 49.7507 5.02202 22.8796
55.9 49.7514 5.02191 22.8801
55.95 49.7522 5.0218 22.8806
56 49.7529 5.02168 22.8811
56.05 49.7537 5.02157 22.8816
56.1 49.7544 5.02144 22.8821
56.15 49.7552 5.02132 22.8826
56.2 49.756 5.02119 22.8831
56.25 49.7568 5.02107 22.8836
56.3 49.7576 5.02094 22.884
56.35 49.7585 5.0208 22.8845
56.4 49.7593 5.02067 22.885
56.45 49.7601 5.02053 22.8855
56.5 49.761 5.0204 22.8859
56.55 49.7619 5.02026 22.8864
56.6 49.7628 5.02012 22.8869
56.65 49.7637 5.01999 22.8873
56.7 49.7646 5.01985 22.8878
56.75 49.7655 5.01971 22.8882
56.8 49.7665 5.01957 22.8887
56.85 49.7674 5.01944 22.8891
56.9 49.7684 5.0193 22.8896
56.95 49.7693 5.01917 22.89
57 49.7703 5.01903 22.8905
57.05 49.7713 5.0189 22.8909
57.1 49.7723 5.01877 22.8913
57.15 49.7733 5.01864 22.8917
57.2 49.7743 5.01851 22.8922
57.25 49.7753 5.01839 22.8926
57.3 49.7763 5.01827 22.893
57.35 49.7773 5.01814 22.8934
57.4 49.7784 5.01803 22.8938
57.45 49.7794 5.01791 22.8943
57.5 49.7804 5.0178 22.8947
57.55 49.7815 5.01769 22.8951
57.6 49.7825 5.01758 22.8955
57.65 49.7835 5.01748 22.8959
57.7 49.7846 5.01737 22.8963
57.75 49.7856 5.01728 22.8967
57.8 49.7866 5.01718 22.8971
57.85 49.7877 5.01709 22.8975
57.9 49.7887 5.017 22.8978
57.95 49.7897 5.01691 22.8982
58 49.7908 5.01683 22.8986
58.05 49.7918 5.01675 22.899
58.1 49.7928 5.01667 22.8994
58.15 49.7938 5.0166 22.8998
58.2 49.7948 5.01653 22.9001
58.25 49.7958 5.01646 22.9005
58.3 49.7968 5.0164 22.9009
58.35 49.7977 5.01634 22.9013
58.4 49.7987 5.01628 22.9017
58.45 49.7997 5.01622 22.902
58.5 49.8006 5.01617 22.9024
58.55 49.8015 5.01611 22.9028
58.6 49.8025 5.01607 22.9031
58.65 49.8034 5.01602 22.9035
58.7 49.8043 5.01597 22.9039
58.75 49.8052 5.01593 22.9042
58.8 49.806 5.01589 22.9046
58.85 49.8069 5.01585 22.905
58.9 49.8078 5.01582 22.9053
58.95 49.8086 5.01578 22.9057
59 49.8094 5.01575 22.906
59.05 49.8103 5.01571 22.9064
59.1 49.8111 5.01568 22.9068
59.15 49.8119 5.01565 22.9071
59.2 49.8126 5.01562 22.9075
59.25 49.8134 5.01559 22.9078
59.3 49.8142 5.01557 22.9082
59.35 49.8149 5.01554 22.9086
59.4 49.8156 5.01551 22.9089
59.45 49.8164 5.01548 22.9093
59.5 49.8171 5.01546 22.9096
59.55 49.8178 5.01543 22.91
59.6 49.8185 5.0154 22.9103
59.65 49.8191 5.01537 22.9107
59.7 49.8198 5.01535 22.911
59.75 49.8205 5.01532 22.9114
59.8 49.8211 5.01529 22.9117
59.85 49.8218 5.01526 22.9121
59.9 49.8224 5.01523 22.9124
59.95 49.823 5.0152 22.9128
60 49.8237 5.01517 22.9131
60.05 49.8243 5.01513 22.9135
60.1 49.8249 5.0151 22.9138
60.15 49.8255 5.01506 22.9142
60.2 49.8261 5.01503 22.9145
60.25 49.8266 5.01499 22.9149
60.3 49.8272 5.01495 22.9152
60.35 49.8278 5.01491 22.9155
60.4 49.8284 5.01487 22.9159
60.45 49.829 5.01482 22.9162
60.5 49.8295 5.01478 22.9166
60.55 49.8301 5.01473 22.9169
60.6 49.8306 5.01469 22.9172
60.65 49.8312 5.01464 22.9176
60.7 49.8318 5.01459 22.9179
60.75 49.8323 5.01454 22.9182
60.8 49.8329 5.01448 22.9186
60.85 49.8334 5.01443 22.9189
60.9 49.834 5.01437 22.9192
60.95 49.8345 5.01432 22.9196
61 49.8351 5.01426 22.9199
61.05 49.8357 5.0142 22.9202
61.1 49.8362 5.01414 22.9205
61.15 49.8368 5.01408 22.9209
61.2 49.8373 5.01401 22.9212
61.25 49.8379 5.01395 22.9215
61.3 49.8385 5.01389 22.9218
61.35 49.839 5.01382 22.9221
61.4 49.8396 5.01375 22.9225
61.45 49.8402 5.01369 22.9228
61.5 49.8407 5.01362 22.9231
61.55 49.8413 5.01355 22.9234
61.6 49.8419 5.01348 22.9237
61.65 49.8425 5.01341 22.924
61.7 49.8431 5.01334 22.9243
61.75 49.8436 5.01327 22.9246
61.8 49.8442 5.0132 22.9249
61.85 49.8448 5.01313 22.9252
61.9 49.8454 5.01306 22.9255
61.95 49.846 5.01299 22.9258
62 49.8466 5.01292 22.9261
62.05 49.8472 5.01285 22.9264
62.1 49.8478 5.01278 22.9267
62.15 49.8484 5.01271 22.927
62.2 49.8491 5.01264 22.9273
62.25 49.8497 5.01257 22.9276
62.3 49.8503 5.0125 22.9279
62.35 49.8509 5.01243 22.9282
62.4 49.8515 5.01236 22.9284
62.45 49.8521 5.0123 22.9287
62.5 49.8528 5.01223 22.929
62.55 49.8534 5.01216 22.9293
62.6 49.854 5.0121 22.9296
62.65 49.8546 5.01204 22.9298
62.7 49.8553 5.01197 22.9301
62.75 49.8559 5.01191 22.9304
62.8 49.8565 5.01185 22.9307
62.85 49.8571 5.01179 22.9309
62.9 49.8577 5.01173 22.9312
62.95 49.8584 5.01167 22.9315
63 49.859 5.01162 22.9317
63.05 49.8596 5.01156 22.932
63.1 49.8602 5.01151 22.9323
63.15 49.8608 5.01145 22.9325
63.2 49.8615 5.0114 22.9328
63.25 49.8621 5.01135 22.9331
63.3 49.8627 5.0113 22.9333
63.35 49.8633 5.01125 22.9336
63.4 49.8639 5.0112 22.9338
63.45 49.8645 5.01115 22.9341
63.5 49.8651 5.01111 22.9343
63.55 49.8657 5.01106 22.9346
63.6 49.8663 5.01102 22.9349
63.65 49.8668 5.01098 22.9351
63.7 49.8674 5.01093 22.9354
63.75 49.868 5.01089 22.9356
63.8 49.8686 5.01085 22.9359
63.85 49.8691 5.01081 22.9361
63.9 49.8697 5.01078 22.9364
63.95 49.8703 5.01074 22.9366
64 49.8708 5.0107 22.9368
64.05 49.8714 5.01067 22.9371
64.1 49.8719 5.01063 22.9373
64.15 49.8725 5.0106 22.9376
64.2 49.873 5.01056 22.9378
64.25 49.8735 5.01053 22.9381
64.3 49.874 5.0105 22.9383
64.35 49.8746 5.01047 22.9385
64.4 49.8751 5.01044 22.9388
64.45 49.8756 5.01041 22.939
64.5 49.8761 5.01037 22.9393
64.55 49.8766 5.01034 22.9395
64.6 49.8771 5.01031 22.9397
64.65 49.8776 5.01028 22.94
64.7 49.8781 5.01026 22.9402
64.75 49.8785 5.01023 22.9404
64.8 49.879 5.0102 22.9407
64.85 49.8795 5.01017 22.9409
64.9 49.88 5.01014 22.9411
64.95 49.8804 5.01011 22.9414
65 49.8809 5.01008 22.9416
65.05 49.8813 5.01005 22.9418
65.1 49.8818 5.01002 22.9421
65.15 49.8822 5.00999 22.9423
65.2 49.8827 5.00996 22.9425
65.25 49.8831 5.00993 22.9428
65.3 49.8836 5.0099 22.943
65.35 49.884 5.00987 22.9432
65.4 49.8844 5.00984 22.9434
65.45 49.8848 5.00981 22.9437
65.5 49.8853 5.00978 22.9439
65.55 49.8857 5.00975 22.9441
65.6 49.8861 5.00972 22.9443
65.65 49.8865 5.00968 22.9446
65.7 49.8869 5.00965 22.9448
65.75 49.8874 5.00962 22.945
65.8 49.8878 5.00958 22.9452
65.85 49.8882 5.00955 22.9454
65.9 49.8886 5.00952 22.9457
65.95 49.889 5.00948 22.9459
66 49.8894 5.00945 22.9461
66.05 49.8898 5.00941 22.9463
66.1 49.8902 5.00938 22.9465
66.15 49.8906 5.00934 22.9467
66.2 49.891 5.0093 22.947
66.25 49.8914 5.00927 22.9472
66.3 49.8918 5.00923 22.9474
66.35 49.8922 5.00919 22.9476
66.4 49.8926 5.00915 22.9478
66.45 49.893 5.00912 22.948
66.5 49.8934 5.00908 22.9482
66.55 49.8938 5.00904 22.9484
66.6 49.8942 5.009 22.9486
66.65 49.8946 5.00896 22.9488
66.7 49.8949 5.00892 22.949
66.75 49.8953 5.00888 22.9493
66.8 49.8957 5.00884 22.9495
66.85 49.8961 5.0088 22.9497
66.9 49.8965 5.00876 22.9499
66.95 49.8969 5.00872 22.9501
67 49.8973 5.00868 22.9503
67.05 49.8977 5.00864 22.9505
67.1 49.8981 5.0086 22.9507
67.15 49.8985 5.00856 22.9509
67.2 49.8989 5.00852 22.951
67.25 49.8993 5.00848 22.9512
67.3 49.8997 5.00844 22.9514
67.35 49.9001 5.0084 22.9516
67.4 49.9005 5.00836 22.9518
67.45 49.9009 5.00832 22.952
67.5 49.9013 5.00828 22.9522
67.55 49.9017 5.00825 22.9524
67.6 49.9021 5.00821 22.9526
67.65 49.9025 5.00817 22.9528
67.7 49.9029 5.00813 22.953
67.75 49.9033 5.00809 22.9531
67.8 49.9036 5.00805 22.9533
67.85 49.904 5.00802 22.9535
67.9 49.9044 5.00798 22.9537
67.95 49.9048 5.00794 22.9539
68 49.9052 5.00791 22.9541
68.05 49.9056 5.00787 22.9542
68.1 49.906 5.00783 22.9544
68.15 49.9064 5.0078 22.9546
68.2 49.9068 5.00776 22.9548
68.25 49.9072 5.00773 22.955
68.3 49.9076 5.00769 22.9551
68.35 49.9079 5.00766 22.9553
68.4 49.9083 5.00763 22.9555
68.45 49.9087 5.00759 22.9557
68.5 49.9091 5.00756 22.9558
68.55 49.9095 5.00753 22.956
68.6 49.9099 5.0075 22.9562
68.65 49.9102 5.00747 22.9564
68.7 49.9106 5.00744 22.9565
68.75 49.911 5.00741 22.9567
68.8 49.9114 5.00738 22.9569
68.85 49.9117 5.00735 22.957
68.9 49.9121 5.00732 22.9572
68.95 49.9125 5.00729 22.9574
69 49.9128 5.00726 22.9575
69.05 49.9132 5.00723 22.9577
69.1 49.9136 5.0072 22.9579
69.15 49.9139 5.00718 22.958
69.2 49.9143 5.00715 22.9582
69.25 49.9146 5.00712 22.9584
69.3 49.915 5.0071 22.9585
69.35 49.9153 5.00707 22.9587
69.4 49.9157 5.00705 22.9589
69.45 49.916 5.00702 22.959
69.5 49.9164 5.007 22.9592
69.55 49.9167 5.00697 22.9593
69.6 49.917 5.00695 22.9595
69.65 49.9174 5.00692 22.9597
69.7 49.9177 5.0069 22.9598
69.75 49.918 5.00687 22.96
69.8 49.9184 5.00685 22.9601
69.85 49.9187 5.00683 22.9603
69.9 49.919 5.0068 22.9604
69.95 49.9193 5.00678 22.9606
70 49.9197 5.00676 22.9608
70.05 49.92 5.00673 22.9609
70.1 49.9203 5.00671 22.9611
70.15 49.9206 5.00669 22.9612
70.2 49.9209 5.00666 22.9614
70.25 49.9212 5.00664 22.9615
70.3 49.9215 5.00662 22.9617
70.35 49.9218 5.0066 22.9618
70.4 49.9221 5.00657 22.962
70.45 49.9224 5.00655 22.9621
70.5 49.9227 5.00653 22.9623
70.55 49.923 5.00651 22.9624
70.6 49.9233 5.00648 22.9626
70.65 49.9236 5.00646 22.9627
70.7 49.9239 5.00644 22.9629
70.75 49.9242 5.00641 22.963
70.8 49.9245 5.00639 22.9632
70.85 49.9248 5.00637 22.9633
70.9 49.9251 5.00635 22.9635
70.95 49.9254 5.00632 22.9636
71 49.9256 5.0063 22.9638
71.05 49.9259 5.00628 22.9639
71.1 49.9262 5.00625 22.964
71.15 49.9265 5.00623 22.9642
71.2 49.9268 5.00621 22.9643
71.25 49.9271 5.00618 22.9645
71.3 49.9273 5.00616 22.9646
71.35 49.9276 5.00614 22.9648
71.4 49.9279 5.00611 22.9649
71.45 49.9282 5.00609 22.965
71.5 49.9284 5.00606 22.9652
71.55 49.9287 5.00604 22.9653
71.6 49.929 5.00602 22.9654
71.65 49.9292 5.00599 22.9656
71.7 49.9295 5.00597 22.9657
71.75 49.9298 5.00594 22.9659
71.8 49.9301 5.00592 22.966
71.85 49.9303 5.00589 22.9661
71.9 49.9306 5.00587 22.9663
71.95 49.9309 5.00585 22.9664
72 49.9311 5.00582 22.9665
72.05 49.9314 5.0058 22.9667
72.1 49.9317 5.00577 22.9668
72.15 49.9319 5.00575 22.9669
72.2 49.9322 5.00572 22.9671
72.25 49.9324 5.0057 22.9672
72.3 49.9327 5.00568 22.9673
72.35 49.933 5.00565 22.9675
72.4 49.9332 5.00563 22.9676
72.45 49.9335 5.0056 22.9677
72.5 49.9338 5.00558 22.9678
72.55 49.934 5.00555 22.968
72.6 49.9343 5.00553 22.9681
72.65 49.9345 5.00551 22.9682
72.7 49.9348 5.00548 22.9684
72.75 49.9351 5.00546 22.9685
72.8 49.9353 5.00543 22.9686
72.85 49.9356 5.00541 22.9687
72.9 49.9358 5.00539 22.9689
72.95 49.9361 5.00536 22.969
73 49.9363 5.00534 22.9691
73.05 49.9366 5.00532 22.9692
73.1 49.9369 5.00529 22.9693
73.15 49.9371 5.00527 22.9695
73.2 49.9374 5.00525 22.9696
73.25 49.9376 5.00523 22.9697
73.3 49.9379 5.0052 22.9698
73.35 49.9381 5.00518 22.9699
73.4 49.9384 5.00516 22.9701
73.45 49.9386 5.00514 22.9702
73.5 49.9389 5.00512 22.9703
73.55 49.9391 5.00509 22.9704
73.6 49.9394 5.00507 22.9705
73.65 49.9396 5.00505 22.9706
73.7 49.9399 5.00503 22.9708
73.75 49.9401 5.00501 22.9709
73.8 49.9403 5.00499 22.971
73.85 49.9406 5.00497 22.9711
73.9 49.9408 5.00495 22.9712
73.95 49.9411 5.00493 22.9713
74 49.9413 5.00491 22.9715
74.05 49.9416 5.00489 22.9716
74.1 49.9418 5.00487 22.9717
74.15 49.942 5.00485 22.9718
74.2 49.9423 5.00483 22.9719
74.25 49.9425 5.00481 22.972
74.3 49.9427 5.00479 22.9721
74.35 49.943 5.00477 22.9722
74.4 49.9432 5.00476 22.9723
74.45 49.9434 5.00474 22.9724
74.5 49.9437 5.00472 22.9726
74.55 49.9439 5.0047 22.9727
74.6 49.9441 5.00468 22.9728
74.65 49.9443 5.00466 22.9729
74.7 49.9446 5.00465 22.973
74.75 49.9448 5.00463 22.9731
74.8 49.945 5.00461 22.9732
74.85 49.9452 5.00459 22.9733
74.9 49.9454 5.00458 22.9734
74.95 49.9457 5.00456 22.9735
75 49.9459 5.00454 22.9736
75.05 49.9461 5.00453 22.9737
75.1 49.9463 5.00451 22.9738
75.15 49.9465 5.00449 22.9739
75.2 49.9467 5.00448 22.974
75.25 49.947 5.00446 22.9741
75.3 49.9472 5.00444 22.9742
75.35 49.9474 5.00443 22.9743
75.4 49.9476 5.00441 22.9744
75.45 49.9478 5.00439 22.9745
75.5 49.948 5.00438 22.9746
75.55 49.9482 5.00436 22.9747
75.6 49.9484 5.00435 22.9748
75.65 49.9486 5.00433 22.9749
75.7 49.9488 5.00431 22.975
75.75 49.949 5.0043 22.9751
75.8 49.9492 5.00428 22.9752
75.85 49.9494 5.00427 22.9753
75.9 49.9496 5.00425 22.9754
75.95 49.9498 5.00423 22.9755
76 49.95 5.00422 22.9756
76.05 49.9502 5.0042 22.9757
76.1 49.9504 5.00419 22.9758
76.15 49.9506 5.00417 22.9759
76.2 49.9508 5.00416 22.976
76.25 49.951 5.00414 22.9761
76.3 49.9512 5.00412 22.9762
76.35 49.9513 5.00411 22.9763
76.4 49.9515 5.00409 22.9764
76.45 49.9517 5.00408 22.9765
76.5 49.9519 5.00406 22.9766
76.55 49.9521 5.00404 22.9767
76.6 49.9523 5.00403 22.9768
76.65 49.9525 5.00401 22.9769
76.7 49.9526 5.004 22.977
76.75 49.9528 5.00398 22.977
76.8 49.953 5.00397 22.9771
76.85 49.9532 5.00395 22.9772
76.9 49.9534 5.00393 22.9773
76.95 49.9536 5.00392 22.9774
77 49.9537 5.0039 22.9775
77.05 49.9539 5.00389 22.9776
77.1 49.9541 5.00387 22.9777
77.15 49.9543 5.00386 22.9778
77.2 49.9545 5.00384 22.9779
77.25 49.9546 5.00383 22.9779
77.3 49.9548 5.00381 22.978
77.35 49.955 5.00379 22.9781
77.4 49.9552 5.00378 22.9782
77.45 49.9553 5.00376 22.9783
77.5 49.9555 5.00375 22.9784
77.55 49.9557 5.00373 22.9785
77.6 49.9559 5.00372 22.9785
77.65 49.956 5.0037 22.9786
77.7 49.9562 5.00369 22.9787
77.75 49.9564 5.00367 22.9788
77.8 49.9566 5.00366 22.9789
77.85 49.9567 5.00364 22.979
77.9 49.9569 5.00363 22.9791
77.95 49.9571 5.00361 22.9791
78 49.9572 5.0036 22.9792
78.05 49.9574 5.00358 22.9793
78.1 49.9576 5.00357 22.9794
78.15 49.9578 5.00355 22.9795
78.2 49.9579 5.00354 22.9795
78.25 49.9581 5.00352 22.9796
78.3 49.9583 5.00351 22.9797
78.35 49.9584 5.00349 22.9798
78.4 49.9586 5.00348 22.9799
78.45 49.9588 5.00346 22.9799
78.5 49.9589 5.00345 22.98
78.55 49.9591 5.00343 22.9801
78.6 49.9592 5.00342 22.9802
78.65 49.9594 5.00341 22.9803
78.7 49.9596 5.00339 22.9803
78.75 49.9597 5.00338 22.9804
78.8 49.9599 5.00336 22.9805
78.85 49.9601 5.00335 22.9806
78.9 49.9602 5.00334 22.9807
78.95 49.9604 5.00332 22.9807
79 49.9605 5.00331 22.9808
79.05 49.9607 5.0033 22.9809
79.1 49.9609 5.00328 22.981
79.15 49.961 5.00327 22.981
79.2 49.9612 5.00326 22.9811
79.25 49.9613 5.00324 22.9812
79.3 49.9615 5.00323 22.9813
79.35 49.9616 5.00322 22.9813
79.4 49.9618 5.00321 22.9814
79.45 49.9619 5.00319 22.9815
79.5 49.9621 5.00318 22.9816
79.55 49.9622 5.00317 22.9816
79.6 49.9624 5.00315 22.9817
79.65 49.9625 5.00314 22.9818
79.7 49.9627 5.00313 22.9818
79.75 49.9628 5.00312 22.9819
79.8 49.963 5.00311 22.982
79.85 49.9631 5.00309 22.9821
79.9 49.9633 5.00308 22.9821
79.95 49.9634 5.00307 22.9822
80 49.9636 5.00306 22.9823
80.05 49.9637 5.00305 22.9823
80.1 49.9639 5.00303 22.9824
80.15 49.964 5.00302 22.9825
80.2 49.9642 5.00301 22.9825
80.25 49.9643 5.003 22.9826
80.3 49.9644 5.00299 22.9827
80.35 49.9646 5.00298 22.9828
80.4 49.9647 5.00296 22.9828
80.45 49.9649 5.00295 22.9829
80.5 49.965 5.00294 22.983
80.55 49.9652 5.00293 22.983
80.6 49.9653 5.00292 22.9831
80.65 49.9654 5.00291 22.9832
80.7 49.9656 5.0029 22.9832
80.75 49.9657 5.00289 22.9833
80.8 49.9658 5.00287 22.9834
80.85 49.966 5.00286 22.9834
80.9 49.9661 5.00285 22.9835
80.95 49.9662 5.00284 22.9836
81 49.9664 5.00283 22.9836
81.05 49.9665 5.00282 22.9837
81.1 49.9666 5.00281 22.9838
81.15 49.9668 5.0028 22.9838
81.2 49.9669 5.00279 22.9839
81.25 49.967 5.00278 22.9839
81.3 49.9672 5.00277 22.984
81.35 49.9673 5.00276 22.9841
81.4 49.9674 5.00274 22.9841
81.45 49.9675 5.00273 22.9842
81.5 49.9677 5.00272 22.9843
81.55 49.9678 5.00271 22.9843
81.6 49.9679 5.0027 22.9844
81.65 49.9681 5.00269 22.9844
81.7 49.9682 5.00268 22.9845
81.75 49.9683 5.00267 22.9846
81.8 49.9684 5.00266 22.9846
81.85 49.9685 5.00265 22.9847
81.9 49.9687 5.00264 22.9848
81.95 49.9688 5.00263 22.9848
82 49.9689 5.00262 22.9849
82.05 49.969 5.00261 22.9849
82.1 49.9692 5.0026 22.985
82.15 49.9693 5.00259 22.9851
82.2 49.9694 5.00258 22.9851
82.25 49.9695 5.00257 22.9852
82.3 49.9696 5.00256 22.9852
82.35 49.9698 5.00255 22.9853
82.4 49.9699 5.00254 22.9853
82.45 49.97 5.00253 22.9854
82.5 49.9701 5.00252 22.9855
82.55 49.9702 5.00251 22.9855
82.6 49.9704 5.0025 22.9856
82.65 49.9705 5.00249 22.9856
82.7 49.9706 5.00248 22.9857
82.75 49.9707 5.00247 22.9857
82.8 49.9708 5.00246 22.9858
82.85 49.9709 5.00245 22.9859
82.9 49.971 5.00244 22.9859
82.95 49.9712 5.00243 22.986
83 49.9713 5.00242 22.986
83.05 49.9714 5.00241 22.9861
83.1 49.9715 5.0024 22.9861
83.15 49.9716 5.00239 22.9862
83.2 49.9717 5.00238 22.9863
83.25 49.9718 5.00237 22.9863
83.3 49.972 5.00236 22.9864
83.35 49.9721 5.00235 22.9864
83.4 49.9722 5.00234 22.9865
83.45 49.9723 5.00233 22.9865
83.5 49.9724 5.00232 22.9866
83.55 49.9725 5.00231 22.9866
83.6 49.9726 5.0023 22.9867
83.65 49.9727 5.00229 22.9867
83.7 49.9728 5.00228 22.9868
83.75 49.9729 5.00227 22.9868
83.8 49.973 5.00226 22.9869
83.85 49.9732 5.00226 22.9869
83.9 49.9733 5.00225 22.987
83.95 49.9734 5.00224 22.987
84 49.9735 5.00223 22.9871
84.05 49.9736 5.00222 22.9871
84.1 49.9737 5.00221 22.9872
84.15 49.9738 5.0022 22.9872
84.2 49.9739 5.00219 22.9873
84.25 49.974 5.00218 22.9874
84.3 49.9741 5.00218 22.9874
84.35 49.9742 5.00217 22.9875
84.4 49.9743 5.00216 22.9875
84.45 49.9744 5.00215 22.9875
84.5 49.9745 5.00214 22.9876
84.55 49.9746 5.00213 22.9876
84.6 49.9747 5.00212 22.9877
84.65 49.9748 5.00212 22.9877
84.7 49.9749 5.00211 22.9878
84.75 49.975 5.0021 22.9878
84.8 49.9751 5.00209 22.9879
84.85 49.9752 5.00208 22.9879
84.9 49.9753 5.00207 22.988
84.95 49.9754 5.00207 22.988
85 49.9755 5.00206 22.9881
85.05 49.9756 5.00205 22.9881
85.1 49.9757 5.00204 22.9882
85.15 49.9758 5.00203 22.9882
85.2 49.9759 5.00202 22.9883
85.25 49.976 5.00202 22.9883
85.3 49.9761 5.00201 22.9884
85.35 49.9762 5.002 22.9884
85.4 49.9763 5.00199 22.9885
85.45 49.9764 5.00199 22.9885
85.5 49.9765 5.00198 22.9885
85.55 49.9766 5.00197 22.9886
85.6 49.9767 5.00196 22.9886
85.65 49.9768 5.00195 22.9887
85.7 49.9768 5.00195 22.9887
85.75 49.9769 5.00194 22.9888
85.8 49.977 5.00193 22.9888
85.85 49.9771 5.00192 22.9889
85.9 49.9772 5.00192 22.9889
85.95 49.9773 5.00191 22.9889
86 49.9774 5.0019 22.989
86.05 49.9775 5.00189 22.989
86.1 49.9776 5.00189 22.9891
86.15 49.9777 5.00188 22.9891
86.2 49.9777 5.00187 22.9892
86.25 49.9778 5.00187 22.9892
86.3 49.9779 5.00186 22.9893
86.35 49.978 5.00185 22.9893
86.4 49.9781 5.00184 22.9893
86.45 49.9782 5.00184 22.9894
86.5 49.9783 5.00183 22.9894
86.55 49.9784 5.00182 22.9895
86.6 49.9784 5.00181 22.9895
86.65 49.9785 5.00181 22.9895
86.7 49.9786 5.0018 22.9896
86.75 49.9787 5.00179 22.9896
86.8 49.9788 5.00179 22.9897
86.85 49.9789 5.00178 22.9897
86.9 49.9789 5.00177 22.9898
86.95 49.979 5.00177 22.9898
87 49.9791 5.00176 22.9898
87.05 49.9792 5.00175 22.9899
87.1 49.9793 5.00174 22.9899
87.15 49.9794 5.00174 22.99
87.2 49.9794 5.00173 22.99
87.25 49.9795 5.00172 22.99
87.3 49.9796 5.00172 22.9901
87.35 49.9797 5.00171 22.9901
87.4 49.9798 5.0017 22.9902
87.45 49.9798 5.0017 22.9902
87.5 49.9799 5.00169 22.9902
87.55 49.98 5.00168 22.9903
87.6 49.9801 5.00168 22.9903
87.65 49.9802 5.00167 22.9903
87.7 49.9802 5.00166 22.9904
87.75 49.9803 5.00166 22.9904
87.8 49.9804 5.00165 22.9905
87.85 49.9805 5.00164 22.9905
87.9 49.9805 5.00164 22.9905
87.95 49.9806 5.00163 22.9906
88 49.9807 5.00162 22.9906
88.05 49.9808 5.00162 22.9906
88.1 49.9809 5.00161 22.9907
88.15 49.9809 5.0016 22.9907
88.2 49.981 5.0016 22.9908
88.25 49.9811 5.00159 22.9908
88.3 49.9812 5.00159 22.9908
88.35 49.9812 5.00158 22.9909
88.4 49.9813 5.00157 22.9909
88.45 49.9814 5.00157 22.9909
88.5 49.9814 5.00156 22.991
88.55 49.9815 5.00155 22.991
88.6 49.9816 5.00155 22.991
88.65 49.9817 5.00154 22.9911
88.7 49.9817 5.00154 22.9911
88.75 49.9818 5.00153 22.9912
88.8 49.9819 5.00152 22.9912
88.85 49.982 5.00152 22.9912
88.9 49.982 5.00151 22.9913
88.95 49.9821 5.0015 22.9913
89 49.9822 5.0015 22.9913
89.05 49.9822 5.00149 22.9914
89.1 49.9823 5.00149 22.9914
89.15 49.9824 5.00148 22.9914
89.2 49.9825 5.00147 22.9915
89.25 49.9825 5.00147 22.9915
89.3 49.9826 5.00146 22.9915
89.35 49.9827 5.00146 22.9916
89.4 49.9827 5.00145 22.9916
89.45 49.9828 5.00145 22.9916
89.5 49.9829 5.00144 22.9917
89.55 49.9829 5.00143 22.9917
89.6 49.983 5.00143 22.9917
89.65 49.9831 5.00142 22.9918
89.7 49.9831 5.00142 22.9918
89.75 49.9832 5.00141 22.9918
89.8 49.9833 5.00141 22.9919
89.85 49.9833 5.0014 22.9919
89.9 49.9834 5.00139 22.9919
89.95 49.9835 5.00139 22.992
90 49.9835 5.00138 22.992
90.05 49.9836 5.00138 22.992
90.1 49.9837 5.00137 22.9921
90.15 49.9837 5.00137 22.9921
90.2 49.9838 5.00136 22.9921
90.25 49.9839 5.00136 22.9921
90.3 49.9839 5.00135 22.9922
90.35 49.984 5.00135 22.9922
90.4 49.9841 5.00134 22.9922
90.45 49.9841 5.00133 22.9923
90.5 49.9842 5.00133 22.9923
90.55 49.9842 5.00132 22.9923
90.6 49.9843 5.00132 22.9924
90.65 49.9844 5.00131 22.9924
90.7 49.9844 5.00131 22.9924
90.75 49.9845 5.0013 22.9925
90.8 49.9846 5.0013 22.9925
90.85 49.9846 5.00129 22.9925
90.9 49.9847 5.00129 22.9925
90.95 49.9847 5.00128 22.9926
91 49.9848 5.00128 22.9926
91.05 49.9849 5.00127 22.9926
91.1 49.9849 5.00127 22.9927
91.15 49.985 5.00126 22.9927
91.2 49.985 5.00126 22.9927
91.25 49.9851 5.00125 22.9927
91.3 49.9852 5.00125 22.9928
91.35 49.9852 5.00124 22.9928
91.4 49.9853 5.00124 22.9928
91.45 49.9853 5.00123 22.9929
91.5 49.9854 5.00123 22.9929
91.55 49.9854 5.00122 22.9929
91.6 49.9855 5.00122 22.9929
91.65 49.9856 5.00121 22.993
91.7 49.9856 5.00121 22.993
91.75 49.9857 5.0012 22.993
91.8 49.9857 5.0012 22.9931
91.85 49.9858 5.0012 22.9931
91.9 49.9858 5.00119 22.9931
91.95 49.9859 5.00119 22.9931
92 49.986 5.00118 22.9932
92.05 49.986 5.00118 22.9932
92.1 49.9861 5.00117 22.9932
92.15 49.9861 5.00117 22.9932
92.2 49.9862 5.00116 22.9933
92.25 49.9862 5.00116 22.9933
92.3 49.9863 5.00115 22.9933
92.35 49.9863 5.00115 22.9934
92.4 49.9864 5.00114 22.9934
92.45 49.9865 5.00114 22.9934
92.5 49.9865 5.00114 22.9934
92.55 49.9866 5.00113 22.9935
92.6 49.9866 5.00113 22.9935
92.65 49.9867 5.00112 22.9935
92.7 49.9867 5.00112 22.9935
92.75 49.9868 5.00111 22.9936
92.8 49.9868 5.00111 22.9936
92.85 49.9869 5.0011 22.9936
92.9 49.9869 5.0011 22.9936
92.95 49.987 5.0011 22.9937
93 49.987 5.00109 22.9937
93.05 49.9871 5.00109 22.9937
93.1 49.9871 5.00108 22.9937
93.15 49.9872 5.00108 22.9938
93.2 49.9872 5.00107 22.9938
93.25 49.9873 5.00107 22.9938
93.3 49.9873 5.00107 22.9938
93.35 49.9874 5.00106 22.9939
93.4 49.9874 5.00106 22.9939
93.45 49.9875 5.00105 22.9939
93.5 49.9875 5.00105 22.9939
93.55 49.9876 5.00104 22.994
93.6 49.9876 5.00104 22.994
93.65 49.9877 5.00104 22.994
93.7 49.9877 5.00103 22.994
93.75 49.9878 5.00103 22.9941
93.8 49.9878 5.00102 22.9941
93.85 49.9879 5.00102 22.9941
93.9 49.9879 5.00102 22.9941
93.95 49.988 5.00101 22.9941
94 49.988 5.00101 22.9942
94.05 49.9881 5.001 22.9942
94.1 49.9881 5.001 22.9942
94.15 49.9882 5.001 22.9942
94.2 49.9882 5.00099 22.9943
94.25 49.9883 5.00099 22.9943
94.3 49.9883 5.00098 22.9943
94.35 49.9883 5.00098 22.9943
94.4 49.9884 5.00098 22.9944
94.45 49.9884 5.00097 22.9944
94.5 49.9885 5.00097 22.9944
94.55 49.9885 5.00096 22.9944
94.6 49.9886 5.00096 22.9944
94.65 49.9886 5.00096 22.9945
94.7 49.9887 5.00095 22.9945
94.75 49.9887 5.00095 22.9945
94.8 49.9888 5.00095 22.9945
94.85 49.9888 5.00094 22.9946
94.9 49.9888 5.00094 22.9946
94.95 49.9889 5.00093 22.9946
95 49.9889 5.00093 22.9946
95.05 49.989 5.00093 22.9946
95.1 49.989 5.00092 22.9947
95.15 49.9891 5.00092 22.9947
95.2 49.9891 5.00092 22.9947
95.25 49.9892 5.00091 22.9947
95.3 49.9892 5.00091 22.9947
95.35 49.9892 5.0009 22.9948
95.4 49.9893 5.0009 22.9948
95.45 49.9893 5.0009 22.9948
95.5 49.9894 5.00089 22.9948
95.55 49.9894 5.00089 22.9948
95.6 49.9895 5.00089 22.9949
95.65 49.9895 5.00088 22.9949
95.7 49.9895 5.00088 22.9949
95.75 49.9896 5.00088 22.9949
95.8 49.9896 5.00087 22.9949
95.85 49.9897 5.00087 22.995
95.9 49.9897 5.00087 22.995
95.95 49.9897 5.00086 22.995
96 49.9898 5.00086 22.995
96.05 49.9898 5.00086 22.995
96.1 49.9899 5.00085 22.9951
96.15 49.9899 5.00085 22.9951
96.2 49.9899 5.00085 22.9951
96.25 49.99 5.00084 22.9951
96.3 49.99 5.00084 22.9951
96.35 49.9901 5.00084 22.9952
96.4 49.9901 5.00083 22.9952
96.45 49.9901 5.00083 22.9952
96.5 49.9902 5.00083 22.9952
96.55 49.9902 5.00082 22.9952
96.6 49.9903 5.00082 22.9953
96.65 49.9903 5.00082 22.9953
96.7 49.9903 5.00081 22.9953
96.75 49.9904 5.00081 22.9953
96.8 49.9904 5.00081 22.9953
96.85 49.9905 5.0008 22.9954
96.9 49.9905 5.0008 22.9954
96.95 49.9905 5.0008 22.9954
97 49.9906 5.00079 22.9954
97.05 49.9906 5.00079 22.9954
97.1 49.9906 5.00079 22.9954
97.15 49.9907 5.00078 22.9955
97.2 49.9907 5.00078 22.9955
97.25 49.9907 5.00078 22.9955
97.3 49.9908 5.00078 22.9955
97.35 49.9908 5.00077 22.9955
97.4 49.9909 5.00077 22.9956
97.45 49.9909 5.00077 22.9956
97.5 49.9909 5.00076 22.9956
97.55 49.991 5.00076 22.9956
97.6 49.991 5.00076 22.9956
97.65 49.991 5.00075 22.9956
97.7 49.9911 5.00075 22.9957
97.75 49.9911 5.00075 22.9957
97.8 49.9911 5.00074 22.9957
97.85 49.9912 5.00074 22.9957
97.9 49.9912 5.00074 22.9957
97.95 49.9912 5.00074 22.9957
98 49.9913 5.00073 22.9958
98.05 49.9913 5.00073 22.9958
98.1 49.9914 5.00073 22.9958
98.15 49.9914 5.00072 22.9958
98.2 49.9914 5.00072 22.9958
98.25 49.9915 5.00072 22.9958
98.3 49.9915 5.00072 22.9959
98.35 49.9915 5.00071 22.9959
98.4 49.9916 5.00071 22.9959
98.45 49.9916 5.00071 22.9959
98.5 49.9916 5.0007 22.9959
98.55 49.9917 5.0007 22.9959
98.6 49.9917 5.0007 22.996
98.65 49.9917 5.0007 22.996
98.7 49.9918 5.00069 22.996
98.75 49.9918 5.00069 22.996
98.8 49.9918 5.00069 22.996
98.85 49.9919 5.00069 22.996
98.9 49.9919 5.00068 22.9961
98.95 49.9919 5.00068 22.9961
99 49.9919 5.00068 22.9961
99.05 49.992 5.00067 22.9961
99.1 49.992 5.00067 22.9961
99.15 49.992 5.00067 22.9961
99.2 49.9921 5.00067 22.9961
99.25 49.9921 5.00066 22.9962
99.3 49.9921 5.00066 22.9962
99.35 49.9922 5.00066 22.9962
99.4 49.9922 5.00066 22.9962
99.45 49.9922 5.00065 22.9962
99.5 49.9923 5.00065 22.9962
99.55 49.9923 5.00065 22.9963
99.6 49.9923 5.00065 22.9963
99.65 49.9924 5.00064 22.9963
99.7 49.9924 5.00064 22.9963
99.75 49.9924 5.00064 22.9963
99.8 49.9924 5.00064 22.9963
99.85 49.9925 5.00063 22.9963
99.9 49.9925 5.00063 22.9964
99.95 49.9925 5.00063 22.9964
100 49.9926 5.00063 22.9964
100.05 49.9926 5.00062 22.9964
100.1 49.9926 5.00062 22.9964
100.15 49.9927 5.00062 22.9964
100.2 49.9927 5.00062 22.9964
100.25 49.9927 5.00061 22.9965
100.3 49.9927 5.00061 22.9965
100.35 49.9928 5.00061 22.9965
100.4 49.9928 5.00061 22.9965
100.45 49.9928 5.0006 22.9965
100.5 49.9929 5.0006 22.9965
100.55 49.9929 5.0006 22.9965
100.6 49.9929 5.0006 22.9966
100.65 49.9929 5.00059 22.9966
100.7 49.993 5.00059 22.9966
100.75 49.993 5.00059 22.9966
100.8 49.993 5.00059 22.9966
100.85 49.9931 5.00058 22.9966
100.9 49.9931 5.00058 22.9966
100.95 49.9931 5.00058 22.9966
101 49.9931 5.00058 22.9967
101.05 49.9932 5.00058 22.9967
101.1 49.9932 5.00057 22.9967
101.15 49.9932 5.00057 22.9967
101.2 49.9932 5.00057 22.9967
101.25 49.9933 5.00057 22.9967
101.3 49.9933 5.00056 22.9967
101.35 49.9933 5.00056 22.9967
101.4 49.9933 5.00056 22.9968
101.45 49.9934 5.00056 22.9968
101.5 49.9934 5.00055 22.9968
101.55 49.9934 5.00055 22.9968
101.6 49.9935 5.00055 22.9968
101.65 49.9935 5.00055 22.9968
101.7 49.9935 5.00055 22.9968
101.75 49.9935 5.00054 22.9969
101.8 49.9936 5.00054 22.9969
101.85 49.9936 5.00054 22.9969
101.9 49.9936 5.00054 22.9969
101.95 49.9936 5.00054 22.9969
102 49.9937 5.00053 22.9969
102.05 49.9937 5.00053 22.9969
102.1 49.9937 5.00053 22.9969
102.15 49.9937 5.00053 22.997
102.2 49.9938 5.00052 22.997
102.25 49.9938 5.00052 22.997
102.3 49.9938 5.00052 22.997
102.35 49.9938 5.00052 22.997
102.4 49.9939 5.00052 22.997
102.45 49.9939 5.00051 22.997
102.5 49.9939 5.00051 22.997
102.55 49.9939 5.00051 22.997
102.6 49.994 5.00051 22.9971
102.65 49.994 5.00051 22.9971
102.7 49.994 5.0005 22.9971
102.75 49.994 5.0005 22.9971
102.8 49.994 5.0005 22.9971
102.85 49.9941 5.0005 22.9971
102.9 49.9941 5.0005 22.9971
102.95 49.9941 5.00049 22.9971
103 49.9941 5.00049 22.9971
103.05 49.9942 5.00049 22.9972
103.1 49.9942 5.00049 22.9972
103.15 49.9942 5.00049 22.9972
103.2 49.9942 5.00048 22.9972
103.25 49.9943 5.00048 22.9972
103.3 49.9943 5.00048 22.9972
103.35 49.9943 5.00048 22.9972
103.4 49.9943 5.00048 22.9972
103.45 49.9943 5.00048 22.9972
103.5 49.9944 5.00047 22.9973
103.55 49.9944 5.00047 22.9973
103.6 49.9944 5.00047 22.9973
103.65 49.9944 5.00047 22.9973
103.7 49.9945 5.00047 22.9973
103.75 49.9945 5.00046 22.9973
103.8 49.9945 5.00046 22.9973
103.85 49.9945 5.00046 22.9973
103.9 49.9945 5.00046 22.9973
103.95 49.9946 5.00046 22.9974
104 49.9946 5.00046 22.9974
104.05 49.9946 5.00045 22.9974
104.1 49.9946 5.00045 22.9974
104.15 49.9947 5.00045 22.9974
104.2 49.9947 5.00045 22.9974
104.25 49.9947 5.00045 22.9974
104.3 49.9947 5.00044 22.9974
104.35 49.9947 5.00044 22.9974
104.4 49.9948 5.00044 22.9974
104.45 49.9948 5.00044 22.9975
104.5 49.9948 5.00044 22.9975
104.55 49.9948 5.00044 22.9975
104.6 49.9948 5.00043 22.9975
104.65 49.9949 5.00043 22.9975
104.7 49.9949 5.00043 22.9975
104.75 49.9949 5.00043 22.9975
104.8 49.9949 5.00043 22.9975
104.85 49.9949 5.00043 22.9975
104.9 49.995 5.00042 22.9975
104.95 49.995 5.00042 22.9976
105 49.995 5.00042 22.9976
105.05 49.995 5.00042 22.9976
105.1 49.995 5.00042 22.9976
105.15 49.9951 5.00042 22.9976
105.2 49.9951 5.00041 22.9976
105.25 49.9951 5.00041 22.9976
105.3 49.9951 5.00041 22.9976
105.35 49.9951 5.00041 22.9976
105.4 49.9952 5.00041 22.9976
105.45 49.9952 5.00041 22.9977
105.5 49.9952 5.0004 22.9977
105.55 49.9952 5.0004 22.9977
105.6 49.9952 5.0004 22.9977
105.65 49.9953 5.0004 22.9977
105.7 49.9953 5.0004 22.9977
105.75 49.9953 5.0004 22.9977
105.8 49.9953 5.00039 22.9977
105.85 49.9953 5.00039 22.9977
105.9 49.9953 5.00039 22.9977
105.95 49.9954 5.00039 22.9977
106 49.9954 5.00039 22.9978
106.05 49.9954 5.00039 22.9978
106.1 49.9954 5.00039 22.9978
106.15 49.9954 5.00038 22.9978
106.2 49.9955 5.00038 22.9978
106.25 49.9955 5.00038 22.9978
106.3 49.9955 5.00038 22.9978
106.35 49.9955 5.00038 22.9978
106.4 49.9955 5.00038 22.9978
106.45 49.9955 5.00037 22.9978
106.5 49.9956 5.00037 22.9978
106.55 49.9956 5.00037 22.9979
106.6 49.9956 5.00037 22.9979
106.65 49.9956 5.00037 22.9979
106.7 49.9956 5.00037 22.9979
106.75 49.9957 5.00037 22.9979
106.8 49.9957 5.00036 22.9979
106.85 49.9957 5.00036 22.9979
106.9 49.9957 5.00036 22.9979
106.95 49.9957 5.00036 22.9979
107 49.9957 5.00036 22.9979
107.05 49.9958 5.00036 22.9979
107.1 49.9958 5.00036 22.9979
107.15 49.9958 5.00035 22.998
107.2 49.9958 5.00035 22.998
107.25 49.9958 5.00035 22.998
107.3 49.9958 5.00035 22.998
107.35 49.9959 5.00035 22.998
107.4 49.9959 5.00035 22.998
107.45 49.9959 5.00035 22.998
107.5 49.9959 5.00034 22.998
107.55 49.9959 5.00034 22.998
107.6 49.9959 5.00034 22.998
107.65 49.996 5.00034 22.998
107.7 49.996 5.00034 22.998
107.75 49.996 5.00034 22.998
107.8 49.996 5.00034 22.9981
107.85 49.996 5.00034 22.9981
107.9 49.996 5.00033 22.9981
107.95 49.996 5.00033 22.9981
108 49.9961 5.00033 22.9981
108.05 49.9961 5.00033 22.9981
108.1 49.9961 5.00033 22.9981
108.15 49.9961 5.00033 22.9981
108.2 49.9961 5.00033 22.9981
108.25 49.9961 5.00032 22.9981
108.3 49.9962 5.00032 22.9981
108.35 49.9962 5.00032 22.9981
108.4 49.9962 5.00032 22.9981
108.45 49.9962 5.00032 22.9982
108.5 49.9962 5.00032 22.9982
108.55 49.9962 5.00032 22.9982
108.6 49.9962 5.00032 22.9982
108.65 49.9963 5.00031 22.9982
108.7 49.9963 5.00031 22.9982
108.75 49.9963 5.00031 22.9982
108.8 49.9963 5.00031 22.9982
108.85 49.9963 5.00031 22.9982
108.9 49.9963 5.00031 22.9982
108.95 49.9963 5.00031 22.9982
109 49.9964 5.00031 22.9982
109.05 49.9964 5.0003 22.9982
109.1 49.9964 5.0003 22.9982
109.15 49.9964 5.0003 22.9983
109.2 49.9964 5.0003 22.9983
109.25 49.9964 5.0003 22.9983
109.3 49.9964 5.0003 22.9983
109.35 49.9965 5.0003 22.9983
109.4 49.9965 5.0003 22.9983
109.45 49.9965 5.0003 22.9983
109.5 49.9965 5.00029 22.9983
109.55 49.9965 5.00029 22.9983
109.6 49.9965 5.00029 22.9983
109.65 49.9965 5.00029 22.9983
109.7 49.9966 5.00029 22.9983
109.75 49.9966 5.00029 22.9983
109.8 49.9966 5.00029 22.9983
109.85 49.9966 5.00029 22.9983
109.9 49.9966 5.00028 22.9984
109.95 49.9966 5.00028 22.9984
110 49.9966 5.00028 22.9984
110.05 49.9967 5.00028 22.9984
110.1 49.9967 5.00028 22.9984
110.15 49.9967 5.00028 22.9984
110.2 49.9967 5.00028 22.9984
110.25 49.9967 5.00028 22.9984
110.3 49.9967 5.00028 22.9984
110.35 49.9967 5.00027 22.9984
110.4 49.9967 5.00027 22.9984
110.45 49.9968 5.00027 22.9984
110.5 49.9968 5.00027 22.9984
110.55 49.9968 5.00027 22.9984
110.6 49.9968 5.00027 22.9984
110.65 49.9968 5.00027 22.9984
110.7 49.9968 5.00027 22.9985
110.75 49.9968 5.00027 22.9985
110.8 49.9968 5.00026 22.9985
110.85 49.9969 5.00026 22.9985
110.9 49.9969 5.00026 22.9985
110.95 49.9969 5.00026 22.9985
111 49.9969 5.00026 22.9985
111.05 49.9969 5.00026 22.9985
111.1 49.9969 5.00026 22.9985
111.15 49.9969 5.00026 22.9985
111.2 49.9969 5.00026 22.9985
111.25 49.997 5.00026 22.9985
111.3 49.997 5.00025 22.9985
111.35 49.997 5.00025 22.9985
111.4 49.997 5.00025 22.9985
111.45 49.997 5.00025 22.9985
111.5 49.997 5.00025 22.9985
111.55 49.997 5.00025 22.9986
111.6 49.997 5.00025 22.9986
111.65 49.9971 5.00025 22.9986
111.7 49.9971 5.00025 22.9986
111.75 49.9971 5.00025 22.9986
111.8 49.9971 5.00024 22.9986
111.85 49.9971 5.00024 22.9986
111.9 49.9971 5.00024 22.9986
111.95 49.9971 5.00024 22.9986
112 49.9971 5.00024 22.9986
112.05 49.9971 5.00024 22.9986
112.1 49.9972 5.00024 22.9986
112.15 49.9972 5.00024 22.9986
112.2 49.9972 5.00024 22.9986
112.25 49.9972 5.00024 22.9986
112.3 49.9972 5.00024 22.9986
112.35 49.9972 5.00023 22.9986
112.4 49.9972 5.00023 22.9986
112.45 49.9972 5.00023 22.9987
112.5 49.9972 5.00023 22.9987
112.55 49.9973 5.00023 22.9987
112.6 49.9973 5.00023 22.9987
112.65 49.9973 5.00023 22.9987
112.7 49.9973 5.00023 22.9987
112.75 49.9973 5.00023 22.9987
112.8 49.9973 5.00023 22.9987
112.85 49.9973 5.00023 22.9987
112.9 49.9973 5.00022 22.9987
112.95 49.9973 5.00022 22.9987
113 49.9974 5.00022 22.9987
113.05 49.9974 5.00022 22.9987
113.1 49.9974 5.00022 22.9987
113.15 49.9974 5.00022 22.9987
113.2 49.9974 5.00022 22.9987
113.25 49.9974 5.00022 22.9987
113.3 49.9974 5.00022 22.9987
113.35 49.9974 5.00022 22.9987
113.4 49.9974 5.00022 22.9988
113.45 49.9974 5.00021 22.9988
113.5 49.9975 5.00021 22.9988
113.55 49.9975 5.00021 22.9988
113.6 49.9975 5.00021 22.9988
113.65 49.9975 5.00021 22.9988
113.7 49.9975 5.00021 22.9988
113.75 49.9975 5.00021 22.9988
113.8 49.9975 5.00021 22.9988
113.85 49.9975 5.00021 22.9988
113.9 49.9975 5.00021 22.9988
113.95 49.9975 5.00021 22.9988
114 49.9976 5.00021 22.9988
114.05 49.9976 5.0002 22.9988
114.1 49.9976 5.0002 22.9988
114.15 49.9976 5.0002 22.9988
114.2 49.9976 5.0002 22.9988
114.25 49.9976 5.0002 22.9988
114.3 49.9976 5.0002 22.9988
114.35 49.9976 5.0002 22.9988
114.4 49.9976 5.0002 22.9988
114.45 49.9976 5.0002 22.9989
114.5 49.9977 5.0002 22.9989
114.55 49.9977 5.0002 22.9989
114.6 49.9977 5.0002 22.9989
114.65 49.9977 5.0002 22.9989
114.7 49.9977 5.00019 22.9989
114.75 49.9977 5.00019 22.9989
114.8 49.9977 5.00019 22.9989
114.85 49.9977 5.00019 22.9989
114.9 49.9977 5.00019 22.9989
114.95 49.9977 5.00019 22.9989
115 49.9977 5.00019 22.9989
115.05 49.9978 5.00019 22.9989
115.1 49.9978 5.00019 22.9989
115.15 49.9978 5.00019 22.9989
115.2 49.9978 5.00019 22.9989
115.25 49.9978 5.00019 22.9989
115.3 49.9978 5.00019 22.9989
115.35 49.9978 5.00018 22.9989
115.4 49.9978 5.00018 22.9989
115.45 49.9978 5.00018 22.9989
115.5 49.9978 5.00018 22.9989
115.55 49.9978 5.00018 22.9989
115.6 49.9978 5.00018 22.999
115.65 49.9979 5.00018 22.999
115.7 49.9979 5.00018 22.999
115.75 49.9979 5.00018 22.999
115.8 49.9979 5.00018 22.999
115.85 49.9979 5.00018 22.999
115.9 49.9979 5.00018 22.999
115.95 49.9979 5.00018 22.999
116 49.9979 5.00018 22.999
116.05 49.9979 5.00017 22.999
116.1 49.9979 5.00017 22.999
116.15 49.9979 5.00017 22.999
116.2 49.9979 5.00017 22.999
116.25 49.998 5.00017 22.999
116.3 49.998 5.00017 22.999
116.35 49.998 5.00017 22.999
116.4 49.998 5.00017 22.999
116.45 49.998 5.00017 22.999
116.5 49.998 5.00017 22.999
116.55 49.998 5.00017 22.999
116.6 49.998 5.00017 22.999
116.65 49.998 5.00017 22.999
116.7 49.998 5.00017 22.999
116.75 49.998 5.00017 22.999
116.8 49.998 5.00016 22.999
116.85 49.9981 5.00016 22.9991
116.9 49.9981 5.00016 22.9991
116.95 49.9981 5.00016 22.9991
117 49.9981 5.00016 22.9991
117.05 49.9981 5.00016 22.9991
117.1 49.9981 5.00016 22.9991
117.15 49.9981 5.00016 22.9991
117.2 49.9981 5.00016 22.9991
117.25 49.9981 5.00016 22.9991
117.3 49.9981 5.00016 22.9991
117.35 49.9981 5.00016 22.9991
117.4 49.9981 5.00016 22.9991
117.45 49.9981 5.00016 22.9991
117.5 49.9982 5.00016 22.9991
117.55 49.9982 5.00015 22.9991
117.6 49.9982 5.00015 22.9991
117.65 49.9982 5.00015 22.9991
117.7 49.9982 5.00015 22.9991
117.75 49.9982 5.00015 22.9991
117.8 49.9982 5.00015 22.9991
117.85 49.9982 5.00015 22.9991
117.9 49.9982 5.00015 22.9991
117.95 49.9982 5.00015 22.9991
118 49.9982 5.00015 22.9991
118.05 49.9982 5.00015 22.9991
118.1 49.9982 5.00015 22.9991
118.15 49.9982 5.00015 22.9991
118.2 49.9983 5.00015 22.9991
118.25 49.9983 5.00015 22.9992
118.3 49.9983 5.00015 22.9992
118.35 49.9983 5.00015 22.9992
118.4 49.9983 5.00014 22.9992
118.45 49.9983 5.00014 22.9992
118.5 49.9983 5.00014 22.9992
118.55 49.9983 5.00014 22.9992
118.6 49.9983 5.00014 22.9992
118.65 49.9983 5.00014 22.9992
118.7 49.9983 5.00014 22.9992
118.75 49.9983 5.00014 22.9992
118.8 49.9983 5.00014 22.9992
118.85 49.9983 5.00014 22.9992
118.9 49.9983 5.00014 22.9992
118.95 49.9984 5.00014 22.9992
119 49.9984 5.00014 22.9992
119.05 49.9984 5.00014 22.9992
119.1 49.9984 5.00014 22.9992
119.15 49.9984 5.00014 22.9992
119.2 49.9984 5.00014 22.9992
119.25 49.9984 5.00014 22.9992
119.3 49.9984 5.00013 22.9992
119.35 49.9984 5.00013 22.9992
119.4 49.9984 5.00013 22.9992
119.45 49.9984 5.00013 22.9992
119.5 49.9984 5.00013 22.9992
119.55 49.9984 5.00013 22.9992
119.6 49.9984 5.00013 22.9992
119.65 49.9984 5.00013 22.9992
119.7 49.9984 5.00013 22.9992
119.75 49.9985 5.00013 22.9992
119.8 49.9985 5.00013 22.9993
119.85 49.9985 5.00013 22.9993
119.9 49.9985 5.00013 22.9993
119.95 49.9985 5.00013 22.9993
120 49.9985 5.00013 22.9993
120.05 49.9985 5.00013 22.9993
120.1 49.9985 5.00013 22.9993
120.15 49.9985 5.00013 22.9993
120.2 49.9985 5.00013 22.9993
120.25 49.9985 5.00013 22.9993
120.3 49.9985 5.00012 22.9993
120.35 49.9985 5.00012 22.9993
120.4 49.9985 5.00012 22.9993
120.45 49.9985 5.00012 22.9993
120.5 49.9985 5.00012 22.9993
120.55 49.9985 5.00012 22.9993
120.6 49.9986 5.00012 22.9993
120.65 49.9986 5.00012 22.9993
120.7 49.9986 5.00012 22.9993
120.75 49.9986 5.00012 22.9993
120.8 49.9986 5.00012 22.9993
120.85 49.9986 5.00012 22.9993
120.9 49.9986 5.00012 22.9993
120.95 49.9986 5.00012 22.9993
121 49.9986 5.00012 22.9993
121.05 49.9986 5.00012 22.9993
121.1 49.9986 5.00012 22.9993
121.15 49.9986 5.00012 22.9993
121.2 49.9986 5.00012 22.9993
121.25 49.9986 5.00012 22.9993
121.3 49.9986 5.00012 22.9993
121.35 49.9986 5.00011 22.9993
121.4 49.9986 5.00011 22.9993
121.45 49.9986 5.00011 22.9993
121.5 49.9987 5.00011 22.9993
121.55 49.9987 5.00011 22.9993
121.6 49.9987 5.00011 22.9994
121.65 49.9987 5.00011 22.9994
121.7 49.9987 5.00011 22.9994
121.75 49.9987 5.00011 22.9994
121.8 49.9987 5.00011 22.9994
121.85 49.9987 5.00011 22.9994
121.9 49.9987 5.00011 22.9994
121.95 49.9987 5.00011 22.9994
122 49.9987 5.00011 22.9994
122.05 49.9987 5.00011 22.9994
122.1 49.9987 5.00011 22.9994
122.15 49.9987 5.00011 22.9994
122.2 49.9987 5.00011 22.9994
122.25 49.9987 5.00011 22.9994
122.3 49.9987 5.00011 22.9994
122.35 49.9987 5.00011 22.9994
122.4 49.9987 5.00011 22.9994
122.45 49.9988 5.0001 22.9994
122.5 49.9988 5.0001 22.9994
122.55 49.9988 5.0001 22.9994
122.6 49.9988 5.0001 22.9994
122.65 49.9988 5.0001 22.9994
122.7 49.9988 5.0001 22.9994
122.75 49.9988 5.0001 22.9994
122.8 49.9988 5.0001 22.9994
122.85 49.9988 5.0001 22.9994
122.9 49.9988 5.0001 22.9994
122.95 49.9988 5.0001 22.9994
123 49.9988 5.0001 22.9994
123.05 49.9988 5.0001 22.9994
123.1 49.9988 5.0001 22.9994
123.15 49.9988 5.0001 22.9994
123.2 49.9988 5.0001 22.9994
123.25 49.9988 5.0001 22.9994
123.3 49.9988 5.0001 22.9994
123.35 49.9988 5.0001 22.9994
123.4 49.9988 5.0001 22.9994
123.45 49.9988 5.0001 22.9994
123.5 49.9989 5.0001 22.9994
123.55 49.9989 5.0001 22.9994
123.6 49.9989 5.0001 22.9994
123.65 49.9989 5.0001 22.9994
123.7 49.9989 5.0001 22.9995
123.75 49.9989 5.00009 22.9995
123.8 49.9989 5.00009 22.9995
123.85 49.9989 5.00009 22.9995
123.9 49.9989 5.00009 22.9995
123.95 49.9989 5.00009 22.9995
124 49.9989 5.00009 22.9995
124.05 49.9989 5.00009 22.9995
124.1 49.9989 5.00009 22.9995
124.15 49.9989 5.00009 22.9995
124.2 49.9989 5.00009 22.9995
124.25 49.9989 5.00009 22.9995
124.3 49.9989 5.00009 22.9995
124.35 49.9989 5.00009 22.9995
124.4 49.9989 5.00009 22.9995
124.45 49.9989 5.00009 22.9995
124.5 49.9989 5.00009 22.9995
124.55 49.9989 5.00009 22.9995
124.6 49.9989 5.00009 22.9995
124.65 49.999 5.00009 22.9995
124.7 49.999 5.00009 22.9995
124.75 49.999 5.00009 22.9995
124.8 49.999 5.00009 22.9995
124.85 49.999 5.00009 22.9995
124.9 49.999 5.00009 22.9995
124.95 49.999 5.00009 22.9995
125 49.999 5.00009 22.9995
125.05 49.999 5.00009 22.9995
125.1 49.999 5.00009 22.9995
125.15 49.999 5.00008 22.9995
125.2 49.999 5.00008 22.9995
125.25 49.999 5.00008 22.9995
125.3 49.999 5.00008 22.9995
125.35 49.999 5.00008 22.9995
125.4 49.999 5.00008 22.9995
125.45 49.999 5.00008 22.9995
125.5 49.999 5.00008 22.9995
125.55 49.999 5.00008 22.9995
125.6 49.999 5.00008 22.9995
125.65 49.999 5.00008 22.9995
125.7 49.999 5.00008 22.9995
125.75 49.999 5.00008 22.9995
125.8 49.999 5.00008 22.9995
125.85 49.999 5.00008 22.9995
125.9 49.9991 5.00008 22.9995
125.95 49.9991 5.00008 22.9995
126 49.9991 5.00008 22.9995
126.05 49.9991 5.00008 22.9995
126.1 49.9991 5.00008 22.9995
126.15 49.9991 5.00008 22.9995
126.2 49.9991 5.00008 22.9995
126.25 49.9991 5.00008 22.9996
126.3 49.9991 5.00008 22.9996
126.35 49.9991 5.00008 22.9996
126.4 49.9991 5.00008 22.9996
126.45 49.9991 5.00008 22.9996
126.5 49.9991 5.00008 22.9996
126.55 49.9991 5.00008 22.9996
126.6 49.9991 5.00008 22.9996
126.65 49.9991 5.00008 22.9996
126.7 49.9991 5.00007 22.9996
126.75 49.9991 5.00007 22.9996
126.8 49.9991 5.00007 22.9996
126.85 49.9991 5.00007 22.9996
126.9 49.9991 5.00007 22.9996
126.95 49.9991 5.00007 22.9996
127 49.9991 5.00007 22.9996
127.05 49.9991 5.00007 22.9996
127.1 49.9991 5.00007 22.9996
127.15 49.9991 5.00007 22.9996
127.2 49.9991 5.00007 22.9996
127.25 49.9991 5.00007 22.9996
127.3 49.9992 5.00007 22.9996
127.35 49.9992 5.00007 22.9996
127.4 49.9992 5.00007 22.9996
127.45 49.9992 5.00007 22.9996
127.5 49.9992 5.00007 22.9996
127.55 49.9992 5.00007 22.9996
127.6 49.9992 5.00007 22.9996
127.65 49.9992 5.00007 22.9996
127.7 49.9992 5.00007 22.9996
127.75 49.9992 5.00007 22.9996
127.8 49.9992 5.00007 22.9996
127.85 49.9992 5.00007 22.9996
127.9 49.9992 5.00007 22.9996
127.95 49.9992 5.00007 22.9996
128 49.9992 5.00007 22.9996
128.05 49.9992 5.00007 22.9996
128.1 49.9992 5.00007 22.9996
128.15 49.9992 5.00007 22.9996
128.2 49.9992 5.00007 22.9996
128.25 49.9992 5.00007 22.9996
128.3 49.9992 5.00007 22.9996
128.35 49.9992 5.00007 22.9996
128.4 49.9992 5.00007 22.9996
128.45 49.9992 5.00007 22.9996
128.5 49.9992 5.00006 22.9996
128.55 49.9992 5.00006 22.9996
128.6 49.9992 5.00006 22.9996
128.65 49.9992 5.00006 22.9996
128.7 49.9992 5.00006 22.9996
128.75 49.9992 5.00006 22.9996
128.8 49.9992 5.00006 22.9996
128.85 49.9992 5.00006 22.9996
128.9 49.9993 5.00006 22.9996
128.95 49.9993 5.00006 22.9996
129 49.9993 5.00006 22.9996
129.05 49.9993 5.00006 22.9996
129.1 49.9993 5.00006 22.9996
129.15 49.9993 5.00006 22.9996
129.2 49.9993 5.00006 22.9996
129.25 49.9993 5.00006 22.9996
129.3 49.9993 5.00006 22.9996
129.35 49.9993 5.00006 22.9996
129.4 49.9993 5.00006 22.9997
129.45 49.9993 5.00006 22.9997
129.5 49.9993 5.00006 22.9997
129.55 49.9993 5.00006 22.9997
129.6 49.9993 5.00006 22.9997
129.65 49.9993 5.00006 22.9997
129.7 49.9993 5.00006 22.9997
129.75 49.9993 5.00006 22.9997
129.8 49.9993 5.00006 22.9997
129.85 49.9993 5.00006 22.9997
129.9 49.9993 5.00006 22.9997
129.95 49.9993 5.00006 22.9997
130 49.9993 5.00006 22.9997
130.05 49.9993 5.00006 22.9997
130.1 49.9993 5.00006 22.9997
130.15 49.9993 5.00006 22.9997
130.2 49.9993 5.00006 22.9997
130.25 49.9993 5.00006 22.9997
130.3 49.9993 5.00006 22.9997
130.35 49.9993 5.00006 22.9997
130.4 49.9993 5.00006 22.9997
130.45 49.9993 5.00006 22.9997
130.5 49.9993 5.00006 22.9997
130.55 49.9993 5.00006 22.9997
130.6 49.9993 5.00005 22.9997
130.65 49.9993 5.00005 22.9997
130.7 49.9994 5.00005 22.9997
130.75 49.9994 5.00005 22.9997
130.8 49.9994 5.00005 22.9997
130.85 49.9994 5.00005 22.9997
130.9 49.9994 5.00005 22.9997
130.95 49.9994 5.00005 22.9997
131 49.9994 5.00005 22.9997
131.05 49.9994 5.00005 22.9997
131.1 49.9994 5.00005 22.9997
131.15 49.9994 5.00005 22.9997
131.2 49.9994 5.00005 22.9997
131.25 49.9994 5.00005 22.9997
131.3 49.9994 5.00005 22.9997
131.35 49.9994 5.00005 22.9997
131.4 49.9994 5.00005 22.9997
131.45 49.9994 5.00005 22.9997
131.5 49.9994 5.00005 22.9997
131.55 49.9994 5.00005 22.9997
131.6 49.9994 5.00005 22.9997
131.65 49.9994 5.00005 22.9997
131.7 49.9994 5.00005 22.9997
131.75 49.9994 5.00005 22.9997
131.8 49.9994 5.00005 22.9997
131.85 49.9994 5.00005 22.9997
131.9 49.9994 5.00005 22.9997
131.95 49.9994 5.00005 22.9997
132 49.9994 5.00005 22.9997
132.05 49.9994 5.00005 22.9997
132.1 49.9994 5.00005 22.9997
132.15 49.9994 5.00005 22.9997
132.2 49.9994 5.00005 22.9997
132.25 49.9994 5.00005 22.9997
132.3 49.9994 5.00005 22.9997
132.35 49.9994 5.00005 22.9997
132.4 49.9994 5.00005 22.9997
132.45 49.9994 5.00005 22.9997
132.5 49.9994 5.00005 22.9997
132.55 49.9994 5.00005 22.9997
132.6 49.9994 5.00005 22.9997
132.65 49.9994 5.00005 22.9997
132.7 49.9994 5.00005 22.9997
132.75 49.9994 5.00005 22.9997
132.8 49.9995 5.00005 22.9997
132.85 49.9995 5.00005 22.9997
132.9 49.9995 5.00005 22.9997
132.95 49.9995 5.00005 22.9997
133 49.9995 5.00005 22.9997
133.05 49.9995 5.00005 22.9997
133.1 49.9995 5.00005 22.9997
133.15 49.9995 5.00004 22.9997
133.2 49.9995 5.00004 22.9997
133.25 49.9995 5.00004 22.9997
133.3 49.9995 5.00004 22.9997
133.35 49.9995 5.00004 22.9997
133.4 49.9995 5.00004 22.9997
133.45 49.9995 5.00004 22.9997
133.5 49.9995 5.00004 22.9997
133.55 49.9995 5.00004 22.9997
133.6 49.9995 5.00004 22.9997
133.65 49.9995 5.00004 22.9998
133.7 49.9995 5.00004 22.9998
133.75 49.9995 5.00004 22.9998
133.8 49.9995 5.00004 22.9998
133.85 49.9995 5.00004 22.9998
133.9 49.9995 5.00004 22.9998
133.95 49.9995 5.00004 22.9998
134 49.9995 5.00004 22.9998
134.05 49.9995 5.00004 22.9998
134.1 49.9995 5.00004 22.9998
134.15 49.9995 5.00004 22.9998
134.2 49.9995 5.00004 22.9998
134.25 49.9995 5.00004 22.9998
134.3 49.9995 5.00004 22.9998
134.35 49.9995 5.00004 22.9998
134.4 49.9995 5.00004 22.9998
134.45 49.9995 5.00004 22.9998
134.5 49.9995 5.00004 22.9998
134.55 49.9995 5.00004 22.9998
134.6 49.9995 5.00004 22.9998
134.65 49.9995 5.00004 22.9998
134.7 49.9995 5.00004 22.9998
134.75 49.9995 5.00004 22.9998
134.8 49.9995 5.00004 22.9998
134.85 49.9995 5.00004 22.9998
134.9 49.9995 5.00004 22.9998
134.95 49.9995 5.00004 22.9998
135 49.9995 5.00004 22.9998
135.05 49.9995 5.00004 22.9998
135.1 49.9995 5.00004 22.9998
135.15 49.9995 5.00004 22.9998
135.2 49.9995 5.00004 22.9998
135.25 49.9995 5.00004 22.9998
135.3 49.9996 5.00004 22.9998
135.35 49.9996 5.00004 22.9998
135.4 49.9996 5.00004 22.9998
135.45 49.9996 5.00004 22.9998
135.5 49.9996 5.00004 22.9998
135.55 49.9996 5.00004 22.9998
135.6 49.9996 5.00004 22.9998
135.65 49.9996 5.00004 22.9998
135.7 49.9996 5.00004 22.9998
135.75 49.9996 5.00004 22.9998
135.8 49.9996 5.00004 22.9998
135.85 49.9996 5.00004 22.9998
135.9 49.9996 5.00004 22.9998
135.95 49.9996 5.00004 22.9998
136 49.9996 5.00004 22.9998
136.05 49.9996 5.00004 22.9998
136.1 49.9996 5.00004 22.9998
136.15 49.9996 5.00004 22.9998
136.2 49.9996 5.00004 22.9998
136.25 49.9996 5.00004 22.9998
136.3 49.9996 5.00003 22.9998
136.35 49.9996 5.00003 22.9998
136.4 49.9996 5.00003 22.9998
136.45 49.9996 5.00003 22.9998
136.5 49.9996 5.00003 22.9998
136.55 49.9996 5.00003 22.9998
136.6 49.9996 5.00003 22.9998
136.65 49.9996 5.00003 22.9998
136.7 49.9996 5.00003 22.9998
136.75 49.9996 5.00003 22.9998
136.8 49.9996 5.00003 22.9998
136.85 49.9996 5.00003 22.9998
136.9 49.9996 5.00003 22.9998
136.95 49.9996 5.00003 22.9998
137 49.9996 5.00003 22.9998
137.05 49.9996 5.00003 22.9998
137.1 49.9996 5.00003 22.9998
137.15 49.9996 5.00003 22.9998
137.2 49.9996 5.00003 22.9998
137.25 49.9996 5.00003 22.9998
137.3 49.9996 5.00003 22.9998
137.35 49.9996 5.00003 22.9998
137.4 49.9996 5.00003 22.9998
137.45 49.9996 5.00003 22.9998
137.5 49.9996 5.00003 22.9998
137.55 49.9996 5.00003 22.9998
137.6 49.9996 5.00003 22.9998
137.65 49.9996 5.00003 22.9998
137.7 49.9996 5.00003 22.9998
137.75 49.9996 5.00003 22.9998
137.8 49.9996 5.00003 22.9998
137.85 49.9996 5.00003 22.9998
137.9 49.9996 5.00003 22.9998
137.95 49.9996 5.00003 22.9998
138 49.9996 5.00003 22.9998
138.05 49.9996 5.00003 22.9998
138.1 49.9996 5.00003 22.9998
138.15 49.9996 5.00003 22.9998
138.2 49.9996 5.00003 22.9998
138.25 49.9996 5.00003 22.9998
138.3 49.9996 5.00003 22.9998
138.35 49.9996 5.00003 22.9998
138.4 49.9996 5.00003 22.9998
138.45 49.9997 5.00003 22.9998
138.5 49.9997 5.00003 22.9998
138.55 49.9997 5.00003 22.9998
138.6 49.9997 5.00003 22.9998
138.65 49.9997 5.00003 22.9998
138.7 49.9997 5.00003 22.9998
138.75 49.9997 5.00003 22.9998
138.8 49.9997 5.00003 22.9998
138.85 49.9997 5.00003 22.9998
138.9 49.9997 5.00003 22.9998
138.95 49.9997 5.00003 22.9998
139 49.9997 5.00003 22.9998
139.05 49.9997 5.00003 22.9998
139.1 49.9997 5.00003 22.9998
139.15 49.9997 5.00003 22.9998
139.2 49.9997 5.00003 22.9998
139.25 49.9997 5.00003 22.9998
139.3 49.9997 5.00003 22.9998
139.35 49.9997 5.00003 22.9998
139.4 49.9997 5.00003 22.9998
139.45 49.9997 5.00003 22.9998
139.5 49.9997 5.00003 22.9998
139.55 49.9997 5.00003 22.9998
139.6 49.9997 5.00003 22.9998
139.65 49.9997 5.00003 22.9998
139.7 49.9997 5.00003 22.9998
139.75 49.9997 5.00003 22.9998
139.8 49.9997 5.00003 22.9998
139.85 49.9997 5.00003 22.9998
139.9 49.9997 5.00003 22.9998
139.95 49.9997 5.00003 22.9998
140 49.9997 5.00003 22.9998
140.05 49.9997 5.00003 22.9999
140.1 49.9997 5.00003 22.9999
140.15 49.9997 5.00003 22.9999
140.2 49.9997 5.00003 22.9999
140.25 49.9997 5.00003 22.9999
140.3 49.9997 5.00003 22.9999
140.35 49.9997 5.00003 22.9999
140.4 49.9997 5.00003 22.9999
140.45 49.9997 5.00003 22.9999
140.5 49.9997 5.00002 22.9999
140.55 49.9997 5.00002 22.9999
140.6 49.9997 5.00002 22.9999
140.65 49.9997 5.00002 22.9999
140.7 49.9997 5.00002 22.9999
140.75 49.9997 5.00002 22.9999
140.8 49.9997 5.00002 22.9999
140.85 49.9997 5.00002 22.9999
140.9 49.9997 5.00002 22.9999
140.95 49.9997 5.00002 22.9999
141 49.9997 5.00002 22.9999
141.05 49.9997 5.00002 22.9999
141.1 49.9997 5.00002 22.9999
141.15 49.9997 5.00002 22.9999
141.2 49.9997 5.00002 22.9999
141.25 49.9997 5.00002 22.9999
141.3 49.9997 5.00002 22.9999
141.35 49.9997 5.00002 22.9999
141.4 49.9997 5.00002 22.9999
141.45 49.9997 5.00002 22.9999
141.5 49.9997 5.00002 22.9999
141.55 49.9997 5.00002 22.9999
141.6 49.9997 5.00002 22.9999
141.65 49.9997 5.00002 22.9999
141.7 49.9997 5.00002 22.9999
141.75 49.9997 5.00002 22.9999
141.8 49.9997 5.00002 22.9999
141.85 49.9997 5.00002 22.9999
141.9 49.9997 5.00002 22.9999
141.95 49.9997 5.00002 22.9999
142 49.9997 5.00002 22.9999
142.05 49.9997 5.00002 22.9999
142.1 49.9997 5.00002 22.9999
142.15 49.9997 5.00002 22.9999
142.2 49.9997 5.00002 22.9999
142.25 49.9997 5.00002 22.9999
142.3 49.9997 5.00002 22.9999
142.35 49.9997 5.00002 22.9999
142.4 49.9997 5.00002 22.9999
142.45 49.9997 5.00002 22.9999
142.5 49.9997 5.00002 22.9999
142.55 49.9997 5.00002 22.9999
142.6 49.9997 5.00002 22.9999
142.65 49.9997 5.00002 22.9999
142.7 49.9998 5.00002 22.9999
142.75 49.9998 5.00002 22.9999
142.8 49.9998 5.00002 22.9999
142.85 49.9998 5.00002 22.9999
142.9 49.9998 5.00002 22.9999
142.95 49.9998 5.00002 22.9999
143 49.9998 5.00002 22.9999
143.05 49.9998 5.00002 22.9999
143.1 49.9998 5.00002 22.9999
143.15 49.9998 5.00002 22.9999
143.2 49.9998 5.00002 22.9999
143.25 49.9998 5.00002 22.9999
143.3 49.9998 5.00002 22.9999
143.35 49.9998 5.00002 22.9999
143.4 49.9998 5.00002 22.9999
143.45 49.9998 5.00002 22.9999
143.5 49.9998 5.00002 22.9999
143.55 49.9998 5.00002 22.9999
143.6 49.9998 5.00002 22.9999
143.65 49.9998 5.00002 22.9999
143.7 49.9998 5.00002 22.9999
143.75 49.9998 5.00002 22.9999
143.8 49.9998 5.00002 22.9999
143.85 49.9998 5.00002 22.9999
143.9 49.9998 5.00002 22.9999
143.95 49.9998 5.00002 22.9999
144 49.9998 5.00002 22.9999
144.05 49.9998 5.00002 22.9999
144.1 49.9998 5.00002 22.9999
144.15 49.9998 5.00002 22.9999
144.2 49.9998 5.00002 22.9999
144.25 49.9998 5.00002 22.9999
144.3 49.9998 5.00002 22.9999
144.35 49.9998 5.00002 22.9999
144.4 49.9998 5.00002 22.9999
144.45 49.9998 5.00002 22.9999
144.5 49.9998 5.00002 22.9999
144.55 49.9998 5.00002 22.9999
144.6 49.9998 5.00002 22.9999
144.65 49.9998 5.00002 22.9999
144.7 49.9998 5.00002 22.9999
144.75 49.9998 5.00002 22.9999
144.8 49.9998 5.00002 22.9999
144.85 49.9998 5.00002 22.9999
144.9 49.9998 5.00002 22.9999
144.95 49.9998 5.00002 22.9999
145 49.9998 5.00002 22.9999
145.05 49.9998 5.00002 22.9999
145.1 49.9998 5.00002 22.9999
145.15 49.9998 5.00002 22.9999
145.2 49.9998 5.00002 22.9999
145.25 49.9998 5.00002 22.9999
145.3 49.9998 5.00002 22.9999
145.35 49.9998 5.00002 22.9999
145.4 49.9998 5.00002 22.9999
145.45 49.9998 5.00002 22.9999
145.5 49.9998 5.00002 22.9999
145.55 49.9998 5.00002 22.9999
145.6 49.9998 5.00002 22.9999
145.65 49.9998 5.00002 22.9999
145.7 49.9998 5.00002 22.9999
145.75 49.9998 5.00002 22.9999
145.8 49.9998 5.00002 22.9999
145.85 49.9998 5.00002 22.9999
145.9 49.9998 5.00002 22.9999
145.95 49.9998 5.00002 22.9999
146 49.9998 5.00002 22.9999
146.05 49.9998 5.00002 22.9999
146.1 49.9998 5.00002 22.9999
146.15 49.9998 5.00002 22.9999
146.2 49.9998 5.00002 22.9999
146.25 49.9998 5.00002 22.9999
146.3 49.9998 5.00002 22.9999
146.35 49.9998 5.00002 22.9999
146.4 49.9998 5.00002 22.9999
146.45 49.9998 5.00002 22.9999
146.5 49.9998 5.00002 22.9999
146.55 49.9998 5.00002 22.9999
146.6 49.9998 5.00002 22.9999
146.65 49.9998 5.00002 22.9999
146.7 49.9998 5.00002 22.9999
146.75 49.9998 5.00002 22.9999
146.8 49.9998 5.00002 22.9999
146.85 49.9998 5.00002 22.9999
146.9 49.9998 5.00002 22.9999
146.95 49.9998 5.00001 22.9999
147 49.9998 5.00001 22.9999
147.05 49.9998 5.00001 22.9999
147.1 49.9998 5.00001 22.9999
147.15 49.9998 5.00001 22.9999
147.2 49.9998 5.00001 22.9999
147.25 49.9998 5.00001 22.9999
147.3 49.9998 5.00001 22.9999
147.35 49.9998 5.00001 22.9999
147.4 49.9998 5.00001 22.9999
147.45 49.9998 5.00001 22.9999
147.5 49.9998 5.00001 22.9999
147.55 49.9998 5.00001 22.9999
147.6 49.9998 5.00001 22.9999
147.65 49.9998 5.00001 22.9999
147.7 49.9998 5.00001 22.9999
147.75 49.9998 5.00001 22.9999
147.8 49.9998 5.00001 22.9999
147.85 49.9998 5.00001 22.9999
147.9 49.9998 5.00001 22.9999
147.95 49.9998 5.00001 22.9999
148 49.9998 5.00001 22.9999
148.05 49.9998 5.00001 22.9999
148.1 49.9998 5.00001 22.9999
148.15 49.9998 5.00001 22.9999
148.2 49.9998 5.00001 22.9999
148.25 49.9998 5.00001 22.9999
148.3 49.9998 5.00001 22.9999
148.35 49.9998 5.00001 22.9999
148.4 49.9998 5.00001 22.9999
148.45 49.9998 5.00001 22.9999
148.5 49.9998 5.00001 22.9999
148.55 49.9998 5.00001 22.9999
148.6 49.9998 5.00001 22.9999
148.65 49.9998 5.00001 22.9999
148.7 49.9998 5.00001 22.9999
148.75 49.9998 5.00001 22.9999
148.8 49.9998 5.00001 22.9999
148.85 49.9998 5.00001 22.9999
148.9 49.9998 5.00001 22.9999
148.95 49.9998 5.00001 22.9999
149 49.9998 5.00001 22.9999
149.05 49.9998 5.00001 22.9999
149.1 49.9998 5.00001 22.9999
149.15 49.9999 5.00001 22.9999
149.2 49.9999 5.00001 22.9999
149.25 49.9999 5.00001 22.9999
149.3 49.9999 5.00001 22.9999
149.35 49.9999 5.00001 22.9999
149.4 49.9999 5.00001 22.9999
149.45 49.9999 5.00001 22.9999
149.5 49.9999 5.00001 22.9999
149.55 49.9999 5.00001 22.9999
149.6 49.9999 5.00001 22.9999
149.65 49.9999 5.00001 22.9999
149.7 49.9999 5.00001 22.9999
149.75 49.9999 5.00001 22.9999
149.8 49.9999 5.00001 22.9999
149.85 49.9999 5.00001 22.9999
149.9 49.9999 5.00001 22.9999
149.95 49.9999 5.00001 22.9999
150 49.9999 5.00001 22.9999
150.05 49.9999 5.00001 22.9999
150.1 49.9999 5.00001 22.9999
150.15 49.9999 5.00001 22.9999
150.2 49.9999 5.00001 22.9999
150.25 49.9999 5.00001 22.9999
150.3 49.9999 5.00001 22.9999
150.35 49.9999 5.00001 22.9999
150.4 49.9999 5.00001 22.9999
150.45 49.9999 5.00001 22.9999
150.5 49.9999 5.00001 22.9999
150.55 49.9999 5.00001 22.9999
150.6 49.9999 5.00001 22.9999
150.65 49.9999 5.00001 22.9999
150.7 49.9999 5.00001 22.9999
150.75 49.9999 5.00001 22.9999
150.8 49.9999 5.00001 22.9999
150.85 49.9999 5.00001 22.9999
150.9 49.9999 5.00001 22.9999
150.95 49.9999 5.00001 22.9999
151 49.9999 5.00001 22.9999
151.05 49.9999 5.00001 22.9999
151.1 49.9999 5.00001 22.9999
151.15 49.9999 5.00001 22.9999
151.2 49.9999 5.00001 22.9999
151.25 49.9999 5.00001 22.9999
151.3 49.9999 5.00001 22.9999
151.35 49.9999 5.00001 22.9999
151.4 49.9999 5.00001 22.9999
151.45 49.9999 5.00001 22.9999
151.5 49.9999 5.00001 22.9999
151.55 49.9999 5.00001 22.9999
151.6 49.9999 5.00001 22.9999
151.65 49.9999 5.00001 22.9999
151.7 49.9999 5.00001 22.9999
151.75 49.9999 5.00001 22.9999
151.8 49.9999 5.00001 22.9999
151.85 49.9999 5.00001 22.9999
151.9 49.9999 5.00001 22.9999
151.95 49.9999 5.00001 22.9999
152 49.9999 5.00001 22.9999
152.05 49.9999 5.00001 22.9999
152.1 49.9999 5.00001 22.9999
152.15 49.9999 5.00001 22.9999
152.2 49.9999 5.00001 22.9999
152.25 49.9999 5.00001 22.9999
152.3 49.9999 5.00001 22.9999
152.35 49.9999 5.00001 22.9999
152.4 49.9999 5.00001 22.9999
152.45 49.9999 5.00001 22.9999
152.5 49.9999 5.00001 22.9999
152.55 49.9999 5.00001 22.9999
152.6 49.9999 5.00001 22.9999
152.65 49.9999 5.00001 22.9999
152.7 49.9999 5.00001 22.9999
152.75 49.9999 5.00001 22.9999
152.8 49.9999 5.00001 22.9999
152.85 49.9999 5.00001 22.9999
152.9 49.9999 5.00001 22.9999
152.95 49.9999 5.00001 22.9999
153 49.9999 5.00001 22.9999
153.05 49.9999 5.00001 22.9999
153.1 49.9999 5.00001 22.9999
153.15 49.9999 5.00001 22.9999
153.2 49.9999 5.00001 22.9999
153.25 49.9999 5.00001 22.9999
153.3 49.9999 5.00001 22.9999
153.35 49.9999 5.00001 22.9999
153.4 49.9999 5.00001 22.9999
153.45 49.9999 5.00001 22.9999
153.5 49.9999 5.00001 22.9999
153.55 49.9999 5.00001 22.9999
153.6 49.9999 5.00001 22.9999
153.65 49.9999 5.00001 22.9999
153.7 49.9999 5.00001 22.9999
153.75 49.9999 5.00001 22.9999
153.8 49.9999 5.00001 22.9999
153.85 49.9999 5.00001 22.9999
153.9 49.9999 5.00001 23
153.95 49.9999 5.00001 23
154 49.9999 5.00001 23
154.05 49.9999 5.00001 23
154.1 49.9999 5.00001 23
154.15 49.9999 5.00001 23
154.2 49.9999 5.00001 23
154.25 49.9999 5.00001 23
154.3 49.9999 5.00001 23
154.35 49.9999 5.00001 23
154.4 49.9999 5.00001 23
154.45 49.9999 5.00001 23
154.5 49.9999 5.00001 23
154.55 49.9999 5.00001 23
154.6 49.9999 5.00001 23
154.65 49.9999 5.00001 23
154.7 49.9999 5.00001 23
154.75 49.9999 5.00001 23
154.8 49.9999 5.00001 23
154.85 49.9999 5.00001 23
154.9 49.9999 5.00001 23
154.95 49.9999 5.00001 23
155 49.9999 5.00001 23
155.05 49.9999 5.00001 23
155.1 49.9999 5.00001 23
155.15 49.9999 5.00001 23
155.2 49.9999 5.00001 23
155.25 49.9999 5.00001 23
155.3 49.9999 5.00001 23
155.35 49.9999 5.00001 23
155.4 49.9999 5.00001 23
155.45 49.9999 5.00001 23
155.5 49.9999 5.00001 23
155.55 49.9999 5.00001 23
155.6 49.9999 5.00001 23
155.65 49.9999 5.00001 23
155.7 49.9999 5.00001 23
155.75 49.9999 5.00001 23
155.8 49.9999 5.00001 23
155.85 49.9999 5.00001 23
155.9 49.9999 5.00001 23
155.95 49.9999 5.00001 23
156 49.9999 5.00001 23
156.05 49.9999 5.00001 23
156.1 49.9999 5.00001 23
156.15 49.9999 5.00001 23
156.2 49.9999 5.00001 23
156.25 49.9999 5.00001 23
156.3 49.9999 5.00001 23
156.35 49.9999 5.00001 23
156.4 49.9999 5.00001 23
156.45 49.9999 5.00001 23
156.5 49.9999 5.00001 23
156.55 49.9999 5.00001 23
156.6 49.9999 5.00001 23
156.65 49.9999 5.00001 23
156.7 49.9999 5.00001 23
156.75 49.9999 5.00001 23
156.8 49.9999 5.00001 23
156.85 49.9999 5.00001 23
156.9 49.9999 5.00001 23
156.95 49.9999 5.00001 23
157 49.9999 5.00001 23
157.05 49.9999 5.00001 23
157.1 49.9999 5.00001 23
157.15 49.9999 5.00001 23
157.2 49.9999 5.00001 23
157.25 49.9999 5.00001 23
157.3 49.9999 5.00001 23
157.35 49.9999 5.00001 23
157.4 49.9999 5.00001 23
157.45 49.9999 5.00001 23
157.5 49.9999 5.00001 23
157.55 49.9999 5.00001 23
157.6 49.9999 5.00001 23
157.65 49.9999 5.00001 23
157.7 49.9999 5.00001 23
157.75 49.9999 5.00001 23
157.8 49.9999 5.00001 23
157.85 49.9999 5.00001 23
157.9 49.9999 5.00001 23
157.95 49.9999 5.00001 23
158 49.9999 5.00001 23
158.05 49.9999 5.00001 23
158.1 49.9999 5.00001 23
158.15 49.9999 5.00001 23
158.2 49.9999 5.00001 23
158.25 49.9999 5.00001 23
158.3 49.9999 5.00001 23
158.35 49.9999 5.00001 23
158.4 49.9999 5.00001 23
158.45 49.9999 5.00001 23
158.5 49.9999 5.00001 23
158.55 49.9999 5.00001 23
158.6 49.9999 5.00001 23
158.65 49.9999 5.00001 23
158.7 49.9999 5.00001 23
158.75 49.9999 5.00001 23
158.8 49.9999 5.00001 23
158.85 49.9999 5.00001 23
158.9 49.9999 5.00001 23
158.95 49.9999 5.00001 23
159 49.9999 5.00001 23
159.05 49.9999 5.00001 23
159.1 49.9999 5.00001 23
159.15 49.9999 5.00001 23
159.2 49.9999 5.00001 23
159.25 49.9999 5.00001 23
159.3 49.9999 5.00001 23
159.35 49.9999 5.00001 23
159.4 49.9999 5.00001 23
159.45 49.9999 5.00001 23
159.5 49.9999 5.00001 23
159.55 49.9999 5.00001 23
159.6 49.9999 5.00001 23
159.65 49.9999 5.00001 23
159.7 49.9999 5.00001 23
159.75 49.9999 5.00001 23
159.8 49.9999 5.00001 23
159.85 49.9999 5.00001 23
159.9 49.9999 5.00001 23
159.95 49.9999 5.00001 23
160 49.9999 5.00001 23
160.05 49.9999 5.00001 23
160.1 49.9999 5.00001 23
160.15 49.9999 5.00001 23
160.2 49.9999 5.00001 23
160.25 49.9999 5.00001 23
160.3 49.9999 5.00001 23
160.35 49.9999 5.00001 23
160.4 49.9999 5.00001 23
160.45 49.9999 5.00001 23
160.5 49.9999 5.00001 23
160.55 49.9999 5.00001 23
160.6 49.9999 5.00001 23
160.65 49.9999 5.00001 23
160.7 49.9999 5.00001 23
160.75 49.9999 5 23
160.8 49.9999 5 23
160.85 49.9999 5 23
160.9 49.9999 5 23
160.95 49.9999 5 23
161 49.9999 5 23
161.05 49.9999 5 23
161.1 49.9999 5 23
161.15 49.9999 5 23
161.2 49.9999 5 23
161.25 49.9999 5 23
161.3 49.9999 5 23
161.35 49.9999 5 23
161.4 49.9999 5 23
161.45 49.9999 5 23
161.5 49.9999 5 23
161.55 49.9999 5 23
161.6 49.9999 5 23
161.65 49.9999 5 23
161.7 49.9999 5 23
161.75 49.9999 5 23
161.8 49.9999 5 23
161.85 49.9999 5 23
161.9 49.9999 5 23
161.95 49.9999 5 23
162 49.9999 5 23
162.05 49.9999 5 23
162.1 49.9999 5 23
162.15 49.9999 5 23
162.2 49.9999 5 23
162.25 49.9999 5 23
162.3 49.9999 5 23
162.35 49.9999 5 23
162.4 49.9999 5 23
162.45 49.9999 5 23
162.5 49.9999 5 23
162.55 49.9999 5 23
162.6 49.9999 5 23
162.65 49.9999 5 23
162.7 49.9999 5 23
162.75 49.9999 5 23
162.8 49.9999 5 23
162.85 49.9999 5 23
162.9 49.9999 5 23
162.95 50 5 23
163 50 5 23
163.05 50 5 23
163.1 50 5 23
163.15 50 5 23
163.2 50 5 23
163.25 50 5 23
163.3 50 5 23
163.35 50 5 23
163.4 50 5 23
163.45 50 5 23
163.5 50 5 23
163.55 50 5 23
163.6 50 5 23
163.65 50 5 23
163.7 50 5 23
163.75 50 5 23
163.8 50 5 23
163.85 50 5 23
163.9 50 5 23
163.95 50 5 23
164 50 5 23
164.05 50 5 23
164.1 50 5 23
164.15 50 5 23
164.2 50 5 23
164.25 50 5 23
164.3 50 5 23
164.35 50 5 23
164.4 50 5 23
164.45 50 5 23
164.5 50 5 23
164.55 50 5 23
164.6 50 5 23
164.65 50 5 23
164.7 50 5 23
164.75 50 5 23
164.8 50 5 23
164.85 50 5 23
164.9 50 5 23
164.95 50 5 23
165 50 5 23
165.05 50 5 23
165.1 50 5 23
165.15 50 5 23
165.2 50 5 23
165.25 50 5 23
165.3 50 5 23
165.35 50 5 23
165.4 50 5 23
165.45 50 5 23
165.5 50 5 23
165.55 50 5 23
165.6 50 5 23
165.65 50 5 23
165.7 50 5 23
165.75 50 5 23
165.8 50 5 23
165.85 50 5 23
165.9 50 5 23
165.95 50 5 23
166 50 5 23
166.05 50 5 23
166.1 50 5 23
166.15 50 5 23
166.2 50 5 23
166.25 50 5 23
166.3 50 5 23
166.35 50 5 23
166.4 50 5 23
166.45 50 5 23
166.5 50 5 23
166.55 50 5 23
166.6 50 5 23
166.65 50 5 23
166.7 50 5 23
166.75 50 5 23
166.8 50 5 23
166.85 50 5 23
166.9 50 5 23
166.95 50 5 23
167 50 5 23
167.05 50 5 23
167.1 50 5 23
167.15 50 5 23
167.2 50 5 23
167.25 50 5 23
167.3 50 5 23
167.35 50 5 23
167.4 50 5 23
167.45 50 5 23
167.5 50 5 23
167.55 50 5 23
167.6 50 5 23
167.65 50 5 23
167.7 50 5 23
167.75 50 5 23
167.8 50 5 23
167.85 50 5 23
167.9 50 5 23
167.95 50 5 23
168 50 5 23
168.05 50 5 23
168.1 50 5 23
168.15 50 5 23
168.2 50 5 23
168.25 50 5 23
168.3 50 5 23
168.35 50 5 23
168.4 50 5 23
168.45 50 5 23
168.5 50 5 23
168.55 50 5 23
168.6 50 5 23
168.65 50 5 23
168.7 50 5 23
168.75 50 5 23
168.8 50 5 23
168.85 50 5 23
168.9 50 5 23
168.95 50 5 23
169 50 5 23
169.05 50 5 23
169.1 50 5 23
169.15 50 5 23
169.2 50 5 23
169.25 50 5 23
169.3 50 5 23
169.35 50 5 23
169.4 50 5 23
169.45 50 5 23
169.5 50 5 23
169.55 50 5 23
169.6 50 5 23
169.65 50 5 23
169.7 50 5 23
169.75 50 5 23
169.8 50 5 23
169.85 50 5 23
169.9 50 5 23
169.95 50 5 23
170 50 5 23
170.05 50 5 23
170.1 50 5 23
170.15 50 5 23
170.2 50 5 23
170.25 50 5 23
170.3 50 5 23
170.35 50 5 23
170.4 50 5 23
170.45 50 5 23
170.5 50 5 23
170.55 50 5 23
170.6 50 5 23
170.65 50 5 23
170.7 50 5 23
170.75 50 5 23
170.8 50 5 23
170.85 50 5 23
170.9 50 5 23
170.95 50 5 23
171 50 5 23
171.05 50 5 23
171.1 50 5 23
171.15 50 5 23
171.2 50 5 23
171.25 50 5 23
171.3 50 5 23
171.35 50 5 23
171.4 50 5 23
171.45 50 5 23
171.5 50 5 23
171.55 50 5 23
171.6 50 5 23
171.65 50 5 23
171.7 50 5 23
171.75 50 5 23
171.8 50 5 23
171.85 50 5 23
171.9 50 5 23
171.95 50 5 23
172 50 5 23
172.05 50 5 23
172.1 50 5 23
172.15 50 5 23
172.2 50 5 23
172.25 50 5 23
172.3 50 5 23
172.35 50 5 23
172.4 50 5 23
172.45 50 5 23
172.5 50 5 23
172.55 50 5 23
172.6 50 5 23
172.65 50 5 23
172.7 50 5 23
172.75 50 5 23
172.8 50 5 23
172.85 50 5 23
172.9 50 5 23
172.95 50 5 23
173 50 5 23
173.05 50 5 23
173.1 50 5 23
173.15 50 5 23
173.2 50 5 23
173.25 50 5 23
173.3 50 5 23
173.35 50 5 23
173.4 50 5 23
173.45 50 5 23
173.5 50 5 23
173.55 50 5 23
173.6 50 5 23
173.65 50 5 23
173.7 50 5 23
173.75 50 5 23
173.8 50 5 23
173.85 50 5 23
173.9 50 5 23
173.95 50 5 23
174 50 5 23
174.05 50 5 23
174.1 50 5 23
174.15 50 5 23
174.2 50 5 23
174.25 50 5 23
174.3 50 5 23
174.35 50 5 23
174.4 50 5 23
174.45 50 5 23
174.5 50 5 23
174.55 50 5 23
174.6 50 5 23
174.65 50 5 23
174.7 50 5 23
174.75 50 5 23
174.8 50 5 23
174.85 50 5 23
174.9 50 5 23
174.95 50 5 23
175 50 5 23
175.05 50 5 23
175.1 50 5 23
175.15 50 5 23
175.2 50 5 23
175.25 50 5 23
175.3 50 5 23
175.35 50 5 23
175.4 50 5 23
175.45 50 5 23
175.5 50 5 23
175.55 50 5 23
175.6 50 5 23
175.65 50 5 23
175.7 50 5 23
175.75 50 5 23
175.8 50 5 23
175.85 50 5 23
175.9 50 5 23
175.95 50 5 23
176 50 5 23
176.05 50 5 23
176.1 50 5 23
176.15 50 5 23
176.2 50 5 23
176.25 50 5 23
176.3 50 5 23
176.35 50 5 23
176.4 50 5 23
176.45 50 5 23
176.5 50 5 23
176.55 50 5 23
176.6 50 5 23
176.65 50 5 23
176.7 50 5 23
176.75 50 5 23
176.8 50 5 23
176.85 50 5 23
176.9 50 5 23
176.95 50 5 23
177 50 5 23
177.05 50 5 23
177.1 50 5 23
177.15 50 5 23
177.2 50 5 23
177.25 50 5 23
177.3 50 5 23
177.35 50 5 23
177.4 50 5 23
177.45 50 5 23
177.5 50 5 23
177.55 50 5 23
177.6 50 5 23
177.65 50 5 23
177.7 50 5 23
177.75 50 5 23
177.8 50 5 23
177.85 50 5 23
177.9 50 5 23
177.95 50 5 23
178 50 5 23
178.05 50 5 23
178.1 50 5 23
178.15 50 5 23
178.2 50 5 23
178.25 50 5 23
178.3 50 5 23
178.35 50 5 23
178.4 50 5 23
178.45 50 5 23
178.5 50 5 23
178.55 50 5 23
178.6 50 5 23
178.65 50 5 23
178.7 50 5 23
178.75 50 5 23
178.8 50 5 23
178.85 50 5 23
178.9 50 5 23
178.95 50 5 23
179 50 5 23
179.05 50 5 23
179.1 50 5 23
179.15 50 5 23
179.2 50 5 23
179.25 50 5 23
179.3 50 5 23
179.35 50 5 23
179.4 50 5 23
179.45 50 5 23
179.5 50 5 23
179.55 50 5 23
179.6 50 5 23
179.65 50 5 23
179.7 50 5 23
179.75 50 5 23
179.8 50 5 23
179.85 50 5 23
179.9 50 5 23
179.95 50 5 23
180 50 5 23
180.05 50 5 23
180.1 50 5 23
180.15 50 5 23
180.2 50 5 23
180.25 50 5 23
180.3 50 5 23
180.35 50 5 23
180.4 50 5 23
180.45 50 5 23
180.5 50 5 23
180.55 50 5 23
180.6 50 5 23
180.65 50 5 23
180.7 50 5 23
180.75 50 5 23
180.8 50 5 23
180.85 50 5 23
180.9 50 5 23
180.95 50 5 23
181 50 5 23
181.05 50 5 23
181.1 50 5 23
181.15 50 5 23
181.2 50 5 23
181.25 50 5 23
181.3 50 5 23
181.35 50 5 23
181.4 50 5 23
181.45 50 5 23
181.5 50 5 23
181.55 50 5 23
181.6 50 5 23
181.65 50 5 23
181.7 50 5 23
181.75 50 5 23
181.8 50 5 23
181.85 50 5 23
181.9 50 5 23
181.95 50 5 23
182 50 5 23
182.05 50 5 23
182.1 50 5 23
182.15 50 5 23
182.2 50 5 23
182.25 50 5 23
182.3 50 5 23
182.35 50 5 23
182.4 50 5 23
182.45 50 5 23
182.5 50 5 23
182.55 50 5 23
182.6 50 5 23
182.65 50 5 23
182.7 50 5 23
182.75 50 5 23
182.8 50 5 23
182.85 50 5 23
182.9 50 5 23
182.95 50 5 23
183 50 5 23
183.05 50 5 23
183.1 50 5 23
183.15 50 5 23
183.2 50 5 23
183.25 50 5 23
183.3 50 5 23
183.35 50 5 23
183.4 50 5 23
183.45 50 5 23
183.5 50 5 23
183.55 50 5 23
183.6 50 5 23
183.65 50 5 23
183.7 50 5 23
183.75 50 5 23
183.8 50 5 23
183.85 50 5 23
183.9 50 5 23
183.95 50 5 23
184 50 5 23
184.05 50 5 23
184.1 50 5 23
184.15 50 5 23
184.2 50 5 23
184.25 50 5 23
184.3 50 5 23
184.35 50 5 23
184.4 50 5 23
184.45 50 5 23
184.5 50 5 23
184.55 50 5 23
184.6 50 5 23
184.65 50 5 23
184.7 50 5 23
184.75 50 5 23
184.8 50 5 23
184.85 50 5 23
184.9 50 5 23
184.95 50 5 23
185 50 5 23
185.05 50 5 23
185.1 50 5 23
185.15 50 5 23
185.2 50 5 23
185.25 50 5 23
185.3 50 5 23
185.35 50 5 23
185.4 50 5 23
185.45 50 5 23
185.5 50 5 23
185.55 50 5 23
185.6 50 5 23
185.65 50 5 23
185.7 50 5 23
185.75 50 5 23
185.8 50 5 23
185.85 50 5 23
185.9 50 5 23
185.95 50 5 23
186 50 5 23
186.05 50 5 23
186.1 50 5 23
186.15 50 5 23
186.2 50 5 23
186.25 50 5 23
186.3 50 5 23
186.35 50 5 23
186.4 50 5 23
186.45 50 5 23
186.5 50 5 23
186.55 50 5 23
186.6 50 5 23
186.65 50 5 23
186.7 50 5 23
186.75 50 5 23
186.8 50 5 23
186.85 50 5 23
186.9 50 5 23
186.95 50 5 23
187 50 5 23
187.05 50 5 23
187.1 50 5 23
187.15 50 5 23
187.2 50 5 23
187.25 50 5 23
187.3 50 5 23
187.35 50 5 23
187.4 50 5 23
187.45 50 5 23
187.5 50 5 23
187.55 50 5 23
187.6 50 5 23
187.65 50 5 23
187.7 50 5 23
187.75 50 5 23
187.8 50 5 23
187.85 50 5 23
187.9 50 5 23
187.95 50 5 23
188 50 5 23
188.05 50 5 23
188.1 50 5 23
188.15 50 5 23
188.2 50 5 23
188.25 50 5 23
188.3 50 5 23
188.35 50 5 23
188.4 50 5 23
188.45 50 5 23
188.5 50 5 23
188.55 50 5 23
188.6 50 5 23
188.65 50 5 23
188.7 50 5 23
188.75 50 5 23
188.8 50 5 23
188.85 50 5 23
188.9 50 5 23
188.95 50 5 23
189 50 5 23
189.05 50 5 23
189.1 50 5 23
189.15 50 5 23
189.2 50 5 23
189.25 50 5 23
189.3 50 5 23
189.35 50 5 23
189.4 50 5 23
189.45 50 5 23
189.5 50 5 23
189.55 50 5 23
189.6 50 5 23
189.65 50 5 23
189.7 50 5 23
189.75 50 5 23
189.8 50 5 23
189.85 50 5 23
189.9 50 5 23
189.95 50 5 23
190 50 5 23
190.05 50 5 23
190.1 50 5 23
190.15 50 5 23
190.2 50 5 23
190.25 50 5 23
190.3 50 5 23
190.35 50 5 23
190.4 50 5 23
190.45 50 5 23
190.5 50 5 23
190.55 50 5 23
190.6 50 5 23
190.65 50 5 23
190.7 50 5 23
190.75 50 5 23
190.8 50 5 23
190.85 50 5 23
190.9 50 5 23
190.95 50 5 23
191 50 5 23
191.05 50 5 23
191.1 50 5 23
191.15 50 5 23
191.2 50 5 23
191.25 50 5 23
191.3 50 5 23
191.35 50 5 23
191.4 50 5 23
191.45 50 5 23
191.5 50 5 23
191.55 50 5 23
191.6 50 5 23
191.65 50 5 23
191.7 50 5 23
191.75 50 5 23
191.8 50 5 23
191.85 50 5 23
191.9 50 5 23
191.95 50 5 23
192 50 5 23
192.05 50 5 23
192.1 50 5 23
192.15 50 5 23
192.2 50 5 23
192.25 50 5 23
192.3 50 5 23
192.35 50 5 23
192.4 50 5 23
192.45 50 5 23
192.5 50 5 23
192.55 50 5 23
192.6 50 5 23
192.65 50 5 23
192.7 50 5 23
192.75 50 5 23
192.8 50 5 23
192.85 50 5 23
192.9 50 5 23
192.95 50 5 23
193 50 5 23
193.05 50 5 23
193.1 50 5 23
193.15 50 5 23
193.2 50 5 23
193.25 50 5 23
193.3 50 5 23
193.35 50 5 23
193.4 50 5 23
193.45 50 5 23
193.5 50 5 23
193.55 50 5 23
193.6 50 5 23
193.65 50 5 23
193.7 50 5 23
193.75 50 5 23
193.8 50 5 23
193.85 50 5 23
193.9 50 5 23
193.95 50 5 23
194 50 5 23
194.05 50 5 23
194.1 50 5 23
194.15 50 5 23
194.2 50 5 23
194.25 50 5 23
194.3 50 5 23
194.35 50 5 23
194.4 50 5 23
194.45 50 5 23
194.5 50 5 23
194.55 50 5 23
194.6 50 5 23
194.65 50 5 23
194.7 50 5 23
194.75 50 5 23
194.8 50 5 23
194.85 50 5 23
194.9 50 5 23
194.95 50 5 23
195 50 5 23
195.05 50 5 23
195.1 50 5 23
195.15 50 5 23
195.2 50 5 23
195.25 50 5 23
195.3 50 5 23
195.35 50 5 23
195.4 50 5 23
195.45 50 5 23
195.5 50 5 23
195.55 50 5 23
195.6 50 5 23
195.65 50 5 23
195.7 50 5 23
195.75 50 5 23
195.8 50 5 23
195.85 50 5 23
195.9 50 5 23
195.95 50 5 23
196 50 5 23
196.05 50 5 23
196.1 50 5 23
196.15 50 5 23
196.2 50 5 23
196.25 50 5 23
196.3 50 5 23
196.35 50 5 23
196.4 50 5 23
196.45 50 5 23
196.5 50 5 23
196.55 50 5 23
196.6 50 5 23
196.65 50 5 23
196.7 50 5 23
196.75 50 5 23
196.8 50 5 23
196.85 50 5 23
196.9 50 5 23
196.95 50 5 23
197 50 5 23
197.05 50 5 23
197.1 50 5 23
197.15 50 5 23
197.2 50 5 23
197.25 50 5 23
197.3 50 5 23
197.35 50 5 23
197.4 50 5 23
197.45 50 5 23
197.5 50 5 23
197.55 50 5 23
197.6 50 5 23
197.65 50 5 23
197.7 50 5 23
197.75 50 5 23
197.8 50 5 23
197.85 50 5 23
197.9 50 5 23
197.95 50 5 23
198 50 5 23
198.05 50 5 23
198.1 50 5 23
198.15 50 5 23
198.2 50 5 23
198.25 50 5 23
198.3 50 5 23
198.35 50 5 23
198.4 50 5 23
198.45 50 5 23
198.5 50 5 23
198.55 50 5 23
198.6 50 5 23
198.65 50 5 23
198.7 50 5 23
198.75 50 5 23
198.8 50 5 23
198.85 50 5 23
198.9 50 5 23
198.95 50 5 23
199 50 5 23
199.05 50 5 23
199.1 50 5 23
199.15 50 5 23
199.2 50 5 23
199.25 50 5 23
199.3 50 5 23
199.35 50 5 23
199.4 50 5 23
199.45 50 5 23
199.5 50 5 23
199.55 50 5 23
199.6 50 5 23
199.65 50 5 23
199.7 50 5 23
199.75 50 5 23
199.8 50 5 23
199.85 50 5 23
199.9 50 5 23
199.95 50 5 23
200 50 5 23
200.05 50 5 23
200.1 50 5 23
200.15 50 5 23
200.2 50 5 23
200.25 50 5 23
200.3 50 5 23
200.35 50 5 23
200.4 50 5 23
200.45 50 5 23
200.5 50 5 23
200.55 50 5 23
200.6 50 5 23
200.65 50 5 23
200.7 50 5 23
200.75 50 5 23
200.8 50 5 23
200.85 50 5 23
200.9 50 5 23
200.95 50 5 23
201 50 5 23
201.05 50 5 23
201.1 50 5 23
201.15 50 5 23
201.2 50 5 23
201.25 50 5 23
201.3 50 5 23
201.35 50 5 23
201.4 50 5 23
201.45 50 5 23
201.5 50 5 23
201.55 50 5 23
201.6 50 5 23
201.65 50 5 23
201.7 50 5 23
201.75 50 5 23
201.8 50 5 23
201.85 50 5 23
201.9 50 5 23
201.95 50 5 23
202 50 5 23
202.05 50 5 23
202.1 50 5 23
202.15 50 5 23
202.2 50 5 23
202.25 50 5 23
202.3 50 5 23
202.35 50 5 23
202.4 50 5 23
202.45 50 5 23
202.5 50 5 23
202.55 50 5 23
202.6 50 5 23
202.65 50 5 23
202.7 50 5 23
202.75 50 5 23
202.8 50 5 23
202.85 50 5 23
202.9 50 5 23
202.95 50 5 23
203 50 5 23
203.05 50 5 23
203.1 50 5 23
203.15 50 5 23
203.2 50 5 23
203.25 50 5 23
203.3 50 5 23
203.35 50 5 23
203.4 50 5 23
203.45 50 5 23
203.5 50 5 23
203.55 50 5 23
203.6 50 5 23
203.65 50 5 23
203.7 50 5 23
203.75 50 5 23
203.8 50 5 23
203.85 50 5 23
203.9 50 5 23
203.95 50 5 23
204 50 5 23
204.05 50 5 23
204.1 50 5 23
204.15 50 5 23
204.2 50 5 23
204.25 50 5 23
204.3 50 5 23
204.35 50 5 23
204.4 50 5 23
204.45 50 5 23
204.5 50 5 23
204.55 50 5 23
204.6 50 5 23
204.65 50 5 23
204.7 50 5 23
204.75 50 5 23
204.8 50 5 23
204.85 50 5 23
204.9 50 5 23
204.95 50 5 23
205 50 5 23
205.05 50 5 23
205.1 50 5 23
205.15 50 5 23
205.2 50 5 23
205.25 50 5 23
205.3 50 5 23
205.35 50 5 23
205.4 50 5 23
205.45 50 5 23
205.5 50 5 23
205.55 50 5 23
205.6 50 5 23
205.65 50 5 23
205.7 50 5 23
205.75 50 5 23
205.8 50 5 23
205.85 50 5 23
205.9 50 5 23
205.95 50 5 23
206 50 5 23
206.05 50 5 23
206.1 50 5 23
206.15 50 5 23
206.2 50 5 23
206.25 50 5 23
206.3 50 5 23
206.35 50 5 23
206.4 50 5 23
206.45 50 5 23
206.5 50 5 23
206.55 50 5 23
206.6 50 5 23
206.65 50 5 23
206.7 50 5 23
206.75 50 5 23
206.8 50 5 23
206.85 50 5 23
206.9 50 5 23
206.95 50 5 23
207 50 5 23
207.05 50 5 23
207.1 50 5 23
207.15 50 5 23
207.2 50 5 23
207.25 50 5 23
207.3 50 5 23
207.35 50 5 23
207.4 50 5 23
207.45 50 5 23
207.5 50 5 23
207.55 50 5 23
207.6 50 5 23
207.65 50 5 23
207.7 50 5 23
207.75 50 5 23
207.8 50 5 23
207.85 50 5 23
207.9 50 5 23
207.95 50 5 23
208 50 5 23
208.05 50 5 23
208.1 50 5 23
208.15 50 5 23
208.2 50 5 23
208.25 50 5 23
208.3 50 5 23
208.35 50 5 23
208.4 50 5 23
208.45 50 5 23
208.5 50 5 23
208.55 50 5 23
208.6 50 5 23
208.65 50 5 23
208.7 50 5 23
208.75 50 5 23
208.8 50 5 23
208.85 50 5 23
208.9 50 5 23
208.95 50 5 23
209 50 5 23
209.05 50 5 23
209.1 50 5 23
209.15 50 5 23
209.2 50 5 23
209.25 50 5 23
209.3 50 5 23
209.35 50 5 23
209.4 50 5 23
209.45 50 5 23
209.5 50 5 23
209.55 50 5 23
209.6 50 5 23
209.65 50 5 23
209.7 50 5 23
209.75 50 5 23
209.8 50 5 23
209.85 50 5 23
209.9 50 5 23
209.95 50 5 23
210 50 5 23
210.05 50 5 23
210.1 50 5 23
210.15 50 5 23
210.2 50 5 23
210.25 50 5 23
210.3 50 5 23
210.35 50 5 23
210.4 50 5 23
210.45 50 5 23
210.5 50 5 23
210.55 50 5 23
210.6 50 5 23
210.65 50 5 23
210.7 50 5 23
210.75 50 5 23
210.8 50 5 23
210.85 50 5 23
210.9 50 5 23
210.95 50 5 23
211 50 5 23
211.05 50 5 23
211.1 50 5 23
211.15 50 5 23
211.2 50 5 23
211.25 50 5 23
211.3 50 5 23
211.35 50 5 23
211.4 50 5 23
211.45 50 5 23
211.5 50 5 23
211.55 50 5 23
211.6 50 5 23
211.65 50 5 23
211.7 50 5 23
211.75 50 5 23
211.8 50 5 23
211.85 50 5 23
211.9 50 5 23
211.95 50 5 23
212 50 5 23
212.05 50 5 23
212.1 50 5 23
212.15 50 5 23
212.2 50 5 23
212.25 50 5 23
212.3 50 5 23
212.35 50 5 23
212.4 50 5 23
212.45 50 5 23
212.5 50 5 23
212.55 50 5 23
212.6 50 5 23
212.65 50 5 23
212.7 50 5 23
212.75 50 5 23
212.8 50 5 23
212.85 50 5 23
212.9 50 5 23
212.95 50 5 23
213 50 5 23
213.05 50 5 23
213.1 50 5 23
213.15 50 5 23
213.2 50 5 23
213.25 50 5 23
213.3 50 5 23
213.35 50 5 23
213.4 50 5 23
213.45 50 5 23
213.5 50 5 23
213.55 50 5 23
213.6 50 5 23
213.65 50 5 23
213.7 50 5 23
213.75 50 5 23
213.8 50 5 23
213.85 50 5 23
213.9 50 5 23
213.95 50 5 23
214 50 5 23
214.05 50 5 23
214.1 50 5 23
214.15 50 5 23
214.2 50 5 23
214.25 50 5 23
214.3 50 5 23
214.35 50 5 23
214.4 50 5 23
214.45 50 5 23
214.5 50 5 23
214.55 50 5 23
214.6 50 5 23
214.65 50 5 23
214.7 50 5 23
214.75 50 5 23
214.8 50 5 23
214.85 50 5 23
214.9 50 5 23
214.95 50 5 23
215 50 5 23
215.05 50 5 23
215.1 50 5 23
215.15 50 5 23
215.2 50 5 23
215.25 50 5 23
215.3 50 5 23
215.35 50 5 23
215.4 50 5 23
215.45 50 5 23
215.5 50 5 23
215.55 50 5 23
215.6 50 5 23
215.65 50 5 23
215.7 50 5 23
215.75 50 5 23
215.8 50 5 23
215.85 50 5 23
215.9 50 5 23
215.95 50 5 23
216 50 5 23
216.05 50 5 23
216.1 50 5 23
216.15 50 5 23
216.2 50 5 23
216.25 50 5 23
216.3 50 5 23
216.35 50 5 23
216.4 50 5 23
216.45 50 5 23
216.5 50 5 23
216.55 50 5 23
216.6 50 5 23
216.65 50 5 23
216.7 50 5 23
216.75 50 5 23
216.8 50 5 23
216.85 50 5 23
216.9 50 5 23
216.95 50 5 23
217 50 5 23
217.05 50 5 23
217.1 50 5 23
217.15 50 5 23
217.2 50 5 23
217.25 50 5 23
217.3 50 5 23
217.35 50 5 23
217.4 50 5 23
217.45 50 5 23
217.5 50 5 23
217.55 50 5 23
217.6 50 5 23
217.65 50 5 23
217.7 50 5 23
217.75 50 5 23
217.8 50 5 23
217.85 50 5 23
217.9 50 5 23
217.95 50 5 23
218 50 5 23
218.05 50 5 23
218.1 50 5 23
218.15 50 5 23
218.2 50 5 23
218.25 50 5 23
218.3 50 5 23
218.35 50 5 23
218.4 50 5 23
218.45 50 5 23
218.5 50 5 23
218.55 50 5 23
218.6 50 5 23
218.65 50 5 23
218.7 50 5 23
218.75 50 5 23
218.8 50 5 23
218.85 50 5 23
218.9 50 5 23
218.95 50 5 23
219 50 5 23
219.05 50 5 23
219.1 50 5 23
219.15 50 5 23
219.2 50 5 23
219.25 50 5 23
219.3 50 5 23
219.35 50 5 23
219.4 50 5 23
219.45 50 5 23
219.5 50 5 23
219.55 50 5 23
219.6 50 5 23
219.65 50 5 23
219.7 50 5 23
219.75 50 5 23
219.8 50 5 23
219.85 50 5 23
219.9 50 5 23
219.95 50 5 23
220 50 5 23
220.05 50 5 23
220.1 50 5 23
220.15 50 5 23
220.2 50 5 23
220.25 50 5 23
220.3 50 5 23
220.35 50 5 23
220.4 50 5 23
220.45 50 5 23
220.5 50 5 23
220.55 50 5 23
220.6 50 5 23
220.65 50 5 23
220.7 50 5 23
220.75 50 5 23
220.8 50 5 23
220.85 50 5 23
220.9 50 5 23
220.95 50 5 23
221 50 5 23
221.05 50 5 23
221.1 50 5 23
221.15 50 5 23
221.2 50 5 23
221.25 50 5 23
221.3 50 5 23
221.35 50 5 23
221.4 50 5 23
221.45 50 5 23
221.5 50 5 23
221.55 50 5 23
221.6 50 5 23
221.65 50 5 23
221.7 50 5 23
221.75 50 5 23
221.8 50 5 23
221.85 50 5 23
221.9 50 5 23
221.95 50 5 23
222 50 5 23
222.05 50 5 23
222.1 50 5 23
222.15 50 5 23
222.2 50 5 23
222.25 50 5 23
222.3 50 5 23
222.35 50 5 23
222.4 50 5 23
222.45 50 5 23
222.5 50 5 23
222.55 50 5 23
222.6 50 5 23
222.65 50 5 23
222.7 50 5 23
222.75 50 5 23
222.8 50 5 23
222.85 50 5 23
222.9 50 5 23
222.95 50 5 23
223 50 5 23
223.05 50 5 23
223.1 50 5 23
223.15 50 5 23
223.2 50 5 23
223.25 50 5 23
223.3 50 5 23
223.35 50 5 23
223.4 50 5 23
223.45 50 5 23
223.5 50 5 23
223.55 50 5 23
223.6 50 5 23
223.65 50 5 23
223.7 50 5 23
223.75 50 5 23
223.8 50 5 23
223.85 50 5 23
223.9 50 5 23
223.95 50 5 23
224 50 5 23
224.05 50 5 23
224.1 50 5 23
224.15 50 5 23
224.2 50 5 23
224.25 50 5 23
224.3 50 5 23
224.35 50 5 23
224.4 50 5 23
224.45 50 5 23
224.5 50 5 23
224.55 50 5 23
224.6 50 5 23
224.65 50 5 23
224.7 50 5 23
224.75 50 5 23
224.8 50 5 23
224.85 50 5 23
224.9 50 5 23
224.95 50 5 23
225 50 5 23
225.05 50 5 23
225.1 50 5 23
225.15 50 5 23
225.2 50 5 23
225.25 50 5 23
225.3 50 5 23
225.35 50 5 23
225.4 50 5 23
225.45 50 5 23
225.5 50 5 23
225.55 50 5 23
225.6 50 5 23
225.65 50 5 23
225.7 50 5 23
225.75 50 5 23
225.8 50 5 23
225.85 50 5 23
225.9 50 5 23
225.95 50 5 23
226 50 5 23
226.05 50 5 23
226.1 50 5 23
226.15 50 5 23
226.2 50 5 23
226.25 50 5 23
226.3 50 5 23
226.35 50 5 23
226.4 50 5 23
226.45 50 5 23
226.5 50 5 23
226.55 50 5 23
226.6 50 5 23
226.65 50 5 23
226.7 50 5 23
226.75 50 5 23
226.8 50 5 23
226.85 50 5 23
226.9 50 5 23
226.95 50 5 23
227 50 5 23
227.05 50 5 23
227.1 50 5 23
227.15 50 5 23
227.2 50 5 23
227.25 50 5 23
227.3 50 5 23
227.35 50 5 23
227.4 50 5 23
227.45 50 5 23
227.5 50 5 23
227.55 50 5 23
227.6 50 5 23
227.65 50 5 23
227.7 50 5 23
227.75 50 5 23
227.8 50 5 23
227.85 50 5 23
227.9 50 5 23
227.95 50 5 23
228 50 5 23
228.05 50 5 23
228.1 50 5 23
228.15 50 5 23
228.2 50 5 23
228.25 50 5 23
228.3 50 5 23
228.35 50 5 23
228.4 50 5 23
228.45 50 5 23
228.5 50 5 23
228.55 50 5 23
228.6 50 5 23
228.65 50 5 23
228.7 50 5 23
228.75 50 5 23
228.8 50 5 23
228.85 50 5 23
228.9 50 5 23
228.95 50 5 23
229 50 5 23
229.05 50 5 23
229.1 50 5 23
229.15 50 5 23
229.2 50 5 23
229.25 50 5 23
229.3 50 5 23
229.35 50 5 23
229.4 50 5 23
229.45 50 5 23
229.5 50 5 23
229.55 50 5 23
229.6 50 5 23
229.65 50 5 23
229.7 50 5 23
229.75 50 5 23
229.8 50 5 23
229.85 50 5 23
229.9 50 5 23
229.95 50 5 23
230 50 5 23
230.05 50 5 23
230.1 50 5 23
230.15 50 5 23
230.2 50 5 23
230.25 50 5 23
230.3 50 5 23
230.35 50 5 23
230.4 50 5 23
230.45 50 5 23
230.5 50 5 23
230.55 50 5 23
230.6 50 5 23
230.65 50 5 23
230.7 50 5 23
230.75 50 5 23
230.8 50 5 23
230.85 50 5 23
230.9 50 5 23
230.95 50 5 23
231 50 5 23
231.05 50 5 23
231.1 50 5 23
231.15 50 5 23
231.2 50 5 23
231.25 50 5 23
231.3 50 5 23
231.35 50 5 23
231.4 50 5 23
231.45 50 5 23
231.5 50 5 23
231.55 50 5 23
231.6 50 5 23
231.65 50 5 23
231.7 50 5 23
231.75 50 5 23
231.8 50 5 23
231.85 50 5 23
231.9 50 5 23
231.95 50 5 23
232 50 5 23
232.05 50 5 23
232.1 50 5 23
232.15 50 5 23
232.2 50 5 23
232.25 50 5 23
232.3 50 5 23
232.35 50 5 23
232.4 50 5 23
232.45 50 5 23
232.5 50 5 23
232.55 50 5 23
232.6 50 5 23
232.65 50 5 23
232.7 50 5 23
232.75 50 5 23
232.8 50 5 23
232.85 50 5 23
232.9 50 5 23
232.95 50 5 23
233 50 5 23
233.05 50 5 23
233.1 50 5 23
233.15 50 5 23
233.2 50 5 23
233.25 50 5 23
233.3 50 5 23
233.35 50 5 23
233.4 50 5 23
233.45 50 5 23
233.5 50 5 23
233.55 50 5 23
233.6 50 5 23
233.65 50 5 23
233.7 50 5 23
233.75 50 5 23
233.8 50 5 23
233.85 50 5 23
233.9 50 5 23
233.95 50 5 23
234 50 5 23
234.05 50 5 23
234.1 50 5 23
234.15 50 5 23
234.2 50 5 23
234.25 50 5 23
234.3 50 5 23
234.35 50 5 23
234.4 50 5 23
234.45 50 5 23
234.5 50 5 23
234.55 50 5 23
234.6 50 5 23
234.65 50 5 23
234.7 50 5 23
234.75 50 5 23
234.8 50 5 23
234.85 50 5 23
234.9 50 5 23
234.95 50 5 23
235 50 5 23
235.05 50 5 23
235.1 50 5 23
235.15 50 5 23
235.2 50 5 23
235.25 50 5 23
235.3 50 5 23
235.35 50 5 23
235.4 50 5 23
235.45 50 5 23
235.5 50 5 23
235.55 50 5 23
235.6 50 5 23
235.65 50 5 23
235.7 50 5 23
235.75 50 5 23
235.8 50 5 23
235.85 50 5 23
235.9 50 5 23
235.95 50 5 23
236 50 5 23
236.05 50 5 23
236.1 50 5 23
236.15 50 5 23
236.2 50 5 23
236.25 50 5 23
236.3 50 5 23
236.35 50 5 23
236.4 50 5 23
236.45 50 5 23
236.5 50 5 23
236.55 50 5 23
236.6 50 5 23
236.65 50 5 23
236.7 50 5 23
236.75 50 5 23
236.8 50 5 23
236.85 50 5 23
236.9 50 5 23
236.95 50 5 23
237 50 5 23
237.05 50 5 23
237.1 50 5 23
237.15 50 5 23
237.2 50 5 23
237.25 50 5 23
237.3 50 5 23
237.35 50 5 23
237.4 50 5 23
237.45 50 5 23
237.5 50 5 23
237.55 50 5 23
237.6 50 5 23
237.65 50 5 23
237.7 50 5 23
237.75 50 5 23
237.8 50 5 23
237.85 50 5 23
237.9 50 5 23
237.95 50 5 23
238 50 5 23
238.05 50 5 23
238.1 50 5 23
238.15 50 5 23
238.2 50 5 23
238.25 50 5 23
238.3 50 5 23
238.35 50 5 23
238.4 50 5 23
238.45 50 5 23
238.5 50 5 23
238.55 50 5 23
238.6 50 5 23
238.65 50 5 23
238.7 50 5 23
238.75 50 5 23
238.8 50 5 23
238.85 50 5 23
238.9 50 5 23
238.95 50 5 23
239 50 5 23
239.05 50 5 23
239.1 50 5 23
239.15 50 5 23
239.2 50 5 23
239.25 50 5 23
239.3 50 5 23
239.35 50 5 23
239.4 50 5 23
239.45 50 5 23
239.5 50 5 23
239.55 50 5 23
239.6 50 5 23
239.65 50 5 23
239.7 50 5 23
239.75 50 5 23
239.8 50 5 23
239.85 50 5 23
239.9 50 5 23
239.95 50 5 23
240 50 5 23
240.05 50 5 23
240.1 50 5 23
240.15 50 5 23
240.2 50 5 23
240.25 50 5 23
240.3 50 5 23
240.35 50 5 23
240.4 50 5 23
240.45 50 5 23
240.5 50 5 23
240.55 50 5 23
240.6 50 5 23
240.65 50 5 23
240.7 50 5 23
240.75 50 5 23
240.8 50 5 23
240.85 50 5 23
240.9 50 5 23
240.95 50 5 23
241 50 5 23
241.05 50 5 23
241.1 50 5 23
241.15 50 5 23
241.2 50 5 23
241.25 50 5 23
241.3 50 5 23
241.35 50 5 23
241.4 50 5 23
241.45 50 5 23
241.5 50 5 23
241.55 50 5 23
241.6 50 5 23
241.65 50 5 23
241.7 50 5 23
241.75 50 5 23
241.8 50 5 23
241.85 50 5 23
241.9 50 5 23
241.95 50 5 23
242 50 5 23
242.05 50 5 23
242.1 50 5 23
242.15 50 5 23
242.2 50 5 23
242.25 50 5 23
242.3 50 5 23
242.35 50 5 23
242.4 50 5 23
242.45 50 5 23
242.5 50 5 23
242.55 50 5 23
242.6 50 5 23
242.65 50 5 23
242.7 50 5 23
242.75 50 5 23
242.8 50 5 23
242.85 50 5 23
242.9 50 5 23
242.95 50 5 23
243 50 5 23
243.05 50 5 23
243.1 50 5 23
243.15 50 5 23
243.2 50 5 23
243.25 50 5 23
243.3 50 5 23
243.35 50 5 23
243.4 50 5 23
243.45 50 5 23
243.5 50 5 23
243.55 50 5 23
243.6 50 5 23
243.65 50 5 23
243.7 50 5 23
243.75 50 5 23
243.8 50 5 23
243.85 50 5 23
243.9 50 5 23
243.95 50 5 23
244 50 5 23
244.05 50 5 23
244.1 50 5 23
244.15 50 5 23
244.2 50 5 23
244.25 50 5 23
244.3 50 5 23
244.35 50 5 23
244.4 50 5 23
244.45 50 5 23
244.5 50 5 23
244.55 50 5 23
244.6 50 5 23
244.65 50 5 23
244.7 50 5 23
244.75 50 5 23
244.8 50 5 23
244.85 50 5 23
244.9 50 5 23
244.95 50 5 23
245 50 5 23
245.05 50 5 23
245.1 50 5 23
245.15 50 5 23
245.2 50 5 23
245.25 50 5 23
245.3 50 5 23
245.35 50 5 23
245.4 50 5 23
245.45 50 5 23
245.5 50 5 23
245.55 50 5 23
245.6 50 5 23
245.65 50 5 23
245.7 50 5 23
245.75 50 5 23
245.8 50 5 23
245.85 50 5 23
245.9 50 5 23
245.95 50 5 23
246 50 5 23
246.05 50 5 23
246.1 50 5 23
246.15 50 5 23
246.2 50 5 23
246.25 50 5 23
246.3 50 5 23
246.35 50 5 23
246.4 50 5 23
246.45 50 5 23
246.5 50 5 23
246.55 50 5 23
246.6 50 5 23
246.65 50 5 23
246.7 50 5 23
246.75 50 5 23
246.8 50 5 23
246.85 50 5 23
246.9 50 5 23
246.95 50 5 23
247 50 5 23
247.05 50 5 23
247.1 50 5 23
247.15 50 5 23
247.2 50 5 23
247.25 50 5 23
247.3 50 5 23
247.35 50 5 23
247.4 50 5 23
247.45 50 5 23
247.5 50 5 23
247.55 50 5 23
247.6 50 5 23
247.65 50 5 23
247.7 50 5 23
247.75 50 5 23
247.8 50 5 23
247.85 50 5 23
247.9 50 5 23
247.95 50 5 23
248 50 5 23
248.05 50 5 23
248.1 50 5 23
248.15 50 5 23
248.2 50 5 23
248.25 50 5 23
248.3 50 5 23
248.35 50 5 23
248.4 50 5 23
248.45 50 5 23
248.5 50 5 23
248.55 50 5 23
248.6 50 5 23
248.65 50 5 23
248.7 50 5 23
248.75 50 5 23
248.8 50 5 23
248.85 50 5 23
248.9 50 5 23
248.95 50 5 23
249 50 5 23
249.05 50 5 23
249.1 50 5 23
249.15 50 5 23
249.2 50 5 23
249.25 50 5 23
249.3 50 5 23
249.35 50 5 23
249.4 50 5 23
249.45 50 5 23
249.5 50 5 23
249.55 50 5 23
249.6 50 5 23
249.65 50 5 23
249.7 50 5 23
249.75 50 5 23
249.8 50 5 23
249.85 50 5 23
249.9 50 5 23
249.95 50 5 23
250 50 5 23
250.05 50 5 23
250.1 50 5 23
250.15 50 5 23
250.2 50 5 23
250.25 50 5 23
250.3 50 5 23
250.35 50 5 23
250.4 50 5 23
250.45 50 5 23
250.5 50 5 23
250.55 50 5 23
250.6 50 5 23
250.65 50 5 23
250.7 50 5 23
250.75 50 5 23
250.8 50 5 23
250.85 50 5 23
250.9 50 5 23
250.95 50 5 23
251 50 5 23
251.05 50 5 23
251.1 50 5 23
251.15 50 5 23
251.2 50 5 23
251.25 50 5 23
251.3 50 5 23
251.35 50 5 23
251.4 50 5 23
251.45 50 5 23
251.5 50 5 23
251.55 50 5 23
251.6 50 5 23
251.65 50 5 23
251.7 50 5 23
251.75 50 5 23
251.8 50 5 23
251.85 50 5 23
251.9 50 5 23
251.95 50 5 23
252 50 5 23
252.05 50 5 23
252.1 50 5 23
252.15 50 5 23
252.2 50 5 23
252.25 50 5 23
252.3 50 5 23
252.35 50 5 23
252.4 50 5 23
252.45 50 5 23
252.5 50 5 23
252.55 50 5 23
252.6 50 5 23
252.65 50 5 23
252.7 50 5 23
252.75 50 5 23
252.8 50 5 23
252.85 50 5 23
252.9 50 5 23
252.95 50 5 23
253 50 5 23
253.05 50 5 23
253.1 50 5 23
253.15 50 5 23
253.2 50 5 23
253.25 50 5 23
253.3 50 5 23
253.35 50 5 23
253.4 50 5 23
253.45 50 5 23
253.5 50 5 23
253.55 50 5 23
253.6 50 5 23
253.65 50 5 23
253.7 50 5 23
253.75 50 5 23
253.8 50 5 23
253.85 50 5 23
253.9 50 5 23
253.95 50 5 23
254 50 5 23
254.05 50 5 23
254.1 50 5 23
254.15 50 5 23
254.2 50 5 23
254.25 50 5 23
254.3 50 5 23
254.35 50 5 23
254.4 50 5 23
254.45 50 5 23
254.5 50 5 23
254.55 50 5 23
254.6 50 5 23
254.65 50 5 23
254.7 50 5 23
254.75 50 5 23
254.8 50 5 23
254.85 50 5 23
254.9 50 5 23
254.95 50 5 23
255 50 5 23
255.05 50 5 23
255.1 50 5 23
255.15 50 5 23
255.2 50 5 23
255.25 50 5 23
255.3 50 5 23
255.35 50 5 23
255.4 50 5 23
255.45 50 5 23
255.5 50 5 23
255.55 50 5 23
255.6 50 5 23
255.65 50 5 23
255.7 50 5 23
255.75 50 5 23
255.8 50 5 23
255.85 50 5 23
255.9 50 5 23
255.95 50 5 23
256 50 5 23
256.05 50 5 23
256.1 50 5 23
256.15 50 5 23
256.2 50 5 23
256.25 50 5 23
256.3 50 5 23
256.35 50 5 23
256.4 50 5 23
256.45 50 5 23
256.5 50 5 23
256.55 50 5 23
256.6 50 5 23
256.65 50 5 23
256.7 50 5 23
256.75 50 5 23
256.8 50 5 23
256.85 50 5 23
256.9 50 5 23
256.95 50 5 23
257 50 5 23
257.05 50 5 23
257.1 50 5 23
257.15 50 5 23
257.2 50 5 23
257.25 50 5 23
257.3 50 5 23
257.35 50 5 23
257.4 50 5 23
257.45 50 5 23
257.5 50 5 23
257.55 50 5 23
257.6 50 5 23
257.65 50 5 23
257.7 50 5 23
257.75 50 5 23
257.8 50 5 23
257.85 50 5 23
257.9 50 5 23
257.95 50 5 23
258 50 5 23
258.05 50 5 23
258.1 50 5 23
258.15 50 5 23
258.2 50 5 23
258.25 50 5 23
258.3 50 5 23
258.35 50 5 23
258.4 50 5 23
258.45 50 5 23
258.5 50 5 23
258.55 50 5 23
258.6 50 5 23
258.65 50 5 23
258.7 50 5 23
258.75 50 5 23
258.8 50 5 23
258.85 50 5 23
258.9 50 5 23
258.95 50 5 23
259 50 5 23
259.05 50 5 23
259.1 50 5 23
259.15 50 5 23
259.2 50 5 23
259.25 50 5 23
259.3 50 5 23
259.35 50 5 23
259.4 50 5 23
259.45 50 5 23
259.5 50 5 23
259.55 50 5 23
259.6 50 5 23
259.65 50 5 23
259.7 50 5 23
259.75 50 5 23
259.8 50 5 23
259.85 50 5 23
259.9 50 5 23
259.95 50 5 23
260 50 5 23
260.05 50 5 23
260.1 50 5 23
260.15 50 5 23
260.2 50 5 23
260.25 50 5 23
260.3 50 5 23
260.35 50 5 23
260.4 50 5 23
260.45 50 5 23
260.5 50 5 23
260.55 50 5 23
260.6 50 5 23
260.65 50 5 23
260.7 50 5 23
260.75 50 5 23
260.8 50 5 23
260.85 50 5 23
260.9 50 5 23
260.95 50 5 23
261 50 5 23
261.05 50 5 23
261.1 50 5 23
261.15 50 5 23
261.2 50 5 23
261.25 50 5 23
261.3 50 5 23
261.35 50 5 23
261.4 50 5 23
261.45 50 5 23
261.5 50 5 23
261.55 50 5 23
261.6 50 5 23
261.65 50 5 23
261.7 50 5 23
261.75 50 5 23
261.8 50 5 23
261.85 50 5 23
261.9 50 5 23
261.95 50 5 23
262 50 5 23
262.05 50 5 23
262.1 50 5 23
262.15 50 5 23
262.2 50 5 23
262.25 50 5 23
262.3 50 5 23
262.35 50 5 23
262.4 50 5 23
262.45 50 5 23
262.5 50 5 23
262.55 50 5 23
262.6 50 5 23
262.65 50 5 23
262.7 50 5 23
262.75 50 5 23
262.8 50 5 23
262.85 50 5 23
262.9 50 5 23
262.95 50 5 23
263 50 5 23
263.05 50 5 23
263.1 50 5 23
263.15 50 5 23
263.2 50 5 23
263.25 50 5 23
263.3 50 5 23
263.35 50 5 23
263.4 50 5 23
263.45 50 5 23
263.5 50 5 23
263.55 50 5 23
263.6 50 5 23
263.65 50 5 23
263.7 50 5 23
263.75 50 5 23
263.8 50 5 23
263.85 50 5 23
263.9 50 5 23
263.95 50 5 23
264 50 5 23
264.05 50 5 23
264.1 50 5 23
264.15 50 5 23
264.2 50 5 23
264.25 50 5 23
264.3 50 5 23
264.35 50 5 23
264.4 50 5 23
264.45 50 5 23
264.5 50 5 23
264.55 50 5 23
264.6 50 5 23
264.65 50 5 23
264.7 50 5 23
264.75 50 5 23
264.8 50 5 23
264.85 50 5 23
264.9 50 5 23
264.95 50 5 23
265 50 5 23
265.05 50 5 23
265.1 50 5 23
265.15 50 5 23
265.2 50 5 23
265.25 50 5 23
265.3 50 5 23
265.35 50 5 23
265.4 50 5 23
265.45 50 5 23
265.5 50 5 23
265.55 50 5 23
265.6 50 5 23
265.65 50 5 23
265.7 50 5 23
265.75 50 5 23
265.8 50 5 23
265.85 50 5 23
265.9 50 5 23
265.95 50 5 23
266 50 5 23
266.05 50 5 23
266.1 50 5 23
266.15 50 5 23
266.2 50 5 23
266.25 50 5 23
266.3 50 5 23
266.35 50 5 23
266.4 50 5 23
266.45 50 5 23
266.5 50 5 23
266.55 50 5 23
266.6 50 5 23
266.65 50 5 23
266.7 50 5 23
266.75 50 5 23
266.8 50 5 23
266.85 50 5 23
266.9 50 5 23
266.95 50 5 23
267 50 5 23
267.05 50 5 23
267.1 50 5 23
267.15 50 5 23
267.2 50 5 23
267.25 50 5 23
267.3 50 5 23
267.35 50 5 23
267.4 50 5 23
267.45 50 5 23
267.5 50 5 23
267.55 50 5 23
267.6 50 5 23
267.65 50 5 23
267.7 50 5 23
267.75 50 5 23
267.8 50 5 23
267.85 50 5 23
267.9 50 5 23
267.95 50 5 23
268 50 5 23
268.05 50 5 23
268.1 50 5 23
268.15 50 5 23
268.2 50 5 23
268.25 50 5 23
268.3 50 5 23
268.35 50 5 23
268.4 50 5 23
268.45 50 5 23
268.5 50 5 23
268.55 50 5 23
268.6 50 5 23
268.65 50 5 23
268.7 50 5 23
268.75 50 5 23
268.8 50 5 23
268.85 50 5 23
268.9 50 5 23
268.95 50 5 23
269 50 5 23
269.05 50 5 23
269.1 50 5 23
269.15 50 5 23
269.2 50 5 23
269.25 50 5 23
269.3 50 5 23
269.35 50 5 23
269.4 50 5 23
269.45 50 5 23
269.5 50 5 23
269.55 50 5 23
269.6 50 5 23
269.65 50 5 23
269.7 50 5 23
269.75 50 5 23
269.8 50 5 23
269.85 50 5 23
269.9 50 5 23
269.95 50 5 23
270 50 5 23
270.05 50 5 23
270.1 50 5 23
270.15 50 5 23
270.2 50 5 23
270.25 50 5 23
270.3 50 5 23
270.35 50 5 23
270.4 50 5 23
270.45 50 5 23
270.5 50 5 23
270.55 50 5 23
270.6 50 5 23
270.65 50 5 23
270.7 50 5 23
270.75 50 5 23
270.8 50 5 23
270.85 50 5 23
270.9 50 5 23
270.95 50 5 23
271 50 5 23
271.05 50 5 23
271.1 50 5 23
271.15 50 5 23
271.2 50 5 23
271.25 50 5 23
271.3 50 5 23
271.35 50 5 23
271.4 50 5 23
271.45 50 5 23
271.5 50 5 23
271.55 50 5 23
271.6 50 5 23
271.65 50 5 23
271.7 50 5 23
271.75 50 5 23
271.8 50 5 23
271.85 50 5 23
271.9 50 5 23
271.95 50 5 23
272 50 5 23
272.05 50 5 23
272.1 50 5 23
272.15 50 5 23
272.2 50 5 23
272.25 50 5 23
272.3 50 5 23
272.35 50 5 23
272.4 50 5 23
272.45 50 5 23
272.5 50 5 23
272.55 50 5 23
272.6 50 5 23
272.65 50 5 23
272.7 50 5 23
272.75 50 5 23
272.8 50 5 23
272.85 50 5 23
272.9 50 5 23
272.95 50 5 23
273 50 5 23
273.05 50 5 23
273.1 50 5 23
273.15 50 5 23
273.2 50 5 23
273.25 50 5 23
273.3 50 5 23
273.35 50 5 23
273.4 50 5 23
273.45 50 5 23
273.5 50 5 23
273.55 50 5 23
273.6 50 5 23
273.65 50 5 23
273.7 50 5 23
273.75 50 5 23
273.8 50 5 23
273.85 50 5 23
273.9 50 5 23
273.95 50 5 23
274 50 5 23
274.05 50 5 23
274.1 50 5 23
274.15 50 5 23
274.2 50 5 23
274.25 50 5 23
274.3 50 5 23
274.35 50 5 23
274.4 50 5 23
274.45 50 5 23
274.5 50 5 23
274.55 50 5 23
274.6 50 5 23
274.65 50 5 23
274.7 50 5 23
274.75 50 5 23
274.8 50 5 23
274.85 50 5 23
274.9 50 5 23
274.95 50 5 23
275 50 5 23
275.05 50 5 23
275.1 50 5 23
275.15 50 5 23
275.2 50 5 23
275.25 50 5 23
275.3 50 5 23
275.35 50 5 23
275.4 50 5 23
275.45 50 5 23
275.5 50 5 23
275.55 50 5 23
275.6 50 5 23
275.65 50 5 23
275.7 50 5 23
275.75 50 5 23
275.8 50 5 23
275.85 50 5 23
275.9 50 5 23
275.95 50 5 23
276 50 5 23
276.05 50 5 23
276.1 50 5 23
276.15 50 5 23
276.2 50 5 23
276.25 50 5 23
276.3 50 5 23
276.35 50 5 23
276.4 50 5 23
276.45 50 5 23
276.5 50 5 23
276.55 50 5 23
276.6 50 5 23
276.65 50 5 23
276.7 50 5 23
276.75 50 5 23
276.8 50 5 23
276.85 50 5 23
276.9 50 5 23
276.95 50 5 23
277 50 5 23
277.05 50 5 23
277.1 50 5 23
277.15 50 5 23
277.2 50 5 23
277.25 50 5 23
277.3 50 5 23
277.35 50 5 23
277.4 50 5 23
277.45 50 5 23
277.5 50 5 23
277.55 50 5 23
277.6 50 5 23
277.65 50 5 23
277.7 50 5 23
277.75 50 5 23
277.8 50 5 23
277.85 50 5 23
277.9 50 5 23
277.95 50 5 23
278 50 5 23
278.05 50 5 23
278.1 50 5 23
278.15 50 5 23
278.2 50 5 23
278.25 50 5 23
278.3 50 5 23
278.35 50 5 23
278.4 50 5 23
278.45 50 5 23
278.5 50 5 23
278.55 50 5 23
278.6 50 5 23
278.65 50 5 23
278.7 50 5 23
278.75 50 5 23
278.8 50 5 23
278.85 50 5 23
278.9 50 5 23
278.95 50 5 23
279 50 5 23
279.05 50 5 23
279.1 50 5 23
279.15 50 5 23
279.2 50 5 23
279.25 50 5 23
279.3 50 5 23
279.35 50 5 23
279.4 50 5 23
279.45 50 5 23
279.5 50 5 23
279.55 50 5 23
279.6 50 5 23
279.65 50 5 23
279.7 50 5 23
279.75 50 5 23
279.8 50 5 23
279.85 50 5 23
279.9 50 5 23
279.95 50 5 23
280 50 5 23
280.05 50 5 23
280.1 50 5 23
280.15 50 5 23
280.2 50 5 23
280.25 50 5 23
280.3 50 5 23
280.35 50 5 23
280.4 50 5 23
280.45 50 5 23
280.5 50 5 23
280.55 50 5 23
280.6 50 5 23
280.65 50 5 23
280.7 50 5 23
280.75 50 5 23
280.8 50 5 23
280.85 50 5 23
280.9 50 5 23
280.95 50 5 23
281 50 5 23
281.05 50 5 23
281.1 50 5 23
281.15 50 5 23
281.2 50 5 23
281.25 50 5 23
281.3 50 5 23
281.35 50 5 23
281.4 50 5 23
281.45 50 5 23
281.5 50 5 23
281.55 50 5 23
281.6 50 5 23
281.65 50 5 23
281.7 50 5 23
281.75 50 5 23
281.8 50 5 23
281.85 50 5 23
281.9 50 5 23
281.95 50 5 23
282 50 5 23
282.05 50 5 23
282.1 50 5 23
282.15 50 5 23
282.2 50 5 23
282.25 50 5 23
282.3 50 5 23
282.35 50 5 23
282.4 50 5 23
282.45 50 5 23
282.5 50 5 23
282.55 50 5 23
282.6 50 5 23
282.65 50 5 23
282.7 50 5 23
282.75 50 5 23
282.8 50 5 23
282.85 50 5 23
282.9 50 5 23
282.95 50 5 23
283 50 5 23
283.05 50 5 23
283.1 50 5 23
283.15 50 5 23
283.2 50 5 23
283.25 50 5 23
283.3 50 5 23
283.35 50 5 23
283.4 50 5 23
283.45 50 5 23
283.5 50 5 23
283.55 50 5 23
283.6 50 5 23
283.65 50 5 23
283.7 50 5 23
283.75 50 5 23
283.8 50 5 23
283.85 50 5 23
283.9 50 5 23
283.95 50 5 23
284 50 5 23
284.05 50 5 23
284.1 50 5 23
284.15 50 5 23
284.2 50 5 23
284.25 50 5 23
284.3 50 5 23
284.35 50 5 23
284.4 50 5 23
284.45 50 5 23
284.5 50 5 23
284.55 50 5 23
284.6 50 5 23
284.65 50 5 23
284.7 50 5 23
284.75 50 5 23
284.8 50 5 23
284.85 50 5 23
284.9 50 5 23
284.95 50 5 23
285 50 5 23
285.05 50 5 23
285.1 50 5 23
285.15 50 5 23
285.2 50 5 23
285.25 50 5 23
285.3 50 5 23
285.35 50 5 23
285.4 50 5 23
285.45 50 5 23
285.5 50 5 23
285.55 50 5 23
285.6 50 5 23
285.65 50 5 23
285.7 50 5 23
285.75 50 5 23
285.8 50 5 23
285.85 50 5 23
285.9 50 5 23
285.95 50 5 23
286 50 5 23
286.05 50 5 23
286.1 50 5 23
286.15 50 5 23
286.2 50 5 23
286.25 50 5 23
286.3 50 5 23
286.35 50 5 23
286.4 50 5 23
286.45 50 5 23
286.5 50 5 23
286.55 50 5 23
286.6 50 5 23
286.65 50 5 23
286.7 50 5 23
286.75 50 5 23
286.8 50 5 23
286.85 50 5 23
286.9 50 5 23
286.95 50 5 23
287 50 5 23
287.05 50 5 23
287.1 50 5 23
287.15 50 5 23
287.2 50 5 23
287.25 50 5 23
287.3 50 5 23
287.35 50 5 23
287.4 50 5 23
287.45 50 5 23
287.5 50 5 23
287.55 50 5 23
287.6 50 5 23
287.65 50 5 23
287.7 50 5 23
287.75 50 5 23
287.8 50 5 23
287.85 50 5 23
287.9 50 5 23
287.95 50 5 23
288 50 5 23
288.05 50 5 23
288.1 50 5 23
288.15 50 5 23
288.2 50 5 23
288.25 50 5 23
288.3 50 5 23
288.35 50 5 23
288.4 50 5 23
288.45 50 5 23
288.5 50 5 23
288.55 50 5 23
288.6 50 5 23
288.65 50 5 23
288.7 50 5 23
288.75 50 5 23
288.8 50 5 23
288.85 50 5 23
288.9 50 5 23
288.95 50 5 23
289 50 5 23
289.05 50 5 23
289.1 50 5 23
289.15 50 5 23
289.2 50 5 23
289.25 50 5 23
289.3 50 5 23
289.35 50 5 23
289.4 50 5 23
289.45 50 5 23
289.5 50 5 23
289.55 50 5 23
289.6 50 5 23
289.65 50 5 23
289.7 50 5 23
289.75 50 5 23
289.8 50 5 23
289.85 50 5 23
289.9 50 5 23
289.95 50 5 23
290 50 5 23
290.05 50 5 23
290.1 50 5 23
290.15 50 5 23
290.2 50 5 23
290.25 50 5 23
290.3 50 5 23
290.35 50 5 23
290.4 50 5 23
290.45 50 5 23
290.5 50 5 23
290.55 50 5 23
290.6 50 5 23
290.65 50 5 23
290.7 50 5 23
290.75 50 5 23
290.8 50 5 23
290.85 50 5 23
290.9 50 5 23
290.95 50 5 23
291 50 5 23
291.05 50 5 23
291.1 50 5 23
291.15 50 5 23
291.2 50 5 23
291.25 50 5 23
291.3 50 5 23
291.35 50 5 23
291.4 50 5 23
291.45 50 5 23
291.5 50 5 23
291.55 50 5 23
291.6 50 5 23
291.65 50 5 23
291.7 50 5 23
291.75 50 5 23
291.8 50 5 23
291.85 50 5 23
291.9 50 5 23
291.95 50 5 23
292 50 5 23
292.05 50 5 23
292.1 50 5 23
292.15 50 5 23
292.2 50 5 23
292.25 50 5 23
292.3 50 5 23
292.35 50 5 23
292.4 50 5 23
292.45 50 5 23
292.5 50 5 23
292.55 50 5 23
292.6 50 5 23
292.65 50 5 23
292.7 50 5 23
292.75 50 5 23
292.8 50 5 23
292.85 50 5 23
292.9 50 5 23
292.95 50 5 23
293 50 5 23
293.05 50 5 23
293.1 50 5 23
293.15 50 5 23
293.2 50 5 23
293.25 50 5 23
293.3 50 5 23
293.35 50 5 23
293.4 50 5 23
293.45 50 5 23
293.5 50 5 23
293.55 50 5 23
293.6 50 5 23
293.65 50 5 23
293.7 50 5 23
293.75 50 5 23
293.8 50 5 23
293.85 50 5 23
293.9 50 5 23
293.95 50 5 23
294 50 5 23
294.05 50 5 23
294.1 50 5 23
294.15 50 5 23
294.2 50 5 23
294.25 50 5 23
294.3 50 5 23
294.35 50 5 23
294.4 50 5 23
294.45 50 5 23
294.5 50 5 23
294.55 50 5 23
294.6 50 5 23
294.65 50 5 23
294.7 50 5 23
294.75 50 5 23
294.8 50 5 23
294.85 50 5 23
294.9 50 5 23
294.95 50 5 23
295 50 5 23
295.05 50 5 23
295.1 50 5 23
295.15 50 5 23
295.2 50 5 23
295.25 50 5 23
295.3 50 5 23
295.35 50 5 23
295.4 50 5 23
295.45 50 5 23
295.5 50 5 23
295.55 50 5 23
295.6 50 5 23
295.65 50 5 23
295.7 50 5 23
295.75 50 5 23
295.8 50 5 23
295.85 50 5 23
295.9 50 5 23
295.95 50 5 23
296 50 5 23
296.05 50 5 23
296.1 50 5 23
296.15 50 5 23
296.2 50 5 23
296.25 50 5 23
296.3 50 5 23
296.35 50 5 23
296.4 50 5 23
296.45 50 5 23
296.5 50 5 23
296.55 50 5 23
296.6 50 5 23
296.65 50 5 23
296.7 50 5 23
296.75 50 5 23
296.8 50 5 23
296.85 50 5 23
296.9 50 5 23
296.95 50 5 23
297 50 5 23
297.05 50 5 23
297.1 50 5 23
297.15 50 5 23
297.2 50 5 23
297.25 50 5 23
297.3 50 5 23
297.35 50 5 23
297.4 50 5 23
297.45 50 5 23
297.5 50 5 23
297.55 50 5 23
297.6 50 5 23
297.65 50 5 23
297.7 50 5 23
297.75 50 5 23
297.8 50 5 23
297.85 50 5 23
297.9 50 5 23
297.95 50 5 23
298 50 5 23
298.05 50 5 23
298.1 50 5 23
298.15 50 5 23
298.2 50 5 23
298.25 50 5 23
298.3 50 5 23
298.35 50 5 23
298.4 50 5 23
298.45 50 5 23
298.5 50 5 23
298.55 50 5 23
298.6 50 5 23
298.65 50 5 23
298.7 50 5 23
298.75 50 5 23
298.8 50 5 23
298.85 50 5 23
298.9 50 5 23
298.95 50 5 23
299 50 5 23
299.05 50 5 23
299.1 50 5 23
299.15 50 5 23
299.2 50 5 23
299.25 50 5 23
299.3 50 5 23
299.35 50 5 23
299.4 50 5 23
299.45 50 5 23
299.5 50 5 23
299.55 50 5 23
299.6 50 5 23
299.65 50 5 23
299.7 50 5 23
299.75 50 5 23
299.8 50 5 23
299.85 50 5 23
299.9 50 5 23
299.95 50 5 23
300 50 5 23
300.05 50 5 23
300.1 50 5 23
300.15 50 5 23
300.2 50 5 23
300.25 50 5 23
300.3 50 5 23
300.35 50 5 23
300.4 50 5 23
300.45 50 5 23
300.5 50 5 23
300.55 50 5 23
300.6 50 5 23
300.65 50 5 23
300.7 50 5 23
300.75 50 5 23
300.8 50 5 23
300.85 50 5 23
300.9 50 5 23
300.95 50 5 23
301 50 5 23
301.05 50 5 23
301.1 50 5 23
301.15 50 5 23
301.2 50 5 23
301.25 50 5 23
301.3 50 5 23
301.35 50 5 23
301.4 50 5 23
301.45 50 5 23
301.5 50 5 23
301.55 50 5 23
301.6 50 5 23
301.65 50 5 23
301.7 50 5 23
301.75 50 5 23
301.8 50 5 23
301.85 50 5 23
301.9 50 5 23
301.95 50 5 23
302 50 5 23
302.05 50 5 23
302.1 50 5 23
302.15 50 5 23
302.2 50 5 23
302.25 50 5 23
302.3 50 5 23
302.35 50 5 23
302.4 50 5 23
302.45 50 5 23
302.5 50 5 23
302.55 50 5 23
302.6 50 5 23
302.65 50 5 23
302.7 50 5 23
302.75 50 5 23
302.8 50 5 23
302.85 50 5 23
302.9 50 5 23
302.95 50 5 23
303 50 5 23
303.05 50 5 23
303.1 50 5 23
303.15 50 5 23
303.2 50 5 23
303.25 50 5 23
303.3 50 5 23
303.35 50 5 23
303.4 50 5 23
303.45 50 5 23
303.5 50 5 23
303.55 50 5 23
303.6 50 5 23
303.65 50 5 23
303.7 50 5 23
303.75 50 5 23
303.8 50 5 23
303.85 50 5 23
303.9 50 5 23
303.95 50 5 23
304 50 5 23
304.05 50 5 23
304.1 50 5 23
304.15 50 5 23
304.2 50 5 23
304.25 50 5 23
304.3 50 5 23
304.35 50 5 23
304.4 50 5 23
304.45 50 5 23
304.5 50 5 23
304.55 50 5 23
304.6 50 5 23
304.65 50 5 23
304.7 50 5 23
304.75 50 5 23
304.8 50 5 23
304.85 50 5 23
304.9 50 5 23
304.95 50 5 23
305 50 5 23
305.05 50 5 23
305.1 50 5 23
305.15 50 5 23
305.2 50 5 23
305.25 50 5 23
305.3 50 5 23
305.35 50 5 23
305.4 50 5 23
305.45 50 5 23
305.5 50 5 23
305.55 50 5 23
305.6 50 5 23
305.65 50 5 23
305.7 50 5 23
305.75 50 5 23
305.8 50 5 23
305.85 50 5 23
305.9 50 5 23
305.95 50 5 23
306 50 5 23
306.05 50 5 23
306.1 50 5 23
306.15 50 5 23
306.2 50 5 23
306.25 50 5 23
306.3 50 5 23
306.35 50 5 23
306.4 50 5 23
306.45 50 5 23
306.5 50 5 23
306.55 50 5 23
306.6 50 5 23
306.65 50 5 23
306.7 50 5 23
306.75 50 5 23
306.8 50 5 23
306.85 50 5 23
306.9 50 5 23
306.95 50 5 23
307 50 5 23
307.05 50 5 23
307.1 50 5 23
307.15 50 5 23
307.2 50 5 23
307.25 50 5 23
307.3 50 5 23
307.35 50 5 23
307.4 50 5 23
307.45 50 5 23
307.5 50 5 23
307.55 50 5 23
307.6 50 5 23
307.65 50 5 23
307.7 50 5 23
307.75 50 5 23
307.8 50 5 23
307.85 50 5 23
307.9 50 5 23
307.95 50 5 23
308 50 5 23
308.05 50 5 23
308.1 50 5 23
308.15 50 5 23
308.2 50 5 23
308.25 50 5 23
308.3 50 5 23
308.35 50 5 23
308.4 50 5 23
308.45 50 5 23
308.5 50 5 23
308.55 50 5 23
308.6 50 5 23
308.65 50 5 23
308.7 50 5 23
308.75 50 5 23
308.8 50 5 23
308.85 50 5 23
308.9 50 5 23
308.95 50 5 23
309 50 5 23
309.05 50 5 23
309.1 50 5 23
309.15 50 5 23
309.2 50 5 23
309.25 50 5 23
309.3 50 5 23
309.35 50 5 23
309.4 50 5 23
309.45 50 5 23
309.5 50 5 23
309.55 50 5 23
309.6 50 5 23
309.65 50 5 23
309.7 50 5 23
309.75 50 5 23
309.8 50 5 23
309.85 50 5 23
309.9 50 5 23
309.95 50 5 23
310 50 5 23
310.05 50 5 23
310.1 50 5 23
310.15 50 5 23
310.2 50 5 23
310.25 50 5 23
310.3 50 5 23
310.35 50 5 23
310.4 50 5 23
310.45 50 5 23
310.5 50 5 23
310.55 50 5 23
310.6 50 5 23
310.65 50 5 23
310.7 50 5 23
310.75 50 5 23
310.8 50 5 23
310.85 50 5 23
310.9 50 5 23
310.95 50 5 23
311 50 5 23
311.05 50 5 23
311.1 50 5 23
311.15 50 5 23
311.2 50 5 23
311.25 50 5 23
311.3 50 5 23
311.35 50 5 23
311.4 50 5 23
311.45 50 5 23
311.5 50 5 23
311.55 50 5 23
311.6 50 5 23
311.65 50 5 23
311.7 50 5 23
311.75 50 5 23
311.8 50 5 23
311.85 50 5 23
311.9 50 5 23
311.95 50 5 23
312 50 5 23
312.05 50 5 23
312.1 50 5 23
312.15 50 5 23
312.2 50 5 23
312.25 50 5 23
312.3 50 5 23
312.35 50 5 23
312.4 50 5 23
312.45 50 5 23
312.5 50 5 23
312.55 50 5 23
312.6 50 5 23
312.65 50 5 23
312.7 50 5 23
312.75 50 5 23
312.8 50 5 23
312.85 50 5 23
312.9 50 5 23
312.95 50 5 23
313 50 5 23
313.05 50 5 23
313.1 50 5 23
313.15 50 5 23
313.2 50 5 23
313.25 50 5 23
313.3 50 5 23
313.35 50 5 23
313.4 50 5 23
313.45 50 5 23
313.5 50 5 23
313.55 50 5 23
313.6 50 5 23
313.65 50 5 23
313.7 50 5 23
313.75 50 5 23
313.8 50 5 23
313.85 50 5 23
313.9 50 5 23
313.95 50 5 23
314 50 5 23
314.05 50 5 23
314.1 50 5 23
314.15 50 5 23
314.2 50 5 23
314.25 50 5 23
314.3 50 5 23
314.35 50 5 23
314.4 50 5 23
314.45 50 5 23
314.5 50 5 23
314.55 50 5 23
314.6 50 5 23
314.65 50 5 23
314.7 50 5 23
314.75 50 5 23
314.8 50 5 23
314.85 50 5 23
314.9 50 5 23
314.95 50 5 23
315 50 5 23
315.05 50 5 23
315.1 50 5 23
315.15 50 5 23
315.2 50 5 23
315.25 50 5 23
315.3 50 5 23
315.35 50 5 23
315.4 50 5 23
315.45 50 5 23
315.5 50 5 23
315.55 50 5 23
315.6 50 5 23
315.65 50 5 23
315.7 50 5 23
315.75 50 5 23
315.8 50 5 23
315.85 50 5 23
315.9 50 5 23
315.95 50 5 23
316 50 5 23
316.05 50 5 23
316.1 50 5 23
316.15 50 5 23
316.2 50 5 23
316.25 50 5 23
316.3 50 5 23
316.35 50 5 23
316.4 50 5 23
316.45 50 5 23
316.5 50 5 23
316.55 50 5 23
316.6 50 5 23
316.65 50 5 23
316.7 50 5 23
316.75 50 5 23
316.8 50 5 23
316.85 50 5 23
316.9 50 5 23
316.95 50 5 23
317 50 5 23
317.05 50 5 23
317.1 50 5 23
317.15 50 5 23
317.2 50 5 23
317.25 50 5 23
317.3 50 5 23
317.35 50 5 23
317.4 50 5 23
317.45 50 5 23
317.5 50 5 23
317.55 50 5 23
317.6 50 5 23
317.65 50 5 23
317.7 50 5 23
317.75 50 5 23
317.8 50 5 23
317.85 50 5 23
317.9 50 5 23
317.95 50 5 23
318 50 5 23
318.05 50 5 23
318.1 50 5 23
318.15 50 5 23
318.2 50 5 23
318.25 50 5 23
318.3 50 5 23
318.35 50 5 23
318.4 50 5 23
318.45 50 5 23
318.5 50 5 23
318.55 50 5 23
318.6 50 5 23
318.65 50 5 23
318.7 50 5 23
318.75 50 5 23
318.8 50 5 23
318.85 50 5 23
318.9 50 5 23
318.95 50 5 23
319 50 5 23
319.05 50 5 23
319.1 50 5 23
319.15 50 5 23
319.2 50 5 23
319.25 50 5 23
319.3 50 5 23
319.35 50 5 23
319.4 50 5 23
319.45 50 5 23
319.5 50 5 23
319.55 50 5 23
319.6 50 5 23
319.65 50 5 23
319.7 50 5 23
319.75 50 5 23
319.8 50 5 23
319.85 50 5 23
319.9 50 5 23
319.95 50 5 23
320 50 5 23
320.05 50 5 23
320.1 50 5 23
320.15 50 5 23
320.2 50 5 23
320.25 50 5 23
320.3 50 5 23
320.35 50 5 23
320.4 50 5 23
320.45 50 5 23
320.5 50 5 23
320.55 50 5 23
320.6 50 5 23
320.65 50 5 23
320.7 50 5 23
320.75 50 5 23
320.8 50 5 23
320.85 50 5 23
320.9 50 5 23
320.95 50 5 23
321 50 5 23
321.05 50 5 23
321.1 50 5 23
321.15 50 5 23
321.2 50 5 23
321.25 50 5 23
321.3 50 5 23
321.35 50 5 23
321.4 50 5 23
321.45 50 5 23
321.5 50 5 23
321.55 50 5 23
321.6 50 5 23
321.65 50 5 23
321.7 50 5 23
321.75 50 5 23
321.8 50 5 23
321.85 50 5 23
321.9 50 5 23
321.95 50 5 23
322 50 5 23
322.05 50 5 23
322.1 50 5 23
322.15 50 5 23
322.2 50 5 23
322.25 50 5 23
322.3 50 5 23
322.35 50 5 23
322.4 50 5 23
322.45 50 5 23
322.5 50 5 23
322.55 50 5 23
322.6 50 5 23
322.65 50 5 23
322.7 50 5 23
322.75 50 5 23
322.8 50 5 23
322.85 50 5 23
322.9 50 5 23
322.95 50 5 23
323 50 5 23
323.05 50 5 23
323.1 50 5 23
323.15 50 5 23
323.2 50 5 23
323.25 50 5 23
323.3 50 5 23
323.35 50 5 23
323.4 50 5 23
323.45 50 5 23
323.5 50 5 23
323.55 50 5 23
323.6 50 5 23
323.65 50 5 23
323.7 50 5 23
323.75 50 5 23
323.8 50 5 23
323.85 50 5 23
323.9 50 5 23
323.95 50 5 23
324 50 5 23
324.05 50 5 23
324.1 50 5 23
324.15 50 5 23
324.2 50 5 23
324.25 50 5 23
324.3 50 5 23
324.35 50 5 23
324.4 50 5 23
324.45 50 5 23
324.5 50 5 23
324.55 50 5 23
324.6 50 5 23
324.65 50 5 23
324.7 50 5 23
324.75 50 5 23
324.8 50 5 23
324.85 50 5 23
324.9 50 5 23
324.95 50 5 23
325 50 5 23
325.05 50 5 23
325.1 50 5 23
325.15 50 5 23
325.2 50 5 23
325.25 50 5 23
325.3 50 5 23
325.35 50 5 23
325.4 50 5 23
325.45 50 5 23
325.5 50 5 23
325.55 50 5 23
325.6 50 5 23
325.65 50 5 23
325.7 50 5 23
325.75 50 5 23
325.8 50 5 23
325.85 50 5 23
325.9 50 5 23
325.95 50 5 23
326 50 5 23
326.05 50 5 23
326.1 50 5 23
326.15 50 5 23
326.2 50 5 23
326.25 50 5 23
326.3 50 5 23
326.35 50 5 23
326.4 50 5 23
326.45 50 5 23
326.5 50 5 23
326.55 50 5 23
326.6 50 5 23
326.65 50 5 23
326.7 50 5 23
326.75 50 5 23
326.8 50 5 23
326.85 50 5 23
326.9 50 5 23
326.95 50 5 23
327 50 5 23
327.05 50 5 23
327.1 50 5 23
327.15 50 5 23
327.2 50 5 23
327.25 50 5 23
327.3 50 5 23
327.35 50 5 23
327.4 50 5 23
327.45 50 5 23
327.5 50 5 23
327.55 50 5 23
327.6 50 5 23
327.65 50 5 23
327.7 50 5 23
327.75 50 5 23
327.8 50 5 23
327.85 50 5 23
327.9 50 5 23
327.95 50 5 23
328 50 5 23
328.05 50 5 23
328.1 50 5 23
328.15 50 5 23
328.2 50 5 23
328.25 50 5 23
328.3 50 5 23
328.35 50 5 23
328.4 50 5 23
328.45 50 5 23
328.5 50 5 23
328.55 50 5 23
328.6 50 5 23
328.65 50 5 23
328.7 50 5 23
328.75 50 5 23
328.8 50 5 23
328.85 50 5 23
328.9 50 5 23
328.95 50 5 23
329 50 5 23
329.05 50 5 23
329.1 50 5 23
329.15 50 5 23
329.2 50 5 23
329.25 50 5 23
329.3 50 5 23
329.35 50 5 23
329.4 50 5 23
329.45 50 5 23
329.5 50 5 23
329.55 50 5 23
329.6 50 5 23
329.65 50 5 23
329.7 50 5 23
329.75 50 5 23
329.8 50 5 23
329.85 50 5 23
329.9 50 5 23
329.95 50 5 23
330 50 5 23
330.05 50 5 23
330.1 50 5 23
330.15 50 5 23
330.2 50 5 23
330.25 50 5 23
330.3 50 5 23
330.35 50 5 23
330.4 50 5 23
330.45 50 5 23
330.5 50 5 23
330.55 50 5 23
330.6 50 5 23
330.65 50 5 23
330.7 50 5 23
330.75 50 5 23
330.8 50 5 23
330.85 50 5 23
330.9 50 5 23
330.95 50 5 23
331 50 5 23
331.05 50 5 23
331.1 50 5 23
331.15 50 5 23
331.2 50 5 23
331.25 50 5 23
331.3 50 5 23
331.35 50 5 23
331.4 50 5 23
331.45 50 5 23
331.5 50 5 23
331.55 50 5 23
331.6 50 5 23
331.65 50 5 23
331.7 50 5 23
331.75 50 5 23
331.8 50 5 23
331.85 50 5 23
331.9 50 5 23
331.95 50 5 23
332 50 5 23
332.05 50 5 23
332.1 50 5 23
332.15 50 5 23
332.2 50 5 23
332.25 50 5 23
332.3 50 5 23
332.35 50 5 23
332.4 50 5 23
332.45 50 5 23
332.5 50 5 23
332.55 50 5 23
332.6 50 5 23
332.65 50 5 23
332.7 50 5 23
332.75 50 5 23
332.8 50 5 23
332.85 50 5 23
332.9 50 5 23
332.95 50 5 23
333 50 5 23
333.05 50 5 23
333.1 50 5 23
333.15 50 5 23
333.2 50 5 23
333.25 50 5 23
333.3 50 5 23
333.35 50 5 23
333.4 50 5 23
333.45 50 5 23
333.5 50 5 23
333.55 50 5 23
333.6 50 5 23
333.65 50 5 23
333.7 50 5 23
333.75 50 5 23
333.8 50 5 23
333.85 50 5 23
333.9 50 5 23
333.95 50 5 23
334 50 5 23
334.05 50 5 23
334.1 50 5 23
334.15 50 5 23
334.2 50 5 23
334.25 50 5 23
334.3 50 5 23
334.35 50 5 23
334.4 50 5 23
334.45 50 5 23
334.5 50 5 23
334.55 50 5 23
334.6 50 5 23
334.65 50 5 23
334.7 50 5 23
334.75 50 5 23
334.8 50 5 23
334.85 50 5 23
334.9 50 5 23
334.95 50 5 23
335 50 5 23
335.05 50 5 23
335.1 50 5 23
335.15 50 5 23
335.2 50 5 23
335.25 50 5 23
335.3 50 5 23
335.35 50 5 23
335.4 50 5 23
335.45 50 5 23
335.5 50 5 23
335.55 50 5 23
335.6 50 5 23
335.65 50 5 23
335.7 50 5 23
335.75 50 5 23
335.8 50 5 23
335.85 50 5 23
335.9 50 5 23
335.95 50 5 23
336 50 5 23
336.05 50 5 23
336.1 50 5 23
336.15 50 5 23
336.2 50 5 23
336.25 50 5 23
336.3 50 5 23
336.35 50 5 23
336.4 50 5 23
336.45 50 5 23
336.5 50 5 23
336.55 50 5 23
336.6 50 5 23
336.65 50 5 23
336.7 50 5 23
336.75 50 5 23
336.8 50 5 23
336.85 50 5 23
336.9 50 5 23
336.95 50 5 23
337 50 5 23
337.05 50 5 23
337.1 50 5 23
337.15 50 5 23
337.2 50 5 23
337.25 50 5 23
337.3 50 5 23
337.35 50 5 23
337.4 50 5 23
337.45 50 5 23
337.5 50 5 23
337.55 50 5 23
337.6 50 5 23
337.65 50 5 23
337.7 50 5 23
337.75 50 5 23
337.8 50 5 23
337.85 50 5 23
337.9 50 5 23
337.95 50 5 23
338 50 5 23
338.05 50 5 23
338.1 50 5 23
338.15 50 5 23
338.2 50 5 23
338.25 50 5 23
338.3 50 5 23
338.35 50 5 23
338.4 50 5 23
338.45 50 5 23
338.5 50 5 23
338.55 50 5 23
338.6 50 5 23
338.65 50 5 23
338.7 50 5 23
338.75 50 5 23
338.8 50 5 23
338.85 50 5 23
338.9 50 5 23
338.95 50 5 23
339 50 5 23
339.05 50 5 23
339.1 50 5 23
339.15 50 5 23
339.2 50 5 23
339.25 50 5 23
339.3 50 5 23
339.35 50 5 23
339.4 50 5 23
339.45 50 5 23
339.5 50 5 23
339.55 50 5 23
339.6 50 5 23
339.65 50 5 23
339.7 50 5 23
339.75 50 5 23
339.8 50 5 23
339.85 50 5 23
339.9 50 5 23
339.95 50 5 23
340 50 5 23
340.05 50 5 23
340.1 50 5 23
340.15 50 5 23
340.2 50 5 23
340.25 50 5 23
340.3 50 5 23
340.35 50 5 23
340.4 50 5 23
340.45 50 5 23
340.5 50 5 23
340.55 50 5 23
340.6 50 5 23
340.65 50 5 23
340.7 50 5 23
340.75 50 5 23
340.8 50 5 23
340.85 50 5 23
340.9 50 5 23
340.95 50 5 23
341 50 5 23
341.05 50 5 23
341.1 50 5 23
341.15 50 5 23
341.2 50 5 23
341.25 50 5 23
341.3 50 5 23
341.35 50 5 23
341.4 50 5 23
341.45 50 5 23
341.5 50 5 23
341.55 50 5 23
341.6 50 5 23
341.65 50 5 23
341.7 50 5 23
341.75 50 5 23
341.8 50 5 23
341.85 50 5 23
341.9 50 5 23
341.95 50 5 23
342 50 5 23
342.05 50 5 23
342.1 50 5 23
342.15 50 5 23
342.2 50 5 23
342.25 50 5 23
342.3 50 5 23
342.35 50 5 23
342.4 50 5 23
342.45 50 5 23
342.5 50 5 23
342.55 50 5 23
342.6 50 5 23
342.65 50 5 23
342.7 50 5 23
342.75 50 5 23
342.8 50 5 23
342.85 50 5 23
342.9 50 5 23
342.95 50 5 23
343 50 5 23
343.05 50 5 23
343.1 50 5 23
343.15 50 5 23
343.2 50 5 23
343.25 50 5 23
343.3 50 5 23
343.35 50 5 23
343.4 50 5 23
343.45 50 5 23
343.5 50 5 23
343.55 50 5 23
343.6 50 5 23
343.65 50 5 23
343.7 50 5 23
343.75 50 5 23
343.8 50 5 23
343.85 50 5 23
343.9 50 5 23
343.95 50 5 23
344 50 5 23
344.05 50 5 23
344.1 50 5 23
344.15 50 5 23
344.2 50 5 23
344.25 50 5 23
344.3 50 5 23
344.35 50 5 23
344.4 50 5 23
344.45 50 5 23
344.5 50 5 23
344.55 50 5 23
344.6 50 5 23
344.65 50 5 23
344.7 50 5 23
344.75 50 5 23
344.8 50 5 23
344.85 50 5 23
344.9 50 5 23
344.95 50 5 23
345 50 5 23
345.05 50 5 23
345.1 50 5 23
345.15 50 5 23
345.2 50 5 23
345.25 50 5 23
345.3 50 5 23
345.35 50 5 23
345.4 50 5 23
345.45 50 5 23
345.5 50 5 23
345.55 50 5 23
345.6 50 5 23
345.65 50 5 23
345.7 50 5 23
345.75 50 5 23
345.8 50 5 23
345.85 50 5 23
345.9 50 5 23
345.95 50 5 23
346 50 5 23
346.05 50 5 23
346.1 50 5 23
346.15 50 5 23
346.2 50 5 23
346.25 50 5 23
346.3 50 5 23
346.35 50 5 23
346.4 50 5 23
346.45 50 5 23
346.5 50 5 23
346.55 50 5 23
346.6 50 5 23
346.65 50 5 23
346.7 50 5 23
346.75 50 5 23
346.8 50 5 23
346.85 50 5 23
346.9 50 5 23
346.95 50 5 23
347 50 5 23
347.05 50 5 23
347.1 50 5 23
347.15 50 5 23
347.2 50 5 23
347.25 50 5 23
347.3 50 5 23
347.35 50 5 23
347.4 50 5 23
347.45 50 5 23
347.5 50 5 23
347.55 50 5 23
347.6 50 5 23
347.65 50 5 23
347.7 50 5 23
347.75 50 5 23
347.8 50 5 23
347.85 50 5 23
347.9 50 5 23
347.95 50 5 23
348 50 5 23
348.05 50 5 23
348.1 50 5 23
348.15 50 5 23
348.2 50 5 23
348.25 50 5 23
348.3 50 5 23
348.35 50 5 23
348.4 50 5 23
348.45 50 5 23
348.5 50 5 23
348.55 50 5 23
348.6 50 5 23
348.65 50 5 23
348.7 50 5 23
348.75 50 5 23
348.8 50 5 23
348.85 50 5 23
348.9 50 5 23
348.95 50 5 23
349 50 5 23
349.05 50 5 23
349.1 50 5 23
349.15 50 5 23
349.2 50 5 23
349.25 50 5 23
349.3 50 5 23
349.35 50 5 23
349.4 50 5 23
349.45 50 5 23
349.5 50 5 23
349.55 50 5 23
349.6 50 5 23
349.65 50 5 23
349.7 50 5 23
349.75 50 5 23
349.8 50 5 23
349.85 50 5 23
349.9 50 5 23
349.95 50 5 23
350 50 5 23
350.05 50 5 23
350.1 50 5 23
350.15 50 5 23
350.2 50 5 23
350.25 50 5 23
350.3 50 5 23
350.35 50 5 23
350.4 50 5 23
350.45 50 5 23
350.5 50 5 23
350.55 50 5 23
350.6 50 5 23
350.65 50 5 23
350.7 50 5 23
350.75 50 5 23
350.8 50 5 23
350.85 50 5 23
350.9 50 5 23
350.95 50 5 23
351 50 5 23
351.05 50 5 23
351.1 50 5 23
351.15 50 5 23
351.2 50 5 23
351.25 50 5 23
351.3 50 5 23
351.35 50 5 23
351.4 50 5 23
351.45 50 5 23
351.5 50 5 23
351.55 50 5 23
351.6 50 5 23
351.65 50 5 23
351.7 50 5 23
351.75 50 5 23
351.8 50 5 23
351.85 50 5 23
351.9 50 5 23
351.95 50 5 23
352 50 5 23
352.05 50 5 23
352.1 50 5 23
352.15 50 5 23
352.2 50 5 23
352.25 50 5 23
352.3 50 5 23
352.35 50 5 23
352.4 50 5 23
352.45 50 5 23
352.5 50 5 23
352.55 50 5 23
352.6 50 5 23
352.65 50 5 23
352.7 50 5 23
352.75 50 5 23
352.8 50 5 23
352.85 50 5 23
352.9 50 5 23
352.95 50 5 23
353 50 5 23
353.05 50 5 23
353.1 50 5 23
353.15 50 5 23
353.2 50 5 23
353.25 50 5 23
353.3 50 5 23
353.35 50 5 23
353.4 50 5 23
353.45 50 5 23
353.5 50 5 23
353.55 50 5 23
353.6 50 5 23
353.65 50 5 23
353.7 50 5 23
353.75 50 5 23
353.8 50 5 23
353.85 50 5 23
353.9 50 5 23
353.95 50 5 23
354 50 5 23
354.05 50 5 23
354.1 50 5 23
354.15 50 5 23
354.2 50 5 23
354.25 50 5 23
354.3 50 5 23
354.35 50 5 23
354.4 50 5 23
354.45 50 5 23
354.5 50 5 23
354.55 50 5 23
354.6 50 5 23
354.65 50 5 23
354.7 50 5 23
354.75 50 5 23
354.8 50 5 23
354.85 50 5 23
354.9 50 5 23
354.95 50 5 23
355 50 5 23
355.05 50 5 23
355.1 50 5 23
355.15 50 5 23
355.2 50 5 23
355.25 50 5 23
355.3 50 5 23
355.35 50 5 23
355.4 50 5 23
355.45 50 5 23
355.5 50 5 23
355.55 50 5 23
355.6 50 5 23
355.65 50 5 23
355.7 50 5 23
355.75 50 5 23
355.8 50 5 23
355.85 50 5 23
355.9 50 5 23
355.95 50 5 23
356 50 5 23
356.05 50 5 23
356.1 50 5 23
356.15 50 5 23
356.2 50 5 23
356.25 50 5 23
356.3 50 5 23
356.35 50 5 23
356.4 50 5 23
356.45 50 5 23
356.5 50 5 23
356.55 50 5 23
356.6 50 5 23
356.65 50 5 23
356.7 50 5 23
356.75 50 5 23
356.8 50 5 23
356.85 50 5 23
356.9 50 5 23
356.95 50 5 23
357 50 5 23
357.05 50 5 23
357.1 50 5 23
357.15 50 5 23
357.2 50 5 23
357.25 50 5 23
357.3 50 5 23
357.35 50 5 23
357.4 50 5 23
357.45 50 5 23
357.5 50 5 23
357.55 50 5 23
357.6 50 5 23
357.65 50 5 23
357.7 50 5 23
357.75 50 5 23
357.8 50 5 23
357.85 50 5 23
357.9 50 5 23
357.95 50 5 23
358 50 5 23
358.05 50 5 23
358.1 50 5 23
358.15 50 5 23
358.2 50 5 23
358.25 50 5 23
358.3 50 5 23
358.35 50 5 23
358.4 50 5 23
358.45 50 5 23
358.5 50 5 23
358.55 50 5 23
358.6 50 5 23
358.65 50 5 23
358.7 50 5 23
358.75 50 5 23
358.8 50 5 23
358.85 50 5 23
358.9 50 5 23
358.95 50 5 23
359 50 5 23
359.05 50 5 23
359.1 50 5 23
359.15 50 5 23
359.2 50 5 23
359.25 50 5 23
359.3 50 5 23
359.35 50 5 23
359.4 50 5 23
359.45 50 5 23
359.5 50 5 23
359.55 50 5 23
359.6 50 5 23
359.65 50 5 23
359.7 50 5 23
359.75 50 5 23
359.8 50 5 23
359.85 50 5 23
359.9 50 5 23
359.95 50 5 23
360 50 5 23
360.05 50 5 23
360.1 50 5 23
360.15 50 5 23
360.2 50 5 23
360.25 50 5 23
360.3 50 5 23
360.35 50 5 23
360.4 50 5 23
360.45 50 5 23
360.5 50 5 23
360.55 50 5 23
360.6 50 5 23
360.65 50 5 23
360.7 50 5 23
360.75 50 5 23
360.8 50 5 23
360.85 50 5 23
360.9 50 5 23
360.95 50 5 23
361 50 5 23
361.05 50 5 23
361.1 50 5 23
361.15 50 5 23
361.2 50 5 23
361.25 50 5 23
361.3 50 5 23
361.35 50 5 23
361.4 50 5 23
361.45 50 5 23
361.5 50 5 23
361.55 50 5 23
361.6 50 5 23
361.65 50 5 23
361.7 50 5 23
361.75 50 5 23
361.8 50 5 23
361.85 50 5 23
361.9 50 5 23
361.95 50 5 23
362 50 5 23
362.05 50 5 23
362.1 50 5 23
362.15 50 5 23
362.2 50 5 23
362.25 50 5 23
362.3 50 5 23
362.35 50 5 23
362.4 50 5 23
362.45 50 5 23
362.5 50 5 23
362.55 50 5 23
362.6 50 5 23
362.65 50 5 23
362.7 50 5 23
362.75 50 5 23
362.8 50 5 23
362.85 50 5 23
362.9 50 5 23
362.95 50 5 23
363 50 5 23
363.05 50 5 23
363.1 50 5 23
363.15 50 5 23
363.2 50 5 23
363.25 50 5 23
363.3 50 5 23
363.35 50 5 23
363.4 50 5 23
363.45 50 5 23
363.5 50 5 23
363.55 50 5 23
363.6 50 5 23
363.65 50 5 23
363.7 50 5 23
363.75 50 5 23
363.8 50 5 23
363.85 50 5 23
363.9 50 5 23
363.95 50 5 23
364 50 5 23
364.05 50 5 23
364.1 50 5 23
364.15 50 5 23
364.2 50 5 23
364.25 50 5 23
364.3 50 5 23
364.35 50 5 23
364.4 50 5 23
364.45 50 5 23
364.5 50 5 23
364.55 50 5 23
364.6 50 5 23
364.65 50 5 23
364.7 50 5 23
364.75 50 5 23
364.8 50 5 23
364.85 50 5 23
364.9 50 5 23
364.95 50 5 23
365 50 5 23
365.05 50 5 23
365.1 50 5 23
365.15 50 5 23
365.2 50 5 23
365.25 50 5 23
365.3 50 5 23
365.35 50 5 23
365.4 50 5 23
365.45 50 5 23
365.5 50 5 23
365.55 50 5 23
365.6 50 5 23
365.65 50 5 23
365.7 50 5 23
365.75 50 5 23
365.8 50 5 23
365.85 50 5 23
365.9 50 5 23
365.95 50 5 23
366 50 5 23
366.05 50 5 23
366.1 50 5 23
366.15 50 5 23
366.2 50 5 23
366.25 50 5 23
366.3 50 5 23
366.35 50 5 23
366.4 50 5 23
366.45 50 5 23
366.5 50 5 23
366.55 50 5 23
366.6 50 5 23
366.65 50 5 23
366.7 50 5 23
366.75 50 5 23
366.8 50 5 23
366.85 50 5 23
366.9 50 5 23
366.95 50 5 23
367 50 5 23
367.05 50 5 23
367.1 50 5 23
367.15 50 5 23
367.2 50 5 23
367.25 50 5 23
367.3 50 5 23
367.35 50 5 23
367.4 50 5 23
367.45 50 5 23
367.5 50 5 23
367.55 50 5 23
367.6 50 5 23
367.65 50 5 23
367.7 50 5 23
367.75 50 5 23
367.8 50 5 23
367.85 50 5 23
367.9 50 5 23
367.95 50 5 23
368 50 5 23
368.05 50 5 23
368.1 50 5 23
368.15 50 5 23
368.2 50 5 23
368.25 50 5 23
368.3 50 5 23
368.35 50 5 23
368.4 50 5 23
368.45 50 5 23
368.5 50 5 23
368.55 50 5 23
368.6 50 5 23
368.65 50 5 23
368.7 50 5 23
368.75 50 5 23
368.8 50 5 23
368.85 50 5 23
368.9 50 5 23
368.95 50 5 23
369 50 5 23
369.05 50 5 23
369.1 50 5 23
369.15 50 5 23
369.2 50 5 23
369.25 50 5 23
369.3 50 5 23
369.35 50 5 23
369.4 50 5 23
369.45 50 5 23
369.5 50 5 23
369.55 50 5 23
369.6 50 5 23
369.65 50 5 23
369.7 50 5 23
369.75 50 5 23
369.8 50 5 23
369.85 50 5 23
369.9 50 5 23
369.95 50 5 23
370 50 5 23
370.05 50 5 23
370.1 50 5 23
370.15 50 5 23
370.2 50 5 23
370.25 50 5 23
370.3 50 5 23
370.35 50 5 23
370.4 50 5 23
370.45 50 5 23
370.5 50 5 23
370.55 50 5 23
370.6 50 5 23
370.65 50 5 23
370.7 50 5 23
370.75 50 5 23
370.8 50 5 23
370.85 50 5 23
370.9 50 5 23
370.95 50 5 23
371 50 5 23
371.05 50 5 23
371.1 50 5 23
371.15 50 5 23
371.2 50 5 23
371.25 50 5 23
371.3 50 5 23
371.35 50 5 23
371.4 50 5 23
371.45 50 5 23
371.5 50 5 23
371.55 50 5 23
371.6 50 5 23
371.65 50 5 23
371.7 50 5 23
371.75 50 5 23
371.8 50 5 23
371.85 50 5 23
371.9 50 5 23
371.95 50 5 23
372 50 5 23
372.05 50 5 23
372.1 50 5 23
372.15 50 5 23
372.2 50 5 23
372.25 50 5 23
372.3 50 5 23
372.35 50 5 23
372.4 50 5 23
372.45 50 5 23
372.5 50 5 23
372.55 50 5 23
372.6 50 5 23
372.65 50 5 23
372.7 50 5 23
372.75 50 5 23
372.8 50 5 23
372.85 50 5 23
372.9 50 5 23
372.95 50 5 23
373 50 5 23
373.05 50 5 23
373.1 50 5 23
373.15 50 5 23
373.2 50 5 23
373.25 50 5 23
373.3 50 5 23
373.35 50 5 23
373.4 50 5 23
373.45 50 5 23
373.5 50 5 23
373.55 50 5 23
373.6 50 5 23
373.65 50 5 23
373.7 50 5 23
373.75 50 5 23
373.8 50 5 23
373.85 50 5 23
373.9 50 5 23
373.95 50 5 23
374 50 5 23
374.05 50 5 23
374.1 50 5 23
374.15 50 5 23
374.2 50 5 23
374.25 50 5 23
374.3 50 5 23
374.35 50 5 23
374.4 50 5 23
374.45 50 5 23
374.5 50 5 23
374.55 50 5 23
374.6 50 5 23
374.65 50 5 23
374.7 50 5 23
374.75 50 5 23
374.8 50 5 23
374.85 50 5 23
374.9 50 5 23
374.95 50 5 23
375 50 5 23
375.05 50 5 23
375.1 50 5 23
375.15 50 5 23
375.2 50 5 23
375.25 50 5 23
375.3 50 5 23
375.35 50 5 23
375.4 50 5 23
375.45 50 5 23
375.5 50 5 23
375.55 50 5 23
375.6 50 5 23
375.65 50 5 23
375.7 50 5 23
375.75 50 5 23
375.8 50 5 23
375.85 50 5 23
375.9 50 5 23
375.95 50 5 23
376 50 5 23
376.05 50 5 23
376.1 50 5 23
376.15 50 5 23
376.2 50 5 23
376.25 50 5 23
376.3 50 5 23
376.35 50 5 23
376.4 50 5 23
376.45 50 5 23
376.5 50 5 23
376.55 50 5 23
376.6 50 5 23
376.65 50 5 23
376.7 50 5 23
376.75 50 5 23
376.8 50 5 23
376.85 50 5 23
376.9 50 5 23
376.95 50 5 23
377 50 5 23
377.05 50 5 23
377.1 50 5 23
377.15 50 5 23
377.2 50 5 23
377.25 50 5 23
377.3 50 5 23
377.35 50 5 23
377.4 50 5 23
377.45 50 5 23
377.5 50 5 23
377.55 50 5 23
377.6 50 5 23
377.65 50 5 23
377.7 50 5 23
377.75 50 5 23
377.8 50 5 23
377.85 50 5 23
377.9 50 5 23
377.95 50 5 23
378 50 5 23
378.05 50 5 23
378.1 50 5 23
378.15 50 5 23
378.2 50 5 23
378.25 50 5 23
378.3 50 5 23
378.35 50 5 23
378.4 50 5 23
378.45 50 5 23
378.5 50 5 23
378.55 50 5 23
378.6 50 5 23
378.65 50 5 23
378.7 50 5 23
378.75 50 5 23
378.8 50 5 23
378.85 50 5 23
378.9 50 5 23
378.95 50 5 23
379 50 5 23
379.05 50 5 23
379.1 50 5 23
379.15 50 5 23
379.2 50 5 23
379.25 50 5 23
379.3 50 5 23
379.35 50 5 23
379.4 50 5 23
379.45 50 5 23
379.5 50 5 23
379.55 50 5 23
379.6 50 5 23
379.65 50 5 23
379.7 50 5 23
379.75 50 5 23
379.8 50 5 23
379.85 50 5 23
379.9 50 5 23
379.95 50 5 23
380 50 5 23
380.05 50 5 23
380.1 50 5 23
380.15 50 5 23
380.2 50 5 23
380.25 50 5 23
380.3 50 5 23
380.35 50 5 23
380.4 50 5 23
380.45 50 5 23
380.5 50 5 23
380.55 50 5 23
380.6 50 5 23
380.65 50 5 23
380.7 50 5 23
380.75 50 5 23
380.8 50 5 23
380.85 50 5 23
380.9 50 5 23
380.95 50 5 23
381 50 5 23
381.05 50 5 23
381.1 50 5 23
381.15 50 5 23
381.2 50 5 23
381.25 50 5 23
381.3 50 5 23
381.35 50 5 23
381.4 50 5 23
381.45 50 5 23
381.5 50 5 23
381.55 50 5 23
381.6 50 5 23
381.65 50 5 23
381.7 50 5 23
381.75 50 5 23
381.8 50 5 23
381.85 50 5 23
381.9 50 5 23
381.95 50 5 23
382 50 5 23
382.05 50 5 23
382.1 50 5 23
382.15 50 5 23
382.2 50 5 23
382.25 50 5 23
382.3 50 5 23
382.35 50 5 23
382.4 50 5 23
382.45 50 5 23
382.5 50 5 23
382.55 50 5 23
382.6 50 5 23
382.65 50 5 23
382.7 50 5 23
382.75 50 5 23
382.8 50 5 23
382.85 50 5 23
382.9 50 5 23
382.95 50 5 23
383 50 5 23
383.05 50 5 23
383.1 50 5 23
383.15 50 5 23
383.2 50 5 23
383.25 50 5 23
383.3 50 5 23
383.35 50 5 23
383.4 50 5 23
383.45 50 5 23
383.5 50 5 23
383.55 50 5 23
383.6 50 5 23
383.65 50 5 23
383.7 50 5 23
383.75 50 5 23
383.8 50 5 23
383.85 50 5 23
383.9 50 5 23
383.95 50 5 23
384 50 5 23
384.05 50 5 23
384.1 50 5 23
384.15 50 5 23
384.2 50 5 23
384.25 50 5 23
384.3 50 5 23
384.35 50 5 23
384.4 50 5 23
384.45 50 5 23
384.5 50 5 23
384.55 50 5 23
384.6 50 5 23
384.65 50 5 23
384.7 50 5 23
384.75 50 5 23
384.8 50 5 23
384.85 50 5 23
384.9 50 5 23
384.95 50 5 23
385 50 5 23
385.05 50 5 23
385.1 50 5 23
385.15 50 5 23
385.2 50 5 23
385.25 50 5 23
385.3 50 5 23
385.35 50 5 23
385.4 50 5 23
385.45 50 5 23
385.5 50 5 23
385.55 50 5 23
385.6 50 5 23
385.65 50 5 23
385.7 50 5 23
385.75 50 5 23
385.8 50 5 23
385.85 50 5 23
385.9 50 5 23
385.95 50 5 23
386 50 5 23
386.05 50 5 23
386.1 50 5 23
386.15 50 5 23
386.2 50 5 23
386.25 50 5 23
386.3 50 5 23
386.35 50 5 23
386.4 50 5 23
386.45 50 5 23
386.5 50 5 23
386.55 50 5 23
386.6 50 5 23
386.65 50 5 23
386.7 50 5 23
386.75 50 5 23
386.8 50 5 23
386.85 50 5 23
386.9 50 5 23
386.95 50 5 23
387 50 5 23
387.05 50 5 23
387.1 50 5 23
387.15 50 5 23
387.2 50 5 23
387.25 50 5 23
387.3 50 5 23
387.35 50 5 23
387.4 50 5 23
387.45 50 5 23
387.5 50 5 23
387.55 50 5 23
387.6 50 5 23
387.65 50 5 23
387.7 50 5 23
387.75 50 5 23
387.8 50 5 23
387.85 50 5 23
387.9 50 5 23
387.95 50 5 23
388 50 5 23
388.05 50 5 23
388.1 50 5 23
388.15 50 5 23
388.2 50 5 23
388.25 50 5 23
388.3 50 5 23
388.35 50 5 23
388.4 50 5 23
388.45 50 5 23
388.5 50 5 23
388.55 50 5 23
388.6 50 5 23
388.65 50 5 23
388.7 50 5 23
388.75 50 5 23
388.8 50 5 23
388.85 50 5 23
388.9 50 5 23
388.95 50 5 23
389 50 5 23
389.05 50 5 23
389.1 50 5 23
389.15 50 5 23
389.2 50 5 23
389.25 50 5 23
389.3 50 5 23
389.35 50 5 23
389.4 50 5 23
389.45 50 5 23
389.5 50 5 23
389.55 50 5 23
389.6 50 5 23
389.65 50 5 23
389.7 50 5 23
389.75 50 5 23
389.8 50 5 23
389.85 50 5 23
389.9 50 5 23
389.95 50 5 23
390 50 5 23
390.05 50 5 23
390.1 50 5 23
390.15 50 5 23
390.2 50 5 23
390.25 50 5 23
390.3 50 5 23
390.35 50 5 23
390.4 50 5 23
390.45 50 5 23
390.5 50 5 23
390.55 50 5 23
390.6 50 5 23
390.65 50 5 23
390.7 50 5 23
390.75 50 5 23
390.8 50 5 23
390.85 50 5 23
390.9 50 5 23
390.95 50 5 23
391 50 5 23
391.05 50 5 23
391.1 50 5 23
391.15 50 5 23
391.2 50 5 23
391.25 50 5 23
391.3 50 5 23
391.35 50 5 23
391.4 50 5 23
391.45 50 5 23
391.5 50 5 23
391.55 50 5 23
391.6 50 5 23
391.65 50 5 23
391.7 50 5 23
391.75 50 5 23
391.8 50 5 23
391.85 50 5 23
391.9 50 5 23
391.95 50 5 23
392 50 5 23
392.05 50 5 23
392.1 50 5 23
392.15 50 5 23
392.2 50 5 23
392.25 50 5 23
392.3 50 5 23
392.35 50 5 23
392.4 50 5 23
392.45 50 5 23
392.5 50 5 23
392.55 50 5 23
392.6 50 5 23
392.65 50 5 23
392.7 50 5 23
392.75 50 5 23
392.8 50 5 23
392.85 50 5 23
392.9 50 5 23
392.95 50 5 23
393 50 5 23
393.05 50 5 23
393.1 50 5 23
393.15 50 5 23
393.2 50 5 23
393.25 50 5 23
393.3 50 5 23
393.35 50 5 23
393.4 50 5 23
393.45 50 5 23
393.5 50 5 23
393.55 50 5 23
393.6 50 5 23
393.65 50 5 23
393.7 50 5 23
393.75 50 5 23
393.8 50 5 23
393.85 50 5 23
393.9 50 5 23
393.95 50 5 23
394 50 5 23
394.05 50 5 23
394.1 50 5 23
394.15 50 5 23
394.2 50 5 23
394.25 50 5 23
394.3 50 5 23
394.35 50 5 23
394.4 50 5 23
394.45 50 5 23
394.5 50 5 23
394.55 50 5 23
394.6 50 5 23
394.65 50 5 23
394.7 50 5 23
394.75 50 5 23
394.8 50 5 23
394.85 50 5 23
394.9 50 5 23
394.95 50 5 23
395 50 5 23
395.05 50 5 23
395.1 50 5 23
395.15 50 5 23
395.2 50 5 23
395.25 50 5 23
395.3 50 5 23
395.35 50 5 23
395.4 50 5 23
395.45 50 5 23
395.5 50 5 23
395.55 50 5 23
395.6 50 5 23
395.65 50 5 23
395.7 50 5 23
395.75 50 5 23
395.8 50 5 23
395.85 50 5 23
395.9 50 5 23
395.95 50 5 23
396 50 5 23
396.05 50 5 23
396.1 50 5 23
396.15 50 5 23
396.2 50 5 23
396.25 50 5 23
396.3 50 5 23
396.35 50 5 23
396.4 50 5 23
396.45 50 5 23
396.5 50 5 23
396.55 50 5 23
396.6 50 5 23
396.65 50 5 23
396.7 50 5 23
396.75 50 5 23
396.8 50 5 23
396.85 50 5 23
396.9 50 5 23
396.95 50 5 23
397 50 5 23
397.05 50 5 23
397.1 50 5 23
397.15 50 5 23
397.2 50 5 23
397.25 50 5 23
397.3 50 5 23
397.35 50 5 23
397.4 50 5 23
397.45 50 5 23
397.5 50 5 23
397.55 50 5 23
397.6 50 5 23
397.65 50 5 23
397.7 50 5 23
397.75 50 5 23
397.8 50 5 23
397.85 50 5 23
397.9 50 5 23
397.95 50 5 23
398 50 5 23
398.05 50 5 23
398.1 50 5 23
398.15 50 5 23
398.2 50 5 23
398.25 50 5 23
398.3 50 5 23
398.35 50 5 23
398.4 50 5 23
398.45 50 5 23
398.5 50 5 23
398.55 50 5 23
398.6 50 5 23
398.65 50 5 23
398.7 50 5 23
398.75 50 5 23
398.8 50 5 23
398.85 50 5 23
398.9 50 5 23
398.95 50 5 23
399 50 5 23
399.05 50 5 23
399.1 50 5 23
399.15 50 5 23
399.2 50 5 23
399.25 50 5 23
399.3 50 5 23
399.35 50 5 23
399.4 50 5 23
399.45 50 5 23
399.5 50 5 23
399.55 50 5 23
399.6 50 5 23
399.65 50 5 23
399.7 50 5 23
399.75 50 5 23
399.8 50 5 23
399.85 50 5 23
399.9 50 5 23
399.95 50 5 23
400 50 5 23
400.05 50 5 23
400.1 50 5 23
400.15 50 5 23
400.2 50 5 23
400.25 50 5 23
400.3 50 5 23
400.35 50 5 23
400.4 50 5 23
400.45 50 5 23
400.5 50 5 23
400.55 50 5 23
400.6 50 5 23
400.65 50 5 23
400.7 50 5 23
400.75 50 5 23
400.8 50 5 23
400.85 50 5 23
400.9 50 5 23
400.95 50 5 23
401 50 5 23
401.05 50 5 23
401.1 50 5 23
401.15 50 5 23
401.2 50 5 23
401.25 50 5 23
401.3 50 5 23
401.35 50 5 23
401.4 50 5 23
401.45 50 5 23
401.5 50 5 23
401.55 50 5 23
401.6 50 5 23
401.65 50 5 23
401.7 50 5 23
401.75 50 5 23
401.8 50 5 23
401.85 50 5 23
401.9 50 5 23
401.95 50 5 23
402 50 5 23
402.05 50 5 23
402.1 50 5 23
402.15 50 5 23
402.2 50 5 23
402.25 50 5 23
402.3 50 5 23
402.35 50 5 23
402.4 50 5 23
402.45 50 5 23
402.5 50 5 23
402.55 50 5 23
402.6 50 5 23
402.65 50 5 23
402.7 50 5 23
402.75 50 5 23
402.8 50 5 23
402.85 50 5 23
402.9 50 5 23
402.95 50 5 23
403 50 5 23
403.05 50 5 23
403.1 50 5 23
403.15 50 5 23
403.2 50 5 23
403.25 50 5 23
403.3 50 5 23
403.35 50 5 23
403.4 50 5 23
403.45 50 5 23
403.5 50 5 23
403.55 50 5 23
403.6 50 5 23
403.65 50 5 23
403.7 50 5 23
403.75 50 5 23
403.8 50 5 23
403.85 50 5 23
403.9 50 5 23
403.95 50 5 23
404 50 5 23
404.05 50 5 23
404.1 50 5 23
404.15 50 5 23
404.2 50 5 23
404.25 50 5 23
404.3 50 5 23
404.35 50 5 23
404.4 50 5 23
404.45 50 5 23
404.5 50 5 23
404.55 50 5 23
404.6 50 5 23
404.65 50 5 23
404.7 50 5 23
404.75 50 5 23
404.8 50 5 23
404.85 50 5 23
404.9 50 5 23
404.95 50 5 23
405 50 5 23
405.05 50 5 23
405.1 50 5 23
405.15 50 5 23
405.2 50 5 23
405.25 50 5 23
405.3 50 5 23
405.35 50 5 23
405.4 50 5 23
405.45 50 5 23
405.5 50 5 23
405.55 50 5 23
405.6 50 5 23
405.65 50 5 23
405.7 50 5 23
405.75 50 5 23
405.8 50 5 23
405.85 50 5 23
405.9 50 5 23
405.95 50 5 23
406 50 5 23
406.05 50 5 23
406.1 50 5 23
406.15 50 5 23
406.2 50 5 23
406.25 50 5 23
406.3 50 5 23
406.35 50 5 23
406.4 50 5 23
406.45 50 5 23
406.5 50 5 23
406.55 50 5 23
406.6 50 5 23
406.65 50 5 23
406.7 50 5 23
406.75 50 5 23
406.8 50 5 23
406.85 50 5 23
406.9 50 5 23
406.95 50 5 23
407 50 5 23
407.05 50 5 23
407.1 50 5 23
407.15 50 5 23
407.2 50 5 23
407.25 50 5 23
407.3 50 5 23
407.35 50 5 23
407.4 50 5 23
407.45 50 5 23
407.5 50 5 23
407.55 50 5 23
407.6 50 5 23
407.65 50 5 23
407.7 50 5 23
407.75 50 5 23
407.8 50 5 23
407.85 50 5 23
407.9 50 5 23
407.95 50 5 23
408 50 5 23
408.05 50 5 23
408.1 50 5 23
408.15 50 5 23
408.2 50 5 23
408.25 50 5 23
408.3 50 5 23
408.35 50 5 23
408.4 50 5 23
408.45 50 5 23
408.5 50 5 23
408.55 50 5 23
408.6 50 5 23
408.65 50 5 23
408.7 50 5 23
408.75 50 5 23
408.8 50 5 23
408.85 50 5 23
408.9 50 5 23
408.95 50 5 23
409 50 5 23
409.05 50 5 23
409.1 50 5 23
409.15 50 5 23
409.2 50 5 23
409.25 50 5 23
409.3 50 5 23
409.35 50 5 23
409.4 50 5 23
409.45 50 5 23
409.5 50 5 23
409.55 50 5 23
409.6 50 5 23
409.65 50 5 23
409.7 50 5 23
409.75 50 5 23
409.8 50 5 23
409.85 50 5 23
409.9 50 5 23
409.95 50 5 23
410 50 5 23
410.05 50 5 23
410.1 50 5 23
410.15 50 5 23
410.2 50 5 23
410.25 50 5 23
410.3 50 5 23
410.35 50 5 23
410.4 50 5 23
410.45 50 5 23
410.5 50 5 23
410.55 50 5 23
410.6 50 5 23
410.65 50 5 23
410.7 50 5 23
410.75 50 5 23
410.8 50 5 23
410.85 50 5 23
410.9 50 5 23
410.95 50 5 23
411 50 5 23
411.05 50 5 23
411.1 50 5 23
411.15 50 5 23
411.2 50 5 23
411.25 50 5 23
411.3 50 5 23
411.35 50 5 23
411.4 50 5 23
411.45 50 5 23
411.5 50 5 23
411.55 50 5 23
411.6 50 5 23
411.65 50 5 23
411.7 50 5 23
411.75 50 5 23
411.8 50 5 23
411.85 50 5 23
411.9 50 5 23
411.95 50 5 23
412 50 5 23
412.05 50 5 23
412.1 50 5 23
412.15 50 5 23
412.2 50 5 23
412.25 50 5 23
412.3 50 5 23
412.35 50 5 23
412.4 50 5 23
412.45 50 5 23
412.5 50 5 23
412.55 50 5 23
412.6 50 5 23
412.65 50 5 23
412.7 50 5 23
412.75 50 5 23
412.8 50 5 23
412.85 50 5 23
412.9 50 5 23
412.95 50 5 23
413 50 5 23
413.05 50 5 23
413.1 50 5 23
413.15 50 5 23
413.2 50 5 23
413.25 50 5 23
413.3 50 5 23
413.35 50 5 23
413.4 50 5 23
413.45 50 5 23
413.5 50 5 23
413.55 50 5 23
413.6 50 5 23
413.65 50 5 23
413.7 50 5 23
413.75 50 5 23
413.8 50 5 23
413.85 50 5 23
413.9 50 5 23
413.95 50 5 23
414 50 5 23
414.05 50 5 23
414.1 50 5 23
414.15 50 5 23
414.2 50 5 23
414.25 50 5 23
414.3 50 5 23
414.35 50 5 23
414.4 50 5 23
414.45 50 5 23
414.5 50 5 23
414.55 50 5 23
414.6 50 5 23
414.65 50 5 23
414.7 50 5 23
414.75 50 5 23
414.8 50 5 23
414.85 50 5 23
414.9 50 5 23
414.95 50 5 23
415 50 5 23
415.05 50 5 23
415.1 50 5 23
415.15 50 5 23
415.2 50 5 23
415.25 50 5 23
415.3 50 5 23
415.35 50 5 23
415.4 50 5 23
415.45 50 5 23
415.5 50 5 23
415.55 50 5 23
415.6 50 5 23
415.65 50 5 23
415.7 50 5 23
415.75 50 5 23
415.8 50 5 23
415.85 50 5 23
415.9 50 5 23
415.95 50 5 23
416 50 5 23
416.05 50 5 23
416.1 50 5 23
416.15 50 5 23
416.2 50 5 23
416.25 50 5 23
416.3 50 5 23
416.35 50 5 23
416.4 50 5 23
416.45 50 5 23
416.5 50 5 23
416.55 50 5 23
416.6 50 5 23
416.65 50 5 23
416.7 50 5 23
416.75 50 5 23
416.8 50 5 23
416.85 50 5 23
416.9 50 5 23
416.95 50 5 23
417 50 5 23
417.05 50 5 23
417.1 50 5 23
417.15 50 5 23
417.2 50 5 23
417.25 50 5 23
417.3 50 5 23
417.35 50 5 23
417.4 50 5 23
417.45 50 5 23
417.5 50 5 23
417.55 50 5 23
417.6 50 5 23
417.65 50 5 23
417.7 50 5 23
417.75 50 5 23
417.8 50 5 23
417.85 50 5 23
417.9 50 5 23
417.95 50 5 23
418 50 5 23
418.05 50 5 23
418.1 50 5 23
418.15 50 5 23
418.2 50 5 23
418.25 50 5 23
418.3 50 5 23
418.35 50 5 23
418.4 50 5 23
418.45 50 5 23
418.5 50 5 23
418.55 50 5 23
418.6 50 5 23
418.65 50 5 23
418.7 50 5 23
418.75 50 5 23
418.8 50 5 23
418.85 50 5 23
418.9 50 5 23
418.95 50 5 23
419 50 5 23
419.05 50 5 23
419.1 50 5 23
419.15 50 5 23
419.2 50 5 23
419.25 50 5 23
419.3 50 5 23
419.35 50 5 23
419.4 50 5 23
419.45 50 5 23
419.5 50 5 23
419.55 50 5 23
419.6 50 5 23
419.65 50 5 23
419.7 50 5 23
419.75 50 5 23
419.8 50 5 23
419.85 50 5 23
419.9 50 5 23
419.95 50 5 23
420 50 5 23
420.05 50 5 23
420.1 50 5 23
420.15 50 5 23
420.2 50 5 23
420.25 50 5 23
420.3 50 5 23
420.35 50 5 23
420.4 50 5 23
420.45 50 5 23
420.5 50 5 23
420.55 50 5 23
420.6 50 5 23
420.65 50 5 23
420.7 50 5 23
420.75 50 5 23
420.8 50 5 23
420.85 50 5 23
420.9 50 5 23
420.95 50 5 23
421 50 5 23
421.05 50 5 23
421.1 50 5 23
421.15 50 5 23
421.2 50 5 23
421.25 50 5 23
421.3 50 5 23
421.35 50 5 23
421.4 50 5 23
421.45 50 5 23
421.5 50 5 23
421.55 50 5 23
421.6 50 5 23
421.65 50 5 23
421.7 50 5 23
421.75 50 5 23
421.8 50 5 23
421.85 50 5 23
421.9 50 5 23
421.95 50 5 23
422 50 5 23
422.05 50 5 23
422.1 50 5 23
422.15 50 5 23
422.2 50 5 23
422.25 50 5 23
422.3 50 5 23
422.35 50 5 23
422.4 50 5 23
422.45 50 5 23
422.5 50 5 23
422.55 50 5 23
422.6 50 5 23
422.65 50 5 23
422.7 50 5 23
422.75 50 5 23
422.8 50 5 23
422.85 50 5 23
422.9 50 5 23
422.95 50 5 23
423 50 5 23
423.05 50 5 23
423.1 50 5 23
423.15 50 5 23
423.2 50 5 23
423.25 50 5 23
423.3 50 5 23
423.35 50 5 23
423.4 50 5 23
423.45 50 5 23
423.5 50 5 23
423.55 50 5 23
423.6 50 5 23
423.65 50 5 23
423.7 50 5 23
423.75 50 5 23
423.8 50 5 23
423.85 50 5 23
423.9 50 5 23
423.95 50 5 23
424 50 5 23
424.05 50 5 23
424.1 50 5 23
424.15 50 5 23
424.2 50 5 23
424.25 50 5 23
424.3 50 5 23
424.35 50 5 23
424.4 50 5 23
424.45 50 5 23
424.5 50 5 23
424.55 50 5 23
424.6 50 5 23
424.65 50 5 23
424.7 50 5 23
424.75 50 5 23
424.8 50 5 23
424.85 50 5 23
424.9 50 5 23
424.95 50 5 23
425 50 5 23
425.05 50 5 23
425.1 50 5 23
425.15 50 5 23
425.2 50 5 23
425.25 50 5 23
425.3 50 5 23
425.35 50 5 23
425.4 50 5 23
425.45 50 5 23
425.5 50 5 23
425.55 50 5 23
425.6 50 5 23
425.65 50 5 23
425.7 50 5 23
425.75 50 5 23
425.8 50 5 23
425.85 50 5 23
425.9 50 5 23
425.95 50 5 23
426 50 5 23
426.05 50 5 23
426.1 50 5 23
426.15 50 5 23
426.2 50 5 23
426.25 50 5 23
426.3 50 5 23
426.35 50 5 23
426.4 50 5 23
426.45 50 5 23
426.5 50 5 23
426.55 50 5 23
426.6 50 5 23
426.65 50 5 23
426.7 50 5 23
426.75 50 5 23
426.8 50 5 23
426.85 50 5 23
426.9 50 5 23
426.95 50 5 23
427 50 5 23
427.05 50 5 23
427.1 50 5 23
427.15 50 5 23
427.2 50 5 23
427.25 50 5 23
427.3 50 5 23
427.35 50 5 23
427.4 50 5 23
427.45 50 5 23
427.5 50 5 23
427.55 50 5 23
427.6 50 5 23
427.65 50 5 23
427.7 50 5 23
427.75 50 5 23
427.8 50 5 23
427.85 50 5 23
427.9 50 5 23
427.95 50 5 23
428 50 5 23
428.05 50 5 23
428.1 50 5 23
428.15 50 5 23
428.2 50 5 23
428.25 50 5 23
428.3 50 5 23
428.35 50 5 23
428.4 50 5 23
428.45 50 5 23
428.5 50 5 23
428.55 50 5 23
428.6 50 5 23
428.65 50 5 23
428.7 50 5 23
428.75 50 5 23
428.8 50 5 23
428.85 50 5 23
428.9 50 5 23
428.95 50 5 23
429 50 5 23
429.05 50 5 23
429.1 50 5 23
429.15 50 5 23
429.2 50 5 23
429.25 50 5 23
429.3 50 5 23
429.35 50 5 23
429.4 50 5 23
429.45 50 5 23
429.5 50 5 23
429.55 50 5 23
429.6 50 5 23
429.65 50 5 23
429.7 50 5 23
429.75 50 5 23
429.8 50 5 23
429.85 50 5 23
429.9 50 5 23
429.95 50 5 23
430 50 5 23
430.05 50 5 23
430.1 50 5 23
430.15 50 5 23
430.2 50 5 23
430.25 50 5 23
430.3 50 5 23
430.35 50 5 23
430.4 50 5 23
430.45 50 5 23
430.5 50 5 23
430.55 50 5 23
430.6 50 5 23
430.65 50 5 23
430.7 50 5 23
430.75 50 5 23
430.8 50 5 23
430.85 50 5 23
430.9 50 5 23
430.95 50 5 23
431 50 5 23
431.05 50 5 23
431.1 50 5 23
431.15 50 5 23
431.2 50 5 23
431.25 50 5 23
431.3 50 5 23
431.35 50 5 23
431.4 50 5 23
431.45 50 5 23
431.5 50 5 23
431.55 50 5 23
431.6 50 5 23
431.65 50 5 23
431.7 50 5 23
431.75 50 5 23
431.8 50 5 23
431.85 50 5 23
431.9 50 5 23
431.95 50 5 23
432 50 5 23
432.05 50 5 23
432.1 50 5 23
432.15 50 5 23
432.2 50 5 23
432.25 50 5 23
432.3 50 5 23
432.35 50 5 23
432.4 50 5 23
432.45 50 5 23
432.5 50 5 23
432.55 50 5 23
432.6 50 5 23
432.65 50 5 23
432.7 50 5 23
432.75 50 5 23
432.8 50 5 23
432.85 50 5 23
432.9 50 5 23
432.95 50 5 23
433 50 5 23
433.05 50 5 23
433.1 50 5 23
433.15 50 5 23
433.2 50 5 23
433.25 50 5 23
433.3 50 5 23
433.35 50 5 23
433.4 50 5 23
433.45 50 5 23
433.5 50 5 23
433.55 50 5 23
433.6 50 5 23
433.65 50 5 23
433.7 50 5 23
433.75 50 5 23
433.8 50 5 23
433.85 50 5 23
433.9 50 5 23
433.95 50 5 23
434 50 5 23
434.05 50 5 23
434.1 50 5 23
434.15 50 5 23
434.2 50 5 23
434.25 50 5 23
434.3 50 5 23
434.35 50 5 23
434.4 50 5 23
434.45 50 5 23
434.5 50 5 23
434.55 50 5 23
434.6 50 5 23
434.65 50 5 23
434.7 50 5 23
434.75 50 5 23
434.8 50 5 23
434.85 50 5 23
434.9 50 5 23
434.95 50 5 23
435 50 5 23
435.05 50 5 23
435.1 50 5 23
435.15 50 5 23
435.2 50 5 23
435.25 50 5 23
435.3 50 5 23
435.35 50 5 23
435.4 50 5 23
435.45 50 5 23
435.5 50 5 23
435.55 50 5 23
435.6 50 5 23
435.65 50 5 23
435.7 50 5 23
435.75 50 5 23
435.8 50 5 23
435.85 50 5 23
435.9 50 5 23
435.95 50 5 23
436 50 5 23
436.05 50 5 23
436.1 50 5 23
436.15 50 5 23
436.2 50 5 23
436.25 50 5 23
436.3 50 5 23
436.35 50 5 23
436.4 50 5 23
436.45 50 5 23
436.5 50 5 23
436.55 50 5 23
436.6 50 5 23
436.65 50 5 23
436.7 50 5 23
436.75 50 5 23
436.8 50 5 23
436.85 50 5 23
436.9 50 5 23
436.95 50 5 23
437 50 5 23
437.05 50 5 23
437.1 50 5 23
437.15 50 5 23
437.2 50 5 23
437.25 50 5 23
437.3 50 5 23
437.35 50 5 23
437.4 50 5 23
437.45 50 5 23
437.5 50 5 23
437.55 50 5 23
437.6 50 5 23
437.65 50 5 23
437.7 50 5 23
437.75 50 5 23
437.8 50 5 23
437.85 50 5 23
437.9 50 5 23
437.95 50 5 23
438 50 5 23
438.05 50 5 23
438.1 50 5 23
438.15 50 5 23
438.2 50 5 23
438.25 50 5 23
438.3 50 5 23
438.35 50 5 23
438.4 50 5 23
438.45 50 5 23
438.5 50 5 23
438.55 50 5 23
438.6 50 5 23
438.65 50 5 23
438.7 50 5 23
438.75 50 5 23
438.8 50 5 23
438.85 50 5 23
438.9 50 5 23
438.95 50 5 23
439 50 5 23
439.05 50 5 23
439.1 50 5 23
439.15 50 5 23
439.2 50 5 23
439.25 50 5 23
439.3 50 5 23
439.35 50 5 23
439.4 50 5 23
439.45 50 5 23
439.5 50 5 23
439.55 50 5 23
439.6 50 5 23
439.65 50 5 23
439.7 50 5 23
439.75 50 5 23
439.8 50 5 23
439.85 50 5 23
439.9 50 5 23
439.95 50 5 23
440 50 5 23
440.05 50 5 23
440.1 50 5 23
440.15 50 5 23
440.2 50 5 23
440.25 50 5 23
440.3 50 5 23
440.35 50 5 23
440.4 50 5 23
440.45 50 5 23
440.5 50 5 23
440.55 50 5 23
440.6 50 5 23
440.65 50 5 23
440.7 50 5 23
440.75 50 5 23
440.8 50 5 23
440.85 50 5 23
440.9 50 5 23
440.95 50 5 23
441 50 5 23
441.05 50 5 23
441.1 50 5 23
441.15 50 5 23
441.2 50 5 23
441.25 50 5 23
441.3 50 5 23
441.35 50 5 23
441.4 50 5 23
441.45 50 5 23
441.5 50 5 23
441.55 50 5 23
441.6 50 5 23
441.65 50 5 23
441.7 50 5 23
441.75 50 5 23
441.8 50 5 23
441.85 50 5 23
441.9 50 5 23
441.95 50 5 23
442 50 5 23
442.05 50 5 23
442.1 50 5 23
442.15 50 5 23
442.2 50 5 23
442.25 50 5 23
442.3 50 5 23
442.35 50 5 23
442.4 50 5 23
442.45 50 5 23
442.5 50 5 23
442.55 50 5 23
442.6 50 5 23
442.65 50 5 23
442.7 50 5 23
442.75 50 5 23
442.8 50 5 23
442.85 50 5 23
442.9 50 5 23
442.95 50 5 23
443 50 5 23
443.05 50 5 23
443.1 50 5 23
443.15 50 5 23
443.2 50 5 23
443.25 50 5 23
443.3 50 5 23
443.35 50 5 23
443.4 50 5 23
443.45 50 5 23
443.5 50 5 23
443.55 50 5 23
443.6 50 5 23
443.65 50 5 23
443.7 50 5 23
443.75 50 5 23
443.8 50 5 23
443.85 50 5 23
443.9 50 5 23
443.95 50 5 23
444 50 5 23
444.05 50 5 23
444.1 50 5 23
444.15 50 5 23
444.2 50 5 23
444.25 50 5 23
444.3 50 5 23
444.35 50 5 23
444.4 50 5 23
444.45 50 5 23
444.5 50 5 23
444.55 50 5 23
444.6 50 5 23
444.65 50 5 23
444.7 50 5 23
444.75 50 5 23
444.8 50 5 23
444.85 50 5 23
444.9 50 5 23
444.95 50 5 23
445 50 5 23
445.05 50 5 23
445.1 50 5 23
445.15 50 5 23
445.2 50 5 23
445.25 50 5 23
445.3 50 5 23
445.35 50 5 23
445.4 50 5 23
445.45 50 5 23
445.5 50 5 23
445.55 50 5 23
445.6 50 5 23
445.65 50 5 23
445.7 50 5 23
445.75 50 5 23
445.8 50 5 23
445.85 50 5 23
445.9 50 5 23
445.95 50 5 23
446 50 5 23
446.05 50 5 23
446.1 50 5 23
446.15 50 5 23
446.2 50 5 23
446.25 50 5 23
446.3 50 5 23
446.35 50 5 23
446.4 50 5 23
446.45 50 5 23
446.5 50 5 23
446.55 50 5 23
446.6 50 5 23
446.65 50 5 23
446.7 50 5 23
446.75 50 5 23
446.8 50 5 23
446.85 50 5 23
446.9 50 5 23
446.95 50 5 23
447 50 5 23
447.05 50 5 23
447.1 50 5 23
447.15 50 5 23
447.2 50 5 23
447.25 50 5 23
447.3 50 5 23
447.35 50 5 23
447.4 50 5 23
447.45 50 5 23
447.5 50 5 23
447.55 50 5 23
447.6 50 5 23
447.65 50 5 23
447.7 50 5 23
447.75 50 5 23
447.8 50 5 23
447.85 50 5 23
447.9 50 5 23
447.95 50 5 23
448 50 5 23
448.05 50 5 23
448.1 50 5 23
448.15 50 5 23
448.2 50 5 23
448.25 50 5 23
448.3 50 5 23
448.35 50 5 23
448.4 50 5 23
448.45 50 5 23
448.5 50 5 23
448.55 50 5 23
448.6 50 5 23
448.65 50 5 23
448.7 50 5 23
448.75 50 5 23
448.8 50 5 23
448.85 50 5 23
448.9 50 5 23
448.95 50 5 23
449 50 5 23
449.05 50 5 23
449.1 50 5 23
449.15 50 5 23
449.2 50 5 23
449.25 50 5 23
449.3 50 5 23
449.35 50 5 23
449.4 50 5 23
449.45 50 5 23
449.5 50 5 23
449.55 50 5 23
449.6 50 5 23
449.65 50 5 23
449.7 50 5 23
449.75 50 5 23
449.8 50 5 23
449.85 50 5 23
449.9 50 5 23
449.95 50 5 23
450 50 5 23
450.05 50 5 23
450.1 50 5 23
450.15 50 5 23
450.2 50 5 23
450.25 50 5 23
450.3 50 5 23
450.35 50 5 23
450.4 50 5 23
450.45 50 5 23
450.5 50 5 23
450.55 50 5 23
450.6 50 5 23
450.65 50 5 23
450.7 50 5 23
450.75 50 5 23
450.8 50 5 23
450.85 50 5 23
450.9 50 5 23
450.95 50 5 23
451 50 5 23
451.05 50 5 23
451.1 50 5 23
451.15 50 5 23
451.2 50 5 23
451.25 50 5 23
451.3 50 5 23
451.35 50 5 23
451.4 50 5 23
451.45 50 5 23
451.5 50 5 23
451.55 50 5 23
451.6 50 5 23
451.65 50 5 23
451.7 50 5 23
451.75 50 5 23
451.8 50 5 23
451.85 50 5 23
451.9 50 5 23
451.95 50 5 23
452 50 5 23
452.05 50 5 23
452.1 50 5 23
452.15 50 5 23
452.2 50 5 23
452.25 50 5 23
452.3 50 5 23
452.35 50 5 23
452.4 50 5 23
452.45 50 5 23
452.5 50 5 23
452.55 50 5 23
452.6 50 5 23
452.65 50 5 23
452.7 50 5 23
452.75 50 5 23
452.8 50 5 23
452.85 50 5 23
452.9 50 5 23
452.95 50 5 23
453 50 5 23
453.05 50 5 23
453.1 50 5 23
453.15 50 5 23
453.2 50 5 23
453.25 50 5 23
453.3 50 5 23
453.35 50 5 23
453.4 50 5 23
453.45 50 5 23
453.5 50 5 23
453.55 50 5 23
453.6 50 5 23
453.65 50 5 23
453.7 50 5 23
453.75 50 5 23
453.8 50 5 23
453.85 50 5 23
453.9 50 5 23
453.95 50 5 23
454 50 5 23
454.05 50 5 23
454.1 50 5 23
454.15 50 5 23
454.2 50 5 23
454.25 50 5 23
454.3 50 5 23
454.35 50 5 23
454.4 50 5 23
454.45 50 5 23
454.5 50 5 23
454.55 50 5 23
454.6 50 5 23
454.65 50 5 23
454.7 50 5 23
454.75 50 5 23
454.8 50 5 23
454.85 50 5 23
454.9 50 5 23
454.95 50 5 23
455 50 5 23
455.05 50 5 23
455.1 50 5 23
455.15 50 5 23
455.2 50 5 23
455.25 50 5 23
455.3 50 5 23
455.35 50 5 23
455.4 50 5 23
455.45 50 5 23
455.5 50 5 23
455.55 50 5 23
455.6 50 5 23
455.65 50 5 23
455.7 50 5 23
455.75 50 5 23
455.8 50 5 23
455.85 50 5 23
455.9 50 5 23
455.95 50 5 23
456 50 5 23
456.05 50 5 23
456.1 50 5 23
456.15 50 5 23
456.2 50 5 23
456.25 50 5 23
456.3 50 5 23
456.35 50 5 23
456.4 50 5 23
456.45 50 5 23
456.5 50 5 23
456.55 50 5 23
456.6 50 5 23
456.65 50 5 23
456.7 50 5 23
456.75 50 5 23
456.8 50 5 23
456.85 50 5 23
456.9 50 5 23
456.95 50 5 23
457 50 5 23
457.05 50 5 23
457.1 50 5 23
457.15 50 5 23
457.2 50 5 23
457.25 50 5 23
457.3 50 5 23
457.35 50 5 23
457.4 50 5 23
457.45 50 5 23
457.5 50 5 23
457.55 50 5 23
457.6 50 5 23
457.65 50 5 23
457.7 50 5 23
457.75 50 5 23
457.8 50 5 23
457.85 50 5 23
457.9 50 5 23
457.95 50 5 23
458 50 5 23
458.05 50 5 23
458.1 50 5 23
458.15 50 5 23
458.2 50 5 23
458.25 50 5 23
458.3 50 5 23
458.35 50 5 23
458.4 50 5 23
458.45 50 5 23
458.5 50 5 23
458.55 50 5 23
458.6 50 5 23
458.65 50 5 23
458.7 50 5 23
458.75 50 5 23
458.8 50 5 23
458.85 50 5 23
458.9 50 5 23
458.95 50 5 23
459 50 5 23
459.05 50 5 23
459.1 50 5 23
459.15 50 5 23
459.2 50 5 23
459.25 50 5 23
459.3 50 5 23
459.35 50 5 23
459.4 50 5 23
459.45 50 5 23
459.5 50 5 23
459.55 50 5 23
459.6 50 5 23
459.65 50 5 23
459.7 50 5 23
459.75 50 5 23
459.8 50 5 23
459.85 50 5 23
459.9 50 5 23
459.95 50 5 23
460 50 5 23
460.05 50 5 23
460.1 50 5 23
460.15 50 5 23
460.2 50 5 23
460.25 50 5 23
460.3 50 5 23
460.35 50 5 23
460.4 50 5 23
460.45 50 5 23
460.5 50 5 23
460.55 50 5 23
460.6 50 5 23
460.65 50 5 23
460.7 50 5 23
460.75 50 5 23
460.8 50 5 23
460.85 50 5 23
460.9 50 5 23
460.95 50 5 23
461 50 5 23
461.05 50 5 23
461.1 50 5 23
461.15 50 5 23
461.2 50 5 23
461.25 50 5 23
461.3 50 5 23
461.35 50 5 23
461.4 50 5 23
461.45 50 5 23
461.5 50 5 23
461.55 50 5 23
461.6 50 5 23
461.65 50 5 23
461.7 50 5 23
461.75 50 5 23
461.8 50 5 23
461.85 50 5 23
461.9 50 5 23
461.95 50 5 23
462 50 5 23
462.05 50 5 23
462.1 50 5 23
462.15 50 5 23
462.2 50 5 23
462.25 50 5 23
462.3 50 5 23
462.35 50 5 23
462.4 50 5 23
462.45 50 5 23
462.5 50 5 23
462.55 50 5 23
462.6 50 5 23
462.65 50 5 23
462.7 50 5 23
462.75 50 5 23
462.8 50 5 23
462.85 50 5 23
462.9 50 5 23
462.95 50 5 23
463 50 5 23
463.05 50 5 23
463.1 50 5 23
463.15 50 5 23
463.2 50 5 23
463.25 50 5 23
463.3 50 5 23
463.35 50 5 23
463.4 50 5 23
463.45 50 5 23
463.5 50 5 23
463.55 50 5 23
463.6 50 5 23
463.65 50 5 23
463.7 50 5 23
463.75 50 5 23
463.8 50 5 23
463.85 50 5 23
463.9 50 5 23
463.95 50 5 23
464 50 5 23
464.05 50 5 23
464.1 50 5 23
464.15 50 5 23
464.2 50 5 23
464.25 50 5 23
464.3 50 5 23
464.35 50 5 23
464.4 50 5 23
464.45 50 5 23
464.5 50 5 23
464.55 50 5 23
464.6 50 5 23
464.65 50 5 23
464.7 50 5 23
464.75 50 5 23
464.8 50 5 23
464.85 50 5 23
464.9 50 5 23
464.95 50 5 23
465 50 5 23
465.05 50 5 23
465.1 50 5 23
465.15 50 5 23
465.2 50 5 23
465.25 50 5 23
465.3 50 5 23
465.35 50 5 23
465.4 50 5 23
465.45 50 5 23
465.5 50 5 23
465.55 50 5 23
465.6 50 5 23
465.65 50 5 23
465.7 50 5 23
465.75 50 5 23
465.8 50 5 23
465.85 50 5 23
465.9 50 5 23
465.95 50 5 23
466 50 5 23
466.05 50 5 23
466.1 50 5 23
466.15 50 5 23
466.2 50 5 23
466.25 50 5 23
466.3 50 5 23
466.35 50 5 23
466.4 50 5 23
466.45 50 5 23
466.5 50 5 23
466.55 50 5 23
466.6 50 5 23
466.65 50 5 23
466.7 50 5 23
466.75 50 5 23
466.8 50 5 23
466.85 50 5 23
466.9 50 5 23
466.95 50 5 23
467 50 5 23
467.05 50 5 23
467.1 50 5 23
467.15 50 5 23
467.2 50 5 23
467.25 50 5 23
467.3 50 5 23
467.35 50 5 23
467.4 50 5 23
467.45 50 5 23
467.5 50 5 23
467.55 50 5 23
467.6 50 5 23
467.65 50 5 23
467.7 50 5 23
467.75 50 5 23
467.8 50 5 23
467.85 50 5 23
467.9 50 5 23
467.95 50 5 23
468 50 5 23
468.05 50 5 23
468.1 50 5 23
468.15 50 5 23
468.2 50 5 23
468.25 50 5 23
468.3 50 5 23
468.35 50 5 23
468.4 50 5 23
468.45 50 5 23
468.5 50 5 23
468.55 50 5 23
468.6 50 5 23
468.65 50 5 23
468.7 50 5 23
468.75 50 5 23
468.8 50 5 23
468.85 50 5 23
468.9 50 5 23
468.95 50 5 23
469 50 5 23
469.05 50 5 23
469.1 50 5 23
469.15 50 5 23
469.2 50 5 23
469.25 50 5 23
469.3 50 5 23
469.35 50 5 23
469.4 50 5 23
469.45 50 5 23
469.5 50 5 23
469.55 50 5 23
469.6 50 5 23
469.65 50 5 23
469.7 50 5 23
469.75 50 5 23
469.8 50 5 23
469.85 50 5 23
469.9 50 5 23
469.95 50 5 23
470 50 5 23
470.05 50 5 23
470.1 50 5 23
470.15 50 5 23
470.2 50 5 23
470.25 50 5 23
470.3 50 5 23
470.35 50 5 23
470.4 50 5 23
470.45 50 5 23
470.5 50 5 23
470.55 50 5 23
470.6 50 5 23
470.65 50 5 23
470.7 50 5 23
470.75 50 5 23
470.8 50 5 23
470.85 50 5 23
470.9 50 5 23
470.95 50 5 23
471 50 5 23
471.05 50 5 23
471.1 50 5 23
471.15 50 5 23
471.2 50 5 23
471.25 50 5 23
471.3 50 5 23
471.35 50 5 23
471.4 50 5 23
471.45 50 5 23
471.5 50 5 23
471.55 50 5 23
471.6 50 5 23
471.65 50 5 23
471.7 50 5 23
471.75 50 5 23
471.8 50 5 23
471.85 50 5 23
471.9 50 5 23
471.95 50 5 23
472 50 5 23
472.05 50 5 23
472.1 50 5 23
472.15 50 5 23
472.2 50 5 23
472.25 50 5 23
472.3 50 5 23
472.35 50 5 23
472.4 50 5 23
472.45 50 5 23
472.5 50 5 23
472.55 50 5 23
472.6 50 5 23
472.65 50 5 23
472.7 50 5 23
472.75 50 5 23
472.8 50 5 23
472.85 50 5 23
472.9 50 5 23
472.95 50 5 23
473 50 5 23
473.05 50 5 23
473.1 50 5 23
473.15 50 5 23
473.2 50 5 23
473.25 50 5 23
473.3 50 5 23
473.35 50 5 23
473.4 50 5 23
473.45 50 5 23
473.5 50 5 23
473.55 50 5 23
473.6 50 5 23
473.65 50 5 23
473.7 50 5 23
473.75 50 5 23
473.8 50 5 23
473.85 50 5 23
473.9 50 5 23
473.95 50 5 23
474 50 5 23
474.05 50 5 23
474.1 50 5 23
474.15 50 5 23
474.2 50 5 23
474.25 50 5 23
474.3 50 5 23
474.35 50 5 23
474.4 50 5 23
474.45 50 5 23
474.5 50 5 23
474.55 50 5 23
474.6 50 5 23
474.65 50 5 23
474.7 50 5 23
474.75 50 5 23
474.8 50 5 23
474.85 50 5 23
474.9 50 5 23
474.95 50 5 23
475 50 5 23
475.05 50 5 23
475.1 50 5 23
475.15 50 5 23
475.2 50 5 23
475.25 50 5 23
475.3 50 5 23
475.35 50 5 23
475.4 50 5 23
475.45 50 5 23
475.5 50 5 23
475.55 50 5 23
475.6 50 5 23
475.65 50 5 23
475.7 50 5 23
475.75 50 5 23
475.8 50 5 23
475.85 50 5 23
475.9 50 5 23
475.95 50 5 23
476 50 5 23
476.05 50 5 23
476.1 50 5 23
476.15 50 5 23
476.2 50 5 23
476.25 50 5 23
476.3 50 5 23
476.35 50 5 23
476.4 50 5 23
476.45 50 5 23
476.5 50 5 23
476.55 50 5 23
476.6 50 5 23
476.65 50 5 23
476.7 50 5 23
476.75 50 5 23
476.8 50 5 23
476.85 50 5 23
476.9 50 5 23
476.95 50 5 23
477 50 5 23
477.05 50 5 23
477.1 50 5 23
477.15 50 5 23
477.2 50 5 23
477.25 50 5 23
477.3 50 5 23
477.35 50 5 23
477.4 50 5 23
477.45 50 5 23
477.5 50 5 23
477.55 50 5 23
477.6 50 5 23
477.65 50 5 23
477.7 50 5 23
477.75 50 5 23
477.8 50 5 23
477.85 50 5 23
477.9 50 5 23
477.95 50 5 23
478 50 5 23
478.05 50 5 23
478.1 50 5 23
478.15 50 5 23
478.2 50 5 23
478.25 50 5 23
478.3 50 5 23
478.35 50 5 23
478.4 50 5 23
478.45 50 5 23
478.5 50 5 23
478.55 50 5 23
478.6 50 5 23
478.65 50 5 23
478.7 50 5 23
478.75 50 5 23
478.8 50 5 23
478.85 50 5 23
478.9 50 5 23
478.95 50 5 23
479 50 5 23
479.05 50 5 23
479.1 50 5 23
479.15 50 5 23
479.2 50 5 23
479.25 50 5 23
479.3 50 5 23
479.35 50 5 23
479.4 50 5 23
479.45 50 5 23
479.5 50 5 23
479.55 50 5 23
479.6 50 5 23
479.65 50 5 23
479.7 50 5 23
479.75 50 5 23
479.8 50 5 23
479.85 50 5 23
479.9 50 5 23
479.95 50 5 23
480 50 5 23
480.05 50 5 23
480.1 50 5 23
480.15 50 5 23
480.2 50 5 23
480.25 50 5 23
480.3 50 5 23
480.35 50 5 23
480.4 50 5 23
480.45 50 5 23
480.5 50 5 23
480.55 50 5 23
480.6 50 5 23
480.65 50 5 23
480.7 50 5 23
480.75 50 5 23
480.8 50 5 23
480.85 50 5 23
480.9 50 5 23
480.95 50 5 23
481 50 5 23
481.05 50 5 23
481.1 50 5 23
481.15 50 5 23
481.2 50 5 23
481.25 50 5 23
481.3 50 5 23
481.35 50 5 23
481.4 50 5 23
481.45 50 5 23
481.5 50 5 23
481.55 50 5 23
481.6 50 5 23
481.65 50 5 23
481.7 50 5 23
481.75 50 5 23
481.8 50 5 23
481.85 50 5 23
481.9 50 5 23
481.95 50 5 23
482 50 5 23
482.05 50 5 23
482.1 50 5 23
482.15 50 5 23
482.2 50 5 23
482.25 50 5 23
482.3 50 5 23
482.35 50 5 23
482.4 50 5 23
482.45 50 5 23
482.5 50 5 23
482.55 50 5 23
482.6 50 5 23
482.65 50 5 23
482.7 50 5 23
482.75 50 5 23
482.8 50 5 23
482.85 50 5 23
482.9 50 5 23
482.95 50 5 23
483 50 5 23
483.05 50 5 23
483.1 50 5 23
483.15 50 5 23
483.2 50 5 23
483.25 50 5 23
483.3 50 5 23
483.35 50 5 23
483.4 50 5 23
483.45 50 5 23
483.5 50 5 23
483.55 50 5 23
483.6 50 5 23
483.65 50 5 23
483.7 50 5 23
483.75 50 5 23
483.8 50 5 23
483.85 50 5 23
483.9 50 5 23
483.95 50 5 23
484 50 5 23
484.05 50 5 23
484.1 50 5 23
484.15 50 5 23
484.2 50 5 23
484.25 50 5 23
484.3 50 5 23
484.35 50 5 23
484.4 50 5 23
484.45 50 5 23
484.5 50 5 23
484.55 50 5 23
484.6 50 5 23
484.65 50 5 23
484.7 50 5 23
484.75 50 5 23
484.8 50 5 23
484.85 50 5 23
484.9 50 5 23
484.95 50 5 23
485 50 5 23
485.05 50 5 23
485.1 50 5 23
485.15 50 5 23
485.2 50 5 23
485.25 50 5 23
485.3 50 5 23
485.35 50 5 23
485.4 50 5 23
485.45 50 5 23
485.5 50 5 23
485.55 50 5 23
485.6 50 5 23
485.65 50 5 23
485.7 50 5 23
485.75 50 5 23
485.8 50 5 23
485.85 50 5 23
485.9 50 5 23
485.95 50 5 23
486 50 5 23
486.05 50 5 23
486.1 50 5 23
486.15 50 5 23
486.2 50 5 23
486.25 50 5 23
486.3 50 5 23
486.35 50 5 23
486.4 50 5 23
486.45 50 5 23
486.5 50 5 23
486.55 50 5 23
486.6 50 5 23
486.65 50 5 23
486.7 50 5 23
486.75 50 5 23
486.8 50 5 23
486.85 50 5 23
486.9 50 5 23
486.95 50 5 23
487 50 5 23
487.05 50 5 23
487.1 50 5 23
487.15 50 5 23
487.2 50 5 23
487.25 50 5 23
487.3 50 5 23
487.35 50 5 23
487.4 50 5 23
487.45 50 5 23
487.5 50 5 23
487.55 50 5 23
487.6 50 5 23
487.65 50 5 23
487.7 50 5 23
487.75 50 5 23
487.8 50 5 23
487.85 50 5 23
487.9 50 5 23
487.95 50 5 23
488 50 5 23
488.05 50 5 23
488.1 50 5 23
488.15 50 5 23
488.2 50 5 23
488.25 50 5 23
488.3 50 5 23
488.35 50 5 23
488.4 50 5 23
488.45 50 5 23
488.5 50 5 23
488.55 50 5 23
488.6 50 5 23
488.65 50 5 23
488.7 50 5 23
488.75 50 5 23
488.8 50 5 23
488.85 50 5 23
488.9 50 5 23
488.95 50 5 23
489 50 5 23
489.05 50 5 23
489.1 50 5 23
489.15 50 5 23
489.2 50 5 23
489.25 50 5 23
489.3 50 5 23
489.35 50 5 23
489.4 50 5 23
489.45 50 5 23
489.5 50 5 23
489.55 50 5 23
489.6 50 5 23
489.65 50 5 23
489.7 50 5 23
489.75 50 5 23
489.8 50 5 23
489.85 50 5 23
489.9 50 5 23
489.95 50 5 23
490 50 5 23
490.05 50 5 23
490.1 50 5 23
490.15 50 5 23
490.2 50 5 23
490.25 50 5 23
490.3 50 5 23
490.35 50 5 23
490.4 50 5 23
490.45 50 5 23
490.5 50 5 23
490.55 50 5 23
490.6 50 5 23
490.65 50 5 23
490.7 50 5 23
490.75 50 5 23
490.8 50 5 23
490.85 50 5 23
490.9 50 5 23
490.95 50 5 23
491 50 5 23
491.05 50 5 23
491.1 50 5 23
491.15 50 5 23
491.2 50 5 23
491.25 50 5 23
491.3 50 5 23
491.35 50 5 23
491.4 50 5 23
491.45 50 5 23
491.5 50 5 23
491.55 50 5 23
491.6 50 5 23
491.65 50 5 23
491.7 50 5 23
491.75 50 5 23
491.8 50 5 23
491.85 50 5 23
491.9 50 5 23
491.95 50 5 23
492 50 5 23
492.05 50 5 23
492.1 50 5 23
492.15 50 5 23
492.2 50 5 23
492.25 50 5 23
492.3 50 5 23
492.35 50 5 23
492.4 50 5 23
492.45 50 5 23
492.5 50 5 23
492.55 50 5 23
492.6 50 5 23
492.65 50 5 23
492.7 50 5 23
492.75 50 5 23
492.8 50 5 23
492.85 50 5 23
492.9 50 5 23
492.95 50 5 23
493 50 5 23
493.05 50 5 23
493.1 50 5 23
493.15 50 5 23
493.2 50 5 23
493.25 50 5 23
493.3 50 5 23
493.35 50 5 23
493.4 50 5 23
493.45 50 5 23
493.5 50 5 23
493.55 50 5 23
493.6 50 5 23
493.65 50 5 23
493.7 50 5 23
493.75 50 5 23
493.8 50 5 23
493.85 50 5 23
493.9 50 5 23
493.95 50 5 23
494 50 5 23
494.05 50 5 23
494.1 50 5 23
494.15 50 5 23
494.2 50 5 23
494.25 50 5 23
494.3 50 5 23
494.35 50 5 23
494.4 50 5 23
494.45 50 5 23
494.5 50 5 23
494.55 50 5 23
494.6 50 5 23
494.65 50 5 23
494.7 50 5 23
494.75 50 5 23
494.8 50 5 23
494.85 50 5 23
494.9 50 5 23
494.95 50 5 23
495 50 5 23
495.05 50 5 23
495.1 50 5 23
495.15 50 5 23
495.2 50 5 23
495.25 50 5 23
495.3 50 5 23
495.35 50 5 23
495.4 50 5 23
495.45 50 5 23
495.5 50 5 23
495.55 50 5 23
495.6 50 5 23
495.65 50 5 23
495.7 50 5 23
495.75 50 5 23
495.8 50 5 23
495.85 50 5 23
495.9 50 5 23
495.95 50 5 23
496 50 5 23
496.05 50 5 23
496.1 50 5 23
496.15 50 5 23
496.2 50 5 23
496.25 50 5 23
496.3 50 5 23
496.35 50 5 23
496.4 50 5 23
496.45 50 5 23
496.5 50 5 23
496.55 50 5 23
496.6 50 5 23
496.65 50 5 23
496.7 50 5 23
496.75 50 5 23
496.8 50 5 23
496.85 50 5 23
496.9 50 5 23
496.95 50 5 23
497 50 5 23
497.05 50 5 23
497.1 50 5 23
497.15 50 5 23
497.2 50 5 23
497.25 50 5 23
497.3 50 5 23
497.35 50 5 23
497.4 50 5 23
497.45 50 5 23
497.5 50 5 23
497.55 50 5 23
497.6 50 5 23
497.65 50 5 23
497.7 50 5 23
497.75 50 5 23
497.8 50 5 23
497.85 50 5 23
497.9 50 5 23
497.95 50 5 23
498 50 5 23
498.05 50 5 23
498.1 50 5 23
498.15 50 5 23
498.2 50 5 23
498.25 50 5 23
498.3 50 5 23
498.35 50 5 23
498.4 50 5 23
498.45 50 5 23
498.5 50 5 23
498.55 50 5 23
498.6 50 5 23
498.65 50 5 23
498.7 50 5 23
498.75 50 5 23
498.8 50 5 23
498.85 50 5 23
498.9 50 5 23
498.95 50 5 23
499 50 5 23
499.05 50 5 23
499.1 50 5 23
499.15 50 5 23
499.2 50 5 23
499.25 50 5 23
499.3 50 5 23
499.35 50 5 23
499.4 50 5 23
499.45 50 5 23
499.5 50 5 23
499.55 50 5 23
499.6 50 5 23
499.65 50 5 23
499.7 50 5 23
499.75 50 5 23
499.8 50 5 23
499.85 50 5 23
499.9 50 5 23
499.95 50 5 23
