Time nR nF
0 400 400
0.01 395.207 402.771
0.02 390.428 405.484
0.03 385.666 408.137
0.04 380.922 410.729
0.05 376.197 413.26
0.06 371.494 415.728
0.07 366.814 418.132
0.08 362.159 420.471
0.09 357.53 422.745
0.1 352.928 424.953
0.11 348.356 427.094
0.12 343.813 429.168
0.13 339.302 431.173
0.14 334.824 433.11
0.15 330.38 434.978
0.16 325.971 436.777
0.17 321.598 438.507
0.18 317.262 440.166
0.19 312.965 441.755
0.2 308.706 443.275
0.21 304.487 444.724
0.22 300.309 446.103
0.23 296.172 447.411
0.24 292.078 448.65
0.25 288.026 449.819
0.26 284.017 450.918
0.27 280.053 451.948
0.28 276.132 452.909
0.29 272.257 453.801
0.3 268.427 454.625
0.31 264.642 455.38
0.32 260.903 456.069
0.33 257.21 456.691
0.34 253.563 457.246
0.35 249.963 457.736
0.36 246.41 458.16
0.37 242.903 458.521
0.38 239.443 458.817
0.39 236.03 459.051
0.4 232.663 459.222
0.41 229.343 459.333
0.42 226.07 459.382
0.43 222.844 459.372
0.44 219.663 459.303
0.45 216.53 459.177
0.46 213.442 458.993
0.47 210.4 458.752
0.48 207.403 458.457
0.49 204.452 458.107
0.5 201.546 457.704
0.51 198.684 457.249
0.52 195.867 456.742
0.53 193.094 456.185
0.54 190.365 455.578
0.55 187.679 454.923
0.56 185.036 454.22
0.57 182.435 453.471
0.58 179.877 452.676
0.59 177.36 451.837
0.6 174.885 450.954
0.61 172.45 450.029
0.62 170.055 449.063
0.63 167.701 448.056
0.64 165.386 447.009
0.65 163.109 445.924
0.66 160.872 444.802
0.67 158.672 443.643
0.68 156.509 442.448
0.69 154.384 441.219
0.7 152.295 439.956
0.71 150.242 438.66
0.72 148.224 437.333
0.73 146.242 435.974
0.74 144.293 434.586
0.75 142.379 433.169
0.76 140.498 431.723
0.77 138.65 430.25
0.78 136.835 428.751
0.79 135.052 427.227
0.8 133.299 425.677
0.81 131.578 424.104
0.82 129.888 422.508
0.83 128.227 420.89
0.84 126.596 419.25
0.85 124.994 417.589
0.86 123.42 415.909
0.87 121.874 414.21
0.88 120.356 412.492
0.89 118.865 410.757
0.9 117.401 409.005
0.91 115.963 407.236
0.92 114.551 405.453
0.93 113.164 403.654
0.94 111.801 401.841
0.95 110.464 400.015
0.96 109.15 398.176
0.97 107.86 396.325
0.98 106.593 394.462
0.99 105.349 392.589
1 104.127 390.705
1.01 102.927 388.811
1.02 101.749 386.908
1.03 100.592 384.996
1.04 99.4551 383.076
1.05 98.3391 381.149
1.06 97.2432 379.214
1.07 96.1669 377.273
1.08 95.1099 375.326
1.09 94.0719 373.373
1.1 93.0524 371.415
1.11 92.0513 369.453
1.12 91.0681 367.486
1.13 90.1024 365.516
1.14 89.1541 363.542
1.15 88.2227 361.565
1.16 87.3079 359.586
1.17 86.4094 357.604
1.18 85.527 355.621
1.19 84.6603 353.636
1.2 83.8091 351.651
1.21 82.973 349.664
1.22 82.1518 347.678
1.23 81.3451 345.691
1.24 80.5528 343.705
1.25 79.7746 341.72
1.26 79.0101 339.735
1.27 78.2592 337.752
1.28 77.5215 335.77
1.29 76.7969 333.79
1.3 76.0851 331.813
1.31 75.3858 329.838
1.32 74.6989 327.865
1.33 74.024 325.895
1.34 73.3611 323.929
1.35 72.7098 321.966
1.36 72.0699 320.006
1.37 71.4412 318.051
1.38 70.8236 316.099
1.39 70.2168 314.152
1.4 69.6205 312.209
1.41 69.0348 310.271
1.42 68.4592 308.338
1.43 67.8937 306.41
1.44 67.338 304.487
1.45 66.792 302.569
1.46 66.2556 300.658
1.47 65.7284 298.751
1.48 65.2104 296.851
1.49 64.7014 294.957
1.5 64.2013 293.069
1.51 63.7098 291.187
1.52 63.2268 289.311
1.53 62.7521 287.443
1.54 62.2857 285.58
1.55 61.8274 283.725
1.56 61.3769 281.877
1.57 60.9343 280.035
1.58 60.4993 278.201
1.59 60.0717 276.374
1.6 59.6516 274.555
1.61 59.2387 272.743
1.62 58.8329 270.938
1.63 58.4341 269.141
1.64 58.0422 267.352
1.65 57.657 265.57
1.66 57.2785 263.796
1.67 56.9064 262.031
1.68 56.5408 260.273
1.69 56.1814 258.523
1.7 55.8283 256.781
1.71 55.4812 255.048
1.72 55.14 253.322
1.73 54.8048 251.605
1.74 54.4753 249.897
1.75 54.1515 248.196
1.76 53.8333 246.504
1.77 53.5205 244.821
1.78 53.2132 243.146
1.79 52.9111 241.479
1.8 52.6143 239.821
1.81 52.3226 238.172
1.82 52.0359 236.531
1.83 51.7542 234.899
1.84 51.4773 233.276
1.85 51.2053 231.661
1.86 50.938 230.055
1.87 50.6753 228.457
1.88 50.4172 226.869
1.89 50.1636 225.289
1.9 49.9144 223.718
1.91 49.6695 222.155
1.92 49.4289 220.602
1.93 49.1926 219.057
1.94 48.9604 217.521
1.95 48.7323 215.993
1.96 48.5082 214.475
1.97 48.288 212.965
1.98 48.0717 211.464
1.99 47.8593 209.972
2 47.6507 208.489
2.01 47.4457 207.014
2.02 47.2445 205.548
2.03 47.0468 204.091
2.04 46.8527 202.643
2.05 46.6621 201.203
2.06 46.4749 199.772
2.07 46.2911 198.35
2.08 46.1106 196.936
2.09 45.9335 195.531
2.1 45.7596 194.135
2.11 45.5889 192.748
2.12 45.4213 191.369
2.13 45.2568 189.998
2.14 45.0954 188.637
2.15 44.9371 187.283
2.16 44.7816 185.939
2.17 44.6292 184.603
2.18 44.4796 183.275
2.19 44.3328 181.956
2.2 44.1889 180.645
2.21 44.0477 179.343
2.22 43.9093 178.049
2.23 43.7735 176.763
2.24 43.6405 175.486
2.25 43.51 174.217
2.26 43.3821 172.957
2.27 43.2568 171.704
2.28 43.134 170.46
2.29 43.0136 169.224
2.3 42.8958 167.996
2.31 42.7803 166.777
2.32 42.6672 165.565
2.33 42.5565 164.362
2.34 42.4481 163.166
2.35 42.342 161.979
2.36 42.2381 160.799
2.37 42.1365 159.628
2.38 42.0371 158.464
2.39 41.9399 157.308
2.4 41.8448 156.16
2.41 41.7519 155.02
2.42 41.661 153.888
2.43 41.5723 152.763
2.44 41.4855 151.646
2.45 41.4009 150.537
2.46 41.3182 149.435
2.47 41.2374 148.341
2.48 41.1587 147.254
2.49 41.0818 146.175
2.5 41.0069 145.103
2.51 40.9339 144.039
2.52 40.8627 142.982
2.53 40.7934 141.933
2.54 40.7258 140.891
2.55 40.6601 139.856
2.56 40.5962 138.828
2.57 40.534 137.808
2.58 40.4736 136.795
2.59 40.4149 135.788
2.6 40.3579 134.789
2.61 40.3025 133.797
2.62 40.2489 132.812
2.63 40.1969 131.834
2.64 40.1465 130.863
2.65 40.0978 129.899
2.66 40.0506 128.942
2.67 40.005 127.991
2.68 39.961 127.048
2.69 39.9185 126.111
2.7 39.8776 125.18
2.71 39.8382 124.257
2.72 39.8003 123.34
2.73 39.7639 122.429
2.74 39.7289 121.525
2.75 39.6955 120.628
2.76 39.6634 119.737
2.77 39.6328 118.853
2.78 39.6037 117.975
2.79 39.5759 117.103
2.8 39.5495 116.238
2.81 39.5245 115.378
2.82 39.5009 114.526
2.83 39.4786 113.679
2.84 39.4577 112.838
2.85 39.4381 112.004
2.86 39.4198 111.176
2.87 39.4028 110.353
2.88 39.3871 109.537
2.89 39.3728 108.727
2.9 39.3597 107.923
2.91 39.3478 107.124
2.92 39.3372 106.331
2.93 39.3279 105.545
2.94 39.3198 104.764
2.95 39.3129 103.989
2.96 39.3072 103.219
2.97 39.3028 102.455
2.98 39.2995 101.697
2.99 39.2974 100.944
3 39.2965 100.197
3.01 39.2968 99.4557
3.02 39.2982 98.7197
3.03 39.3008 97.9891
3.04 39.3046 97.264
3.05 39.3094 96.5442
3.06 39.3154 95.8298
3.07 39.3225 95.1207
3.08 39.3308 94.4168
3.09 39.3401 93.7182
3.1 39.3505 93.0248
3.11 39.3621 92.3366
3.12 39.3747 91.6535
3.13 39.3884 90.9755
3.14 39.4031 90.3026
3.15 39.4189 89.6347
3.16 39.4358 88.9719
3.17 39.4537 88.3139
3.18 39.4727 87.6609
3.19 39.4927 87.0128
3.2 39.5137 86.3696
3.21 39.5358 85.7312
3.22 39.5588 85.0976
3.23 39.5829 84.4687
3.24 39.608 83.8446
3.25 39.6341 83.2252
3.26 39.6612 82.6104
3.27 39.6893 82.0003
3.28 39.7183 81.3948
3.29 39.7484 80.7938
3.3 39.7794 80.1974
3.31 39.8114 79.6055
3.32 39.8444 79.018
3.33 39.8783 78.435
3.34 39.9132 77.8564
3.35 39.949 77.2822
3.36 39.9858 76.7123
3.37 40.0235 76.1468
3.38 40.0621 75.5855
3.39 40.1017 75.0285
3.4 40.1423 74.4757
3.41 40.1837 73.9271
3.42 40.2261 73.3826
3.43 40.2694 72.8423
3.44 40.3136 72.3061
3.45 40.3587 71.774
3.46 40.4047 71.2459
3.47 40.4516 70.7218
3.48 40.4994 70.2018
3.49 40.5482 69.6856
3.5 40.5978 69.1735
3.51 40.6483 68.6652
3.52 40.6997 68.1608
3.53 40.7519 67.6602
3.54 40.8051 67.1635
3.55 40.8591 66.6705
3.56 40.914 66.1813
3.57 40.9698 65.6958
3.58 41.0265 65.2141
3.59 41.084 64.736
3.6 41.1424 64.2616
3.61 41.2016 63.7908
3.62 41.2617 63.3236
3.63 41.3227 62.86
3.64 41.3845 62.3999
3.65 41.4472 61.9434
3.66 41.5107 61.4903
3.67 41.5751 61.0408
3.68 41.6403 60.5946
3.69 41.7063 60.1519
3.7 41.7732 59.7126
3.71 41.841 59.2766
3.72 41.9095 58.844
3.73 41.9789 58.4147
3.74 42.0492 57.9887
3.75 42.1203 57.566
3.76 42.1922 57.1465
3.77 42.2649 56.7302
3.78 42.3385 56.3172
3.79 42.4129 55.9073
3.8 42.4881 55.5005
3.81 42.5641 55.0969
3.82 42.641 54.6964
3.83 42.7187 54.2989
3.84 42.7972 53.9045
3.85 42.8765 53.5132
3.86 42.9566 53.1249
3.87 43.0376 52.7395
3.88 43.1193 52.3571
3.89 43.2019 51.9777
3.9 43.2853 51.6012
3.91 43.3695 51.2275
3.92 43.4545 50.8568
3.93 43.5404 50.4889
3.94 43.627 50.1238
3.95 43.7144 49.7616
3.96 43.8027 49.4022
3.97 43.8917 49.0455
3.98 43.9816 48.6915
3.99 44.0723 48.3403
4 44.1637 47.9919
4.01 44.256 47.646
4.02 44.3491 47.3029
4.03 44.443 46.9624
4.04 44.5377 46.6245
4.05 44.6332 46.2893
4.06 44.7295 45.9566
4.07 44.8266 45.6265
4.08 44.9244 45.299
4.09 45.0231 44.9739
4.1 45.1226 44.6514
4.11 45.2229 44.3314
4.12 45.324 44.0138
4.13 45.4259 43.6987
4.14 45.5286 43.386
4.15 45.6321 43.0758
4.16 45.7365 42.7679
4.17 45.8416 42.4624
4.18 45.9475 42.1593
4.19 46.0542 41.8585
4.2 46.1617 41.5601
4.21 46.27 41.2639
4.22 46.3791 40.9701
4.23 46.489 40.6785
4.24 46.5997 40.3891
4.25 46.7112 40.102
4.26 46.8235 39.8171
4.27 46.9367 39.5345
4.28 47.0506 39.254
4.29 47.1653 38.9756
4.3 47.2809 38.6995
4.31 47.3972 38.4254
4.32 47.5143 38.1535
4.33 47.6323 37.8837
4.34 47.751 37.616
4.35 47.8706 37.3503
4.36 47.991 37.0867
4.37 48.1121 36.8251
4.38 48.2341 36.5656
4.39 48.3569 36.308
4.4 48.4805 36.0525
4.41 48.6049 35.7989
4.42 48.7301 35.5473
4.43 48.8562 35.2976
4.44 48.983 35.0499
4.45 49.1107 34.8041
4.46 49.2392 34.5601
4.47 49.3685 34.3181
4.48 49.4986 34.078
4.49 49.6295 33.8397
4.5 49.7613 33.6032
4.51 49.8938 33.3686
4.52 50.0272 33.1357
4.53 50.1614 32.9047
4.54 50.2965 32.6755
4.55 50.4323 32.448
4.56 50.569 32.2223
4.57 50.7065 31.9984
4.58 50.8449 31.7762
4.59 50.984 31.5557
4.6 51.124 31.3369
4.61 51.2649 31.1198
4.62 51.4065 30.9043
4.63 51.549 30.6906
4.64 51.6924 30.4785
4.65 51.8365 30.268
4.66 51.9815 30.0592
4.67 52.1274 29.8519
4.68 52.2741 29.6463
4.69 52.4216 29.4423
4.7 52.57 29.2398
4.71 52.7192 29.0389
4.72 52.8692 28.8396
4.73 53.0202 28.6418
4.74 53.1719 28.4455
4.75 53.3245 28.2508
4.76 53.478 28.0575
4.77 53.6323 27.8658
4.78 53.7875 27.6755
4.79 53.9435 27.4867
4.8 54.1004 27.2993
4.81 54.2582 27.1134
4.82 54.4168 26.929
4.83 54.5763 26.746
4.84 54.7366 26.5643
4.85 54.8979 26.3841
4.86 55.06 26.2053
4.87 55.2229 26.0278
4.88 55.3867 25.8518
4.89 55.5515 25.6771
4.9 55.717 25.5037
4.91 55.8835 25.3317
4.92 56.0509 25.161
4.93 56.2191 24.9916
4.94 56.3882 24.8235
4.95 56.5582 24.6567
4.96 56.7291 24.4913
4.97 56.9009 24.327
4.98 57.0736 24.1641
4.99 57.2472 24.0024
5 57.4216 23.842
5.01 57.597 23.6828
5.02 57.7733 23.5248
5.03 57.9505 23.3681
5.04 58.1286 23.2125
5.05 58.3076 23.0582
5.06 58.4875 22.905
5.07 58.6683 22.7531
5.08 58.85 22.6023
5.09 59.0327 22.4526
5.1 59.2163 22.3041
5.11 59.4008 22.1568
5.12 59.5862 22.0106
5.13 59.7725 21.8655
5.14 59.9598 21.7216
5.15 60.148 21.5787
5.16 60.3371 21.437
5.17 60.5272 21.2963
5.18 60.7182 21.1568
5.19 60.9102 21.0183
5.2 61.1031 20.8809
5.21 61.297 20.7445
5.22 61.4918 20.6092
5.23 61.6875 20.4749
5.24 61.8842 20.3417
5.25 62.0819 20.2095
5.26 62.2805 20.0783
5.27 62.4801 19.9481
5.28 62.6806 19.8189
5.29 62.8822 19.6907
5.3 63.0846 19.5635
5.31 63.2881 19.4373
5.32 63.4925 19.3121
5.33 63.6979 19.1878
5.34 63.9043 19.0645
5.35 64.1117 18.9421
5.36 64.3201 18.8207
5.37 64.5294 18.7002
5.38 64.7398 18.5806
5.39 64.9511 18.4619
5.4 65.1635 18.3442
5.41 65.3768 18.2274
5.42 65.5911 18.1114
5.43 65.8065 17.9964
5.44 66.0229 17.8823
5.45 66.2402 17.769
5.46 66.4586 17.6566
5.47 66.678 17.545
5.48 66.8985 17.4343
5.49 67.1199 17.3245
5.5 67.3424 17.2155
5.51 67.5659 17.1074
5.52 67.7904 17.0001
5.53 68.016 16.8936
5.54 68.2426 16.7879
5.55 68.4703 16.683
5.56 68.699 16.579
5.57 68.9288 16.4757
5.58 69.1596 16.3733
5.59 69.3915 16.2716
5.6 69.6244 16.1707
5.61 69.8584 16.0706
5.62 70.0935 15.9713
5.63 70.3296 15.8727
5.64 70.5668 15.7748
5.65 70.8051 15.6778
5.66 71.0444 15.5815
5.67 71.2849 15.4859
5.68 71.5264 15.391
5.69 71.769 15.2969
5.7 72.0127 15.2035
5.71 72.2575 15.1108
5.72 72.5034 15.0189
5.73 72.7505 14.9276
5.74 72.9986 14.837
5.75 73.2478 14.7472
5.76 73.4981 14.658
5.77 73.7496 14.5695
5.78 74.0022 14.4817
5.79 74.2559 14.3946
5.8 74.5107 14.3081
5.81 74.7667 14.2223
5.82 75.0238 14.1372
5.83 75.282 14.0527
5.84 75.5414 13.9689
5.85 75.8019 13.8857
5.86 76.0636 13.8031
5.87 76.3264 13.7212
5.88 76.5904 13.6399
5.89 76.8556 13.5593
5.9 77.1219 13.4792
5.91 77.3894 13.3998
5.92 77.6581 13.321
5.93 77.9279 13.2428
5.94 78.1989 13.1652
5.95 78.4712 13.0882
5.96 78.7446 13.0117
5.97 79.0191 12.9359
5.98 79.2949 12.8607
5.99 79.5719 12.786
6 79.8501 12.7119
6.01 80.1295 12.6384
6.02 80.4101 12.5654
6.03 80.692 12.493
6.04 80.975 12.4212
6.05 81.2593 12.3499
6.06 81.5448 12.2792
6.07 81.8316 12.209
6.08 82.1195 12.1394
6.09 82.4088 12.0702
6.1 82.6992 12.0017
6.11 82.991 11.9336
6.12 83.2839 11.8661
6.13 83.5782 11.7991
6.14 83.8737 11.7326
6.15 84.1704 11.6666
6.16 84.4685 11.6012
6.17 84.7678 11.5362
6.18 85.0684 11.4717
6.19 85.3703 11.4078
6.2 85.6734 11.3443
6.21 85.9779 11.2813
6.22 86.2837 11.2188
6.23 86.5907 11.1568
6.24 86.8991 11.0953
6.25 87.2088 11.0342
6.26 87.5198 10.9737
6.27 87.8321 10.9135
6.28 88.1458 10.8539
6.29 88.4608 10.7947
6.3 88.7771 10.736
6.31 89.0947 10.6777
6.32 89.4137 10.6199
6.33 89.7341 10.5625
6.34 90.0558 10.5056
6.35 90.3788 10.4491
6.36 90.7033 10.3931
6.37 91.029 10.3374
6.38 91.3562 10.2823
6.39 91.6848 10.2275
6.4 92.0147 10.1732
6.41 92.346 10.1193
6.42 92.6787 10.0658
6.43 93.0128 10.0127
6.44 93.3483 9.96007
6.45 93.6852 9.90782
6.46 94.0235 9.85598
6.47 94.3632 9.80455
6.48 94.7044 9.75352
6.49 95.047 9.70288
6.5 95.391 9.65264
6.51 95.7365 9.60279
6.52 96.0833 9.55334
6.53 96.4317 9.50427
6.54 96.7815 9.45558
6.55 97.1327 9.40728
6.56 97.4854 9.35935
6.57 97.8396 9.3118
6.58 98.1953 9.26462
6.59 98.5524 9.21781
6.6 98.911 9.17137
6.61 99.2711 9.1253
6.62 99.6327 9.07959
6.63 99.9958 9.03424
6.64 100.36 8.98924
6.65 100.727 8.9446
6.66 101.094 8.90032
6.67 101.463 8.85638
6.68 101.834 8.81279
6.69 102.206 8.76954
6.7 102.58 8.72664
6.71 102.955 8.68408
6.72 103.332 8.64185
6.73 103.71 8.59996
6.74 104.09 8.5584
6.75 104.472 8.51718
6.76 104.855 8.47628
6.77 105.24 8.4357
6.78 105.626 8.39546
6.79 106.014 8.35553
6.8 106.403 8.31592
6.81 106.794 8.27663
6.82 107.187 8.23765
6.83 107.581 8.19899
6.84 107.977 8.16063
6.85 108.374 8.12259
6.86 108.773 8.08485
6.87 109.174 8.04741
6.88 109.577 8.01028
6.89 109.981 7.97345
6.9 110.386 7.93691
6.91 110.794 7.90067
6.92 111.203 7.86473
6.93 111.613 7.82907
6.94 112.026 7.79371
6.95 112.44 7.75863
6.96 112.855 7.72384
6.97 113.273 7.68934
6.98 113.692 7.65511
6.99 114.113 7.62117
7 114.535 7.5875
7.01 114.959 7.55412
7.02 115.385 7.521
7.03 115.813 7.48816
7.04 116.242 7.45559
7.05 116.674 7.42329
7.06 117.107 7.39126
7.07 117.541 7.3595
7.08 117.978 7.32799
7.09 118.416 7.29675
7.1 118.856 7.26578
7.11 119.298 7.23506
7.12 119.741 7.20459
7.13 120.187 7.17439
7.14 120.634 7.14444
7.15 121.083 7.11474
7.16 121.533 7.08529
7.17 121.986 7.05609
7.18 122.441 7.02714
7.19 122.897 6.99843
7.2 123.355 6.96997
7.21 123.815 6.94175
7.22 124.277 6.91378
7.23 124.74 6.88604
7.24 125.206 6.85855
7.25 125.673 6.83129
7.26 126.143 6.80426
7.27 126.614 6.77748
7.28 127.087 6.75092
7.29 127.562 6.72459
7.3 128.039 6.6985
7.31 128.517 6.67263
7.32 128.998 6.647
7.33 129.481 6.62158
7.34 129.965 6.5964
7.35 130.452 6.57143
7.36 130.941 6.54669
7.37 131.431 6.52217
7.38 131.923 6.49787
7.39 132.418 6.47379
7.4 132.914 6.44992
7.41 133.413 6.42627
7.42 133.913 6.40283
7.43 134.415 6.37961
7.44 134.92 6.3566
7.45 135.426 6.3338
7.46 135.934 6.31121
7.47 136.445 6.28883
7.48 136.957 6.26666
7.49 137.472 6.24469
7.5 137.988 6.22293
7.51 138.507 6.20138
7.52 139.028 6.18002
7.53 139.551 6.15887
7.54 140.075 6.13792
7.55 140.602 6.11717
7.56 141.131 6.09662
7.57 141.663 6.07627
7.58 142.196 6.05611
7.59 142.731 6.03615
7.6 143.269 6.01638
7.61 143.808 5.99681
7.62 144.35 5.97743
7.63 144.894 5.95824
7.64 145.44 5.93925
7.65 145.989 5.92044
7.66 146.539 5.90182
7.67 147.092 5.88339
7.68 147.647 5.86515
7.69 148.204 5.8471
7.7 148.763 5.82923
7.71 149.324 5.81155
7.72 149.888 5.79405
7.73 150.454 5.77673
7.74 151.022 5.7596
7.75 151.593 5.74264
7.76 152.165 5.72587
7.77 152.74 5.70928
7.78 153.317 5.69287
7.79 153.897 5.67663
7.8 154.479 5.66058
7.81 155.063 5.6447
7.82 155.649 5.62899
7.83 156.238 5.61347
7.84 156.829 5.59812
7.85 157.422 5.58294
7.86 158.018 5.56793
7.87 158.616 5.5531
7.88 159.217 5.53844
7.89 159.819 5.52395
7.9 160.424 5.50964
7.91 161.032 5.49549
7.92 161.642 5.48151
7.93 162.254 5.46771
7.94 162.869 5.45407
7.95 163.486 5.4406
7.96 164.106 5.42729
7.97 164.728 5.41416
7.98 165.352 5.40119
7.99 165.979 5.38838
8 166.608 5.37574
8.01 167.24 5.36327
8.02 167.875 5.35096
8.03 168.511 5.33882
8.04 169.151 5.32684
8.05 169.793 5.31502
8.06 170.437 5.30336
8.07 171.084 5.29187
8.08 171.733 5.28054
8.09 172.385 5.26937
8.1 173.04 5.25836
8.11 173.697 5.24751
8.12 174.356 5.23682
8.13 175.018 5.22629
8.14 175.683 5.21592
8.15 176.351 5.20571
8.16 177.021 5.19566
8.17 177.693 5.18577
8.18 178.368 5.17603
8.19 179.046 5.16646
8.2 179.727 5.15704
8.21 180.41 5.14778
8.22 181.096 5.13868
8.23 181.784 5.12973
8.24 182.475 5.12094
8.25 183.169 5.11231
8.26 183.866 5.10383
8.27 184.565 5.09552
8.28 185.267 5.08735
8.29 185.972 5.07934
8.3 186.679 5.07149
8.31 187.39 5.0638
8.32 188.103 5.05626
8.33 188.818 5.04887
8.34 189.537 5.04164
8.35 190.258 5.03457
8.36 190.982 5.02765
8.37 191.709 5.02089
8.38 192.439 5.01428
8.39 193.172 5.00782
8.4 193.907 5.00153
8.41 194.645 4.99538
8.42 195.386 4.9894
8.43 196.13 4.98356
8.44 196.877 4.97789
8.45 197.627 4.97236
8.46 198.38 4.967
8.47 199.135 4.96179
8.48 199.894 4.95673
8.49 200.655 4.95183
8.5 201.419 4.94709
8.51 202.187 4.9425
8.52 202.957 4.93807
8.53 203.73 4.93379
8.54 204.506 4.92967
8.55 205.286 4.92571
8.56 206.068 4.9219
8.57 206.853 4.91825
8.58 207.641 4.91476
8.59 208.432 4.91143
8.6 209.227 4.90825
8.61 210.024 4.90523
8.62 210.825 4.90238
8.63 211.628 4.89968
8.64 212.435 4.89713
8.65 213.244 4.89475
8.66 214.057 4.89253
8.67 214.873 4.89047
8.68 215.692 4.88857
8.69 216.514 4.88683
8.7 217.339 4.88525
8.71 218.168 4.88384
8.72 219 4.88258
8.73 219.834 4.88149
8.74 220.672 4.88057
8.75 221.514 4.8798
8.76 222.358 4.8792
8.77 223.206 4.87877
8.78 224.057 4.8785
8.79 224.911 4.8784
8.8 225.768 4.87847
8.81 226.629 4.8787
8.82 227.493 4.87911
8.83 228.36 4.87968
8.84 229.23 4.88042
8.85 230.104 4.88133
8.86 230.981 4.88241
8.87 231.862 4.88367
8.88 232.746 4.88509
8.89 233.633 4.88669
8.9 234.523 4.88847
8.91 235.417 4.89042
8.92 236.315 4.89254
8.93 237.215 4.89485
8.94 238.12 4.89733
8.95 239.027 4.89999
8.96 239.938 4.90283
8.97 240.852 4.90585
8.98 241.77 4.90905
8.99 242.692 4.91243
9 243.616 4.916
9.01 244.545 4.91975
9.02 245.477 4.92369
9.03 246.412 4.92782
9.04 247.351 4.93214
9.05 248.293 4.93664
9.06 249.239 4.94134
9.07 250.189 4.94622
9.08 251.142 4.9513
9.09 252.098 4.95658
9.1 253.058 4.96205
9.11 254.022 4.96772
9.12 254.99 4.97358
9.13 255.961 4.97965
9.14 256.935 4.98592
9.15 257.914 4.99239
9.16 258.896 4.99906
9.17 259.881 5.00594
9.18 260.871 5.01303
9.19 261.864 5.02033
9.2 262.86 5.02784
9.21 263.861 5.03556
9.22 264.865 5.04349
9.23 265.873 5.05164
9.24 266.885 5.06001
9.25 267.9 5.0686
9.26 268.919 5.07741
9.27 269.942 5.08644
9.28 270.969 5.0957
9.29 271.999 5.10518
9.3 273.034 5.11489
9.31 274.072 5.12484
9.32 275.114 5.13501
9.33 276.16 5.14542
9.34 277.21 5.15607
9.35 278.263 5.16696
9.36 279.321 5.17809
9.37 280.382 5.18946
9.38 281.447 5.20108
9.39 282.516 5.21295
9.4 283.59 5.22507
9.41 284.667 5.23744
9.42 285.748 5.25007
9.43 286.833 5.26296
9.44 287.922 5.27611
9.45 289.014 5.28952
9.46 290.111 5.30319
9.47 291.212 5.31714
9.48 292.317 5.33136
9.49 293.426 5.34585
9.5 294.539 5.36062
9.51 295.656 5.37568
9.52 296.777 5.39101
9.53 297.902 5.40663
9.54 299.032 5.42255
9.55 300.165 5.43875
9.56 301.302 5.45525
9.57 302.444 5.47205
9.58 303.589 5.48915
9.59 304.739 5.50656
9.6 305.893 5.52428
9.61 307.051 5.54231
9.62 308.213 5.56066
9.63 309.38 5.57933
9.64 310.55 5.59833
9.65 311.725 5.61765
9.66 312.904 5.6373
9.67 314.087 5.65729
9.68 315.275 5.67762
9.69 316.466 5.6983
9.7 317.662 5.71932
9.71 318.862 5.7407
9.72 320.067 5.76243
9.73 321.275 5.78452
9.74 322.488 5.80698
9.75 323.705 5.82982
9.76 324.927 5.85302
9.77 326.153 5.87661
9.78 327.383 5.90058
9.79 328.617 5.92494
9.8 329.856 5.94969
9.81 331.099 5.97485
9.82 332.346 6.00041
9.83 333.598 6.02638
9.84 334.854 6.05277
9.85 336.115 6.07958
9.86 337.38 6.10681
9.87 338.649 6.13448
9.88 339.923 6.16259
9.89 341.201 6.19114
9.9 342.483 6.22014
9.91 343.77 6.2496
9.92 345.062 6.27953
9.93 346.357 6.30992
9.94 347.658 6.34079
9.95 348.962 6.37214
9.96 350.271 6.40398
9.97 351.585 6.43632
9.98 352.903 6.46917
9.99 354.226 6.50252
10 355.553 6.53639
10.01 356.884 6.57079
10.02 358.22 6.60572
10.03 359.561 6.64119
10.04 360.906 6.67721
10.05 362.255 6.71379
10.06 363.609 6.75094
10.07 364.968 6.78866
10.08 366.331 6.82696
10.09 367.698 6.86585
10.1 369.07 6.90534
10.11 370.447 6.94544
10.12 371.828 6.98616
10.13 373.214 7.0275
10.14 374.604 7.06949
10.15 375.999 7.11212
10.16 377.398 7.1554
10.17 378.802 7.19936
10.18 380.21 7.24399
10.19 381.623 7.28931
10.2 383.041 7.33533
10.21 384.463 7.38205
10.22 385.889 7.4295
10.23 387.32 7.47768
10.24 388.756 7.52661
10.25 390.196 7.57629
10.26 391.641 7.62674
10.27 393.091 7.67797
10.28 394.544 7.72999
10.29 396.003 7.78282
10.3 397.466 7.83647
10.31 398.933 7.89094
10.32 400.406 7.94627
10.33 401.882 8.00245
10.34 403.363 8.05951
10.35 404.849 8.11746
10.36 406.339 8.17631
10.37 407.834 8.23608
10.38 409.333 8.29678
10.39 410.837 8.35844
10.4 412.345 8.42105
10.41 413.858 8.48465
10.42 415.375 8.54925
10.43 416.897 8.61486
10.44 418.423 8.68151
10.45 419.954 8.74921
10.46 421.489 8.81797
10.47 423.028 8.88782
10.48 424.572 8.95878
10.49 426.12 9.03086
10.5 427.673 9.10409
10.51 429.23 9.17848
10.52 430.792 9.25406
10.53 432.358 9.33084
10.54 433.928 9.40885
10.55 435.502 9.48811
10.56 437.081 9.56864
10.57 438.665 9.65047
10.58 440.252 9.73361
10.59 441.844 9.81809
10.6 443.44 9.90393
10.61 445.04 9.99117
10.62 446.644 10.0798
10.63 448.253 10.1699
10.64 449.866 10.2615
10.65 451.482 10.3545
10.66 453.103 10.4491
10.67 454.729 10.5452
10.68 456.358 10.6429
10.69 457.991 10.7422
10.7 459.628 10.8431
10.71 461.269 10.9457
10.72 462.914 11.05
10.73 464.563 11.1561
10.74 466.216 11.2639
10.75 467.873 11.3734
10.76 469.533 11.4848
10.77 471.198 11.5981
10.78 472.866 11.7133
10.79 474.538 11.8304
10.8 476.213 11.9495
10.81 477.892 12.0706
10.82 479.575 12.1937
10.83 481.261 12.3189
10.84 482.95 12.4463
10.85 484.643 12.5758
10.86 486.34 12.7075
10.87 488.04 12.8415
10.88 489.743 12.9777
10.89 491.449 13.1163
10.9 493.159 13.2573
10.91 494.871 13.4008
10.92 496.587 13.5467
10.93 498.306 13.6951
10.94 500.028 13.8461
10.95 501.752 13.9998
10.96 503.48 14.1561
10.97 505.21 14.3152
10.98 506.943 14.477
10.99 508.678 14.6417
11 510.416 14.8093
11.01 512.157 14.9799
11.02 513.9 15.1535
11.03 515.645 15.3301
11.04 517.393 15.5099
11.05 519.142 15.6929
11.06 520.894 15.8792
11.07 522.648 16.0688
11.08 524.403 16.2619
11.09 526.161 16.4584
11.1 527.92 16.6584
11.11 529.68 16.8621
11.12 531.443 17.0695
11.13 533.206 17.2806
11.14 534.971 17.4956
11.15 536.737 17.7145
11.16 538.504 17.9374
11.17 540.272 18.1644
11.18 542.041 18.3955
11.19 543.811 18.631
11.2 545.581 18.8707
11.21 547.352 19.115
11.22 549.123 19.3637
11.23 550.894 19.6171
11.24 552.665 19.8752
11.25 554.437 20.1381
11.26 556.208 20.406
11.27 557.978 20.6788
11.28 559.748 20.9569
11.29 561.518 21.2401
11.3 563.286 21.5287
11.31 565.054 21.8228
11.32 566.82 22.1224
11.33 568.585 22.4278
11.34 570.349 22.7389
11.35 572.11 23.056
11.36 573.87 23.3792
11.37 575.628 23.7086
11.38 577.383 24.0443
11.39 579.136 24.3865
11.4 580.887 24.7352
11.41 582.634 25.0907
11.42 584.378 25.4531
11.43 586.119 25.8226
11.44 587.856 26.1992
11.45 589.59 26.5831
11.46 591.319 26.9746
11.47 593.044 27.3737
11.48 594.765 27.7806
11.49 596.48 28.1955
11.5 598.191 28.6186
11.51 599.896 29.05
11.52 601.596 29.4899
11.53 603.29 29.9385
11.54 604.977 30.396
11.55 606.658 30.8626
11.56 608.332 31.3384
11.57 610 31.8237
11.58 611.659 32.3186
11.59 613.311 32.8235
11.6 614.955 33.3384
11.61 616.591 33.8636
11.62 618.217 34.3993
11.63 619.835 34.9458
11.64 621.443 35.5032
11.65 623.041 36.0718
11.66 624.629 36.6519
11.67 626.207 37.2437
11.68 627.773 37.8474
11.69 629.328 38.4633
11.7 630.871 39.0916
11.71 632.402 39.7327
11.72 633.92 40.3867
11.73 635.425 41.054
11.74 636.916 41.7348
11.75 638.394 42.4294
11.76 639.856 43.1381
11.77 641.304 43.8612
11.78 642.736 44.5989
11.79 644.153 45.3517
11.8 645.552 46.1198
11.81 646.935 46.9035
11.82 648.3 47.7031
11.83 649.647 48.519
11.84 650.976 49.3515
11.85 652.285 50.2009
11.86 653.574 51.0676
11.87 654.843 51.9519
11.88 656.091 52.8542
11.89 657.317 53.7749
11.9 658.521 54.7142
11.91 659.703 55.6726
11.92 660.861 56.6504
11.93 661.994 57.648
11.94 663.103 58.6659
11.95 664.187 59.7043
11.96 665.244 60.7637
11.97 666.275 61.8445
11.98 667.278 62.9471
11.99 668.253 64.0718
12 669.198 65.2192
12.01 670.114 66.3896
12.02 671 67.5834
12.03 671.854 68.8011
12.04 672.677 70.0431
12.05 673.466 71.3098
12.06 674.222 72.6016
12.07 674.944 73.9191
12.08 675.63 75.2625
12.09 676.28 76.6325
12.1 676.894 78.0293
12.11 677.47 79.4535
12.12 678.007 80.9055
12.13 678.505 82.3857
12.14 678.963 83.8946
12.15 679.38 85.4326
12.16 679.755 87.0003
12.17 680.086 88.5979
12.18 680.375 90.226
12.19 680.618 91.885
12.2 680.816 93.5753
12.21 680.968 95.2974
12.22 681.072 97.0516
12.23 681.128 98.8385
12.24 681.135 100.658
12.25 681.092 102.512
12.26 680.998 104.399
12.27 680.852 106.32
12.28 680.653 108.276
12.29 680.401 110.267
12.3 680.094 112.294
12.31 679.732 114.356
12.32 679.313 116.454
12.33 678.837 118.588
12.34 678.303 120.76
12.35 677.711 122.968
12.36 677.058 125.213
12.37 676.345 127.496
12.38 675.57 129.817
12.39 674.733 132.176
12.4 673.833 134.572
12.41 672.869 137.008
12.42 671.84 139.481
12.43 670.747 141.994
12.44 669.587 144.545
12.45 668.36 147.135
12.46 667.066 149.764
12.47 665.704 152.431
12.48 664.274 155.138
12.49 662.774 157.883
12.5 661.205 160.667
12.51 659.565 163.49
12.52 657.854 166.351
12.53 656.073 169.25
12.54 654.22 172.187
12.55 652.295 175.163
12.56 650.297 178.175
12.57 648.228 181.225
12.58 646.085 184.311
12.59 643.87 187.433
12.6 641.581 190.591
12.61 639.22 193.785
12.62 636.785 197.013
12.63 634.278 200.275
12.64 631.697 203.57
12.65 629.044 206.898
12.66 626.318 210.257
12.67 623.52 213.648
12.68 620.649 217.069
12.69 617.707 220.518
12.7 614.694 223.996
12.71 611.61 227.501
12.72 608.455 231.032
12.73 605.232 234.588
12.74 601.939 238.168
12.75 598.578 241.77
12.76 595.151 245.393
12.77 591.656 249.036
12.78 588.097 252.697
12.79 584.473 256.375
12.8 580.785 260.069
12.81 577.036 263.777
12.82 573.225 267.498
12.83 569.355 271.229
12.84 565.427 274.969
12.85 561.441 278.717
12.86 557.4 282.47
12.87 553.305 286.227
12.88 549.157 289.987
12.89 544.959 293.747
12.9 540.711 297.505
12.91 536.416 301.26
12.92 532.075 305.01
12.93 527.69 308.753
12.94 523.263 312.486
12.95 518.796 316.208
12.96 514.29 319.917
12.97 509.748 323.611
12.98 505.172 327.288
12.99 500.563 330.947
13 495.924 334.584
13.01 491.257 338.198
13.02 486.564 341.787
13.03 481.846 345.349
13.04 477.107 348.882
13.05 472.348 352.385
13.06 467.571 355.854
13.07 462.778 359.29
13.08 457.972 362.688
13.09 453.154 366.049
13.1 448.328 369.369
13.11 443.494 372.647
13.12 438.655 375.882
13.13 433.813 379.072
13.14 428.97 382.214
13.15 424.129 385.308
13.16 419.29 388.352
13.17 414.457 391.344
13.18 409.631 394.282
13.19 404.814 397.167
13.2 400.008 399.995
13.21 395.215 402.767
13.22 390.436 405.479
13.23 385.674 408.133
13.24 380.929 410.725
13.25 376.205 413.256
13.26 371.502 415.724
13.27 366.822 418.128
13.28 362.167 420.468
13.29 357.538 422.742
13.3 352.936 424.95
13.31 348.363 427.091
13.32 343.821 429.164
13.33 339.31 431.17
13.34 334.832 433.107
13.35 330.387 434.975
13.36 325.978 436.774
13.37 321.605 438.504
13.38 317.269 440.163
13.39 312.972 441.753
13.4 308.713 443.272
13.41 304.494 444.721
13.42 300.316 446.1
13.43 296.179 447.409
13.44 292.085 448.648
13.45 288.033 449.817
13.46 284.024 450.916
13.47 280.059 451.946
13.48 276.139 452.907
13.49 272.263 453.799
13.5 268.433 454.623
13.51 264.648 455.379
13.52 260.909 456.068
13.53 257.216 456.69
13.54 253.569 457.245
13.55 249.969 457.735
13.56 246.416 458.16
13.57 242.909 458.52
13.58 239.449 458.817
13.59 236.035 459.051
13.6 232.669 459.222
13.61 229.349 459.333
13.62 226.076 459.382
13.63 222.849 459.372
13.64 219.669 459.304
13.65 216.535 459.177
13.66 213.447 458.993
13.67 210.405 458.753
13.68 207.408 458.458
13.69 204.457 458.108
13.7 201.55 457.705
13.71 198.689 457.25
13.72 195.872 456.743
13.73 193.099 456.186
13.74 190.369 455.579
13.75 187.683 454.924
13.76 185.04 454.221
13.77 182.44 453.472
13.78 179.881 452.678
13.79 177.364 451.838
13.8 174.889 450.956
13.81 172.454 450.031
13.82 170.059 449.065
13.83 167.705 448.058
13.84 165.39 447.011
13.85 163.113 445.926
13.86 160.875 444.804
13.87 158.675 443.645
13.88 156.513 442.45
13.89 154.387 441.221
13.9 152.298 439.958
13.91 150.245 438.662
13.92 148.228 437.335
13.93 146.245 435.977
13.94 144.297 434.588
13.95 142.382 433.171
13.96 140.501 431.726
13.97 138.654 430.253
13.98 136.838 428.754
13.99 135.054 427.229
14 133.302 425.68
14.01 131.581 424.107
14.02 129.89 422.511
14.03 128.23 420.892
14.04 126.598 419.253
14.05 124.996 417.592
14.06 123.423 415.912
14.07 121.877 414.213
14.08 120.359 412.495
14.09 118.868 410.76
14.1 117.403 409.008
14.11 115.965 407.239
14.12 114.553 405.456
14.13 113.166 403.657
14.14 111.804 401.844
14.15 110.466 400.018
14.16 109.152 398.179
14.17 107.862 396.328
14.18 106.595 394.466
14.19 105.351 392.592
14.2 104.129 390.708
14.21 102.929 388.814
14.22 101.751 386.911
14.23 100.593 384.999
14.24 99.457 383.079
14.25 98.341 381.152
14.26 97.245 379.218
14.27 96.1687 377.276
14.28 95.1116 375.329
14.29 94.0736 373.377
14.3 93.0541 371.419
14.31 92.0529 369.456
14.32 91.0697 367.489
14.33 90.104 365.519
14.34 89.1556 363.545
14.35 88.2242 361.568
14.36 87.3094 359.589
14.37 86.4109 357.607
14.38 85.5285 355.624
14.39 84.6618 353.639
14.4 83.8105 351.654
14.41 82.9744 349.668
14.42 82.1531 347.681
14.43 81.3465 345.695
14.44 80.5541 343.708
14.45 79.7758 341.723
14.46 79.0113 339.738
14.47 78.2604 337.755
14.48 77.5227 335.773
14.49 76.7981 333.794
14.5 76.0862 331.816
14.51 75.387 329.841
14.52 74.7 327.868
14.53 74.0251 325.899
14.54 73.3622 323.932
14.55 72.7108 321.969
14.56 72.0709 320.01
14.57 71.4423 318.054
14.58 70.8246 316.103
14.59 70.2178 314.155
14.6 69.6215 312.213
14.61 69.0357 310.274
14.62 68.4602 308.341
14.63 67.8946 306.413
14.64 67.3389 304.49
14.65 66.7929 302.573
14.66 66.2565 300.661
14.67 65.7293 298.754
14.68 65.2113 296.854
14.69 64.7023 294.96
14.7 64.2021 293.072
14.71 63.7106 291.19
14.72 63.2276 289.314
14.73 62.7529 287.446
14.74 62.2865 285.583
14.75 61.8281 283.728
14.76 61.3777 281.88
14.77 60.935 280.038
14.78 60.5 278.204
14.79 60.0725 276.377
14.8 59.6523 274.558
14.81 59.2394 272.746
14.82 58.8336 270.941
14.83 58.4348 269.144
14.84 58.0428 267.355
14.85 57.6576 265.573
14.86 57.2791 263.799
14.87 56.907 262.033
14.88 56.5414 260.276
14.89 56.182 258.526
14.9 55.8288 256.784
14.91 55.4817 255.051
14.92 55.1406 253.325
14.93 54.8053 251.608
14.94 54.4759 249.899
14.95 54.152 248.199
14.96 53.8338 246.507
14.97 53.521 244.824
14.98 53.2137 243.149
14.99 52.9116 241.482
15 52.6148 239.824
15.01 52.323 238.175
15.02 52.0364 236.534
15.03 51.7546 234.902
15.04 51.4778 233.278
15.05 51.2057 231.663
15.06 50.9384 230.057
15.07 50.6757 228.46
15.08 50.4176 226.871
15.09 50.164 225.291
15.1 49.9148 223.72
15.11 49.6699 222.158
15.12 49.4293 220.604
15.13 49.193 219.059
15.14 48.9608 217.523
15.15 48.7326 215.996
15.16 48.5085 214.477
15.17 48.2884 212.968
15.18 48.0721 211.467
15.19 47.8597 209.974
15.2 47.651 208.491
15.21 47.4461 207.016
15.22 47.2448 205.55
15.23 47.0471 204.093
15.24 46.853 202.645
15.25 46.6624 201.205
15.26 46.4752 199.774
15.27 46.2914 198.352
15.28 46.1109 196.939
15.29 45.9338 195.534
15.3 45.7599 194.137
15.31 45.5891 192.75
15.32 45.4216 191.371
15.33 45.2571 190.001
15.34 45.0957 188.639
15.35 44.9373 187.286
15.36 44.7819 185.941
15.37 44.6294 184.605
15.38 44.4798 183.277
15.39 44.3331 181.958
15.4 44.1891 180.647
15.41 44.048 179.345
15.42 43.9095 178.051
15.43 43.7738 176.765
15.44 43.6407 175.488
15.45 43.5102 174.219
15.46 43.3823 172.959
15.47 43.257 171.706
15.48 43.1342 170.462
15.49 43.0138 169.226
15.5 42.8959 167.998
15.51 42.7805 166.779
15.52 42.6674 165.567
15.53 42.5567 164.364
15.54 42.4483 163.168
15.55 42.3421 161.981
15.56 42.2383 160.801
15.57 42.1367 159.63
15.58 42.0373 158.466
15.59 41.94 157.31
15.6 41.845 156.162
15.61 41.752 155.022
15.62 41.6612 153.89
15.63 41.5724 152.765
15.64 41.4857 151.648
15.65 41.401 150.539
15.66 41.3183 149.437
15.67 41.2376 148.343
15.68 41.1588 147.256
15.69 41.082 146.177
15.7 41.007 145.105
15.71 40.934 144.041
15.72 40.8628 142.984
15.73 40.7935 141.935
15.74 40.7259 140.893
15.75 40.6602 139.858
15.76 40.5963 138.83
15.77 40.5341 137.81
15.78 40.4737 136.796
15.79 40.415 135.79
15.8 40.358 134.791
15.81 40.3026 133.799
15.82 40.249 132.814
15.83 40.197 131.836
15.84 40.1466 130.865
15.85 40.0978 129.901
15.86 40.0507 128.943
15.87 40.0051 127.993
15.88 39.9611 127.049
15.89 39.9186 126.112
15.9 39.8777 125.182
15.91 39.8383 124.258
15.92 39.8004 123.341
15.93 39.7639 122.431
15.94 39.729 121.527
15.95 39.6955 120.63
15.96 39.6635 119.739
15.97 39.6329 118.854
15.98 39.6037 117.976
15.99 39.5759 117.104
16 39.5495 116.239
16.01 39.5245 115.38
16.02 39.5009 114.527
16.03 39.4786 113.68
16.04 39.4577 112.84
16.05 39.4381 112.005
16.06 39.4198 111.177
16.07 39.4028 110.355
16.08 39.3872 109.539
16.09 39.3728 108.728
16.1 39.3597 107.924
16.11 39.3478 107.125
16.12 39.3372 106.333
16.13 39.3279 105.546
16.14 39.3198 104.765
16.15 39.3129 103.99
16.16 39.3072 103.22
16.17 39.3028 102.456
16.18 39.2995 101.698
16.19 39.2974 100.946
16.2 39.2965 100.198
16.21 39.2968 99.457
16.22 39.2982 98.7209
16.23 39.3008 97.9903
16.24 39.3046 97.2652
16.25 39.3094 96.5454
16.26 39.3154 95.831
16.27 39.3225 95.1218
16.28 39.3308 94.418
16.29 39.3401 93.7194
16.3 39.3505 93.026
16.31 39.362 92.3378
16.32 39.3747 91.6547
16.33 39.3883 90.9767
16.34 39.4031 90.3037
16.35 39.4189 89.6358
16.36 39.4358 88.973
16.37 39.4537 88.315
16.38 39.4726 87.662
16.39 39.4926 87.0139
16.4 39.5137 86.3707
16.41 39.5357 85.7323
16.42 39.5588 85.0986
16.43 39.5829 84.4698
16.44 39.608 83.8457
16.45 39.6341 83.2262
16.46 39.6612 82.6115
16.47 39.6892 82.0013
16.48 39.7183 81.3958
16.49 39.7483 80.7948
16.5 39.7794 80.1984
16.51 39.8114 79.6065
16.52 39.8443 79.019
16.53 39.8782 78.436
16.54 39.9131 77.8574
16.55 39.9489 77.2831
16.56 39.9857 76.7133
16.57 40.0234 76.1477
16.58 40.0621 75.5864
16.59 40.1017 75.0294
16.6 40.1422 74.4766
16.61 40.1836 73.928
16.62 40.226 73.3835
16.63 40.2693 72.8432
16.64 40.3135 72.307
16.65 40.3586 71.7749
16.66 40.4046 71.2468
16.67 40.4515 70.7227
16.68 40.4994 70.2026
16.69 40.5481 69.6865
16.7 40.5977 69.1743
16.71 40.6482 68.666
16.72 40.6996 68.1616
16.73 40.7519 67.661
16.74 40.805 67.1643
16.75 40.859 66.6713
16.76 40.914 66.1821
16.77 40.9697 65.6967
16.78 41.0264 65.2149
16.79 41.0839 64.7368
16.8 41.1423 64.2624
16.81 41.2015 63.7916
16.82 41.2616 63.3244
16.83 41.3226 62.8608
16.84 41.3844 62.4007
16.85 41.4471 61.9442
16.86 41.5106 61.4911
16.87 41.575 61.0415
16.88 41.6402 60.5954
16.89 41.7062 60.1526
16.9 41.7731 59.7133
16.91 41.8409 59.2773
16.92 41.9094 58.8447
16.93 41.9788 58.4154
16.94 42.0491 57.9894
16.95 42.1202 57.5667
16.96 42.1921 57.1472
16.97 42.2648 56.7309
16.98 42.3384 56.3178
16.99 42.4128 55.9079
17 42.488 55.5012
17.01 42.564 55.0976
17.02 42.6409 54.697
17.03 42.7185 54.2996
17.04 42.797 53.9052
17.05 42.8764 53.5138
17.06 42.9565 53.1255
17.07 43.0374 52.7401
17.08 43.1192 52.3578
17.09 43.2018 51.9783
17.1 43.2852 51.6018
17.11 43.3694 51.2282
17.12 43.4544 50.8574
17.13 43.5402 50.4895
17.14 43.6269 50.1245
17.15 43.7143 49.7622
17.16 43.8025 49.4028
17.17 43.8916 49.0461
17.18 43.9815 48.6921
17.19 44.0721 48.3409
17.2 44.1636 47.9924
17.21 44.2559 47.6466
17.22 44.3489 47.3035
17.23 44.4428 46.963
17.24 44.5375 46.6251
17.25 44.633 46.2898
17.26 44.7293 45.9572
17.27 44.8264 45.6271
17.28 44.9243 45.2995
17.29 45.023 44.9745
17.3 45.1225 44.6519
17.31 45.2228 44.3319
17.32 45.3239 44.0143
17.33 45.4258 43.6992
17.34 45.5285 43.3866
17.35 45.632 43.0763
17.36 45.7363 42.7684
17.37 45.8414 42.4629
17.38 45.9473 42.1598
17.39 46.054 41.859
17.4 46.1615 41.5606
17.41 46.2698 41.2644
17.42 46.3789 40.9706
17.43 46.4888 40.679
17.44 46.5995 40.3896
17.45 46.711 40.1025
17.46 46.8234 39.8176
17.47 46.9365 39.5349
17.48 47.0504 39.2544
17.49 47.1651 38.9761
17.5 47.2807 38.6999
17.51 47.397 38.4259
17.52 47.5141 38.154
17.53 47.6321 37.8841
17.54 47.7508 37.6164
17.55 47.8704 37.3507
17.56 47.9908 37.0871
17.57 48.1119 36.8255
17.58 48.2339 36.566
17.59 48.3567 36.3084
17.6 48.4803 36.0529
17.61 48.6047 35.7993
17.62 48.7299 35.5477
17.63 48.856 35.298
17.64 48.9828 35.0503
17.65 49.1105 34.8045
17.66 49.239 34.5606
17.67 49.3683 34.3185
17.68 49.4984 34.0784
17.69 49.6293 33.84
17.7 49.7611 33.6036
17.71 49.8936 33.3689
17.72 50.027 33.1361
17.73 50.1612 32.9051
17.74 50.2963 32.6759
17.75 50.4321 32.4484
17.76 50.5688 32.2227
17.77 50.7063 31.9988
17.78 50.8446 31.7765
17.79 50.9838 31.556
17.8 51.1238 31.3372
17.81 51.2646 31.1201
17.82 51.4063 30.9047
17.83 51.5488 30.6909
17.84 51.6921 30.4788
17.85 51.8363 30.2684
17.86 51.9813 30.0595
17.87 52.1271 29.8523
17.88 52.2738 29.6467
17.89 52.4213 29.4426
17.9 52.5697 29.2402
17.91 52.7189 29.0393
17.92 52.869 28.8399
17.93 53.0199 28.6421
17.94 53.1717 28.4458
17.95 53.3243 28.2511
17.96 53.4777 28.0578
17.97 53.6321 27.8661
17.98 53.7872 27.6758
17.99 53.9433 27.487
18 54.1002 27.2997
18.01 54.2579 27.1138
18.02 54.4165 26.9293
18.03 54.576 26.7463
18.04 54.7364 26.5646
18.05 54.8976 26.3844
18.06 55.0597 26.2056
18.07 55.2226 26.0281
18.08 55.3865 25.8521
18.09 55.5512 25.6773
18.1 55.7168 25.504
18.11 55.8832 25.332
18.12 56.0506 25.1613
18.13 56.2188 24.9919
18.14 56.3879 24.8238
18.15 56.5579 24.657
18.16 56.7288 24.4915
18.17 56.9006 24.3273
18.18 57.0733 24.1644
18.19 57.2469 24.0027
18.2 57.4214 23.8422
18.21 57.5967 23.683
18.22 57.773 23.5251
18.23 57.9502 23.3683
18.24 58.1283 23.2128
18.25 58.3073 23.0584
18.26 58.4872 22.9053
18.27 58.668 22.7533
18.28 58.8497 22.6025
18.29 59.0324 22.4529
18.3 59.216 22.3044
18.31 59.4004 22.1571
18.32 59.5859 22.0109
18.33 59.7722 21.8658
18.34 59.9595 21.7218
18.35 60.1477 21.579
18.36 60.3368 21.4372
18.37 60.5269 21.2966
18.38 60.7179 21.157
18.39 60.9099 21.0185
18.4 61.1028 20.8811
18.41 61.2966 20.7447
18.42 61.4914 20.6094
18.43 61.6872 20.4751
18.44 61.8839 20.3419
18.45 62.0816 20.2097
18.46 62.2802 20.0785
18.47 62.4798 19.9483
18.48 62.6803 19.8191
18.49 62.8818 19.6909
18.5 63.0843 19.5638
18.51 63.2878 19.4375
18.52 63.4922 19.3123
18.53 63.6976 19.188
18.54 63.904 19.0647
18.55 64.1114 18.9423
18.56 64.3197 18.8209
18.57 64.5291 18.7004
18.58 64.7394 18.5808
18.59 64.9508 18.4621
18.6 65.1631 18.3444
18.61 65.3764 18.2276
18.62 65.5908 18.1116
18.63 65.8061 17.9966
18.64 66.0225 17.8824
18.65 66.2399 17.7692
18.66 66.4583 17.6568
18.67 66.6777 17.5452
18.68 66.8981 17.4345
18.69 67.1195 17.3247
18.7 67.342 17.2157
18.71 67.5655 17.1076
18.72 67.7901 17.0002
18.73 68.0157 16.8937
18.74 68.2423 16.7881
18.75 68.4699 16.6832
18.76 68.6986 16.5792
18.77 68.9284 16.4759
18.78 69.1592 16.3734
18.79 69.3911 16.2718
18.8 69.624 16.1709
18.81 69.858 16.0708
18.82 70.0931 15.9714
18.83 70.3292 15.8728
18.84 70.5664 15.775
18.85 70.8047 15.6779
18.86 71.044 15.5816
18.87 71.2845 15.486
18.88 71.526 15.3912
18.89 71.7686 15.2971
18.9 72.0123 15.2037
18.91 72.2571 15.111
18.92 72.503 15.019
18.93 72.75 14.9277
18.94 72.9982 14.8372
18.95 73.2474 14.7473
18.96 73.4977 14.6581
18.97 73.7492 14.5697
18.98 74.0018 14.4818
18.99 74.2555 14.3947
19 74.5103 14.3083
19.01 74.7663 14.2225
19.02 75.0234 14.1373
19.03 75.2816 14.0528
19.04 75.541 13.969
19.05 75.8015 13.8858
19.06 76.0632 13.8033
19.07 76.326 13.7213
19.08 76.59 13.6401
19.09 76.8552 13.5594
19.1 77.1215 13.4794
19.11 77.389 13.3999
19.12 77.6576 13.3211
19.13 77.9275 13.2429
19.14 78.1985 13.1653
19.15 78.4707 13.0883
19.16 78.7441 13.0119
19.17 79.0187 12.936
19.18 79.2945 12.8608
19.19 79.5715 12.7861
19.2 79.8497 12.712
19.21 80.1291 12.6385
19.22 80.4097 12.5656
19.23 80.6915 12.4932
19.24 80.9746 12.4213
19.25 81.2588 12.35
19.26 81.5443 12.2793
19.27 81.8311 12.2091
19.28 82.1191 12.1395
19.29 82.4083 12.0704
19.3 82.6988 12.0018
19.31 82.9905 11.9337
19.32 83.2835 11.8662
19.33 83.5777 11.7992
19.34 83.8732 11.7327
19.35 84.1699 11.6667
19.36 84.468 11.6013
19.37 84.7673 11.5363
19.38 85.0679 11.4718
19.39 85.3698 11.4079
19.4 85.6729 11.3444
19.41 85.9774 11.2814
19.42 86.2832 11.2189
19.43 86.5902 11.1569
19.44 86.8986 11.0954
19.45 87.2083 11.0343
19.46 87.5193 10.9738
19.47 87.8316 10.9136
19.48 88.1453 10.854
19.49 88.4602 10.7948
19.5 88.7765 10.7361
19.51 89.0942 10.6778
19.52 89.4132 10.62
19.53 89.7335 10.5626
19.54 90.0552 10.5057
19.55 90.3783 10.4492
19.56 90.7027 10.3932
19.57 91.0285 10.3375
19.58 91.3557 10.2824
19.59 91.6842 10.2276
19.6 92.0141 10.1733
19.61 92.3454 10.1194
19.62 92.6781 10.0659
19.63 93.0122 10.0128
19.64 93.3477 9.96016
19.65 93.6846 9.90791
19.66 94.0229 9.85607
19.67 94.3627 9.80463
19.68 94.7038 9.7536
19.69 95.0464 9.70296
19.7 95.3904 9.65272
19.71 95.7359 9.60288
19.72 96.0828 9.55342
19.73 96.4311 9.50435
19.74 96.7809 9.45566
19.75 97.1321 9.40736
19.76 97.4849 9.35943
19.77 97.839 9.31188
19.78 98.1947 9.2647
19.79 98.5518 9.21789
19.8 98.9104 9.17145
19.81 99.2705 9.12538
19.82 99.6321 9.07966
19.83 99.9952 9.03431
19.84 100.36 8.98932
19.85 100.726 8.94468
19.86 101.094 8.90039
19.87 101.463 8.85645
19.88 101.833 8.81286
19.89 102.206 8.76961
19.9 102.579 8.72671
19.91 102.955 8.68415
19.92 103.331 8.64192
19.93 103.71 8.60003
19.94 104.09 8.55847
19.95 104.471 8.51724
19.96 104.854 8.47634
19.97 105.239 8.43577
19.98 105.625 8.39552
19.99 106.013 8.35559
20 106.402 8.31598
20.01 106.793 8.27669
20.02 107.186 8.23772
20.03 107.58 8.19905
20.04 107.976 8.1607
20.05 108.374 8.12265
20.06 108.773 8.08491
20.07 109.173 8.04747
20.08 109.576 8.01034
20.09 109.98 7.97351
20.1 110.386 7.93697
20.11 110.793 7.90073
20.12 111.202 7.86478
20.13 111.613 7.82913
20.14 112.025 7.79377
20.15 112.439 7.75869
20.16 112.855 7.7239
20.17 113.272 7.68939
20.18 113.691 7.65517
20.19 114.112 7.62123
20.2 114.534 7.58756
20.21 114.959 7.55417
20.22 115.385 7.52106
20.23 115.812 7.48822
20.24 116.242 7.45565
20.25 116.673 7.42335
20.26 117.106 7.39131
20.27 117.541 7.35955
20.28 117.977 7.32805
20.29 118.415 7.29681
20.3 118.855 7.26583
20.31 119.297 7.23511
20.32 119.74 7.20464
20.33 120.186 7.17444
20.34 120.633 7.14449
20.35 121.082 7.11479
20.36 121.533 7.08534
20.37 121.985 7.05614
20.38 122.44 7.02719
20.39 122.896 6.99848
20.4 123.354 6.97002
20.41 123.814 6.9418
20.42 124.276 6.91383
20.43 124.74 6.88609
20.44 125.205 6.85859
20.45 125.672 6.83133
20.46 126.142 6.80431
20.47 126.613 6.77752
20.48 127.086 6.75096
20.49 127.561 6.72464
20.5 128.038 6.69854
20.51 128.517 6.67268
20.52 128.997 6.64704
20.53 129.48 6.62163
20.54 129.965 6.59644
20.55 130.451 6.57147
20.56 130.94 6.54673
20.57 131.43 6.52221
20.58 131.923 6.49791
20.59 132.417 6.47383
20.6 132.913 6.44996
20.61 133.412 6.42631
20.62 133.912 6.40287
20.63 134.414 6.37965
20.64 134.919 6.35664
20.65 135.425 6.33384
20.66 135.934 6.31125
20.67 136.444 6.28887
20.68 136.956 6.2667
20.69 137.471 6.24473
20.7 137.988 6.22297
20.71 138.506 6.20141
20.72 139.027 6.18006
20.73 139.55 6.15891
20.74 140.075 6.13796
20.75 140.601 6.1172
20.76 141.131 6.09665
20.77 141.662 6.0763
20.78 142.195 6.05614
20.79 142.73 6.03618
20.8 143.268 6.01641
20.81 143.808 5.99684
20.82 144.349 5.97746
20.83 144.893 5.95827
20.84 145.439 5.93928
20.85 145.988 5.92047
20.86 146.538 5.90185
20.87 147.091 5.88343
20.88 147.646 5.86518
20.89 148.203 5.84713
20.9 148.762 5.82926
20.91 149.323 5.81158
20.92 149.887 5.79408
20.93 150.453 5.77676
20.94 151.021 5.75962
20.95 151.592 5.74267
20.96 152.164 5.7259
20.97 152.739 5.70931
20.98 153.317 5.69289
20.99 153.896 5.67666
21 154.478 5.6606
21.01 155.062 5.64472
21.02 155.648 5.62902
21.03 156.237 5.61349
21.04 156.828 5.59814
21.05 157.421 5.58296
21.06 158.017 5.56796
21.07 158.615 5.55313
21.08 159.216 5.53847
21.09 159.818 5.52398
21.1 160.423 5.50966
21.11 161.031 5.49551
21.12 161.641 5.48154
21.13 162.253 5.46773
21.14 162.868 5.45409
21.15 163.485 5.44062
21.16 164.105 5.42732
21.17 164.727 5.41418
21.18 165.351 5.40121
21.19 165.978 5.3884
21.2 166.607 5.37577
21.21 167.239 5.36329
21.22 167.874 5.35098
21.23 168.51 5.33884
21.24 169.15 5.32686
21.25 169.792 5.31504
21.26 170.436 5.30338
21.27 171.083 5.29189
21.28 171.732 5.28055
21.29 172.384 5.26938
21.3 173.038 5.25837
21.31 173.696 5.24752
21.32 174.355 5.23684
21.33 175.017 5.22631
21.34 175.682 5.21594
21.35 176.349 5.20573
21.36 177.019 5.19568
21.37 177.692 5.18578
21.38 178.367 5.17605
21.39 179.045 5.16647
21.4 179.726 5.15706
21.41 180.409 5.1478
21.42 181.095 5.13869
21.43 181.783 5.12975
21.44 182.474 5.12096
21.45 183.168 5.11232
21.46 183.865 5.10385
21.47 184.564 5.09553
21.48 185.266 5.08737
21.49 185.971 5.07936
21.5 186.678 5.07151
21.51 187.388 5.06381
21.52 188.101 5.05627
21.53 188.817 5.04888
21.54 189.536 5.04165
21.55 190.257 5.03458
21.56 190.981 5.02766
21.57 191.708 5.0209
21.58 192.438 5.01429
21.59 193.17 5.00783
21.6 193.906 5.00154
21.61 194.644 4.99539
21.62 195.385 4.98941
21.63 196.129 4.98357
21.64 196.876 4.97789
21.65 197.626 4.97237
21.66 198.378 4.96701
21.67 199.134 4.96179
21.68 199.892 4.95674
21.69 200.654 4.95184
21.7 201.418 4.94709
21.71 202.185 4.94251
21.72 202.956 4.93807
21.73 203.729 4.9338
21.74 204.505 4.92968
21.75 205.284 4.92571
21.76 206.066 4.92191
21.77 206.852 4.91826
21.78 207.64 4.91477
21.79 208.431 4.91143
21.8 209.225 4.90826
21.81 210.023 4.90524
21.82 210.823 4.90238
21.83 211.627 4.89968
21.84 212.433 4.89714
21.85 213.243 4.89476
21.86 214.056 4.89253
21.87 214.872 4.89047
21.88 215.691 4.88857
21.89 216.513 4.88683
21.9 217.338 4.88525
21.91 218.167 4.88384
21.92 218.998 4.88258
21.93 219.833 4.88149
21.94 220.671 4.88057
21.95 221.512 4.8798
21.96 222.357 4.87921
21.97 223.204 4.87877
21.98 224.055 4.8785
21.99 224.909 4.8784
22 225.767 4.87847
22.01 226.627 4.8787
22.02 227.491 4.87911
22.03 228.358 4.87968
22.04 229.229 4.88042
22.05 230.103 4.88133
22.06 230.98 4.88241
22.07 231.86 4.88366
22.08 232.744 4.88509
22.09 233.631 4.88669
22.1 234.522 4.88846
22.11 235.416 4.89041
22.12 236.313 4.89254
22.13 237.214 4.89484
22.14 238.118 4.89732
22.15 239.026 4.89998
22.16 239.937 4.90282
22.17 240.851 4.90584
22.18 241.769 4.90904
22.19 242.69 4.91243
22.2 243.615 4.916
22.21 244.543 4.91975
22.22 245.475 4.92369
22.23 246.41 4.92781
22.24 247.349 4.93213
22.25 248.292 4.93663
22.26 249.237 4.94133
22.27 250.187 4.94621
22.28 251.14 4.95129
22.29 252.097 4.95657
22.3 253.057 4.96204
22.31 254.021 4.96771
22.32 254.988 4.97357
22.33 255.959 4.97964
22.34 256.934 4.98591
22.35 257.912 4.99238
22.36 258.894 4.99905
22.37 259.88 5.00593
22.38 260.869 5.01302
22.39 261.862 5.02032
22.4 262.859 5.02783
22.41 263.859 5.03555
22.42 264.863 5.04348
22.43 265.871 5.05163
22.44 266.883 5.06
22.45 267.898 5.06859
22.46 268.917 5.07739
22.47 269.94 5.08642
22.48 270.967 5.09568
22.49 271.998 5.10516
22.5 273.032 5.11488
22.51 274.07 5.12482
22.52 275.112 5.135
22.53 276.158 5.14541
22.54 277.208 5.15605
22.55 278.261 5.16694
22.56 279.319 5.17807
22.57 280.38 5.18944
22.58 281.445 5.20106
22.59 282.515 5.21293
22.6 283.588 5.22505
22.61 284.665 5.23742
22.62 285.746 5.25005
22.63 286.831 5.26294
22.64 287.92 5.27608
22.65 289.013 5.28949
22.66 290.11 5.30317
22.67 291.21 5.31712
22.68 292.315 5.33134
22.69 293.424 5.34583
22.7 294.537 5.3606
22.71 295.654 5.37565
22.72 296.775 5.39099
22.73 297.9 5.40661
22.74 299.03 5.42252
22.75 300.163 5.43872
22.76 301.3 5.45522
22.77 302.442 5.47202
22.78 303.588 5.48913
22.79 304.737 5.50653
22.8 305.891 5.52425
22.81 307.049 5.54228
22.82 308.211 5.56063
22.83 309.378 5.5793
22.84 310.548 5.5983
22.85 311.723 5.61762
22.86 312.902 5.63727
22.87 314.085 5.65726
22.88 315.273 5.67759
22.89 316.464 5.69826
22.9 317.66 5.71929
22.91 318.86 5.74066
22.92 320.065 5.76239
22.93 321.273 5.78449
22.94 322.486 5.80695
22.95 323.703 5.82978
22.96 324.925 5.85298
22.97 326.15 5.87657
22.98 327.381 5.90054
22.99 328.615 5.9249
23 329.854 5.94965
23.01 331.097 5.97481
23.02 332.344 6.00037
23.03 333.596 6.02634
23.04 334.852 6.05272
23.05 336.113 6.07953
23.06 337.378 6.10677
23.07 338.647 6.13443
23.08 339.921 6.16254
23.09 341.199 6.19109
23.1 342.481 6.22009
23.11 343.768 6.24955
23.12 345.059 6.27948
23.13 346.355 6.30987
23.14 347.655 6.34074
23.15 348.96 6.37209
23.16 350.269 6.40393
23.17 351.583 6.43627
23.18 352.901 6.46911
23.19 354.223 6.50246
23.2 355.55 6.53633
23.21 356.882 6.57073
23.22 358.218 6.60566
23.23 359.558 6.64113
23.24 360.903 6.67715
23.25 362.253 6.71373
23.26 363.607 6.75088
23.27 364.965 6.78859
23.28 366.328 6.82689
23.29 367.696 6.86578
23.3 369.068 6.90527
23.31 370.445 6.94537
23.32 371.826 6.98609
23.33 373.211 7.02743
23.34 374.602 7.06942
23.35 375.996 7.11204
23.36 377.396 7.15533
23.37 378.799 7.19928
23.38 380.208 7.24391
23.39 381.621 7.28923
23.4 383.038 7.33525
23.41 384.46 7.38198
23.42 385.887 7.42942
23.43 387.318 7.4776
23.44 388.754 7.52653
23.45 390.194 7.57621
23.46 391.639 7.62665
23.47 393.088 7.67788
23.48 394.542 7.7299
23.49 396 7.78273
23.5 397.463 7.83638
23.51 398.931 7.89085
23.52 400.403 7.94618
23.53 401.88 8.00236
23.54 403.361 8.05942
23.55 404.847 8.11736
23.56 406.337 8.17621
23.57 407.831 8.23598
23.58 409.331 8.29668
23.59 410.834 8.35833
23.6 412.343 8.42095
23.61 413.855 8.48455
23.62 415.373 8.54914
23.63 416.894 8.61475
23.64 418.42 8.6814
23.65 419.951 8.74909
23.66 421.486 8.81786
23.67 423.026 8.88771
23.68 424.569 8.95866
23.69 426.118 9.03074
23.7 427.671 9.10397
23.71 429.228 9.17836
23.72 430.789 9.25393
23.73 432.355 9.33071
23.74 433.925 9.40872
23.75 435.5 9.48798
23.76 437.079 9.56851
23.77 438.662 9.65033
23.78 440.249 9.73347
23.79 441.841 9.81795
23.8 443.437 9.90379
23.81 445.037 9.99102
23.82 446.642 10.0797
23.83 448.25 10.1698
23.84 449.863 10.2613
23.85 451.48 10.3544
23.86 453.101 10.4489
23.87 454.726 10.545
23.88 456.355 10.6427
23.89 457.988 10.742
23.9 459.625 10.843
23.91 461.266 10.9456
23.92 462.912 11.0499
23.93 464.561 11.1559
23.94 466.213 11.2637
23.95 467.87 11.3733
23.96 469.531 11.4847
23.97 471.195 11.5979
23.98 472.863 11.7131
23.99 474.535 11.8302
24 476.21 11.9493
24.01 477.889 12.0704
24.02 479.572 12.1935
24.03 481.258 12.3187
24.04 482.948 12.446
24.05 484.641 12.5755
24.06 486.337 12.7073
24.07 488.037 12.8412
24.08 489.74 12.9775
24.09 491.446 13.1161
24.1 493.156 13.2571
24.11 494.869 13.4005
24.12 496.584 13.5464
24.13 498.303 13.6949
24.14 500.025 13.8459
24.15 501.749 13.9995
24.16 503.477 14.1558
24.17 505.207 14.3149
24.18 506.94 14.4767
24.19 508.675 14.6414
24.2 510.413 14.809
24.21 512.154 14.9796
24.22 513.897 15.1532
24.23 515.642 15.3298
24.24 517.39 15.5096
24.25 519.139 15.6926
24.26 520.891 15.8789
24.27 522.645 16.0685
24.28 524.4 16.2616
24.29 526.158 16.4581
24.3 527.917 16.6581
24.31 529.677 16.8618
24.32 531.44 17.0691
24.33 533.203 17.2802
24.34 534.968 17.4952
24.35 536.734 17.7141
24.36 538.501 17.937
24.37 540.269 18.164
24.38 542.038 18.3951
24.39 543.808 18.6306
24.4 545.578 18.8703
24.41 547.349 19.1146
24.42 549.12 19.3633
24.43 550.891 19.6167
24.44 552.663 19.8748
24.45 554.434 20.1377
24.46 556.205 20.4055
24.47 557.975 20.6784
24.48 559.745 20.9564
24.49 561.515 21.2396
24.5 563.283 21.5282
24.51 565.051 21.8223
24.52 566.817 22.1219
24.53 568.582 22.4273
24.54 570.346 22.7384
24.55 572.108 23.0555
24.56 573.867 23.3787
24.57 575.625 23.708
24.58 577.381 24.0437
24.59 579.133 24.3859
24.6 580.884 24.7346
24.61 582.631 25.0901
24.62 584.375 25.4525
24.63 586.116 25.8219
24.64 587.853 26.1986
24.65 589.587 26.5825
24.66 591.316 26.9739
24.67 593.041 27.373
24.68 594.762 27.7799
24.69 596.477 28.1948
24.7 598.188 28.6179
24.71 599.893 29.0493
24.72 601.593 29.4892
24.73 603.287 29.9378
24.74 604.974 30.3953
24.75 606.655 30.8618
24.76 608.33 31.3376
24.77 609.997 31.8229
24.78 611.657 32.3178
24.79 613.309 32.8226
24.8 614.952 33.3375
24.81 616.588 33.8627
24.82 618.215 34.3984
24.83 619.832 34.9449
24.84 621.44 35.5023
24.85 623.039 36.0709
24.86 624.627 36.651
24.87 626.204 37.2427
24.88 627.771 37.8464
24.89 629.325 38.4623
24.9 630.869 39.0906
24.91 632.399 39.7316
24.92 633.917 40.3856
24.93 635.422 41.0529
24.94 636.914 41.7336
24.95 638.391 42.4282
24.96 639.854 43.1369
24.97 641.302 43.8599
24.98 642.734 44.5977
24.99 644.15 45.3504
25 645.55 46.1185
25.01 646.933 46.9022
25.02 648.298 47.7018
25.03 649.645 48.5176
25.04 650.973 49.3501
25.05 652.283 50.1995
25.06 653.572 51.0662
25.07 654.841 51.9504
25.08 656.089 52.8527
25.09 657.315 53.7733
25.1 658.52 54.7126
25.11 659.701 55.6709
25.12 660.859 56.6487
25.13 661.993 57.6463
25.14 663.102 58.6641
25.15 664.185 59.7025
25.16 665.243 60.7619
25.17 666.273 61.8427
25.18 667.276 62.9452
25.19 668.251 64.0699
25.2 669.197 65.2173
25.21 670.113 66.3876
25.22 670.998 67.5814
25.23 671.853 68.7991
25.24 672.675 70.041
25.25 673.465 71.3077
25.26 674.221 72.5995
25.27 674.942 73.9169
25.28 675.629 75.2603
25.29 676.279 76.6302
25.3 676.893 78.027
25.31 677.469 79.4511
25.32 678.006 80.903
25.33 678.504 82.3832
25.34 678.962 83.8921
25.35 679.379 85.4301
25.36 679.754 86.9976
25.37 680.086 88.5952
25.38 680.374 90.2233
25.39 680.618 91.8822
25.4 680.816 93.5725
25.41 680.968 95.2945
25.42 681.072 97.0487
25.43 681.128 98.8355
25.44 681.135 100.655
25.45 681.092 102.509
25.46 680.998 104.396
25.47 680.852 106.317
25.48 680.654 108.273
25.49 680.401 110.264
25.5 680.095 112.29
25.51 679.732 114.352
25.52 679.314 116.45
25.53 678.838 118.585
25.54 678.304 120.756
25.55 677.712 122.964
25.56 677.059 125.209
25.57 676.346 127.492
25.58 675.571 129.813
25.59 674.734 132.172
25.6 673.834 134.568
25.61 672.871 137.004
25.62 671.842 139.477
25.63 670.749 141.99
25.64 669.589 144.541
25.65 668.362 147.131
25.66 667.069 149.759
25.67 665.707 152.427
25.68 664.276 155.133
25.69 662.777 157.879
25.7 661.207 160.662
25.71 659.568 163.485
25.72 657.857 166.346
25.73 656.076 169.245
25.74 654.223 172.183
25.75 652.298 175.158
25.76 650.301 178.17
25.77 648.231 181.219
25.78 646.089 184.306
25.79 643.873 187.428
25.8 641.585 190.586
25.81 639.224 193.78
25.82 636.79 197.007
25.83 634.282 200.269
25.84 631.702 203.565
25.85 629.048 206.892
25.86 626.323 210.252
25.87 623.524 213.642
25.88 620.654 217.063
25.89 617.712 220.513
25.9 614.699 223.99
25.91 611.615 227.495
25.92 608.461 231.026
25.93 605.237 234.582
25.94 601.945 238.162
25.95 598.584 241.764
25.96 595.156 245.387
25.97 591.662 249.03
25.98 588.103 252.691
25.99 584.479 256.369
26 580.791 260.063
26.01 577.042 263.771
26.02 573.232 267.491
26.03 569.362 271.222
26.04 565.433 274.963
26.05 561.448 278.71
26.06 557.407 282.464
26.07 553.312 286.221
26.08 549.164 289.981
26.09 544.966 293.741
26.1 540.718 297.499
26.11 536.423 301.254
26.12 532.082 305.004
26.13 527.697 308.746
26.14 523.27 312.48
26.15 518.803 316.202
26.16 514.298 319.911
26.17 509.756 323.605
26.18 505.18 327.282
26.19 500.571 330.94
26.2 495.932 334.578
26.21 491.265 338.192
26.22 486.572 341.781
26.23 481.854 345.343
26.24 477.115 348.876
26.25 472.355 352.379
26.26 467.578 355.849
26.27 462.786 359.284
26.28 457.98 362.683
26.29 453.162 366.043
26.3 448.336 369.364
26.31 443.502 372.642
26.32 438.663 375.877
26.33 433.821 379.066
26.34 428.978 382.209
26.35 424.137 385.303
26.36 419.298 388.347
26.37 414.465 391.339
26.38 409.639 394.278
26.39 404.822 397.162
26.4 400.016 399.991
26.41 395.223 402.762
26.42 390.444 405.475
26.43 385.682 408.128
26.44 380.937 410.721
26.45 376.213 413.252
26.46 371.51 415.72
26.47 366.83 418.124
26.48 362.175 420.464
26.49 357.545 422.738
26.5 352.944 424.946
26.51 348.371 427.087
26.52 343.828 429.161
26.53 339.317 431.167
26.54 334.839 433.104
26.55 330.395 434.972
26.56 325.985 436.771
26.57 321.612 438.501
26.58 317.277 440.161
26.59 312.979 441.75
26.6 308.72 443.27
26.61 304.501 444.719
26.62 300.323 446.098
26.63 296.186 447.407
26.64 292.091 448.646
26.65 288.039 449.815
26.66 284.031 450.915
26.67 280.066 451.945
26.68 276.145 452.906
26.69 272.27 453.798
26.7 268.439 454.622
26.71 264.654 455.378
26.72 260.915 456.067
26.73 257.222 456.689
26.74 253.575 457.244
26.75 249.975 457.734
26.76 246.421 458.159
26.77 242.914 458.519
26.78 239.454 458.816
26.79 236.041 459.05
26.8 232.674 459.222
26.81 229.354 459.332
26.82 226.081 459.382
26.83 222.854 459.372
26.84 219.674 459.304
26.85 216.54 459.177
26.86 213.452 458.993
26.87 210.41 458.753
26.88 207.413 458.458
26.89 204.462 458.109
26.9 201.555 457.706
26.91 198.694 457.25
26.92 195.876 456.744
26.93 193.103 456.187
26.94 190.374 455.58
26.95 187.688 454.925
26.96 185.045 454.222
26.97 182.444 453.473
26.98 179.885 452.679
26.99 177.368 451.84
27 174.893 450.957
27.01 172.458 450.033
27.02 170.063 449.066
27.03 167.709 448.059
27.04 165.393 447.013
27.05 163.117 445.928
27.06 160.879 444.806
27.07 158.679 443.647
27.08 156.516 442.452
27.09 154.391 441.223
27.1 152.302 439.96
27.11 150.249 438.664
27.12 148.231 437.337
27.13 146.248 435.979
27.14 144.3 434.591
27.15 142.385 433.173
27.16 140.505 431.728
27.17 138.657 430.255
27.18 136.841 428.756
27.19 135.057 427.232
27.2 133.305 425.683
27.21 131.584 424.109
27.22 129.893 422.513
27.23 128.232 420.895
27.24 126.601 419.255
27.25 124.999 417.595
27.26 123.425 415.915
27.27 121.879 414.215
27.28 120.361 412.498
27.29 118.87 410.763
27.3 117.406 409.011
27.31 115.968 407.242
27.32 114.555 405.459
27.33 113.168 403.66
27.34 111.806 401.847
27.35 110.468 400.021
27.36 109.154 398.182
27.37 107.864 396.331
27.38 106.597 394.469
27.39 105.353 392.595
27.4 104.131 390.711
27.41 102.931 388.817
27.42 101.753 386.914
27.43 100.595 385.003
27.44 99.4589 383.083
27.45 98.3428 381.155
27.46 97.2468 379.221
27.47 96.1704 377.28
27.48 95.1134 375.333
27.49 94.0753 373.38
27.5 93.0558 371.422
27.51 92.0546 369.459
27.52 91.0713 367.493
27.53 90.1056 365.522
27.54 89.1572 363.548
27.55 88.2257 361.571
27.56 87.3109 359.592
27.57 86.4124 357.611
27.58 85.5299 355.627
27.59 84.6632 353.643
27.6 83.8119 351.657
27.61 82.9758 349.671
27.62 82.1545 347.684
27.63 81.3478 345.698
27.64 80.5554 343.712
27.65 79.7771 341.726
27.66 79.0126 339.742
27.67 78.2616 337.758
27.68 77.5239 335.777
27.69 76.7993 333.797
27.7 76.0874 331.819
27.71 75.3881 329.844
27.72 74.7011 327.872
27.73 74.0263 325.902
27.74 73.3633 323.935
27.75 72.7119 321.972
27.76 72.072 320.013
27.77 71.4433 318.057
27.78 70.8256 316.106
27.79 70.2188 314.158
27.8 69.6225 312.216
27.81 69.0367 310.278
27.82 68.4611 308.344
27.83 67.8955 306.416
27.84 67.3399 304.493
27.85 66.7938 302.576
27.86 66.2573 300.664
27.87 65.7302 298.758
27.88 65.2121 296.857
27.89 64.7031 294.963
27.9 64.2029 293.075
27.91 63.7114 291.193
27.92 63.2284 289.318
27.93 62.7537 287.449
27.94 62.2873 285.587
27.95 61.8289 283.731
27.96 61.3784 281.883
27.97 60.9357 280.042
27.98 60.5007 278.207
27.99 60.0732 276.38
28 59.653 274.561
28.01 59.2401 272.749
28.02 58.8343 270.944
28.03 58.4354 269.147
28.04 58.0435 267.358
28.05 57.6583 265.576
28.06 57.2797 263.802
28.07 56.9076 262.036
28.08 56.542 260.279
28.09 56.1826 258.529
28.1 55.8294 256.787
28.11 55.4823 255.053
28.12 55.1412 253.328
28.13 54.8059 251.611
28.14 54.4764 249.902
28.15 54.1526 248.202
28.16 53.8343 246.51
28.17 53.5216 244.826
28.18 53.2142 243.151
28.19 52.9121 241.485
28.2 52.6153 239.827
28.21 52.3235 238.177
28.22 52.0368 236.537
28.23 51.7551 234.904
28.24 51.4782 233.281
28.25 51.2062 231.666
28.26 50.9388 230.06
28.27 50.6762 228.463
28.28 50.418 226.874
28.29 50.1644 225.294
28.3 49.9152 223.723
28.31 49.6703 222.16
28.32 49.4297 220.607
28.33 49.1934 219.062
28.34 48.9612 217.526
28.35 48.733 215.998
28.36 48.5089 214.48
28.37 48.2887 212.97
28.38 48.0725 211.469
28.39 47.86 209.977
28.4 47.6514 208.493
28.41 47.4464 207.019
28.42 47.2451 205.553
28.43 47.0474 204.096
28.44 46.8533 202.647
28.45 46.6627 201.208
28.46 46.4755 199.777
28.47 46.2917 198.354
28.48 46.1112 196.941
28.49 45.9341 195.536
28.5 45.7601 194.14
28.51 45.5894 192.752
28.52 45.4219 191.373
28.53 45.2574 190.003
28.54 45.096 188.641
28.55 44.9376 187.288
28.56 44.7822 185.943
28.57 44.6297 184.607
28.58 44.4801 183.279
28.59 44.3333 181.96
28.6 44.1894 180.649
28.61 44.0482 179.347
28.62 43.9097 178.053
28.63 43.774 176.768
28.64 43.6409 175.49
28.65 43.5104 174.221
28.66 43.3825 172.961
28.67 43.2572 171.708
28.68 43.1344 170.464
28.69 43.014 169.228
28.7 42.8961 168
28.71 42.7807 166.781
28.72 42.6676 165.569
28.73 42.5568 164.366
28.74 42.4484 163.17
28.75 42.3423 161.983
28.76 42.2385 160.803
28.77 42.1368 159.632
28.78 42.0374 158.468
28.79 41.9402 157.312
28.8 41.8451 156.164
28.81 41.7522 155.024
28.82 41.6613 153.891
28.83 41.5726 152.767
28.84 41.4858 151.65
28.85 41.4011 150.54
28.86 41.3184 149.439
28.87 41.2377 148.344
28.88 41.1589 147.258
28.89 41.0821 146.179
28.9 41.0072 145.107
28.91 40.9341 144.043
28.92 40.8629 142.986
28.93 40.7936 141.936
28.94 40.7261 140.894
28.95 40.6603 139.859
28.96 40.5964 138.832
28.97 40.5342 137.811
28.98 40.4738 136.798
28.99 40.4151 135.792
29 40.358 134.793
29.01 40.3027 133.801
29.02 40.2491 132.816
29.03 40.1971 131.838
29.04 40.1467 130.867
29.05 40.0979 129.902
29.06 40.0507 128.945
29.07 40.0052 127.995
29.08 39.9611 127.051
29.09 39.9187 126.114
29.1 39.8777 125.183
29.11 39.8383 124.26
29.12 39.8004 123.343
29.13 39.764 122.432
29.14 39.7291 121.528
29.15 39.6956 120.631
29.16 39.6635 119.74
29.17 39.6329 118.856
29.18 39.6037 117.978
29.19 39.576 117.106
29.2 39.5496 116.24
29.21 39.5246 115.381
29.22 39.5009 114.528
29.23 39.4787 113.682
29.24 39.4577 112.841
29.25 39.4381 112.007
29.26 39.4198 111.178
29.27 39.4029 110.356
29.28 39.3872 109.54
29.29 39.3728 108.73
29.3 39.3597 107.925
29.31 39.3479 107.127
29.32 39.3373 106.334
29.33 39.3279 105.547
29.34 39.3198 104.766
29.35 39.3129 103.991
29.36 39.3072 103.222
29.37 39.3028 102.458
29.38 39.2995 101.699
29.39 39.2974 100.947
29.4 39.2965 100.2
29.41 39.2968 99.4582
29.42 39.2982 98.7221
29.43 39.3008 97.9915
29.44 39.3046 97.2664
29.45 39.3094 96.5466
29.46 39.3154 95.8321
29.47 39.3225 95.123
29.48 39.3307 94.4192
29.49 39.3401 93.7205
29.5 39.3505 93.0271
29.51 39.362 92.3389
29.52 39.3746 91.6558
29.53 39.3883 90.9778
29.54 39.4031 90.3049
29.55 39.4189 89.637
29.56 39.4357 88.974
29.57 39.4537 88.3161
29.58 39.4726 87.6631
29.59 39.4926 87.015
29.6 39.5136 86.3717
29.61 39.5357 85.7333
29.62 39.5588 85.0997
29.63 39.5828 84.4708
29.64 39.6079 83.8467
29.65 39.634 83.2272
29.66 39.6611 82.6125
29.67 39.6892 82.0023
29.68 39.7183 81.3968
29.69 39.7483 80.7958
29.7 39.7793 80.1994
29.71 39.8113 79.6074
29.72 39.8443 79.02
29.73 39.8782 78.4369
29.74 39.9131 77.8583
29.75 39.9489 77.2841
29.76 39.9857 76.7142
29.77 40.0234 76.1486
29.78 40.062 75.5873
29.79 40.1016 75.0303
29.8 40.1421 74.4775
29.81 40.1836 73.9289
29.82 40.2259 73.3844
29.83 40.2692 72.8441
29.84 40.3134 72.3079
29.85 40.3585 71.7757
29.86 40.4045 71.2476
29.87 40.4515 70.7236
29.88 40.4993 70.2035
29.89 40.548 69.6874
29.9 40.5976 69.1752
29.91 40.6481 68.6669
29.92 40.6995 68.1624
29.93 40.7518 67.6619
29.94 40.8049 67.1651
29.95 40.859 66.6721
29.96 40.9139 66.1829
29.97 40.9696 65.6975
29.98 41.0263 65.2157
29.99 41.0838 64.7376
30 41.1422 64.2632
30.01 41.2014 63.7924
30.02 41.2615 63.3252
30.03 41.3225 62.8615
30.04 41.3843 62.4015
30.05 41.447 61.9449
30.06 41.5105 61.4918
30.07 41.5748 61.0422
30.08 41.6401 60.5961
30.09 41.7061 60.1534
30.1 41.773 59.714
30.11 41.8407 59.2781
30.12 41.9093 58.8454
30.13 41.9787 58.4161
30.14 42.049 57.9901
30.15 42.12 57.5674
30.16 42.1919 57.1479
30.17 42.2647 56.7316
30.18 42.3382 56.3185
30.19 42.4126 55.9086
30.2 42.4878 55.5019
30.21 42.5639 55.0982
30.22 42.6407 54.6977
30.23 42.7184 54.3002
30.24 42.7969 53.9059
30.25 42.8762 53.5145
30.26 42.9564 53.1261
30.27 43.0373 52.7408
30.28 43.1191 52.3584
30.29 43.2017 51.9789
30.3 43.285 51.6024
30.31 43.3692 51.2288
30.32 43.4543 50.858
30.33 43.5401 50.4901
30.34 43.6267 50.1251
30.35 43.7141 49.7628
30.36 43.8024 49.4033
30.37 43.8914 49.0467
30.38 43.9813 48.6927
30.39 44.072 48.3415
30.4 44.1634 47.993
30.41 44.2557 47.6472
30.42 44.3488 47.304
30.43 44.4427 46.9635
30.44 44.5374 46.6257
30.45 44.6328 46.2904
30.46 44.7291 45.9577
30.47 44.8262 45.6276
30.48 44.9241 45.3
30.49 45.0228 44.975
30.5 45.1223 44.6525
30.51 45.2226 44.3324
30.52 45.3237 44.0149
30.53 45.4256 43.6998
30.54 45.5283 43.3871
30.55 45.6318 43.0768
30.56 45.7361 42.7689
30.57 45.8412 42.4635
30.58 45.9471 42.1603
30.59 46.0538 41.8595
30.6 46.1613 41.5611
30.61 46.2696 41.2649
30.62 46.3787 40.971
30.63 46.4886 40.6794
30.64 46.5993 40.3901
30.65 46.7109 40.103
30.66 46.8232 39.8181
30.67 46.9363 39.5354
30.68 47.0502 39.2549
30.69 47.1649 38.9766
30.7 47.2805 38.7004
30.71 47.3968 38.4263
30.72 47.5139 38.1544
30.73 47.6319 37.8846
30.74 47.7506 37.6168
30.75 47.8702 37.3512
30.76 47.9906 37.0876
30.77 48.1117 36.826
30.78 48.2337 36.5664
30.79 48.3565 36.3089
30.8 48.4801 36.0533
30.81 48.6045 35.7997
30.82 48.7297 35.5481
30.83 48.8558 35.2984
30.84 48.9826 35.0507
30.85 49.1103 34.8049
30.86 49.2388 34.561
30.87 49.368 34.3189
30.88 49.4982 34.0788
30.89 49.6291 33.8404
30.9 49.7608 33.604
30.91 49.8934 33.3693
30.92 50.0268 33.1365
30.93 50.161 32.9055
30.94 50.296 32.6763
30.95 50.4319 32.4488
30.96 50.5686 32.2231
30.97 50.7061 31.9991
30.98 50.8444 31.7769
30.99 50.9836 31.5564
31 51.1236 31.3376
31.01 51.2644 31.1205
31.02 51.4061 30.9051
31.03 51.5486 30.6913
31.04 51.6919 30.4792
31.05 51.836 30.2687
31.06 51.9811 30.0599
31.07 52.1269 29.8526
31.08 52.2736 29.647
31.09 52.4211 29.443
31.1 52.5695 29.2405
31.11 52.7187 29.0396
31.12 52.8687 28.8402
31.13 53.0197 28.6424
31.14 53.1714 28.4462
31.15 53.324 28.2514
31.16 53.4775 28.0582
31.17 53.6318 27.8664
31.18 53.787 27.6761
31.19 53.943 27.4873
31.2 54.0999 27.3
31.21 54.2577 27.1141
31.22 54.4163 26.9296
31.23 54.5758 26.7466
31.24 54.7361 26.5649
31.25 54.8973 26.3847
31.26 55.0594 26.2059
31.27 55.2224 26.0284
31.28 55.3862 25.8524
31.29 55.5509 25.6776
31.3 55.7165 25.5043
31.31 55.883 25.3322
31.32 56.0503 25.1615
31.33 56.2185 24.9921
31.34 56.3877 24.8241
31.35 56.5577 24.6573
31.36 56.7286 24.4918
31.37 56.9003 24.3276
31.38 57.073 24.1646
31.39 57.2466 24.003
31.4 57.4211 23.8425
31.41 57.5964 23.6833
31.42 57.7727 23.5253
31.43 57.9499 23.3686
31.44 58.128 23.213
31.45 58.307 23.0587
31.46 58.4869 22.9055
31.47 58.6677 22.7536
31.48 58.8494 22.6028
31.49 59.0321 22.4531
31.5 59.2156 22.3046
31.51 59.4001 22.1573
31.52 59.5856 22.0111
31.53 59.7719 21.866
31.54 59.9592 21.7221
31.55 60.1474 21.5792
31.56 60.3365 21.4375
31.57 60.5266 21.2968
31.58 60.7176 21.1572
31.59 60.9096 21.0187
31.6 61.1025 20.8813
31.61 61.2963 20.745
31.62 61.4911 20.6096
31.63 61.6869 20.4754
31.64 61.8836 20.3421
31.65 62.0812 20.2099
31.66 62.2798 20.0787
31.67 62.4794 19.9485
31.68 62.68 19.8193
31.69 62.8815 19.6912
31.7 63.084 19.564
31.71 63.2874 19.4377
31.72 63.4919 19.3125
31.73 63.6973 19.1882
31.74 63.9037 19.0649
31.75 64.111 18.9425
31.76 64.3194 18.8211
31.77 64.5287 18.7006
31.78 64.7391 18.581
31.79 64.9504 18.4623
31.8 65.1628 18.3446
31.81 65.3761 18.2278
31.82 65.5904 18.1118
31.83 65.8058 17.9968
31.84 66.0221 17.8826
31.85 66.2395 17.7693
31.86 66.4579 17.6569
31.87 66.6773 17.5454
31.88 66.8977 17.4347
31.89 67.1192 17.3249
31.9 67.3416 17.2159
31.91 67.5652 17.1077
31.92 67.7897 17.0004
31.93 68.0153 16.8939
31.94 68.2419 16.7882
31.95 68.4696 16.6834
31.96 68.6983 16.5793
31.97 68.928 16.4761
31.98 69.1588 16.3736
31.99 69.3907 16.2719
32 69.6236 16.171
32.01 69.8576 16.0709
32.02 70.0927 15.9716
32.03 70.3288 15.873
32.04 70.566 15.7752
32.05 70.8043 15.6781
32.06 71.0436 15.5818
32.07 71.2841 15.4862
32.08 71.5256 15.3913
32.09 71.7682 15.2972
32.1 72.0119 15.2038
32.11 72.2567 15.1111
32.12 72.5026 15.0192
32.13 72.7496 14.9279
32.14 72.9977 14.8373
32.15 73.247 14.7475
32.16 73.4973 14.6583
32.17 73.7488 14.5698
32.18 74.0013 14.482
32.19 74.255 14.3949
32.2 74.5099 14.3084
32.21 74.7658 14.2226
32.22 75.0229 14.1375
32.23 75.2812 14.053
32.24 75.5405 13.9691
32.25 75.8011 13.8859
32.26 76.0627 13.8034
32.27 76.3256 13.7215
32.28 76.5896 13.6402
32.29 76.8547 13.5595
32.3 77.121 13.4795
32.31 77.3885 13.4001
32.32 77.6572 13.3212
32.33 77.927 13.243
32.34 78.198 13.1654
32.35 78.4702 13.0884
32.36 78.7436 13.012
32.37 79.0182 12.9362
32.38 79.294 12.8609
32.39 79.571 12.7863
32.4 79.8492 12.7122
32.41 80.1286 12.6386
32.42 80.4092 12.5657
32.43 80.691 12.4933
32.44 80.9741 12.4214
32.45 81.2584 12.3502
32.46 81.5439 12.2794
32.47 81.8306 12.2092
32.48 82.1186 12.1396
32.49 82.4078 12.0705
32.5 82.6983 12.0019
32.51 82.99 11.9338
32.52 83.283 11.8663
32.53 83.5772 11.7993
32.54 83.8727 11.7328
32.55 84.1695 11.6668
32.56 84.4675 11.6014
32.57 84.7668 11.5364
32.58 85.0674 11.4719
32.59 85.3693 11.408
32.6 85.6724 11.3445
32.61 85.9769 11.2815
32.62 86.2827 11.219
32.63 86.5897 11.157
32.64 86.8981 11.0955
32.65 87.2078 11.0344
32.66 87.5188 10.9739
32.67 87.8311 10.9137
32.68 88.1447 10.8541
32.69 88.4597 10.7949
32.7 88.776 10.7362
32.71 89.0937 10.6779
32.72 89.4127 10.6201
32.73 89.733 10.5627
32.74 90.0547 10.5058
32.75 90.3778 10.4493
32.76 90.7022 10.3932
32.77 91.028 10.3376
32.78 91.3551 10.2824
32.79 91.6837 10.2277
32.8 92.0136 10.1734
32.81 92.3449 10.1195
32.82 92.6776 10.066
32.83 93.0117 10.0129
32.84 93.3472 9.96024
32.85 93.6841 9.908
32.86 94.0224 9.85616
32.87 94.3621 9.80472
32.88 94.7033 9.75368
32.89 95.0458 9.70305
32.9 95.3899 9.65281
32.91 95.7353 9.60296
32.92 96.0822 9.5535
32.93 96.4305 9.50443
32.94 96.7803 9.45574
32.95 97.1316 9.40744
32.96 97.4843 9.35951
32.97 97.8384 9.31196
32.98 98.1941 9.26478
32.99 98.5512 9.21797
33 98.9098 9.17153
33.01 99.2699 9.12545
33.02 99.6315 9.07974
33.03 99.9946 9.03439
33.04 100.359 8.98939
33.05 100.725 8.94475
33.06 101.093 8.90046
33.07 101.462 8.85652
33.08 101.833 8.81293
33.09 102.205 8.76968
33.1 102.579 8.72678
33.11 102.954 8.68422
33.12 103.331 8.64199
33.13 103.709 8.6001
33.14 104.089 8.55854
33.15 104.471 8.51731
33.16 104.854 8.47641
33.17 105.238 8.43584
33.18 105.625 8.39559
33.19 106.012 8.35566
33.2 106.402 8.31605
33.21 106.793 8.27676
33.22 107.185 8.23778
33.23 107.58 8.19911
33.24 107.976 8.16076
33.25 108.373 8.12271
33.26 108.772 8.08497
33.27 109.173 8.04754
33.28 109.575 8.0104
33.29 109.979 7.97357
33.3 110.385 7.93703
33.31 110.792 7.90079
33.32 111.201 7.86484
33.33 111.612 7.82919
33.34 112.024 7.79382
33.35 112.438 7.75875
33.36 112.854 7.72396
33.37 113.271 7.68945
33.38 113.69 7.65523
33.39 114.111 7.62128
33.4 114.534 7.58762
33.41 114.958 7.55423
33.42 115.384 7.52111
33.43 115.812 7.48827
33.44 116.241 7.4557
33.45 116.672 7.4234
33.46 117.105 7.39137
33.47 117.54 7.3596
33.48 117.976 7.3281
33.49 118.414 7.29686
33.5 118.854 7.26588
33.51 119.296 7.23516
33.52 119.74 7.2047
33.53 120.185 7.17449
33.54 120.632 7.14454
33.55 121.081 7.11483
33.56 121.532 7.08539
33.57 121.985 7.05619
33.58 122.439 7.02723
33.59 122.895 6.99853
33.6 123.353 6.97007
33.61 123.813 6.94185
33.62 124.275 6.91387
33.63 124.739 6.88614
33.64 125.204 6.85864
33.65 125.672 6.83138
33.66 126.141 6.80435
33.67 126.612 6.77756
33.68 127.085 6.75101
33.69 127.56 6.72468
33.7 128.037 6.69859
33.71 128.516 6.67272
33.72 128.997 6.64708
33.73 129.479 6.62167
33.74 129.964 6.59648
33.75 130.45 6.57152
33.76 130.939 6.54677
33.77 131.429 6.52225
33.78 131.922 6.49795
33.79 132.416 6.47387
33.8 132.913 6.45
33.81 133.411 6.42635
33.82 133.911 6.40291
33.83 134.414 6.37969
33.84 134.918 6.35668
33.85 135.424 6.33388
33.86 135.933 6.31129
33.87 136.443 6.28891
33.88 136.956 6.26673
33.89 137.47 6.24477
33.9 137.987 6.22301
33.91 138.505 6.20145
33.92 139.026 6.18009
33.93 139.549 6.15894
33.94 140.074 6.13799
33.95 140.601 6.11724
33.96 141.13 6.09669
33.97 141.661 6.07633
33.98 142.194 6.05617
33.99 142.729 6.03621
34 143.267 6.01645
34.01 143.807 5.99687
34.02 144.348 5.97749
34.03 144.892 5.95831
34.04 145.439 5.93931
34.05 145.987 5.9205
34.06 146.537 5.90188
34.07 147.09 5.88346
34.08 147.645 5.86521
34.09 148.202 5.84716
34.1 148.761 5.82929
34.11 149.323 5.81161
34.12 149.886 5.7941
34.13 150.452 5.77679
34.14 151.02 5.75965
34.15 151.591 5.7427
34.16 152.163 5.72593
34.17 152.738 5.70933
34.18 153.316 5.69292
34.19 153.895 5.67669
34.2 154.477 5.66063
34.21 155.061 5.64475
34.22 155.647 5.62905
34.23 156.236 5.61352
34.24 156.827 5.59817
34.25 157.42 5.58299
34.26 158.016 5.56798
34.27 158.614 5.55315
34.28 159.215 5.53849
34.29 159.817 5.524
34.3 160.422 5.50968
34.31 161.03 5.49554
34.32 161.64 5.48156
34.33 162.252 5.46775
34.34 162.867 5.45411
34.35 163.484 5.44064
34.36 164.104 5.42734
34.37 164.726 5.4142
34.38 165.35 5.40123
34.39 165.977 5.38843
34.4 166.606 5.37579
34.41 167.238 5.36331
34.42 167.873 5.351
34.43 168.509 5.33886
34.44 169.149 5.32688
34.45 169.79 5.31506
34.46 170.435 5.3034
34.47 171.082 5.29191
34.48 171.731 5.28057
34.49 172.383 5.2694
34.5 173.037 5.25839
34.51 173.694 5.24754
34.52 174.354 5.23685
34.53 175.016 5.22632
34.54 175.681 5.21595
34.55 176.348 5.20574
34.56 177.018 5.19569
34.57 177.691 5.1858
34.58 178.366 5.17607
34.59 179.044 5.16649
34.6 179.725 5.15707
34.61 180.408 5.14781
34.62 181.093 5.13871
34.63 181.782 5.12976
34.64 182.473 5.12097
34.65 183.167 5.11234
34.66 183.864 5.10386
34.67 184.563 5.09554
34.68 185.265 5.08738
34.69 185.97 5.07937
34.7 186.677 5.07152
34.71 187.387 5.06382
34.72 188.1 5.05628
34.73 188.816 5.0489
34.74 189.534 5.04167
34.75 190.256 5.03459
34.76 190.98 5.02767
34.77 191.707 5.02091
34.78 192.437 5.0143
34.79 193.169 5.00785
34.8 193.905 5.00155
34.81 194.643 4.9954
34.82 195.384 4.98942
34.83 196.128 4.98358
34.84 196.875 4.9779
34.85 197.624 4.97238
34.86 198.377 4.96701
34.87 199.133 4.9618
34.88 199.891 4.95675
34.89 200.653 4.95185
34.9 201.417 4.9471
34.91 202.184 4.94251
34.92 202.954 4.93808
34.93 203.728 4.9338
34.94 204.504 4.92968
34.95 205.283 4.92572
34.96 206.065 4.92191
34.97 206.85 4.91827
34.98 207.639 4.91477
34.99 208.43 4.91144
35 209.224 4.90826
35.01 210.021 4.90524
35.02 210.822 4.90238
35.03 211.625 4.89968
35.04 212.432 4.89714
35.05 213.242 4.89476
35.06 214.054 4.89254
35.07 214.87 4.89048
35.08 215.689 4.88858
35.09 216.511 4.88684
35.1 217.337 4.88526
35.11 218.165 4.88384
35.12 218.997 4.88259
35.13 219.832 4.8815
35.14 220.67 4.88057
35.15 221.511 4.87981
35.16 222.355 4.87921
35.17 223.203 4.87877
35.18 224.054 4.87851
35.19 224.908 4.8784
35.2 225.765 4.87847
35.21 226.626 4.8787
35.22 227.49 4.8791
35.23 228.357 4.87967
35.24 229.228 4.88042
35.25 230.101 4.88133
35.26 230.978 4.88241
35.27 231.859 4.88366
35.28 232.743 4.88509
35.29 233.63 4.88669
35.3 234.52 4.88846
35.31 235.414 4.89041
35.32 236.312 4.89254
35.33 237.212 4.89484
35.34 238.117 4.89732
35.35 239.024 4.89998
35.36 239.935 4.90282
35.37 240.849 4.90584
35.38 241.767 4.90904
35.39 242.689 4.91242
35.4 243.613 4.91599
35.41 244.542 4.91974
35.42 245.474 4.92368
35.43 246.409 4.92781
35.44 247.348 4.93212
35.45 248.29 4.93662
35.46 249.236 4.94132
35.47 250.185 4.94621
35.48 251.138 4.95129
35.49 252.095 4.95656
35.5 253.055 4.96203
35.51 254.019 4.9677
35.52 254.986 4.97356
35.53 255.957 4.97963
35.54 256.932 4.9859
35.55 257.91 4.99237
35.56 258.892 4.99904
35.57 259.878 5.00592
35.58 260.867 5.01301
35.59 261.86 5.02031
35.6 262.857 5.02781
35.61 263.857 5.03553
35.62 264.862 5.04347
35.63 265.87 5.05162
35.64 266.881 5.05998
35.65 267.897 5.06857
35.66 268.916 5.07738
35.67 269.939 5.08641
35.68 270.965 5.09567
35.69 271.996 5.10515
35.7 273.03 5.11486
35.71 274.068 5.1248
35.72 275.11 5.13498
35.73 276.156 5.14539
35.74 277.206 5.15604
35.75 278.26 5.16692
35.76 279.317 5.17805
35.77 280.378 5.18942
35.78 281.444 5.20104
35.79 282.513 5.21291
35.8 283.586 5.22503
35.81 284.663 5.2374
35.82 285.744 5.25003
35.83 286.829 5.26291
35.84 287.918 5.27606
35.85 289.011 5.28947
35.86 290.108 5.30315
35.87 291.209 5.31709
35.88 292.313 5.33131
35.89 293.422 5.34581
35.9 294.535 5.36058
35.91 295.652 5.37563
35.92 296.773 5.39096
35.93 297.899 5.40658
35.94 299.028 5.42249
35.95 300.161 5.4387
35.96 301.299 5.4552
35.97 302.44 5.47199
35.98 303.586 5.4891
35.99 304.735 5.5065
36 305.889 5.52422
36.01 307.047 5.54225
36.02 308.21 5.5606
36.03 309.376 5.57927
36.04 310.546 5.59826
36.05 311.721 5.61759
36.06 312.9 5.63724
36.07 314.083 5.65723
36.08 315.271 5.67756
36.09 316.462 5.69823
36.1 317.658 5.71925
36.11 318.858 5.74063
36.12 320.063 5.76236
36.13 321.271 5.78445
36.14 322.484 5.80691
36.15 323.701 5.82974
36.16 324.923 5.85294
36.17 326.148 5.87653
36.18 327.379 5.9005
36.19 328.613 5.92486
36.2 329.852 5.94961
36.21 331.095 5.97476
36.22 332.342 6.00032
36.23 333.594 6.02629
36.24 334.85 6.05268
36.25 336.111 6.07949
36.26 337.376 6.10672
36.27 338.645 6.13439
36.28 339.918 6.16249
36.29 341.197 6.19104
36.3 342.479 6.22005
36.31 343.766 6.2495
36.32 345.057 6.27943
36.33 346.353 6.30982
36.34 347.653 6.34069
36.35 348.958 6.37204
36.36 350.267 6.40388
36.37 351.581 6.43621
36.38 352.899 6.46906
36.39 354.221 6.50241
36.4 355.548 6.53628
36.41 356.88 6.57067
36.42 358.216 6.6056
36.43 359.556 6.64107
36.44 360.901 6.67709
36.45 362.251 6.71367
36.46 363.605 6.75081
36.47 364.963 6.78853
36.48 366.326 6.82683
36.49 367.694 6.86572
36.5 369.066 6.90521
36.51 370.442 6.9453
36.52 371.823 6.98602
36.53 373.209 7.02736
36.54 374.599 7.06935
36.55 375.994 7.11197
36.56 377.393 7.15526
36.57 378.797 7.19921
36.58 380.205 7.24384
36.59 381.618 7.28916
36.6 383.036 7.33517
36.61 384.458 7.3819
36.62 385.884 7.42934
36.63 387.316 7.47752
36.64 388.751 7.52644
36.65 390.192 7.57612
36.66 391.636 7.62657
36.67 393.086 7.6778
36.68 394.54 7.72982
36.69 395.998 7.78264
36.7 397.461 7.83629
36.71 398.929 7.89076
36.72 400.401 7.94608
36.73 401.877 8.00227
36.74 403.358 8.05932
36.75 404.844 8.11727
36.76 406.334 8.17612
36.77 407.829 8.23588
36.78 409.328 8.29658
36.79 410.832 8.35823
36.8 412.34 8.42084
36.81 413.853 8.48444
36.82 415.37 8.54904
36.83 416.892 8.61464
36.84 418.418 8.68129
36.85 419.948 8.74898
36.86 421.483 8.81774
36.87 423.023 8.88759
36.88 424.567 8.95854
36.89 426.115 9.03062
36.9 427.668 9.10385
36.91 429.225 9.17823
36.92 430.787 9.25381
36.93 432.352 9.33059
36.94 433.923 9.40859
36.95 435.497 9.48785
36.96 437.076 9.56837
36.97 438.659 9.65019
36.98 440.247 9.73333
36.99 441.838 9.81781
37 443.434 9.90365
37.01 445.035 9.99088
37.02 446.639 10.0795
37.03 448.248 10.1696
37.04 449.86 10.2612
37.05 451.477 10.3542
37.06 453.098 10.4488
37.07 454.723 10.5449
37.08 456.352 10.6426
37.09 457.985 10.7419
37.1 459.623 10.8428
37.11 461.264 10.9454
37.12 462.909 11.0497
37.13 464.558 11.1557
37.14 466.211 11.2635
37.15 467.867 11.3731
37.16 469.528 11.4845
37.17 471.192 11.5977
37.18 472.86 11.7129
37.19 474.532 11.83
37.2 476.207 11.9491
37.21 477.886 12.0702
37.22 479.569 12.1933
37.23 481.255 12.3185
37.24 482.945 12.4458
37.25 484.638 12.5753
37.26 486.334 12.707
37.27 488.034 12.841
37.28 489.737 12.9773
37.29 491.444 13.1159
37.3 493.153 13.2569
37.31 494.866 13.4003
37.32 496.581 13.5462
37.33 498.3 13.6946
37.34 500.022 13.8456
37.35 501.747 13.9992
37.36 503.474 14.1556
37.37 505.204 14.3146
37.38 506.937 14.4765
37.39 508.673 14.6412
37.4 510.411 14.8087
37.41 512.151 14.9793
37.42 513.894 15.1529
37.43 515.639 15.3295
37.44 517.387 15.5093
37.45 519.136 15.6923
37.46 520.888 15.8786
37.47 522.642 16.0682
37.48 524.397 16.2612
37.49 526.155 16.4577
37.5 527.914 16.6578
37.51 529.674 16.8614
37.52 531.437 17.0688
37.53 533.2 17.2799
37.54 534.965 17.4948
37.55 536.731 17.7137
37.56 538.498 17.9366
37.57 540.266 18.1636
37.58 542.035 18.3948
37.59 543.805 18.6302
37.6 545.575 18.8699
37.61 547.346 19.1141
37.62 549.117 19.3629
37.63 550.888 19.6162
37.64 552.66 19.8743
37.65 554.431 20.1372
37.66 556.202 20.4051
37.67 557.972 20.6779
37.68 559.743 20.9559
37.69 561.512 21.2392
37.7 563.281 21.5277
37.71 565.048 21.8218
37.72 566.814 22.1214
37.73 568.579 22.4267
37.74 570.343 22.7379
37.75 572.105 23.055
37.76 573.864 23.3781
37.77 575.622 23.7075
37.78 577.378 24.0432
37.79 579.131 24.3853
37.8 580.881 24.7341
37.81 582.628 25.0895
37.82 584.372 25.4519
37.83 586.113 25.8213
37.84 587.85 26.1979
37.85 589.584 26.5819
37.86 591.313 26.9733
37.87 593.038 27.3724
37.88 594.759 27.7793
37.89 596.475 28.1942
37.9 598.185 28.6172
37.91 599.89 29.0486
37.92 601.59 29.4885
37.93 603.284 29.937
37.94 604.971 30.3945
37.95 606.653 30.861
37.96 608.327 31.3368
37.97 609.994 31.8221
37.98 611.654 32.317
37.99 613.306 32.8218
38 614.95 33.3367
38.01 616.585 33.8618
38.02 618.212 34.3975
38.03 619.83 34.9439
38.04 621.438 35.5013
38.05 623.036 36.0699
38.06 624.624 36.65
38.07 626.202 37.2417
38.08 627.768 37.8454
38.09 629.323 38.4612
38.1 630.866 39.0895
38.11 632.397 39.7305
38.12 633.915 40.3845
38.13 635.42 41.0517
38.14 636.911 41.7325
38.15 638.389 42.427
38.16 639.852 43.1357
38.17 641.299 43.8587
38.18 642.732 44.5965
38.19 644.148 45.3492
38.2 645.548 46.1172
38.21 646.93 46.9008
38.22 648.296 47.7004
38.23 649.643 48.5163
38.24 650.971 49.3487
38.25 652.28 50.1981
38.26 653.57 51.0647
38.27 654.839 51.949
38.28 656.087 52.8512
38.29 657.313 53.7718
38.3 658.518 54.711
38.31 659.699 55.6693
38.32 660.857 56.6471
38.33 661.991 57.6447
38.34 663.1 58.6624
38.35 664.183 59.7008
38.36 665.241 60.7601
38.37 666.271 61.8409
38.38 667.275 62.9434
38.39 668.249 64.0681
38.4 669.195 65.2154
38.41 670.111 66.3857
38.42 670.997 67.5794
38.43 671.851 68.797
38.44 672.674 70.0389
38.45 673.463 71.3055
38.46 674.22 72.5973
38.47 674.941 73.9147
38.48 675.628 75.258
38.49 676.278 76.6279
38.5 676.892 78.0246
38.51 677.468 79.4487
38.52 678.006 80.9006
38.53 678.504 82.3807
38.54 678.962 83.8895
38.55 679.378 85.4275
38.56 679.753 86.995
38.57 680.085 88.5925
38.58 680.374 90.2205
38.59 680.617 91.8794
38.6 680.816 93.5696
38.61 680.967 95.2916
38.62 681.072 97.0458
38.63 681.128 98.8325
38.64 681.135 100.652
38.65 681.092 102.506
38.66 680.998 104.393
38.67 680.853 106.314
38.68 680.654 108.27
38.69 680.402 110.261
38.7 680.095 112.287
38.71 679.733 114.349
38.72 679.315 116.447
38.73 678.839 118.581
38.74 678.305 120.752
38.75 677.713 122.96
38.76 677.06 125.206
38.77 676.347 127.489
38.78 675.573 129.809
38.79 674.736 132.168
38.8 673.836 134.564
38.81 672.872 137
38.82 671.844 139.473
38.83 670.75 141.985
38.84 669.591 144.536
38.85 668.364 147.126
38.86 667.071 149.755
38.87 665.709 152.422
38.88 664.279 155.129
38.89 662.779 157.874
38.9 661.21 160.658
38.91 659.57 163.48
38.92 657.86 166.341
38.93 656.079 169.24
38.94 654.226 172.178
38.95 652.301 175.153
38.96 650.304 178.165
38.97 648.235 181.214
38.98 646.092 184.301
38.99 643.877 187.423
39 641.589 190.581
39.01 639.228 193.774
39.02 636.794 197.002
39.03 634.286 200.264
39.04 631.706 203.559
39.05 629.053 206.887
39.06 626.327 210.246
39.07 623.529 213.637
39.08 620.659 217.057
39.09 617.717 220.507
39.1 614.704 223.985
39.11 611.62 227.489
39.12 608.466 231.02
39.13 605.242 234.576
39.14 601.95 238.156
39.15 598.59 241.758
39.16 595.162 245.381
39.17 591.668 249.024
39.18 588.109 252.685
39.19 584.485 256.363
39.2 580.798 260.057
39.21 577.048 263.765
39.22 573.238 267.485
39.23 569.368 271.216
39.24 565.44 274.956
39.25 561.454 278.704
39.26 557.413 282.458
39.27 553.318 286.215
39.28 549.171 289.975
39.29 544.973 293.734
39.3 540.725 297.493
39.31 536.43 301.248
39.32 532.089 304.998
39.33 527.705 308.74
39.34 523.278 312.474
39.35 518.811 316.196
39.36 514.305 319.905
39.37 509.763 323.599
39.38 505.187 327.276
39.39 500.579 330.934
39.4 495.94 334.572
39.41 491.273 338.186
39.42 486.579 341.775
39.43 481.862 345.337
39.44 477.123 348.871
39.45 472.363 352.373
39.46 467.586 355.843
39.47 462.794 359.278
39.48 457.988 362.677
39.49 453.17 366.038
39.5 448.344 369.358
39.51 443.51 372.637
39.52 438.671 375.871
39.53 433.829 379.061
39.54 428.986 382.204
39.55 424.145 385.298
39.56 419.306 388.342
39.57 414.473 391.334
39.58 409.647 394.273
39.59 404.83 397.157
39.6 400.024 399.986
39.61 395.231 402.758
39.62 390.452 405.471
39.63 385.689 408.124
39.64 380.945 410.717
39.65 376.221 413.248
39.66 371.518 415.716
39.67 366.838 418.12
39.68 362.182 420.46
39.69 357.553 422.734
39.7 352.951 424.942
39.71 348.378 427.084
39.72 343.836 429.158
39.73 339.325 431.164
39.74 334.846 433.101
39.75 330.402 434.969
39.76 325.993 436.769
39.77 321.62 438.498
39.78 317.284 440.158
39.79 312.986 441.748
39.8 308.727 443.267
39.81 304.508 444.717
39.82 300.33 446.096
39.83 296.193 447.405
39.84 292.098 448.644
39.85 288.046 449.813
39.86 284.037 450.913
39.87 280.072 451.943
39.88 276.152 452.904
39.89 272.276 453.797
39.9 268.446 454.621
39.91 264.661 455.377
39.92 260.921 456.066
39.93 257.228 456.688
39.94 253.581 457.243
39.95 249.981 457.733
39.96 246.427 458.158
39.97 242.92 458.519
39.98 239.46 458.816
39.99 236.046 459.05
40 232.68 459.222
40.01 229.36 459.332
40.02 226.086 459.382
40.03 222.86 459.373
40.04 219.679 459.304
40.05 216.545 459.177
40.06 213.457 458.994
40.07 210.415 458.754
40.08 207.418 458.459
40.09 204.466 458.109
40.1 201.56 457.706
40.11 198.698 457.251
40.12 195.881 456.745
40.13 193.108 456.188
40.14 190.378 455.581
40.15 187.692 454.926
40.16 185.049 454.224
40.17 182.448 453.475
40.18 179.889 452.68
40.19 177.373 451.841
40.2 174.897 450.959
40.21 172.462 450.034
40.22 170.067 449.068
40.23 167.712 448.061
40.24 165.397 447.015
40.25 163.121 445.93
40.26 160.883 444.807
40.27 158.683 443.649
40.28 156.52 442.454
40.29 154.394 441.225
40.3 152.305 439.962
40.31 150.252 438.667
40.32 148.234 437.339
40.33 146.251 435.981
40.34 144.303 434.593
40.35 142.389 433.176
40.36 140.508 431.73
40.37 138.66 430.258
40.38 136.844 428.759
40.39 135.06 427.234
40.4 133.308 425.685
40.41 131.587 424.112
40.42 129.896 422.516
40.43 128.235 420.898
40.44 126.604 419.258
40.45 125.002 417.598
40.46 123.428 415.918
40.47 121.882 414.218
40.48 120.364 412.501
40.49 118.873 410.766
40.5 117.408 409.013
40.51 115.97 407.245
40.52 114.558 405.462
40.53 113.17 403.663
40.54 111.808 401.85
40.55 110.47 400.024
40.56 109.157 398.185
40.57 107.866 396.334
40.58 106.599 394.472
40.59 105.355 392.598
40.6 104.133 390.714
40.61 102.933 388.82
40.62 101.755 386.917
40.63 100.597 385.006
40.64 99.4607 383.086
40.65 98.3446 381.158
40.66 97.2486 379.224
40.67 96.1722 377.283
40.68 95.1151 375.336
40.69 94.077 373.383
40.7 93.0575 371.425
40.71 92.0562 369.463
40.72 91.0729 367.496
40.73 90.1072 365.525
40.74 89.1587 363.552
40.75 88.2272 361.575
40.76 87.3124 359.595
40.77 86.4139 357.614
40.78 85.5314 355.631
40.79 84.6646 353.646
40.8 83.8133 351.66
40.81 82.9771 349.674
40.82 82.1558 347.688
40.83 81.3491 345.701
40.84 80.5567 343.715
40.85 79.7784 341.729
40.86 79.0139 339.745
40.87 78.2629 337.762
40.88 77.5251 335.78
40.89 76.8005 333.8
40.9 76.0886 331.823
40.91 75.3893 329.847
40.92 74.7023 327.875
40.93 74.0274 325.905
40.94 73.3643 323.939
40.95 72.713 321.976
40.96 72.073 320.016
40.97 71.4443 318.061
40.98 70.8266 316.109
40.99 70.2198 314.162
41 69.6235 312.219
41.01 69.0377 310.281
41.02 68.462 308.348
41.03 67.8965 306.419
41.04 67.3408 304.497
41.05 66.7947 302.579
41.06 66.2582 300.667
41.07 65.731 298.761
41.08 65.213 296.86
41.09 64.7039 294.966
41.1 64.2037 293.078
41.11 63.7122 291.196
41.12 63.2291 289.321
41.13 62.7545 287.452
41.14 62.288 285.59
41.15 61.8296 283.734
41.16 61.3792 281.886
41.17 60.9365 280.045
41.18 60.5014 278.21
41.19 60.0739 276.383
41.2 59.6537 274.564
41.21 59.2407 272.752
41.22 58.8349 270.947
41.23 58.4361 269.15
41.24 58.0441 267.36
41.25 57.6589 265.579
41.26 57.2803 263.805
41.27 56.9082 262.039
41.28 56.5426 260.281
41.29 56.1832 258.532
41.3 55.83 256.79
41.31 55.4829 255.056
41.32 55.1417 253.331
41.33 54.8064 251.614
41.34 54.4769 249.905
41.35 54.1531 248.205
41.36 53.8348 246.513
41.37 53.5221 244.829
41.38 53.2147 243.154
41.39 52.9126 241.488
41.4 52.6157 239.83
41.41 52.324 238.18
41.42 52.0373 236.539
41.43 51.7556 234.907
41.44 51.4787 233.284
41.45 51.2066 231.669
41.46 50.9393 230.063
41.47 50.6766 228.465
41.48 50.4185 226.877
41.49 50.1648 225.297
41.5 49.9156 223.725
41.51 49.6707 222.163
41.52 49.4301 220.609
41.53 49.1938 219.064
41.54 48.9615 217.528
41.55 48.7334 216.001
41.56 48.5093 214.482
41.57 48.2891 212.973
41.58 48.0728 211.472
41.59 47.8604 209.979
41.6 47.6517 208.496
41.61 47.4468 207.021
41.62 47.2455 205.555
41.63 47.0478 204.098
41.64 46.8536 202.65
41.65 46.663 201.21
41.66 46.4758 199.779
41.67 46.292 198.357
41.68 46.1115 196.943
41.69 45.9344 195.538
41.7 45.7604 194.142
41.71 45.5897 192.754
41.72 45.4221 191.375
41.73 45.2577 190.005
41.74 45.0962 188.643
41.75 44.9378 187.29
41.76 44.7824 185.945
41.77 44.6299 184.609
41.78 44.4803 183.282
41.79 44.3336 181.962
41.8 44.1896 180.652
41.81 44.0484 179.349
41.82 43.91 178.055
41.83 43.7742 176.77
41.84 43.6411 175.492
41.85 43.5106 174.224
41.86 43.3827 172.963
41.87 43.2574 171.71
41.88 43.1346 170.466
41.89 43.0142 169.23
41.9 42.8963 168.003
41.91 42.7809 166.783
41.92 42.6678 165.571
41.93 42.557 164.368
41.94 42.4486 163.172
41.95 42.3425 161.985
41.96 42.2386 160.805
41.97 42.137 159.634
41.98 42.0376 158.47
41.99 41.9404 157.314
42 41.8453 156.166
42.01 41.7523 155.026
42.02 41.6615 153.893
42.03 41.5727 152.769
42.04 41.486 151.652
42.05 41.4013 150.542
42.06 41.3186 149.44
42.07 41.2378 148.346
42.08 41.1591 147.26
42.09 41.0822 146.18
42.1 41.0073 145.109
42.11 40.9342 144.045
42.12 40.863 142.988
42.13 40.7937 141.938
42.14 40.7262 140.896
42.15 40.6604 139.861
42.16 40.5965 138.833
42.17 40.5343 137.813
42.18 40.4739 136.8
42.19 40.4152 135.793
42.2 40.3581 134.794
42.21 40.3028 133.802
42.22 40.2491 132.817
42.23 40.1971 131.839
42.24 40.1468 130.868
42.25 40.098 129.904
42.26 40.0508 128.947
42.27 40.0052 127.996
42.28 39.9612 127.052
42.29 39.9187 126.115
42.3 39.8778 125.185
42.31 39.8384 124.261
42.32 39.8005 123.344
42.33 39.7641 122.434
42.34 39.7291 121.53
42.35 39.6956 120.633
42.36 39.6636 119.742
42.37 39.633 118.857
42.38 39.6038 117.979
42.39 39.576 117.107
42.4 39.5496 116.242
42.41 39.5246 115.383
42.42 39.501 114.53
42.43 39.4787 113.683
42.44 39.4578 112.843
42.45 39.4382 112.008
42.46 39.4199 111.18
42.47 39.4029 110.357
42.48 39.3872 109.541
42.49 39.3728 108.731
42.5 39.3597 107.927
42.51 39.3479 107.128
42.52 39.3373 106.335
42.53 39.3279 105.549
42.54 39.3198 104.768
42.55 39.3129 103.992
42.56 39.3073 103.223
42.57 39.3028 102.459
42.58 39.2995 101.701
42.59 39.2974 100.948
42.6 39.2965 100.201
42.61 39.2968 99.4594
42.62 39.2982 98.7234
42.63 39.3008 97.9928
42.64 39.3045 97.2676
42.65 39.3094 96.5478
42.66 39.3154 95.8333
42.67 39.3225 95.1242
42.68 39.3307 94.4203
42.69 39.3401 93.7217
42.7 39.3505 93.0283
42.71 39.362 92.34
42.72 39.3746 91.6569
42.73 39.3883 90.9789
42.74 39.403 90.306
42.75 39.4188 89.6381
42.76 39.4357 88.9751
42.77 39.4536 88.3172
42.78 39.4726 87.6642
42.79 39.4926 87.0161
42.8 39.5136 86.3728
42.81 39.5356 85.7344
42.82 39.5587 85.1007
42.83 39.5828 84.4719
42.84 39.6079 83.8477
42.85 39.634 83.2283
42.86 39.6611 82.6135
42.87 39.6891 82.0033
42.88 39.7182 81.3978
42.89 39.7482 80.7968
42.9 39.7793 80.2004
42.91 39.8113 79.6084
42.92 39.8442 79.0209
42.93 39.8781 78.4379
42.94 39.913 77.8593
42.95 39.9488 77.285
42.96 39.9856 76.7151
42.97 40.0233 76.1496
42.98 40.062 75.5883
42.99 40.1015 75.0312
43 40.1421 74.4784
43.01 40.1835 73.9298
43.02 40.2259 73.3853
43.03 40.2691 72.845
43.04 40.3133 72.3088
43.05 40.3584 71.7766
43.06 40.4045 71.2485
43.07 40.4514 70.7244
43.08 40.4992 70.2043
43.09 40.5479 69.6882
43.1 40.5975 69.176
43.11 40.648 68.6677
43.12 40.6994 68.1633
43.13 40.7517 67.6627
43.14 40.8048 67.1659
43.15 40.8589 66.6729
43.16 40.9138 66.1837
43.17 40.9695 65.6983
43.18 41.0262 65.2165
43.19 41.0837 64.7384
43.2 41.1421 64.264
43.21 41.2013 63.7932
43.22 41.2614 63.3259
43.23 41.3224 62.8623
43.24 41.3842 62.4022
43.25 41.4469 61.9457
43.26 41.5104 61.4926
43.27 41.5747 61.043
43.28 41.6399 60.5968
43.29 41.706 60.1541
43.3 41.7729 59.7148
43.31 41.8406 59.2788
43.32 41.9092 58.8462
43.33 41.9786 58.4168
43.34 42.0488 57.9908
43.35 42.1199 57.5681
43.36 42.1918 57.1486
43.37 42.2646 56.7323
43.38 42.3381 56.3192
43.39 42.4125 55.9093
43.4 42.4877 55.5025
43.41 42.5637 55.0989
43.42 42.6406 54.6984
43.43 42.7183 54.3009
43.44 42.7968 53.9065
43.45 42.8761 53.5151
43.46 42.9562 53.1268
43.47 43.0372 52.7414
43.48 43.1189 52.359
43.49 43.2015 51.9796
43.5 43.2849 51.603
43.51 43.3691 51.2294
43.52 43.4541 50.8586
43.53 43.5399 50.4907
43.54 43.6266 50.1257
43.55 43.714 49.7634
43.56 43.8022 49.4039
43.57 43.8913 49.0472
43.58 43.9812 48.6933
43.59 44.0718 48.3421
43.6 44.1633 47.9936
43.61 44.2556 47.6478
43.62 44.3486 47.3046
43.63 44.4425 46.9641
43.64 44.5372 46.6262
43.65 44.6327 46.291
43.66 44.729 45.9583
43.67 44.8261 45.6282
43.68 44.924 45.3006
43.69 45.0227 44.9755
43.7 45.1221 44.653
43.71 45.2224 44.333
43.72 45.3235 44.0154
43.73 45.4254 43.7003
43.74 45.5281 43.3876
43.75 45.6316 43.0773
43.76 45.7359 42.7695
43.77 45.841 42.464
43.78 45.9469 42.1608
43.79 46.0536 41.86
43.8 46.1611 41.5616
43.81 46.2694 41.2654
43.82 46.3785 40.9715
43.83 46.4885 40.6799
43.84 46.5992 40.3906
43.85 46.7107 40.1035
43.86 46.823 39.8186
43.87 46.9361 39.5359
43.88 47.05 39.2554
43.89 47.1647 38.977
43.9 47.2803 38.7008
43.91 47.3966 38.4268
43.92 47.5137 38.1549
43.93 47.6317 37.885
43.94 47.7504 37.6173
43.95 47.87 37.3516
43.96 47.9904 37.088
43.97 48.1115 36.8264
43.98 48.2335 36.5669
43.99 48.3563 36.3093
44 48.4799 36.0537
44.01 48.6043 35.8002
44.02 48.7295 35.5485
44.03 48.8556 35.2989
44.04 48.9824 35.0511
44.05 49.1101 34.8053
44.06 49.2385 34.5614
44.07 49.3678 34.3193
44.08 49.4979 34.0791
44.09 49.6289 33.8408
44.1 49.7606 33.6044
44.11 49.8932 33.3697
44.12 50.0266 33.1369
44.13 50.1608 32.9059
44.14 50.2958 32.6766
44.15 50.4317 32.4492
44.16 50.5683 32.2235
44.17 50.7059 31.9995
44.18 50.8442 31.7773
44.19 50.9833 31.5568
44.2 51.1233 31.338
44.21 51.2642 31.1208
44.22 51.4058 30.9054
44.23 51.5483 30.6916
44.24 51.6916 30.4795
44.25 51.8358 30.269
44.26 51.9808 30.0602
44.27 52.1267 29.853
44.28 52.2733 29.6473
44.29 52.4209 29.4433
44.3 52.5692 29.2408
44.31 52.7184 29.0399
44.32 52.8685 28.8406
44.33 53.0194 28.6428
44.34 53.1712 28.4465
44.35 53.3238 28.2517
44.36 53.4772 28.0585
44.37 53.6316 27.8667
44.38 53.7867 27.6764
44.39 53.9428 27.4876
44.4 54.0996 27.3003
44.41 54.2574 27.1144
44.42 54.416 26.9299
44.43 54.5755 26.7469
44.44 54.7358 26.5652
44.45 54.8971 26.385
44.46 55.0591 26.2062
44.47 55.2221 26.0287
44.48 55.3859 25.8526
44.49 55.5506 25.6779
44.5 55.7162 25.5046
44.51 55.8827 25.3325
44.52 56.05 25.1618
44.53 56.2183 24.9924
44.54 56.3874 24.8244
44.55 56.5574 24.6576
44.56 56.7283 24.4921
44.57 56.9001 24.3279
44.58 57.0727 24.1649
44.59 57.2463 24.0032
44.6 57.4208 23.8428
44.61 57.5961 23.6836
44.62 57.7724 23.5256
44.63 57.9496 23.3688
44.64 58.1277 23.2133
44.65 58.3067 23.0589
44.66 58.4866 22.9058
44.67 58.6674 22.7538
44.68 58.8491 22.603
44.69 59.0318 22.4534
44.7 59.2153 22.3049
44.71 59.3998 22.1575
44.72 59.5852 22.0113
44.73 59.7716 21.8663
44.74 59.9589 21.7223
44.75 60.1471 21.5794
44.76 60.3362 21.4377
44.77 60.5263 21.297
44.78 60.7173 21.1575
44.79 60.9092 21.019
44.8 61.1021 20.8815
44.81 61.296 20.7452
44.82 61.4908 20.6099
44.83 61.6865 20.4756
44.84 61.8832 20.3423
44.85 62.0809 20.2101
44.86 62.2795 20.0789
44.87 62.4791 19.9487
44.88 62.6796 19.8196
44.89 62.8811 19.6914
44.9 63.0836 19.5642
44.91 63.2871 19.438
44.92 63.4915 19.3127
44.93 63.6969 19.1884
44.94 63.9033 19.0651
44.95 64.1107 18.9427
44.96 64.319 18.8213
44.97 64.5284 18.7008
44.98 64.7387 18.5812
44.99 64.9501 18.4625
45 65.1624 18.3448
45.01 65.3757 18.228
45.02 65.5901 18.112
45.03 65.8054 17.997
45.04 66.0218 17.8828
45.05 66.2391 17.7695
45.06 66.4575 17.6571
45.07 66.6769 17.5456
45.08 66.8974 17.4349
45.09 67.1188 17.3251
45.1 67.3413 17.2161
45.11 67.5648 17.1079
45.12 67.7893 17.0006
45.13 68.0149 16.8941
45.14 68.2415 16.7884
45.15 68.4692 16.6836
45.16 68.6979 16.5795
45.17 68.9276 16.4762
45.18 69.1585 16.3738
45.19 69.3903 16.2721
45.2 69.6233 16.1712
45.21 69.8572 16.0711
45.22 70.0923 15.9717
45.23 70.3284 15.8732
45.24 70.5656 15.7753
45.25 70.8039 15.6783
45.26 71.0432 15.5819
45.27 71.2837 15.4863
45.28 71.5252 15.3915
45.29 71.7678 15.2974
45.3 72.0115 15.204
45.31 72.2563 15.1113
45.32 72.5022 15.0193
45.33 72.7492 14.928
45.34 72.9973 14.8375
45.35 73.2466 14.7476
45.36 73.4969 14.6584
45.37 73.7483 14.5699
45.38 74.0009 14.4821
45.39 74.2546 14.395
45.4 74.5094 14.3085
45.41 74.7654 14.2227
45.42 75.0225 14.1376
45.43 75.2807 14.0531
45.44 75.5401 13.9693
45.45 75.8006 13.8861
45.46 76.0623 13.8035
45.47 76.3251 13.7216
45.48 76.5891 13.6403
45.49 76.8543 13.5597
45.5 77.1206 13.4796
45.51 77.3881 13.4002
45.52 77.6567 13.3214
45.53 77.9266 13.2432
45.54 78.1976 13.1656
45.55 78.4698 13.0885
45.56 78.7432 13.0121
45.57 79.0178 12.9363
45.58 79.2936 12.861
45.59 79.5705 12.7864
45.6 79.8487 12.7123
45.61 80.1281 12.6388
45.62 80.4087 12.5658
45.63 80.6906 12.4934
45.64 80.9736 12.4216
45.65 81.2579 12.3503
45.66 81.5434 12.2795
45.67 81.8301 12.2094
45.68 82.1181 12.1397
45.69 82.4073 12.0706
45.7 82.6978 12.002
45.71 82.9895 11.934
45.72 83.2825 11.8664
45.73 83.5767 11.7994
45.74 83.8722 11.7329
45.75 84.169 11.6669
45.76 84.467 11.6015
45.77 84.7663 11.5365
45.78 85.0669 11.4721
45.79 85.3688 11.4081
45.8 85.6719 11.3446
45.81 85.9764 11.2816
45.82 86.2821 11.2191
45.83 86.5892 11.1571
45.84 86.8976 11.0956
45.85 87.2073 11.0345
45.86 87.5183 10.974
45.87 87.8306 10.9138
45.88 88.1442 10.8542
45.89 88.4592 10.795
45.9 88.7755 10.7363
45.91 89.0931 10.678
45.92 89.4121 10.6202
45.93 89.7325 10.5628
45.94 90.0542 10.5059
45.95 90.3772 10.4494
45.96 90.7016 10.3933
45.97 91.0274 10.3377
45.98 91.3546 10.2825
45.99 91.6831 10.2278
46 92.013 10.1735
46.01 92.3443 10.1195
46.02 92.677 10.0661
46.03 93.0111 10.013
46.04 93.3466 9.96033
46.05 93.6835 9.90808
46.06 94.0218 9.85624
46.07 94.3616 9.8048
46.08 94.7027 9.75377
46.09 95.0453 9.70313
46.1 95.3893 9.65289
46.11 95.7347 9.60304
46.12 96.0816 9.55358
46.13 96.43 9.50451
46.14 96.7797 9.45582
46.15 97.131 9.40752
46.16 97.4837 9.35959
46.17 97.8379 9.31203
46.18 98.1935 9.26485
46.19 98.5506 9.21805
46.2 98.9092 9.1716
46.21 99.2693 9.12553
46.22 99.6309 9.07982
46.23 99.994 9.03446
46.24 100.359 8.98947
46.25 100.725 8.94482
46.26 101.092 8.90053
46.27 101.461 8.8566
46.28 101.832 8.813
46.29 102.204 8.76976
46.3 102.578 8.72685
46.31 102.953 8.68429
46.32 103.33 8.64206
46.33 103.709 8.60017
46.34 104.088 8.55861
46.35 104.47 8.51738
46.36 104.853 8.47648
46.37 105.238 8.43591
46.38 105.624 8.39566
46.39 106.012 8.35573
46.4 106.401 8.31612
46.41 106.792 8.27682
46.42 107.185 8.23784
46.43 107.579 8.19918
46.44 107.975 8.16082
46.45 108.372 8.12278
46.46 108.771 8.08504
46.47 109.172 8.0476
46.48 109.575 8.01046
46.49 109.979 7.97363
46.5 110.384 7.93709
46.51 110.792 7.90085
46.52 111.201 7.8649
46.53 111.611 7.82925
46.54 112.023 7.79388
46.55 112.438 7.75881
46.56 112.853 7.72401
46.57 113.271 7.68951
46.58 113.69 7.65528
46.59 114.11 7.62134
46.6 114.533 7.58767
46.61 114.957 7.55428
46.62 115.383 7.52117
46.63 115.811 7.48833
46.64 116.24 7.45576
46.65 116.671 7.42345
46.66 117.104 7.39142
46.67 117.539 7.35965
46.68 117.975 7.32815
46.69 118.414 7.29691
46.7 118.854 7.26593
46.71 119.295 7.23521
46.72 119.739 7.20475
46.73 120.184 7.17454
46.74 120.631 7.14458
46.75 121.08 7.11488
46.76 121.531 7.08543
46.77 121.984 7.05623
46.78 122.438 7.02728
46.79 122.894 6.99857
46.8 123.353 6.97011
46.81 123.813 6.94189
46.82 124.274 6.91392
46.83 124.738 6.88618
46.84 125.204 6.85868
46.85 125.671 6.83142
46.86 126.14 6.8044
46.87 126.611 6.77761
46.88 127.084 6.75105
46.89 127.559 6.72473
46.9 128.036 6.69863
46.91 128.515 6.67276
46.92 128.996 6.64712
46.93 129.478 6.62171
46.94 129.963 6.59652
46.95 130.45 6.57156
46.96 130.938 6.54681
46.97 131.429 6.52229
46.98 131.921 6.49799
46.99 132.415 6.47391
47 132.912 6.45004
47.01 133.41 6.42639
47.02 133.91 6.40295
47.03 134.413 6.37973
47.04 134.917 6.35672
47.05 135.423 6.33392
47.06 135.932 6.31133
47.07 136.442 6.28894
47.08 136.955 6.26677
47.09 137.469 6.2448
47.1 137.986 6.22304
47.11 138.504 6.20148
47.12 139.025 6.18013
47.13 139.548 6.15898
47.14 140.073 6.13803
47.15 140.6 6.11727
47.16 141.129 6.09672
47.17 141.66 6.07637
47.18 142.193 6.05621
47.19 142.729 6.03625
47.2 143.266 6.01648
47.21 143.806 5.99691
47.22 144.348 5.97753
47.23 144.892 5.95834
47.24 145.438 5.93934
47.25 145.986 5.92053
47.26 146.536 5.90192
47.27 147.089 5.88349
47.28 147.644 5.86524
47.29 148.201 5.84719
47.3 148.76 5.82932
47.31 149.322 5.81163
47.32 149.885 5.79413
47.33 150.451 5.77682
47.34 151.019 5.75968
47.35 151.59 5.74273
47.36 152.162 5.72595
47.37 152.737 5.70936
47.38 153.315 5.69295
47.39 153.894 5.67671
47.4 154.476 5.66066
47.41 155.06 5.64478
47.42 155.646 5.62907
47.43 156.235 5.61354
47.44 156.826 5.59819
47.45 157.419 5.58301
47.46 158.015 5.56801
47.47 158.613 5.55317
47.48 159.214 5.53851
47.49 159.816 5.52403
47.5 160.421 5.50971
47.51 161.029 5.49556
47.52 161.639 5.48158
47.53 162.251 5.46777
47.54 162.866 5.45413
47.55 163.483 5.44066
47.56 164.103 5.42736
47.57 164.725 5.41422
47.58 165.349 5.40125
47.59 165.976 5.38845
47.6 166.605 5.37581
47.61 167.237 5.36333
47.62 167.871 5.35102
47.63 168.508 5.33888
47.64 169.148 5.32689
47.65 169.789 5.31508
47.66 170.434 5.30342
47.67 171.081 5.29192
47.68 171.73 5.28059
47.69 172.382 5.26942
47.7 173.036 5.25841
47.71 173.693 5.24756
47.72 174.353 5.23687
47.73 175.015 5.22634
47.74 175.68 5.21597
47.75 176.347 5.20576
47.76 177.017 5.19571
47.77 177.69 5.18582
47.78 178.365 5.17608
47.79 179.043 5.16651
47.8 179.723 5.15709
47.81 180.407 5.14783
47.82 181.092 5.13872
47.83 181.781 5.12978
47.84 182.472 5.12099
47.85 183.166 5.11235
47.86 183.862 5.10388
47.87 184.562 5.09556
47.88 185.264 5.08739
47.89 185.968 5.07938
47.9 186.676 5.07153
47.91 187.386 5.06383
47.92 188.099 5.05629
47.93 188.815 5.04891
47.94 189.533 5.04168
47.95 190.255 5.0346
47.96 190.979 5.02768
47.97 191.706 5.02092
47.98 192.435 5.01431
47.99 193.168 5.00786
48 193.903 5.00156
48.01 194.642 4.99541
48.02 195.383 4.98942
48.03 196.127 4.98359
48.04 196.873 4.97791
48.05 197.623 4.97239
48.06 198.376 4.96702
48.07 199.131 4.96181
48.08 199.89 4.95675
48.09 200.651 4.95185
48.1 201.416 4.94711
48.11 202.183 4.94252
48.12 202.953 4.93809
48.13 203.726 4.93381
48.14 204.503 4.92969
48.15 205.282 4.92573
48.16 206.064 4.92192
48.17 206.849 4.91827
48.18 207.637 4.91478
48.19 208.429 4.91144
48.2 209.223 4.90827
48.21 210.02 4.90525
48.22 210.821 4.90239
48.23 211.624 4.89969
48.24 212.431 4.89715
48.25 213.24 4.89476
48.26 214.053 4.89254
48.27 214.869 4.89048
48.28 215.688 4.88858
48.29 216.51 4.88684
48.3 217.335 4.88526
48.31 218.164 4.88384
48.32 218.995 4.88259
48.33 219.83 4.8815
48.34 220.668 4.88057
48.35 221.509 4.87981
48.36 222.354 4.87921
48.37 223.201 4.87877
48.38 224.052 4.87851
48.39 224.906 4.8784
48.4 225.764 4.87847
48.41 226.624 4.8787
48.42 227.488 4.8791
48.43 228.356 4.87967
48.44 229.226 4.88041
48.45 230.1 4.88132
48.46 230.977 4.88241
48.47 231.857 4.88366
48.48 232.741 4.88508
48.49 233.628 4.88668
48.5 234.519 4.88846
48.51 235.413 4.89041
48.52 236.31 4.89253
48.53 237.211 4.89483
48.54 238.115 4.89731
48.55 239.023 4.89997
48.56 239.933 4.90281
48.57 240.848 4.90583
48.58 241.766 4.90903
48.59 242.687 4.91242
48.6 243.612 4.91598
48.61 244.54 4.91974
48.62 245.472 4.92367
48.63 246.407 4.9278
48.64 247.346 4.93211
48.65 248.288 4.93662
48.66 249.234 4.94131
48.67 250.184 4.9462
48.68 251.137 4.95128
48.69 252.093 4.95655
48.7 253.054 4.96202
48.71 254.017 4.96769
48.72 254.985 4.97355
48.73 255.956 4.97962
48.74 256.93 4.98589
48.75 257.909 4.99235
48.76 258.891 4.99903
48.77 259.876 5.00591
48.78 260.866 5.013
48.79 261.859 5.02029
48.8 262.855 5.0278
48.81 263.856 5.03552
48.82 264.86 5.04345
48.83 265.868 5.0516
48.84 266.879 5.05997
48.85 267.895 5.06856
48.86 268.914 5.07736
48.87 269.937 5.08639
48.88 270.964 5.09565
48.89 271.994 5.10513
48.9 273.029 5.11484
48.91 274.067 5.12479
48.92 275.109 5.13496
48.93 276.155 5.14537
48.94 277.204 5.15602
48.95 278.258 5.16691
48.96 279.315 5.17803
48.97 280.377 5.18941
48.98 281.442 5.20102
48.99 282.511 5.21289
49 283.584 5.22501
49.01 284.661 5.23738
49.02 285.742 5.25001
49.03 286.827 5.26289
49.04 287.916 5.27604
49.05 289.009 5.28945
49.06 290.106 5.30313
49.07 291.207 5.31707
49.08 292.312 5.33129
49.09 293.421 5.34578
49.1 294.534 5.36055
49.11 295.651 5.3756
49.12 296.772 5.39093
49.13 297.897 5.40656
49.14 299.026 5.42247
49.15 300.159 5.43867
49.16 301.297 5.45517
49.17 302.438 5.47197
49.18 303.584 5.48907
49.19 304.733 5.50648
49.2 305.887 5.52419
49.21 307.045 5.54222
49.22 308.208 5.56057
49.23 309.374 5.57924
49.24 310.544 5.59823
49.25 311.719 5.61755
49.26 312.898 5.63721
49.27 314.081 5.65719
49.28 315.269 5.67752
49.29 316.46 5.6982
49.3 317.656 5.71922
49.31 318.856 5.74059
49.32 320.061 5.76232
49.33 321.269 5.78441
49.34 322.482 5.80687
49.35 323.699 5.8297
49.36 324.921 5.8529
49.37 326.146 5.87649
49.38 327.376 5.90046
49.39 328.611 5.92482
49.4 329.85 5.94957
49.41 331.093 5.97472
49.42 332.34 6.00028
49.43 333.592 6.02625
49.44 334.848 6.05263
49.45 336.109 6.07944
49.46 337.373 6.10667
49.47 338.643 6.13434
49.48 339.916 6.16245
49.49 341.194 6.191
49.5 342.477 6.22
49.51 343.764 6.24945
49.52 345.055 6.27938
49.53 346.351 6.30977
49.54 347.651 6.34063
49.55 348.956 6.37198
49.56 350.265 6.40382
49.57 351.579 6.43616
49.58 352.897 6.469
49.59 354.219 6.50235
49.6 355.546 6.53622
49.61 356.878 6.57062
49.62 358.213 6.60555
49.63 359.554 6.64101
49.64 360.899 6.67703
49.65 362.248 6.71361
49.66 363.602 6.75075
49.67 364.961 6.78847
49.68 366.324 6.82676
49.69 367.691 6.86565
49.7 369.063 6.90514
49.71 370.44 6.94524
49.72 371.821 6.98595
49.73 373.207 7.02729
49.74 374.597 7.06927
49.75 375.992 7.1119
49.76 377.391 7.15519
49.77 378.795 7.19914
49.78 380.203 7.24376
49.79 381.616 7.28908
49.8 383.034 7.33509
49.81 384.456 7.38182
49.82 385.882 7.42926
49.83 387.313 7.47744
49.84 388.749 7.52636
49.85 390.189 7.57604
49.86 391.634 7.62649
49.87 393.083 7.67771
49.88 394.537 7.72973
49.89 395.996 7.78255
49.9 397.459 7.8362
49.91 398.926 7.89067
49.92 400.398 7.94599
49.93 401.875 8.00217
49.94 403.356 8.05923
49.95 404.842 8.11717
49.96 406.332 8.17602
49.97 407.826 8.23578
49.98 409.326 8.29648
49.99 410.829 8.35813
50 412.338 8.42074
50.01 413.85 8.48433
50.02 415.368 8.54893
50.03 416.889 8.61454
50.04 418.415 8.68118
50.05 419.946 8.74887
50.06 421.481 8.81763
50.07 423.02 8.88747
50.08 424.564 8.95842
50.09 426.113 9.0305
50.1 427.665 9.10372
50.11 429.223 9.17811
50.12 430.784 9.25368
50.13 432.35 9.33046
50.14 433.92 9.40846
50.15 435.495 9.48771
50.16 437.073 9.56824
50.17 438.657 9.65005
50.18 440.244 9.73319
50.19 441.836 9.81766
50.2 443.432 9.9035
50.21 445.032 9.99073
50.22 446.636 10.0794
50.23 448.245 10.1695
50.24 449.858 10.261
50.25 451.474 10.354
50.26 453.095 10.4486
50.27 454.72 10.5447
50.28 456.35 10.6424
50.29 457.983 10.7417
50.3 459.62 10.8426
50.31 461.261 10.9452
50.32 462.906 11.0495
50.33 464.555 11.1555
50.34 466.208 11.2633
50.35 467.865 11.3729
50.36 469.525 11.4843
50.37 471.189 11.5976
50.38 472.857 11.7127
50.39 474.529 11.8298
50.4 476.205 11.9489
50.41 477.884 12.07
50.42 479.566 12.1931
50.43 481.252 12.3183
50.44 482.942 12.4456
50.45 484.635 12.5751
50.46 486.331 12.7068
50.47 488.031 12.8408
50.48 489.734 12.977
50.49 491.441 13.1156
50.5 493.15 13.2566
50.51 494.863 13.4
50.52 496.579 13.5459
50.53 498.297 13.6944
50.54 500.019 13.8454
50.55 501.744 13.999
50.56 503.471 14.1553
50.57 505.201 14.3144
50.58 506.934 14.4762
50.59 508.67 14.6409
50.6 510.408 14.8085
50.61 512.148 14.979
50.62 513.891 15.1526
50.63 515.636 15.3292
50.64 517.384 15.509
50.65 519.133 15.692
50.66 520.885 15.8783
50.67 522.639 16.0679
50.68 524.394 16.2609
50.69 526.152 16.4574
50.7 527.911 16.6574
50.71 529.672 16.8611
50.72 531.434 17.0684
50.73 533.197 17.2795
50.74 534.962 17.4945
50.75 536.728 17.7134
50.76 538.495 17.9363
50.77 540.264 18.1632
50.78 542.032 18.3944
50.79 543.802 18.6298
50.8 545.572 18.8695
50.81 547.343 19.1137
50.82 549.114 19.3625
50.83 550.885 19.6158
50.84 552.657 19.8739
50.85 554.428 20.1368
50.86 556.199 20.4046
50.87 557.97 20.6775
50.88 559.74 20.9555
50.89 561.509 21.2387
50.9 563.278 21.5273
50.91 565.045 21.8213
50.92 566.811 22.1209
50.93 568.576 22.4262
50.94 570.34 22.7374
50.95 572.102 23.0544
50.96 573.862 23.3776
50.97 575.619 23.7069
50.98 577.375 24.0426
50.99 579.128 24.3847
51 580.878 24.7335
51.01 582.625 25.0889
51.02 584.369 25.4513
51.03 586.11 25.8207
51.04 587.848 26.1973
51.05 589.581 26.5812
51.06 591.31 26.9726
51.07 593.035 27.3717
51.08 594.756 27.7786
51.09 596.472 28.1935
51.1 598.182 28.6165
51.11 599.888 29.0478
51.12 601.587 29.4877
51.13 603.281 29.9363
51.14 604.969 30.3937
51.15 606.65 30.8602
51.16 608.324 31.336
51.17 609.991 31.8213
51.18 611.651 32.3162
51.19 613.303 32.8209
51.2 614.947 33.3358
51.21 616.583 33.8609
51.22 618.209 34.3966
51.23 619.827 34.943
51.24 621.435 35.5004
51.25 623.033 36.069
51.26 624.621 36.649
51.27 626.199 37.2407
51.28 627.765 37.8444
51.29 629.32 38.4602
51.3 630.863 39.0885
51.31 632.394 39.7295
51.32 633.912 40.3834
51.33 635.418 41.0506
51.34 636.909 41.7313
51.35 638.386 42.4259
51.36 639.849 43.1345
51.37 641.297 43.8575
51.38 642.729 44.5952
51.39 644.146 45.3479
51.4 645.545 46.1159
51.41 646.928 46.8995
51.42 648.293 47.6991
51.43 649.641 48.5149
51.44 650.969 49.3473
51.45 652.278 50.1966
51.46 653.568 51.0633
51.47 654.837 51.9475
51.48 656.085 52.8497
51.49 657.311 53.7702
51.5 658.516 54.7094
51.51 659.697 55.6677
51.52 660.855 56.6455
51.53 661.989 57.643
51.54 663.098 58.6607
51.55 664.182 59.6991
51.56 665.239 60.7584
51.57 666.27 61.8391
51.58 667.273 62.9415
51.59 668.248 64.0662
51.6 669.194 65.2134
51.61 670.11 66.3837
51.62 670.996 67.5774
51.63 671.85 68.795
51.64 672.673 70.0368
51.65 673.462 71.3034
51.66 674.218 72.5951
51.67 674.94 73.9124
51.68 675.627 75.2558
51.69 676.277 76.6256
51.7 676.891 78.0223
51.71 677.467 79.4463
51.72 678.005 80.8982
51.73 678.503 82.3783
51.74 678.961 83.887
51.75 679.378 85.4249
51.76 679.753 86.9924
51.77 680.085 88.5899
51.78 680.373 90.2178
51.79 680.617 91.8766
51.8 680.815 93.5668
51.81 680.967 95.2887
51.82 681.072 97.0428
51.83 681.128 98.8295
51.84 681.135 100.649
51.85 681.092 102.502
51.86 680.998 104.389
51.87 680.853 106.311
51.88 680.654 108.267
51.89 680.402 110.257
51.9 680.096 112.284
51.91 679.734 114.345
51.92 679.315 116.443
51.93 678.84 118.578
51.94 678.306 120.749
51.95 677.714 122.957
51.96 677.061 125.202
51.97 676.348 127.485
51.98 675.574 129.805
51.99 674.737 132.164
52 673.837 134.56
52.01 672.874 136.995
52.02 671.846 139.469
52.03 670.752 141.981
52.04 669.593 144.532
52.05 668.367 147.122
52.06 667.073 149.75
52.07 665.711 152.418
52.08 664.281 155.124
52.09 662.782 157.869
52.1 661.213 160.653
52.11 659.573 163.476
52.12 657.863 166.336
52.13 656.082 169.236
52.14 654.229 172.173
52.15 652.304 175.148
52.16 650.307 178.16
52.17 648.238 181.209
52.18 646.096 184.295
52.19 643.881 187.418
52.2 641.593 190.576
52.21 639.232 193.769
52.22 636.798 196.997
52.23 634.291 200.258
52.24 631.71 203.554
52.25 629.057 206.881
52.26 626.332 210.241
52.27 623.534 213.631
52.28 620.664 217.051
52.29 617.722 220.501
52.3 614.709 223.979
52.31 611.625 227.484
52.32 608.471 231.014
52.33 605.248 234.57
52.34 601.956 238.15
52.35 598.595 241.752
52.36 595.168 245.375
52.37 591.674 249.017
52.38 588.115 252.679
52.39 584.491 256.357
52.4 580.804 260.051
52.41 577.055 263.759
52.42 573.244 267.479
52.43 569.374 271.21
52.44 565.446 274.95
52.45 561.461 278.698
52.46 557.42 282.451
52.47 553.325 286.209
52.48 549.178 289.968
52.49 544.98 293.728
52.5 540.732 297.487
52.51 536.437 301.242
52.52 532.097 304.991
52.53 527.712 308.734
52.54 523.285 312.467
52.55 518.818 316.19
52.56 514.313 319.899
52.57 509.771 323.593
52.58 505.195 327.27
52.59 500.586 330.928
52.6 495.948 334.566
52.61 491.281 338.18
52.62 486.587 341.769
52.63 481.87 345.331
52.64 477.131 348.865
52.65 472.371 352.367
52.66 467.594 355.837
52.67 462.802 359.273
52.68 457.996 362.672
52.69 453.178 366.032
52.7 448.352 369.353
52.71 443.518 372.631
52.72 438.679 375.866
52.73 433.837 379.056
52.74 428.994 382.198
52.75 424.153 385.293
52.76 419.315 388.337
52.77 414.481 391.329
52.78 409.655 394.268
52.79 404.838 397.153
52.8 400.032 399.981
52.81 395.238 402.753
52.82 390.46 405.466
52.83 385.697 408.12
52.84 380.953 410.712
52.85 376.229 413.243
52.86 371.525 415.712
52.87 366.845 418.116
52.88 362.19 420.456
52.89 357.561 422.73
52.9 352.959 424.939
52.91 348.386 427.08
52.92 343.843 429.154
52.93 339.332 431.16
52.94 334.854 433.098
52.95 330.409 434.966
52.96 326 436.766
52.97 321.627 438.495
52.98 317.291 440.155
52.99 312.993 441.745
53 308.734 443.265
53.01 304.515 444.714
53.02 300.337 446.094
53.03 296.2 447.403
53.04 292.105 448.642
53.05 288.053 449.811
53.06 284.044 450.911
53.07 280.079 451.941
53.08 276.158 452.903
53.09 272.283 453.795
53.1 268.452 454.619
53.11 264.667 455.376
53.12 260.927 456.065
53.13 257.234 456.687
53.14 253.587 457.242
53.15 249.987 457.733
53.16 246.433 458.158
53.17 242.926 458.518
53.18 239.466 458.815
53.19 236.052 459.05
53.2 232.685 459.222
53.21 229.365 459.332
53.22 226.092 459.382
53.23 222.865 459.373
53.24 219.684 459.304
53.25 216.55 459.178
53.26 213.462 458.994
53.27 210.42 458.754
53.28 207.423 458.459
53.29 204.471 458.11
53.3 201.565 457.707
53.31 198.703 457.252
53.32 195.886 456.746
53.33 193.112 456.189
53.34 190.383 455.582
53.35 187.697 454.927
53.36 185.053 454.225
53.37 182.452 453.476
53.38 179.894 452.682
53.39 177.377 451.843
53.4 174.901 450.96
53.41 172.466 450.036
53.42 170.071 449.069
53.43 167.716 448.063
53.44 165.401 447.016
53.45 163.124 445.932
53.46 160.886 444.809
53.47 158.686 443.651
53.48 156.524 442.456
53.49 154.398 441.227
53.5 152.309 439.964
53.51 150.255 438.669
53.52 148.238 437.342
53.53 146.255 435.983
53.54 144.306 434.595
53.55 142.392 433.178
53.56 140.511 431.733
53.57 138.663 430.26
53.58 136.847 428.761
53.59 135.063 427.237
53.6 133.311 425.688
53.61 131.59 424.115
53.62 129.899 422.519
53.63 128.238 420.9
53.64 126.607 419.261
53.65 125.004 417.6
53.66 123.43 415.92
53.67 121.884 414.221
53.68 120.366 412.504
53.69 118.875 410.768
53.7 117.411 409.016
53.71 115.972 407.248
53.72 114.56 405.464
53.73 113.173 403.666
53.74 111.81 401.853
53.75 110.473 400.027
53.76 109.159 398.189
53.77 107.868 396.337
53.78 106.601 394.475
53.79 105.357 392.601
53.8 104.135 390.717
53.81 102.935 388.824
53.82 101.756 386.921
53.83 100.599 385.009
53.84 99.4626 383.089
53.85 98.3465 381.162
53.86 97.2504 379.227
53.87 96.174 377.286
53.88 95.1169 375.339
53.89 94.0787 373.386
53.9 93.0592 371.428
53.91 92.0579 369.466
53.92 91.0745 367.499
53.93 90.1088 365.529
53.94 89.1603 363.555
53.95 88.2288 361.578
53.96 87.3139 359.599
53.97 86.4154 357.617
53.98 85.5328 355.634
53.99 84.666 353.649
54 83.8147 351.664
54.01 82.9785 349.678
54.02 82.1572 347.691
54.03 81.3504 345.704
54.04 80.558 343.718
54.05 79.7797 341.733
54.06 79.0151 339.748
54.07 78.2641 337.765
54.08 77.5264 335.783
54.09 76.8017 333.804
54.1 76.0898 331.826
54.11 75.3904 329.851
54.12 74.7034 327.878
54.13 74.0285 325.908
54.14 73.3654 323.942
54.15 72.714 321.979
54.16 72.0741 320.019
54.17 71.4454 318.064
54.18 70.8276 316.112
54.19 70.2207 314.165
54.2 69.6245 312.222
54.21 69.0386 310.284
54.22 68.463 308.351
54.23 67.8974 306.423
54.24 67.3417 304.5
54.25 66.7956 302.582
54.26 66.2591 300.67
54.27 65.7319 298.764
54.28 65.2138 296.864
54.29 64.7048 294.969
54.3 64.2045 293.081
54.31 63.713 291.199
54.32 63.2299 289.324
54.33 62.7553 287.455
54.34 62.2888 285.593
54.35 61.8304 283.737
54.36 61.3799 281.889
54.37 60.9372 280.048
54.38 60.5021 278.213
54.39 60.0746 276.386
54.4 59.6544 274.567
54.41 59.2414 272.755
54.42 58.8356 270.95
54.43 58.4368 269.153
54.44 58.0448 267.363
54.45 57.6595 265.582
54.46 57.2809 263.808
54.47 56.9089 262.042
54.48 56.5432 260.284
54.49 56.1838 258.534
54.5 55.8306 256.793
54.51 55.4834 255.059
54.52 55.1423 253.334
54.53 54.807 251.617
54.54 54.4775 249.908
54.55 54.1536 248.208
54.56 53.8354 246.516
54.57 53.5226 244.832
54.58 53.2152 243.157
54.59 52.9131 241.49
54.6 52.6162 239.832
54.61 52.3245 238.183
54.62 52.0378 236.542
54.63 51.756 234.91
54.64 51.4792 233.286
54.65 51.2071 231.672
54.66 50.9397 230.065
54.67 50.677 228.468
54.68 50.4189 226.879
54.69 50.1652 225.299
54.7 49.916 223.728
54.71 49.6711 222.165
54.72 49.4305 220.612
54.73 49.1941 219.067
54.74 48.9619 217.531
54.75 48.7338 216.003
54.76 48.5096 214.485
54.77 48.2895 212.975
54.78 48.0732 211.474
54.79 47.8607 209.982
54.8 47.652 208.498
54.81 47.4471 207.024
54.82 47.2458 205.558
54.83 47.0481 204.101
54.84 46.854 202.652
54.85 46.6633 201.212
54.86 46.4761 199.781
54.87 46.2923 198.359
54.88 46.1118 196.946
54.89 45.9347 195.541
54.9 45.7607 194.144
54.91 45.59 192.757
54.92 45.4224 191.378
54.93 45.2579 190.007
54.94 45.0965 188.646
54.95 44.9381 187.292
54.96 44.7827 185.948
54.97 44.6302 184.611
54.98 44.4806 183.284
54.99 44.3338 181.965
55 44.1898 180.654
55.01 44.0487 179.351
55.02 43.9102 178.057
55.03 43.7744 176.772
55.04 43.6413 175.495
55.05 43.5109 174.226
55.06 43.383 172.965
55.07 43.2576 171.713
55.08 43.1348 170.468
55.09 43.0144 169.232
55.1 42.8965 168.005
55.11 42.781 166.785
55.12 42.6679 165.573
55.13 42.5572 164.37
55.14 42.4488 163.174
55.15 42.3427 161.987
55.16 42.2388 160.807
55.17 42.1372 159.635
55.18 42.0378 158.472
55.19 41.9405 157.316
55.2 41.8454 156.168
55.21 41.7525 155.028
55.22 41.6616 153.895
55.23 41.5728 152.77
55.24 41.4861 151.653
55.25 41.4014 150.544
55.26 41.3187 149.442
55.27 41.238 148.348
55.28 41.1592 147.261
55.29 41.0823 146.182
55.3 41.0074 145.111
55.31 40.9343 144.046
55.32 40.8632 142.989
55.33 40.7938 141.94
55.34 40.7263 140.898
55.35 40.6605 139.863
55.36 40.5966 138.835
55.37 40.5344 137.815
55.38 40.474 136.801
55.39 40.4153 135.795
55.4 40.3582 134.796
55.41 40.3029 133.804
55.42 40.2492 132.819
55.43 40.1972 131.841
55.44 40.1468 130.87
55.45 40.0981 129.906
55.46 40.0509 128.948
55.47 40.0053 127.998
55.48 39.9613 127.054
55.49 39.9188 126.117
55.5 39.8779 125.187
55.51 39.8385 124.263
55.52 39.8005 123.346
55.53 39.7641 122.435
55.54 39.7292 121.531
55.55 39.6957 120.634
55.56 39.6636 119.743
55.57 39.633 118.859
55.58 39.6038 117.981
55.59 39.5761 117.109
55.6 39.5497 116.243
55.61 39.5247 115.384
55.62 39.501 114.531
55.63 39.4787 113.684
55.64 39.4578 112.844
55.65 39.4382 112.01
55.66 39.4199 111.181
55.67 39.4029 110.359
55.68 39.3872 109.543
55.69 39.3729 108.732
55.7 39.3597 107.928
55.71 39.3479 107.129
55.72 39.3373 106.337
55.73 39.3279 105.55
55.74 39.3198 104.769
55.75 39.3129 103.994
55.76 39.3073 103.224
55.77 39.3028 102.46
55.78 39.2995 101.702
55.79 39.2974 100.949
55.8 39.2965 100.202
55.81 39.2968 99.4606
55.82 39.2982 98.7246
55.83 39.3008 97.994
55.84 39.3045 97.2688
55.85 39.3094 96.549
55.86 39.3154 95.8345
55.87 39.3225 95.1254
55.88 39.3307 94.4215
55.89 39.34 93.7228
55.9 39.3505 93.0294
55.91 39.362 92.3412
55.92 39.3746 91.658
55.93 39.3883 90.98
55.94 39.403 90.3071
55.95 39.4188 89.6392
55.96 39.4357 88.9762
55.97 39.4536 88.3183
55.98 39.4725 87.6653
55.99 39.4925 87.0171
56 39.5136 86.3739
56.01 39.5356 85.7354
56.02 39.5587 85.1018
56.03 39.5828 84.4729
56.04 39.6078 83.8487
56.05 39.6339 83.2293
56.06 39.661 82.6145
56.07 39.6891 82.0044
56.08 39.7182 81.3988
56.09 39.7482 80.7978
56.1 39.7792 80.2013
56.11 39.8112 79.6094
56.12 39.8442 79.0219
56.13 39.8781 78.4389
56.14 39.9129 77.8602
56.15 39.9488 77.286
56.16 39.9855 76.7161
56.17 40.0232 76.1505
56.18 40.0619 75.5892
56.19 40.1015 75.0321
56.2 40.142 74.4793
56.21 40.1834 73.9307
56.22 40.2258 73.3862
56.23 40.2691 72.8459
56.24 40.3133 72.3097
56.25 40.3584 71.7775
56.26 40.4044 71.2494
56.27 40.4513 70.7253
56.28 40.4991 70.2052
56.29 40.5478 69.6891
56.3 40.5974 69.1768
56.31 40.6479 68.6685
56.32 40.6993 68.1641
56.33 40.7516 67.6635
56.34 40.8047 67.1667
56.35 40.8588 66.6738
56.36 40.9137 66.1845
56.37 40.9695 65.6991
56.38 41.0261 65.2173
56.39 41.0836 64.7392
56.4 41.142 64.2647
56.41 41.2012 63.7939
56.42 41.2613 63.3267
56.43 41.3223 62.8631
56.44 41.3841 62.403
56.45 41.4468 61.9464
56.46 41.5103 61.4933
56.47 41.5746 61.0437
56.48 41.6398 60.5976
56.49 41.7059 60.1548
56.5 41.7728 59.7155
56.51 41.8405 59.2795
56.52 41.9091 58.8469
56.53 41.9785 58.4175
56.54 42.0487 57.9915
56.55 42.1198 57.5688
56.56 42.1917 57.1493
56.57 42.2644 56.733
56.58 42.338 56.3199
56.59 42.4124 55.91
56.6 42.4876 55.5032
56.61 42.5636 55.0996
56.62 42.6405 54.699
56.63 42.7182 54.3016
56.64 42.7966 53.9072
56.65 42.876 53.5158
56.66 42.9561 53.1274
56.67 43.037 52.7421
56.68 43.1188 52.3597
56.69 43.2014 51.9802
56.7 43.2848 51.6036
56.71 43.369 51.23
56.72 43.454 50.8592
56.73 43.5398 50.4913
56.74 43.6264 50.1263
56.75 43.7139 49.764
56.76 43.8021 49.4045
56.77 43.8911 49.0478
56.78 43.981 48.6939
56.79 44.0717 48.3427
56.8 44.1631 47.9942
56.81 44.2554 47.6483
56.82 44.3485 47.3052
56.83 44.4424 46.9647
56.84 44.537 46.6268
56.85 44.6325 46.2915
56.86 44.7288 45.9588
56.87 44.8259 45.6287
56.88 44.9238 45.3011
56.89 45.0225 44.9761
56.9 45.122 44.6535
56.91 45.2223 44.3335
56.92 45.3234 44.0159
56.93 45.4253 43.7008
56.94 45.528 43.3881
56.95 45.6315 43.0778
56.96 45.7358 42.77
56.97 45.8409 42.4645
56.98 45.9468 42.1613
56.99 46.0535 41.8605
57 46.161 41.5621
57.01 46.2693 41.2659
57.02 46.3784 40.972
57.03 46.4883 40.6804
57.04 46.599 40.391
57.05 46.7105 40.1039
57.06 46.8228 39.819
57.07 46.9359 39.5363
57.08 47.0498 39.2558
57.09 47.1646 38.9775
57.1 47.2801 38.7013
57.11 47.3964 38.4272
57.12 47.5135 38.1553
57.13 47.6315 37.8855
57.14 47.7502 37.6177
57.15 47.8698 37.352
57.16 47.9902 37.0884
57.17 48.1113 36.8268
57.18 48.2333 36.5673
57.19 48.3561 36.3097
57.2 48.4797 36.0542
57.21 48.6041 35.8006
57.22 48.7293 35.549
57.23 48.8553 35.2993
57.24 48.9822 35.0515
57.25 49.1099 34.8057
57.26 49.2383 34.5618
57.27 49.3676 34.3197
57.28 49.4977 34.0795
57.29 49.6287 33.8412
57.3 49.7604 33.6048
57.31 49.893 33.3701
57.32 50.0263 33.1373
57.33 50.1606 32.9063
57.34 50.2956 32.677
57.35 50.4314 32.4495
57.36 50.5681 32.2238
57.37 50.7056 31.9999
57.38 50.844 31.7776
57.39 50.9831 31.5571
57.4 51.1231 31.3383
57.41 51.2639 31.1212
57.42 51.4056 30.9058
57.43 51.5481 30.692
57.44 51.6914 30.4799
57.45 51.8356 30.2694
57.46 51.9806 30.0605
57.47 52.1264 29.8533
57.48 52.2731 29.6477
57.49 52.4206 29.4436
57.5 52.569 29.2412
57.51 52.7182 29.0403
57.52 52.8682 28.8409
57.53 53.0192 28.6431
57.54 53.1709 28.4468
57.55 53.3235 28.2521
57.56 53.477 28.0588
57.57 53.6313 27.867
57.58 53.7865 27.6767
57.59 53.9425 27.4879
57.6 54.0994 27.3006
57.61 54.2571 27.1147
57.62 54.4158 26.9302
57.63 54.5752 26.7472
57.64 54.7356 26.5655
57.65 54.8968 26.3853
57.66 55.0589 26.2065
57.67 55.2218 26.029
57.68 55.3857 25.8529
57.69 55.5504 25.6782
57.7 55.7159 25.5048
57.71 55.8824 25.3328
57.72 56.0498 25.1621
57.73 56.218 24.9927
57.74 56.3871 24.8246
57.75 56.5571 24.6578
57.76 56.728 24.4924
57.77 56.8998 24.3281
57.78 57.0724 24.1652
57.79 57.246 24.0035
57.8 57.4205 23.843
57.81 57.5959 23.6838
57.82 57.7721 23.5259
57.83 57.9493 23.3691
57.84 58.1274 23.2136
57.85 58.3064 23.0592
57.86 58.4863 22.906
57.87 58.6671 22.7541
57.88 58.8488 22.6033
57.89 59.0315 22.4536
57.9 59.215 22.3051
57.91 59.3995 22.1578
57.92 59.5849 22.0116
57.93 59.7713 21.8665
57.94 59.9586 21.7225
57.95 60.1468 21.5797
57.96 60.3359 21.4379
57.97 60.526 21.2973
57.98 60.717 21.1577
57.99 60.9089 21.0192
58 61.1018 20.8818
58.01 61.2957 20.7454
58.02 61.4905 20.6101
58.03 61.6862 20.4758
58.04 61.8829 20.3426
58.05 62.0806 20.2103
58.06 62.2792 20.0791
58.07 62.4788 19.949
58.08 62.6793 19.8198
58.09 62.8808 19.6916
58.1 63.0833 19.5644
58.11 63.2867 19.4382
58.12 63.4912 19.3129
58.13 63.6966 19.1886
58.14 63.903 19.0653
58.15 64.1103 18.9429
58.16 64.3187 18.8215
58.17 64.528 18.701
58.18 64.7384 18.5814
58.19 64.9497 18.4627
58.2 65.162 18.345
58.21 65.3754 18.2282
58.22 65.5897 18.1122
58.23 65.8051 17.9972
58.24 66.0214 17.883
58.25 66.2388 17.7697
58.26 66.4572 17.6573
58.27 66.6766 17.5458
58.28 66.897 17.4351
58.29 67.1184 17.3252
58.3 67.3409 17.2162
58.31 67.5644 17.1081
58.32 67.7889 17.0008
58.33 68.0145 16.8943
58.34 68.2411 16.7886
58.35 68.4688 16.6837
58.36 68.6975 16.5797
58.37 68.9273 16.4764
58.38 69.1581 16.374
58.39 69.3899 16.2723
58.4 69.6229 16.1714
58.41 69.8569 16.0713
58.42 70.0919 15.9719
58.43 70.328 15.8733
58.44 70.5652 15.7755
58.45 70.8035 15.6784
58.46 71.0428 15.5821
58.47 71.2833 15.4865
58.48 71.5248 15.3916
58.49 71.7674 15.2975
58.5 72.0111 15.2041
58.51 72.2559 15.1114
58.52 72.5018 15.0195
58.53 72.7488 14.9282
58.54 72.9969 14.8376
58.55 73.2461 14.7478
58.56 73.4965 14.6586
58.57 73.7479 14.5701
58.58 74.0005 14.4823
58.59 74.2542 14.3951
58.6 74.509 14.3087
58.61 74.765 14.2229
58.62 75.0221 14.1377
58.63 75.2803 14.0533
58.64 75.5397 13.9694
58.65 75.8002 13.8862
58.66 76.0619 13.8037
58.67 76.3247 13.7217
58.68 76.5887 13.6405
58.69 76.8538 13.5598
58.7 77.1201 13.4797
58.71 77.3876 13.4003
58.72 77.6563 13.3215
58.73 77.9261 13.2433
58.74 78.1971 13.1657
58.75 78.4693 13.0887
58.76 78.7427 13.0122
58.77 79.0173 12.9364
58.78 79.2931 12.8612
58.79 79.5701 12.7865
58.8 79.8483 12.7124
58.81 80.1277 12.6389
58.82 80.4083 12.5659
58.83 80.6901 12.4935
58.84 80.9731 12.4217
58.85 81.2574 12.3504
58.86 81.5429 12.2797
58.87 81.8297 12.2095
58.88 82.1176 12.1398
58.89 82.4068 12.0707
58.9 82.6973 12.0021
58.91 82.989 11.9341
58.92 83.282 11.8665
58.93 83.5762 11.7995
58.94 83.8717 11.733
58.95 84.1685 11.6671
58.96 84.4665 11.6016
58.97 84.7658 11.5366
58.98 85.0664 11.4722
58.99 85.3683 11.4082
59 85.6714 11.3447
59.01 85.9759 11.2817
59.02 86.2816 11.2192
59.03 86.5887 11.1572
59.04 86.8971 11.0957
59.05 87.2067 11.0346
59.06 87.5177 10.9741
59.07 87.8301 10.9139
59.08 88.1437 10.8543
59.09 88.4587 10.7951
59.1 88.775 10.7364
59.11 89.0926 10.6781
59.12 89.4116 10.6203
59.13 89.7319 10.5629
59.14 90.0536 10.506
59.15 90.3767 10.4495
59.16 90.7011 10.3934
59.17 91.0269 10.3378
59.18 91.354 10.2826
59.19 91.6826 10.2279
59.2 92.0125 10.1735
59.21 92.3438 10.1196
59.22 92.6765 10.0661
59.23 93.0106 10.0131
59.24 93.3461 9.96042
59.25 93.683 9.90817
59.26 94.0213 9.85633
59.27 94.361 9.80489
59.28 94.7021 9.75385
59.29 95.0447 9.70322
59.3 95.3887 9.65297
59.31 95.7342 9.60312
59.32 96.081 9.55366
59.33 96.4294 9.50459
59.34 96.7792 9.4559
59.35 97.1304 9.4076
59.36 97.4831 9.35967
59.37 97.8373 9.31211
59.38 98.1929 9.26493
59.39 98.55 9.21812
59.4 98.9086 9.17168
59.41 99.2687 9.1256
59.42 99.6303 9.07989
59.43 99.9934 9.03454
59.44 100.358 8.98954
59.45 100.724 8.9449
59.46 101.092 8.90061
59.47 101.461 8.85667
59.48 101.832 8.81308
59.49 102.204 8.76983
59.5 102.577 8.72692
59.51 102.953 8.68436
59.52 103.33 8.64213
59.53 103.708 8.60024
59.54 104.088 8.55868
59.55 104.469 8.51745
59.56 104.852 8.47655
59.57 105.237 8.43597
59.58 105.623 8.39572
59.59 106.011 8.35579
59.6 106.401 8.31618
59.61 106.792 8.27689
59.62 107.184 8.23791
59.63 107.578 8.19924
59.64 107.974 8.16089
59.65 108.372 8.12284
59.66 108.771 8.0851
59.67 109.171 8.04766
59.68 109.574 8.01052
59.69 109.978 7.97369
59.7 110.384 7.93715
59.71 110.791 7.90091
59.72 111.2 7.86496
59.73 111.61 7.82931
59.74 112.023 7.79394
59.75 112.437 7.75886
59.76 112.853 7.72407
59.77 113.27 7.68956
59.78 113.689 7.65534
59.79 114.11 7.62139
59.8 114.532 7.58773
59.81 114.957 7.55434
59.82 115.382 7.52122
59.83 115.81 7.48838
59.84 116.24 7.45581
59.85 116.671 7.42351
59.86 117.104 7.39147
59.87 117.538 7.35971
59.88 117.975 7.3282
59.89 118.413 7.29696
59.9 118.853 7.26598
59.91 119.295 7.23526
59.92 119.738 7.2048
59.93 120.184 7.17459
59.94 120.631 7.14463
59.95 121.08 7.11493
59.96 121.53 7.08548
59.97 121.983 7.05628
59.98 122.437 7.02733
59.99 122.894 6.99862
60 123.352 6.97016
60.01 123.812 6.94194
60.02 124.274 6.91396
60.03 124.737 6.88623
60.04 125.203 6.85873
60.05 125.67 6.83147
60.06 126.139 6.80444
60.07 126.611 6.77765
60.08 127.084 6.75109
60.09 127.559 6.72477
60.1 128.036 6.69867
60.11 128.514 6.67281
60.12 128.995 6.64717
60.13 129.478 6.62175
60.14 129.962 6.59656
60.15 130.449 6.5716
60.16 130.937 6.54685
60.17 131.428 6.52233
60.18 131.92 6.49803
60.19 132.414 6.47395
60.2 132.911 6.45008
60.21 133.409 6.42643
60.22 133.91 6.40299
60.23 134.412 6.37977
60.24 134.916 6.35675
60.25 135.423 6.33395
60.26 135.931 6.31136
60.27 136.441 6.28898
60.28 136.954 6.26681
60.29 137.468 6.24484
60.3 137.985 6.22308
60.31 138.504 6.20152
60.32 139.024 6.18016
60.33 139.547 6.15901
60.34 140.072 6.13806
60.35 140.599 6.11731
60.36 141.128 6.09675
60.37 141.659 6.0764
60.38 142.192 6.05624
60.39 142.728 6.03628
60.4 143.265 6.01651
60.41 143.805 5.99694
60.42 144.347 5.97756
60.43 144.891 5.95837
60.44 145.437 5.93937
60.45 145.985 5.92056
60.46 146.535 5.90195
60.47 147.088 5.88352
60.48 147.643 5.86527
60.49 148.2 5.84722
60.5 148.759 5.82935
60.51 149.321 5.81166
60.52 149.884 5.79416
60.53 150.45 5.77684
60.54 151.018 5.75971
60.55 151.589 5.74276
60.56 152.161 5.72598
60.57 152.736 5.70939
60.58 153.314 5.69298
60.59 153.893 5.67674
60.6 154.475 5.66068
60.61 155.059 5.6448
60.62 155.645 5.6291
60.63 156.234 5.61357
60.64 156.825 5.59822
60.65 157.418 5.58304
60.66 158.014 5.56803
60.67 158.612 5.5532
60.68 159.213 5.53854
60.69 159.815 5.52405
60.7 160.42 5.50973
60.71 161.028 5.49558
60.72 161.638 5.48161
60.73 162.25 5.4678
60.74 162.865 5.45416
60.75 163.482 5.44069
60.76 164.102 5.42738
60.77 164.724 5.41424
60.78 165.348 5.40127
60.79 165.975 5.38847
60.8 166.604 5.37583
60.81 167.236 5.36335
60.82 167.87 5.35104
60.83 168.507 5.3389
60.84 169.147 5.32691
60.85 169.788 5.31509
60.86 170.433 5.30344
60.87 171.079 5.29194
60.88 171.729 5.28061
60.89 172.381 5.26944
60.9 173.035 5.25843
60.91 173.692 5.24758
60.92 174.352 5.23689
60.93 175.014 5.22636
60.94 175.679 5.21599
60.95 176.346 5.20578
60.96 177.016 5.19573
60.97 177.689 5.18583
60.98 178.364 5.1761
60.99 179.042 5.16652
61 179.722 5.1571
61.01 180.405 5.14784
61.02 181.091 5.13874
61.03 181.78 5.12979
61.04 182.471 5.121
61.05 183.165 5.11237
61.06 183.861 5.10389
61.07 184.561 5.09557
61.08 185.262 5.08741
61.09 185.967 5.0794
61.1 186.675 5.07154
61.11 187.385 5.06385
61.12 188.098 5.05631
61.13 188.814 5.04892
61.14 189.532 5.04169
61.15 190.253 5.03461
61.16 190.977 5.02769
61.17 191.704 5.02093
61.18 192.434 5.01432
61.19 193.167 5.00787
61.2 193.902 5.00157
61.21 194.64 4.99542
61.22 195.381 4.98943
61.23 196.125 4.9836
61.24 196.872 4.97792
61.25 197.622 4.9724
61.26 198.375 4.96703
61.27 199.13 4.96182
61.28 199.889 4.95676
61.29 200.65 4.95186
61.3 201.414 4.94712
61.31 202.182 4.94253
61.32 202.952 4.93809
61.33 203.725 4.93382
61.34 204.501 4.9297
61.35 205.28 4.92573
61.36 206.063 4.92193
61.37 206.848 4.91828
61.38 207.636 4.91478
61.39 208.427 4.91145
61.4 209.221 4.90827
61.41 210.019 4.90525
61.42 210.819 4.90239
61.43 211.623 4.89969
61.44 212.429 4.89715
61.45 213.239 4.89477
61.46 214.052 4.89255
61.47 214.868 4.89048
61.48 215.687 4.88858
61.49 216.509 4.88684
61.5 217.334 4.88526
61.51 218.162 4.88384
61.52 218.994 4.88259
61.53 219.829 4.8815
61.54 220.667 4.88057
61.55 221.508 4.87981
61.56 222.352 4.87921
61.57 223.2 4.87877
61.58 224.051 4.87851
61.59 224.905 4.8784
61.6 225.762 4.87847
61.61 226.623 4.8787
61.62 227.487 4.8791
61.63 228.354 4.87967
61.64 229.225 4.88041
61.65 230.098 4.88132
61.66 230.976 4.8824
61.67 231.856 4.88366
61.68 232.74 4.88508
61.69 233.627 4.88668
61.7 234.518 4.88846
61.71 235.411 4.8904
61.72 236.309 4.89253
61.73 237.209 4.89483
61.74 238.114 4.89731
61.75 239.021 4.89997
61.76 239.932 4.90281
61.77 240.846 4.90583
61.78 241.764 4.90903
61.79 242.686 4.91241
61.8 243.61 4.91598
61.81 244.539 4.91973
61.82 245.47 4.92367
61.83 246.406 4.92779
61.84 247.345 4.93211
61.85 248.287 4.93661
61.86 249.233 4.9413
61.87 250.182 4.94619
61.88 251.135 4.95127
61.89 252.092 4.95654
61.9 253.052 4.96201
61.91 254.016 4.96768
61.92 254.983 4.97354
61.93 255.954 4.97961
61.94 256.929 4.98587
61.95 257.907 4.99234
61.96 258.889 4.99902
61.97 259.875 5.0059
61.98 260.864 5.01298
61.99 261.857 5.02028
62 262.854 5.02779
62.01 263.854 5.03551
62.02 264.858 5.04344
62.03 265.866 5.05159
62.04 266.878 5.05996
62.05 267.893 5.06854
62.06 268.912 5.07735
62.07 269.935 5.08638
62.08 270.962 5.09563
62.09 271.992 5.10512
62.1 273.027 5.11483
62.11 274.065 5.12477
62.12 275.107 5.13494
62.13 276.153 5.14535
62.14 277.203 5.156
62.15 278.256 5.16689
62.16 279.314 5.17801
62.17 280.375 5.18939
62.18 281.44 5.201
62.19 282.509 5.21287
62.2 283.582 5.22499
62.21 284.659 5.23736
62.22 285.74 5.24999
62.23 286.825 5.26287
62.24 287.914 5.27602
62.25 289.007 5.28943
62.26 290.104 5.3031
62.27 291.205 5.31705
62.28 292.31 5.33126
62.29 293.419 5.34576
62.3 294.532 5.36053
62.31 295.649 5.37558
62.32 296.77 5.39091
62.33 297.895 5.40653
62.34 299.024 5.42244
62.35 300.157 5.43864
62.36 301.295 5.45514
62.37 302.436 5.47194
62.38 303.582 5.48904
62.39 304.732 5.50645
62.4 305.885 5.52416
62.41 307.043 5.54219
62.42 308.206 5.56054
62.43 309.372 5.57921
62.44 310.543 5.5982
62.45 311.717 5.61752
62.46 312.896 5.63717
62.47 314.079 5.65716
62.48 315.267 5.67749
62.49 316.458 5.69816
62.5 317.654 5.71918
62.51 318.854 5.74056
62.52 320.059 5.76229
62.53 321.267 5.78438
62.54 322.48 5.80683
62.55 323.697 5.82966
62.56 324.919 5.85287
62.57 326.144 5.87645
62.58 327.374 5.90042
62.59 328.609 5.92477
62.6 329.848 5.94953
62.61 331.091 5.97468
62.62 332.338 6.00024
62.63 333.59 6.02621
62.64 334.846 6.05259
62.65 336.106 6.0794
62.66 337.371 6.10663
62.67 338.641 6.13429
62.68 339.914 6.1624
62.69 341.192 6.19095
62.7 342.475 6.21995
62.71 343.762 6.24941
62.72 345.053 6.27933
62.73 346.349 6.30972
62.74 347.649 6.34058
62.75 348.954 6.37193
62.76 350.263 6.40377
62.77 351.576 6.43611
62.78 352.894 6.46895
62.79 354.217 6.5023
62.8 355.544 6.53616
62.81 356.875 6.57056
62.82 358.211 6.60549
62.83 359.552 6.64096
62.84 360.897 6.67697
62.85 362.246 6.71355
62.86 363.6 6.75069
62.87 364.959 6.7884
62.88 366.322 6.8267
62.89 367.689 6.86559
62.9 369.061 6.90507
62.91 370.438 6.94517
62.92 371.819 6.98588
62.93 373.204 7.02723
62.94 374.595 7.0692
62.95 375.989 7.11183
62.96 377.389 7.15511
62.97 378.792 7.19906
62.98 380.201 7.24369
62.99 381.614 7.289
63 383.031 7.33502
63.01 384.453 7.38174
63.02 385.88 7.42918
63.03 387.311 7.47736
63.04 388.747 7.52628
63.05 390.187 7.57596
63.06 391.632 7.6264
63.07 393.081 7.67763
63.08 394.535 7.72964
63.09 395.993 7.78246
63.1 397.456 7.83611
63.11 398.924 7.89058
63.12 400.396 7.9459
63.13 401.872 8.00208
63.14 403.353 8.05913
63.15 404.839 8.11707
63.16 406.329 8.17592
63.17 407.824 8.23568
63.18 409.323 8.29638
63.19 410.827 8.35802
63.2 412.335 8.42064
63.21 413.848 8.48423
63.22 415.365 8.54882
63.23 416.887 8.61443
63.24 418.413 8.68106
63.25 419.943 8.74875
63.26 421.478 8.81751
63.27 423.018 8.88736
63.28 424.562 8.95831
63.29 426.11 9.03038
63.3 427.663 9.1036
63.31 429.22 9.17798
63.32 430.781 9.25355
63.33 432.347 9.33033
63.34 433.917 9.40833
63.35 435.492 9.48758
63.36 437.071 9.5681
63.37 438.654 9.64992
63.38 440.241 9.73305
63.39 441.833 9.81752
63.4 443.429 9.90336
63.41 445.029 9.99059
63.42 446.634 10.0792
63.43 448.242 10.1693
63.44 449.855 10.2609
63.45 451.472 10.3539
63.46 453.093 10.4484
63.47 454.718 10.5446
63.48 456.347 10.6422
63.49 457.98 10.7415
63.5 459.617 10.8425
63.51 461.258 10.945
63.52 462.903 11.0493
63.53 464.552 11.1554
63.54 466.205 11.2631
63.55 467.862 11.3727
63.56 469.522 11.4841
63.57 471.187 11.5974
63.58 472.855 11.7125
63.59 474.526 11.8296
63.6 476.202 11.9487
63.61 477.881 12.0697
63.62 479.563 12.1929
63.63 481.25 12.3181
63.64 482.939 12.4454
63.65 484.632 12.5749
63.66 486.329 12.7066
63.67 488.028 12.8406
63.68 489.732 12.9768
63.69 491.438 13.1154
63.7 493.147 13.2564
63.71 494.86 13.3998
63.72 496.576 13.5457
63.73 498.294 13.6941
63.74 500.016 13.8451
63.75 501.741 13.9987
63.76 503.468 14.155
63.77 505.198 14.3141
63.78 506.931 14.4759
63.79 508.667 14.6406
63.8 510.405 14.8082
63.81 512.145 14.9787
63.82 513.888 15.1523
63.83 515.633 15.3289
63.84 517.381 15.5087
63.85 519.131 15.6917
63.86 520.882 15.878
63.87 522.636 16.0676
63.88 524.392 16.2606
63.89 526.149 16.4571
63.9 527.908 16.6571
63.91 529.669 16.8607
63.92 531.431 17.0681
63.93 533.194 17.2792
63.94 534.959 17.4941
63.95 536.725 17.713
63.96 538.492 17.9359
63.97 540.261 18.1628
63.98 542.03 18.394
63.99 543.799 18.6294
64 545.569 18.8691
64.01 547.34 19.1133
64.02 549.111 19.3621
64.03 550.882 19.6154
64.04 552.654 19.8735
64.05 554.425 20.1364
64.06 556.196 20.4042
64.07 557.967 20.677
64.08 559.737 20.955
64.09 561.506 21.2382
64.1 563.275 21.5268
64.11 565.042 21.8208
64.12 566.809 22.1204
64.13 568.574 22.4257
64.14 570.337 22.7368
64.15 572.099 23.0539
64.16 573.859 23.377
64.17 575.616 23.7064
64.18 577.372 24.042
64.19 579.125 24.3842
64.2 580.875 24.7329
64.21 582.622 25.0884
64.22 584.367 25.4507
64.23 586.107 25.8201
64.24 587.845 26.1967
64.25 589.578 26.5806
64.26 591.308 26.972
64.27 593.033 27.371
64.28 594.753 27.7779
64.29 596.469 28.1928
64.3 598.18 28.6158
64.31 599.885 29.0471
64.32 601.585 29.487
64.33 603.278 29.9355
64.34 604.966 30.393
64.35 606.647 30.8595
64.36 608.321 31.3352
64.37 609.988 31.8204
64.38 611.648 32.3153
64.39 613.3 32.8201
64.4 614.944 33.3349
64.41 616.58 33.8601
64.42 618.207 34.3957
64.43 619.824 34.9421
64.44 621.432 35.4995
64.45 623.031 36.068
64.46 624.619 36.648
64.47 626.196 37.2397
64.48 627.763 37.8434
64.49 629.318 38.4592
64.5 630.861 39.0874
64.51 632.392 39.7284
64.52 633.91 40.3823
64.53 635.415 41.0495
64.54 636.906 41.7302
64.55 638.384 42.4247
64.56 639.847 43.1333
64.57 641.295 43.8563
64.58 642.727 44.594
64.59 644.143 45.3467
64.6 645.543 46.1146
64.61 646.926 46.8982
64.62 648.291 47.6977
64.63 649.638 48.5135
64.64 650.967 49.3459
64.65 652.276 50.1952
64.66 653.566 51.0618
64.67 654.835 51.946
64.68 656.083 52.8482
64.69 657.309 53.7687
64.7 658.514 54.7079
64.71 659.695 55.6661
64.72 660.853 56.6438
64.73 661.987 57.6413
64.74 663.096 58.659
64.75 664.18 59.6973
64.76 665.237 60.7566
64.77 666.268 61.8372
64.78 667.271 62.9397
64.79 668.246 64.0643
64.8 669.192 65.2115
64.81 670.108 66.3817
64.82 670.994 67.5754
64.83 671.849 68.7929
64.84 672.671 70.0348
64.85 673.461 71.3013
64.86 674.217 72.593
64.87 674.939 73.9102
64.88 675.626 75.2535
64.89 676.276 76.6233
64.9 676.89 78.0199
64.91 677.466 79.4439
64.92 678.004 80.8957
64.93 678.502 82.3758
64.94 678.96 83.8845
64.95 679.377 85.4223
64.96 679.752 86.9898
64.97 680.084 88.5872
64.98 680.373 90.2151
64.99 680.617 91.8739
65 680.815 93.564
65.01 680.967 95.2858
65.02 681.071 97.0399
65.03 681.128 98.8265
65.04 681.135 100.646
65.05 681.092 102.499
65.06 680.999 104.386
65.07 680.853 106.307
65.08 680.655 108.263
65.09 680.403 110.254
65.1 680.096 112.28
65.11 679.734 114.342
65.12 679.316 116.44
65.13 678.841 118.574
65.14 678.307 120.745
65.15 677.715 122.953
65.16 677.062 125.198
65.17 676.35 127.481
65.18 675.575 129.801
65.19 674.739 132.16
65.2 673.839 134.556
65.21 672.876 136.991
65.22 671.847 139.465
65.23 670.754 141.977
65.24 669.595 144.528
65.25 668.369 147.118
65.26 667.075 149.746
65.27 665.714 152.413
65.28 664.284 155.12
65.29 662.784 157.865
65.3 661.215 160.649
65.31 659.576 163.471
65.32 657.866 166.332
65.33 656.085 169.231
65.34 654.232 172.168
65.35 652.308 175.143
65.36 650.311 178.155
65.37 648.242 181.204
65.38 646.1 184.29
65.39 643.885 187.412
65.4 641.597 190.57
65.41 639.236 193.764
65.42 636.802 196.991
65.43 634.295 200.253
65.44 631.715 203.548
65.45 629.062 206.876
65.46 626.336 210.235
65.47 623.538 213.625
65.48 620.668 217.046
65.49 617.727 220.495
65.5 614.714 223.973
65.51 611.63 227.478
65.52 608.477 231.009
65.53 605.253 234.564
65.54 601.961 238.144
65.55 598.601 241.746
65.56 595.174 245.369
65.57 591.68 249.011
65.58 588.121 252.673
65.59 584.497 256.351
65.6 580.81 260.045
65.61 577.061 263.753
65.62 573.251 267.473
65.63 569.381 271.204
65.64 565.453 274.944
65.65 561.468 278.692
65.66 557.427 282.445
65.67 553.332 286.202
65.68 549.185 289.962
65.69 544.987 293.722
65.7 540.739 297.48
65.71 536.444 301.235
65.72 532.104 304.985
65.73 527.719 308.728
65.74 523.292 312.461
65.75 518.826 316.184
65.76 514.32 319.893
65.77 509.779 323.587
65.78 505.202 327.264
65.79 500.594 330.922
65.8 495.955 334.559
65.81 491.288 338.174
65.82 486.595 341.763
65.83 481.878 345.325
65.84 477.138 348.859
65.85 472.379 352.362
65.86 467.602 355.832
65.87 462.81 359.267
65.88 458.004 362.666
65.89 453.186 366.027
65.9 448.36 369.347
65.91 443.526 372.626
65.92 438.687 375.861
65.93 433.845 379.051
65.94 429.003 382.193
65.95 424.161 385.287
65.96 419.323 388.332
65.97 414.489 391.324
65.98 409.663 394.263
65.99 404.846 397.148
66 400.04 399.977
66.01 395.246 402.748
66.02 390.468 405.462
66.03 385.705 408.115
66.04 380.961 410.708
66.05 376.236 413.239
66.06 371.533 415.708
66.07 366.853 418.112
66.08 362.198 420.452
66.09 357.568 422.727
66.1 352.966 424.935
66.11 348.393 427.077
66.12 343.851 429.151
66.13 339.34 431.157
66.14 334.861 433.095
66.15 330.417 434.963
66.16 326.007 436.763
66.17 321.634 438.492
66.18 317.298 440.152
66.19 313 441.742
66.2 308.741 443.262
66.21 304.522 444.712
66.22 300.344 446.091
66.23 296.207 447.401
66.24 292.112 448.64
66.25 288.059 449.81
66.26 284.05 450.909
66.27 280.085 451.94
66.28 276.165 452.901
66.29 272.289 453.794
66.3 268.458 454.618
66.31 264.673 455.374
66.32 260.934 456.063
66.33 257.24 456.686
66.34 253.593 457.242
66.35 249.993 457.732
66.36 246.439 458.157
66.37 242.932 458.518
66.38 239.471 458.815
66.39 236.058 459.049
66.4 232.691 459.221
66.41 229.371 459.332
66.42 226.097 459.382
66.43 222.87 459.373
66.44 219.69 459.304
66.45 216.555 459.178
66.46 213.467 458.994
66.47 210.425 458.755
66.48 207.428 458.46
66.49 204.476 458.11
66.5 201.57 457.708
66.51 198.708 457.253
66.52 195.89 456.746
66.53 193.117 456.19
66.54 190.387 455.583
66.55 187.701 454.928
66.56 185.058 454.226
66.57 182.457 453.477
66.58 179.898 452.683
66.59 177.381 451.844
66.6 174.905 450.962
66.61 172.47 450.037
66.62 170.075 449.071
66.63 167.72 448.064
66.64 165.405 447.018
66.65 163.128 445.933
66.66 160.89 444.811
66.67 158.69 443.652
66.68 156.527 442.458
66.69 154.401 441.229
66.7 152.312 439.966
66.71 150.259 438.671
66.72 148.241 437.344
66.73 146.258 435.986
66.74 144.309 434.598
66.75 142.395 433.181
66.76 140.514 431.735
66.77 138.666 430.263
66.78 136.85 428.764
66.79 135.066 427.239
66.8 133.314 425.69
66.81 131.593 424.117
66.82 129.902 422.521
66.83 128.241 420.903
66.84 126.609 419.263
66.85 125.007 417.603
66.86 123.433 415.923
66.87 121.887 414.224
66.88 120.369 412.506
66.89 118.878 410.771
66.9 117.413 409.019
66.91 115.975 407.251
66.92 114.562 405.467
66.93 113.175 403.669
66.94 111.813 401.856
66.95 110.475 400.03
66.96 109.161 398.192
66.97 107.871 396.341
66.98 106.603 394.478
66.99 105.359 392.604
67 104.137 390.72
67.01 102.937 388.827
67.02 101.758 386.924
67.03 100.601 385.012
67.04 99.4645 383.092
67.05 98.3483 381.165
67.06 97.2522 379.23
67.07 96.1757 377.289
67.08 95.1186 375.342
67.09 94.0804 373.39
67.1 93.0608 371.432
67.11 92.0595 369.469
67.12 91.0761 367.502
67.13 90.1104 365.532
67.14 89.1619 363.558
67.15 88.2303 361.581
67.16 87.3154 359.602
67.17 86.4168 357.62
67.18 85.5343 355.637
67.19 84.6675 353.653
67.2 83.8161 351.667
67.21 82.9799 349.681
67.22 82.1585 347.694
67.23 81.3518 345.708
67.24 80.5593 343.722
67.25 79.781 341.736
67.26 79.0164 339.751
67.27 78.2653 337.768
67.28 77.5276 335.787
67.29 76.8029 333.807
67.3 76.0909 331.829
67.31 75.3916 329.854
67.32 74.7045 327.881
67.33 74.0296 325.912
67.34 73.3665 323.945
67.35 72.7151 321.982
67.36 72.0751 320.023
67.37 71.4464 318.067
67.38 70.8287 316.115
67.39 70.2217 314.168
67.4 69.6255 312.225
67.41 69.0396 310.287
67.42 68.4639 308.354
67.43 67.8983 306.426
67.44 67.3426 304.503
67.45 66.7965 302.585
67.46 66.26 300.673
67.47 65.7328 298.767
67.48 65.2147 296.867
67.49 64.7056 294.972
67.5 64.2054 293.084
67.51 63.7138 291.202
67.52 63.2307 289.327
67.53 62.756 287.458
67.54 62.2896 285.596
67.55 61.8311 283.74
67.56 61.3806 281.892
67.57 60.9379 280.051
67.58 60.5028 278.216
67.59 60.0753 276.389
67.6 59.6551 274.57
67.61 59.2421 272.758
67.62 58.8363 270.953
67.63 58.4374 269.156
67.64 58.0454 267.366
67.65 57.6602 265.585
67.66 57.2816 263.811
67.67 56.9095 262.045
67.68 56.5438 260.287
67.69 56.1844 258.537
67.7 55.8312 256.796
67.71 55.484 255.062
67.72 55.1428 253.337
67.73 54.8075 251.62
67.74 54.478 249.911
67.75 54.1542 248.21
67.76 53.8359 246.518
67.77 53.5231 244.835
67.78 53.2157 243.16
67.79 52.9136 241.493
67.8 52.6167 239.835
67.81 52.325 238.186
67.82 52.0382 236.545
67.83 51.7565 234.913
67.84 51.4796 233.289
67.85 51.2075 231.674
67.86 50.9402 230.068
67.87 50.6775 228.471
67.88 50.4193 226.882
67.89 50.1656 225.302
67.9 49.9164 223.731
67.91 49.6715 222.168
67.92 49.4309 220.614
67.93 49.1945 219.069
67.94 48.9623 217.533
67.95 48.7341 216.006
67.96 48.51 214.487
67.97 48.2898 212.978
67.98 48.0735 211.477
67.99 47.8611 209.984
68 47.6524 208.501
68.01 47.4474 207.026
68.02 47.2461 205.56
68.03 47.0484 204.103
68.04 46.8543 202.655
68.05 46.6636 201.215
68.06 46.4764 199.784
68.07 46.2926 198.361
68.08 46.1121 196.948
68.09 45.9349 195.543
68.1 45.761 194.147
68.11 45.5903 192.759
68.12 45.4227 191.38
68.13 45.2582 190.01
68.14 45.0968 188.648
68.15 44.9384 187.295
68.16 44.7829 185.95
68.17 44.6304 184.614
68.18 44.4808 183.286
68.19 44.334 181.967
68.2 44.1901 180.656
68.21 44.0489 179.354
68.22 43.9104 178.06
68.23 43.7747 176.774
68.24 43.6416 175.497
68.25 43.5111 174.228
68.26 43.3832 172.967
68.27 43.2578 171.715
68.28 43.135 170.47
68.29 43.0146 169.234
68.3 42.8967 168.007
68.31 42.7812 166.787
68.32 42.6681 165.575
68.33 42.5574 164.372
68.34 42.449 163.176
68.35 42.3428 161.989
68.36 42.239 160.809
68.37 42.1373 159.637
68.38 42.0379 158.474
68.39 41.9407 157.318
68.4 41.8456 156.17
68.41 41.7526 155.03
68.42 41.6618 153.897
68.43 41.573 152.772
68.44 41.4863 151.655
68.45 41.4015 150.546
68.46 41.3188 149.444
68.47 41.2381 148.35
68.48 41.1593 147.263
68.49 41.0825 146.184
68.5 41.0075 145.112
68.51 40.9345 144.048
68.52 40.8633 142.991
68.53 40.7939 141.942
68.54 40.7264 140.899
68.55 40.6607 139.864
68.56 40.5967 138.837
68.57 40.5345 137.816
68.58 40.4741 136.803
68.59 40.4153 135.797
68.6 40.3583 134.798
68.61 40.303 133.806
68.62 40.2493 132.821
68.63 40.1973 131.843
68.64 40.1469 130.871
68.65 40.0981 129.907
68.66 40.051 128.95
68.67 40.0054 127.999
68.68 39.9614 127.055
68.69 39.9189 126.118
68.7 39.8779 125.188
68.71 39.8385 124.264
68.72 39.8006 123.347
68.73 39.7642 122.437
68.74 39.7292 121.533
68.75 39.6957 120.636
68.76 39.6637 119.745
68.77 39.6331 118.86
68.78 39.6039 117.982
68.79 39.5761 117.11
68.8 39.5497 116.245
68.81 39.5247 115.386
68.82 39.5011 114.533
68.83 39.4788 113.686
68.84 39.4578 112.845
68.85 39.4382 112.011
68.86 39.4199 111.183
68.87 39.403 110.36
68.88 39.3873 109.544
68.89 39.3729 108.734
68.9 39.3598 107.929
68.91 39.3479 107.131
68.92 39.3373 106.338
68.93 39.328 105.551
68.94 39.3198 104.77
68.95 39.3129 103.995
68.96 39.3073 103.225
68.97 39.3028 102.461
68.98 39.2995 101.703
68.99 39.2974 100.951
69 39.2965 100.203
69.01 39.2968 99.4619
69.02 39.2982 98.7258
69.03 39.3008 97.9952
69.04 39.3045 97.27
69.05 39.3094 96.5502
69.06 39.3154 95.8357
69.07 39.3225 95.1265
69.08 39.3307 94.4226
69.09 39.34 93.724
69.1 39.3505 93.0306
69.11 39.362 92.3423
69.12 39.3746 91.6592
69.13 39.3882 90.9812
69.14 39.403 90.3082
69.15 39.4188 89.6403
69.16 39.4356 88.9773
69.17 39.4536 88.3194
69.18 39.4725 87.6663
69.19 39.4925 87.0182
69.2 39.5135 86.3749
69.21 39.5356 85.7365
69.22 39.5586 85.1028
69.23 39.5827 84.4739
69.24 39.6078 83.8498
69.25 39.6339 83.2303
69.26 39.661 82.6155
69.27 39.689 82.0054
69.28 39.7181 81.3998
69.29 39.7481 80.7988
69.3 39.7792 80.2023
69.31 39.8111 79.6104
69.32 39.8441 79.0229
69.33 39.878 78.4398
69.34 39.9129 77.8612
69.35 39.9487 77.2869
69.36 39.9855 76.717
69.37 40.0232 76.1514
69.38 40.0618 75.5901
69.39 40.1014 75.0331
69.4 40.1419 74.4802
69.41 40.1834 73.9316
69.42 40.2257 73.3871
69.43 40.269 72.8468
69.44 40.3132 72.3105
69.45 40.3583 71.7784
69.46 40.4043 71.2503
69.47 40.4512 70.7262
69.48 40.499 70.2061
69.49 40.5478 69.6899
69.5 40.5974 69.1777
69.51 40.6479 68.6694
69.52 40.6992 68.1649
69.53 40.7515 67.6643
69.54 40.8047 67.1676
69.55 40.8587 66.6746
69.56 40.9136 66.1854
69.57 40.9694 65.6999
69.58 41.026 65.2181
69.59 41.0835 64.74
69.6 41.1419 64.2655
69.61 41.2011 63.7947
69.62 41.2612 63.3275
69.63 41.3222 62.8638
69.64 41.384 62.4037
69.65 41.4467 61.9472
69.66 41.5102 61.4941
69.67 41.5745 61.0445
69.68 41.6397 60.5983
69.69 41.7058 60.1556
69.7 41.7727 59.7162
69.71 41.8404 59.2802
69.72 41.909 58.8476
69.73 41.9784 58.4183
69.74 42.0486 57.9922
69.75 42.1197 57.5695
69.76 42.1916 57.15
69.77 42.2643 56.7337
69.78 42.3379 56.3206
69.79 42.4123 55.9106
69.8 42.4875 55.5039
69.81 42.5635 55.1002
69.82 42.6403 54.6997
69.83 42.718 54.3022
69.84 42.7965 53.9078
69.85 42.8758 53.5164
69.86 42.956 53.1281
69.87 43.0369 52.7427
69.88 43.1187 52.3603
69.89 43.2012 51.9808
69.9 43.2846 51.6043
69.91 43.3688 51.2306
69.92 43.4538 50.8599
69.93 43.5396 50.4919
69.94 43.6263 50.1269
69.95 43.7137 49.7646
69.96 43.802 49.4051
69.97 43.891 49.0484
69.98 43.9809 48.6945
69.99 44.0715 48.3432
70 44.163 47.9947
70.01 44.2553 47.6489
70.02 44.3483 47.3057
70.03 44.4422 46.9652
70.04 44.5369 46.6273
70.05 44.6324 46.2921
70.06 44.7287 45.9594
70.07 44.8257 45.6292
70.08 44.9236 45.3017
70.09 45.0223 44.9766
70.1 45.1218 44.6541
70.11 45.2221 44.334
70.12 45.3232 44.0164
70.13 45.4251 43.7013
70.14 45.5278 43.3886
70.15 45.6313 43.0783
70.16 45.7356 42.7705
70.17 45.8407 42.465
70.18 45.9466 42.1618
70.19 46.0533 41.861
70.2 46.1608 41.5625
70.21 46.2691 41.2664
70.22 46.3782 40.9725
70.23 46.4881 40.6809
70.24 46.5988 40.3915
70.25 46.7103 40.1044
70.26 46.8226 39.8195
70.27 46.9357 39.5368
70.28 47.0496 39.2563
70.29 47.1644 38.9779
70.3 47.2799 38.7018
70.31 47.3962 38.4277
70.32 47.5134 38.1558
70.33 47.6313 37.8859
70.34 47.75 37.6182
70.35 47.8696 37.3525
70.36 47.99 37.0889
70.37 48.1111 36.8273
70.38 48.2331 36.5677
70.39 48.3559 36.3102
70.4 48.4795 36.0546
70.41 48.6039 35.801
70.42 48.7291 35.5494
70.43 48.8551 35.2997
70.44 48.982 35.0519
70.45 49.1096 34.8061
70.46 49.2381 34.5622
70.47 49.3674 34.3201
70.48 49.4975 34.0799
70.49 49.6284 33.8416
70.5 49.7602 33.6051
70.51 49.8927 33.3705
70.52 50.0261 33.1377
70.53 50.1603 32.9066
70.54 50.2954 32.6774
70.55 50.4312 32.4499
70.56 50.5679 32.2242
70.57 50.7054 32.0002
70.58 50.8437 31.778
70.59 50.9829 31.5575
70.6 51.1229 31.3387
70.61 51.2637 31.1216
70.62 51.4054 30.9061
70.63 51.5478 30.6923
70.64 51.6912 30.4802
70.65 51.8353 30.2697
70.66 51.9803 30.0609
70.67 52.1262 29.8536
70.68 52.2728 29.648
70.69 52.4204 29.444
70.7 52.5687 29.2415
70.71 52.7179 29.0406
70.72 52.868 28.8412
70.73 53.0189 28.6434
70.74 53.1707 28.4471
70.75 53.3233 28.2524
70.76 53.4767 28.0591
70.77 53.631 27.8673
70.78 53.7862 27.6771
70.79 53.9422 27.4882
70.8 54.0991 27.3009
70.81 54.2569 27.115
70.82 54.4155 26.9305
70.83 54.575 26.7475
70.84 54.7353 26.5658
70.85 54.8965 26.3856
70.86 55.0586 26.2068
70.87 55.2216 26.0293
70.88 55.3854 25.8532
70.89 55.5501 25.6785
70.9 55.7157 25.5051
70.91 55.8821 25.3331
70.92 56.0495 25.1624
70.93 56.2177 24.993
70.94 56.3868 24.8249
70.95 56.5568 24.6581
70.96 56.7277 24.4926
70.97 56.8995 24.3284
70.98 57.0722 24.1655
70.99 57.2457 24.0038
71 57.4202 23.8433
71.01 57.5956 23.6841
71.02 57.7718 23.5261
71.03 57.949 23.3694
71.04 58.1271 23.2138
71.05 58.3061 23.0595
71.06 58.486 22.9063
71.07 58.6668 22.7543
71.08 58.8485 22.6035
71.09 59.0312 22.4539
71.1 59.2147 22.3054
71.11 59.3992 22.158
71.12 59.5846 22.0118
71.13 59.771 21.8667
71.14 59.9582 21.7228
71.15 60.1464 21.5799
71.16 60.3356 21.4382
71.17 60.5256 21.2975
71.18 60.7167 21.1579
71.19 60.9086 21.0194
71.2 61.1015 20.882
71.21 61.2953 20.7456
71.22 61.4901 20.6103
71.23 61.6859 20.476
71.24 61.8826 20.3428
71.25 62.0802 20.2106
71.26 62.2788 20.0794
71.27 62.4784 19.9492
71.28 62.679 19.82
71.29 62.8805 19.6918
71.3 63.083 19.5646
71.31 63.2864 19.4384
71.32 63.4908 19.3131
71.33 63.6962 19.1888
71.34 63.9026 19.0655
71.35 64.11 18.9431
71.36 64.3183 18.8217
71.37 64.5277 18.7012
71.38 64.738 18.5816
71.39 64.9494 18.4629
71.4 65.1617 18.3452
71.41 65.375 18.2283
71.42 65.5894 18.1124
71.43 65.8047 17.9974
71.44 66.0211 17.8832
71.45 66.2384 17.7699
71.46 66.4568 17.6575
71.47 66.6762 17.546
71.48 66.8966 17.4353
71.49 67.1181 17.3254
71.5 67.3405 17.2164
71.51 67.564 17.1083
71.52 67.7886 17.001
71.53 68.0141 16.8945
71.54 68.2408 16.7888
71.55 68.4684 16.6839
71.56 68.6971 16.5798
71.57 68.9269 16.4766
71.58 69.1577 16.3741
71.59 69.3896 16.2724
71.6 69.6225 16.1715
71.61 69.8565 16.0714
71.62 70.0915 15.9721
71.63 70.3276 15.8735
71.64 70.5648 15.7757
71.65 70.8031 15.6786
71.66 71.0424 15.5822
71.67 71.2829 15.4867
71.68 71.5244 15.3918
71.69 71.767 15.2977
71.7 72.0107 15.2043
71.71 72.2555 15.1116
71.72 72.5014 15.0196
71.73 72.7484 14.9283
71.74 72.9965 14.8378
71.75 73.2457 14.7479
71.76 73.4961 14.6587
71.77 73.7475 14.5702
71.78 74.0001 14.4824
71.79 74.2538 14.3953
71.8 74.5086 14.3088
71.81 74.7645 14.223
71.82 75.0216 14.1379
71.83 75.2799 14.0534
71.84 75.5392 13.9696
71.85 75.7998 13.8864
71.86 76.0614 13.8038
71.87 76.3243 13.7219
71.88 76.5882 13.6406
71.89 76.8534 13.5599
71.9 77.1197 13.4799
71.91 77.3872 13.4005
71.92 77.6558 13.3216
71.93 77.9257 13.2434
71.94 78.1967 13.1658
71.95 78.4689 13.0888
71.96 78.7423 13.0124
71.97 79.0169 12.9365
71.98 79.2926 12.8613
71.99 79.5696 12.7866
72 79.8478 12.7125
72.01 80.1272 12.639
72.02 80.4078 12.566
72.03 80.6896 12.4936
72.04 80.9727 12.4218
72.05 81.2569 12.3505
72.06 81.5424 12.2798
72.07 81.8292 12.2096
72.08 82.1171 12.1399
72.09 82.4064 12.0708
72.1 82.6968 12.0022
72.11 82.9885 11.9342
72.12 83.2815 11.8666
72.13 83.5757 11.7996
72.14 83.8712 11.7331
72.15 84.168 11.6672
72.16 84.466 11.6017
72.17 84.7653 11.5367
72.18 85.0659 11.4723
72.19 85.3678 11.4083
72.2 85.6709 11.3448
72.21 85.9754 11.2818
72.22 86.2811 11.2194
72.23 86.5882 11.1573
72.24 86.8966 11.0958
72.25 87.2062 11.0347
72.26 87.5172 10.9742
72.27 87.8295 10.914
72.28 88.1432 10.8544
72.29 88.4581 10.7952
72.3 88.7744 10.7365
72.31 89.0921 10.6782
72.32 89.4111 10.6204
72.33 89.7314 10.563
72.34 90.0531 10.5061
72.35 90.3761 10.4496
72.36 90.7006 10.3935
72.37 91.0263 10.3379
72.38 91.3535 10.2827
72.39 91.682 10.228
72.4 92.0119 10.1736
72.41 92.3432 10.1197
72.42 92.6759 10.0662
72.43 93.01 10.0132
72.44 93.3455 9.9605
72.45 93.6824 9.90825
72.46 94.0207 9.85641
72.47 94.3604 9.80497
72.48 94.7016 9.75394
72.49 95.0441 9.7033
72.5 95.3881 9.65306
72.51 95.7336 9.60321
72.52 96.0805 9.55375
72.53 96.4288 9.50467
72.54 96.7786 9.45598
72.55 97.1298 9.40768
72.56 97.4825 9.35975
72.57 97.8367 9.31219
72.58 98.1923 9.26501
72.59 98.5494 9.2182
72.6 98.908 9.17176
72.61 99.2681 9.12568
72.62 99.6297 9.07997
72.63 99.9928 9.03461
72.64 100.357 8.98961
72.65 100.723 8.94497
72.66 101.091 8.90068
72.67 101.46 8.85674
72.68 101.831 8.81315
72.69 102.203 8.7699
72.7 102.577 8.72699
72.71 102.952 8.68443
72.72 103.329 8.6422
72.73 103.707 8.60031
72.74 104.087 8.55875
72.75 104.469 8.51752
72.76 104.852 8.47662
72.77 105.236 8.43604
72.78 105.623 8.39579
72.79 106.01 8.35586
72.8 106.4 8.31625
72.81 106.791 8.27695
72.82 107.183 8.23797
72.83 107.578 8.19931
72.84 107.974 8.16095
72.85 108.371 8.1229
72.86 108.77 8.08516
72.87 109.171 8.04772
72.88 109.573 8.01059
72.89 109.977 7.97375
72.9 110.383 7.93721
72.91 110.79 7.90097
72.92 111.199 7.86502
72.93 111.61 7.82937
72.94 112.022 7.794
72.95 112.436 7.75892
72.96 112.852 7.72413
72.97 113.269 7.68962
72.98 113.688 7.6554
72.99 114.109 7.62145
73 114.532 7.58778
73.01 114.956 7.55439
73.02 115.382 7.52128
73.03 115.809 7.48843
73.04 116.239 7.45586
73.05 116.67 7.42356
73.06 117.103 7.39153
73.07 117.538 7.35976
73.08 117.974 7.32825
73.09 118.412 7.29701
73.1 118.852 7.26603
73.11 119.294 7.23531
73.12 119.738 7.20485
73.13 120.183 7.17464
73.14 120.63 7.14468
73.15 121.079 7.11498
73.16 121.53 7.08553
73.17 121.982 7.05633
73.18 122.437 7.02738
73.19 122.893 6.99867
73.2 123.351 6.97021
73.21 123.811 6.94199
73.22 124.273 6.91401
73.23 124.736 6.88627
73.24 125.202 6.85877
73.25 125.669 6.83151
73.26 126.139 6.80449
73.27 126.61 6.7777
73.28 127.083 6.75114
73.29 127.558 6.72481
73.3 128.035 6.69872
73.31 128.514 6.67285
73.32 128.994 6.64721
73.33 129.477 6.62179
73.34 129.961 6.59661
73.35 130.448 6.57164
73.36 130.936 6.5469
73.37 131.427 6.52237
73.38 131.919 6.49807
73.39 132.414 6.47398
73.4 132.91 6.45012
73.41 133.408 6.42647
73.42 133.909 6.40303
73.43 134.411 6.3798
73.44 134.915 6.35679
73.45 135.422 6.33399
73.46 135.93 6.3114
73.47 136.441 6.28902
73.48 136.953 6.26684
73.49 137.468 6.24488
73.5 137.984 6.22311
73.51 138.503 6.20156
73.52 139.023 6.1802
73.53 139.546 6.15905
73.54 140.071 6.13809
73.55 140.598 6.11734
73.56 141.127 6.09679
73.57 141.658 6.07643
73.58 142.191 6.05627
73.59 142.727 6.03631
73.6 143.264 6.01654
73.61 143.804 5.99697
73.62 144.346 5.97759
73.63 144.89 5.9584
73.64 145.436 5.9394
73.65 145.984 5.9206
73.66 146.535 5.90198
73.67 147.087 5.88355
73.68 147.642 5.8653
73.69 148.199 5.84725
73.7 148.758 5.82938
73.71 149.32 5.81169
73.72 149.883 5.79419
73.73 150.449 5.77687
73.74 151.017 5.75974
73.75 151.588 5.74278
73.76 152.161 5.72601
73.77 152.735 5.70942
73.78 153.313 5.693
73.79 153.892 5.67677
73.8 154.474 5.66071
73.81 155.058 5.64483
73.82 155.644 5.62912
73.83 156.233 5.6136
73.84 156.824 5.59824
73.85 157.417 5.58306
73.86 158.013 5.56806
73.87 158.611 5.55322
73.88 159.212 5.53856
73.89 159.814 5.52407
73.9 160.419 5.50975
73.91 161.027 5.49561
73.92 161.637 5.48163
73.93 162.249 5.46782
73.94 162.864 5.45418
73.95 163.481 5.44071
73.96 164.101 5.4274
73.97 164.723 5.41427
73.98 165.347 5.40129
73.99 165.974 5.38849
74 166.603 5.37585
74.01 167.235 5.36337
74.02 167.869 5.35106
74.03 168.506 5.33892
74.04 169.145 5.32693
74.05 169.787 5.31511
74.06 170.432 5.30346
74.07 171.078 5.29196
74.08 171.728 5.28063
74.09 172.38 5.26946
74.1 173.034 5.25845
74.11 173.691 5.2476
74.12 174.351 5.23691
74.13 175.013 5.22638
74.14 175.678 5.21601
74.15 176.345 5.2058
74.16 177.015 5.19574
74.17 177.688 5.18585
74.18 178.363 5.17611
74.19 179.041 5.16654
74.2 179.721 5.15712
74.21 180.404 5.14786
74.22 181.09 5.13875
74.23 181.779 5.12981
74.24 182.47 5.12102
74.25 183.164 5.11238
74.26 183.86 5.1039
74.27 184.559 5.09558
74.28 185.261 5.08742
74.29 185.966 5.07941
74.3 186.673 5.07156
74.31 187.384 5.06386
74.32 188.097 5.05632
74.33 188.812 5.04893
74.34 189.531 5.0417
74.35 190.252 5.03463
74.36 190.976 5.02771
74.37 191.703 5.02094
74.38 192.433 5.01433
74.39 193.165 5.00788
74.4 193.901 5.00158
74.41 194.639 4.99543
74.42 195.38 4.98944
74.43 196.124 4.98361
74.44 196.871 4.97793
74.45 197.621 4.97241
74.46 198.373 4.96704
74.47 199.129 4.96183
74.48 199.887 4.95677
74.49 200.649 4.95187
74.5 201.413 4.94712
74.51 202.18 4.94254
74.52 202.951 4.9381
74.53 203.724 4.93382
74.54 204.5 4.9297
74.55 205.279 4.92574
74.56 206.061 4.92193
74.57 206.846 4.91828
74.58 207.635 4.91479
74.59 208.426 4.91146
74.6 209.22 4.90828
74.61 210.018 4.90526
74.62 210.818 4.9024
74.63 211.621 4.8997
74.64 212.428 4.89715
74.65 213.238 4.89477
74.66 214.05 4.89255
74.67 214.866 4.89049
74.68 215.685 4.88858
74.69 216.507 4.88684
74.7 217.333 4.88526
74.71 218.161 4.88385
74.72 218.993 4.88259
74.73 219.827 4.8815
74.74 220.665 4.88057
74.75 221.507 4.87981
74.76 222.351 4.87921
74.77 223.199 4.87877
74.78 224.05 4.87851
74.79 224.904 4.8784
74.8 225.761 4.87847
74.81 226.622 4.8787
74.82 227.485 4.8791
74.83 228.353 4.87967
74.84 229.223 4.88041
74.85 230.097 4.88132
74.86 230.974 4.8824
74.87 231.855 4.88365
74.88 232.738 4.88508
74.89 233.626 4.88668
74.9 234.516 4.88845
74.91 235.41 4.8904
74.92 236.307 4.89253
74.93 237.208 4.89483
74.94 238.112 4.89731
74.95 239.02 4.89996
74.96 239.93 4.9028
74.97 240.845 4.90582
74.98 241.763 4.90902
74.99 242.684 4.9124
75 243.609 4.91597
75.01 244.537 4.91972
75.02 245.469 4.92366
75.03 246.404 4.92779
75.04 247.343 4.9321
75.05 248.285 4.9366
75.06 249.231 4.9413
75.07 250.181 4.94618
75.08 251.134 4.95126
75.09 252.09 4.95653
75.1 253.05 4.962
75.11 254.014 4.96767
75.12 254.982 4.97353
75.13 255.953 4.9796
75.14 256.927 4.98586
75.15 257.906 4.99233
75.16 258.887 4.99901
75.17 259.873 5.00589
75.18 260.862 5.01297
75.19 261.855 5.02027
75.2 262.852 5.02778
75.21 263.852 5.03549
75.22 264.857 5.04343
75.23 265.864 5.05158
75.24 266.876 5.05994
75.25 267.891 5.06853
75.26 268.911 5.07733
75.27 269.934 5.08636
75.28 270.96 5.09562
75.29 271.991 5.1051
75.3 273.025 5.11481
75.31 274.063 5.12475
75.32 275.105 5.13493
75.33 276.151 5.14534
75.34 277.201 5.15598
75.35 278.254 5.16687
75.36 279.312 5.178
75.37 280.373 5.18937
75.38 281.438 5.20098
75.39 282.508 5.21285
75.4 283.581 5.22497
75.41 284.658 5.23734
75.42 285.739 5.24996
75.43 286.824 5.26285
75.44 287.912 5.27599
75.45 289.005 5.2894
75.46 290.102 5.30308
75.47 291.203 5.31702
75.48 292.308 5.33124
75.49 293.417 5.34573
75.5 294.53 5.3605
75.51 295.647 5.37555
75.52 296.768 5.39088
75.53 297.893 5.4065
75.54 299.022 5.42241
75.55 300.155 5.43861
75.56 301.293 5.45511
75.57 302.434 5.47191
75.58 303.58 5.48901
75.59 304.73 5.50642
75.6 305.884 5.52413
75.61 307.042 5.54216
75.62 308.204 5.56051
75.63 309.37 5.57918
75.64 310.541 5.59817
75.65 311.715 5.61749
75.66 312.894 5.63714
75.67 314.077 5.65713
75.68 315.265 5.67745
75.69 316.456 5.69813
75.7 317.652 5.71915
75.71 318.852 5.74052
75.72 320.057 5.76225
75.73 321.265 5.78434
75.74 322.478 5.8068
75.75 323.695 5.82962
75.76 324.917 5.85283
75.77 326.142 5.87641
75.78 327.372 5.90038
75.79 328.607 5.92473
75.8 329.845 5.94949
75.81 331.089 5.97464
75.82 332.336 6.00019
75.83 333.588 6.02616
75.84 334.844 6.05255
75.85 336.104 6.07935
75.86 337.369 6.10658
75.87 338.638 6.13425
75.88 339.912 6.16235
75.89 341.19 6.1909
75.9 342.473 6.2199
75.91 343.76 6.24936
75.92 345.051 6.27928
75.93 346.347 6.30967
75.94 347.647 6.34053
75.95 348.951 6.37188
75.96 350.261 6.40372
75.97 351.574 6.43605
75.98 352.892 6.46889
75.99 354.215 6.50224
76 355.542 6.53611
76.01 356.873 6.5705
76.02 358.209 6.60543
76.03 359.549 6.6409
76.04 360.894 6.67691
76.05 362.244 6.71349
76.06 363.598 6.75063
76.07 364.956 6.78834
76.08 366.319 6.82664
76.09 367.687 6.86552
76.1 369.059 6.90501
76.11 370.435 6.9451
76.12 371.816 6.98582
76.13 373.202 7.02716
76.14 374.592 7.06913
76.15 375.987 7.11176
76.16 377.386 7.15504
76.17 378.79 7.19899
76.18 380.198 7.24361
76.19 381.611 7.28893
76.2 383.029 7.33494
76.21 384.451 7.38166
76.22 385.877 7.42911
76.23 387.308 7.47728
76.24 388.744 7.5262
76.25 390.184 7.57587
76.26 391.629 7.62632
76.27 393.078 7.67754
76.28 394.532 7.72956
76.29 395.991 7.78238
76.3 397.454 7.83602
76.31 398.921 7.89049
76.32 400.393 7.94581
76.33 401.87 8.00199
76.34 403.351 8.05904
76.35 404.837 8.11698
76.36 406.327 8.17582
76.37 407.821 8.23558
76.38 409.321 8.29628
76.39 410.824 8.35792
76.4 412.333 8.42053
76.41 413.845 8.48412
76.42 415.362 8.54871
76.43 416.884 8.61432
76.44 418.41 8.68095
76.45 419.941 8.74864
76.46 421.476 8.8174
76.47 423.015 8.88724
76.48 424.559 8.95819
76.49 426.108 9.03026
76.5 427.66 9.10348
76.51 429.217 9.17786
76.52 430.779 9.25343
76.53 432.345 9.3302
76.54 433.915 9.4082
76.55 435.489 9.48745
76.56 437.068 9.56797
76.57 438.651 9.64978
76.58 440.239 9.73291
76.59 441.831 9.81738
76.6 443.426 9.90322
76.61 445.027 9.99044
76.62 446.631 10.0791
76.63 448.24 10.1692
76.64 449.852 10.2607
76.65 451.469 10.3537
76.66 453.09 10.4483
76.67 454.715 10.5444
76.68 456.344 10.6421
76.69 457.977 10.7414
76.7 459.614 10.8423
76.71 461.256 10.9449
76.72 462.901 11.0492
76.73 464.55 11.1552
76.74 466.202 11.2629
76.75 467.859 11.3725
76.76 469.52 11.4839
76.77 471.184 11.5972
76.78 472.852 11.7123
76.79 474.524 11.8294
76.8 476.199 11.9485
76.81 477.878 12.0695
76.82 479.561 12.1927
76.83 481.247 12.3179
76.84 482.936 12.4452
76.85 484.629 12.5747
76.86 486.326 12.7064
76.87 488.026 12.8403
76.88 489.729 12.9766
76.89 491.435 13.1152
76.9 493.145 13.2561
76.91 494.857 13.3996
76.92 496.573 13.5454
76.93 498.292 13.6939
76.94 500.013 13.8449
76.95 501.738 13.9985
76.96 503.465 14.1548
76.97 505.195 14.3138
76.98 506.928 14.4757
76.99 508.664 14.6403
77 510.402 14.8079
77.01 512.142 14.9784
77.02 513.885 15.152
77.03 515.631 15.3286
77.04 517.378 15.5084
77.05 519.128 15.6914
77.06 520.879 15.8777
77.07 522.633 16.0673
77.08 524.389 16.2603
77.09 526.146 16.4567
77.1 527.905 16.6568
77.11 529.666 16.8604
77.12 531.428 17.0677
77.13 533.191 17.2788
77.14 534.956 17.4938
77.15 536.722 17.7126
77.16 538.49 17.9355
77.17 540.258 18.1625
77.18 542.027 18.3936
77.19 543.796 18.629
77.2 545.566 18.8687
77.21 547.337 19.1129
77.22 549.108 19.3616
77.23 550.879 19.615
77.24 552.651 19.873
77.25 554.422 20.1359
77.26 556.193 20.4037
77.27 557.964 20.6766
77.28 559.734 20.9545
77.29 561.503 21.2377
77.3 563.272 21.5263
77.31 565.039 21.8203
77.32 566.806 22.1199
77.33 568.571 22.4252
77.34 570.334 22.7363
77.35 572.096 23.0534
77.36 573.856 23.3765
77.37 575.613 23.7058
77.38 577.369 24.0415
77.39 579.122 24.3836
77.4 580.872 24.7323
77.41 582.619 25.0878
77.42 584.364 25.4501
77.43 586.105 25.8195
77.44 587.842 26.196
77.45 589.575 26.5799
77.46 591.305 26.9713
77.47 593.03 27.3704
77.48 594.75 27.7772
77.49 596.466 28.1921
77.5 598.177 28.6151
77.51 599.882 29.0464
77.52 601.582 29.4862
77.53 603.275 29.9348
77.54 604.963 30.3922
77.55 606.644 30.8587
77.56 608.319 31.3344
77.57 609.986 31.8196
77.58 611.646 32.3145
77.59 613.298 32.8192
77.6 614.942 33.3341
77.61 616.577 33.8592
77.62 618.204 34.3948
77.63 619.822 34.9412
77.64 621.43 35.4985
77.65 623.028 36.0671
77.66 624.616 36.6471
77.67 626.194 37.2387
77.68 627.76 37.8424
77.69 629.315 38.4581
77.7 630.858 39.0864
77.71 632.389 39.7273
77.72 633.907 40.3812
77.73 635.413 41.0484
77.74 636.904 41.7291
77.75 638.381 42.4235
77.76 639.844 43.1321
77.77 641.292 43.8551
77.78 642.725 44.5927
77.79 644.141 45.3454
77.8 645.541 46.1133
77.81 646.924 46.8969
77.82 648.289 47.6964
77.83 649.636 48.5122
77.84 650.965 49.3445
77.85 652.274 50.1938
77.86 653.563 51.0603
77.87 654.833 51.9445
77.88 656.081 52.8467
77.89 657.307 53.7671
77.9 658.512 54.7063
77.91 659.693 55.6645
77.92 660.851 56.6422
77.93 661.985 57.6397
77.94 663.094 58.6573
77.95 664.178 59.6956
77.96 665.236 60.7548
77.97 666.266 61.8354
77.98 667.27 62.9378
77.99 668.245 64.0624
78 669.191 65.2096
78.01 670.107 66.3798
78.02 670.993 67.5734
78.03 671.847 68.7909
78.04 672.67 70.0327
78.05 673.46 71.2992
78.06 674.216 72.5908
78.07 674.938 73.908
78.08 675.624 75.2513
78.09 676.275 76.621
78.1 676.889 78.0176
78.11 677.465 79.4416
78.12 678.003 80.8933
78.13 678.501 82.3733
78.14 678.959 83.882
78.15 679.376 85.4198
78.16 679.752 86.9871
78.17 680.084 88.5845
78.18 680.372 90.2123
78.19 680.616 91.8711
78.2 680.815 93.5611
78.21 680.967 95.2829
78.22 681.071 97.0369
78.23 681.128 98.8235
78.24 681.135 100.643
78.25 681.092 102.496
78.26 680.999 104.383
78.27 680.853 106.304
78.28 680.655 108.26
78.29 680.403 110.251
78.3 680.097 112.277
78.31 679.735 114.339
78.32 679.317 116.436
78.33 678.842 118.571
78.34 678.308 120.741
78.35 677.716 122.949
78.36 677.064 125.194
78.37 676.351 127.477
78.38 675.577 129.797
78.39 674.74 132.156
78.4 673.841 134.552
78.41 672.877 136.987
78.42 671.849 139.461
78.43 670.756 141.973
78.44 669.597 144.524
78.45 668.371 147.113
78.46 667.077 149.742
78.47 665.716 152.409
78.48 664.286 155.115
78.49 662.787 157.86
78.5 661.218 160.644
78.51 659.579 163.466
78.52 657.869 166.327
78.53 656.088 169.226
78.54 654.235 172.163
78.55 652.311 175.138
78.56 650.314 178.15
78.57 648.245 181.199
78.58 646.103 184.285
78.59 643.888 187.407
78.6 641.601 190.565
78.61 639.24 193.758
78.62 636.806 196.986
78.63 634.299 200.248
78.64 631.719 203.543
78.65 629.066 206.87
78.66 626.341 210.229
78.67 623.543 213.62
78.68 620.673 217.04
78.69 617.732 220.49
78.7 614.719 223.967
78.71 611.636 227.472
78.72 608.482 231.003
78.73 605.259 234.558
78.74 601.967 238.138
78.75 598.607 241.74
78.76 595.179 245.363
78.77 591.686 249.005
78.78 588.126 252.667
78.79 584.503 256.345
78.8 580.816 260.039
78.81 577.067 263.746
78.82 573.257 267.467
78.83 569.387 271.198
78.84 565.459 274.938
78.85 561.474 278.685
78.86 557.434 282.439
78.87 553.339 286.196
78.88 549.192 289.956
78.89 544.994 293.716
78.9 540.746 297.474
78.91 536.452 301.229
78.92 532.111 304.979
78.93 527.727 308.722
78.94 523.3 312.455
78.95 518.833 316.177
78.96 514.328 319.887
78.97 509.786 323.581
78.98 505.21 327.258
78.99 500.602 330.916
79 495.963 334.553
79.01 491.296 338.168
79.02 486.603 341.757
79.03 481.886 345.319
79.04 477.146 348.853
79.05 472.387 352.356
79.06 467.61 355.826
79.07 462.818 359.261
79.08 458.012 362.66
79.09 453.194 366.021
79.1 448.368 369.342
79.11 443.534 372.62
79.12 438.695 375.855
79.13 433.853 379.045
79.14 429.011 382.188
79.15 424.169 385.282
79.16 419.331 388.326
79.17 414.497 391.319
79.18 409.671 394.258
79.19 404.854 397.143
79.2 400.048 399.972
79.21 395.254 402.744
79.22 390.476 405.457
79.23 385.713 408.111
79.24 380.969 410.704
79.25 376.244 413.235
79.26 371.541 415.704
79.27 366.861 418.108
79.28 362.205 420.448
79.29 357.576 422.723
79.3 352.974 424.932
79.31 348.401 427.073
79.32 343.858 429.147
79.33 339.347 431.154
79.34 334.869 433.091
79.35 330.424 434.96
79.36 326.015 436.76
79.37 321.641 438.49
79.38 317.305 440.15
79.39 313.007 441.74
79.4 308.748 443.26
79.41 304.529 444.71
79.42 300.35 446.089
79.43 296.213 447.399
79.44 292.118 448.638
79.45 288.066 449.808
79.46 284.057 450.908
79.47 280.092 451.938
79.48 276.171 452.9
79.49 272.295 453.792
79.5 268.465 454.617
79.51 264.679 455.373
79.52 260.94 456.062
79.53 257.246 456.685
79.54 253.599 457.241
79.55 249.999 457.731
79.56 246.445 458.156
79.57 242.938 458.517
79.58 239.477 458.815
79.59 236.063 459.049
79.6 232.696 459.221
79.61 229.376 459.332
79.62 226.103 459.382
79.63 222.876 459.373
79.64 219.695 459.304
79.65 216.561 459.178
79.66 213.472 458.995
79.67 210.43 458.755
79.68 207.433 458.46
79.69 204.481 458.111
79.7 201.574 457.709
79.71 198.713 457.254
79.72 195.895 456.747
79.73 193.122 456.19
79.74 190.392 455.584
79.75 187.705 454.929
79.76 185.062 454.227
79.77 182.461 453.479
79.78 179.902 452.684
79.79 177.385 451.846
79.8 174.909 450.963
79.81 172.474 450.039
79.82 170.079 449.073
79.83 167.724 448.066
79.84 165.409 447.02
79.85 163.132 445.935
79.86 160.894 444.813
79.87 158.694 443.654
79.88 156.531 442.46
79.89 154.405 441.231
79.9 152.316 439.969
79.91 150.262 438.673
79.92 148.244 437.346
79.93 146.261 435.988
79.94 144.313 434.6
79.95 142.398 433.183
79.96 140.517 431.738
79.97 138.669 430.265
79.98 136.853 428.766
79.99 135.069 427.242
80 133.317 425.693
80.01 131.595 424.12
80.02 129.904 422.524
80.03 128.243 420.906
80.04 126.612 419.266
80.05 125.009 417.606
80.06 123.435 415.926
80.07 121.89 414.227
80.08 120.371 412.509
80.09 118.88 410.774
80.1 117.415 409.022
80.11 115.977 407.254
80.12 114.565 405.47
80.13 113.177 403.672
80.14 111.815 401.859
80.15 110.477 400.033
80.16 109.163 398.195
80.17 107.873 396.344
80.18 106.606 394.481
80.19 105.361 392.607
80.2 104.139 390.724
80.21 102.939 388.83
80.22 101.76 386.927
80.23 100.603 385.015
80.24 99.4664 383.095
80.25 98.3502 381.168
80.26 97.254 379.234
80.27 96.1775 377.293
80.28 95.1203 375.346
80.29 94.0821 373.393
80.3 93.0625 371.435
80.31 92.0612 369.472
80.32 91.0778 367.506
80.33 90.112 365.535
80.34 89.1634 363.561
80.35 88.2318 361.585
80.36 87.3169 359.605
80.37 86.4183 357.624
80.38 85.5357 355.641
80.39 84.6689 353.656
80.4 83.8175 351.67
80.41 82.9813 349.684
80.42 82.1599 347.698
80.43 81.3531 345.711
80.44 80.5606 343.725
80.45 79.7822 341.739
80.46 79.0176 339.755
80.47 78.2666 337.772
80.48 77.5288 335.79
80.49 76.804 333.81
80.5 76.0921 331.832
80.51 75.3927 329.857
80.52 74.7057 327.885
80.53 74.0307 325.915
80.54 73.3676 323.948
80.55 72.7162 321.985
80.56 72.0762 320.026
80.57 71.4474 318.07
80.58 70.8297 316.119
80.59 70.2227 314.171
80.6 69.6264 312.229
80.61 69.0405 310.291
80.62 68.4649 308.357
80.63 67.8993 306.429
80.64 67.3435 304.506
80.65 66.7974 302.589
80.66 66.2609 300.677
80.67 65.7336 298.77
80.68 65.2155 296.87
80.69 64.7064 294.975
80.7 64.2062 293.087
80.71 63.7146 291.205
80.72 63.2315 289.33
80.73 62.7568 287.461
80.74 62.2903 285.599
80.75 61.8319 283.744
80.76 61.3814 281.895
80.77 60.9386 280.054
80.78 60.5036 278.219
80.79 60.076 276.392
80.8 59.6558 274.573
80.81 59.2428 272.761
80.82 58.8369 270.956
80.83 58.4381 269.159
80.84 58.0461 267.369
80.85 57.6608 265.588
80.86 57.2822 263.814
80.87 56.9101 262.048
80.88 56.5444 260.29
80.89 56.185 258.54
80.9 55.8317 256.799
80.91 55.4846 255.065
80.92 55.1434 253.34
80.93 54.8081 251.622
80.94 54.4786 249.914
80.95 54.1547 248.213
80.96 53.8364 246.521
80.97 53.5236 244.838
80.98 53.2162 243.162
80.99 52.9141 241.496
81 52.6172 239.838
81.01 52.3254 238.188
81.02 52.0387 236.548
81.03 51.757 234.915
81.04 51.4801 233.292
81.05 51.208 231.677
81.06 50.9406 230.071
81.07 50.6779 228.473
81.08 50.4197 226.884
81.09 50.1661 225.304
81.1 49.9168 223.733
81.11 49.6719 222.171
81.12 49.4313 220.617
81.13 49.1949 219.072
81.14 48.9627 217.536
81.15 48.7345 216.008
81.16 48.5104 214.49
81.17 48.2902 212.98
81.18 48.0739 211.479
81.19 47.8614 209.987
81.2 47.6527 208.503
81.21 47.4478 207.029
81.22 47.2465 205.563
81.23 47.0487 204.105
81.24 46.8546 202.657
81.25 46.6639 201.217
81.26 46.4767 199.786
81.27 46.2929 198.364
81.28 46.1124 196.95
81.29 45.9352 195.545
81.3 45.7613 194.149
81.31 45.5905 192.761
81.32 45.423 191.382
81.33 45.2585 190.012
81.34 45.097 188.65
81.35 44.9386 187.297
81.36 44.7832 185.952
81.37 44.6307 184.616
81.38 44.481 183.288
81.39 44.3343 181.969
81.4 44.1903 180.658
81.41 44.0491 179.356
81.42 43.9107 178.062
81.43 43.7749 176.776
81.44 43.6418 175.499
81.45 43.5113 174.23
81.46 43.3834 172.969
81.47 43.258 171.717
81.48 43.1352 170.472
81.49 43.0148 169.236
81.5 42.8969 168.009
81.51 42.7814 166.789
81.52 42.6683 165.577
81.53 42.5576 164.374
81.54 42.4491 163.178
81.55 42.343 161.991
81.56 42.2391 160.811
81.57 42.1375 159.639
81.58 42.0381 158.476
81.59 41.9408 157.32
81.6 41.8458 156.172
81.61 41.7528 155.031
81.62 41.6619 153.899
81.63 41.5731 152.774
81.64 41.4864 151.657
81.65 41.4017 150.548
81.66 41.319 149.446
81.67 41.2382 148.352
81.68 41.1595 147.265
81.69 41.0826 146.186
81.7 41.0076 145.114
81.71 40.9346 144.05
81.72 40.8634 142.993
81.73 40.794 141.943
81.74 40.7265 140.901
81.75 40.6608 139.866
81.76 40.5968 138.838
81.77 40.5346 137.818
81.78 40.4742 136.805
81.79 40.4154 135.798
81.8 40.3584 134.799
81.81 40.3031 133.807
81.82 40.2494 132.822
81.83 40.1974 131.844
81.84 40.147 130.873
81.85 40.0982 129.909
81.86 40.0511 128.951
81.87 40.0055 128.001
81.88 39.9614 127.057
81.89 39.919 126.12
81.9 39.878 125.19
81.91 39.8386 124.266
81.92 39.8007 123.349
81.93 39.7642 122.438
81.94 39.7293 121.534
81.95 39.6958 120.637
81.96 39.6637 119.746
81.97 39.6331 118.862
81.98 39.6039 117.983
81.99 39.5761 117.112
82 39.5498 116.246
82.01 39.5247 115.387
82.02 39.5011 114.534
82.03 39.4788 113.687
82.04 39.4579 112.847
82.05 39.4383 112.012
82.06 39.42 111.184
82.07 39.403 110.362
82.08 39.3873 109.545
82.09 39.3729 108.735
82.1 39.3598 107.931
82.11 39.3479 107.132
82.12 39.3373 106.339
82.13 39.328 105.553
82.14 39.3199 104.771
82.15 39.313 103.996
82.16 39.3073 103.227
82.17 39.3028 102.463
82.18 39.2995 101.704
82.19 39.2974 100.952
82.2 39.2965 100.205
82.21 39.2968 99.4631
82.22 39.2982 98.727
82.23 39.3008 97.9964
82.24 39.3045 97.2712
82.25 39.3094 96.5513
82.26 39.3154 95.8369
82.27 39.3225 95.1277
82.28 39.3307 94.4238
82.29 39.34 93.7252
82.3 39.3504 93.0317
82.31 39.3619 92.3434
82.32 39.3745 91.6603
82.33 39.3882 90.9823
82.34 39.403 90.3093
82.35 39.4188 89.6414
82.36 39.4356 88.9784
82.37 39.4535 88.3205
82.38 39.4725 87.6674
82.39 39.4925 87.0193
82.4 39.5135 86.376
82.41 39.5355 85.7375
82.42 39.5586 85.1039
82.43 39.5827 84.475
82.44 39.6078 83.8508
82.45 39.6338 83.2313
82.46 39.6609 82.6165
82.47 39.689 82.0064
82.48 39.7181 81.4008
82.49 39.7481 80.7998
82.5 39.7791 80.2033
82.51 39.8111 79.6114
82.52 39.844 79.0239
82.53 39.878 78.4408
82.54 39.9128 77.8622
82.55 39.9486 77.2879
82.56 39.9854 76.718
82.57 40.0231 76.1524
82.58 40.0618 75.591
82.59 40.1013 75.034
82.6 40.1419 74.4811
82.61 40.1833 73.9325
82.62 40.2256 73.388
82.63 40.2689 72.8477
82.64 40.3131 72.3114
82.65 40.3582 71.7793
82.66 40.4042 71.2511
82.67 40.4511 70.727
82.68 40.499 70.2069
82.69 40.5477 69.6908
82.7 40.5973 69.1785
82.71 40.6478 68.6702
82.72 40.6992 68.1658
82.73 40.7514 67.6652
82.74 40.8046 67.1684
82.75 40.8586 66.6754
82.76 40.9135 66.1862
82.77 40.9693 65.7007
82.78 41.0259 65.2189
82.79 41.0834 64.7408
82.8 41.1418 64.2663
82.81 41.201 63.7955
82.82 41.2611 63.3283
82.83 41.3221 62.8646
82.84 41.3839 62.4045
82.85 41.4465 61.9479
82.86 41.5101 61.4948
82.87 41.5744 61.0452
82.88 41.6396 60.599
82.89 41.7057 60.1563
82.9 41.7726 59.7169
82.91 41.8403 59.2809
82.92 41.9089 58.8483
82.93 41.9783 58.419
82.94 42.0485 57.9929
82.95 42.1196 57.5702
82.96 42.1915 57.1506
82.97 42.2642 56.7344
82.98 42.3377 56.3212
82.99 42.4121 55.9113
83 42.4873 55.5045
83.01 42.5634 55.1009
83.02 42.6402 54.7003
83.03 42.7179 54.3029
83.04 42.7964 53.9085
83.05 42.8757 53.5171
83.06 42.9558 53.1287
83.07 43.0368 52.7433
83.08 43.1185 52.3609
83.09 43.2011 51.9814
83.1 43.2845 51.6049
83.11 43.3687 51.2312
83.12 43.4537 50.8605
83.13 43.5395 50.4926
83.14 43.6261 50.1275
83.15 43.7136 49.7652
83.16 43.8018 49.4057
83.17 43.8909 49.049
83.18 43.9807 48.6951
83.19 44.0714 48.3438
83.2 44.1628 47.9953
83.21 44.2551 47.6495
83.22 44.3482 47.3063
83.23 44.442 46.9658
83.24 44.5367 46.6279
83.25 44.6322 46.2926
83.26 44.7285 45.9599
83.27 44.8256 45.6298
83.28 44.9235 45.3022
83.29 45.0222 44.9772
83.3 45.1216 44.6546
83.31 45.2219 44.3346
83.32 45.323 44.017
83.33 45.4249 43.7018
83.34 45.5276 43.3891
83.35 45.6311 43.0789
83.36 45.7354 42.771
83.37 45.8405 42.4655
83.38 45.9464 42.1623
83.39 46.0531 41.8615
83.4 46.1606 41.563
83.41 46.2689 41.2669
83.42 46.378 40.973
83.43 46.4879 40.6814
83.44 46.5986 40.392
83.45 46.7101 40.1049
83.46 46.8224 39.82
83.47 46.9355 39.5373
83.48 47.0495 39.2568
83.49 47.1642 38.9784
83.5 47.2797 38.7022
83.51 47.396 38.4281
83.52 47.5132 38.1562
83.53 47.6311 37.8864
83.54 47.7498 37.6186
83.55 47.8694 37.3529
83.56 47.9898 37.0893
83.57 48.1109 36.8277
83.58 48.2329 36.5681
83.59 48.3557 36.3106
83.6 48.4793 36.055
83.61 48.6037 35.8014
83.62 48.7289 35.5498
83.63 48.8549 35.3001
83.64 48.9818 35.0523
83.65 49.1094 34.8065
83.66 49.2379 34.5626
83.67 49.3672 34.3205
83.68 49.4973 34.0803
83.69 49.6282 33.842
83.7 49.76 33.6055
83.71 49.8925 33.3709
83.72 50.0259 33.1381
83.73 50.1601 32.907
83.74 50.2951 32.6778
83.75 50.431 32.4503
83.76 50.5677 32.2246
83.77 50.7052 32.0006
83.78 50.8435 31.7784
83.79 50.9827 31.5579
83.8 51.1226 31.339
83.81 51.2635 31.1219
83.82 51.4051 30.9065
83.83 51.5476 30.6927
83.84 51.6909 30.4806
83.85 51.8351 30.2701
83.86 51.9801 30.0612
83.87 52.1259 29.854
83.88 52.2726 29.6484
83.89 52.4201 29.4443
83.9 52.5685 29.2418
83.91 52.7177 29.0409
83.92 52.8677 28.8416
83.93 53.0187 28.6438
83.94 53.1704 28.4475
83.95 53.323 28.2527
83.96 53.4765 28.0594
83.97 53.6308 27.8677
83.98 53.786 27.6774
83.99 53.942 27.4886
84 54.0989 27.3012
84.01 54.2566 27.1153
84.02 54.4152 26.9308
84.03 54.5747 26.7478
84.04 54.735 26.5661
84.05 54.8963 26.3859
84.06 55.0583 26.2071
84.07 55.2213 26.0296
84.08 55.3851 25.8535
84.09 55.5498 25.6788
84.1 55.7154 25.5054
84.11 55.8819 25.3334
84.12 56.0492 25.1627
84.13 56.2174 24.9933
84.14 56.3865 24.8252
84.15 56.5565 24.6584
84.16 56.7274 24.4929
84.17 56.8992 24.3287
84.18 57.0719 24.1657
84.19 57.2454 24.004
84.2 57.4199 23.8436
84.21 57.5953 23.6844
84.22 57.7715 23.5264
84.23 57.9487 23.3696
84.24 58.1268 23.2141
84.25 58.3058 23.0597
84.26 58.4857 22.9065
84.27 58.6665 22.7546
84.28 58.8482 22.6038
84.29 59.0309 22.4541
84.3 59.2144 22.3056
84.31 59.3989 22.1583
84.32 59.5843 22.0121
84.33 59.7707 21.867
84.34 59.9579 21.723
84.35 60.1461 21.5802
84.36 60.3353 21.4384
84.37 60.5253 21.2977
84.38 60.7163 21.1582
84.39 60.9083 21.0197
84.4 61.1012 20.8822
84.41 61.295 20.7459
84.42 61.4898 20.6105
84.43 61.6856 20.4763
84.44 61.8823 20.343
84.45 62.0799 20.2108
84.46 62.2785 20.0796
84.47 62.4781 19.9494
84.48 62.6786 19.8202
84.49 62.8801 19.692
84.5 63.0826 19.5648
84.51 63.2861 19.4386
84.52 63.4905 19.3133
84.53 63.6959 19.189
84.54 63.9023 19.0657
84.55 64.1096 18.9433
84.56 64.318 18.8219
84.57 64.5273 18.7014
84.58 64.7377 18.5818
84.59 64.949 18.4631
84.6 65.1613 18.3454
84.61 65.3747 18.2285
84.62 65.589 18.1126
84.63 65.8043 17.9975
84.64 66.0207 17.8834
84.65 66.2381 17.7701
84.66 66.4564 17.6577
84.67 66.6758 17.5461
84.68 66.8962 17.4354
84.69 67.1177 17.3256
84.7 67.3402 17.2166
84.71 67.5637 17.1085
84.72 67.7882 17.0011
84.73 68.0138 16.8946
84.74 68.2404 16.7889
84.75 68.468 16.6841
84.76 68.6967 16.58
84.77 68.9265 16.4768
84.78 69.1573 16.3743
84.79 69.3892 16.2726
84.8 69.6221 16.1717
84.81 69.8561 16.0716
84.82 70.0911 15.9722
84.83 70.3272 15.8736
84.84 70.5644 15.7758
84.85 70.8027 15.6787
84.86 71.042 15.5824
84.87 71.2825 15.4868
84.88 71.524 15.392
84.89 71.7666 15.2978
84.9 72.0103 15.2044
84.91 72.2551 15.1117
84.92 72.501 15.0198
84.93 72.748 14.9285
84.94 72.9961 14.8379
84.95 73.2453 14.7481
84.96 73.4956 14.6589
84.97 73.7471 14.5704
84.98 73.9997 14.4826
84.99 74.2533 14.3954
85 74.5082 14.309
85.01 74.7641 14.2232
85.02 75.0212 14.138
85.03 75.2794 14.0535
85.04 75.5388 13.9697
85.05 75.7993 13.8865
85.06 76.061 13.8039
85.07 76.3238 13.722
85.08 76.5878 13.6407
85.09 76.853 13.5601
85.1 77.1193 13.48
85.11 77.3867 13.4006
85.12 77.6554 13.3218
85.13 77.9252 13.2435
85.14 78.1962 13.1659
85.15 78.4684 13.0889
85.16 78.7418 13.0125
85.17 79.0164 12.9367
85.18 79.2922 12.8614
85.19 79.5692 12.7867
85.2 79.8473 12.7126
85.21 80.1267 12.6391
85.22 80.4073 12.5662
85.23 80.6892 12.4938
85.24 80.9722 12.4219
85.25 81.2565 12.3506
85.26 81.542 12.2799
85.27 81.8287 12.2097
85.28 82.1167 12.14
85.29 82.4059 12.0709
85.3 82.6963 12.0023
85.31 82.9881 11.9343
85.32 83.281 11.8668
85.33 83.5752 11.7997
85.34 83.8707 11.7333
85.35 84.1675 11.6673
85.36 84.4655 11.6018
85.37 84.7648 11.5368
85.38 85.0654 11.4724
85.39 85.3673 11.4084
85.4 85.6704 11.3449
85.41 85.9749 11.2819
85.42 86.2806 11.2195
85.43 86.5877 11.1574
85.44 86.896 11.0959
85.45 87.2057 11.0348
85.46 87.5167 10.9743
85.47 87.829 10.9141
85.48 88.1426 10.8545
85.49 88.4576 10.7953
85.5 88.7739 10.7366
85.51 89.0916 10.6783
85.52 89.4105 10.6205
85.53 89.7309 10.5631
85.54 90.0526 10.5062
85.55 90.3756 10.4497
85.56 90.7 10.3936
85.57 91.0258 10.338
85.58 91.3529 10.2828
85.59 91.6815 10.2281
85.6 92.0114 10.1737
85.61 92.3427 10.1198
85.62 92.6754 10.0663
85.63 93.0095 10.0133
85.64 93.3449 9.96059
85.65 93.6818 9.90834
85.66 94.0201 9.8565
85.67 94.3599 9.80506
85.68 94.701 9.75402
85.69 95.0436 9.70338
85.7 95.3876 9.65314
85.71 95.733 9.60329
85.72 96.0799 9.55383
85.73 96.4282 9.50475
85.74 96.778 9.45606
85.75 97.1292 9.40775
85.76 97.4819 9.35982
85.77 97.8361 9.31227
85.78 98.1917 9.26509
85.79 98.5488 9.21828
85.8 98.9074 9.17184
85.81 99.2675 9.12576
85.82 99.6291 9.08004
85.83 99.9922 9.03469
85.84 100.357 8.98969
85.85 100.723 8.94505
85.86 101.09 8.90075
85.87 101.46 8.85681
85.88 101.83 8.81322
85.89 102.202 8.76997
85.9 102.576 8.72706
85.91 102.951 8.6845
85.92 103.328 8.64227
85.93 103.707 8.60038
85.94 104.087 8.55882
85.95 104.468 8.51758
85.96 104.851 8.47668
85.97 105.236 8.43611
85.98 105.622 8.39585
85.99 106.01 8.35592
86 106.399 8.31631
86.01 106.79 8.27702
86.02 107.183 8.23804
86.03 107.577 8.19937
86.04 107.973 8.16101
86.05 108.37 8.12296
86.06 108.769 8.08522
86.07 109.17 8.04778
86.08 109.573 8.01065
86.09 109.977 7.97381
86.1 110.382 7.93727
86.11 110.789 7.90103
86.12 111.198 7.86508
86.13 111.609 7.82943
86.14 112.021 7.79406
86.15 112.435 7.75898
86.16 112.851 7.72419
86.17 113.269 7.68968
86.18 113.688 7.65545
86.19 114.108 7.62151
86.2 114.531 7.58784
86.21 114.955 7.55445
86.22 115.381 7.52133
86.23 115.809 7.48849
86.24 116.238 7.45592
86.25 116.669 7.42361
86.26 117.102 7.39158
86.27 117.537 7.35981
86.28 117.973 7.32831
86.29 118.412 7.29706
86.3 118.851 7.26608
86.31 119.293 7.23536
86.32 119.737 7.2049
86.33 120.182 7.17469
86.34 120.629 7.14473
86.35 121.078 7.11503
86.36 121.529 7.08558
86.37 121.982 7.05638
86.38 122.436 7.02742
86.39 122.892 6.99872
86.4 123.35 6.97025
86.41 123.81 6.94203
86.42 124.272 6.91406
86.43 124.736 6.88632
86.44 125.201 6.85882
86.45 125.669 6.83156
86.46 126.138 6.80453
86.47 126.609 6.77774
86.48 127.082 6.75118
86.49 127.557 6.72486
86.5 128.034 6.69876
86.51 128.513 6.67289
86.52 128.993 6.64725
86.53 129.476 6.62184
86.54 129.961 6.59665
86.55 130.447 6.57168
86.56 130.936 6.54694
86.57 131.426 6.52241
86.58 131.918 6.49811
86.59 132.413 6.47402
86.6 132.909 6.45016
86.61 133.408 6.4265
86.62 133.908 6.40307
86.63 134.41 6.37984
86.64 134.915 6.35683
86.65 135.421 6.33403
86.66 135.929 6.31144
86.67 136.44 6.28906
86.68 136.952 6.26688
86.69 137.467 6.24491
86.7 137.983 6.22315
86.71 138.502 6.20159
86.72 139.023 6.18024
86.73 139.545 6.15908
86.74 140.07 6.13813
86.75 140.597 6.11738
86.76 141.126 6.09682
86.77 141.657 6.07647
86.78 142.191 6.05631
86.79 142.726 6.03635
86.8 143.263 6.01658
86.81 143.803 5.997
86.82 144.345 5.97762
86.83 144.889 5.95843
86.84 145.435 5.93943
86.85 145.983 5.92063
86.86 146.534 5.90201
86.87 147.086 5.88358
86.88 147.641 5.86533
86.89 148.198 5.84728
86.9 148.757 5.82941
86.91 149.319 5.81172
86.92 149.882 5.79422
86.93 150.448 5.7769
86.94 151.017 5.75977
86.95 151.587 5.74281
86.96 152.16 5.72604
86.97 152.735 5.70944
86.98 153.312 5.69303
86.99 153.891 5.67679
87 154.473 5.66074
87.01 155.057 5.64485
87.02 155.643 5.62915
87.03 156.232 5.61362
87.04 156.823 5.59827
87.05 157.416 5.58309
87.06 158.012 5.56808
87.07 158.61 5.55325
87.08 159.211 5.53859
87.09 159.813 5.5241
87.1 160.418 5.50978
87.11 161.026 5.49563
87.12 161.636 5.48165
87.13 162.248 5.46784
87.14 162.863 5.4542
87.15 163.48 5.44073
87.16 164.1 5.42742
87.17 164.722 5.41429
87.18 165.346 5.40132
87.19 165.973 5.38851
87.2 166.602 5.37587
87.21 167.234 5.36339
87.22 167.868 5.35108
87.23 168.505 5.33894
87.24 169.144 5.32695
87.25 169.786 5.31513
87.26 170.43 5.30348
87.27 171.077 5.29198
87.28 171.727 5.28065
87.29 172.379 5.26948
87.3 173.033 5.25846
87.31 173.69 5.24761
87.32 174.35 5.23692
87.33 175.012 5.22639
87.34 175.677 5.21602
87.35 176.344 5.20581
87.36 177.014 5.19576
87.37 177.686 5.18587
87.38 178.362 5.17613
87.39 179.039 5.16655
87.4 179.72 5.15713
87.41 180.403 5.14787
87.42 181.089 5.13877
87.43 181.777 5.12982
87.44 182.469 5.12103
87.45 183.162 5.1124
87.46 183.859 5.10392
87.47 184.558 5.0956
87.48 185.26 5.08743
87.49 185.965 5.07942
87.5 186.672 5.07157
87.51 187.383 5.06387
87.52 188.095 5.05633
87.53 188.811 5.04894
87.54 189.53 5.04171
87.55 190.251 5.03464
87.56 190.975 5.02772
87.57 191.702 5.02095
87.58 192.432 5.01434
87.59 193.164 5.00789
87.6 193.9 5.00159
87.61 194.638 4.99544
87.62 195.379 4.98945
87.63 196.123 4.98362
87.64 196.87 4.97794
87.65 197.619 4.97242
87.66 198.372 4.96705
87.67 199.128 4.96184
87.68 199.886 4.95678
87.69 200.647 4.95188
87.7 201.412 4.94713
87.71 202.179 4.94254
87.72 202.949 4.93811
87.73 203.722 4.93383
87.74 204.499 4.92971
87.75 205.278 4.92575
87.76 206.06 4.92194
87.77 206.845 4.91829
87.78 207.633 4.9148
87.79 208.425 4.91146
87.8 209.219 4.90828
87.81 210.016 4.90526
87.82 210.817 4.9024
87.83 211.62 4.8997
87.84 212.427 4.89716
87.85 213.236 4.89478
87.86 214.049 4.89255
87.87 214.865 4.89049
87.88 215.684 4.88859
87.89 216.506 4.88685
87.9 217.331 4.88527
87.91 218.16 4.88385
87.92 218.991 4.88259
87.93 219.826 4.8815
87.94 220.664 4.88057
87.95 221.505 4.87981
87.96 222.35 4.87921
87.97 223.197 4.87878
87.98 224.048 4.87851
87.99 224.902 4.8784
88 225.76 4.87847
88.01 226.62 4.8787
88.02 227.484 4.8791
88.03 228.351 4.87967
88.04 229.222 4.88041
88.05 230.096 4.88132
88.06 230.973 4.8824
88.07 231.853 4.88365
88.08 232.737 4.88508
88.09 233.624 4.88668
88.1 234.515 4.88845
88.11 235.408 4.8904
88.12 236.306 4.89252
88.13 237.206 4.89482
88.14 238.11 4.8973
88.15 239.018 4.89996
88.16 239.929 4.9028
88.17 240.843 4.90582
88.18 241.761 4.90902
88.19 242.682 4.9124
88.2 243.607 4.91596
88.21 244.536 4.91972
88.22 245.467 4.92365
88.23 246.403 4.92778
88.24 247.341 4.93209
88.25 248.284 4.93659
88.26 249.23 4.94129
88.27 250.179 4.94617
88.28 251.132 4.95125
88.29 252.089 4.95652
88.3 253.049 4.96199
88.31 254.013 4.96766
88.32 254.98 4.97352
88.33 255.951 4.97959
88.34 256.926 4.98585
88.35 257.904 4.99232
88.36 258.886 4.999
88.37 259.871 5.00587
88.38 260.861 5.01296
88.39 261.854 5.02026
88.4 262.85 5.02776
88.41 263.851 5.03548
88.42 264.855 5.04341
88.43 265.863 5.05156
88.44 266.874 5.05993
88.45 267.89 5.06851
88.46 268.909 5.07732
88.47 269.932 5.08635
88.48 270.959 5.0956
88.49 271.989 5.10508
88.5 273.023 5.11479
88.51 274.062 5.12474
88.52 275.103 5.13491
88.53 276.149 5.14532
88.54 277.199 5.15596
88.55 278.253 5.16685
88.56 279.31 5.17798
88.57 280.371 5.18935
88.58 281.437 5.20097
88.59 282.506 5.21283
88.6 283.579 5.22495
88.61 284.656 5.23732
88.62 285.737 5.24994
88.63 286.822 5.26283
88.64 287.911 5.27597
88.65 289.004 5.28938
88.66 290.1 5.30306
88.67 291.201 5.317
88.68 292.306 5.33122
88.69 293.415 5.34571
88.7 294.528 5.36048
88.71 295.645 5.37553
88.72 296.766 5.39086
88.73 297.891 5.40648
88.74 299.02 5.42239
88.75 300.154 5.43859
88.76 301.291 5.45508
88.77 302.432 5.47188
88.78 303.578 5.48898
88.79 304.728 5.50639
88.8 305.882 5.5241
88.81 307.04 5.54213
88.82 308.202 5.56048
88.83 309.368 5.57915
88.84 310.539 5.59814
88.85 311.713 5.61746
88.86 312.892 5.63711
88.87 314.075 5.65709
88.88 315.263 5.67742
88.89 316.454 5.69809
88.9 317.65 5.71911
88.91 318.85 5.74048
88.92 320.055 5.76221
88.93 321.263 5.7843
88.94 322.476 5.80676
88.95 323.693 5.82959
88.96 324.915 5.85279
88.97 326.14 5.87637
88.98 327.37 5.90034
88.99 328.605 5.92469
89 329.843 5.94944
89.01 331.086 5.9746
89.02 332.334 6.00015
89.03 333.586 6.02612
89.04 334.842 6.0525
89.05 336.102 6.07931
89.06 337.367 6.10654
89.07 338.636 6.1342
89.08 339.91 6.16231
89.09 341.188 6.19085
89.1 342.471 6.21985
89.11 343.757 6.24931
89.12 345.049 6.27923
89.13 346.344 6.30961
89.14 347.645 6.34048
89.15 348.949 6.37183
89.16 350.258 6.40366
89.17 351.572 6.436
89.18 352.89 6.46884
89.19 354.212 6.50218
89.2 355.539 6.53605
89.21 356.871 6.57044
89.22 358.207 6.60537
89.23 359.547 6.64084
89.24 360.892 6.67685
89.25 362.242 6.71343
89.26 363.596 6.75056
89.27 364.954 6.78828
89.28 366.317 6.82657
89.29 367.684 6.86546
89.3 369.057 6.90494
89.31 370.433 6.94504
89.32 371.814 6.98575
89.33 373.2 7.02709
89.34 374.59 7.06906
89.35 375.985 7.11169
89.36 377.384 7.15497
89.37 378.788 7.19892
89.38 380.196 7.24354
89.39 381.609 7.28885
89.4 383.026 7.33486
89.41 384.448 7.38158
89.42 385.875 7.42903
89.43 387.306 7.4772
89.44 388.742 7.52612
89.45 390.182 7.57579
89.46 391.627 7.62623
89.47 393.076 7.67745
89.48 394.53 7.72947
89.49 395.988 7.78229
89.5 397.451 7.83593
89.51 398.919 7.8904
89.52 400.391 7.94571
89.53 401.867 8.00189
89.54 403.349 8.05894
89.55 404.834 8.11688
89.56 406.324 8.17572
89.57 407.819 8.23548
89.58 409.318 8.29618
89.59 410.822 8.35782
89.6 412.33 8.42043
89.61 413.843 8.48402
89.62 415.36 8.5486
89.63 416.882 8.61421
89.64 418.408 8.68084
89.65 419.938 8.74853
89.66 421.473 8.81728
89.67 423.013 8.88712
89.68 424.557 8.95807
89.69 426.105 9.03014
89.7 427.658 9.10336
89.71 429.215 9.17774
89.72 430.776 9.2533
89.73 432.342 9.33007
89.74 433.912 9.40807
89.75 435.487 9.48732
89.76 437.066 9.56783
89.77 438.649 9.64964
89.78 440.236 9.73277
89.79 441.828 9.81724
89.8 443.424 9.90307
89.81 445.024 9.99029
89.82 446.628 10.0789
89.83 448.237 10.169
89.84 449.85 10.2605
89.85 451.466 10.3536
89.86 453.087 10.4481
89.87 454.712 10.5442
89.88 456.341 10.6419
89.89 457.975 10.7412
89.9 459.612 10.8421
89.91 461.253 10.9447
89.92 462.898 11.049
89.93 464.547 11.155
89.94 466.2 11.2628
89.95 467.856 11.3723
89.96 469.517 11.4837
89.97 471.181 11.597
89.98 472.849 11.7121
89.99 474.521 11.8292
90 476.196 11.9483
90.01 477.875 12.0693
90.02 479.558 12.1925
90.03 481.244 12.3177
90.04 482.934 12.445
90.05 484.627 12.5745
90.06 486.323 12.7062
90.07 488.023 12.8401
90.08 489.726 12.9764
90.09 491.432 13.1149
90.1 493.142 13.2559
90.11 494.854 13.3993
90.12 496.57 13.5452
90.13 498.289 13.6936
90.14 500.01 13.8446
90.15 501.735 13.9982
90.16 503.462 14.1545
90.17 505.193 14.3136
90.18 506.925 14.4754
90.19 508.661 14.6401
90.2 510.399 14.8076
90.21 512.14 14.9782
90.22 513.882 15.1517
90.23 515.628 15.3283
90.24 517.375 15.5081
90.25 519.125 15.6911
90.26 520.876 15.8774
90.27 522.63 16.0669
90.28 524.386 16.2599
90.29 526.143 16.4564
90.3 527.902 16.6564
90.31 529.663 16.8601
90.32 531.425 17.0674
90.33 533.189 17.2785
90.34 534.953 17.4934
90.35 536.719 17.7123
90.36 538.487 17.9351
90.37 540.255 18.1621
90.38 542.024 18.3932
90.39 543.793 18.6286
90.4 545.564 18.8683
90.41 547.334 19.1125
90.42 549.105 19.3612
90.43 550.877 19.6145
90.44 552.648 19.8726
90.45 554.419 20.1355
90.46 556.19 20.4033
90.47 557.961 20.6761
90.48 559.731 20.9541
90.49 561.5 21.2373
90.5 563.269 21.5258
90.51 565.036 21.8198
90.52 566.803 22.1194
90.53 568.568 22.4247
90.54 570.331 22.7358
90.55 572.093 23.0528
90.56 573.853 23.376
90.57 575.611 23.7053
90.58 577.366 24.0409
90.59 579.119 24.383
90.6 580.869 24.7317
90.61 582.617 25.0872
90.62 584.361 25.4495
90.63 586.102 25.8189
90.64 587.839 26.1954
90.65 589.572 26.5793
90.66 591.302 26.9707
90.67 593.027 27.3697
90.68 594.747 27.7765
90.69 596.463 28.1914
90.7 598.174 28.6144
90.71 599.879 29.0457
90.72 601.579 29.4855
90.73 603.273 29.934
90.74 604.96 30.3914
90.75 606.641 30.8579
90.76 608.316 31.3336
90.77 609.983 31.8188
90.78 611.643 32.3137
90.79 613.295 32.8184
90.8 614.939 33.3332
90.81 616.574 33.8583
90.82 618.201 34.3939
90.83 619.819 34.9403
90.84 621.427 35.4976
90.85 623.025 36.0661
90.86 624.614 36.6461
90.87 626.191 37.2378
90.88 627.758 37.8413
90.89 629.313 38.4571
90.9 630.856 39.0853
90.91 632.387 39.7262
90.92 633.905 40.3801
90.93 635.41 41.0473
90.94 636.902 41.7279
90.95 638.379 42.4224
90.96 639.842 43.1309
90.97 641.29 43.8539
90.98 642.722 44.5915
90.99 644.139 45.3441
91 645.538 46.1121
91.01 646.921 46.8956
91.02 648.287 47.6951
91.03 649.634 48.5108
91.04 650.962 49.3431
91.05 652.272 50.1924
91.06 653.561 51.0589
91.07 654.83 51.943
91.08 656.079 52.8451
91.09 657.305 53.7656
91.1 658.51 54.7047
91.11 659.691 55.6629
91.12 660.849 56.6405
91.13 661.983 57.638
91.14 663.093 58.6556
91.15 664.176 59.6938
91.16 665.234 60.753
91.17 666.265 61.8336
91.18 667.268 62.936
91.19 668.243 64.0605
91.2 669.189 65.2077
91.21 670.105 66.3778
91.22 670.991 67.5714
91.23 671.846 68.7889
91.24 672.668 70.0306
91.25 673.458 71.297
91.26 674.215 72.5886
91.27 674.937 73.9058
91.28 675.623 75.249
91.29 676.274 76.6187
91.3 676.888 78.0153
91.31 677.464 79.4392
91.32 678.002 80.8909
91.33 678.5 82.3708
91.34 678.959 83.8794
91.35 679.376 85.4172
91.36 679.751 86.9845
91.37 680.083 88.5818
91.38 680.372 90.2096
91.39 680.616 91.8683
91.4 680.814 93.5583
91.41 680.966 95.2801
91.42 681.071 97.034
91.43 681.128 98.8205
91.44 681.135 100.64
91.45 681.093 102.493
91.46 680.999 104.38
91.47 680.854 106.301
91.48 680.656 108.257
91.49 680.404 110.247
91.5 680.097 112.273
91.51 679.736 114.335
91.52 679.318 116.433
91.53 678.842 118.567
91.54 678.309 120.738
91.55 677.717 122.946
91.56 677.065 125.191
91.57 676.352 127.473
91.58 675.578 129.794
91.59 674.741 132.152
91.6 673.842 134.548
91.61 672.879 136.983
91.62 671.851 139.457
91.63 670.758 141.969
91.64 669.599 144.519
91.65 668.373 147.109
91.66 667.08 149.737
91.67 665.718 152.405
91.68 664.288 155.111
91.69 662.789 157.856
91.7 661.221 160.639
91.71 659.582 163.461
91.72 657.872 166.322
91.73 656.091 169.221
91.74 654.238 172.158
91.75 652.314 175.133
91.76 650.318 178.145
91.77 648.249 181.194
91.78 646.107 184.28
91.79 643.892 187.402
91.8 641.605 190.56
91.81 639.244 193.753
91.82 636.81 196.98
91.83 634.303 200.242
91.84 631.723 203.537
91.85 629.071 206.865
91.86 626.345 210.224
91.87 623.548 213.614
91.88 620.678 217.034
91.89 617.737 220.484
91.9 614.724 223.961
91.91 611.641 227.466
91.92 608.487 230.997
91.93 605.264 234.552
91.94 601.972 238.132
91.95 598.612 241.734
91.96 595.185 245.356
91.97 591.691 248.999
91.98 588.132 252.66
91.99 584.509 256.339
92 580.822 260.032
92.01 577.073 263.74
92.02 573.263 267.46
92.03 569.394 271.191
92.04 565.466 274.932
92.05 561.481 278.679
92.06 557.44 282.433
92.07 553.346 286.19
92.08 549.199 289.95
92.09 545.001 293.709
92.1 540.754 297.468
92.11 536.459 301.223
92.12 532.118 304.973
92.13 527.734 308.715
92.14 523.307 312.449
92.15 518.84 316.171
92.16 514.335 319.88
92.17 509.794 323.575
92.18 505.218 327.252
92.19 500.609 330.91
92.2 495.971 334.547
92.21 491.304 338.162
92.22 486.611 341.751
92.23 481.893 345.314
92.24 477.154 348.847
92.25 472.395 352.35
92.26 467.618 355.82
92.27 462.826 359.256
92.28 458.02 362.655
92.29 453.202 366.015
92.3 448.376 369.336
92.31 443.542 372.615
92.32 438.703 375.85
92.33 433.861 379.04
92.34 429.019 382.183
92.35 424.177 385.277
92.36 419.339 388.321
92.37 414.505 391.314
92.38 409.679 394.253
92.39 404.862 397.138
92.4 400.056 399.967
92.41 395.262 402.739
92.42 390.483 405.453
92.43 385.721 408.107
92.44 380.977 410.7
92.45 376.252 413.231
92.46 371.549 415.7
92.47 366.869 418.104
92.48 362.213 420.445
92.49 357.584 422.719
92.5 352.982 424.928
92.51 348.409 427.07
92.52 343.866 429.144
92.53 339.355 431.15
92.54 334.876 433.088
92.55 330.431 434.957
92.56 326.022 436.757
92.57 321.649 438.487
92.58 317.312 440.147
92.59 313.014 441.737
92.6 308.755 443.257
92.61 304.536 444.707
92.62 300.357 446.087
92.63 296.22 447.397
92.64 292.125 448.636
92.65 288.073 449.806
92.66 284.064 450.906
92.67 280.099 451.936
92.68 276.178 452.898
92.69 272.302 453.791
92.7 268.471 454.615
92.71 264.685 455.372
92.72 260.946 456.061
92.73 257.253 456.684
92.74 253.605 457.24
92.75 250.005 457.73
92.76 246.451 458.156
92.77 242.943 458.517
92.78 239.483 458.814
92.79 236.069 459.049
92.8 232.702 459.221
92.81 229.382 459.332
92.82 226.108 459.382
92.83 222.881 459.373
92.84 219.7 459.305
92.85 216.566 459.178
92.86 213.477 458.995
92.87 210.435 458.756
92.88 207.438 458.461
92.89 204.486 458.112
92.9 201.579 457.709
92.91 198.717 457.254
92.92 195.9 456.748
92.93 193.126 456.191
92.94 190.396 455.585
92.95 187.71 454.931
92.96 185.066 454.228
92.97 182.465 453.48
92.98 179.906 452.686
92.99 177.389 451.847
93 174.913 450.965
93.01 172.478 450.04
93.02 170.083 449.074
93.03 167.728 448.068
93.04 165.412 447.022
93.05 163.136 445.937
93.06 160.897 444.815
93.07 158.697 443.656
93.08 156.534 442.462
93.09 154.408 441.233
93.1 152.319 439.971
93.11 150.266 438.675
93.12 148.248 437.348
93.13 146.264 435.99
93.14 144.316 434.602
93.15 142.401 433.185
93.16 140.52 431.74
93.17 138.672 430.268
93.18 136.856 428.769
93.19 135.072 427.245
93.2 133.32 425.695
93.21 131.598 424.123
93.22 129.907 422.527
93.23 128.246 420.908
93.24 126.615 419.269
93.25 125.012 417.609
93.26 123.438 415.929
93.27 121.892 414.23
93.28 120.374 412.512
93.29 118.882 410.777
93.3 117.418 409.025
93.31 115.98 407.257
93.32 114.567 405.473
93.33 113.18 403.675
93.34 111.817 401.863
93.35 110.479 400.037
93.36 109.165 398.198
93.37 107.875 396.347
93.38 106.608 394.484
93.39 105.363 392.611
93.4 104.141 390.727
93.41 102.941 388.833
93.42 101.762 386.93
93.43 100.605 385.018
93.44 99.4682 383.099
93.45 98.352 381.171
93.46 97.2558 379.237
93.47 96.1793 377.296
93.48 95.1221 375.349
93.49 94.0838 373.396
93.5 93.0642 371.438
93.51 92.0628 369.476
93.52 91.0794 367.509
93.53 90.1135 365.538
93.54 89.165 363.565
93.55 88.2334 361.588
93.56 87.3184 359.609
93.57 86.4198 357.627
93.58 85.5372 355.644
93.59 84.6703 353.659
93.6 83.8189 351.674
93.61 82.9826 349.687
93.62 82.1612 347.701
93.63 81.3544 345.714
93.64 80.5619 343.728
93.65 79.7835 341.743
93.66 79.0189 339.758
93.67 78.2678 337.775
93.68 77.53 335.793
93.69 76.8052 333.813
93.7 76.0933 331.836
93.71 75.3939 329.86
93.72 74.7068 327.888
93.73 74.0318 325.918
93.74 73.3687 323.952
93.75 72.7173 321.989
93.76 72.0772 320.029
93.77 71.4485 318.073
93.78 70.8307 316.122
93.79 70.2237 314.175
93.8 69.6274 312.232
93.81 69.0415 310.294
93.82 68.4658 308.36
93.83 67.9002 306.432
93.84 67.3444 304.509
93.85 66.7983 302.592
93.86 66.2617 300.68
93.87 65.7345 298.773
93.88 65.2164 296.873
93.89 64.7073 294.979
93.9 64.207 293.09
93.91 63.7154 291.209
93.92 63.2323 289.333
93.93 62.7576 287.464
93.94 62.2911 285.602
93.95 61.8326 283.747
93.96 61.3821 281.898
93.97 60.9394 280.057
93.98 60.5043 278.223
93.99 60.0767 276.396
94 59.6564 274.576
94.01 59.2435 272.764
94.02 58.8376 270.959
94.03 58.4387 269.162
94.04 58.0467 267.372
94.05 57.6614 265.591
94.06 57.2828 263.817
94.07 56.9107 262.051
94.08 56.545 260.293
94.09 56.1856 258.543
94.1 55.8323 256.801
94.11 55.4852 255.068
94.12 55.144 253.342
94.13 54.8087 251.625
94.14 54.4791 249.916
94.15 54.1552 248.216
94.16 53.8369 246.524
94.17 53.5241 244.84
94.18 53.2167 243.165
94.19 52.9146 241.499
94.2 52.6177 239.841
94.21 52.3259 238.191
94.22 52.0392 236.55
94.23 51.7574 234.918
94.24 51.4805 233.294
94.25 51.2084 231.68
94.26 50.941 230.073
94.27 50.6783 228.476
94.28 50.4201 226.887
94.29 50.1665 225.307
94.3 49.9172 223.736
94.31 49.6723 222.173
94.32 49.4317 220.62
94.33 49.1953 219.075
94.34 48.9631 217.538
94.35 48.7349 216.011
94.36 48.5107 214.492
94.37 48.2905 212.983
94.38 48.0742 211.481
94.39 47.8618 209.989
94.4 47.6531 208.506
94.41 47.4481 207.031
94.42 47.2468 205.565
94.43 47.0491 204.108
94.44 46.8549 202.659
94.45 46.6642 201.22
94.46 46.477 199.789
94.47 46.2932 198.366
94.48 46.1127 196.953
94.49 45.9355 195.548
94.5 45.7616 194.151
94.51 45.5908 192.764
94.52 45.4232 191.385
94.53 45.2587 190.014
94.54 45.0973 188.652
94.55 44.9389 187.299
94.56 44.7834 185.954
94.57 44.6309 184.618
94.58 44.4813 183.29
94.59 44.3345 181.971
94.6 44.1906 180.66
94.61 44.0494 179.358
94.62 43.9109 178.064
94.63 43.7751 176.778
94.64 43.642 175.501
94.65 43.5115 174.232
94.66 43.3836 172.971
94.67 43.2582 171.719
94.68 43.1354 170.475
94.69 43.015 169.239
94.7 42.8971 168.011
94.71 42.7816 166.791
94.72 42.6685 165.579
94.73 42.5577 164.376
94.74 42.4493 163.18
94.75 42.3432 161.993
94.76 42.2393 160.813
94.77 42.1377 159.641
94.78 42.0383 158.478
94.79 41.941 157.322
94.8 41.8459 156.174
94.81 41.7529 155.033
94.82 41.6621 153.901
94.83 41.5733 152.776
94.84 41.4865 151.659
94.85 41.4018 150.55
94.86 41.3191 149.448
94.87 41.2384 148.353
94.88 41.1596 147.267
94.89 41.0827 146.188
94.9 41.0078 145.116
94.91 40.9347 144.052
94.92 40.8635 142.995
94.93 40.7941 141.945
94.94 40.7266 140.903
94.95 40.6609 139.868
94.96 40.5969 138.84
94.97 40.5347 137.82
94.98 40.4743 136.806
94.99 40.4155 135.8
95 40.3585 134.801
95.01 40.3032 133.809
95.02 40.2495 132.824
95.03 40.1975 131.846
95.04 40.1471 130.875
95.05 40.0983 129.91
95.06 40.0511 128.953
95.07 40.0055 128.002
95.08 39.9615 127.059
95.09 39.919 126.122
95.1 39.8781 125.191
95.11 39.8387 124.267
95.12 39.8007 123.35
95.13 39.7643 122.44
95.14 39.7293 121.536
95.15 39.6958 120.638
95.16 39.6638 119.748
95.17 39.6332 118.863
95.18 39.604 117.985
95.19 39.5762 117.113
95.2 39.5498 116.248
95.21 39.5248 115.388
95.22 39.5011 114.535
95.23 39.4788 113.689
95.24 39.4579 112.848
95.25 39.4383 112.014
95.26 39.42 111.185
95.27 39.403 110.363
95.28 39.3873 109.547
95.29 39.3729 108.736
95.3 39.3598 107.932
95.31 39.3479 107.133
95.32 39.3373 106.341
95.33 39.328 105.554
95.34 39.3199 104.773
95.35 39.313 103.997
95.36 39.3073 103.228
95.37 39.3028 102.464
95.38 39.2995 101.706
95.39 39.2975 100.953
95.4 39.2965 100.206
95.41 39.2968 99.4643
95.42 39.2982 98.7282
95.43 39.3008 97.9976
95.44 39.3045 97.2724
95.45 39.3094 96.5525
95.46 39.3154 95.838
95.47 39.3225 95.1289
95.48 39.3307 94.425
95.49 39.34 93.7263
95.5 39.3504 93.0329
95.51 39.3619 92.3446
95.52 39.3745 91.6614
95.53 39.3882 90.9834
95.54 39.4029 90.3104
95.55 39.4187 89.6425
95.56 39.4356 88.9795
95.57 39.4535 88.3215
95.58 39.4724 87.6685
95.59 39.4924 87.0203
95.6 39.5135 86.3771
95.61 39.5355 85.7386
95.62 39.5586 85.1049
95.63 39.5826 84.476
95.64 39.6077 83.8518
95.65 39.6338 83.2324
95.66 39.6609 82.6176
95.67 39.689 82.0074
95.68 39.718 81.4018
95.69 39.748 80.8008
95.7 39.7791 80.2043
95.71 39.811 79.6123
95.72 39.844 79.0248
95.73 39.8779 78.4418
95.74 39.9128 77.8631
95.75 39.9486 77.2888
95.76 39.9853 76.7189
95.77 40.023 76.1533
95.78 40.0617 75.592
95.79 40.1013 75.0349
95.8 40.1418 74.4821
95.81 40.1832 73.9334
95.82 40.2256 73.3889
95.83 40.2689 72.8486
95.84 40.313 72.3123
95.85 40.3581 71.7801
95.86 40.4042 71.252
95.87 40.4511 70.7279
95.88 40.4989 70.2078
95.89 40.5476 69.6916
95.9 40.5972 69.1794
95.91 40.6477 68.6711
95.92 40.6991 68.1666
95.93 40.7513 67.666
95.94 40.8045 67.1692
95.95 40.8585 66.6762
95.96 40.9134 66.187
95.97 40.9692 65.7015
95.98 41.0258 65.2197
95.99 41.0833 64.7416
96 41.1417 64.2671
96.01 41.2009 63.7963
96.02 41.261 63.329
96.03 41.322 62.8654
96.04 41.3838 62.4053
96.05 41.4464 61.9487
96.06 41.51 61.4956
96.07 41.5743 61.046
96.08 41.6395 60.5998
96.09 41.7056 60.157
96.1 41.7724 59.7177
96.11 41.8402 59.2817
96.12 41.9087 58.849
96.13 41.9781 58.4197
96.14 42.0484 57.9936
96.15 42.1194 57.5709
96.16 42.1913 57.1513
96.17 42.2641 56.735
96.18 42.3376 56.3219
96.19 42.412 55.912
96.2 42.4872 55.5052
96.21 42.5632 55.1016
96.22 42.6401 54.701
96.23 42.7178 54.3035
96.24 42.7963 53.9091
96.25 42.8756 53.5177
96.26 42.9557 53.1294
96.27 43.0366 52.744
96.28 43.1184 52.3615
96.29 43.201 51.9821
96.3 43.2843 51.6055
96.31 43.3685 51.2319
96.32 43.4535 50.8611
96.33 43.5394 50.4932
96.34 43.626 50.1281
96.35 43.7134 49.7658
96.36 43.8017 49.4063
96.37 43.8907 49.0496
96.38 43.9806 48.6956
96.39 44.0712 48.3444
96.4 44.1627 47.9959
96.41 44.2549 47.65
96.42 44.348 47.3069
96.43 44.4419 46.9664
96.44 44.5366 46.6285
96.45 44.6321 46.2932
96.46 44.7283 45.9605
96.47 44.8254 45.6303
96.48 44.9233 45.3027
96.49 45.022 44.9777
96.5 45.1215 44.6551
96.51 45.2218 44.3351
96.52 45.3229 44.0175
96.53 45.4248 43.7024
96.54 45.5274 43.3897
96.55 45.6309 43.0794
96.56 45.7352 42.7715
96.57 45.8403 42.466
96.58 45.9462 42.1628
96.59 46.0529 41.862
96.6 46.1604 41.5635
96.61 46.2687 41.2674
96.62 46.3778 40.9735
96.63 46.4877 40.6818
96.64 46.5984 40.3925
96.65 46.7099 40.1054
96.66 46.8222 39.8204
96.67 46.9353 39.5377
96.68 47.0493 39.2572
96.69 47.164 38.9789
96.7 47.2795 38.7027
96.71 47.3958 38.4286
96.72 47.513 38.1567
96.73 47.6309 37.8868
96.74 47.7496 37.6191
96.75 47.8692 37.3534
96.76 47.9896 37.0897
96.77 48.1107 36.8281
96.78 48.2327 36.5686
96.79 48.3555 36.311
96.8 48.4791 36.0554
96.81 48.6035 35.8018
96.82 48.7287 35.5502
96.83 48.8547 35.3005
96.84 48.9816 35.0528
96.85 49.1092 34.8069
96.86 49.2377 34.563
96.87 49.367 34.3209
96.88 49.4971 34.0807
96.89 49.628 33.8424
96.9 49.7597 33.6059
96.91 49.8923 33.3713
96.92 50.0257 33.1384
96.93 50.1599 32.9074
96.94 50.2949 32.6782
96.95 50.4308 32.4507
96.96 50.5674 32.225
96.97 50.7049 32.001
96.98 50.8433 31.7787
96.99 50.9824 31.5582
97 51.1224 31.3394
97.01 51.2632 31.1223
97.02 51.4049 30.9068
97.03 51.5474 30.6931
97.04 51.6907 30.4809
97.05 51.8348 30.2704
97.06 51.9798 30.0616
97.07 52.1257 29.8543
97.08 52.2724 29.6487
97.09 52.4199 29.4446
97.1 52.5682 29.2422
97.11 52.7174 29.0413
97.12 52.8675 28.8419
97.13 53.0184 28.6441
97.14 53.1702 28.4478
97.15 53.3228 28.253
97.16 53.4762 28.0598
97.17 53.6305 27.868
97.18 53.7857 27.6777
97.19 53.9417 27.4889
97.2 54.0986 27.3015
97.21 54.2563 27.1156
97.22 54.415 26.9311
97.23 54.5744 26.7481
97.24 54.7348 26.5664
97.25 54.896 26.3862
97.26 55.0581 26.2074
97.27 55.221 26.0299
97.28 55.3848 25.8538
97.29 55.5495 25.6791
97.3 55.7151 25.5057
97.31 55.8816 25.3337
97.32 56.0489 25.1629
97.33 56.2171 24.9936
97.34 56.3863 24.8255
97.35 56.5562 24.6587
97.36 56.7271 24.4932
97.37 56.8989 24.3289
97.38 57.0716 24.166
97.39 57.2451 24.0043
97.4 57.4196 23.8438
97.41 57.595 23.6846
97.42 57.7712 23.5266
97.43 57.9484 23.3699
97.44 58.1265 23.2143
97.45 58.3055 23.06
97.46 58.4854 22.9068
97.47 58.6662 22.7548
97.48 58.8479 22.604
97.49 59.0306 22.4544
97.5 59.2141 22.3059
97.51 59.3986 22.1585
97.52 59.584 22.0123
97.53 59.7703 21.8672
97.54 59.9576 21.7233
97.55 60.1458 21.5804
97.56 60.3349 21.4386
97.57 60.525 21.298
97.58 60.716 21.1584
97.59 60.908 21.0199
97.6 61.1009 20.8825
97.61 61.2947 20.7461
97.62 61.4895 20.6108
97.63 61.6852 20.4765
97.64 61.8819 20.3432
97.65 62.0796 20.211
97.66 62.2782 20.0798
97.67 62.4778 19.9496
97.68 62.6783 19.8204
97.69 62.8798 19.6922
97.7 63.0823 19.565
97.71 63.2857 19.4388
97.72 63.4901 19.3135
97.73 63.6956 19.1892
97.74 63.9019 19.0659
97.75 64.1093 18.9435
97.76 64.3177 18.8221
97.77 64.527 18.7016
97.78 64.7373 18.582
97.79 64.9487 18.4633
97.8 65.161 18.3456
97.81 65.3743 18.2287
97.82 65.5886 18.1128
97.83 65.804 17.9977
97.84 66.0203 17.8836
97.85 66.2377 17.7703
97.86 66.4561 17.6579
97.87 66.6755 17.5463
97.88 66.8959 17.4356
97.89 67.1173 17.3258
97.9 67.3398 17.2168
97.91 67.5633 17.1086
97.92 67.7878 17.0013
97.93 68.0134 16.8948
97.94 68.24 16.7891
97.95 68.4677 16.6843
97.96 68.6964 16.5802
97.97 68.9261 16.4769
97.98 69.1569 16.3745
97.99 69.3888 16.2728
98 69.6217 16.1719
98.01 69.8557 16.0718
98.02 70.0907 15.9724
98.03 70.3268 15.8738
98.04 70.564 15.776
98.05 70.8023 15.6789
98.06 71.0416 15.5826
98.07 71.2821 15.487
98.08 71.5236 15.3921
98.09 71.7662 15.298
98.1 72.0099 15.2046
98.11 72.2547 15.1119
98.12 72.5006 15.0199
98.13 72.7476 14.9286
98.14 72.9957 14.8381
98.15 73.2449 14.7482
98.16 73.4952 14.659
98.17 73.7467 14.5705
98.18 73.9992 14.4827
98.19 74.2529 14.3956
98.2 74.5077 14.3091
98.21 74.7637 14.2233
98.22 75.0208 14.1382
98.23 75.279 14.0537
98.24 75.5384 13.9698
98.25 75.7989 13.8866
98.26 76.0606 13.8041
98.27 76.3234 13.7222
98.28 76.5874 13.6409
98.29 76.8525 13.5602
98.3 77.1188 13.4801
98.31 77.3863 13.4007
98.32 77.6549 13.3219
98.33 77.9248 13.2437
98.34 78.1958 13.1661
98.35 78.468 13.0891
98.36 78.7414 13.0126
98.37 79.0159 12.9368
98.38 79.2917 12.8615
98.39 79.5687 12.7869
98.4 79.8469 12.7128
98.41 80.1263 12.6392
98.42 80.4069 12.5663
98.43 80.6887 12.4939
98.44 80.9717 12.422
98.45 81.256 12.3508
98.46 81.5415 12.28
98.47 81.8282 12.2098
98.48 82.1162 12.1402
98.49 82.4054 12.071
98.5 82.6959 12.0025
98.51 82.9876 11.9344
98.52 83.2805 11.8669
98.53 83.5747 11.7999
98.54 83.8702 11.7334
98.55 84.167 11.6674
98.56 84.465 11.6019
98.57 84.7643 11.5369
98.58 85.0649 11.4725
98.59 85.3668 11.4085
98.6 85.6699 11.345
98.61 85.9744 11.2821
98.62 86.2801 11.2196
98.63 86.5872 11.1575
98.64 86.8955 11.096
98.65 87.2052 11.0349
98.66 87.5162 10.9744
98.67 87.8285 10.9142
98.68 88.1421 10.8546
98.69 88.4571 10.7954
98.7 88.7734 10.7367
98.71 89.091 10.6784
98.72 89.41 10.6206
98.73 89.7303 10.5632
98.74 90.052 10.5063
98.75 90.3751 10.4498
98.76 90.6995 10.3937
98.77 91.0253 10.3381
98.78 91.3524 10.2829
98.79 91.6809 10.2281
98.8 92.0108 10.1738
98.81 92.3421 10.1199
98.82 92.6748 10.0664
98.83 93.0089 10.0133
98.84 93.3444 9.96068
98.85 93.6813 9.90843
98.86 94.0196 9.85658
98.87 94.3593 9.80514
98.88 94.7004 9.75411
98.89 95.043 9.70347
98.9 95.387 9.65322
98.91 95.7324 9.60337
98.92 96.0793 9.55391
98.93 96.4276 9.50484
98.94 96.7774 9.45614
98.95 97.1286 9.40783
98.96 97.4813 9.3599
98.97 97.8355 9.31235
98.98 98.1911 9.26517
98.99 98.5483 9.21836
99 98.9069 9.17191
99.01 99.2669 9.12583
99.02 99.6285 9.08012
99.03 99.9916 9.03476
99.04 100.356 8.98976
99.05 100.722 8.94512
99.06 101.09 8.90083
99.07 101.459 8.85689
99.08 101.83 8.81329
99.09 102.202 8.77004
99.1 102.576 8.72714
99.11 102.951 8.68457
99.12 103.328 8.64234
99.13 103.706 8.60045
99.14 104.086 8.55888
99.15 104.467 8.51765
99.16 104.851 8.47675
99.17 105.235 8.43617
99.18 105.621 8.39592
99.19 106.009 8.35599
99.2 106.399 8.31638
99.21 106.79 8.27708
99.22 107.182 8.2381
99.23 107.576 8.19943
99.24 107.972 8.16108
99.25 108.37 8.12303
99.26 108.769 8.08528
99.27 109.169 8.04785
99.28 109.572 8.01071
99.29 109.976 7.97387
99.3 110.381 7.93733
99.31 110.789 7.90109
99.32 111.198 7.86514
99.33 111.608 7.82948
99.34 112.021 7.79412
99.35 112.435 7.75904
99.36 112.85 7.72424
99.37 113.268 7.68974
99.38 113.687 7.65551
99.39 114.108 7.62156
99.4 114.53 7.58789
99.41 114.954 7.5545
99.42 115.38 7.52139
99.43 115.808 7.48854
99.44 116.237 7.45597
99.45 116.669 7.42367
99.46 117.102 7.39163
99.47 117.536 7.35986
99.48 117.973 7.32836
99.49 118.411 7.29712
99.5 118.851 7.26613
99.51 119.293 7.23541
99.52 119.736 7.20495
99.53 120.181 7.17474
99.54 120.629 7.14478
99.55 121.077 7.11508
99.56 121.528 7.08563
99.57 121.981 7.05643
99.58 122.435 7.02747
99.59 122.891 6.99876
99.6 123.35 6.9703
99.61 123.809 6.94208
99.62 124.271 6.9141
99.63 124.735 6.88636
99.64 125.2 6.85887
99.65 125.668 6.8316
99.66 126.137 6.80458
99.67 126.608 6.77779
99.68 127.081 6.75123
99.69 127.556 6.7249
99.7 128.033 6.6988
99.71 128.512 6.67293
99.72 128.993 6.64729
99.73 129.475 6.62188
99.74 129.96 6.59669
99.75 130.446 6.57172
99.76 130.935 6.54698
99.77 131.425 6.52245
99.78 131.918 6.49815
99.79 132.412 6.47406
99.8 132.908 6.4502
99.81 133.407 6.42654
99.82 133.907 6.40311
99.83 134.409 6.37988
99.84 134.914 6.35687
99.85 135.42 6.33407
99.86 135.928 6.31148
99.87 136.439 6.28909
99.88 136.951 6.26692
99.89 137.466 6.24495
99.9 137.982 6.22319
99.91 138.501 6.20163
99.92 139.022 6.18027
99.93 139.544 6.15912
99.94 140.069 6.13816
99.95 140.596 6.11741
99.96 141.125 6.09686
99.97 141.656 6.0765
99.98 142.19 6.05634
99.99 142.725 6.03638
