Time nR nF
0 500 500
0.01 490.793 505.437
0.02 481.674 510.746
0.03 472.646 515.924
0.04 463.714 520.966
0.05 454.88 525.872
0.06 446.148 530.637
0.07 437.521 535.259
0.08 429 539.736
0.09 420.589 544.067
0.1 412.29 548.249
0.11 404.105 552.281
0.12 396.036 556.162
0.13 388.085 559.89
0.14 380.253 563.466
0.15 372.541 566.889
0.16 364.95 570.157
0.17 357.482 573.272
0.18 350.138 576.233
0.19 342.917 579.041
0.2 335.82 581.696
0.21 328.848 584.198
0.22 322.001 586.549
0.23 315.278 588.75
0.24 308.679 590.802
0.25 302.205 592.706
0.26 295.854 594.463
0.27 289.626 596.076
0.28 283.521 597.546
0.29 277.537 598.874
0.3 271.674 600.063
0.31 265.93 601.115
0.32 260.305 602.032
0.33 254.798 602.816
0.34 249.406 603.47
0.35 244.13 603.996
0.36 238.966 604.395
0.37 233.915 604.672
0.38 228.975 604.827
0.39 224.143 604.865
0.4 219.419 604.787
0.41 214.8 604.596
0.42 210.286 604.294
0.43 205.874 603.885
0.44 201.563 603.371
0.45 197.35 602.755
0.46 193.235 602.039
0.47 189.215 601.226
0.48 185.289 600.318
0.49 181.455 599.32
0.5 177.711 598.232
0.51 174.055 597.057
0.52 170.486 595.799
0.53 167.002 594.46
0.54 163.601 593.042
0.55 160.281 591.548
0.56 157.04 589.98
0.57 153.878 588.341
0.58 150.791 586.633
0.59 147.78 584.859
0.6 144.84 583.021
0.61 141.972 581.121
0.62 139.174 579.162
0.63 136.443 577.145
0.64 133.779 575.074
0.65 131.179 572.949
0.66 128.643 570.774
0.67 126.168 568.55
0.68 123.754 566.279
0.69 121.398 563.964
0.7 119.1 561.606
0.71 116.858 559.207
0.72 114.67 556.768
0.73 112.536 554.293
0.74 110.453 551.782
0.75 108.421 549.237
0.76 106.439 546.66
0.77 104.504 544.053
0.78 102.617 541.416
0.79 100.775 538.752
0.8 98.9775 536.063
0.81 97.2236 533.348
0.82 95.5121 530.611
0.83 93.8418 527.852
0.84 92.2116 525.073
0.85 90.6207 522.275
0.86 89.0678 519.459
0.87 87.5522 516.626
0.88 86.0728 513.778
0.89 84.6286 510.916
0.9 83.2188 508.041
0.91 81.8425 505.154
0.92 80.4988 502.256
0.93 79.1869 499.348
0.94 77.906 496.432
0.95 76.6552 493.507
0.96 75.4338 490.575
0.97 74.2411 487.637
0.98 73.0762 484.694
0.99 71.9385 481.747
1 70.8272 478.796
1.01 69.7418 475.842
1.02 68.6814 472.886
1.03 67.6456 469.928
1.04 66.6335 466.97
1.05 65.6448 464.012
1.06 64.6786 461.055
1.07 63.7345 458.099
1.08 62.8119 455.145
1.09 61.9103 452.194
1.1 61.0291 449.246
1.11 60.1678 446.301
1.12 59.3258 443.36
1.13 58.5028 440.425
1.14 57.6982 437.494
1.15 56.9115 434.569
1.16 56.1424 431.651
1.17 55.3903 428.739
1.18 54.6548 425.833
1.19 53.9356 422.936
1.2 53.2322 420.046
1.21 52.5442 417.164
1.22 51.8713 414.29
1.23 51.213 411.426
1.24 50.569 408.57
1.25 49.9389 405.725
1.26 49.3225 402.888
1.27 48.7194 400.062
1.28 48.1292 397.247
1.29 47.5516 394.442
1.3 46.9864 391.647
1.31 46.4332 388.864
1.32 45.8917 386.092
1.33 45.3617 383.332
1.34 44.8428 380.583
1.35 44.3349 377.847
1.36 43.8376 375.122
1.37 43.3507 372.41
1.38 42.874 369.711
1.39 42.4072 367.024
1.4 41.95 364.349
1.41 41.5024 361.688
1.42 41.0639 359.04
1.43 40.6345 356.405
1.44 40.2138 353.783
1.45 39.8018 351.175
1.46 39.3981 348.58
1.47 39.0027 345.999
1.48 38.6153 343.432
1.49 38.2357 340.878
1.5 37.8638 338.339
1.51 37.4994 335.813
1.52 37.1422 333.302
1.53 36.7923 330.804
1.54 36.4493 328.321
1.55 36.1132 325.852
1.56 35.7837 323.397
1.57 35.4608 320.956
1.58 35.1443 318.53
1.59 34.834 316.119
1.6 34.5298 313.721
1.61 34.2316 311.338
1.62 33.9393 308.97
1.63 33.6527 306.616
1.64 33.3717 304.276
1.65 33.0962 301.951
1.66 32.826 299.64
1.67 32.5611 297.344
1.68 32.3013 295.063
1.69 32.0465 292.796
1.7 31.7967 290.543
1.71 31.5517 288.305
1.72 31.3114 286.081
1.73 31.0758 283.872
1.74 30.8446 281.677
1.75 30.6179 279.497
1.76 30.3956 277.331
1.77 30.1774 275.179
1.78 29.9635 273.042
1.79 29.7536 270.919
1.8 29.5478 268.81
1.81 29.3458 266.716
1.82 29.1477 264.636
1.83 28.9534 262.57
1.84 28.7628 260.518
1.85 28.5758 258.48
1.86 28.3923 256.456
1.87 28.2123 254.446
1.88 28.0357 252.45
1.89 27.8625 250.468
1.9 27.6926 248.5
1.91 27.5258 246.546
1.92 27.3623 244.605
1.93 27.2018 242.678
1.94 27.0444 240.765
1.95 26.8899 238.865
1.96 26.7384 236.979
1.97 26.5897 235.106
1.98 26.4439 233.247
1.99 26.3008 231.401
2 26.1605 229.569
2.01 26.0228 227.75
2.02 25.8877 225.944
2.03 25.7553 224.151
2.04 25.6253 222.371
2.05 25.4978 220.604
2.06 25.3728 218.85
2.07 25.2501 217.109
2.08 25.1298 215.38
2.09 25.0118 213.665
2.1 24.8961 211.962
2.11 24.7826 210.272
2.12 24.6713 208.594
2.13 24.5622 206.929
2.14 24.4552 205.276
2.15 24.3502 203.635
2.16 24.2474 202.007
2.17 24.1465 200.391
2.18 24.0476 198.787
2.19 23.9506 197.195
2.2 23.8556 195.615
2.21 23.7625 194.047
2.22 23.6712 192.491
2.23 23.5817 190.947
2.24 23.494 189.414
2.25 23.4081 187.894
2.26 23.3239 186.384
2.27 23.2415 184.886
2.28 23.1607 183.4
2.29 23.0816 181.925
2.3 23.0041 180.461
2.31 22.9282 179.009
2.32 22.8539 177.567
2.33 22.7811 176.137
2.34 22.7099 174.718
2.35 22.6402 173.31
2.36 22.572 171.912
2.37 22.5053 170.526
2.38 22.44 169.15
2.39 22.3761 167.785
2.4 22.3136 166.43
2.41 22.2525 165.086
2.42 22.1928 163.752
2.43 22.1344 162.429
2.44 22.0773 161.116
2.45 22.0216 159.814
2.46 21.9671 158.521
2.47 21.9139 157.239
2.48 21.862 155.966
2.49 21.8112 154.704
2.5 21.7617 153.452
2.51 21.7134 152.209
2.52 21.6663 150.976
2.53 21.6204 149.753
2.54 21.5756 148.54
2.55 21.5319 147.336
2.56 21.4894 146.141
2.57 21.448 144.956
2.58 21.4077 143.781
2.59 21.3684 142.615
2.6 21.3303 141.458
2.61 21.2931 140.31
2.62 21.2571 139.171
2.63 21.222 138.041
2.64 21.188 136.921
2.65 21.1549 135.809
2.66 21.1229 134.706
2.67 21.0918 133.612
2.68 21.0617 132.526
2.69 21.0326 131.45
2.7 21.0044 130.381
2.71 20.9771 129.322
2.72 20.9508 128.271
2.73 20.9253 127.228
2.74 20.9008 126.193
2.75 20.8772 125.167
2.76 20.8544 124.149
2.77 20.8325 123.14
2.78 20.8115 122.138
2.79 20.7913 121.145
2.8 20.772 120.159
2.81 20.7535 119.181
2.82 20.7358 118.212
2.83 20.719 117.25
2.84 20.703 116.295
2.85 20.6877 115.349
2.86 20.6733 114.41
2.87 20.6596 113.479
2.88 20.6467 112.555
2.89 20.6346 111.639
2.9 20.6232 110.73
2.91 20.6126 109.828
2.92 20.6028 108.934
2.93 20.5937 108.047
2.94 20.5853 107.167
2.95 20.5776 106.294
2.96 20.5707 105.429
2.97 20.5645 104.57
2.98 20.5589 103.718
2.99 20.5541 102.874
3 20.55 102.036
3.01 20.5465 101.205
3.02 20.5438 100.381
3.03 20.5417 99.563
3.04 20.5403 98.752
3.05 20.5395 97.9477
3.06 20.5394 97.1499
3.07 20.54 96.3586
3.08 20.5412 95.5738
3.09 20.543 94.7953
3.1 20.5455 94.0232
3.11 20.5486 93.2574
3.12 20.5524 92.4979
3.13 20.5568 91.7445
3.14 20.5617 90.9973
3.15 20.5673 90.2562
3.16 20.5735 89.5212
3.17 20.5803 88.7922
3.18 20.5878 88.0691
3.19 20.5958 87.352
3.2 20.6043 86.6407
3.21 20.6135 85.9352
3.22 20.6233 85.2356
3.23 20.6336 84.5416
3.24 20.6445 83.8533
3.25 20.656 83.1707
3.26 20.6681 82.4937
3.27 20.6807 81.8222
3.28 20.6939 81.1563
3.29 20.7076 80.4958
3.3 20.7219 79.8407
3.31 20.7367 79.191
3.32 20.7521 78.5466
3.33 20.7681 77.9075
3.34 20.7845 77.2737
3.35 20.8015 76.6451
3.36 20.8191 76.0216
3.37 20.8371 75.4033
3.38 20.8557 74.79
3.39 20.8748 74.1818
3.4 20.8945 73.5786
3.41 20.9146 72.9804
3.42 20.9353 72.3871
3.43 20.9565 71.7986
3.44 20.9782 71.2151
3.45 21.0004 70.6363
3.46 21.0231 70.0623
3.47 21.0463 69.493
3.48 21.0701 68.9284
3.49 21.0943 68.3684
3.5 21.119 67.8131
3.51 21.1442 67.2624
3.52 21.1699 66.7161
3.53 21.1961 66.1744
3.54 21.2227 65.6372
3.55 21.2499 65.1044
3.56 21.2776 64.576
3.57 21.3057 64.0519
3.58 21.3343 63.5322
3.59 21.3634 63.0168
3.6 21.3929 62.5056
3.61 21.423 61.9986
3.62 21.4535 61.4959
3.63 21.4844 60.9973
3.64 21.5159 60.5028
3.65 21.5478 60.0123
3.66 21.5802 59.526
3.67 21.613 59.0436
3.68 21.6463 58.5653
3.69 21.6801 58.0909
3.7 21.7143 57.6204
3.71 21.749 57.1538
3.72 21.7841 56.691
3.73 21.8197 56.2321
3.74 21.8558 55.777
3.75 21.8923 55.3257
3.76 21.9292 54.878
3.77 21.9666 54.4341
3.78 22.0045 53.9939
3.79 22.0428 53.5573
3.8 22.0815 53.1243
3.81 22.1207 52.6949
3.82 22.1603 52.269
3.83 22.2004 51.8467
3.84 22.2409 51.4278
3.85 22.2819 51.0125
3.86 22.3233 50.6005
3.87 22.3651 50.192
3.88 22.4074 49.7869
3.89 22.4501 49.3851
3.9 22.4932 48.9866
3.91 22.5368 48.5915
3.92 22.5809 48.1996
3.93 22.6253 47.8109
3.94 22.6702 47.4255
3.95 22.7155 47.0433
3.96 22.7613 46.6642
3.97 22.8075 46.2883
3.98 22.8541 45.9155
3.99 22.9011 45.5457
4 22.9486 45.1791
4.01 22.9965 44.8155
4.02 23.0448 44.4548
4.03 23.0936 44.0972
4.04 23.1428 43.7426
4.05 23.1924 43.3908
4.06 23.2424 43.042
4.07 23.2929 42.6961
4.08 23.3438 42.353
4.09 23.3951 42.0128
4.1 23.4468 41.6754
4.11 23.499 41.3408
4.12 23.5516 41.009
4.13 23.6046 40.6799
4.14 23.658 40.3536
4.15 23.7119 40.0299
4.16 23.7662 39.709
4.17 23.8209 39.3907
4.18 23.876 39.075
4.19 23.9316 38.7619
4.2 23.9875 38.4515
4.21 24.0439 38.1436
4.22 24.1007 37.8383
4.23 24.158 37.5355
4.24 24.2156 37.2352
4.25 24.2737 36.9374
4.26 24.3322 36.642
4.27 24.3911 36.3491
4.28 24.4504 36.0586
4.29 24.5102 35.7706
4.3 24.5704 35.4849
4.31 24.631 35.2016
4.32 24.692 34.9206
4.33 24.7534 34.642
4.34 24.8153 34.3657
4.35 24.8776 34.0916
4.36 24.9403 33.8199
4.37 25.0034 33.5504
4.38 25.0669 33.2831
4.39 25.1309 33.018
4.4 25.1953 32.7551
4.41 25.2601 32.4944
4.42 25.3253 32.2359
4.43 25.391 31.9795
4.44 25.457 31.7252
4.45 25.5235 31.473
4.46 25.5904 31.2229
4.47 25.6578 30.9749
4.48 25.7255 30.729
4.49 25.7937 30.485
4.5 25.8623 30.2431
4.51 25.9314 30.0032
4.52 26.0008 29.7653
4.53 26.0707 29.5294
4.54 26.141 29.2954
4.55 26.2117 29.0633
4.56 26.2829 28.8332
4.57 26.3545 28.6049
4.58 26.4265 28.3786
4.59 26.4989 28.1541
4.6 26.5717 27.9315
4.61 26.645 27.7107
4.62 26.7187 27.4918
4.63 26.7929 27.2746
4.64 26.8674 27.0593
4.65 26.9424 26.8457
4.66 27.0179 26.6339
4.67 27.0937 26.4239
4.68 27.17 26.2155
4.69 27.2467 26.009
4.7 27.3238 25.8041
4.71 27.4014 25.6009
4.72 27.4794 25.3994
4.73 27.5579 25.1995
4.74 27.6367 25.0013
4.75 27.7161 24.8048
4.76 27.7958 24.6098
4.77 27.876 24.4165
4.78 27.9566 24.2248
4.79 28.0376 24.0346
4.8 28.1191 23.8461
4.81 28.201 23.6591
4.82 28.2834 23.4736
4.83 28.3662 23.2896
4.84 28.4494 23.1072
4.85 28.5331 22.9263
4.86 28.6172 22.7469
4.87 28.7018 22.5689
4.88 28.7868 22.3924
4.89 28.8722 22.2174
4.9 28.9581 22.0438
4.91 29.0444 21.8717
4.92 29.1312 21.701
4.93 29.2184 21.5317
4.94 29.3061 21.3637
4.95 29.3942 21.1972
4.96 29.4827 21.032
4.97 29.5717 20.8682
4.98 29.6612 20.7058
4.99 29.7511 20.5446
5 29.8415 20.3849
5.01 29.9323 20.2264
5.02 30.0235 20.0692
5.03 30.1152 19.9133
5.04 30.2074 19.7587
5.05 30.3 19.6054
5.06 30.3931 19.4534
5.07 30.4866 19.3026
5.08 30.5806 19.153
5.09 30.6751 19.0047
5.1 30.77 18.8575
5.11 30.8653 18.7116
5.12 30.9612 18.5669
5.13 31.0575 18.4234
5.14 31.1542 18.2811
5.15 31.2514 18.1399
5.16 31.3491 17.9999
5.17 31.4472 17.8611
5.18 31.5459 17.7233
5.19 31.6449 17.5868
5.2 31.7445 17.4513
5.21 31.8445 17.317
5.22 31.945 17.1837
5.23 32.0459 17.0516
5.24 32.1474 16.9205
5.25 32.2493 16.7905
5.26 32.3516 16.6616
5.27 32.4545 16.5337
5.28 32.5578 16.4069
5.29 32.6616 16.2811
5.3 32.7659 16.1564
5.31 32.8707 16.0327
5.32 32.9759 15.9099
5.33 33.0816 15.7882
5.34 33.1878 15.6675
5.35 33.2945 15.5478
5.36 33.4017 15.4291
5.37 33.5093 15.3113
5.38 33.6175 15.1945
5.39 33.7261 15.0787
5.4 33.8352 14.9638
5.41 33.9448 14.8498
5.42 34.0549 14.7368
5.43 34.1655 14.6247
5.44 34.2766 14.5135
5.45 34.3882 14.4033
5.46 34.5003 14.2939
5.47 34.6128 14.1854
5.48 34.7259 14.0778
5.49 34.8395 13.9711
5.5 34.9536 13.8653
5.51 35.0681 13.7603
5.52 35.1832 13.6562
5.53 35.2988 13.553
5.54 35.4149 13.4505
5.55 35.5314 13.3489
5.56 35.6485 13.2482
5.57 35.7661 13.1483
5.58 35.8843 13.0491
5.59 36.0029 12.9508
5.6 36.122 12.8533
5.61 36.2417 12.7566
5.62 36.3618 12.6607
5.63 36.4825 12.5656
5.64 36.6037 12.4712
5.65 36.7254 12.3776
5.66 36.8477 12.2848
5.67 36.9704 12.1927
5.68 37.0937 12.1013
5.69 37.2175 12.0108
5.7 37.3418 11.9209
5.71 37.4667 11.8318
5.72 37.5921 11.7434
5.73 37.718 11.6557
5.74 37.8444 11.5688
5.75 37.9714 11.4825
5.76 38.0989 11.397
5.77 38.2269 11.3121
5.78 38.3555 11.2279
5.79 38.4846 11.1444
5.8 38.6142 11.0616
5.81 38.7444 10.9795
5.82 38.8752 10.898
5.83 39.0064 10.8172
5.84 39.1382 10.7371
5.85 39.2706 10.6576
5.86 39.4035 10.5787
5.87 39.5369 10.5005
5.88 39.6709 10.4229
5.89 39.8055 10.346
5.9 39.9406 10.2696
5.91 40.0763 10.1939
5.92 40.2125 10.1188
5.93 40.3492 10.0443
5.94 40.4866 9.97046
5.95 40.6244 9.89717
5.96 40.7629 9.82447
5.97 40.9019 9.75236
5.98 41.0415 9.68084
5.99 41.1816 9.60989
6 41.3223 9.53952
6.01 41.4636 9.46971
6.02 41.6054 9.40047
6.03 41.7478 9.33179
6.04 41.8908 9.26367
6.05 42.0343 9.19609
6.06 42.1785 9.12906
6.07 42.3232 9.06257
6.08 42.4685 8.99662
6.09 42.6143 8.9312
6.1 42.7608 8.8663
6.11 42.9078 8.80193
6.12 43.0554 8.73808
6.13 43.2036 8.67474
6.14 43.3524 8.61191
6.15 43.5018 8.54959
6.16 43.6517 8.48777
6.17 43.8023 8.42645
6.18 43.9534 8.36562
6.19 44.1052 8.30529
6.2 44.2575 8.24543
6.21 44.4104 8.18606
6.22 44.564 8.12717
6.23 44.7181 8.06874
6.24 44.8729 8.01079
6.25 45.0282 7.95331
6.26 45.1842 7.89628
6.27 45.3407 7.83972
6.28 45.4979 7.7836
6.29 45.6557 7.72794
6.3 45.8141 7.67272
6.31 45.9731 7.61795
6.32 46.1327 7.56362
6.33 46.293 7.50972
6.34 46.4538 7.45625
6.35 46.6153 7.40322
6.36 46.7774 7.3506
6.37 46.9401 7.29841
6.38 47.1035 7.24664
6.39 47.2675 7.19528
6.4 47.4321 7.14433
6.41 47.5973 7.09379
6.42 47.7632 7.04365
6.43 47.9297 6.99392
6.44 48.0968 6.94458
6.45 48.2646 6.89563
6.46 48.433 6.84708
6.47 48.6021 6.79891
6.48 48.7718 6.75113
6.49 48.9421 6.70373
6.5 49.1131 6.65671
6.51 49.2848 6.61007
6.52 49.4571 6.56379
6.53 49.63 6.51789
6.54 49.8036 6.47235
6.55 49.9778 6.42717
6.56 50.1527 6.38236
6.57 50.3283 6.3379
6.58 50.5045 6.29379
6.59 50.6814 6.25004
6.6 50.8589 6.20663
6.61 51.0371 6.16357
6.62 51.216 6.12085
6.63 51.3956 6.07847
6.64 51.5758 6.03643
6.65 51.7567 5.99472
6.66 51.9382 5.95334
6.67 52.1205 5.9123
6.68 52.3034 5.87157
6.69 52.487 5.83118
6.7 52.6712 5.7911
6.71 52.8562 5.75134
6.72 53.0418 5.71189
6.73 53.2281 5.67276
6.74 53.4152 5.63394
6.75 53.6029 5.59542
6.76 53.7913 5.55721
6.77 53.9803 5.51931
6.78 54.1701 5.4817
6.79 54.3606 5.44439
6.8 54.5518 5.40738
6.81 54.7437 5.37066
6.82 54.9362 5.33423
6.83 55.1295 5.29808
6.84 55.3235 5.26223
6.85 55.5182 5.22665
6.86 55.7136 5.19136
6.87 55.9098 5.15634
6.88 56.1066 5.12161
6.89 56.3041 5.08714
6.9 56.5024 5.05295
6.91 56.7014 5.01903
6.92 56.9011 4.98538
6.93 57.1015 4.95199
6.94 57.3027 4.91886
6.95 57.5046 4.886
6.96 57.7072 4.85339
6.97 57.9105 4.82104
6.98 58.1146 4.78894
6.99 58.3194 4.7571
7 58.5249 4.72551
7.01 58.7312 4.69417
7.02 58.9382 4.66307
7.03 59.146 4.63222
7.04 59.3545 4.60161
7.05 59.5638 4.57124
7.06 59.7738 4.54111
7.07 59.9845 4.51121
7.08 60.196 4.48155
7.09 60.4083 4.45213
7.1 60.6213 4.42293
7.11 60.835 4.39396
7.12 61.0496 4.36522
7.13 61.2648 4.33671
7.14 61.4809 4.30842
7.15 61.6977 4.28035
7.16 61.9153 4.2525
7.17 62.1336 4.22486
7.18 62.3527 4.19745
7.19 62.5726 4.17025
7.2 62.7933 4.14326
7.21 63.0147 4.11648
7.22 63.2369 4.08991
7.23 63.4599 4.06355
7.24 63.6837 4.0374
7.25 63.9083 4.01145
7.26 64.1336 3.9857
7.27 64.3598 3.96016
7.28 64.5867 3.93481
7.29 64.8144 3.90966
7.3 65.0429 3.88471
7.31 65.2723 3.85995
7.32 65.5024 3.83538
7.33 65.7333 3.81101
7.34 65.965 3.78682
7.35 66.1975 3.76283
7.36 66.4308 3.73902
7.37 66.6649 3.7154
7.38 66.8999 3.69196
7.39 67.1356 3.6687
7.4 67.3722 3.64562
7.41 67.6096 3.62273
7.42 67.8478 3.60001
7.43 68.0868 3.57747
7.44 68.3266 3.5551
7.45 68.5673 3.53291
7.46 68.8088 3.51089
7.47 69.0511 3.48904
7.48 69.2942 3.46736
7.49 69.5382 3.44585
7.5 69.783 3.4245
7.51 70.0286 3.40332
7.52 70.2751 3.38231
7.53 70.5224 3.36146
7.54 70.7706 3.34077
7.55 71.0196 3.32024
7.56 71.2694 3.29987
7.57 71.5201 3.27965
7.58 71.7717 3.2596
7.59 72.0241 3.2397
7.6 72.2773 3.21995
7.61 72.5315 3.20035
7.62 72.7864 3.18091
7.63 73.0422 3.16162
7.64 73.2989 3.14248
7.65 73.5565 3.12348
7.66 73.8149 3.10463
7.67 74.0742 3.08593
7.68 74.3343 3.06737
7.69 74.5954 3.04896
7.7 74.8573 3.03069
7.71 75.12 3.01256
7.72 75.3837 2.99456
7.73 75.6482 2.97671
7.74 75.9136 2.959
7.75 76.1799 2.94142
7.76 76.4471 2.92398
7.77 76.7152 2.90667
7.78 76.9841 2.8895
7.79 77.254 2.87246
7.8 77.5247 2.85554
7.81 77.7964 2.83877
7.82 78.0689 2.82211
7.83 78.3424 2.80559
7.84 78.6167 2.7892
7.85 78.8919 2.77293
7.86 79.1681 2.75679
7.87 79.4452 2.74077
7.88 79.7231 2.72487
7.89 80.002 2.7091
7.9 80.2818 2.69344
7.91 80.5625 2.67791
7.92 80.8441 2.6625
7.93 81.1267 2.64721
7.94 81.4102 2.63203
7.95 81.6946 2.61697
7.96 81.9799 2.60203
7.97 82.2661 2.5872
7.98 82.5533 2.57249
7.99 82.8414 2.55789
8 83.1305 2.5434
8.01 83.4204 2.52902
8.02 83.7113 2.51475
8.03 84.0032 2.50059
8.04 84.296 2.48655
8.05 84.5897 2.4726
8.06 84.8844 2.45877
8.07 85.1801 2.44504
8.08 85.4767 2.43142
8.09 85.7742 2.4179
8.1 86.0727 2.40449
8.11 86.3721 2.39118
8.12 86.6725 2.37797
8.13 86.9739 2.36486
8.14 87.2762 2.35186
8.15 87.5795 2.33895
8.16 87.8838 2.32614
8.17 88.189 2.31343
8.18 88.4952 2.30082
8.19 88.8024 2.28831
8.2 89.1105 2.27589
8.21 89.4196 2.26357
8.22 89.7297 2.25134
8.23 90.0408 2.2392
8.24 90.3528 2.22716
8.25 90.6659 2.21521
8.26 90.9799 2.20336
8.27 91.2949 2.19159
8.28 91.6109 2.17991
8.29 91.9279 2.16833
8.3 92.2459 2.15683
8.31 92.5648 2.14542
8.32 92.8848 2.1341
8.33 93.2058 2.12286
8.34 93.5278 2.11172
8.35 93.8507 2.10065
8.36 94.1747 2.08968
8.37 94.4997 2.07878
8.38 94.8257 2.06797
8.39 95.1527 2.05725
8.4 95.4807 2.0466
8.41 95.8098 2.03604
8.42 96.1398 2.02556
8.43 96.4709 2.01516
8.44 96.8029 2.00484
8.45 97.1361 1.9946
8.46 97.4702 1.98444
8.47 97.8053 1.97435
8.48 98.1415 1.96435
8.49 98.4787 1.95442
8.5 98.817 1.94456
8.51 99.1562 1.93479
8.52 99.4966 1.92508
8.53 99.8379 1.91546
8.54 100.18 1.9059
8.55 100.524 1.89643
8.56 100.868 1.88702
8.57 101.214 1.87769
8.58 101.56 1.86843
8.59 101.908 1.85924
8.6 102.256 1.85012
8.61 102.606 1.84107
8.62 102.957 1.83209
8.63 103.309 1.82318
8.64 103.662 1.81434
8.65 104.016 1.80557
8.66 104.371 1.79686
8.67 104.727 1.78823
8.68 105.084 1.77966
8.69 105.442 1.77115
8.7 105.801 1.76272
8.71 106.161 1.75435
8.72 106.523 1.74604
8.73 106.885 1.7378
8.74 107.249 1.72962
8.75 107.613 1.7215
8.76 107.979 1.71345
8.77 108.346 1.70546
8.78 108.714 1.69753
8.79 109.083 1.68967
8.8 109.453 1.68187
8.81 109.824 1.67412
8.82 110.196 1.66644
8.83 110.569 1.65882
8.84 110.943 1.65125
8.85 111.319 1.64375
8.86 111.695 1.6363
8.87 112.073 1.62892
8.88 112.452 1.62159
8.89 112.832 1.61432
8.9 113.213 1.6071
8.91 113.595 1.59994
8.92 113.978 1.59284
8.93 114.362 1.5858
8.94 114.747 1.57881
8.95 115.134 1.57187
8.96 115.521 1.56499
8.97 115.91 1.55817
8.98 116.3 1.55139
8.99 116.691 1.54467
9 117.083 1.53801
9.01 117.476 1.5314
9.02 117.87 1.52484
9.03 118.266 1.51833
9.04 118.662 1.51187
9.05 119.06 1.50547
9.06 119.459 1.49911
9.07 119.858 1.49281
9.08 120.259 1.48655
9.09 120.662 1.48035
9.1 121.065 1.4742
9.11 121.469 1.46809
9.12 121.875 1.46204
9.13 122.281 1.45603
9.14 122.689 1.45007
9.15 123.098 1.44416
9.16 123.508 1.4383
9.17 123.92 1.43249
9.18 124.332 1.42672
9.19 124.745 1.42099
9.2 125.16 1.41532
9.21 125.576 1.40969
9.22 125.993 1.40411
9.23 126.411 1.39857
9.24 126.83 1.39308
9.25 127.251 1.38763
9.26 127.672 1.38222
9.27 128.095 1.37687
9.28 128.519 1.37155
9.29 128.944 1.36628
9.3 129.37 1.36105
9.31 129.797 1.35587
9.32 130.226 1.35072
9.33 130.655 1.34563
9.34 131.086 1.34057
9.35 131.518 1.33555
9.36 131.951 1.33058
9.37 132.386 1.32565
9.38 132.821 1.32076
9.39 133.258 1.31591
9.4 133.696 1.3111
9.41 134.135 1.30633
9.42 134.575 1.3016
9.43 135.016 1.29692
9.44 135.458 1.29227
9.45 135.902 1.28766
9.46 136.347 1.28309
9.47 136.793 1.27856
9.48 137.24 1.27407
9.49 137.689 1.26961
9.5 138.138 1.2652
9.51 138.589 1.26082
9.52 139.041 1.25648
9.53 139.494 1.25218
9.54 139.948 1.24792
9.55 140.404 1.24369
9.56 140.86 1.2395
9.57 141.318 1.23535
9.58 141.777 1.23123
9.59 142.237 1.22715
9.6 142.699 1.22311
9.61 143.161 1.2191
9.62 143.625 1.21512
9.63 144.09 1.21119
9.64 144.556 1.20728
9.65 145.024 1.20342
9.66 145.492 1.19958
9.67 145.962 1.19579
9.68 146.433 1.19202
9.69 146.905 1.18829
9.7 147.378 1.1846
9.71 147.853 1.18094
9.72 148.329 1.17731
9.73 148.806 1.17372
9.74 149.284 1.17016
9.75 149.763 1.16663
9.76 150.244 1.16313
9.77 150.725 1.15967
9.78 151.208 1.15624
9.79 151.692 1.15285
9.8 152.178 1.14948
9.81 152.664 1.14615
9.82 153.152 1.14285
9.83 153.641 1.13958
9.84 154.131 1.13634
9.85 154.622 1.13314
9.86 155.115 1.12996
9.87 155.609 1.12682
9.88 156.104 1.12371
9.89 156.6 1.12063
9.9 157.097 1.11758
9.91 157.596 1.11456
9.92 158.095 1.11157
9.93 158.596 1.10861
9.94 159.099 1.10568
9.95 159.602 1.10278
9.96 160.107 1.09991
9.97 160.612 1.09707
9.98 161.119 1.09426
9.99 161.628 1.09148
10 162.137 1.08872
10.01 162.648 1.086
10.02 163.16 1.08331
10.03 163.673 1.08064
10.04 164.187 1.078
10.05 164.702 1.0754
10.06 165.219 1.07282
10.07 165.737 1.07027
10.08 166.256 1.06774
10.09 166.777 1.06525
10.1 167.298 1.06278
10.11 167.821 1.06034
10.12 168.345 1.05793
10.13 168.87 1.05555
10.14 169.396 1.05319
10.15 169.924 1.05086
10.16 170.453 1.04856
10.17 170.983 1.04629
10.18 171.514 1.04404
10.19 172.046 1.04182
10.2 172.58 1.03962
10.21 173.115 1.03746
10.22 173.651 1.03532
10.23 174.188 1.03321
10.24 174.726 1.03112
10.25 175.266 1.02906
10.26 175.807 1.02702
10.27 176.349 1.02502
10.28 176.892 1.02303
10.29 177.437 1.02108
10.3 177.982 1.01915
10.31 178.529 1.01725
10.32 179.077 1.01537
10.33 179.627 1.01352
10.34 180.177 1.01169
10.35 180.729 1.00989
10.36 181.282 1.00811
10.37 181.836 1.00636
10.38 182.391 1.00464
10.39 182.948 1.00294
10.4 183.505 1.00126
10.41 184.064 0.999613
10.42 184.624 0.997989
10.43 185.186 0.99639
10.44 185.748 0.994815
10.45 186.312 0.993266
10.46 186.877 0.991741
10.47 187.443 0.990241
10.48 188.01 0.988766
10.49 188.579 0.987315
10.5 189.148 0.985889
10.51 189.719 0.984488
10.52 190.291 0.98311
10.53 190.864 0.981758
10.54 191.439 0.980429
10.55 192.014 0.979125
10.56 192.591 0.977846
10.57 193.169 0.97659
10.58 193.748 0.975359
10.59 194.329 0.974152
10.6 194.91 0.972968
10.61 195.493 0.971809
10.62 196.077 0.970674
10.63 196.662 0.969563
10.64 197.248 0.968476
10.65 197.835 0.967413
10.66 198.424 0.966374
10.67 199.014 0.965359
10.68 199.605 0.964367
10.69 200.197 0.963399
10.7 200.79 0.962455
10.71 201.384 0.961535
10.72 201.98 0.960639
10.73 202.577 0.959766
10.74 203.175 0.958917
10.75 203.774 0.958092
10.76 204.374 0.95729
10.77 204.975 0.956512
10.78 205.578 0.955758
10.79 206.182 0.955027
10.8 206.787 0.95432
10.81 207.393 0.953637
10.82 208 0.952977
10.83 208.608 0.952341
10.84 209.218 0.951728
10.85 209.828 0.951139
10.86 210.44 0.950573
10.87 211.053 0.950032
10.88 211.667 0.949513
10.89 212.282 0.949019
10.9 212.898 0.948548
10.91 213.516 0.948101
10.92 214.134 0.947677
10.93 214.754 0.947277
10.94 215.375 0.9469
10.95 215.997 0.946548
10.96 216.62 0.946219
10.97 217.244 0.945913
10.98 217.87 0.945632
10.99 218.496 0.945374
11 219.124 0.94514
11.01 219.752 0.94493
11.02 220.382 0.944743
11.03 221.013 0.944581
11.04 221.645 0.944442
11.05 222.278 0.944327
11.06 222.912 0.944236
11.07 223.548 0.944169
11.08 224.184 0.944127
11.09 224.822 0.944108
11.1 225.46 0.944113
11.11 226.1 0.944143
11.12 226.741 0.944196
11.13 227.383 0.944274
11.14 228.026 0.944376
11.15 228.67 0.944503
11.16 229.315 0.944654
11.17 229.961 0.944829
11.18 230.608 0.945029
11.19 231.257 0.945253
11.2 231.906 0.945502
11.21 232.557 0.945775
11.22 233.208 0.946073
11.23 233.861 0.946397
11.24 234.514 0.946744
11.25 235.169 0.947117
11.26 235.825 0.947515
11.27 236.482 0.947938
11.28 237.14 0.948386
11.29 237.799 0.948859
11.3 238.458 0.949357
11.31 239.119 0.949881
11.32 239.781 0.95043
11.33 240.445 0.951005
11.34 241.109 0.951605
11.35 241.774 0.952231
11.36 242.44 0.952883
11.37 243.107 0.953561
11.38 243.775 0.954264
11.39 244.444 0.954994
11.4 245.114 0.95575
11.41 245.786 0.956532
11.42 246.458 0.957341
11.43 247.131 0.958175
11.44 247.805 0.959037
11.45 248.48 0.959925
11.46 249.157 0.96084
11.47 249.834 0.961782
11.48 250.512 0.962751
11.49 251.191 0.963747
11.5 251.871 0.96477
11.51 252.552 0.965821
11.52 253.234 0.966899
11.53 253.917 0.968005
11.54 254.601 0.969139
11.55 255.286 0.9703
11.56 255.972 0.97149
11.57 256.659 0.972707
11.58 257.346 0.973953
11.59 258.035 0.975228
11.6 258.725 0.97653
11.61 259.415 0.977862
11.62 260.107 0.979223
11.63 260.799 0.980612
11.64 261.493 0.982031
11.65 262.187 0.983479
11.66 262.882 0.984957
11.67 263.578 0.986464
11.68 264.275 0.988002
11.69 264.973 0.989569
11.7 265.672 0.991166
11.71 266.371 0.992794
11.72 267.072 0.994452
11.73 267.773 0.996141
11.74 268.476 0.997861
11.75 269.179 0.999612
11.76 269.883 1.00139
11.77 270.588 1.00321
11.78 271.294 1.00505
11.79 272.001 1.00693
11.8 272.708 1.00884
11.81 273.417 1.01078
11.82 274.126 1.01275
11.83 274.836 1.01476
11.84 275.547 1.0168
11.85 276.259 1.01887
11.86 276.971 1.02098
11.87 277.685 1.02312
11.88 278.399 1.02529
11.89 279.114 1.0275
11.9 279.83 1.02974
11.91 280.547 1.03201
11.92 281.264 1.03432
11.93 281.982 1.03667
11.94 282.701 1.03905
11.95 283.421 1.04147
11.96 284.142 1.04392
11.97 284.863 1.04641
11.98 285.585 1.04893
11.99 286.308 1.05149
12 287.032 1.05409
12.01 287.757 1.05672
12.02 288.482 1.05939
12.03 289.208 1.0621
12.04 289.934 1.06485
12.05 290.662 1.06763
12.06 291.39 1.07046
12.07 292.119 1.07332
12.08 292.849 1.07622
12.09 293.579 1.07916
12.1 294.31 1.08214
12.11 295.042 1.08516
12.12 295.774 1.08822
12.13 296.507 1.09132
12.14 297.241 1.09446
12.15 297.976 1.09765
12.16 298.711 1.10087
12.17 299.447 1.10414
12.18 300.183 1.10745
12.19 300.921 1.1108
12.2 301.658 1.11419
12.21 302.397 1.11763
12.22 303.136 1.12111
12.23 303.876 1.12464
12.24 304.616 1.12821
12.25 305.357 1.13183
12.26 306.099 1.13549
12.27 306.842 1.13919
12.28 307.584 1.14295
12.29 308.328 1.14675
12.3 309.072 1.15059
12.31 309.817 1.15448
12.32 310.562 1.15842
12.33 311.308 1.16241
12.34 312.055 1.16645
12.35 312.802 1.17054
12.36 313.549 1.17467
12.37 314.297 1.17886
12.38 315.046 1.18309
12.39 315.795 1.18738
12.4 316.545 1.19172
12.41 317.296 1.19611
12.42 318.046 1.20055
12.43 318.798 1.20505
12.44 319.55 1.20959
12.45 320.302 1.2142
12.46 321.055 1.21885
12.47 321.809 1.22356
12.48 322.563 1.22833
12.49 323.317 1.23315
12.5 324.072 1.23803
12.51 324.827 1.24296
12.52 325.583 1.24795
12.53 326.339 1.253
12.54 327.096 1.25811
12.55 327.853 1.26328
12.56 328.611 1.26851
12.57 329.369 1.27379
12.58 330.127 1.27914
12.59 330.886 1.28455
12.6 331.646 1.29002
12.61 332.405 1.29556
12.62 333.165 1.30116
12.63 333.926 1.30682
12.64 334.687 1.31254
12.65 335.448 1.31834
12.66 336.21 1.32419
12.67 336.972 1.33012
12.68 337.734 1.33611
12.69 338.497 1.34217
12.7 339.26 1.3483
12.71 340.024 1.35449
12.72 340.787 1.36076
12.73 341.551 1.3671
12.74 342.316 1.37351
12.75 343.08 1.37999
12.76 343.845 1.38654
12.77 344.611 1.39317
12.78 345.376 1.39987
12.79 346.142 1.40665
12.8 346.908 1.41351
12.81 347.675 1.42044
12.82 348.442 1.42745
12.83 349.208 1.43453
12.84 349.976 1.4417
12.85 350.743 1.44895
12.86 351.511 1.45628
12.87 352.279 1.46369
12.88 353.047 1.47118
12.89 353.815 1.47876
12.9 354.584 1.48642
12.91 355.352 1.49417
12.92 356.121 1.502
12.93 356.89 1.50992
12.94 357.659 1.51793
12.95 358.429 1.52603
12.96 359.198 1.53422
12.97 359.968 1.54251
12.98 360.738 1.55088
12.99 361.508 1.55935
13 362.278 1.56791
13.01 363.048 1.57657
13.02 363.819 1.58532
13.03 364.589 1.59417
13.04 365.36 1.60312
13.05 366.13 1.61217
13.06 366.901 1.62133
13.07 367.672 1.63058
13.08 368.442 1.63994
13.09 369.213 1.6494
13.1 369.984 1.65897
13.11 370.755 1.66864
13.12 371.526 1.67842
13.13 372.297 1.68832
13.14 373.068 1.69832
13.15 373.839 1.70843
13.16 374.61 1.71866
13.17 375.381 1.729
13.18 376.152 1.73946
13.19 376.923 1.75004
13.2 377.694 1.76073
13.21 378.465 1.77155
13.22 379.236 1.78248
13.23 380.007 1.79354
13.24 380.777 1.80473
13.25 381.548 1.81603
13.26 382.319 1.82747
13.27 383.089 1.83903
13.28 383.859 1.85073
13.29 384.63 1.86255
13.3 385.4 1.87451
13.31 386.17 1.88661
13.32 386.939 1.89884
13.33 387.709 1.91121
13.34 388.479 1.92372
13.35 389.248 1.93637
13.36 390.017 1.94916
13.37 390.786 1.9621
13.38 391.555 1.97519
13.39 392.324 1.98842
13.4 393.092 2.0018
13.41 393.86 2.01534
13.42 394.628 2.02903
13.43 395.396 2.04287
13.44 396.163 2.05688
13.45 396.93 2.07104
13.46 397.697 2.08536
13.47 398.464 2.09985
13.48 399.23 2.1145
13.49 399.997 2.12932
13.5 400.762 2.14431
13.51 401.528 2.15948
13.52 402.293 2.17481
13.53 403.058 2.19032
13.54 403.822 2.20601
13.55 404.586 2.22188
13.56 405.35 2.23794
13.57 406.113 2.25417
13.58 406.876 2.2706
13.59 407.639 2.28721
13.6 408.401 2.30402
13.61 409.163 2.32102
13.62 409.924 2.33821
13.63 410.685 2.35561
13.64 411.446 2.37321
13.65 412.206 2.39101
13.66 412.966 2.40902
13.67 413.725 2.42723
13.68 414.483 2.44566
13.69 415.242 2.46431
13.7 415.999 2.48317
13.71 416.756 2.50225
13.72 417.513 2.52156
13.73 418.269 2.54109
13.74 419.025 2.56085
13.75 419.78 2.58084
13.76 420.534 2.60106
13.77 421.288 2.62153
13.78 422.041 2.64223
13.79 422.794 2.66318
13.8 423.546 2.68437
13.81 424.297 2.70582
13.82 425.048 2.72751
13.83 425.798 2.74947
13.84 426.548 2.77168
13.85 427.297 2.79416
13.86 428.045 2.8169
13.87 428.792 2.83992
13.88 429.539 2.8632
13.89 430.285 2.88677
13.9 431.031 2.91061
13.91 431.775 2.93474
13.92 432.519 2.95916
13.93 433.262 2.98387
13.94 434.005 3.00888
13.95 434.746 3.03418
13.96 435.487 3.05979
13.97 436.227 3.08571
13.98 436.966 3.11193
13.99 437.704 3.13848
14 438.442 3.16534
14.01 439.179 3.19253
14.02 439.914 3.22004
14.03 440.649 3.24789
14.04 441.383 3.27608
14.05 442.117 3.30461
14.06 442.849 3.33348
14.07 443.58 3.3627
14.08 444.311 3.39228
14.09 445.04 3.42222
14.1 445.768 3.45253
14.11 446.496 3.4832
14.12 447.222 3.51425
14.13 447.948 3.54568
14.14 448.672 3.57749
14.15 449.396 3.60969
14.16 450.118 3.64229
14.17 450.839 3.67529
14.18 451.56 3.7087
14.19 452.279 3.74251
14.2 452.997 3.77674
14.21 453.714 3.8114
14.22 454.43 3.84648
14.23 455.144 3.882
14.24 455.858 3.91796
14.25 456.57 3.95436
14.26 457.282 3.99122
14.27 457.992 4.02853
14.28 458.7 4.06631
14.29 459.408 4.10456
14.3 460.114 4.14328
14.31 460.819 4.18249
14.32 461.523 4.22219
14.33 462.225 4.26239
14.34 462.927 4.30308
14.35 463.626 4.34429
14.36 464.325 4.38602
14.37 465.022 4.42827
14.38 465.718 4.47105
14.39 466.412 4.51437
14.4 467.105 4.55824
14.41 467.797 4.60266
14.42 468.487 4.64764
14.43 469.176 4.6932
14.44 469.863 4.73932
14.45 470.549 4.78604
14.46 471.233 4.83334
14.47 471.916 4.88125
14.48 472.597 4.92977
14.49 473.277 4.9789
14.5 473.955 5.02866
14.51 474.632 5.07906
14.52 475.306 5.1301
14.53 475.98 5.18179
14.54 476.651 5.23414
14.55 477.321 5.28716
14.56 477.99 5.34087
14.57 478.656 5.39526
14.58 479.321 5.45035
14.59 479.984 5.50616
14.6 480.646 5.56268
14.61 481.306 5.61993
14.62 481.963 5.67791
14.63 482.619 5.73665
14.64 483.274 5.79615
14.65 483.926 5.85641
14.66 484.576 5.91746
14.67 485.225 5.9793
14.68 485.872 6.04194
14.69 486.516 6.1054
14.7 487.159 6.16968
14.71 487.8 6.2348
14.72 488.439 6.30076
14.73 489.076 6.36759
14.74 489.71 6.43529
14.75 490.343 6.50387
14.76 490.974 6.57335
14.77 491.602 6.64374
14.78 492.228 6.71506
14.79 492.853 6.7873
14.8 493.475 6.8605
14.81 494.094 6.93466
14.82 494.712 7.00979
14.83 495.327 7.08591
14.84 495.94 7.16304
14.85 496.551 7.24118
14.86 497.159 7.32035
14.87 497.765 7.40056
14.88 498.369 7.48184
14.89 498.97 7.56419
14.9 499.569 7.64764
14.91 500.165 7.73218
14.92 500.759 7.81785
14.93 501.351 7.90466
14.94 501.94 7.99261
14.95 502.526 8.08174
14.96 503.11 8.17205
14.97 503.691 8.26356
14.98 504.269 8.35629
14.99 504.845 8.45026
15 505.418 8.54548
15.01 505.988 8.64197
15.02 506.556 8.73975
15.03 507.12 8.83883
15.04 507.682 8.93924
15.05 508.241 9.041
15.06 508.798 9.14411
15.07 509.351 9.24861
15.08 509.901 9.35451
15.09 510.448 9.46183
15.1 510.993 9.57058
15.11 511.534 9.6808
15.12 512.072 9.7925
15.13 512.607 9.9057
15.14 513.139 10.0204
15.15 513.668 10.1367
15.16 514.193 10.2545
15.17 514.716 10.3739
15.18 515.235 10.495
15.19 515.75 10.6176
15.2 516.263 10.7419
15.21 516.771 10.8679
15.22 517.277 10.9956
15.23 517.779 11.125
15.24 518.277 11.2562
15.25 518.772 11.3891
15.26 519.264 11.5239
15.27 519.751 11.6604
15.28 520.235 11.7988
15.29 520.716 11.9391
15.3 521.192 12.0813
15.31 521.665 12.2254
15.32 522.134 12.3715
15.33 522.599 12.5195
15.34 523.06 12.6695
15.35 523.517 12.8216
15.36 523.971 12.9757
15.37 524.42 13.132
15.38 524.865 13.2903
15.39 525.306 13.4508
15.4 525.743 13.6135
15.41 526.175 13.7783
15.42 526.603 13.9454
15.43 527.027 14.1148
15.44 527.447 14.2865
15.45 527.862 14.4605
15.46 528.273 14.6369
15.47 528.679 14.8156
15.48 529.081 14.9968
15.49 529.478 15.1805
15.5 529.87 15.3666
15.51 530.257 15.5553
15.52 530.64 15.7465
15.53 531.018 15.9403
15.54 531.391 16.1367
15.55 531.76 16.3358
15.56 532.123 16.5376
15.57 532.481 16.7422
15.58 532.834 16.9495
15.59 533.182 17.1596
15.6 533.525 17.3726
15.61 533.862 17.5884
15.62 534.194 17.8072
15.63 534.521 18.0289
15.64 534.843 18.2536
15.65 535.158 18.4813
15.66 535.469 18.7122
15.67 535.773 18.9461
15.68 536.072 19.1832
15.69 536.365 19.4235
15.7 536.653 19.6671
15.71 536.934 19.9139
15.72 537.21 20.164
15.73 537.479 20.4175
15.74 537.743 20.6744
15.75 538 20.9348
15.76 538.251 21.1987
15.77 538.496 21.4661
15.78 538.735 21.737
15.79 538.967 22.0117
15.8 539.193 22.2899
15.81 539.412 22.5719
15.82 539.624 22.8577
15.83 539.83 23.1473
15.84 540.029 23.4407
15.85 540.221 23.7381
15.86 540.406 24.0393
15.87 540.585 24.3446
15.88 540.756 24.654
15.89 540.92 24.9674
15.9 541.077 25.285
15.91 541.226 25.6068
15.92 541.369 25.9328
15.93 541.503 26.2632
15.94 541.631 26.5978
15.95 541.75 26.9369
15.96 541.862 27.2804
15.97 541.966 27.6285
15.98 542.063 27.981
15.99 542.151 28.3382
16 542.232 28.7001
16.01 542.304 29.0666
16.02 542.368 29.4379
16.03 542.424 29.814
16.04 542.471 30.195
16.05 542.511 30.5809
16.06 542.541 30.9718
16.07 542.563 31.3677
16.08 542.576 31.7687
16.09 542.581 32.1749
16.1 542.576 32.5862
16.11 542.563 33.0028
16.12 542.541 33.4247
16.13 542.509 33.8519
16.14 542.468 34.2845
16.15 542.418 34.7227
16.16 542.359 35.1663
16.17 542.29 35.6155
16.18 542.211 36.0703
16.19 542.123 36.5309
16.2 542.025 36.9971
16.21 541.917 37.4692
16.22 541.799 37.9471
16.23 541.671 38.431
16.24 541.533 38.9207
16.25 541.384 39.4165
16.26 541.226 39.9184
16.27 541.057 40.4264
16.28 540.877 40.9406
16.29 540.687 41.461
16.3 540.486 41.9877
16.31 540.274 42.5208
16.32 540.051 43.0602
16.33 539.817 43.6061
16.34 539.572 44.1584
16.35 539.316 44.7174
16.36 539.049 45.2829
16.37 538.77 45.8551
16.38 538.48 46.4339
16.39 538.178 47.0196
16.4 537.864 47.612
16.41 537.539 48.2113
16.42 537.202 48.8174
16.43 536.853 49.4305
16.44 536.492 50.0507
16.45 536.118 50.6778
16.46 535.733 51.312
16.47 535.335 51.9533
16.48 534.925 52.6019
16.49 534.502 53.2576
16.5 534.066 53.9205
16.51 533.618 54.5908
16.52 533.157 55.2684
16.53 532.684 55.9533
16.54 532.197 56.6456
16.55 531.697 57.3454
16.56 531.184 58.0527
16.57 530.658 58.7674
16.58 530.119 59.4897
16.59 529.566 60.2195
16.6 529 60.957
16.61 528.42 61.702
16.62 527.826 62.4547
16.63 527.219 63.2151
16.64 526.598 63.9831
16.65 525.963 64.7588
16.66 525.315 65.5423
16.67 524.652 66.3335
16.68 523.975 67.1325
16.69 523.284 67.9392
16.7 522.579 68.7537
16.71 521.859 69.576
16.72 521.126 70.406
16.73 520.377 71.2439
16.74 519.615 72.0895
16.75 518.838 72.943
16.76 518.046 73.8042
16.77 517.24 74.6732
16.78 516.419 75.55
16.79 515.583 76.4345
16.8 514.732 77.3268
16.81 513.867 78.2268
16.82 512.987 79.1346
16.83 512.092 80.05
16.84 511.182 80.9731
16.85 510.257 81.9038
16.86 509.317 82.8422
16.87 508.362 83.7881
16.88 507.392 84.7416
16.89 506.407 85.7025
16.9 505.406 86.6709
16.91 504.391 87.6467
16.92 503.361 88.6299
16.93 502.315 89.6204
16.94 501.255 90.6181
16.95 500.179 91.6231
16.96 499.088 92.6351
16.97 497.982 93.6543
16.98 496.861 94.6804
16.99 495.725 95.7134
17 494.574 96.7533
17.01 493.407 97.8
17.02 492.226 98.8533
17.03 491.03 99.9132
17.04 489.818 100.98
17.05 488.592 102.053
17.06 487.351 103.132
17.07 486.095 104.217
17.08 484.824 105.308
17.09 483.538 106.406
17.1 482.238 107.509
17.11 480.923 108.618
17.12 479.594 109.733
17.13 478.25 110.853
17.14 476.891 111.979
17.15 475.518 113.11
17.16 474.131 114.246
17.17 472.73 115.387
17.18 471.315 116.532
17.19 469.885 117.683
17.2 468.442 118.838
17.21 466.985 119.997
17.22 465.514 121.161
17.23 464.03 122.328
17.24 462.532 123.5
17.25 461.021 124.675
17.26 459.497 125.854
17.27 457.96 127.036
17.28 456.409 128.221
17.29 454.846 129.41
17.3 453.27 130.601
17.31 451.682 131.795
17.32 450.081 132.991
17.33 448.468 134.189
17.34 446.843 135.39
17.35 445.207 136.592
17.36 443.558 137.796
17.37 441.898 139.001
17.38 440.227 140.208
17.39 438.544 141.415
17.4 436.851 142.624
17.41 435.146 143.833
17.42 433.431 145.042
17.43 431.706 146.251
17.44 429.97 147.46
17.45 428.225 148.669
17.46 426.469 149.877
17.47 424.704 151.084
17.48 422.93 152.291
17.49 421.146 153.496
17.5 419.354 154.699
17.51 417.553 155.901
17.52 415.743 157.101
17.53 413.925 158.298
17.54 412.099 159.493
17.55 410.266 160.685
17.56 408.425 161.875
17.57 406.576 163.061
17.58 404.721 164.243
17.59 402.858 165.422
17.6 400.989 166.597
17.61 399.114 167.767
17.62 397.233 168.934
17.63 395.345 170.095
17.64 393.453 171.252
17.65 391.555 172.403
17.66 389.652 173.549
17.67 387.744 174.689
17.68 385.832 175.823
17.69 383.915 176.951
17.7 381.994 178.072
17.71 380.07 179.187
17.72 378.142 180.295
17.73 376.211 181.396
17.74 374.277 182.489
17.75 372.34 183.575
17.76 370.401 184.653
17.77 368.46 185.723
17.78 366.517 186.785
17.79 364.572 187.838
17.8 362.626 188.882
17.81 360.679 189.917
17.82 358.731 190.943
17.83 356.782 191.96
17.84 354.833 192.967
17.85 352.884 193.964
17.86 350.935 194.951
17.87 348.987 195.928
17.88 347.039 196.895
17.89 345.093 197.85
17.9 343.147 198.795
17.91 341.203 199.729
17.92 339.261 200.652
17.93 337.32 201.563
17.94 335.382 202.463
17.95 333.446 203.351
17.96 331.513 204.227
17.97 329.583 205.091
17.98 327.656 205.943
17.99 325.733 206.783
18 323.813 207.61
18.01 321.897 208.424
18.02 319.985 209.225
18.03 318.077 210.014
18.04 316.174 210.789
18.05 314.275 211.551
18.06 312.381 212.3
18.07 310.493 213.035
18.08 308.61 213.757
18.09 306.732 214.465
18.1 304.86 215.159
18.11 302.994 215.839
18.12 301.134 216.506
18.13 299.281 217.158
18.14 297.433 217.796
18.15 295.593 218.42
18.16 293.759 219.03
18.17 291.933 219.625
18.18 290.113 220.206
18.19 288.301 220.772
18.2 286.497 221.324
18.21 284.7 221.861
18.22 282.911 222.383
18.23 281.13 222.891
18.24 279.357 223.384
18.25 277.592 223.862
18.26 275.836 224.326
18.27 274.088 224.775
18.28 272.348 225.209
18.29 270.618 225.628
18.3 268.896 226.032
18.31 267.184 226.421
18.32 265.48 226.796
18.33 263.786 227.156
18.34 262.101 227.501
18.35 260.426 227.831
18.36 258.76 228.147
18.37 257.103 228.447
18.38 255.457 228.733
18.39 253.82 229.005
18.4 252.193 229.261
18.41 250.576 229.503
18.42 248.969 229.731
18.43 247.372 229.944
18.44 245.786 230.143
18.45 244.209 230.327
18.46 242.643 230.497
18.47 241.087 230.652
18.48 239.542 230.793
18.49 238.007 230.921
18.5 236.483 231.034
18.51 234.969 231.133
18.52 233.466 231.218
18.53 231.973 231.289
18.54 230.491 231.347
18.55 229.02 231.391
18.56 227.559 231.422
18.57 226.11 231.439
18.58 224.671 231.442
18.59 223.242 231.432
18.6 221.825 231.41
18.61 220.418 231.374
18.62 219.022 231.325
18.63 217.638 231.263
18.64 216.263 231.189
18.65 214.9 231.102
18.66 213.548 231.002
18.67 212.206 230.89
18.68 210.875 230.766
18.69 209.555 230.629
18.7 208.246 230.481
18.71 206.948 230.32
18.72 205.66 230.148
18.73 204.384 229.964
18.74 203.118 229.769
18.75 201.862 229.562
18.76 200.618 229.344
18.77 199.384 229.115
18.78 198.161 228.875
18.79 196.948 228.623
18.8 195.746 228.362
18.81 194.555 228.089
18.82 193.374 227.806
18.83 192.204 227.513
18.84 191.044 227.209
18.85 189.895 226.896
18.86 188.756 226.572
18.87 187.627 226.239
18.88 186.509 225.896
18.89 185.401 225.543
18.9 184.303 225.181
18.91 183.215 224.81
18.92 182.138 224.43
18.93 181.071 224.041
18.94 180.013 223.642
18.95 178.966 223.236
18.96 177.929 222.82
18.97 176.901 222.397
18.98 175.883 221.965
18.99 174.876 221.525
19 173.877 221.076
19.01 172.889 220.62
19.02 171.91 220.157
19.03 170.941 219.685
19.04 169.981 219.207
19.05 169.031 218.721
19.06 168.09 218.227
19.07 167.159 217.727
19.08 166.236 217.22
19.09 165.323 216.706
19.1 164.42 216.185
19.11 163.525 215.658
19.12 162.639 215.125
19.13 161.762 214.585
19.14 160.895 214.039
19.15 160.036 213.487
19.16 159.185 212.93
19.17 158.344 212.366
19.18 157.511 211.797
19.19 156.687 211.223
19.2 155.872 210.643
19.21 155.064 210.058
19.22 154.266 209.468
19.23 153.475 208.873
19.24 152.693 208.273
19.25 151.92 207.668
19.26 151.154 207.059
19.27 150.397 206.445
19.28 149.647 205.827
19.29 148.906 205.204
19.3 148.172 204.577
19.31 147.447 203.947
19.32 146.729 203.312
19.33 146.019 202.674
19.34 145.316 202.032
19.35 144.621 201.386
19.36 143.934 200.737
19.37 143.254 200.084
19.38 142.582 199.428
19.39 141.917 198.769
19.4 141.259 198.107
19.41 140.608 197.442
19.42 139.965 196.774
19.43 139.329 196.103
19.44 138.7 195.43
19.45 138.078 194.754
19.46 137.462 194.076
19.47 136.854 193.395
19.48 136.252 192.712
19.49 135.658 192.027
19.5 135.07 191.34
19.51 134.488 190.65
19.52 133.914 189.959
19.53 133.345 189.266
19.54 132.783 188.572
19.55 132.228 187.875
19.56 131.679 187.177
19.57 131.136 186.478
19.58 130.6 185.777
19.59 130.069 185.075
19.6 129.545 184.371
19.61 129.027 183.667
19.62 128.515 182.961
19.63 128.009 182.255
19.64 127.509 181.547
19.65 127.015 180.839
19.66 126.526 180.13
19.67 126.044 179.42
19.68 125.567 178.709
19.69 125.095 177.998
19.7 124.629 177.287
19.71 124.169 176.575
19.72 123.715 175.862
19.73 123.265 175.15
19.74 122.822 174.437
19.75 122.383 173.724
19.76 121.95 173.011
19.77 121.522 172.298
19.78 121.099 171.584
19.79 120.682 170.871
19.8 120.27 170.158
19.81 119.862 169.446
19.82 119.46 168.733
19.83 119.063 168.021
19.84 118.67 167.309
19.85 118.283 166.598
19.86 117.9 165.887
19.87 117.522 165.177
19.88 117.149 164.467
19.89 116.781 163.758
19.9 116.417 163.049
19.91 116.058 162.341
19.92 115.704 161.634
19.93 115.354 160.928
19.94 115.008 160.223
19.95 114.667 159.518
19.96 114.331 158.815
19.97 113.999 158.112
19.98 113.671 157.411
19.99 113.347 156.71
20 113.028 156.011
20.01 112.713 155.313
20.02 112.402 154.616
20.03 112.096 153.92
20.04 111.793 153.225
20.05 111.495 152.532
20.06 111.2 151.84
20.07 110.91 151.15
20.08 110.623 150.461
20.09 110.341 149.773
20.1 110.062 149.087
20.11 109.788 148.402
20.12 109.517 147.719
20.13 109.249 147.038
20.14 108.986 146.358
20.15 108.727 145.679
20.16 108.471 145.003
20.17 108.218 144.327
20.18 107.97 143.654
20.19 107.725 142.983
20.2 107.483 142.313
20.21 107.245 141.645
20.22 107.011 140.978
20.23 106.78 140.314
20.24 106.552 139.651
20.25 106.328 138.991
20.26 106.108 138.332
20.27 105.89 137.675
20.28 105.676 137.02
20.29 105.466 136.367
20.3 105.258 135.716
20.31 105.054 135.067
20.32 104.853 134.42
20.33 104.656 133.775
20.34 104.461 133.132
20.35 104.27 132.491
20.36 104.081 131.852
20.37 103.896 131.216
20.38 103.714 130.581
20.39 103.535 129.949
20.4 103.359 129.318
20.41 103.185 128.69
20.42 103.015 128.064
20.43 102.848 127.44
20.44 102.684 126.819
20.45 102.522 126.199
20.46 102.364 125.582
20.47 102.208 124.967
20.48 102.055 124.355
20.49 101.905 123.744
20.5 101.758 123.136
20.51 101.613 122.53
20.52 101.471 121.927
20.53 101.332 121.325
20.54 101.196 120.726
20.55 101.062 120.13
20.56 100.931 119.535
20.57 100.802 118.943
20.58 100.676 118.353
20.59 100.553 117.766
20.6 100.432 117.181
20.61 100.314 116.598
20.62 100.199 116.018
20.63 100.085 115.44
20.64 99.9747 114.864
20.65 99.8666 114.291
20.66 99.7608 113.72
20.67 99.6575 113.152
20.68 99.5566 112.586
20.69 99.4582 112.022
20.7 99.3621 111.461
20.71 99.2683 110.902
20.72 99.1769 110.345
20.73 99.0879 109.791
20.74 99.0011 109.239
20.75 98.9167 108.69
20.76 98.8345 108.143
20.77 98.7546 107.598
20.78 98.677 107.056
20.79 98.6015 106.516
20.8 98.5283 105.979
20.81 98.4573 105.444
20.82 98.3885 104.912
20.83 98.3219 104.381
20.84 98.2574 103.854
20.85 98.195 103.328
20.86 98.1348 102.805
20.87 98.0767 102.285
20.88 98.0207 101.767
20.89 97.9668 101.251
20.9 97.9149 100.738
20.91 97.8651 100.227
20.92 97.8173 99.7185
20.93 97.7716 99.2124
20.94 97.7279 98.7087
20.95 97.6862 98.2074
20.96 97.6465 97.7085
20.97 97.6087 97.2119
20.98 97.573 96.7178
20.99 97.5392 96.226
21 97.5073 95.7365
21.01 97.4773 95.2495
21.02 97.4493 94.7648
21.03 97.4232 94.2825
21.04 97.3989 93.8026
21.05 97.3766 93.325
21.06 97.3561 92.8497
21.07 97.3375 92.3768
21.08 97.3207 91.9063
21.09 97.3058 91.4381
21.1 97.2927 90.9722
21.11 97.2814 90.5086
21.12 97.2719 90.0474
21.13 97.2642 89.5885
21.14 97.2583 89.1319
21.15 97.2542 88.6776
21.16 97.2518 88.2257
21.17 97.2512 87.776
21.18 97.2524 87.3286
21.19 97.2552 86.8835
21.2 97.2598 86.4407
21.21 97.2661 86.0001
21.22 97.2741 85.5619
21.23 97.2839 85.1259
21.24 97.2953 84.6921
21.25 97.3083 84.2606
21.26 97.3231 83.8314
21.27 97.3395 83.4044
21.28 97.3576 82.9796
21.29 97.3773 82.557
21.3 97.3986 82.1367
21.31 97.4216 81.7185
21.32 97.4462 81.3026
21.33 97.4724 80.8889
21.34 97.5002 80.4774
21.35 97.5296 80.068
21.36 97.5606 79.6609
21.37 97.5932 79.2559
21.38 97.6273 78.8531
21.39 97.663 78.4524
21.4 97.7003 78.0539
21.41 97.7391 77.6575
21.42 97.7795 77.2632
21.43 97.8213 76.8711
21.44 97.8648 76.4811
21.45 97.9097 76.0932
21.46 97.9562 75.7075
21.47 98.0041 75.3238
21.48 98.0536 74.9422
21.49 98.1045 74.5627
21.5 98.157 74.1853
21.51 98.2109 73.8099
21.52 98.2663 73.4366
21.53 98.3231 73.0653
21.54 98.3815 72.6961
21.55 98.4413 72.329
21.56 98.5025 71.9638
21.57 98.5652 71.6007
21.58 98.6293 71.2396
21.59 98.6948 70.8805
21.6 98.7618 70.5234
21.61 98.8302 70.1683
21.62 98.9 69.8151
21.63 98.9712 69.464
21.64 99.0438 69.1148
21.65 99.1178 68.7675
21.66 99.1932 68.4222
21.67 99.27 68.0789
21.68 99.3481 67.7375
21.69 99.4277 67.398
21.7 99.5086 67.0604
21.71 99.5909 66.7247
21.72 99.6745 66.391
21.73 99.7595 66.0591
21.74 99.8459 65.7291
21.75 99.9336 65.401
21.76 100.023 65.0748
21.77 100.113 64.7504
21.78 100.205 64.4278
21.79 100.298 64.1071
21.8 100.392 63.7883
21.81 100.488 63.4713
21.82 100.585 63.156
21.83 100.683 62.8426
21.84 100.783 62.531
21.85 100.884 62.2212
21.86 100.986 61.9132
21.87 101.089 61.607
21.88 101.194 61.3025
21.89 101.3 60.9998
21.9 101.408 60.6989
21.91 101.516 60.3997
21.92 101.626 60.1022
21.93 101.737 59.8065
21.94 101.85 59.5124
21.95 101.963 59.2201
21.96 102.078 58.9295
21.97 102.195 58.6406
21.98 102.312 58.3534
21.99 102.431 58.0679
22 102.551 57.784
22.01 102.672 57.5018
22.02 102.794 57.2213
22.03 102.918 56.9424
22.04 103.043 56.6652
22.05 103.169 56.3896
22.06 103.297 56.1156
22.07 103.425 55.8432
22.08 103.555 55.5724
22.09 103.686 55.3033
22.1 103.818 55.0357
22.11 103.952 54.7697
22.12 104.086 54.5053
22.13 104.222 54.2425
22.14 104.359 53.9812
22.15 104.497 53.7215
22.16 104.637 53.4633
22.17 104.777 53.2067
22.18 104.919 52.9516
22.19 105.062 52.698
22.2 105.206 52.446
22.21 105.352 52.1954
22.22 105.498 51.9463
22.23 105.646 51.6988
22.24 105.795 51.4527
22.25 105.945 51.2081
22.26 106.096 50.965
22.27 106.249 50.7233
22.28 106.402 50.4831
22.29 106.557 50.2443
22.3 106.713 50.007
22.31 106.87 49.7711
22.32 107.028 49.5367
22.33 107.187 49.3036
22.34 107.348 49.072
22.35 107.51 48.8417
22.36 107.672 48.6129
22.37 107.836 48.3854
22.38 108.001 48.1594
22.39 108.168 47.9347
22.4 108.335 47.7113
22.41 108.503 47.4894
22.42 108.673 47.2687
22.43 108.844 47.0495
22.44 109.016 46.8315
22.45 109.189 46.6149
22.46 109.363 46.3996
22.47 109.538 46.1857
22.48 109.714 45.973
22.49 109.892 45.7617
22.5 110.07 45.5516
22.51 110.25 45.3429
22.52 110.431 45.1354
22.53 110.613 44.9292
22.54 110.796 44.7242
22.55 110.98 44.5205
22.56 111.165 44.3181
22.57 111.352 44.1169
22.58 111.539 43.917
22.59 111.728 43.7183
22.6 111.917 43.5208
22.61 112.108 43.3246
22.62 112.3 43.1296
22.63 112.493 42.9357
22.64 112.687 42.7431
22.65 112.882 42.5517
22.66 113.078 42.3614
22.67 113.276 42.1724
22.68 113.474 41.9845
22.69 113.673 41.7978
22.7 113.874 41.6123
22.71 114.076 41.4279
22.72 114.278 41.2446
22.73 114.482 41.0625
22.74 114.687 40.8816
22.75 114.893 40.7017
22.76 115.1 40.523
22.77 115.308 40.3455
22.78 115.517 40.169
22.79 115.728 39.9936
22.8 115.939 39.8194
22.81 116.152 39.6462
22.82 116.365 39.4741
22.83 116.58 39.3032
22.84 116.795 39.1332
22.85 117.012 38.9644
22.86 117.23 38.7966
22.87 117.448 38.6299
22.88 117.668 38.4642
22.89 117.889 38.2996
22.9 118.111 38.1361
22.91 118.334 37.9735
22.92 118.558 37.812
22.93 118.784 37.6515
22.94 119.01 37.4921
22.95 119.237 37.3336
22.96 119.465 37.1762
22.97 119.695 37.0198
22.98 119.925 36.8643
22.99 120.157 36.7099
23 120.389 36.5564
23.01 120.623 36.4039
23.02 120.857 36.2524
23.03 121.093 36.1019
23.04 121.33 35.9523
23.05 121.567 35.8037
23.06 121.806 35.6561
23.07 122.046 35.5094
23.08 122.287 35.3636
23.09 122.529 35.2188
23.1 122.772 35.0749
23.11 123.016 34.9319
23.12 123.261 34.7899
23.13 123.507 34.6488
23.14 123.754 34.5086
23.15 124.002 34.3693
23.16 124.251 34.2309
23.17 124.502 34.0934
23.18 124.753 33.9568
23.19 125.005 33.821
23.2 125.258 33.6862
23.21 125.513 33.5522
23.22 125.768 33.4192
23.23 126.024 33.2869
23.24 126.282 33.1556
23.25 126.54 33.0251
23.26 126.8 32.8954
23.27 127.06 32.7667
23.28 127.322 32.6387
23.29 127.584 32.5116
23.3 127.848 32.3853
23.31 128.112 32.2599
23.32 128.378 32.1353
23.33 128.644 32.0115
23.34 128.912 31.8885
23.35 129.181 31.7664
23.36 129.45 31.645
23.37 129.721 31.5245
23.38 129.993 31.4047
23.39 130.265 31.2858
23.4 130.539 31.1676
23.41 130.814 31.0503
23.42 131.09 30.9337
23.43 131.366 30.8179
23.44 131.644 30.7028
23.45 131.923 30.5885
23.46 132.203 30.475
23.47 132.483 30.3623
23.48 132.765 30.2503
23.49 133.048 30.1391
23.5 133.332 30.0286
23.51 133.616 29.9189
23.52 133.902 29.8099
23.53 134.189 29.7016
23.54 134.477 29.5941
23.55 134.766 29.4873
23.56 135.055 29.3812
23.57 135.346 29.2759
23.58 135.638 29.1713
23.59 135.931 29.0673
23.6 136.225 28.9641
23.61 136.519 28.8616
23.62 136.815 28.7598
23.63 137.112 28.6587
23.64 137.41 28.5583
23.65 137.708 28.4586
23.66 138.008 28.3596
23.67 138.309 28.2613
23.68 138.611 28.1636
23.69 138.913 28.0666
23.7 139.217 27.9703
23.71 139.522 27.8747
23.72 139.827 27.7797
23.73 140.134 27.6854
23.74 140.442 27.5917
23.75 140.75 27.4987
23.76 141.06 27.4064
23.77 141.371 27.3147
23.78 141.682 27.2236
23.79 141.995 27.1332
23.8 142.308 27.0435
23.81 142.623 26.9543
23.82 142.938 26.8658
23.83 143.255 26.778
23.84 143.572 26.6907
23.85 143.891 26.6041
23.86 144.21 26.5181
23.87 144.531 26.4327
23.88 144.852 26.3479
23.89 145.174 26.2638
23.9 145.498 26.1802
23.91 145.822 26.0972
23.92 146.147 26.0149
23.93 146.473 25.9331
23.94 146.8 25.852
23.95 147.128 25.7714
23.96 147.458 25.6914
23.97 147.788 25.612
23.98 148.119 25.5332
23.99 148.451 25.455
24 148.784 25.3773
24.01 149.117 25.3003
24.02 149.452 25.2237
24.03 149.788 25.1478
24.04 150.125 25.0724
24.05 150.463 24.9976
24.06 150.801 24.9234
24.07 151.141 24.8497
24.08 151.482 24.7765
24.09 151.823 24.704
24.1 152.166 24.6319
24.11 152.509 24.5604
24.12 152.853 24.4895
24.13 153.199 24.4191
24.14 153.545 24.3492
24.15 153.892 24.2799
24.16 154.24 24.2111
24.17 154.59 24.1428
24.18 154.94 24.0751
24.19 155.291 24.0079
24.2 155.643 23.9412
24.21 155.995 23.8751
24.22 156.349 23.8094
24.23 156.704 23.7443
24.24 157.06 23.6797
24.25 157.416 23.6156
24.26 157.774 23.552
24.27 158.132 23.4889
24.28 158.492 23.4263
24.29 158.852 23.3643
24.3 159.213 23.3027
24.31 159.575 23.2416
24.32 159.938 23.1811
24.33 160.302 23.121
24.34 160.667 23.0614
24.35 161.033 23.0023
24.36 161.4 22.9437
24.37 161.768 22.8855
24.38 162.136 22.8279
24.39 162.506 22.7707
24.4 162.876 22.7141
24.41 163.247 22.6579
24.42 163.62 22.6021
24.43 163.993 22.5469
24.44 164.367 22.4921
24.45 164.742 22.4378
24.46 165.118 22.3839
24.47 165.495 22.3305
24.48 165.872 22.2776
24.49 166.251 22.2252
24.5 166.63 22.1732
24.51 167.011 22.1216
24.52 167.392 22.0705
24.53 167.774 22.0199
24.54 168.157 21.9697
24.55 168.541 21.92
24.56 168.926 21.8707
24.57 169.311 21.8219
24.58 169.698 21.7735
24.59 170.085 21.7256
24.6 170.474 21.6781
24.61 170.863 21.631
24.62 171.253 21.5844
24.63 171.644 21.5382
24.64 172.036 21.4924
24.65 172.428 21.4471
24.66 172.822 21.4022
24.67 173.216 21.3578
24.68 173.612 21.3138
24.69 174.008 21.2702
24.7 174.405 21.227
24.71 174.803 21.1842
24.72 175.202 21.1419
24.73 175.601 21.1
24.74 176.002 21.0585
24.75 176.403 21.0175
24.76 176.805 20.9768
24.77 177.208 20.9366
24.78 177.612 20.8968
24.79 178.017 20.8574
24.8 178.422 20.8184
24.81 178.828 20.7798
24.82 179.236 20.7416
24.83 179.644 20.7038
24.84 180.052 20.6665
24.85 180.462 20.6295
24.86 180.873 20.593
24.87 181.284 20.5568
24.88 181.696 20.5211
24.89 182.109 20.4857
24.9 182.523 20.4508
24.91 182.938 20.4162
24.92 183.353 20.3821
24.93 183.769 20.3483
24.94 184.186 20.315
24.95 184.604 20.282
24.96 185.023 20.2494
24.97 185.442 20.2172
24.98 185.863 20.1855
24.99 186.284 20.154
25 186.705 20.123
25.01 187.128 20.0924
25.02 187.552 20.0622
25.03 187.976 20.0323
25.04 188.401 20.0028
25.05 188.827 19.9737
25.06 189.253 19.945
25.07 189.68 19.9167
25.08 190.108 19.8887
25.09 190.537 19.8612
25.1 190.967 19.834
25.11 191.397 19.8072
25.12 191.829 19.7807
25.13 192.26 19.7547
25.14 192.693 19.729
25.15 193.127 19.7037
25.16 193.561 19.6788
25.17 193.996 19.6542
25.18 194.431 19.63
25.19 194.868 19.6062
25.2 195.305 19.5827
25.21 195.743 19.5597
25.22 196.181 19.537
25.23 196.621 19.5146
25.24 197.061 19.4927
25.25 197.502 19.4711
25.26 197.943 19.4498
25.27 198.385 19.429
25.28 198.828 19.4085
25.29 199.272 19.3883
25.3 199.716 19.3685
25.31 200.161 19.3491
25.32 200.607 19.3301
25.33 201.054 19.3114
25.34 201.501 19.2931
25.35 201.949 19.2751
25.36 202.397 19.2576
25.37 202.846 19.2403
25.38 203.296 19.2235
25.39 203.747 19.2069
25.4 204.198 19.1908
25.41 204.65 19.175
25.42 205.102 19.1596
25.43 205.556 19.1445
25.44 206.009 19.1298
25.45 206.464 19.1155
25.46 206.919 19.1015
25.47 207.375 19.0878
25.48 207.831 19.0745
25.49 208.289 19.0616
25.5 208.746 19.0491
25.51 209.205 19.0369
25.52 209.664 19.025
25.53 210.123 19.0135
25.54 210.583 19.0024
25.55 211.044 18.9916
25.56 211.506 18.9812
25.57 211.968 18.9711
25.58 212.431 18.9614
25.59 212.894 18.952
25.6 213.358 18.943
25.61 213.822 18.9344
25.62 214.287 18.9261
25.63 214.753 18.9182
25.64 215.219 18.9106
25.65 215.686 18.9034
25.66 216.153 18.8965
25.67 216.621 18.89
25.68 217.089 18.8838
25.69 217.558 18.8781
25.7 218.028 18.8726
25.71 218.498 18.8675
25.72 218.969 18.8628
25.73 219.44 18.8584
25.74 219.912 18.8544
25.75 220.384 18.8507
25.76 220.857 18.8474
25.77 221.33 18.8445
25.78 221.804 18.8419
25.79 222.278 18.8397
25.8 222.753 18.8378
25.81 223.228 18.8363
25.82 223.704 18.8351
25.83 224.18 18.8343
25.84 224.657 18.8339
25.85 225.134 18.8338
25.86 225.612 18.8341
25.87 226.09 18.8348
25.88 226.569 18.8358
25.89 227.048 18.8371
25.9 227.528 18.8388
25.91 228.008 18.8409
25.92 228.488 18.8434
25.93 228.969 18.8462
25.94 229.451 18.8494
25.95 229.932 18.8529
25.96 230.415 18.8568
25.97 230.897 18.8611
25.98 231.38 18.8657
25.99 231.864 18.8707
26 232.347 18.8761
26.01 232.832 18.8818
26.02 233.316 18.8879
26.03 233.801 18.8944
26.04 234.287 18.9012
26.05 234.772 18.9084
26.06 235.259 18.916
26.07 235.745 18.9239
26.08 236.232 18.9322
26.09 236.719 18.9409
26.1 237.207 18.95
26.11 237.694 18.9594
26.12 238.183 18.9693
26.13 238.671 18.9794
26.14 239.16 18.99
26.15 239.649 19.001
26.16 240.139 19.0123
26.17 240.628 19.024
26.18 241.118 19.0361
26.19 241.609 19.0485
26.2 242.099 19.0614
26.21 242.59 19.0746
26.22 243.081 19.0882
26.23 243.573 19.1022
26.24 244.064 19.1166
26.25 244.556 19.1314
26.26 245.048 19.1465
26.27 245.541 19.1621
26.28 246.033 19.178
26.29 246.526 19.1943
26.3 247.019 19.2111
26.31 247.513 19.2282
26.32 248.006 19.2457
26.33 248.5 19.2636
26.34 248.994 19.2819
26.35 249.488 19.3006
26.36 249.982 19.3197
26.37 250.476 19.3392
26.38 250.971 19.3591
26.39 251.465 19.3795
26.4 251.96 19.4002
26.41 252.455 19.4213
26.42 252.95 19.4428
26.43 253.446 19.4648
26.44 253.941 19.4871
26.45 254.436 19.5099
26.46 254.932 19.5331
26.47 255.427 19.5567
26.48 255.923 19.5807
26.49 256.419 19.6051
26.5 256.915 19.63
26.51 257.411 19.6552
26.52 257.907 19.6809
26.53 258.403 19.707
26.54 258.899 19.7336
26.55 259.395 19.7606
26.56 259.891 19.788
26.57 260.387 19.8158
26.58 260.883 19.8441
26.59 261.38 19.8728
26.6 261.876 19.9019
26.61 262.372 19.9315
26.62 262.868 19.9615
26.63 263.364 19.9919
26.64 263.86 20.0228
26.65 264.356 20.0542
26.66 264.852 20.086
26.67 265.348 20.1182
26.68 265.844 20.1509
26.69 266.339 20.1841
26.7 266.835 20.2177
26.71 267.33 20.2517
26.72 267.826 20.2863
26.73 268.321 20.3212
26.74 268.816 20.3567
26.75 269.311 20.3926
26.76 269.806 20.429
26.77 270.301 20.4658
26.78 270.795 20.5031
26.79 271.29 20.5409
26.8 271.784 20.5792
26.81 272.278 20.618
26.82 272.771 20.6572
26.83 273.265 20.6969
26.84 273.758 20.7371
26.85 274.252 20.7778
26.86 274.744 20.819
26.87 275.237 20.8606
26.88 275.729 20.9028
26.89 276.222 20.9455
26.9 276.713 20.9886
26.91 277.205 21.0323
26.92 277.696 21.0765
26.93 278.187 21.1212
26.94 278.678 21.1664
26.95 279.168 21.2121
26.96 279.658 21.2583
26.97 280.148 21.305
26.98 280.637 21.3523
26.99 281.126 21.4001
27 281.614 21.4484
27.01 282.102 21.4972
27.02 282.59 21.5466
27.03 283.077 21.5965
27.04 283.564 21.6469
27.05 284.051 21.6979
27.06 284.537 21.7494
27.07 285.022 21.8015
27.08 285.507 21.8541
27.09 285.992 21.9073
27.1 286.476 21.961
27.11 286.96 22.0153
27.12 287.443 22.0701
27.13 287.926 22.1255
27.14 288.408 22.1815
27.15 288.889 22.238
27.16 289.37 22.2952
27.17 289.851 22.3529
27.18 290.331 22.4111
27.19 290.81 22.47
27.2 291.289 22.5294
27.21 291.767 22.5895
27.22 292.244 22.6501
27.23 292.721 22.7113
27.24 293.197 22.7731
27.25 293.673 22.8356
27.26 294.148 22.8986
27.27 294.622 22.9622
27.28 295.096 23.0265
27.29 295.568 23.0914
27.3 296.041 23.1568
27.31 296.512 23.223
27.32 296.983 23.2897
27.33 297.452 23.3571
27.34 297.922 23.4251
27.35 298.39 23.4937
27.36 298.858 23.563
27.37 299.324 23.633
27.38 299.79 23.7035
27.39 300.255 23.7748
27.4 300.72 23.8467
27.41 301.183 23.9192
27.42 301.646 23.9925
27.43 302.107 24.0664
27.44 302.568 24.1409
27.45 303.028 24.2162
27.46 303.487 24.2921
27.47 303.945 24.3687
27.48 304.402 24.446
27.49 304.858 24.524
27.5 305.314 24.6027
27.51 305.768 24.6821
27.52 306.221 24.7621
27.53 306.673 24.843
27.54 307.125 24.9245
27.55 307.575 25.0067
27.56 308.024 25.0897
27.57 308.472 25.1734
27.58 308.919 25.2578
27.59 309.365 25.3429
27.6 309.809 25.4288
27.61 310.253 25.5154
27.62 310.696 25.6028
27.63 311.137 25.691
27.64 311.577 25.7799
27.65 312.016 25.8695
27.66 312.454 25.96
27.67 312.891 26.0512
27.68 313.326 26.1431
27.69 313.76 26.2359
27.7 314.193 26.3294
27.71 314.625 26.4238
27.72 315.055 26.5189
27.73 315.484 26.6148
27.74 315.912 26.7115
27.75 316.338 26.8091
27.76 316.763 26.9074
27.77 317.187 27.0066
27.78 317.61 27.1066
27.79 318.031 27.2074
27.8 318.45 27.3091
27.81 318.868 27.4116
27.82 319.285 27.515
27.83 319.7 27.6192
27.84 320.114 27.7242
27.85 320.527 27.8301
27.86 320.937 27.9369
27.87 321.347 28.0445
27.88 321.755 28.153
27.89 322.161 28.2624
27.9 322.566 28.3727
27.91 322.969 28.4839
27.92 323.37 28.596
27.93 323.77 28.7089
27.94 324.169 28.8228
27.95 324.565 28.9376
27.96 324.96 29.0533
27.97 325.354 29.1699
27.98 325.745 29.2875
27.99 326.135 29.406
28 326.524 29.5254
28.01 326.91 29.6458
28.02 327.295 29.7671
28.03 327.678 29.8894
28.04 328.059 30.0126
28.05 328.438 30.1368
28.06 328.816 30.262
28.07 329.192 30.3882
28.08 329.565 30.5153
28.09 329.937 30.6435
28.1 330.308 30.7726
28.11 330.676 30.9027
28.12 331.042 31.0338
28.13 331.406 31.166
28.14 331.769 31.2991
28.15 332.129 31.4333
28.16 332.487 31.5685
28.17 332.844 31.7048
28.18 333.198 31.8421
28.19 333.55 31.9804
28.2 333.901 32.1198
28.21 334.249 32.2602
28.22 334.595 32.4017
28.23 334.939 32.5443
28.24 335.28 32.688
28.25 335.62 32.8327
28.26 335.957 32.9785
28.27 336.292 33.1254
28.28 336.625 33.2735
28.29 336.956 33.4226
28.3 337.285 33.5728
28.31 337.611 33.7242
28.32 337.935 33.8766
28.33 338.257 34.0302
28.34 338.576 34.185
28.35 338.893 34.3408
28.36 339.208 34.4979
28.37 339.52 34.656
28.38 339.83 34.8154
28.39 340.137 34.9759
28.4 340.442 35.1375
28.41 340.745 35.3004
28.42 341.045 35.4644
28.43 341.342 35.6296
28.44 341.637 35.796
28.45 341.93 35.9636
28.46 342.22 36.1324
28.47 342.507 36.3025
28.48 342.792 36.4737
28.49 343.074 36.6462
28.5 343.354 36.8199
28.51 343.631 36.9948
28.52 343.905 37.171
28.53 344.177 37.3484
28.54 344.446 37.527
28.55 344.712 37.707
28.56 344.975 37.8882
28.57 345.236 38.0706
28.58 345.494 38.2544
28.59 345.749 38.4394
28.6 346.001 38.6257
28.61 346.25 38.8133
28.62 346.497 39.0022
28.63 346.741 39.1924
28.64 346.982 39.3839
28.65 347.219 39.5767
28.66 347.454 39.7708
28.67 347.686 39.9663
28.68 347.915 40.1631
28.69 348.141 40.3613
28.7 348.364 40.5607
28.71 348.584 40.7616
28.72 348.801 40.9637
28.73 349.015 41.1673
28.74 349.226 41.3722
28.75 349.433 41.5784
28.76 349.638 41.7861
28.77 349.839 41.9951
28.78 350.037 42.2055
28.79 350.232 42.4173
28.8 350.424 42.6304
28.81 350.613 42.845
28.82 350.798 43.061
28.83 350.98 43.2784
28.84 351.159 43.4972
28.85 351.334 43.7174
28.86 351.506 43.939
28.87 351.675 44.1621
28.88 351.84 44.3865
28.89 352.002 44.6125
28.9 352.161 44.8398
28.91 352.316 45.0686
28.92 352.468 45.2989
28.93 352.616 45.5305
28.94 352.761 45.7637
28.95 352.903 45.9983
28.96 353.04 46.2344
28.97 353.175 46.4719
28.98 353.305 46.7109
28.99 353.433 46.9513
29 353.556 47.1933
29.01 353.676 47.4367
29.02 353.793 47.6816
29.03 353.905 47.928
29.04 354.014 48.1759
29.05 354.12 48.4252
29.06 354.221 48.6761
29.07 354.319 48.9284
29.08 354.414 49.1823
29.09 354.504 49.4376
29.1 354.591 49.6944
29.11 354.674 49.9528
29.12 354.753 50.2127
29.13 354.828 50.474
29.14 354.9 50.7369
29.15 354.967 51.0013
29.16 355.031 51.2672
29.17 355.091 51.5346
29.18 355.147 51.8035
29.19 355.199 52.0739
29.2 355.247 52.3459
29.21 355.291 52.6194
29.22 355.332 52.8944
29.23 355.368 53.1709
29.24 355.4 53.4489
29.25 355.428 53.7285
29.26 355.453 54.0095
29.27 355.473 54.2921
29.28 355.489 54.5762
29.29 355.501 54.8618
29.3 355.509 55.149
29.31 355.512 55.4376
29.32 355.512 55.7278
29.33 355.508 56.0195
29.34 355.499 56.3127
29.35 355.486 56.6074
29.36 355.469 56.9036
29.37 355.448 57.2013
29.38 355.423 57.5005
29.39 355.394 57.8013
29.4 355.36 58.1035
29.41 355.322 58.4072
29.42 355.28 58.7124
29.43 355.233 59.0191
29.44 355.182 59.3273
29.45 355.127 59.637
29.46 355.068 59.9482
29.47 355.004 60.2608
29.48 354.936 60.5749
29.49 354.864 60.8905
29.5 354.787 61.2075
29.51 354.706 61.526
29.52 354.621 61.8459
29.53 354.531 62.1673
29.54 354.437 62.4901
29.55 354.338 62.8144
29.56 354.235 63.1401
29.57 354.128 63.4672
29.58 354.016 63.7957
29.59 353.9 64.1256
29.6 353.78 64.4569
29.61 353.654 64.7897
29.62 353.525 65.1238
29.63 353.391 65.4593
29.64 353.253 65.7961
29.65 353.11 66.1343
29.66 352.962 66.4739
29.67 352.811 66.8148
29.68 352.654 67.1571
29.69 352.494 67.5007
29.7 352.328 67.8456
29.71 352.159 68.1918
29.72 351.984 68.5392
29.73 351.805 68.888
29.74 351.622 69.2381
29.75 351.434 69.5894
29.76 351.242 69.9419
29.77 351.045 70.2957
29.78 350.844 70.6508
29.79 350.638 71.007
29.8 350.428 71.3645
29.81 350.213 71.7231
29.82 349.994 72.0829
29.83 349.77 72.4439
29.84 349.541 72.806
29.85 349.308 73.1693
29.86 349.071 73.5337
29.87 348.829 73.8991
29.88 348.582 74.2657
29.89 348.331 74.6334
29.9 348.076 75.0021
29.91 347.816 75.3718
29.92 347.551 75.7426
29.93 347.283 76.1144
29.94 347.009 76.4872
29.95 346.731 76.861
29.96 346.449 77.2357
29.97 346.162 77.6114
29.98 345.87 77.988
29.99 345.575 78.3655
30 345.274 78.7439
30.01 344.97 79.1232
30.02 344.66 79.5033
30.03 344.347 79.8842
30.04 344.029 80.266
30.05 343.706 80.6485
30.06 343.38 81.0319
30.07 343.048 81.4159
30.08 342.713 81.8007
30.09 342.373 82.1862
30.1 342.028 82.5724
30.11 341.68 82.9593
30.12 341.327 83.3468
30.13 340.97 83.7349
30.14 340.608 84.1237
30.15 340.242 84.5129
30.16 339.872 84.9028
30.17 339.497 85.2932
30.18 339.119 85.6841
30.19 338.736 86.0754
30.2 338.349 86.4672
30.21 337.957 86.8595
30.22 337.562 87.2521
30.23 337.162 87.6452
30.24 336.758 88.0386
30.25 336.35 88.4323
30.26 335.938 88.8263
30.27 335.522 89.2206
30.28 335.102 89.6152
30.29 334.677 90.01
30.3 334.249 90.4049
30.31 333.817 90.8001
30.32 333.381 91.1954
30.33 332.94 91.5908
30.34 332.496 91.9863
30.35 332.048 92.3818
30.36 331.596 92.7774
30.37 331.14 93.173
30.38 330.68 93.5685
30.39 330.217 93.964
30.4 329.749 94.3594
30.41 329.278 94.7547
30.42 328.803 95.1499
30.43 328.325 95.5449
30.44 327.842 95.9397
30.45 327.356 96.3342
30.46 326.867 96.7285
30.47 326.373 97.1225
30.48 325.877 97.5161
30.49 325.376 97.9094
30.5 324.872 98.3023
30.51 324.365 98.6948
30.52 323.854 99.0869
30.53 323.34 99.4784
30.54 322.822 99.8695
30.55 322.301 100.26
30.56 321.777 100.65
30.57 321.249 101.039
30.58 320.718 101.428
30.59 320.184 101.816
30.6 319.646 102.203
30.61 319.106 102.59
30.62 318.562 102.975
30.63 318.015 103.36
30.64 317.465 103.745
30.65 316.912 104.128
30.66 316.356 104.51
30.67 315.797 104.892
30.68 315.235 105.272
30.69 314.67 105.652
30.7 314.103 106.03
30.71 313.532 106.407
30.72 312.959 106.784
30.73 312.383 107.159
30.74 311.804 107.533
30.75 311.223 107.906
30.76 310.639 108.277
30.77 310.052 108.647
30.78 309.463 109.016
30.79 308.871 109.384
30.8 308.277 109.75
30.81 307.681 110.115
30.82 307.082 110.479
30.83 306.48 110.841
30.84 305.876 111.201
30.85 305.27 111.56
30.86 304.662 111.917
30.87 304.052 112.273
30.88 303.439 112.627
30.89 302.825 112.98
30.9 302.208 113.331
30.91 301.589 113.68
30.92 300.968 114.027
30.93 300.345 114.373
30.94 299.721 114.717
30.95 299.094 115.059
30.96 298.466 115.399
30.97 297.836 115.737
30.98 297.204 116.073
30.99 296.57 116.407
31 295.935 116.74
31.01 295.298 117.07
31.02 294.66 117.398
31.03 294.02 117.724
31.04 293.379 118.048
31.05 292.736 118.37
31.06 292.091 118.689
31.07 291.446 119.007
31.08 290.799 119.322
31.09 290.151 119.635
31.1 289.501 119.946
31.11 288.851 120.254
31.12 288.199 120.56
31.13 287.546 120.863
31.14 286.892 121.165
31.15 286.237 121.463
31.16 285.581 121.76
31.17 284.925 122.053
31.18 284.267 122.345
31.19 283.608 122.633
31.2 282.949 122.92
31.21 282.289 123.203
31.22 281.628 123.484
31.23 280.967 123.763
31.24 280.305 124.038
31.25 279.642 124.312
31.26 278.979 124.582
31.27 278.315 124.849
31.28 277.651 125.114
31.29 276.986 125.376
31.3 276.321 125.636
31.31 275.656 125.892
31.32 274.991 126.146
31.33 274.325 126.397
31.34 273.659 126.645
31.35 272.993 126.89
31.36 272.326 127.132
31.37 271.66 127.371
31.38 270.993 127.607
31.39 270.327 127.841
31.4 269.661 128.071
31.41 268.994 128.298
31.42 268.328 128.522
31.43 267.662 128.744
31.44 266.996 128.962
31.45 266.33 129.177
31.46 265.665 129.389
31.47 265 129.598
31.48 264.335 129.804
31.49 263.671 130.006
31.5 263.007 130.206
31.51 262.344 130.402
31.52 261.681 130.595
31.53 261.019 130.785
31.54 260.357 130.972
31.55 259.696 131.156
31.56 259.035 131.336
31.57 258.375 131.513
31.58 257.716 131.687
31.59 257.058 131.858
31.6 256.4 132.026
31.61 255.744 132.19
31.62 255.088 132.351
31.63 254.433 132.508
31.64 253.779 132.663
31.65 253.126 132.814
31.66 252.473 132.962
31.67 251.822 133.106
31.68 251.172 133.247
31.69 250.523 133.385
31.7 249.876 133.52
31.71 249.229 133.651
31.72 248.584 133.779
31.73 247.939 133.903
31.74 247.296 134.024
31.75 246.655 134.142
31.76 246.014 134.257
31.77 245.375 134.368
31.78 244.738 134.476
31.79 244.101 134.58
31.8 243.466 134.681
31.81 242.833 134.779
31.82 242.201 134.874
31.83 241.571 134.965
31.84 240.942 135.053
31.85 240.315 135.137
31.86 239.689 135.218
31.87 239.065 135.296
31.88 238.442 135.37
31.89 237.821 135.441
31.9 237.202 135.509
31.91 236.585 135.574
31.92 235.969 135.635
31.93 235.356 135.693
31.94 234.743 135.747
31.95 234.133 135.799
31.96 233.525 135.847
31.97 232.918 135.891
31.98 232.313 135.933
31.99 231.711 135.971
32 231.11 136.006
32.01 230.511 136.037
32.02 229.914 136.066
32.03 229.319 136.091
32.04 228.726 136.113
32.05 228.135 136.131
32.06 227.546 136.147
32.07 226.959 136.159
32.08 226.374 136.168
32.09 225.792 136.174
32.1 225.211 136.177
32.11 224.633 136.176
32.12 224.056 136.173
32.13 223.482 136.166
32.14 222.91 136.156
32.15 222.341 136.143
32.16 221.773 136.127
32.17 221.208 136.108
32.18 220.645 136.086
32.19 220.084 136.061
32.2 219.526 136.032
32.21 218.969 136.001
32.22 218.415 135.967
32.23 217.864 135.93
32.24 217.315 135.889
32.25 216.768 135.846
32.26 216.223 135.8
32.27 215.681 135.751
32.28 215.141 135.699
32.29 214.604 135.644
32.3 214.069 135.586
32.31 213.536 135.525
32.32 213.006 135.462
32.33 212.478 135.395
32.34 211.953 135.326
32.35 211.43 135.254
32.36 210.909 135.179
32.37 210.391 135.101
32.38 209.876 135.021
32.39 209.363 134.938
32.4 208.852 134.852
32.41 208.344 134.764
32.42 207.839 134.673
32.43 207.336 134.579
32.44 206.835 134.483
32.45 206.337 134.384
32.46 205.842 134.282
32.47 205.349 134.178
32.48 204.859 134.071
32.49 204.371 133.962
32.5 203.886 133.85
32.51 203.403 133.736
32.52 202.923 133.619
32.53 202.446 133.5
32.54 201.971 133.378
32.55 201.499 133.254
32.56 201.029 133.128
32.57 200.562 132.999
32.58 200.097 132.868
32.59 199.635 132.734
32.6 199.176 132.598
32.61 198.719 132.46
32.62 198.265 132.32
32.63 197.813 132.177
32.64 197.364 132.032
32.65 196.918 131.885
32.66 196.474 131.736
32.67 196.033 131.585
32.68 195.595 131.431
32.69 195.159 131.275
32.7 194.726 131.118
32.71 194.295 130.958
32.72 193.867 130.796
32.73 193.441 130.632
32.74 193.019 130.466
32.75 192.598 130.298
32.76 192.181 130.128
32.77 191.766 129.957
32.78 191.354 129.783
32.79 190.944 129.607
32.8 190.537 129.43
32.81 190.132 129.25
32.82 189.73 129.069
32.83 189.331 128.886
32.84 188.934 128.702
32.85 188.54 128.515
32.86 188.149 128.327
32.87 187.76 128.137
32.88 187.374 127.945
32.89 186.99 127.752
32.9 186.609 127.556
32.91 186.23 127.36
32.92 185.854 127.161
32.93 185.481 126.962
32.94 185.11 126.76
32.95 184.742 126.557
32.96 184.376 126.352
32.97 184.013 126.146
32.98 183.653 125.939
32.99 183.295 125.73
33 182.94 125.519
33.01 182.587 125.308
33.02 182.237 125.094
33.03 181.889 124.88
33.04 181.544 124.664
33.05 181.201 124.446
33.06 180.861 124.227
33.07 180.523 124.008
33.08 180.188 123.786
33.09 179.856 123.564
33.1 179.526 123.34
33.11 179.198 123.115
33.12 178.873 122.889
33.13 178.551 122.662
33.14 178.231 122.433
33.15 177.913 122.204
33.16 177.598 121.973
33.17 177.286 121.741
33.18 176.976 121.508
33.19 176.668 121.274
33.2 176.363 121.039
33.21 176.06 120.803
33.22 175.76 120.566
33.23 175.462 120.328
33.24 175.167 120.089
33.25 174.874 119.85
33.26 174.583 119.609
33.27 174.295 119.367
33.28 174.009 119.125
33.29 173.726 118.881
33.3 173.445 118.637
33.31 173.167 118.392
33.32 172.89 118.146
33.33 172.617 117.899
33.34 172.345 117.652
33.35 172.076 117.404
33.36 171.81 117.155
33.37 171.545 116.905
33.38 171.283 116.655
33.39 171.024 116.404
33.4 170.766 116.152
33.41 170.511 115.9
33.42 170.259 115.647
33.43 170.008 115.394
33.44 169.76 115.139
33.45 169.515 114.885
33.46 169.271 114.629
33.47 169.03 114.374
33.48 168.791 114.117
33.49 168.554 113.861
33.5 168.32 113.603
33.51 168.088 113.345
33.52 167.858 113.087
33.53 167.63 112.828
33.54 167.405 112.569
33.55 167.182 112.31
33.56 166.961 112.05
33.57 166.742 111.79
33.58 166.526 111.529
33.59 166.311 111.268
33.6 166.099 111.006
33.61 165.889 110.745
33.62 165.681 110.483
33.63 165.476 110.22
33.64 165.272 109.958
33.65 165.071 109.695
33.66 164.872 109.432
33.67 164.675 109.169
33.68 164.48 108.905
33.69 164.287 108.641
33.7 164.096 108.377
33.71 163.908 108.113
33.72 163.721 107.849
33.73 163.537 107.585
33.74 163.354 107.32
33.75 163.174 107.055
33.76 162.996 106.791
33.77 162.82 106.526
33.78 162.646 106.261
33.79 162.474 105.996
33.8 162.304 105.73
33.81 162.136 105.465
33.82 161.97 105.2
33.83 161.806 104.935
33.84 161.645 104.67
33.85 161.485 104.404
33.86 161.327 104.139
33.87 161.171 103.874
33.88 161.017 103.609
33.89 160.865 103.344
33.9 160.715 103.078
33.91 160.567 102.813
33.92 160.421 102.549
33.93 160.277 102.284
33.94 160.135 102.019
33.95 159.995 101.754
33.96 159.857 101.49
33.97 159.721 101.225
33.98 159.586 100.961
33.99 159.454 100.697
34 159.323 100.433
34.01 159.194 100.169
34.02 159.067 99.9058
34.03 158.942 99.6424
34.04 158.819 99.3792
34.05 158.698 99.1162
34.06 158.579 98.8535
34.07 158.461 98.591
34.08 158.345 98.3287
34.09 158.232 98.0666
34.1 158.12 97.8049
34.11 158.009 97.5433
34.12 157.901 97.2821
34.13 157.794 97.0211
34.14 157.69 96.7605
34.15 157.587 96.5001
34.16 157.485 96.24
34.17 157.386 95.9803
34.18 157.288 95.7209
34.19 157.192 95.4618
34.2 157.098 95.203
34.21 157.006 94.9446
34.22 156.915 94.6866
34.23 156.826 94.4289
34.24 156.739 94.1716
34.25 156.654 93.9146
34.26 156.57 93.6581
34.27 156.488 93.4019
34.28 156.408 93.1461
34.29 156.329 92.8908
34.3 156.252 92.6358
34.31 156.177 92.3813
34.32 156.103 92.1272
34.33 156.032 91.8735
34.34 155.961 91.6203
34.35 155.893 91.3675
34.36 155.826 91.1152
34.37 155.761 90.8633
34.38 155.697 90.6119
34.39 155.635 90.3609
34.4 155.575 90.1104
34.41 155.516 89.8604
34.42 155.459 89.6109
34.43 155.404 89.3619
34.44 155.35 89.1134
34.45 155.298 88.8654
34.46 155.247 88.6179
34.47 155.198 88.3709
34.48 155.151 88.1244
34.49 155.105 87.8784
34.5 155.061 87.633
34.51 155.018 87.3881
34.52 154.977 87.1438
34.53 154.937 86.9
34.54 154.899 86.6567
34.55 154.863 86.414
34.56 154.828 86.1718
34.57 154.794 85.9302
34.58 154.762 85.6892
34.59 154.732 85.4487
34.6 154.703 85.2089
34.61 154.676 84.9696
34.62 154.65 84.7308
34.63 154.625 84.4927
34.64 154.602 84.2551
34.65 154.581 84.0182
34.66 154.561 83.7818
34.67 154.543 83.5461
34.68 154.526 83.3109
34.69 154.51 83.0764
34.7 154.496 82.8424
34.71 154.484 82.6091
34.72 154.472 82.3764
34.73 154.463 82.1443
34.74 154.454 81.9129
34.75 154.448 81.682
34.76 154.442 81.4518
34.77 154.438 81.2223
34.78 154.436 80.9933
34.79 154.435 80.765
34.8 154.435 80.5374
34.81 154.437 80.3104
34.82 154.44 80.084
34.83 154.444 79.8583
34.84 154.45 79.6333
34.85 154.457 79.4089
34.86 154.466 79.1851
34.87 154.476 78.9621
34.88 154.487 78.7396
34.89 154.5 78.5179
34.9 154.514 78.2968
34.91 154.529 78.0764
34.92 154.546 77.8566
34.93 154.564 77.6376
34.94 154.584 77.4192
34.95 154.605 77.2014
34.96 154.627 76.9844
34.97 154.65 76.768
34.98 154.675 76.5523
34.99 154.701 76.3373
35 154.729 76.123
35.01 154.757 75.9094
35.02 154.787 75.6965
35.03 154.819 75.4842
35.04 154.851 75.2727
35.05 154.885 75.0618
35.06 154.92 74.8516
35.07 154.957 74.6422
35.08 154.995 74.4334
35.09 155.034 74.2253
35.1 155.074 74.0179
35.11 155.115 73.8112
35.12 155.158 73.6052
35.13 155.202 73.4
35.14 155.248 73.1954
35.15 155.294 72.9915
35.16 155.342 72.7884
35.17 155.391 72.5859
35.18 155.441 72.3842
35.19 155.493 72.1831
35.2 155.546 71.9828
35.21 155.6 71.7831
35.22 155.655 71.5842
35.23 155.711 71.386
35.24 155.769 71.1885
35.25 155.828 70.9917
35.26 155.888 70.7957
35.27 155.949 70.6003
35.28 156.011 70.4057
35.29 156.075 70.2117
35.3 156.139 70.0185
35.31 156.205 69.826
35.32 156.273 69.6342
35.33 156.341 69.4432
35.34 156.41 69.2528
35.35 156.481 69.0632
35.36 156.553 68.8742
35.37 156.626 68.686
35.38 156.7 68.4985
35.39 156.775 68.3117
35.4 156.851 68.1257
35.41 156.929 67.9403
35.42 157.008 67.7557
35.43 157.087 67.5718
35.44 157.168 67.3886
35.45 157.25 67.2061
35.46 157.334 67.0243
35.47 157.418 66.8433
35.48 157.503 66.6629
35.49 157.59 66.4833
35.5 157.678 66.3044
35.51 157.766 66.1262
35.52 157.856 65.9487
35.53 157.947 65.772
35.54 158.039 65.5959
35.55 158.132 65.4206
35.56 158.227 65.2459
35.57 158.322 65.072
35.58 158.418 64.8988
35.59 158.516 64.7263
35.6 158.614 64.5546
35.61 158.714 64.3835
35.62 158.815 64.2132
35.63 158.917 64.0435
35.64 159.019 63.8746
35.65 159.123 63.7064
35.66 159.228 63.5388
35.67 159.334 63.372
35.68 159.441 63.2059
35.69 159.549 63.0405
35.7 159.658 62.8758
35.71 159.768 62.7119
35.72 159.88 62.5486
35.73 159.992 62.386
35.74 160.105 62.2241
35.75 160.219 62.063
35.76 160.335 61.9025
35.77 160.451 61.7427
35.78 160.568 61.5837
35.79 160.687 61.4253
35.8 160.806 61.2676
35.81 160.926 61.1106
35.82 161.048 60.9544
35.83 161.17 60.7988
35.84 161.293 60.6439
35.85 161.418 60.4897
35.86 161.543 60.3362
35.87 161.669 60.1834
35.88 161.797 60.0313
35.89 161.925 59.8799
35.9 162.054 59.7292
35.91 162.184 59.5791
35.92 162.316 59.4298
35.93 162.448 59.2811
35.94 162.581 59.1331
35.95 162.715 58.9858
35.96 162.85 58.8392
35.97 162.986 58.6932
35.98 163.123 58.548
35.99 163.261 58.4034
36 163.4 58.2595
36.01 163.539 58.1163
36.02 163.68 57.9738
36.03 163.822 57.8319
36.04 163.964 57.6907
36.05 164.108 57.5502
36.06 164.252 57.4104
36.07 164.398 57.2712
36.08 164.544 57.1327
36.09 164.691 56.9949
36.1 164.84 56.8577
36.11 164.989 56.7213
36.12 165.139 56.5854
36.13 165.289 56.4503
36.14 165.441 56.3158
36.15 165.594 56.1819
36.16 165.747 56.0488
36.17 165.902 55.9163
36.18 166.057 55.7844
36.19 166.214 55.6532
36.2 166.371 55.5227
36.21 166.529 55.3928
36.22 166.688 55.2636
36.23 166.847 55.135
36.24 167.008 55.0071
36.25 167.17 54.8798
36.26 167.332 54.7532
36.27 167.495 54.6272
36.28 167.66 54.5019
36.29 167.825 54.3772
36.3 167.99 54.2531
36.31 168.157 54.1297
36.32 168.325 54.007
36.33 168.493 53.8849
36.34 168.662 53.7634
36.35 168.833 53.6426
36.36 169.004 53.5224
36.37 169.175 53.4028
36.38 169.348 53.2839
36.39 169.521 53.1656
36.4 169.696 53.0479
36.41 169.871 52.9309
36.42 170.047 52.8145
36.43 170.224 52.6987
36.44 170.401 52.5835
36.45 170.58 52.469
36.46 170.759 52.3551
36.47 170.939 52.2418
36.48 171.12 52.1292
36.49 171.301 52.0171
36.5 171.484 51.9057
36.51 171.667 51.7949
36.52 171.851 51.6847
36.53 172.036 51.5751
36.54 172.222 51.4662
36.55 172.408 51.3578
36.56 172.595 51.2501
36.57 172.783 51.143
36.58 172.972 51.0364
36.59 173.162 50.9305
36.6 173.352 50.8252
36.61 173.543 50.7205
36.62 173.735 50.6164
36.63 173.928 50.5129
36.64 174.121 50.4101
36.65 174.315 50.3078
36.66 174.51 50.2061
36.67 174.706 50.105
36.68 174.902 50.0045
36.69 175.1 49.9046
36.7 175.297 49.8052
36.71 175.496 49.7065
36.72 175.696 49.6084
36.73 175.896 49.5109
36.74 176.097 49.4139
36.75 176.298 49.3175
36.76 176.501 49.2217
36.77 176.704 49.1266
36.78 176.908 49.0319
36.79 177.112 48.9379
36.8 177.317 48.8445
36.81 177.523 48.7516
36.82 177.73 48.6593
36.83 177.937 48.5676
36.84 178.146 48.4764
36.85 178.354 48.3859
36.86 178.564 48.2959
36.87 178.774 48.2065
36.88 178.985 48.1176
36.89 179.197 48.0293
36.9 179.409 47.9416
36.91 179.622 47.8545
36.92 179.836 47.7679
36.93 180.05 47.6819
36.94 180.265 47.5964
36.95 180.481 47.5115
36.96 180.697 47.4272
36.97 180.914 47.3434
36.98 181.132 47.2602
36.99 181.35 47.1776
37 181.57 47.0955
37.01 181.789 47.014
37.02 182.01 46.933
37.03 182.231 46.8525
37.04 182.452 46.7727
37.05 182.675 46.6933
37.06 182.898 46.6146
37.07 183.121 46.5363
37.08 183.346 46.4586
37.09 183.57 46.3815
37.1 183.796 46.3049
37.11 184.022 46.2289
37.12 184.249 46.1534
37.13 184.476 46.0784
37.14 184.704 46.004
37.15 184.933 45.9301
37.16 185.162 45.8568
37.17 185.392 45.784
37.18 185.623 45.7117
37.19 185.854 45.64
37.2 186.086 45.5688
37.21 186.318 45.4981
37.22 186.551 45.428
37.23 186.784 45.3584
37.24 187.018 45.2893
37.25 187.253 45.2207
37.26 187.488 45.1527
37.27 187.724 45.0852
37.28 187.961 45.0183
37.29 188.198 44.9519
37.3 188.435 44.8859
37.31 188.673 44.8206
37.32 188.912 44.7557
37.33 189.151 44.6913
37.34 189.391 44.6275
37.35 189.632 44.5642
37.36 189.873 44.5014
37.37 190.114 44.4392
37.38 190.356 44.3774
37.39 190.599 44.3162
37.4 190.842 44.2554
37.41 191.086 44.1952
37.42 191.33 44.1355
37.43 191.575 44.0763
37.44 191.82 44.0177
37.45 192.066 43.9595
37.46 192.312 43.9018
37.47 192.559 43.8447
37.48 192.807 43.7881
37.49 193.054 43.7319
37.5 193.303 43.6763
37.51 193.552 43.6212
37.52 193.801 43.5666
37.53 194.051 43.5124
37.54 194.302 43.4588
37.55 194.553 43.4057
37.56 194.804 43.3531
37.57 195.056 43.301
37.58 195.308 43.2494
37.59 195.561 43.1982
37.6 195.814 43.1476
37.61 196.068 43.0975
37.62 196.323 43.0479
37.63 196.577 42.9987
37.64 196.833 42.9501
37.65 197.088 42.902
37.66 197.344 42.8543
37.67 197.601 42.8071
37.68 197.858 42.7605
37.69 198.116 42.7143
37.7 198.373 42.6686
37.71 198.632 42.6234
37.72 198.891 42.5787
37.73 199.15 42.5345
37.74 199.41 42.4907
37.75 199.67 42.4475
37.76 199.93 42.4047
37.77 200.191 42.3624
37.78 200.453 42.3206
37.79 200.714 42.2793
37.8 200.977 42.2385
37.81 201.239 42.1981
37.82 201.502 42.1583
37.83 201.766 42.1189
37.84 202.029 42.08
37.85 202.293 42.0416
37.86 202.558 42.0036
37.87 202.823 41.9662
37.88 203.088 41.9292
37.89 203.354 41.8927
37.9 203.62 41.8566
37.91 203.887 41.8211
37.92 204.153 41.786
37.93 204.421 41.7514
37.94 204.688 41.7172
37.95 204.956 41.6836
37.96 205.224 41.6504
37.97 205.493 41.6177
37.98 205.762 41.5855
37.99 206.031 41.5537
38 206.301 41.5224
38.01 206.57 41.4916
38.02 206.841 41.4612
38.03 207.111 41.4313
38.04 207.382 41.4019
38.05 207.653 41.373
38.06 207.925 41.3445
38.07 208.197 41.3165
38.08 208.469 41.289
38.09 208.741 41.2619
38.1 209.014 41.2353
38.11 209.287 41.2092
38.12 209.56 41.1835
38.13 209.834 41.1583
38.14 210.108 41.1336
38.15 210.382 41.1093
38.16 210.656 41.0855
38.17 210.931 41.0621
38.18 211.206 41.0393
38.19 211.481 41.0169
38.2 211.757 40.9949
38.21 212.032 40.9734
38.22 212.308 40.9524
38.23 212.584 40.9318
38.24 212.861 40.9117
38.25 213.138 40.8921
38.26 213.414 40.8729
38.27 213.692 40.8542
38.28 213.969 40.836
38.29 214.247 40.8182
38.3 214.524 40.8009
38.31 214.802 40.784
38.32 215.08 40.7676
38.33 215.359 40.7516
38.34 215.637 40.7362
38.35 215.916 40.7211
38.36 216.195 40.7066
38.37 216.474 40.6925
38.38 216.754 40.6788
38.39 217.033 40.6656
38.4 217.313 40.6529
38.41 217.593 40.6406
38.42 217.873 40.6288
38.43 218.153 40.6175
38.44 218.433 40.6066
38.45 218.714 40.5961
38.46 218.994 40.5861
38.47 219.275 40.5766
38.48 219.556 40.5676
38.49 219.837 40.559
38.5 220.118 40.5508
38.51 220.399 40.5431
38.52 220.68 40.5359
38.53 220.962 40.5291
38.54 221.243 40.5228
38.55 221.525 40.5169
38.56 221.807 40.5115
38.57 222.089 40.5066
38.58 222.371 40.5021
38.59 222.653 40.4981
38.6 222.935 40.4945
38.61 223.217 40.4914
38.62 223.499 40.4887
38.63 223.781 40.4865
38.64 224.064 40.4848
38.65 224.346 40.4835
38.66 224.629 40.4827
38.67 224.911 40.4823
38.68 225.194 40.4824
38.69 225.476 40.4829
38.7 225.759 40.4839
38.71 226.042 40.4854
38.72 226.324 40.4873
38.73 226.607 40.4897
38.74 226.89 40.4925
38.75 227.172 40.4958
38.76 227.455 40.4995
38.77 227.738 40.5037
38.78 228.02 40.5084
38.79 228.303 40.5135
38.8 228.585 40.5191
38.81 228.868 40.5251
38.82 229.151 40.5316
38.83 229.433 40.5386
38.84 229.716 40.546
38.85 229.998 40.5539
38.86 230.28 40.5622
38.87 230.563 40.571
38.88 230.845 40.5803
38.89 231.127 40.59
38.9 231.409 40.6002
38.91 231.691 40.6108
38.92 231.973 40.6219
38.93 232.255 40.6335
38.94 232.537 40.6455
38.95 232.819 40.658
38.96 233.1 40.6709
38.97 233.382 40.6843
38.98 233.663 40.6982
38.99 233.944 40.7125
39 234.225 40.7273
39.01 234.506 40.7426
39.02 234.787 40.7583
39.03 235.068 40.7745
39.04 235.348 40.7912
39.05 235.629 40.8083
39.06 235.909 40.8259
39.07 236.189 40.8439
39.08 236.469 40.8624
39.09 236.748 40.8814
39.1 237.028 40.9008
39.11 237.307 40.9208
39.12 237.586 40.9411
39.13 237.865 40.962
39.14 238.144 40.9833
39.15 238.422 41.0051
39.16 238.701 41.0273
39.17 238.979 41.05
39.18 239.257 41.0732
39.19 239.534 41.0969
39.2 239.812 41.121
39.21 240.089 41.1456
39.22 240.366 41.1707
39.23 240.642 41.1962
39.24 240.919 41.2222
39.25 241.195 41.2487
39.26 241.47 41.2757
39.27 241.746 41.3031
39.28 242.021 41.331
39.29 242.296 41.3594
39.3 242.571 41.3882
39.31 242.845 41.4176
39.32 243.119 41.4474
39.33 243.393 41.4776
39.34 243.666 41.5084
39.35 243.939 41.5396
39.36 244.212 41.5713
39.37 244.484 41.6035
39.38 244.757 41.6362
39.39 245.028 41.6693
39.4 245.3 41.703
39.41 245.571 41.7371
39.42 245.841 41.7716
39.43 246.111 41.8067
39.44 246.381 41.8422
39.45 246.651 41.8783
39.46 246.92 41.9148
39.47 247.188 41.9518
39.48 247.457 41.9892
39.49 247.724 42.0272
39.5 247.992 42.0656
39.51 248.259 42.1046
39.52 248.525 42.144
39.53 248.791 42.1839
39.54 249.057 42.2243
39.55 249.322 42.2652
39.56 249.587 42.3065
39.57 249.851 42.3484
39.58 250.115 42.3907
39.59 250.378 42.4335
39.6 250.641 42.4769
39.61 250.904 42.5207
39.62 251.165 42.565
39.63 251.427 42.6098
39.64 251.688 42.6551
39.65 251.948 42.7008
39.66 252.208 42.7471
39.67 252.467 42.7939
39.68 252.726 42.8412
39.69 252.984 42.8889
39.7 253.242 42.9372
39.71 253.499 42.9859
39.72 253.755 43.0352
39.73 254.011 43.0849
39.74 254.267 43.1352
39.75 254.521 43.1859
39.76 254.776 43.2372
39.77 255.029 43.2889
39.78 255.282 43.3412
39.79 255.535 43.3939
39.8 255.786 43.4472
39.81 256.038 43.5009
39.82 256.288 43.5552
39.83 256.538 43.6099
39.84 256.787 43.6652
39.85 257.036 43.721
39.86 257.284 43.7773
39.87 257.531 43.834
39.88 257.778 43.8913
39.89 258.024 43.9491
39.9 258.269 44.0074
39.91 258.514 44.0663
39.92 258.758 44.1256
39.93 259.001 44.1854
39.94 259.243 44.2458
39.95 259.485 44.3066
39.96 259.726 44.368
39.97 259.966 44.4299
39.98 260.206 44.4923
39.99 260.445 44.5552
40 260.683 44.6186
40.01 260.92 44.6826
40.02 261.157 44.747
40.03 261.393 44.812
40.04 261.628 44.8775
40.05 261.862 44.9435
40.06 262.095 45.01
40.07 262.328 45.0771
40.08 262.56 45.1446
40.09 262.791 45.2127
40.1 263.021 45.2813
40.11 263.25 45.3505
40.12 263.479 45.4201
40.13 263.706 45.4903
40.14 263.933 45.561
40.15 264.159 45.6322
40.16 264.384 45.7039
40.17 264.609 45.7762
40.18 264.832 45.849
40.19 265.055 45.9223
40.2 265.276 45.9961
40.21 265.497 46.0705
40.22 265.717 46.1454
40.23 265.936 46.2208
40.24 266.154 46.2967
40.25 266.371 46.3732
40.26 266.587 46.4502
40.27 266.802 46.5278
40.28 267.016 46.6058
40.29 267.23 46.6844
40.3 267.442 46.7635
40.31 267.654 46.8432
40.32 267.864 46.9234
40.33 268.073 47.0041
40.34 268.282 47.0854
40.35 268.489 47.1671
40.36 268.696 47.2495
40.37 268.901 47.3323
40.38 269.106 47.4157
40.39 269.309 47.4996
40.4 269.512 47.5841
40.41 269.713 47.6691
40.42 269.913 47.7546
40.43 270.113 47.8406
40.44 270.311 47.9272
40.45 270.508 48.0144
40.46 270.704 48.102
40.47 270.899 48.1902
40.48 271.093 48.279
40.49 271.286 48.3683
40.5 271.478 48.4581
40.51 271.668 48.5484
40.52 271.858 48.6393
40.53 272.046 48.7308
40.54 272.233 48.8228
40.55 272.42 48.9153
40.56 272.605 49.0083
40.57 272.789 49.1019
40.58 272.971 49.196
40.59 273.153 49.2907
40.6 273.333 49.3859
40.61 273.513 49.4817
40.62 273.691 49.578
40.63 273.867 49.6748
40.64 274.043 49.7721
40.65 274.218 49.8701
40.66 274.391 49.9685
40.67 274.563 50.0675
40.68 274.734 50.167
40.69 274.903 50.2671
40.7 275.072 50.3677
40.71 275.239 50.4689
40.72 275.405 50.5705
40.73 275.57 50.6728
40.74 275.733 50.7755
40.75 275.895 50.8789
40.76 276.056 50.9827
40.77 276.216 51.0871
40.78 276.374 51.192
40.79 276.531 51.2975
40.8 276.687 51.4035
40.81 276.841 51.51
40.82 276.994 51.6171
40.83 277.146 51.7247
40.84 277.296 51.8329
40.85 277.445 51.9416
40.86 277.593 52.0508
40.87 277.74 52.1606
40.88 277.885 52.2709
40.89 278.029 52.3817
40.9 278.171 52.4931
40.91 278.312 52.605
40.92 278.452 52.7175
40.93 278.59 52.8305
40.94 278.727 52.944
40.95 278.862 53.058
40.96 278.996 53.1726
40.97 279.129 53.2877
40.98 279.26 53.4033
40.99 279.39 53.5195
41 279.519 53.6362
41.01 279.646 53.7535
41.02 279.771 53.8712
41.03 279.895 53.9895
41.04 280.018 54.1083
41.05 280.139 54.2277
41.06 280.259 54.3475
41.07 280.377 54.4679
41.08 280.494 54.5888
41.09 280.61 54.7103
41.1 280.724 54.8322
41.11 280.836 54.9547
41.12 280.947 55.0777
41.13 281.056 55.2012
41.14 281.164 55.3252
41.15 281.271 55.4498
41.16 281.376 55.5749
41.17 281.479 55.7004
41.18 281.581 55.8265
41.19 281.681 55.9531
41.2 281.78 56.0802
41.21 281.877 56.2079
41.22 281.973 56.336
41.23 282.067 56.4646
41.24 282.16 56.5938
41.25 282.251 56.7234
41.26 282.34 56.8536
41.27 282.428 56.9842
41.28 282.514 57.1154
41.29 282.599 57.247
41.3 282.682 57.3792
41.31 282.764 57.5118
41.32 282.844 57.6449
41.33 282.922 57.7786
41.34 282.999 57.9127
41.35 283.074 58.0473
41.36 283.148 58.1823
41.37 283.22 58.3179
41.38 283.29 58.454
41.39 283.359 58.5905
41.4 283.426 58.7275
41.41 283.491 58.865
41.42 283.555 59.003
41.43 283.617 59.1414
41.44 283.678 59.2803
41.45 283.737 59.4197
41.46 283.794 59.5595
41.47 283.849 59.6998
41.48 283.903 59.8406
41.49 283.956 59.9818
41.5 284.006 60.1235
41.51 284.055 60.2656
41.52 284.102 60.4082
41.53 284.148 60.5512
41.54 284.192 60.6947
41.55 284.234 60.8386
41.56 284.274 60.983
41.57 284.313 61.1278
41.58 284.35 61.273
41.59 284.385 61.4187
41.6 284.419 61.5648
41.61 284.451 61.7114
41.62 284.481 61.8583
41.63 284.51 62.0057
41.64 284.536 62.1535
41.65 284.561 62.3017
41.66 284.585 62.4504
41.67 284.606 62.5994
41.68 284.626 62.7489
41.69 284.645 62.8987
41.7 284.661 63.049
41.71 284.676 63.1997
41.72 284.689 63.3507
41.73 284.7 63.5022
41.74 284.709 63.654
41.75 284.717 63.8062
41.76 284.723 63.9588
41.77 284.727 64.1118
41.78 284.73 64.2652
41.79 284.731 64.4189
41.8 284.73 64.573
41.81 284.727 64.7275
41.82 284.722 64.8823
41.83 284.716 65.0374
41.84 284.708 65.193
41.85 284.698 65.3489
41.86 284.687 65.5051
41.87 284.674 65.6616
41.88 284.659 65.8185
41.89 284.642 65.9758
41.9 284.623 66.1333
41.91 284.603 66.2912
41.92 284.581 66.4494
41.93 284.557 66.6079
41.94 284.531 66.7668
41.95 284.504 66.9259
41.96 284.474 67.0853
41.97 284.443 67.2451
41.98 284.411 67.4051
41.99 284.376 67.5655
42 284.34 67.7261
42.01 284.302 67.887
42.02 284.262 68.0481
42.03 284.22 68.2096
42.04 284.177 68.3713
42.05 284.132 68.5333
42.06 284.085 68.6955
42.07 284.036 68.858
42.08 283.986 69.0207
42.09 283.934 69.1837
42.1 283.88 69.3469
42.11 283.824 69.5103
42.12 283.766 69.674
42.13 283.707 69.8379
42.14 283.646 70.002
42.15 283.583 70.1663
42.16 283.519 70.3308
42.17 283.452 70.4955
42.18 283.384 70.6605
42.19 283.314 70.8256
42.2 283.243 70.9909
42.21 283.169 71.1563
42.22 283.094 71.322
42.23 283.018 71.4878
42.24 282.939 71.6538
42.25 282.859 71.8199
42.26 282.777 71.9862
42.27 282.693 72.1527
42.28 282.607 72.3192
42.29 282.52 72.486
42.3 282.431 72.6528
42.31 282.34 72.8197
42.32 282.248 72.9868
42.33 282.153 73.154
42.34 282.057 73.3213
42.35 281.96 73.4887
42.36 281.86 73.6562
42.37 281.759 73.8237
42.38 281.657 73.9914
42.39 281.552 74.1591
42.4 281.446 74.3269
42.41 281.338 74.4947
42.42 281.229 74.6626
42.43 281.117 74.8306
42.44 281.004 74.9986
42.45 280.89 75.1666
42.46 280.773 75.3347
42.47 280.655 75.5027
42.48 280.536 75.6708
42.49 280.414 75.8389
42.5 280.291 76.007
42.51 280.167 76.1751
42.52 280.04 76.3432
42.53 279.913 76.5113
42.54 279.783 76.6793
42.55 279.652 76.8473
42.56 279.519 77.0153
42.57 279.384 77.1832
42.58 279.248 77.3511
42.59 279.111 77.5189
42.6 278.971 77.6867
42.61 278.83 77.8544
42.62 278.688 78.0219
42.63 278.544 78.1895
42.64 278.398 78.3569
42.65 278.251 78.5242
42.66 278.102 78.6914
42.67 277.951 78.8585
42.68 277.799 79.0254
42.69 277.646 79.1923
42.7 277.491 79.359
42.71 277.334 79.5255
42.72 277.176 79.6919
42.73 277.016 79.8581
42.74 276.855 80.0242
42.75 276.692 80.1901
42.76 276.528 80.3558
42.77 276.362 80.5214
42.78 276.194 80.6867
42.79 276.026 80.8518
42.8 275.855 81.0167
42.81 275.684 81.1814
42.82 275.51 81.3459
42.83 275.336 81.5101
42.84 275.16 81.6741
42.85 274.982 81.8379
42.86 274.803 82.0013
42.87 274.623 82.1646
42.88 274.441 82.3275
42.89 274.257 82.4902
42.9 274.073 82.6526
42.91 273.887 82.8147
42.92 273.699 82.9765
42.93 273.51 83.1379
42.94 273.32 83.2991
42.95 273.128 83.4599
42.96 272.935 83.6204
42.97 272.741 83.7806
42.98 272.545 83.9404
42.99 272.348 84.0999
43 272.15 84.259
43.01 271.95 84.4177
43.02 271.75 84.576
43.03 271.547 84.734
43.04 271.344 84.8916
43.05 271.139 85.0487
43.06 270.933 85.2055
43.07 270.726 85.3618
43.08 270.517 85.5177
43.09 270.307 85.6732
43.1 270.096 85.8283
43.11 269.884 85.9829
43.12 269.671 86.137
43.13 269.456 86.2907
43.14 269.24 86.4439
43.15 269.023 86.5966
43.16 268.805 86.7489
43.17 268.585 86.9006
43.18 268.365 87.0519
43.19 268.143 87.2026
43.2 267.92 87.3529
43.21 267.696 87.5026
43.22 267.471 87.6517
43.23 267.245 87.8004
43.24 267.018 87.9485
43.25 266.79 88.096
43.26 266.56 88.243
43.27 266.33 88.3894
43.28 266.098 88.5352
43.29 265.866 88.6805
43.3 265.632 88.8251
43.31 265.398 88.9692
43.32 265.162 89.1127
43.33 264.926 89.2555
43.34 264.688 89.3978
43.35 264.449 89.5394
43.36 264.21 89.6803
43.37 263.97 89.8207
43.38 263.728 89.9604
43.39 263.486 90.0994
43.4 263.243 90.2378
43.41 262.998 90.3755
43.42 262.753 90.5125
43.43 262.507 90.6488
43.44 262.261 90.7845
43.45 262.013 90.9194
43.46 261.765 91.0537
43.47 261.515 91.1872
43.48 261.265 91.3201
43.49 261.014 91.4522
43.5 260.762 91.5835
43.51 260.51 91.7142
43.52 260.256 91.8441
43.53 260.002 91.9732
43.54 259.747 92.1016
43.55 259.492 92.2292
43.56 259.235 92.3561
43.57 258.978 92.4822
43.58 258.72 92.6075
43.59 258.462 92.732
43.6 258.202 92.8557
43.61 257.943 92.9787
43.62 257.682 93.1008
43.63 257.421 93.2221
43.64 257.159 93.3425
43.65 256.896 93.4622
43.66 256.633 93.581
43.67 256.37 93.699
43.68 256.105 93.8162
43.69 255.84 93.9325
43.7 255.575 94.0479
43.71 255.309 94.1625
43.72 255.042 94.2762
43.73 254.775 94.3891
43.74 254.508 94.5011
43.75 254.24 94.6122
43.76 253.971 94.7224
43.77 253.702 94.8317
43.78 253.432 94.9401
43.79 253.162 95.0477
43.8 252.892 95.1543
43.81 252.621 95.26
43.82 252.349 95.3648
43.83 252.077 95.4686
43.84 251.805 95.5716
43.85 251.532 95.6736
43.86 251.259 95.7746
43.87 250.986 95.8748
43.88 250.712 95.9739
43.89 250.438 96.0722
43.9 250.164 96.1695
43.91 249.889 96.2658
43.92 249.614 96.3611
43.93 249.339 96.4555
43.94 249.063 96.5489
43.95 248.787 96.6414
43.96 248.511 96.7328
43.97 248.235 96.8233
43.98 247.958 96.9128
43.99 247.681 97.0013
44 247.404 97.0888
44.01 247.127 97.1753
44.02 246.849 97.2608
44.03 246.571 97.3453
44.04 246.293 97.4288
44.05 246.015 97.5113
44.06 245.737 97.5928
44.07 245.459 97.6732
44.08 245.18 97.7526
44.09 244.902 97.831
44.1 244.623 97.9084
44.11 244.344 97.9847
44.12 244.065 98.06
44.13 243.786 98.1343
44.14 243.507 98.2075
44.15 243.228 98.2797
44.16 242.949 98.3508
44.17 242.67 98.4209
44.18 242.391 98.4899
44.19 242.112 98.5579
44.2 241.833 98.6249
44.21 241.554 98.6907
44.22 241.275 98.7556
44.23 240.996 98.8193
44.24 240.717 98.882
44.25 240.438 98.9436
44.26 240.159 99.0042
44.27 239.88 99.0637
44.28 239.601 99.1221
44.29 239.323 99.1795
44.3 239.044 99.2358
44.31 238.766 99.291
44.32 238.488 99.3451
44.33 238.21 99.3982
44.34 237.932 99.4502
44.35 237.654 99.5011
44.36 237.377 99.5509
44.37 237.099 99.5996
44.38 236.822 99.6473
44.39 236.545 99.6939
44.4 236.268 99.7394
44.41 235.992 99.7838
44.42 235.715 99.8271
44.43 235.439 99.8694
44.44 235.164 99.9105
44.45 234.888 99.9506
44.46 234.613 99.9896
44.47 234.338 100.027
44.48 234.063 100.064
44.49 233.789 100.1
44.5 233.515 100.135
44.51 233.241 100.168
44.52 232.968 100.201
44.53 232.695 100.232
44.54 232.422 100.262
44.55 232.149 100.292
44.56 231.877 100.32
44.57 231.606 100.347
44.58 231.335 100.373
44.59 231.064 100.398
44.6 230.793 100.422
44.61 230.523 100.444
44.62 230.254 100.466
44.63 229.985 100.486
44.64 229.716 100.506
44.65 229.448 100.524
44.66 229.18 100.542
44.67 228.912 100.558
44.68 228.646 100.573
44.69 228.379 100.587
44.7 228.113 100.6
44.71 227.848 100.612
44.72 227.583 100.623
44.73 227.319 100.633
44.74 227.055 100.642
44.75 226.791 100.65
44.76 226.529 100.656
44.77 226.266 100.662
44.78 226.005 100.667
44.79 225.744 100.67
44.8 225.483 100.673
44.81 225.223 100.674
44.82 224.964 100.674
44.83 224.705 100.674
44.84 224.447 100.672
44.85 224.189 100.669
44.86 223.932 100.665
44.87 223.676 100.661
44.88 223.42 100.655
44.89 223.165 100.648
44.9 222.91 100.64
44.91 222.656 100.631
44.92 222.403 100.621
44.93 222.151 100.61
44.94 221.899 100.598
44.95 221.648 100.585
44.96 221.397 100.571
44.97 221.147 100.556
44.98 220.898 100.54
44.99 220.65 100.523
45 220.402 100.505
45.01 220.155 100.486
45.02 219.909 100.466
45.03 219.663 100.445
45.04 219.419 100.423
45.05 219.175 100.401
45.06 218.931 100.377
45.07 218.689 100.352
45.08 218.447 100.326
45.09 218.206 100.299
45.1 217.965 100.271
45.11 217.726 100.243
45.12 217.487 100.213
45.13 217.249 100.183
45.14 217.012 100.151
45.15 216.776 100.119
45.16 216.54 100.085
45.17 216.305 100.051
45.18 216.071 100.016
45.19 215.838 99.9794
45.2 215.606 99.9423
45.21 215.374 99.9043
45.22 215.144 99.8654
45.23 214.914 99.8255
45.24 214.685 99.7848
45.25 214.457 99.7432
45.26 214.229 99.7007
45.27 214.003 99.6573
45.28 213.777 99.613
45.29 213.552 99.5679
45.3 213.328 99.5218
45.31 213.105 99.4749
45.32 212.883 99.4272
45.33 212.662 99.3786
45.34 212.442 99.3291
45.35 212.222 99.2788
45.36 212.003 99.2276
45.37 211.786 99.1756
45.38 211.569 99.1228
45.39 211.353 99.0691
45.4 211.138 99.0146
45.41 210.924 98.9593
45.42 210.711 98.9032
45.43 210.498 98.8462
45.44 210.287 98.7885
45.45 210.076 98.73
45.46 209.867 98.6706
45.47 209.658 98.6105
45.48 209.451 98.5496
45.49 209.244 98.4879
45.5 209.038 98.4255
45.51 208.833 98.3622
45.52 208.629 98.2982
45.53 208.426 98.2335
45.54 208.224 98.168
45.55 208.023 98.1018
45.56 207.823 98.0348
45.57 207.624 97.967
45.58 207.426 97.8986
45.59 207.229 97.8294
45.6 207.033 97.7595
45.61 206.837 97.6889
45.62 206.643 97.6176
45.63 206.45 97.5455
45.64 206.257 97.4728
45.65 206.066 97.3994
45.66 205.876 97.3253
45.67 205.686 97.2505
45.68 205.498 97.175
45.69 205.31 97.0989
45.7 205.124 97.0221
45.71 204.938 96.9446
45.72 204.754 96.8665
45.73 204.57 96.7877
45.74 204.388 96.7083
45.75 204.207 96.6282
45.76 204.026 96.5476
45.77 203.847 96.4662
45.78 203.668 96.3843
45.79 203.491 96.3018
45.8 203.314 96.2186
45.81 203.139 96.1348
45.82 202.964 96.0505
45.83 202.791 95.9655
45.84 202.619 95.88
45.85 202.447 95.7938
45.86 202.277 95.7071
45.87 202.108 95.6199
45.88 201.939 95.532
45.89 201.772 95.4436
45.9 201.606 95.3547
45.91 201.44 95.2652
45.92 201.276 95.1751
45.93 201.113 95.0845
45.94 200.951 94.9934
45.95 200.79 94.9018
45.96 200.63 94.8096
45.97 200.471 94.7169
45.98 200.312 94.6237
45.99 200.155 94.5301
46 199.999 94.4359
46.01 199.844 94.3412
46.02 199.691 94.246
46.03 199.538 94.1504
46.04 199.386 94.0542
46.05 199.235 93.9576
46.06 199.085 93.8606
46.07 198.936 93.763
46.08 198.789 93.6651
46.09 198.642 93.5666
46.1 198.496 93.4678
46.11 198.352 93.3684
46.12 198.208 93.2687
46.13 198.066 93.1685
46.14 197.924 93.068
46.15 197.784 92.967
46.16 197.644 92.8655
46.17 197.506 92.7637
46.18 197.368 92.6615
46.19 197.232 92.5589
46.2 197.097 92.4559
46.21 196.963 92.3525
46.22 196.829 92.2487
46.23 196.697 92.1446
46.24 196.566 92.0401
46.25 196.436 91.9352
46.26 196.307 91.83
46.27 196.179 91.7245
46.28 196.052 91.6185
46.29 195.926 91.5123
46.3 195.801 91.4057
46.31 195.677 91.2988
46.32 195.554 91.1915
46.33 195.433 91.084
46.34 195.312 90.9761
46.35 195.192 90.8679
46.36 195.073 90.7594
46.37 194.956 90.6506
46.38 194.839 90.5415
46.39 194.724 90.4321
46.4 194.609 90.3225
46.41 194.496 90.2125
46.42 194.383 90.1023
46.43 194.272 89.9918
46.44 194.161 89.8811
46.45 194.052 89.7701
46.46 193.943 89.6588
46.47 193.836 89.5473
46.48 193.73 89.4356
46.49 193.625 89.3236
46.5 193.52 89.2114
46.51 193.417 89.0989
46.52 193.315 88.9863
46.53 193.214 88.8734
46.54 193.114 88.7603
46.55 193.014 88.647
46.56 192.916 88.5334
46.57 192.819 88.4197
46.58 192.723 88.3058
46.59 192.628 88.1917
46.6 192.534 88.0774
46.61 192.441 87.9629
46.62 192.349 87.8483
46.63 192.258 87.7335
46.64 192.168 87.6185
46.65 192.079 87.5034
46.66 191.991 87.388
46.67 191.904 87.2726
46.68 191.818 87.157
46.69 191.733 87.0412
46.7 191.649 86.9253
46.71 191.567 86.8093
46.72 191.485 86.6931
46.73 191.404 86.5769
46.74 191.324 86.4605
46.75 191.245 86.3439
46.76 191.167 86.2273
46.77 191.09 86.1105
46.78 191.014 85.9937
46.79 190.939 85.8767
46.8 190.865 85.7597
46.81 190.792 85.6426
46.82 190.72 85.5253
46.83 190.649 85.408
46.84 190.58 85.2906
46.85 190.511 85.1732
46.86 190.443 85.0556
46.87 190.376 84.938
46.88 190.31 84.8203
46.89 190.244 84.7026
46.9 190.18 84.5848
46.91 190.117 84.467
46.92 190.055 84.3491
46.93 189.994 84.2312
46.94 189.934 84.1132
46.95 189.875 83.9952
46.96 189.816 83.8772
46.97 189.759 83.7591
46.98 189.703 83.6411
46.99 189.648 83.523
47 189.593 83.4048
47.01 189.54 83.2867
47.02 189.487 83.1686
47.03 189.436 83.0504
47.04 189.385 82.9323
47.05 189.336 82.8142
47.06 189.287 82.696
47.07 189.24 82.5779
47.08 189.193 82.4598
47.09 189.147 82.3417
47.1 189.102 82.2236
47.11 189.058 82.1055
47.12 189.016 81.9875
47.13 188.974 81.8695
47.14 188.933 81.7516
47.15 188.892 81.6336
47.16 188.853 81.5158
47.17 188.815 81.3979
47.18 188.778 81.2801
47.19 188.741 81.1624
47.2 188.706 81.0447
47.21 188.671 80.9271
47.22 188.638 80.8095
47.23 188.605 80.692
47.24 188.573 80.5746
47.25 188.543 80.4572
47.26 188.513 80.3399
47.27 188.484 80.2227
47.28 188.456 80.1056
47.29 188.429 79.9885
47.3 188.402 79.8715
47.31 188.377 79.7547
47.32 188.353 79.6379
47.33 188.329 79.5212
47.34 188.306 79.4046
47.35 188.285 79.2881
47.36 188.264 79.1717
47.37 188.244 79.0554
47.38 188.225 78.9392
47.39 188.207 78.8232
47.4 188.19 78.7072
47.41 188.173 78.5914
47.42 188.158 78.4757
47.43 188.143 78.3601
47.44 188.13 78.2446
47.45 188.117 78.1293
47.46 188.105 78.0141
47.47 188.094 77.899
47.48 188.084 77.7841
47.49 188.074 77.6693
47.5 188.066 77.5547
47.51 188.058 77.4402
47.52 188.052 77.3258
47.53 188.046 77.2116
47.54 188.041 77.0975
47.55 188.037 76.9836
47.56 188.033 76.8699
47.57 188.031 76.7563
47.58 188.03 76.6429
47.59 188.029 76.5296
47.6 188.029 76.4165
47.61 188.03 76.3036
47.62 188.032 76.1909
47.63 188.035 76.0783
47.64 188.038 75.9659
47.65 188.043 75.8537
47.66 188.048 75.7416
47.67 188.054 75.6298
47.68 188.061 75.5181
47.69 188.069 75.4066
47.7 188.077 75.2953
47.71 188.087 75.1842
47.72 188.097 75.0733
47.73 188.108 74.9625
47.74 188.12 74.852
47.75 188.132 74.7417
47.76 188.146 74.6316
47.77 188.16 74.5217
47.78 188.175 74.4119
47.79 188.191 74.3024
47.8 188.208 74.1932
47.81 188.226 74.0841
47.82 188.244 73.9752
47.83 188.263 73.8665
47.84 188.283 73.7581
47.85 188.304 73.6499
47.86 188.326 73.5419
47.87 188.348 73.4341
47.88 188.371 73.3266
47.89 188.395 73.2193
47.9 188.42 73.1122
47.91 188.445 73.0053
47.92 188.472 72.8987
47.93 188.499 72.7923
47.94 188.527 72.6861
47.95 188.555 72.5802
47.96 188.585 72.4745
47.97 188.615 72.3691
47.98 188.646 72.2638
47.99 188.678 72.1589
48 188.71 72.0542
48.01 188.743 71.9497
48.02 188.777 71.8455
48.03 188.812 71.7415
48.04 188.848 71.6378
48.05 188.884 71.5343
48.06 188.921 71.4311
48.07 188.959 71.3281
48.08 188.998 71.2254
48.09 189.037 71.123
48.1 189.077 71.0208
48.11 189.118 70.9189
48.12 189.159 70.8172
48.13 189.202 70.7158
48.14 189.245 70.6147
48.15 189.288 70.5139
48.16 189.333 70.4133
48.17 189.378 70.3129
48.18 189.424 70.2129
48.19 189.47 70.1131
48.2 189.518 70.0136
48.21 189.566 69.9144
48.22 189.615 69.8154
48.23 189.664 69.7167
48.24 189.715 69.6183
48.25 189.765 69.5202
48.26 189.817 69.4224
48.27 189.87 69.3248
48.28 189.923 69.2275
48.29 189.976 69.1306
48.3 190.031 69.0338
48.31 190.086 68.9374
48.32 190.142 68.8413
48.33 190.198 68.7455
48.34 190.256 68.6499
48.35 190.314 68.5546
48.36 190.372 68.4597
48.37 190.432 68.365
48.38 190.492 68.2706
48.39 190.552 68.1765
48.4 190.614 68.0827
48.41 190.676 67.9892
48.42 190.738 67.896
48.43 190.802 67.8031
48.44 190.866 67.7105
48.45 190.93 67.6182
48.46 190.996 67.5262
48.47 191.062 67.4345
48.48 191.128 67.3431
48.49 191.196 67.2521
48.5 191.264 67.1613
48.51 191.332 67.0708
48.52 191.402 66.9806
48.53 191.472 66.8908
48.54 191.542 66.8012
48.55 191.614 66.712
48.56 191.685 66.623
48.57 191.758 66.5344
48.58 191.831 66.4461
48.59 191.905 66.3581
48.6 191.979 66.2704
48.61 192.054 66.183
48.62 192.13 66.096
48.63 192.206 66.0092
48.64 192.283 65.9228
48.65 192.361 65.8367
48.66 192.439 65.7509
48.67 192.518 65.6654
48.68 192.597 65.5802
48.69 192.677 65.4954
48.7 192.758 65.4109
48.71 192.839 65.3267
48.72 192.921 65.2428
48.73 193.003 65.1592
48.74 193.086 65.076
48.75 193.17 64.9931
48.76 193.254 64.9105
48.77 193.339 64.8282
48.78 193.424 64.7463
48.79 193.51 64.6647
48.8 193.597 64.5834
48.81 193.684 64.5024
48.82 193.772 64.4218
48.83 193.86 64.3415
48.84 193.949 64.2615
48.85 194.038 64.1819
48.86 194.128 64.1025
48.87 194.219 64.0236
48.88 194.31 63.9449
48.89 194.402 63.8666
48.9 194.494 63.7886
48.91 194.587 63.7109
48.92 194.681 63.6335
48.93 194.774 63.5565
48.94 194.869 63.4799
48.95 194.964 63.4035
48.96 195.06 63.3275
48.97 195.156 63.2518
48.98 195.253 63.1765
48.99 195.35 63.1015
49 195.448 63.0268
49.01 195.546 62.9525
49.02 195.645 62.8785
49.03 195.744 62.8048
49.04 195.844 62.7315
49.05 195.945 62.6585
49.06 196.045 62.5858
49.07 196.147 62.5135
49.08 196.249 62.4415
49.09 196.351 62.3699
49.1 196.455 62.2986
49.11 196.558 62.2276
49.12 196.662 62.157
49.13 196.767 62.0867
49.14 196.872 62.0168
49.15 196.977 61.9472
49.16 197.083 61.8779
49.17 197.19 61.809
49.18 197.297 61.7404
49.19 197.405 61.6721
49.2 197.513 61.6042
49.21 197.621 61.5367
49.22 197.73 61.4695
49.23 197.84 61.4026
49.24 197.95 61.336
49.25 198.06 61.2698
49.26 198.171 61.204
49.27 198.282 61.1385
49.28 198.394 61.0733
49.29 198.507 61.0085
49.3 198.62 60.944
49.31 198.733 60.8799
49.32 198.847 60.8161
49.33 198.961 60.7526
49.34 199.075 60.6895
49.35 199.19 60.6268
49.36 199.306 60.5643
49.37 199.422 60.5023
49.38 199.538 60.4405
49.39 199.655 60.3792
49.4 199.773 60.3181
49.41 199.89 60.2574
49.42 200.009 60.1971
49.43 200.127 60.1371
49.44 200.246 60.0774
49.45 200.366 60.0181
49.46 200.486 59.9591
49.47 200.606 59.9005
49.48 200.727 59.8422
49.49 200.848 59.7843
49.5 200.97 59.7267
49.51 201.092 59.6695
49.52 201.214 59.6126
49.53 201.337 59.556
49.54 201.46 59.4998
49.55 201.584 59.444
49.56 201.708 59.3885
49.57 201.832 59.3333
49.58 201.957 59.2785
49.59 202.082 59.2241
49.6 202.208 59.1699
49.61 202.334 59.1162
49.62 202.46 59.0627
49.63 202.587 59.0097
49.64 202.714 58.9569
49.65 202.842 58.9046
49.66 202.97 58.8525
49.67 203.098 58.8008
49.68 203.227 58.7495
49.69 203.356 58.6985
49.7 203.485 58.6479
49.71 203.615 58.5976
49.72 203.745 58.5476
49.73 203.875 58.498
49.74 204.006 58.4487
49.75 204.137 58.3998
49.76 204.269 58.3513
49.77 204.4 58.3031
49.78 204.533 58.2552
49.79 204.665 58.2077
49.8 204.798 58.1605
49.81 204.931 58.1137
49.82 205.065 58.0672
49.83 205.199 58.0211
49.84 205.333 57.9753
49.85 205.467 57.9298
49.86 205.602 57.8848
49.87 205.737 57.84
49.88 205.873 57.7956
49.89 206.009 57.7516
49.9 206.145 57.7079
49.91 206.281 57.6645
49.92 206.418 57.6215
49.93 206.555 57.5789
49.94 206.692 57.5366
49.95 206.83 57.4946
49.96 206.968 57.453
49.97 207.106 57.4117
49.98 207.244 57.3708
49.99 207.383 57.3302
50 207.522 57.29
50.01 207.662 57.2501
50.02 207.801 57.2106
50.03 207.941 57.1714
50.04 208.081 57.1326
50.05 208.222 57.0941
50.06 208.362 57.0559
50.07 208.503 57.0181
50.08 208.645 56.9807
50.09 208.786 56.9436
50.1 208.928 56.9068
50.11 209.07 56.8704
50.12 209.212 56.8344
50.13 209.355 56.7986
50.14 209.497 56.7633
50.15 209.64 56.7282
50.16 209.784 56.6936
50.17 209.927 56.6592
50.18 210.071 56.6252
50.19 210.215 56.5916
50.2 210.359 56.5583
50.21 210.503 56.5253
50.22 210.648 56.4927
50.23 210.793 56.4605
50.24 210.938 56.4286
50.25 211.083 56.397
50.26 211.229 56.3658
50.27 211.374 56.3349
50.28 211.52 56.3044
50.29 211.666 56.2742
50.3 211.813 56.2443
50.31 211.959 56.2148
50.32 212.106 56.1857
50.33 212.253 56.1569
50.34 212.4 56.1284
50.35 212.547 56.1003
50.36 212.694 56.0725
50.37 212.842 56.0451
50.38 212.99 56.018
50.39 213.138 55.9913
50.4 213.286 55.9649
50.41 213.434 55.9388
50.42 213.583 55.9131
50.43 213.731 55.8878
50.44 213.88 55.8627
50.45 214.029 55.8381
50.46 214.178 55.8137
50.47 214.327 55.7898
50.48 214.477 55.7661
50.49 214.626 55.7428
50.5 214.776 55.7198
50.51 214.926 55.6972
50.52 215.076 55.675
50.53 215.226 55.653
50.54 215.376 55.6314
50.55 215.527 55.6102
50.56 215.677 55.5893
50.57 215.828 55.5687
50.58 215.979 55.5485
50.59 216.129 55.5286
50.6 216.28 55.5091
50.61 216.431 55.4899
50.62 216.583 55.4711
50.63 216.734 55.4526
50.64 216.885 55.4344
50.65 217.037 55.4166
50.66 217.188 55.3991
50.67 217.34 55.382
50.68 217.492 55.3652
50.69 217.644 55.3487
50.7 217.795 55.3326
50.71 217.947 55.3168
50.72 218.1 55.3014
50.73 218.252 55.2863
50.74 218.404 55.2715
50.75 218.556 55.2571
50.76 218.709 55.243
50.77 218.861 55.2293
50.78 219.013 55.2159
50.79 219.166 55.2029
50.8 219.319 55.1902
50.81 219.471 55.1778
50.82 219.624 55.1658
50.83 219.777 55.1541
50.84 219.929 55.1427
50.85 220.082 55.1317
50.86 220.235 55.121
50.87 220.388 55.1107
50.88 220.541 55.1007
50.89 220.694 55.091
50.9 220.846 55.0817
50.91 220.999 55.0727
50.92 221.152 55.0641
50.93 221.305 55.0558
50.94 221.458 55.0478
50.95 221.611 55.0402
50.96 221.764 55.0329
50.97 221.917 55.0259
50.98 222.07 55.0193
50.99 222.223 55.013
51 222.376 55.0071
51.01 222.529 55.0015
51.02 222.682 54.9962
51.03 222.835 54.9913
51.04 222.988 54.9867
51.05 223.141 54.9824
51.06 223.294 54.9785
51.07 223.446 54.9749
51.08 223.599 54.9717
51.09 223.752 54.9688
51.1 223.905 54.9662
51.11 224.057 54.9639
51.12 224.21 54.962
51.13 224.362 54.9605
51.14 224.515 54.9592
51.15 224.667 54.9583
51.16 224.82 54.9578
51.17 224.972 54.9575
51.18 225.124 54.9577
51.19 225.276 54.9581
51.2 225.428 54.9589
51.21 225.58 54.96
51.22 225.732 54.9614
51.23 225.884 54.9632
51.24 226.036 54.9653
51.25 226.188 54.9677
51.26 226.339 54.9705
51.27 226.491 54.9736
51.28 226.642 54.9771
51.29 226.793 54.9809
51.3 226.945 54.985
51.31 227.096 54.9894
51.32 227.247 54.9942
51.33 227.397 54.9993
51.34 227.548 55.0047
51.35 227.699 55.0105
51.36 227.849 55.0166
51.37 227.999 55.023
51.38 228.15 55.0298
51.39 228.3 55.0369
51.4 228.45 55.0443
51.41 228.599 55.0521
51.42 228.749 55.0602
51.43 228.899 55.0686
51.44 229.048 55.0774
51.45 229.197 55.0865
51.46 229.346 55.0959
51.47 229.495 55.1056
51.48 229.644 55.1157
51.49 229.792 55.1261
51.5 229.941 55.1368
51.51 230.089 55.1479
51.52 230.237 55.1593
51.53 230.385 55.171
51.54 230.532 55.183
51.55 230.68 55.1954
51.56 230.827 55.2081
51.57 230.974 55.2211
51.58 231.121 55.2345
51.59 231.268 55.2482
51.6 231.414 55.2622
51.61 231.56 55.2765
51.62 231.706 55.2912
51.63 231.852 55.3062
51.64 231.998 55.3215
51.65 232.143 55.3372
51.66 232.288 55.3532
51.67 232.433 55.3695
51.68 232.578 55.3861
51.69 232.722 55.403
51.7 232.867 55.4203
51.71 233.011 55.4379
51.72 233.154 55.4558
51.73 233.298 55.4741
51.74 233.441 55.4927
51.75 233.584 55.5116
51.76 233.727 55.5308
51.77 233.869 55.5503
51.78 234.012 55.5702
51.79 234.153 55.5904
51.8 234.295 55.6109
51.81 234.437 55.6317
51.82 234.578 55.6529
51.83 234.718 55.6744
51.84 234.859 55.6962
51.85 234.999 55.7183
51.86 235.139 55.7408
51.87 235.279 55.7635
51.88 235.418 55.7866
51.89 235.557 55.81
51.9 235.696 55.8337
51.91 235.835 55.8578
51.92 235.973 55.8822
51.93 236.111 55.9069
51.94 236.248 55.9319
51.95 236.385 55.9572
51.96 236.522 55.9828
51.97 236.659 56.0088
51.98 236.795 56.0351
51.99 236.931 56.0617
52 237.067 56.0886
52.01 237.202 56.1158
52.02 237.337 56.1434
52.03 237.471 56.1712
52.04 237.605 56.1994
52.05 237.739 56.2279
52.06 237.873 56.2567
52.07 238.006 56.2858
52.08 238.139 56.3153
52.09 238.271 56.345
52.1 238.403 56.3751
52.11 238.535 56.4055
52.12 238.666 56.4362
52.13 238.797 56.4672
52.14 238.927 56.4985
52.15 239.057 56.5301
52.16 239.187 56.5621
52.17 239.317 56.5943
52.18 239.445 56.6269
52.19 239.574 56.6597
52.2 239.702 56.6929
52.21 239.83 56.7264
52.22 239.957 56.7602
52.23 240.084 56.7943
52.24 240.211 56.8288
52.25 240.337 56.8635
52.26 240.462 56.8985
52.27 240.588 56.9339
52.28 240.713 56.9695
52.29 240.837 57.0055
52.3 240.961 57.0418
52.31 241.084 57.0783
52.32 241.207 57.1152
52.33 241.33 57.1524
52.34 241.452 57.1899
52.35 241.574 57.2277
52.36 241.695 57.2657
52.37 241.816 57.3041
52.38 241.937 57.3428
52.39 242.056 57.3818
52.4 242.176 57.4211
52.41 242.295 57.4607
52.42 242.413 57.5006
52.43 242.531 57.5408
52.44 242.649 57.5813
52.45 242.766 57.6221
52.46 242.883 57.6632
52.47 242.999 57.7046
52.48 243.114 57.7463
52.49 243.23 57.7883
52.5 243.344 57.8306
52.51 243.458 57.8732
52.52 243.572 57.9161
52.53 243.685 57.9592
52.54 243.798 58.0027
52.55 243.91 58.0465
52.56 244.021 58.0905
52.57 244.133 58.1348
52.58 244.243 58.1795
52.59 244.353 58.2244
52.6 244.463 58.2696
52.61 244.572 58.3151
52.62 244.68 58.3609
52.63 244.788 58.407
52.64 244.895 58.4534
52.65 245.002 58.5001
52.66 245.109 58.547
52.67 245.214 58.5942
52.68 245.319 58.6418
52.69 245.424 58.6896
52.7 245.528 58.7377
52.71 245.632 58.786
52.72 245.735 58.8347
52.73 245.837 58.8836
52.74 245.939 58.9328
52.75 246.04 58.9823
52.76 246.141 59.0321
52.77 246.241 59.0822
52.78 246.341 59.1325
52.79 246.44 59.1831
52.8 246.538 59.234
52.81 246.636 59.2852
52.82 246.733 59.3366
52.83 246.83 59.3884
52.84 246.926 59.4404
52.85 247.021 59.4926
52.86 247.116 59.5452
52.87 247.21 59.598
52.88 247.304 59.6511
52.89 247.397 59.7044
52.9 247.49 59.758
52.91 247.581 59.8119
52.92 247.673 59.8661
52.93 247.763 59.9205
52.94 247.853 59.9752
52.95 247.942 60.0302
52.96 248.031 60.0854
52.97 248.119 60.1409
52.98 248.207 60.1966
52.99 248.294 60.2526
53 248.38 60.3089
53.01 248.465 60.3654
53.02 248.55 60.4222
53.03 248.634 60.4793
53.04 248.718 60.5366
53.05 248.801 60.5941
53.06 248.883 60.6519
53.07 248.965 60.71
53.08 249.046 60.7683
53.09 249.127 60.8269
53.1 249.206 60.8857
53.11 249.285 60.9448
53.12 249.364 61.0041
53.13 249.441 61.0637
53.14 249.518 61.1235
53.15 249.595 61.1836
53.16 249.671 61.2439
53.17 249.746 61.3045
53.18 249.82 61.3653
53.19 249.894 61.4263
53.2 249.967 61.4876
53.21 250.039 61.5491
53.22 250.111 61.6109
53.23 250.181 61.6729
53.24 250.252 61.7351
53.25 250.321 61.7976
53.26 250.39 61.8603
53.27 250.458 61.9233
53.28 250.526 61.9864
53.29 250.593 62.0498
53.3 250.659 62.1135
53.31 250.724 62.1773
53.32 250.789 62.2414
53.33 250.853 62.3058
53.34 250.916 62.3703
53.35 250.978 62.4351
53.36 251.04 62.5001
53.37 251.101 62.5653
53.38 251.162 62.6307
53.39 251.221 62.6963
53.4 251.28 62.7622
53.41 251.338 62.8283
53.42 251.396 62.8946
53.43 251.453 62.9611
53.44 251.509 63.0278
53.45 251.564 63.0948
53.46 251.619 63.1619
53.47 251.672 63.2293
53.48 251.726 63.2968
53.49 251.778 63.3646
53.5 251.83 63.4326
53.51 251.88 63.5008
53.52 251.931 63.5691
53.53 251.98 63.6377
53.54 252.029 63.7065
53.55 252.077 63.7755
53.56 252.124 63.8446
53.57 252.17 63.914
53.58 252.216 63.9836
53.59 252.261 64.0533
53.6 252.305 64.1232
53.61 252.348 64.1934
53.62 252.391 64.2637
53.63 252.433 64.3342
53.64 252.474 64.4049
53.65 252.514 64.4757
53.66 252.554 64.5468
53.67 252.593 64.618
53.68 252.631 64.6894
53.69 252.668 64.761
53.7 252.705 64.8328
53.71 252.741 64.9047
53.72 252.776 64.9768
53.73 252.81 65.0491
53.74 252.843 65.1215
53.75 252.876 65.1942
53.76 252.908 65.2669
53.77 252.939 65.3399
53.78 252.97 65.413
53.79 252.999 65.4862
53.8 253.028 65.5597
53.81 253.056 65.6332
53.82 253.083 65.707
53.83 253.11 65.7809
53.84 253.136 65.8549
53.85 253.161 65.9291
53.86 253.185 66.0034
53.87 253.208 66.0779
53.88 253.231 66.1525
53.89 253.253 66.2273
53.9 253.274 66.3022
53.91 253.294 66.3773
53.92 253.313 66.4525
53.93 253.332 66.5278
53.94 253.35 66.6033
53.95 253.367 66.6789
53.96 253.384 66.7546
53.97 253.399 66.8304
53.98 253.414 66.9064
53.99 253.428 66.9825
54 253.441 67.0587
54.01 253.453 67.1351
54.02 253.465 67.2116
54.03 253.476 67.2881
54.04 253.486 67.3648
54.05 253.495 67.4417
54.06 253.503 67.5186
54.07 253.511 67.5956
54.08 253.518 67.6728
54.09 253.524 67.75
54.1 253.529 67.8274
54.11 253.534 67.9048
54.12 253.538 67.9824
54.13 253.54 68.06
54.14 253.543 68.1378
54.15 253.544 68.2156
54.16 253.544 68.2935
54.17 253.544 68.3715
54.18 253.543 68.4497
54.19 253.541 68.5278
54.2 253.539 68.6061
54.21 253.535 68.6845
54.22 253.531 68.7629
54.23 253.526 68.8414
54.24 253.52 68.92
54.25 253.514 68.9987
54.26 253.506 69.0774
54.27 253.498 69.1562
54.28 253.489 69.2351
54.29 253.479 69.314
54.3 253.469 69.393
54.31 253.458 69.472
54.32 253.445 69.5512
54.33 253.433 69.6303
54.34 253.419 69.7095
54.35 253.404 69.7888
54.36 253.389 69.8681
54.37 253.373 69.9475
54.38 253.356 70.0269
54.39 253.339 70.1063
54.4 253.32 70.1858
54.41 253.301 70.2654
54.42 253.281 70.3449
54.43 253.261 70.4245
54.44 253.239 70.5041
54.45 253.217 70.5838
54.46 253.194 70.6635
54.47 253.17 70.7432
54.48 253.146 70.8229
54.49 253.12 70.9026
54.5 253.094 70.9824
54.51 253.067 71.0622
54.52 253.039 71.142
54.53 253.011 71.2217
54.54 252.982 71.3015
54.55 252.952 71.3814
54.56 252.921 71.4612
54.57 252.89 71.541
54.58 252.857 71.6208
54.59 252.824 71.7006
54.6 252.791 71.7804
54.61 252.756 71.8602
54.62 252.721 71.9399
54.63 252.685 72.0197
54.64 252.648 72.0995
54.65 252.61 72.1792
54.66 252.572 72.2589
54.67 252.533 72.3386
54.68 252.493 72.4182
54.69 252.452 72.4978
54.7 252.411 72.5774
54.71 252.369 72.657
54.72 252.326 72.7365
54.73 252.283 72.816
54.74 252.238 72.8954
54.75 252.193 72.9748
54.76 252.148 73.0542
54.77 252.101 73.1335
54.78 252.054 73.2128
54.79 252.006 73.292
54.8 251.957 73.3711
54.81 251.908 73.4502
54.82 251.858 73.5292
54.83 251.807 73.6082
54.84 251.755 73.6871
54.85 251.703 73.7659
54.86 251.65 73.8447
54.87 251.596 73.9233
54.88 251.542 74.0019
54.89 251.487 74.0805
54.9 251.431 74.1589
54.91 251.374 74.2373
54.92 251.317 74.3155
54.93 251.259 74.3937
54.94 251.201 74.4718
54.95 251.141 74.5498
54.96 251.081 74.6277
54.97 251.02 74.7055
54.98 250.959 74.7832
54.99 250.897 74.8608
55 250.834 74.9383
55.01 250.771 75.0157
55.02 250.706 75.093
55.03 250.642 75.1701
55.04 250.576 75.2472
55.05 250.51 75.3241
55.06 250.443 75.4009
55.07 250.376 75.4776
55.08 250.307 75.5541
55.09 250.239 75.6305
55.1 250.169 75.7068
55.11 250.099 75.783
55.12 250.028 75.859
55.13 249.957 75.9349
55.14 249.885 76.0106
55.15 249.812 76.0862
55.16 249.738 76.1616
55.17 249.664 76.2369
55.18 249.59 76.312
55.19 249.514 76.387
55.2 249.438 76.4619
55.21 249.362 76.5365
55.22 249.285 76.611
55.23 249.207 76.6854
55.24 249.129 76.7595
55.25 249.049 76.8335
55.26 248.97 76.9073
55.27 248.89 76.981
55.28 248.809 77.0545
55.29 248.727 77.1278
55.3 248.645 77.2009
55.31 248.563 77.2738
55.32 248.479 77.3465
55.33 248.395 77.4191
55.34 248.311 77.4914
55.35 248.226 77.5636
55.36 248.14 77.6355
55.37 248.054 77.7073
55.38 247.967 77.7789
55.39 247.88 77.8502
55.4 247.792 77.9214
55.41 247.704 77.9923
55.42 247.615 78.063
55.43 247.525 78.1335
55.44 247.435 78.2038
55.45 247.344 78.2739
55.46 247.253 78.3437
55.47 247.161 78.4134
55.48 247.069 78.4828
55.49 246.976 78.5519
55.5 246.883 78.6209
55.51 246.789 78.6896
55.52 246.695 78.758
55.53 246.6 78.8262
55.54 246.504 78.8942
55.55 246.408 78.962
55.56 246.312 79.0295
55.57 246.215 79.0967
55.58 246.117 79.1637
55.59 246.019 79.2304
55.6 245.921 79.2969
55.61 245.822 79.3632
55.62 245.722 79.4291
55.63 245.622 79.4948
55.64 245.522 79.5603
55.65 245.421 79.6255
55.66 245.32 79.6904
55.67 245.218 79.755
55.68 245.116 79.8194
55.69 245.013 79.8834
55.7 244.91 79.9472
55.71 244.806 80.0108
55.72 244.702 80.074
55.73 244.597 80.137
55.74 244.492 80.1997
55.75 244.387 80.262
55.76 244.281 80.3241
55.77 244.174 80.3859
55.78 244.068 80.4474
55.79 243.961 80.5087
55.8 243.853 80.5696
55.81 243.745 80.6302
55.82 243.637 80.6905
55.83 243.528 80.7505
55.84 243.419 80.8102
55.85 243.309 80.8695
55.86 243.199 80.9286
55.87 243.089 80.9874
55.88 242.978 81.0458
55.89 242.867 81.1039
55.9 242.755 81.1617
55.91 242.643 81.2192
55.92 242.531 81.2764
55.93 242.418 81.3332
55.94 242.305 81.3897
55.95 242.192 81.4459
55.96 242.078 81.5017
55.97 241.964 81.5572
55.98 241.85 81.6124
55.99 241.735 81.6672
56 241.62 81.7217
56.01 241.504 81.7759
56.02 241.389 81.8297
56.03 241.273 81.8832
56.04 241.156 81.9363
56.05 241.04 81.9891
56.06 240.923 82.0415
56.07 240.805 82.0936
56.08 240.688 82.1453
56.09 240.57 82.1967
56.1 240.452 82.2477
56.11 240.333 82.2983
56.12 240.214 82.3486
56.13 240.095 82.3986
56.14 239.976 82.4481
56.15 239.856 82.4973
56.16 239.736 82.5462
56.17 239.616 82.5947
56.18 239.496 82.6428
56.19 239.375 82.6905
56.2 239.254 82.7379
56.21 239.133 82.7848
56.22 239.012 82.8315
56.23 238.89 82.8777
56.24 238.768 82.9236
56.25 238.646 82.969
56.26 238.524 83.0141
56.27 238.402 83.0588
56.28 238.279 83.1032
56.29 238.156 83.1471
56.3 238.033 83.1907
56.31 237.909 83.2339
56.32 237.786 83.2766
56.33 237.662 83.319
56.34 237.538 83.361
56.35 237.414 83.4027
56.36 237.29 83.4439
56.37 237.165 83.4847
56.38 237.041 83.5251
56.39 236.916 83.5652
56.4 236.791 83.6048
56.41 236.666 83.644
56.42 236.54 83.6828
56.43 236.415 83.7213
56.44 236.289 83.7593
56.45 236.164 83.7969
56.46 236.038 83.8341
56.47 235.912 83.8709
56.48 235.786 83.9073
56.49 235.659 83.9433
56.5 235.533 83.9789
56.51 235.406 84.0141
56.52 235.28 84.0489
56.53 235.153 84.0832
56.54 235.026 84.1172
56.55 234.899 84.1507
56.56 234.772 84.1838
56.57 234.645 84.2165
56.58 234.518 84.2488
56.59 234.391 84.2807
56.6 234.263 84.3121
56.61 234.136 84.3431
56.62 234.009 84.3738
56.63 233.881 84.4039
56.64 233.753 84.4337
56.65 233.626 84.4631
56.66 233.498 84.492
56.67 233.37 84.5205
56.68 233.242 84.5486
56.69 233.114 84.5763
56.7 232.987 84.6035
56.71 232.859 84.6303
56.72 232.731 84.6567
56.73 232.603 84.6827
56.74 232.475 84.7082
56.75 232.347 84.7333
56.76 232.219 84.758
56.77 232.09 84.7823
56.78 231.962 84.8061
56.79 231.834 84.8295
56.8 231.706 84.8525
56.81 231.578 84.875
56.82 231.45 84.8971
56.83 231.322 84.9188
56.84 231.194 84.9401
56.85 231.066 84.9609
56.86 230.938 84.9813
56.87 230.81 85.0013
56.88 230.683 85.0208
56.89 230.555 85.0399
56.9 230.427 85.0586
56.91 230.299 85.0769
56.92 230.171 85.0947
56.93 230.044 85.1121
56.94 229.916 85.129
56.95 229.789 85.1456
56.96 229.661 85.1617
56.97 229.534 85.1773
56.98 229.407 85.1926
56.99 229.279 85.2074
57 229.152 85.2217
57.01 229.025 85.2357
57.02 228.898 85.2492
57.03 228.771 85.2622
57.04 228.645 85.2749
57.05 228.518 85.2871
57.06 228.391 85.2989
57.07 228.265 85.3103
57.08 228.139 85.3212
57.09 228.012 85.3317
57.1 227.886 85.3417
57.11 227.76 85.3514
57.12 227.634 85.3606
57.13 227.509 85.3694
57.14 227.383 85.3777
57.15 227.258 85.3856
57.16 227.132 85.3931
57.17 227.007 85.4002
57.18 226.882 85.4069
57.19 226.757 85.4131
57.2 226.633 85.4189
57.21 226.508 85.4242
57.22 226.384 85.4292
57.23 226.259 85.4337
57.24 226.135 85.4378
57.25 226.012 85.4414
57.26 225.888 85.4447
57.27 225.764 85.4475
57.28 225.641 85.4499
57.29 225.518 85.4519
57.3 225.395 85.4535
57.31 225.272 85.4546
57.32 225.15 85.4553
57.33 225.027 85.4556
57.34 224.905 85.4555
57.35 224.783 85.455
57.36 224.661 85.454
57.37 224.54 85.4527
57.38 224.418 85.4509
57.39 224.297 85.4487
57.4 224.176 85.4461
57.41 224.056 85.443
57.42 223.935 85.4396
57.43 223.815 85.4358
57.44 223.695 85.4315
57.45 223.575 85.4269
57.46 223.456 85.4218
57.47 223.337 85.4163
57.48 223.218 85.4104
57.49 223.099 85.4041
57.5 222.981 85.3974
57.51 222.862 85.3903
57.52 222.744 85.3828
57.53 222.627 85.3749
57.54 222.509 85.3666
57.55 222.392 85.3579
57.56 222.275 85.3488
57.57 222.158 85.3393
57.58 222.042 85.3294
57.59 221.926 85.3191
57.6 221.81 85.3084
57.61 221.695 85.2973
57.62 221.58 85.2859
57.63 221.465 85.274
57.64 221.35 85.2617
57.65 221.236 85.2491
57.66 221.122 85.2361
57.67 221.008 85.2227
57.68 220.894 85.2089
57.69 220.781 85.1947
57.7 220.668 85.1801
57.71 220.556 85.1652
57.72 220.444 85.1498
57.73 220.332 85.1341
57.74 220.22 85.118
57.75 220.109 85.1016
57.76 219.998 85.0847
57.77 219.888 85.0675
57.78 219.777 85.0499
57.79 219.667 85.032
57.8 219.558 85.0137
57.81 219.449 84.995
57.82 219.34 84.9759
57.83 219.231 84.9565
57.84 219.123 84.9367
57.85 219.015 84.9166
57.86 218.908 84.8961
57.87 218.8 84.8752
57.88 218.694 84.854
57.89 218.587 84.8324
57.9 218.481 84.8104
57.91 218.375 84.7881
57.92 218.27 84.7655
57.93 218.165 84.7425
57.94 218.06 84.7192
57.95 217.956 84.6955
57.96 217.852 84.6714
57.97 217.748 84.6471
57.98 217.645 84.6223
57.99 217.543 84.5973
58 217.44 84.5719
58.01 217.338 84.5461
58.02 217.236 84.52
58.03 217.135 84.4936
58.04 217.034 84.4669
58.05 216.934 84.4398
58.06 216.834 84.4124
58.07 216.734 84.3847
58.08 216.635 84.3566
58.09 216.536 84.3282
58.1 216.437 84.2995
58.11 216.339 84.2705
58.12 216.242 84.2411
58.13 216.144 84.2114
58.14 216.047 84.1814
58.15 215.951 84.1511
58.16 215.855 84.1205
58.17 215.759 84.0896
58.18 215.664 84.0584
58.19 215.569 84.0268
58.2 215.475 83.995
58.21 215.381 83.9628
58.22 215.287 83.9304
58.23 215.194 83.8976
58.24 215.101 83.8645
58.25 215.009 83.8312
58.26 214.917 83.7975
58.27 214.826 83.7636
58.28 214.735 83.7294
58.29 214.644 83.6948
58.3 214.554 83.66
58.31 214.464 83.6249
58.32 214.375 83.5895
58.33 214.286 83.5539
58.34 214.198 83.5179
58.35 214.11 83.4817
58.36 214.022 83.4452
58.37 213.935 83.4084
58.38 213.849 83.3714
58.39 213.762 83.334
58.4 213.677 83.2964
58.41 213.591 83.2586
58.42 213.506 83.2204
58.43 213.422 83.1821
58.44 213.338 83.1434
58.45 213.255 83.1045
58.46 213.172 83.0653
58.47 213.089 83.0259
58.48 213.007 82.9862
58.49 212.925 82.9463
58.5 212.844 82.9061
58.51 212.763 82.8656
58.52 212.683 82.825
58.53 212.603 82.784
58.54 212.524 82.7429
58.55 212.445 82.7014
58.56 212.366 82.6598
58.57 212.288 82.6179
58.58 212.211 82.5758
58.59 212.134 82.5334
58.6 212.057 82.4908
58.61 211.981 82.448
58.62 211.906 82.405
58.63 211.831 82.3617
58.64 211.756 82.3182
58.65 211.682 82.2745
58.66 211.608 82.2305
58.67 211.535 82.1864
58.68 211.462 82.142
58.69 211.39 82.0974
58.7 211.318 82.0526
58.71 211.246 82.0076
58.72 211.176 81.9624
58.73 211.105 81.9169
58.74 211.035 81.8713
58.75 210.966 81.8255
58.76 210.897 81.7794
58.77 210.829 81.7332
58.78 210.761 81.6868
58.79 210.693 81.6402
58.8 210.626 81.5933
58.81 210.56 81.5463
58.82 210.494 81.4991
58.83 210.428 81.4518
58.84 210.363 81.4042
58.85 210.299 81.3564
58.86 210.235 81.3085
58.87 210.171 81.2604
58.88 210.108 81.2121
58.89 210.045 81.1636
58.9 209.983 81.115
58.91 209.922 81.0662
58.92 209.861 81.0172
58.93 209.8 80.9681
58.94 209.74 80.9188
58.95 209.68 80.8693
58.96 209.621 80.8196
58.97 209.562 80.7699
58.98 209.504 80.7199
58.99 209.447 80.6698
59 209.39 80.6195
59.01 209.333 80.5691
59.02 209.277 80.5185
59.03 209.221 80.4678
59.04 209.166 80.417
59.05 209.111 80.366
59.06 209.057 80.3148
59.07 209.003 80.2635
59.08 208.95 80.2121
59.09 208.898 80.1605
59.1 208.845 80.1088
59.11 208.794 80.057
59.12 208.743 80.005
59.13 208.692 79.9529
59.14 208.642 79.9007
59.15 208.592 79.8484
59.16 208.543 79.7959
59.17 208.494 79.7433
59.18 208.446 79.6906
59.19 208.398 79.6378
59.2 208.351 79.5849
59.21 208.305 79.5318
59.22 208.258 79.4786
59.23 208.213 79.4253
59.24 208.168 79.372
59.25 208.123 79.3185
59.26 208.079 79.2649
59.27 208.035 79.2112
59.28 207.992 79.1574
59.29 207.949 79.1035
59.3 207.907 79.0495
59.31 207.866 78.9954
59.32 207.824 78.9412
59.33 207.784 78.8869
59.34 207.744 78.8325
59.35 207.704 78.7781
59.36 207.665 78.7235
59.37 207.626 78.6689
59.38 207.588 78.6142
59.39 207.55 78.5594
59.4 207.513 78.5045
59.41 207.477 78.4496
59.42 207.441 78.3945
59.43 207.405 78.3394
59.44 207.37 78.2843
59.45 207.335 78.229
59.46 207.301 78.1737
59.47 207.267 78.1183
59.48 207.234 78.0629
59.49 207.202 78.0074
59.5 207.17 77.9518
59.51 207.138 77.8962
59.52 207.107 77.8405
59.53 207.076 77.7848
59.54 207.046 77.729
59.55 207.016 77.6731
59.56 206.987 77.6172
59.57 206.958 77.5613
59.58 206.93 77.5053
59.59 206.903 77.4493
59.6 206.876 77.3932
59.61 206.849 77.337
59.62 206.823 77.2809
59.63 206.797 77.2247
59.64 206.772 77.1684
59.65 206.747 77.1121
59.66 206.723 77.0558
59.67 206.699 76.9995
59.68 206.676 76.9431
59.69 206.653 76.8867
59.7 206.631 76.8302
59.71 206.609 76.7738
59.72 206.588 76.7173
59.73 206.567 76.6608
59.74 206.547 76.6042
59.75 206.527 76.5477
59.76 206.508 76.4911
59.77 206.489 76.4345
59.78 206.471 76.3779
59.79 206.453 76.3213
59.8 206.436 76.2647
59.81 206.419 76.208
59.82 206.403 76.1514
59.83 206.387 76.0947
59.84 206.371 76.0381
59.85 206.356 75.9814
59.86 206.342 75.9248
59.87 206.328 75.8681
59.88 206.315 75.8114
59.89 206.302 75.7548
59.9 206.289 75.6981
59.91 206.277 75.6415
59.92 206.266 75.5848
59.93 206.255 75.5282
59.94 206.244 75.4715
59.95 206.234 75.4149
59.96 206.224 75.3583
59.97 206.215 75.3017
59.98 206.207 75.2452
59.99 206.198 75.1886
60 206.191 75.1321
60.01 206.183 75.0756
60.02 206.177 75.0191
60.03 206.17 74.9626
60.04 206.165 74.9061
60.05 206.159 74.8497
60.06 206.154 74.7933
60.07 206.15 74.737
60.08 206.146 74.6806
60.09 206.143 74.6243
60.1 206.14 74.568
60.11 206.137 74.5118
60.12 206.135 74.4556
60.13 206.133 74.3994
60.14 206.132 74.3433
60.15 206.132 74.2872
60.16 206.131 74.2312
60.17 206.132 74.1752
60.18 206.132 74.1192
60.19 206.133 74.0633
60.2 206.135 74.0074
60.21 206.137 73.9516
60.22 206.14 73.8958
60.23 206.143 73.8401
60.24 206.146 73.7844
60.25 206.15 73.7288
60.26 206.154 73.6733
60.27 206.159 73.6177
60.28 206.165 73.5623
60.29 206.17 73.5069
60.3 206.176 73.4516
60.31 206.183 73.3963
60.32 206.19 73.3411
60.33 206.198 73.2859
60.34 206.206 73.2308
60.35 206.214 73.1758
60.36 206.223 73.1209
60.37 206.232 73.066
60.38 206.242 73.0112
60.39 206.252 72.9564
60.4 206.263 72.9017
60.41 206.274 72.8471
60.42 206.285 72.7926
60.43 206.297 72.7382
60.44 206.31 72.6838
60.45 206.323 72.6295
60.46 206.336 72.5753
60.47 206.35 72.5211
60.48 206.364 72.4671
60.49 206.378 72.4131
60.5 206.393 72.3592
60.51 206.409 72.3054
60.52 206.424 72.2516
60.53 206.441 72.198
60.54 206.457 72.1444
60.55 206.475 72.091
60.56 206.492 72.0376
60.57 206.51 71.9843
60.58 206.528 71.9311
60.59 206.547 71.878
60.6 206.567 71.825
60.61 206.586 71.7721
60.62 206.606 71.7193
60.63 206.627 71.6666
60.64 206.648 71.6139
60.65 206.669 71.5614
60.66 206.691 71.509
60.67 206.713 71.4567
60.68 206.736 71.4045
60.69 206.758 71.3523
60.7 206.782 71.3003
60.71 206.806 71.2484
60.72 206.83 71.1966
60.73 206.854 71.1449
60.74 206.879 71.0934
60.75 206.905 71.0419
60.76 206.931 70.9905
60.77 206.957 70.9393
60.78 206.984 70.8881
60.79 207.011 70.8371
60.8 207.038 70.7862
60.81 207.066 70.7354
60.82 207.094 70.6847
60.83 207.123 70.6341
60.84 207.152 70.5837
60.85 207.181 70.5333
60.86 207.211 70.4831
60.87 207.241 70.433
60.88 207.271 70.3831
60.89 207.302 70.3332
60.9 207.334 70.2835
60.91 207.365 70.2339
60.92 207.397 70.1844
60.93 207.43 70.135
60.94 207.463 70.0858
60.95 207.496 70.0367
60.96 207.53 69.9877
60.97 207.564 69.9389
60.98 207.598 69.8902
60.99 207.633 69.8416
61 207.668 69.7931
61.01 207.703 69.7448
61.02 207.739 69.6966
61.03 207.775 69.6486
61.04 207.812 69.6007
61.05 207.849 69.5529
61.06 207.886 69.5052
61.07 207.924 69.4577
61.08 207.962 69.4103
61.09 208 69.3631
61.1 208.039 69.316
61.11 208.078 69.269
61.12 208.118 69.2222
61.13 208.157 69.1756
61.14 208.198 69.129
61.15 208.238 69.0826
61.16 208.279 69.0364
61.17 208.32 68.9903
61.18 208.362 68.9443
61.19 208.404 68.8985
61.2 208.446 68.8529
61.21 208.489 68.8073
61.22 208.532 68.762
61.23 208.575 68.7167
61.24 208.619 68.6717
61.25 208.663 68.6268
61.26 208.707 68.582
61.27 208.752 68.5374
61.28 208.797 68.4929
61.29 208.842 68.4486
61.3 208.888 68.4044
61.31 208.934 68.3604
61.32 208.98 68.3165
61.33 209.027 68.2728
61.34 209.074 68.2293
61.35 209.121 68.1859
61.36 209.168 68.1427
61.37 209.216 68.0996
61.38 209.265 68.0567
61.39 209.313 68.0139
61.4 209.362 67.9713
61.41 209.411 67.9289
61.42 209.461 67.8866
61.43 209.511 67.8445
61.44 209.561 67.8026
61.45 209.611 67.7608
61.46 209.662 67.7191
61.47 209.713 67.6777
61.48 209.765 67.6364
61.49 209.816 67.5952
61.5 209.868 67.5543
61.51 209.921 67.5135
61.52 209.973 67.4728
61.53 210.026 67.4323
61.54 210.079 67.392
61.55 210.133 67.3519
61.56 210.187 67.3119
61.57 210.241 67.2721
61.58 210.295 67.2325
61.59 210.35 67.193
61.6 210.405 67.1538
61.61 210.46 67.1146
61.62 210.515 67.0757
61.63 210.571 67.0369
61.64 210.627 66.9983
61.65 210.684 66.9599
61.66 210.74 66.9216
61.67 210.797 66.8835
61.68 210.854 66.8456
61.69 210.912 66.8079
61.7 210.97 66.7703
61.71 211.028 66.7329
61.72 211.086 66.6957
61.73 211.144 66.6587
61.74 211.203 66.6218
61.75 211.262 66.5852
61.76 211.322 66.5487
61.77 211.381 66.5123
61.78 211.441 66.4762
61.79 211.501 66.4402
61.8 211.562 66.4045
61.81 211.622 66.3688
61.82 211.683 66.3334
61.83 211.744 66.2982
61.84 211.806 66.2631
61.85 211.867 66.2282
61.86 211.929 66.1935
61.87 211.991 66.159
61.88 212.054 66.1247
61.89 212.116 66.0905
61.9 212.179 66.0566
61.91 212.242 66.0228
61.92 212.306 65.9892
61.93 212.369 65.9558
61.94 212.433 65.9225
61.95 212.497 65.8895
61.96 212.561 65.8566
61.97 212.626 65.824
61.98 212.691 65.7915
61.99 212.756 65.7592
62 212.821 65.7271
62.01 212.886 65.6951
62.02 212.952 65.6634
62.03 213.018 65.6318
62.04 213.084 65.6005
62.05 213.15 65.5693
62.06 213.217 65.5383
62.07 213.283 65.5075
62.08 213.35 65.4769
62.09 213.417 65.4465
62.1 213.485 65.4163
62.11 213.552 65.3862
62.12 213.62 65.3564
62.13 213.688 65.3267
62.14 213.756 65.2973
62.15 213.824 65.268
62.16 213.893 65.2389
62.17 213.962 65.21
62.18 214.031 65.1813
62.19 214.1 65.1528
62.2 214.169 65.1245
62.21 214.239 65.0964
62.22 214.308 65.0685
62.23 214.378 65.0408
62.24 214.448 65.0132
62.25 214.519 64.9859
62.26 214.589 64.9587
62.27 214.66 64.9318
62.28 214.731 64.905
62.29 214.802 64.8784
62.3 214.873 64.8521
62.31 214.944 64.8259
62.32 215.016 64.7999
62.33 215.087 64.7741
62.34 215.159 64.7486
62.35 215.231 64.7232
62.36 215.303 64.698
62.37 215.376 64.673
62.38 215.448 64.6482
62.39 215.521 64.6236
62.4 215.593 64.5992
62.41 215.666 64.575
62.42 215.74 64.551
62.43 215.813 64.5271
62.44 215.886 64.5035
62.45 215.96 64.4801
62.46 216.034 64.4569
62.47 216.107 64.4339
62.48 216.181 64.4111
62.49 216.256 64.3884
62.5 216.33 64.366
62.51 216.404 64.3438
62.52 216.479 64.3218
62.53 216.553 64.2999
62.54 216.628 64.2783
62.55 216.703 64.2569
62.56 216.778 64.2357
62.57 216.854 64.2146
62.58 216.929 64.1938
62.59 217.004 64.1732
62.6 217.08 64.1528
62.61 217.156 64.1325
62.62 217.232 64.1125
62.63 217.307 64.0927
62.64 217.384 64.0731
62.65 217.46 64.0537
62.66 217.536 64.0344
62.67 217.612 64.0154
62.68 217.689 63.9966
62.69 217.766 63.978
62.7 217.842 63.9596
62.71 217.919 63.9414
62.72 217.996 63.9234
62.73 218.073 63.9056
62.74 218.15 63.8879
62.75 218.227 63.8705
62.76 218.305 63.8533
62.77 218.382 63.8363
62.78 218.46 63.8195
62.79 218.537 63.8029
62.8 218.615 63.7866
62.81 218.693 63.7704
62.82 218.77 63.7544
62.83 218.848 63.7386
62.84 218.926 63.723
62.85 219.004 63.7076
62.86 219.082 63.6924
62.87 219.161 63.6775
62.88 219.239 63.6627
62.89 219.317 63.6481
62.9 219.396 63.6338
62.91 219.474 63.6196
62.92 219.553 63.6056
62.93 219.632 63.5919
62.94 219.71 63.5783
62.95 219.789 63.565
62.96 219.868 63.5518
62.97 219.947 63.5389
62.98 220.026 63.5261
62.99 220.105 63.5136
63 220.184 63.5013
63.01 220.263 63.4891
63.02 220.342 63.4772
63.03 220.421 63.4655
63.04 220.5 63.454
63.05 220.579 63.4426
63.06 220.659 63.4315
63.07 220.738 63.4206
63.08 220.817 63.4099
63.09 220.897 63.3994
63.1 220.976 63.3891
63.11 221.056 63.379
63.12 221.135 63.3691
63.13 221.215 63.3594
63.14 221.294 63.3499
63.15 221.374 63.3406
63.16 221.453 63.3315
63.17 221.533 63.3226
63.18 221.613 63.314
63.19 221.692 63.3055
63.2 221.772 63.2972
63.21 221.852 63.2891
63.22 221.931 63.2813
63.23 222.011 63.2736
63.24 222.091 63.2661
63.25 222.171 63.2589
63.26 222.25 63.2518
63.27 222.33 63.245
63.28 222.41 63.2383
63.29 222.489 63.2319
63.3 222.569 63.2256
63.31 222.649 63.2196
63.32 222.729 63.2137
63.33 222.808 63.2081
63.34 222.888 63.2026
63.35 222.968 63.1974
63.36 223.047 63.1924
63.37 223.127 63.1875
63.38 223.206 63.1829
63.39 223.286 63.1785
63.4 223.366 63.1742
63.41 223.445 63.1702
63.42 223.525 63.1664
63.43 223.604 63.1627
63.44 223.684 63.1593
63.45 223.763 63.1561
63.46 223.843 63.1531
63.47 223.922 63.1502
63.48 224.001 63.1476
63.49 224.081 63.1452
63.5 224.16 63.143
63.51 224.239 63.141
63.52 224.318 63.1391
63.53 224.397 63.1375
63.54 224.476 63.1361
63.55 224.555 63.1349
63.56 224.634 63.1338
63.57 224.713 63.133
63.58 224.792 63.1324
63.59 224.871 63.132
63.6 224.95 63.1317
63.61 225.028 63.1317
63.62 225.107 63.1319
63.63 225.186 63.1323
63.64 225.264 63.1328
63.65 225.343 63.1336
63.66 225.421 63.1346
63.67 225.499 63.1357
63.68 225.578 63.1371
63.69 225.656 63.1386
63.7 225.734 63.1404
63.71 225.812 63.1423
63.72 225.89 63.1445
63.73 225.968 63.1468
63.74 226.045 63.1494
63.75 226.123 63.1521
63.76 226.201 63.155
63.77 226.278 63.1582
63.78 226.355 63.1615
63.79 226.433 63.165
63.8 226.51 63.1687
63.81 226.587 63.1727
63.82 226.664 63.1768
63.83 226.741 63.1811
63.84 226.818 63.1856
63.85 226.895 63.1903
63.86 226.971 63.1951
63.87 227.048 63.2002
63.88 227.124 63.2055
63.89 227.2 63.211
63.9 227.277 63.2166
63.91 227.353 63.2225
63.92 227.429 63.2285
63.93 227.504 63.2348
63.94 227.58 63.2412
63.95 227.656 63.2478
63.96 227.731 63.2546
63.97 227.807 63.2616
63.98 227.882 63.2688
63.99 227.957 63.2762
64 228.032 63.2838
64.01 228.107 63.2916
64.02 228.181 63.2995
64.03 228.256 63.3077
64.04 228.33 63.316
64.05 228.405 63.3246
64.06 228.479 63.3333
64.07 228.553 63.3422
64.08 228.627 63.3513
64.09 228.701 63.3606
64.1 228.774 63.37
64.11 228.848 63.3797
64.12 228.921 63.3895
64.13 228.994 63.3996
64.14 229.067 63.4098
64.15 229.14 63.4202
64.16 229.212 63.4308
64.17 229.285 63.4416
64.18 229.357 63.4525
64.19 229.43 63.4637
64.2 229.502 63.475
64.21 229.573 63.4866
64.22 229.645 63.4983
64.23 229.717 63.5102
64.24 229.788 63.5222
64.25 229.859 63.5345
64.26 229.93 63.5469
64.27 230.001 63.5595
64.28 230.072 63.5724
64.29 230.142 63.5853
64.3 230.213 63.5985
64.31 230.283 63.6119
64.32 230.353 63.6254
64.33 230.422 63.6391
64.34 230.492 63.653
64.35 230.561 63.6671
64.36 230.63 63.6813
64.37 230.699 63.6958
64.38 230.768 63.7104
64.39 230.837 63.7252
64.4 230.905 63.7401
64.41 230.974 63.7553
64.42 231.042 63.7706
64.43 231.109 63.7861
64.44 231.177 63.8018
64.45 231.244 63.8176
64.46 231.312 63.8336
64.47 231.379 63.8498
64.48 231.445 63.8662
64.49 231.512 63.8828
64.5 231.578 63.8995
64.51 231.644 63.9164
64.52 231.71 63.9335
64.53 231.776 63.9507
64.54 231.842 63.9681
64.55 231.907 63.9857
64.56 231.972 64.0035
64.57 232.037 64.0214
64.58 232.101 64.0395
64.59 232.166 64.0578
64.6 232.23 64.0763
64.61 232.294 64.0949
64.62 232.358 64.1137
64.63 232.421 64.1326
64.64 232.484 64.1517
64.65 232.547 64.171
64.66 232.61 64.1905
64.67 232.673 64.2101
64.68 232.735 64.2299
64.69 232.797 64.2499
64.7 232.859 64.27
64.71 232.92 64.2903
64.72 232.982 64.3107
64.73 233.043 64.3313
64.74 233.104 64.3521
64.75 233.164 64.373
64.76 233.224 64.3941
64.77 233.285 64.4154
64.78 233.344 64.4368
64.79 233.404 64.4584
64.8 233.463 64.4802
64.81 233.522 64.5021
64.82 233.581 64.5241
64.83 233.64 64.5464
64.84 233.698 64.5688
64.85 233.756 64.5913
64.86 233.814 64.614
64.87 233.871 64.6369
64.88 233.928 64.6599
64.89 233.985 64.683
64.9 234.042 64.7064
64.91 234.098 64.7299
64.92 234.154 64.7535
64.93 234.21 64.7773
64.94 234.266 64.8012
64.95 234.321 64.8253
64.96 234.376 64.8496
64.97 234.431 64.8739
64.98 234.485 64.8985
64.99 234.54 64.9232
65 234.593 64.948
65.01 234.647 64.973
65.02 234.7 64.9982
65.03 234.753 65.0235
65.04 234.806 65.0489
65.05 234.859 65.0745
65.06 234.911 65.1002
65.07 234.963 65.1261
65.08 235.014 65.1522
65.09 235.065 65.1783
65.1 235.116 65.2046
65.11 235.167 65.2311
65.12 235.218 65.2577
65.13 235.268 65.2844
65.14 235.317 65.3113
65.15 235.367 65.3383
65.16 235.416 65.3655
65.17 235.465 65.3928
65.18 235.514 65.4202
65.19 235.562 65.4478
65.2 235.61 65.4755
65.21 235.657 65.5034
65.22 235.705 65.5314
65.23 235.752 65.5595
65.24 235.799 65.5878
65.25 235.845 65.6162
65.26 235.891 65.6447
65.27 235.937 65.6734
65.28 235.982 65.7022
65.29 236.027 65.7311
65.3 236.072 65.7602
65.31 236.117 65.7894
65.32 236.161 65.8187
65.33 236.205 65.8481
65.34 236.248 65.8777
65.35 236.292 65.9074
65.36 236.335 65.9372
65.37 236.377 65.9672
65.38 236.419 65.9973
65.39 236.461 66.0275
65.4 236.503 66.0578
65.41 236.544 66.0883
65.42 236.585 66.1188
65.43 236.626 66.1495
65.44 236.666 66.1804
65.45 236.706 66.2113
65.46 236.746 66.2424
65.47 236.785 66.2736
65.48 236.824 66.3049
65.49 236.862 66.3363
65.5 236.901 66.3678
65.51 236.938 66.3995
65.52 236.976 66.4312
65.53 237.013 66.4631
65.54 237.05 66.4951
65.55 237.087 66.5272
65.56 237.123 66.5594
65.57 237.159 66.5918
65.58 237.194 66.6242
65.59 237.23 66.6568
65.6 237.264 66.6894
65.61 237.299 66.7222
65.62 237.333 66.7551
65.63 237.367 66.788
65.64 237.4 66.8211
65.65 237.433 66.8543
65.66 237.466 66.8876
65.67 237.499 66.921
65.68 237.531 66.9545
65.69 237.562 66.9882
65.7 237.594 67.0219
65.71 237.625 67.0557
65.72 237.655 67.0896
65.73 237.686 67.1236
65.74 237.715 67.1577
65.75 237.745 67.1919
65.76 237.774 67.2262
65.77 237.803 67.2606
65.78 237.832 67.2951
65.79 237.86 67.3297
65.8 237.887 67.3644
65.81 237.915 67.3991
65.82 237.942 67.434
65.83 237.969 67.469
65.84 237.995 67.504
65.85 238.021 67.5391
65.86 238.046 67.5744
65.87 238.072 67.6097
65.88 238.097 67.6451
65.89 238.121 67.6805
65.9 238.145 67.7161
65.91 238.169 67.7518
65.92 238.192 67.7875
65.93 238.216 67.8233
65.94 238.238 67.8592
65.95 238.261 67.8952
65.96 238.282 67.9312
65.97 238.304 67.9673
65.98 238.325 68.0036
65.99 238.346 68.0398
66 238.367 68.0762
66.01 238.387 68.1126
66.02 238.406 68.1491
66.03 238.426 68.1857
66.04 238.445 68.2224
66.05 238.463 68.2591
66.06 238.482 68.2959
66.07 238.5 68.3328
66.08 238.517 68.3697
66.09 238.534 68.4067
66.1 238.551 68.4438
66.11 238.567 68.4809
66.12 238.583 68.5181
66.13 238.599 68.5553
66.14 238.614 68.5927
66.15 238.629 68.6301
66.16 238.644 68.6675
66.17 238.658 68.705
66.18 238.672 68.7426
66.19 238.685 68.7802
66.2 238.698 68.8179
66.21 238.711 68.8556
66.22 238.723 68.8934
66.23 238.735 68.9312
66.24 238.746 68.9691
66.25 238.758 69.0071
66.26 238.768 69.0451
66.27 238.779 69.0831
66.28 238.789 69.1212
66.29 238.798 69.1594
66.3 238.808 69.1976
66.31 238.817 69.2358
66.32 238.825 69.2741
66.33 238.833 69.3124
66.34 238.841 69.3508
66.35 238.848 69.3892
66.36 238.855 69.4277
66.37 238.862 69.4662
66.38 238.868 69.5047
66.39 238.874 69.5433
66.4 238.88 69.5819
66.41 238.885 69.6206
66.42 238.89 69.6592
66.43 238.894 69.698
66.44 238.898 69.7367
66.45 238.902 69.7755
66.46 238.905 69.8143
66.47 238.908 69.8532
66.48 238.91 69.892
66.49 238.913 69.9309
66.5 238.914 69.9699
66.51 238.916 70.0088
66.52 238.917 70.0478
66.53 238.917 70.0868
66.54 238.918 70.1258
66.55 238.918 70.1649
66.56 238.917 70.204
66.57 238.916 70.243
66.58 238.915 70.2822
66.59 238.914 70.3213
66.6 238.912 70.3604
66.61 238.909 70.3996
66.62 238.907 70.4388
66.63 238.903 70.478
66.64 238.9 70.5172
66.65 238.896 70.5564
66.66 238.892 70.5956
66.67 238.887 70.6348
66.68 238.883 70.6741
66.69 238.877 70.7133
66.7 238.872 70.7526
66.71 238.866 70.7918
66.72 238.859 70.8311
66.73 238.852 70.8704
66.74 238.845 70.9096
66.75 238.838 70.9489
66.76 238.83 70.9882
66.77 238.822 71.0274
66.78 238.813 71.0667
66.79 238.804 71.106
66.8 238.795 71.1452
66.81 238.785 71.1845
66.82 238.775 71.2237
66.83 238.765 71.263
66.84 238.754 71.3022
66.85 238.743 71.3414
66.86 238.731 71.3806
66.87 238.719 71.4198
66.88 238.707 71.459
66.89 238.695 71.4982
66.9 238.682 71.5374
66.91 238.669 71.5765
66.92 238.655 71.6156
66.93 238.641 71.6547
66.94 238.627 71.6938
66.95 238.612 71.7329
66.96 238.597 71.7719
66.97 238.581 71.811
66.98 238.566 71.85
66.99 238.549 71.8889
67 238.533 71.9279
67.01 238.516 71.9668
67.02 238.499 72.0057
67.03 238.481 72.0446
67.04 238.464 72.0834
67.05 238.445 72.1222
67.06 238.427 72.161
67.07 238.408 72.1997
67.08 238.389 72.2384
67.09 238.369 72.2771
67.1 238.349 72.3157
67.11 238.329 72.3543
67.12 238.308 72.3929
67.13 238.287 72.4314
67.14 238.266 72.4699
67.15 238.244 72.5083
67.16 238.222 72.5467
67.17 238.2 72.585
67.18 238.177 72.6233
67.19 238.154 72.6616
67.2 238.131 72.6998
67.21 238.107 72.738
67.22 238.083 72.7761
67.23 238.059 72.8141
67.24 238.034 72.8521
67.25 238.009 72.8901
67.26 237.984 72.928
67.27 237.959 72.9659
67.28 237.933 73.0036
67.29 237.906 73.0414
67.3 237.88 73.0791
67.31 237.853 73.1167
67.32 237.825 73.1542
67.33 237.798 73.1917
67.34 237.77 73.2292
67.35 237.742 73.2665
67.36 237.713 73.3039
67.37 237.684 73.3411
67.38 237.655 73.3783
67.39 237.626 73.4154
67.4 237.596 73.4524
67.41 237.566 73.4894
67.42 237.535 73.5263
67.43 237.505 73.5631
67.44 237.474 73.5999
67.45 237.442 73.6366
67.46 237.411 73.6732
67.47 237.379 73.7097
67.48 237.346 73.7462
67.49 237.314 73.7826
67.5 237.281 73.8189
67.51 237.248 73.8551
67.52 237.214 73.8912
67.53 237.181 73.9273
67.54 237.146 73.9633
67.55 237.112 73.9992
67.56 237.077 74.035
67.57 237.043 74.0707
67.58 237.007 74.1063
67.59 236.972 74.1419
67.6 236.936 74.1773
67.61 236.9 74.2127
67.62 236.863 74.248
67.63 236.827 74.2832
67.64 236.79 74.3183
67.65 236.753 74.3533
67.66 236.715 74.3882
67.67 236.677 74.423
67.68 236.639 74.4577
67.69 236.601 74.4923
67.7 236.562 74.5268
67.71 236.523 74.5613
67.72 236.484 74.5956
67.73 236.445 74.6298
67.74 236.405 74.6639
67.75 236.365 74.6979
67.76 236.325 74.7318
67.77 236.284 74.7656
67.78 236.243 74.7993
67.79 236.202 74.8329
67.8 236.161 74.8664
67.81 236.119 74.8997
67.82 236.078 74.933
67.83 236.036 74.9661
67.84 235.993 74.9992
67.85 235.951 75.0321
67.86 235.908 75.0649
67.87 235.865 75.0976
67.88 235.821 75.1302
67.89 235.778 75.1626
67.9 235.734 75.195
67.91 235.69 75.2272
67.92 235.646 75.2593
67.93 235.601 75.2913
67.94 235.556 75.3232
67.95 235.511 75.3549
67.96 235.466 75.3865
67.97 235.42 75.418
67.98 235.375 75.4494
67.99 235.329 75.4807
68 235.282 75.5118
68.01 235.236 75.5428
68.02 235.189 75.5736
68.03 235.142 75.6044
68.04 235.095 75.635
68.05 235.048 75.6655
68.06 235 75.6958
68.07 234.953 75.726
68.08 234.905 75.7561
68.09 234.856 75.786
68.1 234.808 75.8159
68.11 234.759 75.8455
68.12 234.711 75.8751
68.13 234.661 75.9045
68.14 234.612 75.9337
68.15 234.563 75.9629
68.16 234.513 75.9918
68.17 234.463 76.0207
68.18 234.413 76.0494
68.19 234.363 76.078
68.2 234.312 76.1064
68.21 234.262 76.1347
68.22 234.211 76.1628
68.23 234.16 76.1908
68.24 234.109 76.2186
68.25 234.057 76.2463
68.26 234.006 76.2739
68.27 233.954 76.3013
68.28 233.902 76.3285
68.29 233.85 76.3556
68.3 233.797 76.3826
68.31 233.745 76.4094
68.32 233.692 76.436
68.33 233.639 76.4625
68.34 233.586 76.4889
68.35 233.533 76.5151
68.36 233.479 76.5411
68.37 233.426 76.567
68.38 233.372 76.5927
68.39 233.318 76.6183
68.4 233.264 76.6437
68.41 233.21 76.669
68.42 233.156 76.6941
68.43 233.101 76.719
68.44 233.046 76.7438
68.45 232.992 76.7684
68.46 232.937 76.7929
68.47 232.881 76.8172
68.48 232.826 76.8413
68.49 232.771 76.8653
68.5 232.715 76.8891
68.51 232.659 76.9127
68.52 232.604 76.9362
68.53 232.548 76.9595
68.54 232.491 76.9827
68.55 232.435 77.0057
68.56 232.379 77.0285
68.57 232.322 77.0511
68.58 232.266 77.0736
68.59 232.209 77.0959
68.6 232.152 77.1181
68.61 232.095 77.14
68.62 232.038 77.1619
68.63 231.98 77.1835
68.64 231.923 77.205
68.65 231.865 77.2262
68.66 231.808 77.2474
68.67 231.75 77.2683
68.68 231.692 77.2891
68.69 231.634 77.3097
68.7 231.576 77.3301
68.71 231.518 77.3504
68.72 231.459 77.3705
68.73 231.401 77.3904
68.74 231.343 77.4101
68.75 231.284 77.4296
68.76 231.225 77.449
68.77 231.166 77.4682
68.78 231.108 77.4872
68.79 231.049 77.5061
68.8 230.989 77.5247
68.81 230.93 77.5432
68.82 230.871 77.5615
68.83 230.812 77.5796
68.84 230.752 77.5976
68.85 230.693 77.6153
68.86 230.633 77.6329
68.87 230.574 77.6503
68.88 230.514 77.6676
68.89 230.454 77.6846
68.9 230.394 77.7014
68.91 230.334 77.7181
68.92 230.274 77.7346
68.93 230.214 77.7509
68.94 230.154 77.767
68.95 230.094 77.783
68.96 230.034 77.7987
68.97 229.973 77.8143
68.98 229.913 77.8297
68.99 229.852 77.8449
69 229.792 77.8599
69.01 229.731 77.8747
69.02 229.671 77.8894
69.03 229.61 77.9039
69.04 229.549 77.9181
69.05 229.489 77.9322
69.06 229.428 77.9461
69.07 229.367 77.9598
69.08 229.306 77.9733
69.09 229.245 77.9867
69.1 229.184 77.9998
69.11 229.124 78.0128
69.12 229.063 78.0256
69.13 229.001 78.0382
69.14 228.94 78.0505
69.15 228.879 78.0628
69.16 228.818 78.0748
69.17 228.757 78.0866
69.18 228.696 78.0982
69.19 228.635 78.1097
69.2 228.574 78.121
69.21 228.512 78.132
69.22 228.451 78.1429
69.23 228.39 78.1536
69.24 228.329 78.1641
69.25 228.268 78.1744
69.26 228.206 78.1845
69.27 228.145 78.1945
69.28 228.084 78.2042
69.29 228.023 78.2138
69.3 227.961 78.2231
69.31 227.9 78.2323
69.32 227.839 78.2413
69.33 227.777 78.2501
69.34 227.716 78.2587
69.35 227.655 78.2671
69.36 227.594 78.2753
69.37 227.533 78.2833
69.38 227.471 78.2911
69.39 227.41 78.2988
69.4 227.349 78.3062
69.41 227.288 78.3135
69.42 227.227 78.3206
69.43 227.166 78.3275
69.44 227.105 78.3341
69.45 227.044 78.3406
69.46 226.982 78.347
69.47 226.921 78.3531
69.48 226.861 78.359
69.49 226.8 78.3647
69.5 226.739 78.3703
69.51 226.678 78.3756
69.52 226.617 78.3808
69.53 226.556 78.3858
69.54 226.495 78.3906
69.55 226.435 78.3952
69.56 226.374 78.3996
69.57 226.314 78.4038
69.58 226.253 78.4078
69.59 226.192 78.4116
69.6 226.132 78.4153
69.61 226.072 78.4187
69.62 226.011 78.422
69.63 225.951 78.4251
69.64 225.891 78.428
69.65 225.83 78.4307
69.66 225.77 78.4332
69.67 225.71 78.4355
69.68 225.65 78.4376
69.69 225.59 78.4396
69.7 225.53 78.4413
69.71 225.471 78.4429
69.72 225.411 78.4443
69.73 225.351 78.4455
69.74 225.292 78.4465
69.75 225.232 78.4473
69.76 225.173 78.4479
69.77 225.113 78.4484
69.78 225.054 78.4487
69.79 224.995 78.4487
69.8 224.936 78.4486
69.81 224.877 78.4483
69.82 224.818 78.4479
69.83 224.759 78.4472
69.84 224.7 78.4463
69.85 224.642 78.4453
69.86 224.583 78.4441
69.87 224.524 78.4427
69.88 224.466 78.4411
69.89 224.408 78.4393
69.9 224.35 78.4374
69.91 224.291 78.4353
69.92 224.233 78.4329
69.93 224.175 78.4304
69.94 224.118 78.4278
69.95 224.06 78.4249
69.96 224.002 78.4219
69.97 223.945 78.4187
69.98 223.888 78.4153
69.99 223.83 78.4117
70 223.773 78.4079
70.01 223.716 78.404
70.02 223.659 78.3999
70.03 223.602 78.3956
70.04 223.546 78.3911
70.05 223.489 78.3864
70.06 223.433 78.3816
70.07 223.376 78.3766
70.08 223.32 78.3714
70.09 223.264 78.3661
70.1 223.208 78.3606
70.11 223.152 78.3548
70.12 223.096 78.349
70.13 223.041 78.3429
70.14 222.985 78.3367
70.15 222.93 78.3303
70.16 222.875 78.3237
70.17 222.82 78.317
70.18 222.765 78.3101
70.19 222.71 78.303
70.2 222.655 78.2957
70.21 222.601 78.2883
70.22 222.547 78.2807
70.23 222.492 78.2729
70.24 222.438 78.265
70.25 222.384 78.2569
70.26 222.331 78.2486
70.27 222.277 78.2402
70.28 222.223 78.2316
70.29 222.17 78.2228
70.3 222.117 78.2139
70.31 222.064 78.2048
70.32 222.011 78.1955
70.33 221.958 78.1861
70.34 221.906 78.1765
70.35 221.853 78.1667
70.36 221.801 78.1568
70.37 221.749 78.1467
70.38 221.697 78.1365
70.39 221.645 78.1261
70.4 221.593 78.1155
70.41 221.542 78.1048
70.42 221.491 78.0939
70.43 221.44 78.0828
70.44 221.389 78.0716
70.45 221.338 78.0603
70.46 221.287 78.0488
70.47 221.237 78.0371
70.48 221.186 78.0253
70.49 221.136 78.0133
70.5 221.086 78.0012
70.51 221.037 77.9889
70.52 220.987 77.9764
70.53 220.938 77.9638
70.54 220.888 77.9511
70.55 220.839 77.9382
70.56 220.791 77.9252
70.57 220.742 77.912
70.58 220.693 77.8986
70.59 220.645 77.8851
70.6 220.597 77.8715
70.61 220.549 77.8577
70.62 220.501 77.8438
70.63 220.454 77.8297
70.64 220.406 77.8154
70.65 220.359 77.8011
70.66 220.312 77.7866
70.67 220.265 77.7719
70.68 220.218 77.7571
70.69 220.172 77.7422
70.7 220.126 77.7271
70.71 220.08 77.7118
70.72 220.034 77.6965
70.73 219.988 77.681
70.74 219.943 77.6653
70.75 219.897 77.6496
70.76 219.852 77.6336
70.77 219.807 77.6176
70.78 219.763 77.6014
70.79 219.718 77.5851
70.8 219.674 77.5686
70.81 219.63 77.552
70.82 219.586 77.5353
70.83 219.542 77.5184
70.84 219.499 77.5014
70.85 219.456 77.4843
70.86 219.412 77.4671
70.87 219.37 77.4497
70.88 219.327 77.4322
70.89 219.285 77.4146
70.9 219.242 77.3968
70.91 219.2 77.3789
70.92 219.159 77.3609
70.93 219.117 77.3428
70.94 219.076 77.3245
70.95 219.034 77.3061
70.96 218.993 77.2876
70.97 218.953 77.269
70.98 218.912 77.2502
70.99 218.872 77.2313
71 218.832 77.2124
71.01 218.792 77.1932
71.02 218.752 77.174
71.03 218.713 77.1547
71.04 218.674 77.1352
71.05 218.635 77.1156
71.06 218.596 77.0959
71.07 218.557 77.0761
71.08 218.519 77.0562
71.09 218.481 77.0362
71.1 218.443 77.016
71.11 218.406 76.9958
71.12 218.368 76.9754
71.13 218.331 76.9549
71.14 218.294 76.9344
71.15 218.257 76.9137
71.16 218.221 76.8929
71.17 218.184 76.872
71.18 218.148 76.851
71.19 218.112 76.8298
71.2 218.077 76.8086
71.21 218.042 76.7873
71.22 218.006 76.7659
71.23 217.971 76.7444
71.24 217.937 76.7227
71.25 217.902 76.701
71.26 217.868 76.6792
71.27 217.834 76.6573
71.28 217.8 76.6352
71.29 217.767 76.6131
71.3 217.734 76.5909
71.31 217.701 76.5686
71.32 217.668 76.5462
71.33 217.635 76.5237
71.34 217.603 76.5011
71.35 217.571 76.4784
71.36 217.539 76.4556
71.37 217.507 76.4328
71.38 217.476 76.4098
71.39 217.445 76.3868
71.4 217.414 76.3637
71.41 217.383 76.3404
71.42 217.353 76.3171
71.43 217.323 76.2938
71.44 217.293 76.2703
71.45 217.263 76.2467
71.46 217.233 76.2231
71.47 217.204 76.1994
71.48 217.175 76.1756
71.49 217.146 76.1517
71.5 217.118 76.1277
71.51 217.09 76.1037
71.52 217.062 76.0796
71.53 217.034 76.0554
71.54 217.006 76.0311
71.55 216.979 76.0067
71.56 216.952 75.9823
71.57 216.925 75.9578
71.58 216.899 75.9333
71.59 216.872 75.9086
71.6 216.846 75.8839
71.61 216.821 75.8591
71.62 216.795 75.8343
71.63 216.77 75.8093
71.64 216.745 75.7843
71.65 216.72 75.7593
71.66 216.695 75.7342
71.67 216.671 75.709
71.68 216.647 75.6837
71.69 216.623 75.6584
71.7 216.599 75.633
71.71 216.576 75.6076
71.72 216.553 75.5821
71.73 216.53 75.5565
71.74 216.508 75.5309
71.75 216.485 75.5052
71.76 216.463 75.4794
71.77 216.441 75.4536
71.78 216.42 75.4278
71.79 216.398 75.4019
71.8 216.377 75.3759
71.81 216.356 75.3499
71.82 216.336 75.3238
71.83 216.315 75.2976
71.84 216.295 75.2715
71.85 216.275 75.2452
71.86 216.256 75.2189
71.87 216.237 75.1926
71.88 216.217 75.1662
71.89 216.199 75.1398
71.9 216.18 75.1133
71.91 216.162 75.0868
71.92 216.144 75.0602
71.93 216.126 75.0336
71.94 216.108 75.007
71.95 216.091 74.9803
71.96 216.074 74.9535
71.97 216.057 74.9267
71.98 216.04 74.8999
71.99 216.024 74.8731
72 216.008 74.8461
72.01 215.992 74.8192
72.02 215.976 74.7922
72.03 215.961 74.7652
72.04 215.946 74.7382
72.05 215.931 74.7111
72.06 215.917 74.684
72.07 215.902 74.6568
72.08 215.888 74.6296
72.09 215.874 74.6024
72.1 215.861 74.5752
72.11 215.848 74.5479
72.12 215.834 74.5206
72.13 215.822 74.4932
72.14 215.809 74.4659
72.15 215.797 74.4385
72.16 215.785 74.4111
72.17 215.773 74.3836
72.18 215.761 74.3562
72.19 215.75 74.3287
72.2 215.739 74.3012
72.21 215.728 74.2736
72.22 215.717 74.2461
72.23 215.707 74.2185
72.24 215.697 74.1909
72.25 215.687 74.1633
72.26 215.678 74.1356
72.27 215.668 74.108
72.28 215.659 74.0803
72.29 215.65 74.0526
72.3 215.642 74.0249
72.31 215.634 73.9972
72.32 215.625 73.9695
72.33 215.618 73.9417
72.34 215.61 73.914
72.35 215.603 73.8862
72.36 215.596 73.8584
72.37 215.589 73.8306
72.38 215.582 73.8028
72.39 215.576 73.775
72.4 215.57 73.7472
72.41 215.564 73.7194
72.42 215.558 73.6916
72.43 215.553 73.6637
72.44 215.548 73.6359
72.45 215.543 73.6081
72.46 215.538 73.5802
72.47 215.534 73.5524
72.48 215.53 73.5245
72.49 215.526 73.4967
72.5 215.522 73.4688
72.51 215.519 73.441
72.52 215.516 73.4131
72.53 215.513 73.3853
72.54 215.51 73.3574
72.55 215.508 73.3296
72.56 215.505 73.3017
72.57 215.503 73.2739
72.58 215.502 73.2461
72.59 215.5 73.2182
72.6 215.499 73.1904
72.61 215.498 73.1626
72.62 215.497 73.1348
72.63 215.497 73.107
72.64 215.497 73.0792
72.65 215.497 73.0514
72.66 215.497 73.0237
72.67 215.497 72.9959
72.68 215.498 72.9682
72.69 215.499 72.9405
72.7 215.5 72.9127
72.71 215.501 72.885
72.72 215.503 72.8574
72.73 215.505 72.8297
72.74 215.507 72.802
72.75 215.509 72.7744
72.76 215.512 72.7468
72.77 215.515 72.7192
72.78 215.518 72.6916
72.79 215.521 72.664
72.8 215.525 72.6365
72.81 215.529 72.609
72.82 215.533 72.5815
72.83 215.537 72.554
72.84 215.541 72.5266
72.85 215.546 72.4991
72.86 215.551 72.4717
72.87 215.556 72.4443
72.88 215.561 72.417
72.89 215.567 72.3897
72.9 215.573 72.3624
72.91 215.579 72.3351
72.92 215.585 72.3078
72.93 215.592 72.2806
72.94 215.599 72.2534
72.95 215.605 72.2263
72.96 215.613 72.1992
72.97 215.62 72.1721
72.98 215.628 72.145
72.99 215.636 72.118
73 215.644 72.091
73.01 215.652 72.064
73.02 215.661 72.0371
73.03 215.669 72.0102
73.04 215.678 71.9833
73.05 215.688 71.9565
73.06 215.697 71.9297
73.07 215.707 71.903
73.08 215.717 71.8763
73.09 215.727 71.8496
73.1 215.737 71.823
73.11 215.748 71.7964
73.12 215.758 71.7698
73.13 215.769 71.7433
73.14 215.781 71.7168
73.15 215.792 71.6904
73.16 215.804 71.664
73.17 215.816 71.6377
73.18 215.828 71.6114
73.19 215.84 71.5851
73.2 215.852 71.5589
73.21 215.865 71.5328
73.22 215.878 71.5067
73.23 215.891 71.4806
73.24 215.905 71.4546
73.25 215.918 71.4286
73.26 215.932 71.4027
73.27 215.946 71.3768
73.28 215.96 71.351
73.29 215.974 71.3252
73.3 215.989 71.2995
73.31 216.004 71.2738
73.32 216.019 71.2482
73.33 216.034 71.2226
73.34 216.049 71.1971
73.35 216.065 71.1716
73.36 216.081 71.1462
73.37 216.097 71.1209
73.38 216.113 71.0956
73.39 216.13 71.0703
73.4 216.146 71.0451
73.41 216.163 71.02
73.42 216.18 70.9949
73.43 216.197 70.9699
73.44 216.215 70.945
73.45 216.233 70.92
73.46 216.25 70.8952
73.47 216.268 70.8704
73.48 216.287 70.8457
73.49 216.305 70.821
73.5 216.324 70.7964
73.51 216.342 70.7719
73.52 216.361 70.7474
73.53 216.381 70.723
73.54 216.4 70.6987
73.55 216.42 70.6744
73.56 216.439 70.6501
73.57 216.459 70.626
73.58 216.48 70.6019
73.59 216.5 70.5779
73.6 216.52 70.5539
73.61 216.541 70.53
73.62 216.562 70.5062
73.63 216.583 70.4824
73.64 216.604 70.4587
73.65 216.626 70.4351
73.66 216.647 70.4115
73.67 216.669 70.388
73.68 216.691 70.3646
73.69 216.713 70.3413
73.7 216.736 70.318
73.71 216.758 70.2948
73.72 216.781 70.2716
73.73 216.804 70.2486
73.74 216.827 70.2256
73.75 216.85 70.2026
73.76 216.874 70.1798
73.77 216.897 70.157
73.78 216.921 70.1343
73.79 216.945 70.1117
73.8 216.969 70.0891
73.81 216.994 70.0667
73.82 217.018 70.0443
73.83 217.043 70.0219
73.84 217.067 69.9997
73.85 217.092 69.9775
73.86 217.118 69.9554
73.87 217.143 69.9334
73.88 217.168 69.9115
73.89 217.194 69.8896
73.9 217.22 69.8678
73.91 217.246 69.8461
73.92 217.272 69.8245
73.93 217.298 69.8029
73.94 217.325 69.7815
73.95 217.351 69.7601
73.96 217.378 69.7388
73.97 217.405 69.7176
73.98 217.432 69.6964
73.99 217.459 69.6754
74 217.487 69.6544
74.01 217.514 69.6335
74.02 217.542 69.6127
74.03 217.57 69.592
74.04 217.598 69.5713
74.05 217.626 69.5508
74.06 217.654 69.5303
74.07 217.683 69.5099
74.08 217.712 69.4896
74.09 217.74 69.4694
74.1 217.769 69.4493
74.11 217.798 69.4292
74.12 217.828 69.4093
74.13 217.857 69.3894
74.14 217.886 69.3696
74.15 217.916 69.3499
74.16 217.946 69.3303
74.17 217.976 69.3108
74.18 218.006 69.2914
74.19 218.036 69.272
74.2 218.067 69.2528
74.21 218.097 69.2336
74.22 218.128 69.2145
74.23 218.158 69.1956
74.24 218.189 69.1767
74.25 218.22 69.1579
74.26 218.252 69.1392
74.27 218.283 69.1205
74.28 218.314 69.102
74.29 218.346 69.0836
74.3 218.378 69.0652
74.31 218.41 69.047
74.32 218.441 69.0288
74.33 218.474 69.0108
74.34 218.506 68.9928
74.35 218.538 68.9749
74.36 218.571 68.9572
74.37 218.603 68.9395
74.38 218.636 68.9219
74.39 218.669 68.9044
74.4 218.702 68.887
74.41 218.735 68.8697
74.42 218.768 68.8525
74.43 218.801 68.8353
74.44 218.835 68.8183
74.45 218.868 68.8014
74.46 218.902 68.7846
74.47 218.936 68.7678
74.48 218.97 68.7512
74.49 219.004 68.7347
74.5 219.038 68.7182
74.51 219.072 68.7019
74.52 219.107 68.6857
74.53 219.141 68.6695
74.54 219.176 68.6535
74.55 219.21 68.6375
74.56 219.245 68.6217
74.57 219.28 68.6059
74.58 219.315 68.5903
74.59 219.35 68.5747
74.6 219.385 68.5593
74.61 219.421 68.5439
74.62 219.456 68.5287
74.63 219.491 68.5135
74.64 219.527 68.4985
74.65 219.563 68.4836
74.66 219.599 68.4687
74.67 219.634 68.454
74.68 219.67 68.4393
74.69 219.707 68.4248
74.7 219.743 68.4103
74.71 219.779 68.396
74.72 219.815 68.3818
74.73 219.852 68.3677
74.74 219.888 68.3536
74.75 219.925 68.3397
74.76 219.962 68.3259
74.77 219.999 68.3122
74.78 220.035 68.2985
74.79 220.072 68.285
74.8 220.109 68.2716
74.81 220.147 68.2583
74.82 220.184 68.2451
74.83 220.221 68.232
74.84 220.259 68.219
74.85 220.296 68.2062
74.86 220.334 68.1934
74.87 220.371 68.1807
74.88 220.409 68.1681
74.89 220.447 68.1557
74.9 220.485 68.1433
74.91 220.522 68.131
74.92 220.56 68.1189
74.93 220.599 68.1068
74.94 220.637 68.0949
74.95 220.675 68.0831
74.96 220.713 68.0714
74.97 220.752 68.0597
74.98 220.79 68.0482
74.99 220.828 68.0368
75 220.867 68.0255
75.01 220.906 68.0143
75.02 220.944 68.0032
75.03 220.983 67.9923
75.04 221.022 67.9814
75.05 221.061 67.9706
75.06 221.099 67.96
75.07 221.138 67.9494
75.08 221.177 67.939
75.09 221.217 67.9286
75.1 221.256 67.9184
75.11 221.295 67.9083
75.12 221.334 67.8983
75.13 221.373 67.8884
75.14 221.413 67.8786
75.15 221.452 67.8689
75.16 221.492 67.8593
75.17 221.531 67.8499
75.18 221.571 67.8405
75.19 221.61 67.8312
75.2 221.65 67.8221
75.21 221.689 67.8131
75.22 221.729 67.8041
75.23 221.769 67.7953
75.24 221.809 67.7866
75.25 221.849 67.778
75.26 221.888 67.7695
75.27 221.928 67.7611
75.28 221.968 67.7529
75.29 222.008 67.7447
75.3 222.048 67.7367
75.31 222.088 67.7287
75.32 222.128 67.7209
75.33 222.169 67.7132
75.34 222.209 67.7055
75.35 222.249 67.698
75.36 222.289 67.6906
75.37 222.329 67.6834
75.38 222.37 67.6762
75.39 222.41 67.6691
75.4 222.45 67.6622
75.41 222.49 67.6553
75.42 222.531 67.6486
75.43 222.571 67.6419
75.44 222.612 67.6354
75.45 222.652 67.629
75.46 222.692 67.6227
75.47 222.733 67.6165
75.48 222.773 67.6105
75.49 222.814 67.6045
75.5 222.854 67.5986
75.51 222.895 67.5929
75.52 222.935 67.5873
75.53 222.976 67.5817
75.54 223.017 67.5763
75.55 223.057 67.571
75.56 223.098 67.5658
75.57 223.138 67.5607
75.58 223.179 67.5557
75.59 223.219 67.5509
75.6 223.26 67.5461
75.61 223.301 67.5415
75.62 223.341 67.5369
75.63 223.382 67.5325
75.64 223.422 67.5282
75.65 223.463 67.524
75.66 223.504 67.5199
75.67 223.544 67.5159
75.68 223.585 67.512
75.69 223.625 67.5083
75.7 223.666 67.5046
75.71 223.707 67.5011
75.72 223.747 67.4976
75.73 223.788 67.4943
75.74 223.828 67.4911
75.75 223.869 67.488
75.76 223.909 67.485
75.77 223.95 67.4821
75.78 223.991 67.4793
75.79 224.031 67.4766
75.8 224.072 67.4741
75.81 224.112 67.4716
75.82 224.152 67.4693
75.83 224.193 67.4671
75.84 224.233 67.4649
75.85 224.274 67.4629
75.86 224.314 67.461
75.87 224.355 67.4592
75.88 224.395 67.4575
75.89 224.435 67.4559
75.9 224.475 67.4545
75.91 224.516 67.4531
75.92 224.556 67.4519
75.93 224.596 67.4507
75.94 224.636 67.4497
75.95 224.677 67.4488
75.96 224.717 67.4479
75.97 224.757 67.4472
75.98 224.797 67.4466
75.99 224.837 67.4461
76 224.877 67.4457
76.01 224.917 67.4455
76.02 224.957 67.4453
76.03 224.997 67.4452
76.04 225.036 67.4453
76.05 225.076 67.4454
76.06 225.116 67.4457
76.07 225.156 67.4461
76.08 225.195 67.4465
76.09 225.235 67.4471
76.1 225.275 67.4478
76.11 225.314 67.4486
76.12 225.354 67.4495
76.13 225.393 67.4505
76.14 225.433 67.4516
76.15 225.472 67.4528
76.16 225.511 67.4542
76.17 225.551 67.4556
76.18 225.59 67.4571
76.19 225.629 67.4588
76.2 225.668 67.4605
76.21 225.707 67.4624
76.22 225.746 67.4643
76.23 225.785 67.4664
76.24 225.824 67.4686
76.25 225.863 67.4709
76.26 225.902 67.4732
76.27 225.941 67.4757
76.28 225.979 67.4783
76.29 226.018 67.481
76.3 226.056 67.4838
76.31 226.095 67.4867
76.32 226.133 67.4897
76.33 226.172 67.4928
76.34 226.21 67.496
76.35 226.248 67.4994
76.36 226.286 67.5028
76.37 226.324 67.5063
76.38 226.362 67.5099
76.39 226.4 67.5137
76.4 226.438 67.5175
76.41 226.476 67.5214
76.42 226.514 67.5255
76.43 226.551 67.5296
76.44 226.589 67.5339
76.45 226.626 67.5382
76.46 226.664 67.5426
76.47 226.701 67.5472
76.48 226.739 67.5518
76.49 226.776 67.5566
76.5 226.813 67.5614
76.51 226.85 67.5664
76.52 226.887 67.5714
76.53 226.924 67.5766
76.54 226.96 67.5818
76.55 226.997 67.5872
76.56 227.034 67.5926
76.57 227.07 67.5982
76.58 227.107 67.6038
76.59 227.143 67.6096
76.6 227.179 67.6154
76.61 227.216 67.6214
76.62 227.252 67.6274
76.63 227.288 67.6335
76.64 227.324 67.6398
76.65 227.359 67.6461
76.66 227.395 67.6525
76.67 227.431 67.6591
76.68 227.466 67.6657
76.69 227.502 67.6724
76.7 227.537 67.6792
76.71 227.572 67.6862
76.72 227.608 67.6932
76.73 227.643 67.7003
76.74 227.678 67.7075
76.75 227.712 67.7148
76.76 227.747 67.7222
76.77 227.782 67.7297
76.78 227.816 67.7373
76.79 227.851 67.7449
76.8 227.885 67.7527
76.81 227.919 67.7606
76.82 227.954 67.7685
76.83 227.988 67.7766
76.84 228.022 67.7847
76.85 228.055 67.793
76.86 228.089 67.8013
76.87 228.123 67.8097
76.88 228.156 67.8182
76.89 228.189 67.8268
76.9 228.223 67.8355
76.91 228.256 67.8443
76.92 228.289 67.8532
76.93 228.322 67.8622
76.94 228.355 67.8712
76.95 228.387 67.8804
76.96 228.42 67.8896
76.97 228.452 67.899
76.98 228.485 67.9084
76.99 228.517 67.9179
77 228.549 67.9275
77.01 228.581 67.9372
77.02 228.613 67.947
77.03 228.644 67.9568
77.04 228.676 67.9668
77.05 228.708 67.9768
77.06 228.739 67.9869
77.07 228.77 67.9971
77.08 228.801 68.0074
77.09 228.832 68.0178
77.1 228.863 68.0283
77.11 228.894 68.0389
77.12 228.924 68.0495
77.13 228.955 68.0602
77.14 228.985 68.071
77.15 229.015 68.0819
77.16 229.046 68.0929
77.17 229.076 68.104
77.18 229.105 68.1151
77.19 229.135 68.1263
77.2 229.165 68.1376
77.21 229.194 68.149
77.22 229.223 68.1605
77.23 229.252 68.1721
77.24 229.281 68.1837
77.25 229.31 68.1954
77.26 229.339 68.2072
77.27 229.368 68.2191
77.28 229.396 68.231
77.29 229.424 68.2431
77.3 229.453 68.2552
77.31 229.481 68.2674
77.32 229.509 68.2797
77.33 229.536 68.292
77.34 229.564 68.3045
77.35 229.591 68.317
77.36 229.619 68.3295
77.37 229.646 68.3422
77.38 229.673 68.3549
77.39 229.7 68.3678
77.4 229.727 68.3807
77.41 229.753 68.3936
77.42 229.78 68.4067
77.43 229.806 68.4198
77.44 229.832 68.433
77.45 229.858 68.4462
77.46 229.884 68.4596
77.47 229.91 68.473
77.48 229.935 68.4865
77.49 229.961 68.5
77.5 229.986 68.5136
77.51 230.011 68.5273
77.52 230.036 68.5411
77.53 230.061 68.555
77.54 230.086 68.5689
77.55 230.11 68.5829
77.56 230.134 68.5969
77.57 230.159 68.611
77.58 230.183 68.6252
77.59 230.207 68.6395
77.6 230.23 68.6538
77.61 230.254 68.6682
77.62 230.277 68.6827
77.63 230.3 68.6972
77.64 230.324 68.7118
77.65 230.347 68.7265
77.66 230.369 68.7412
77.67 230.392 68.756
77.68 230.414 68.7709
77.69 230.437 68.7858
77.7 230.459 68.8008
77.71 230.481 68.8158
77.72 230.503 68.831
77.73 230.524 68.8461
77.74 230.546 68.8614
77.75 230.567 68.8767
77.76 230.588 68.892
77.77 230.609 68.9075
77.78 230.63 68.923
77.79 230.651 68.9385
77.8 230.671 68.9541
77.81 230.691 68.9698
77.82 230.712 68.9855
77.83 230.732 69.0013
77.84 230.751 69.0172
77.85 230.771 69.0331
77.86 230.791 69.049
77.87 230.81 69.0651
77.88 230.829 69.0811
77.89 230.848 69.0973
77.9 230.867 69.1135
77.91 230.885 69.1297
77.92 230.904 69.146
77.93 230.922 69.1624
77.94 230.94 69.1788
77.95 230.958 69.1953
77.96 230.976 69.2118
77.97 230.994 69.2283
77.98 231.011 69.245
77.99 231.028 69.2616
78 231.046 69.2784
78.01 231.063 69.2951
78.02 231.079 69.312
78.03 231.096 69.3289
78.04 231.112 69.3458
78.05 231.128 69.3628
78.06 231.145 69.3798
78.07 231.16 69.3969
78.08 231.176 69.414
78.09 231.192 69.4312
78.1 231.207 69.4484
78.11 231.222 69.4656
78.12 231.237 69.483
78.13 231.252 69.5003
78.14 231.267 69.5177
78.15 231.281 69.5352
78.16 231.295 69.5527
78.17 231.31 69.5702
78.18 231.323 69.5878
78.19 231.337 69.6054
78.2 231.351 69.6231
78.21 231.364 69.6408
78.22 231.377 69.6585
78.23 231.391 69.6763
78.24 231.403 69.6941
78.25 231.416 69.712
78.26 231.429 69.7299
78.27 231.441 69.7479
78.28 231.453 69.7659
78.29 231.465 69.7839
78.3 231.477 69.802
78.31 231.488 69.8201
78.32 231.5 69.8382
78.33 231.511 69.8564
78.34 231.522 69.8746
78.35 231.533 69.8928
78.36 231.544 69.9111
78.37 231.554 69.9294
78.38 231.565 69.9478
78.39 231.575 69.9662
78.4 231.585 69.9846
78.41 231.595 70.003
78.42 231.604 70.0215
78.43 231.614 70.04
78.44 231.623 70.0586
78.45 231.632 70.0771
78.46 231.641 70.0957
78.47 231.649 70.1144
78.48 231.658 70.133
78.49 231.666 70.1517
78.5 231.675 70.1705
78.51 231.682 70.1892
78.52 231.69 70.208
78.53 231.698 70.2268
78.54 231.705 70.2456
78.55 231.713 70.2645
78.56 231.72 70.2833
78.57 231.726 70.3022
78.58 231.733 70.3212
78.59 231.74 70.3401
78.6 231.746 70.3591
78.61 231.752 70.3781
78.62 231.758 70.3971
78.63 231.764 70.4162
78.64 231.769 70.4352
78.65 231.775 70.4543
78.66 231.78 70.4734
78.67 231.785 70.4925
78.68 231.79 70.5117
78.69 231.795 70.5308
78.7 231.799 70.55
78.71 231.804 70.5692
78.72 231.808 70.5884
78.73 231.812 70.6076
78.74 231.815 70.6269
78.75 231.819 70.6461
78.76 231.822 70.6654
78.77 231.826 70.6847
78.78 231.829 70.704
78.79 231.831 70.7233
78.8 231.834 70.7427
78.81 231.837 70.762
78.82 231.839 70.7814
78.83 231.841 70.8007
78.84 231.843 70.8201
78.85 231.845 70.8395
78.86 231.846 70.8589
78.87 231.848 70.8783
78.88 231.849 70.8977
78.89 231.85 70.9172
78.9 231.851 70.9366
78.91 231.851 70.956
78.92 231.852 70.9755
78.93 231.852 70.9949
78.94 231.852 71.0144
78.95 231.852 71.0339
78.96 231.852 71.0533
78.97 231.852 71.0728
78.98 231.851 71.0923
78.99 231.85 71.1118
79 231.849 71.1313
79.01 231.848 71.1508
79.02 231.847 71.1703
79.03 231.845 71.1897
79.04 231.844 71.2092
79.05 231.842 71.2287
79.06 231.84 71.2482
79.07 231.838 71.2677
79.08 231.835 71.2872
79.09 231.833 71.3067
79.1 231.83 71.3262
79.11 231.827 71.3457
79.12 231.824 71.3652
79.13 231.821 71.3846
79.14 231.817 71.4041
79.15 231.814 71.4236
79.16 231.81 71.443
79.17 231.806 71.4625
79.18 231.802 71.482
79.19 231.797 71.5014
79.2 231.793 71.5208
79.21 231.788 71.5403
79.22 231.783 71.5597
79.23 231.778 71.5791
79.24 231.773 71.5985
79.25 231.768 71.6179
79.26 231.762 71.6373
79.27 231.757 71.6566
79.28 231.751 71.676
79.29 231.745 71.6954
79.3 231.738 71.7147
79.31 231.732 71.734
79.32 231.725 71.7533
79.33 231.719 71.7726
79.34 231.712 71.7919
79.35 231.705 71.8112
79.36 231.697 71.8304
79.37 231.69 71.8496
79.38 231.682 71.8689
79.39 231.675 71.8881
79.4 231.667 71.9073
79.41 231.659 71.9264
79.42 231.65 71.9456
79.43 231.642 71.9647
79.44 231.633 71.9838
79.45 231.624 72.0029
79.46 231.615 72.022
79.47 231.606 72.041
79.48 231.597 72.06
79.49 231.588 72.079
79.5 231.578 72.098
79.51 231.568 72.117
79.52 231.558 72.1359
79.53 231.548 72.1548
79.54 231.538 72.1737
79.55 231.528 72.1926
79.56 231.517 72.2114
79.57 231.506 72.2302
79.58 231.495 72.249
79.59 231.484 72.2678
79.6 231.473 72.2865
79.61 231.462 72.3052
79.62 231.45 72.3239
79.63 231.438 72.3425
79.64 231.427 72.3611
79.65 231.415 72.3797
79.66 231.402 72.3983
79.67 231.39 72.4168
79.68 231.378 72.4353
79.69 231.365 72.4538
79.7 231.352 72.4722
79.71 231.339 72.4906
79.72 231.326 72.509
79.73 231.313 72.5273
79.74 231.299 72.5456
79.75 231.286 72.5638
79.76 231.272 72.5821
79.77 231.258 72.6003
79.78 231.244 72.6184
79.79 231.23 72.6365
79.8 231.216 72.6546
79.81 231.201 72.6727
79.82 231.187 72.6907
79.83 231.172 72.7086
79.84 231.157 72.7266
79.85 231.142 72.7445
79.86 231.127 72.7623
79.87 231.111 72.7801
79.88 231.096 72.7979
79.89 231.08 72.8156
79.9 231.064 72.8333
79.91 231.049 72.851
79.92 231.032 72.8686
79.93 231.016 72.8861
79.94 231 72.9036
79.95 230.983 72.9211
79.96 230.967 72.9385
79.97 230.95 72.9559
79.98 230.933 72.9733
79.99 230.916 72.9906
80 230.899 73.0078
80.01 230.881 73.025
80.02 230.864 73.0422
80.03 230.846 73.0593
80.04 230.829 73.0763
80.05 230.811 73.0934
80.06 230.793 73.1103
80.07 230.774 73.1272
80.08 230.756 73.1441
80.09 230.738 73.1609
80.1 230.719 73.1777
80.11 230.701 73.1944
80.12 230.682 73.2111
80.13 230.663 73.2277
80.14 230.644 73.2442
80.15 230.624 73.2607
80.16 230.605 73.2772
80.17 230.586 73.2936
80.18 230.566 73.31
80.19 230.546 73.3262
80.2 230.527 73.3425
80.21 230.507 73.3587
80.22 230.486 73.3748
80.23 230.466 73.3909
80.24 230.446 73.4069
80.25 230.425 73.4229
80.26 230.405 73.4388
80.27 230.384 73.4546
80.28 230.363 73.4704
80.29 230.342 73.4861
80.3 230.321 73.5018
80.31 230.3 73.5174
80.32 230.279 73.533
80.33 230.258 73.5485
80.34 230.236 73.5639
80.35 230.214 73.5793
80.36 230.193 73.5946
80.37 230.171 73.6099
80.38 230.149 73.6251
80.39 230.127 73.6402
80.4 230.104 73.6553
80.41 230.082 73.6703
80.42 230.06 73.6852
80.43 230.037 73.7001
80.44 230.015 73.7149
80.45 229.992 73.7297
80.46 229.969 73.7444
80.47 229.946 73.759
80.48 229.923 73.7735
80.49 229.9 73.788
80.5 229.876 73.8025
80.51 229.853 73.8168
80.52 229.83 73.8311
80.53 229.806 73.8454
80.54 229.782 73.8595
80.55 229.759 73.8736
80.56 229.735 73.8876
80.57 229.711 73.9016
80.58 229.687 73.9155
80.59 229.662 73.9293
80.6 229.638 73.9431
80.61 229.614 73.9567
80.62 229.589 73.9704
80.63 229.565 73.9839
80.64 229.54 73.9974
80.65 229.515 74.0108
80.66 229.491 74.0241
80.67 229.466 74.0374
80.68 229.441 74.0506
80.69 229.415 74.0637
80.7 229.39 74.0767
80.71 229.365 74.0897
80.72 229.34 74.1026
80.73 229.314 74.1154
80.74 229.289 74.1282
80.75 229.263 74.1409
80.76 229.237 74.1535
80.77 229.212 74.166
80.78 229.186 74.1784
80.79 229.16 74.1908
80.8 229.134 74.2031
80.81 229.108 74.2154
80.82 229.081 74.2275
80.83 229.055 74.2396
80.84 229.029 74.2516
80.85 229.002 74.2635
80.86 228.976 74.2754
80.87 228.949 74.2872
80.88 228.923 74.2989
80.89 228.896 74.3105
80.9 228.869 74.322
80.91 228.842 74.3335
80.92 228.815 74.3449
80.93 228.788 74.3562
80.94 228.761 74.3674
80.95 228.734 74.3785
80.96 228.707 74.3896
80.97 228.68 74.4006
80.98 228.652 74.4115
80.99 228.625 74.4223
81 228.597 74.4331
81.01 228.57 74.4438
81.02 228.542 74.4544
81.03 228.515 74.4649
81.04 228.487 74.4753
81.05 228.459 74.4856
81.06 228.431 74.4959
81.07 228.403 74.5061
81.08 228.375 74.5162
81.09 228.347 74.5262
81.1 228.319 74.5361
81.11 228.291 74.546
81.12 228.263 74.5558
81.13 228.235 74.5655
81.14 228.207 74.5751
81.15 228.178 74.5846
81.16 228.15 74.594
81.17 228.121 74.6034
81.18 228.093 74.6127
81.19 228.064 74.6218
81.2 228.036 74.631
81.21 228.007 74.64
81.22 227.978 74.6489
81.23 227.95 74.6578
81.24 227.921 74.6665
81.25 227.892 74.6752
81.26 227.863 74.6838
81.27 227.834 74.6923
81.28 227.806 74.7007
81.29 227.777 74.7091
81.3 227.748 74.7173
81.31 227.719 74.7255
81.32 227.689 74.7336
81.33 227.66 74.7416
81.34 227.631 74.7495
81.35 227.602 74.7573
81.36 227.573 74.7651
81.37 227.544 74.7727
81.38 227.514 74.7803
81.39 227.485 74.7877
81.4 227.456 74.7951
81.41 227.426 74.8024
81.42 227.397 74.8097
81.43 227.367 74.8168
81.44 227.338 74.8238
81.45 227.308 74.8308
81.46 227.279 74.8376
81.47 227.249 74.8444
81.48 227.22 74.8511
81.49 227.19 74.8577
81.5 227.161 74.8642
81.51 227.131 74.8707
81.52 227.101 74.877
81.53 227.072 74.8832
81.54 227.042 74.8894
81.55 227.012 74.8955
81.56 226.983 74.9015
81.57 226.953 74.9074
81.58 226.923 74.9132
81.59 226.893 74.9189
81.6 226.864 74.9245
81.61 226.834 74.93
81.62 226.804 74.9355
81.63 226.774 74.9409
81.64 226.744 74.9461
81.65 226.715 74.9513
81.66 226.685 74.9564
81.67 226.655 74.9614
81.68 226.625 74.9663
81.69 226.595 74.9712
81.7 226.565 74.9759
81.71 226.535 74.9806
81.72 226.505 74.9851
81.73 226.476 74.9896
81.74 226.446 74.994
81.75 226.416 74.9983
81.76 226.386 75.0025
81.77 226.356 75.0066
81.78 226.326 75.0106
81.79 226.296 75.0145
81.8 226.266 75.0184
81.81 226.236 75.0221
81.82 226.207 75.0258
81.83 226.177 75.0294
81.84 226.147 75.0329
81.85 226.117 75.0363
81.86 226.087 75.0396
81.87 226.057 75.0428
81.88 226.027 75.0459
81.89 225.998 75.049
81.9 225.968 75.0519
81.91 225.938 75.0548
81.92 225.908 75.0575
81.93 225.878 75.0602
81.94 225.849 75.0628
81.95 225.819 75.0653
81.96 225.789 75.0677
81.97 225.76 75.0701
81.98 225.73 75.0723
81.99 225.7 75.0744
82 225.67 75.0765
82.01 225.641 75.0785
82.02 225.611 75.0803
82.03 225.582 75.0821
82.04 225.552 75.0838
82.05 225.522 75.0854
82.06 225.493 75.087
82.07 225.463 75.0884
82.08 225.434 75.0898
82.09 225.404 75.091
82.1 225.375 75.0922
82.11 225.346 75.0933
82.12 225.316 75.0943
82.13 225.287 75.0952
82.14 225.258 75.096
82.15 225.228 75.0967
82.16 225.199 75.0974
82.17 225.17 75.0979
82.18 225.141 75.0984
82.19 225.111 75.0988
82.2 225.082 75.099
82.21 225.053 75.0992
82.22 225.024 75.0994
82.23 224.995 75.0994
82.24 224.966 75.0993
82.25 224.937 75.0992
82.26 224.908 75.099
82.27 224.879 75.0986
82.28 224.85 75.0982
82.29 224.822 75.0977
82.3 224.793 75.0972
82.31 224.764 75.0965
82.32 224.735 75.0957
82.33 224.707 75.0949
82.34 224.678 75.094
82.35 224.65 75.093
82.36 224.621 75.0919
82.37 224.593 75.0907
82.38 224.564 75.0894
82.39 224.536 75.0881
82.4 224.508 75.0866
82.41 224.479 75.0851
82.42 224.451 75.0835
82.43 224.423 75.0818
82.44 224.395 75.08
82.45 224.367 75.0782
82.46 224.339 75.0762
82.47 224.311 75.0742
82.48 224.283 75.0721
82.49 224.255 75.0699
82.5 224.227 75.0676
82.51 224.2 75.0653
82.52 224.172 75.0628
82.53 224.144 75.0603
82.54 224.117 75.0577
82.55 224.089 75.055
82.56 224.062 75.0522
82.57 224.034 75.0494
82.58 224.007 75.0464
82.59 223.98 75.0434
82.6 223.952 75.0403
82.61 223.925 75.0371
82.62 223.898 75.0338
82.63 223.871 75.0305
82.64 223.844 75.0271
82.65 223.817 75.0236
82.66 223.791 75.02
82.67 223.764 75.0163
82.68 223.737 75.0125
82.69 223.71 75.0087
82.7 223.684 75.0048
82.71 223.657 75.0008
82.72 223.631 74.9967
82.73 223.605 74.9926
82.74 223.578 74.9884
82.75 223.552 74.9841
82.76 223.526 74.9797
82.77 223.5 74.9752
82.78 223.474 74.9707
82.79 223.448 74.9661
82.8 223.422 74.9614
82.81 223.396 74.9566
82.82 223.371 74.9518
82.83 223.345 74.9468
82.84 223.319 74.9418
82.85 223.294 74.9368
82.86 223.269 74.9316
82.87 223.243 74.9264
82.88 223.218 74.9211
82.89 223.193 74.9157
82.9 223.168 74.9103
82.91 223.143 74.9047
82.92 223.118 74.8991
82.93 223.093 74.8934
82.94 223.068 74.8877
82.95 223.043 74.8819
82.96 223.019 74.876
82.97 222.994 74.87
82.98 222.97 74.864
82.99 222.946 74.8578
83 222.921 74.8517
83.01 222.897 74.8454
83.02 222.873 74.8391
83.03 222.849 74.8327
83.04 222.825 74.8262
83.05 222.801 74.8196
83.06 222.777 74.813
83.07 222.754 74.8063
83.08 222.73 74.7996
83.09 222.707 74.7928
83.1 222.683 74.7859
83.11 222.66 74.7789
83.12 222.637 74.7719
83.13 222.614 74.7648
83.14 222.591 74.7576
83.15 222.568 74.7504
83.16 222.545 74.743
83.17 222.522 74.7357
83.18 222.499 74.7282
83.19 222.477 74.7207
83.2 222.454 74.7131
83.21 222.432 74.7055
83.22 222.41 74.6978
83.23 222.388 74.69
83.24 222.366 74.6822
83.25 222.344 74.6743
83.26 222.322 74.6663
83.27 222.3 74.6583
83.28 222.278 74.6502
83.29 222.257 74.642
83.3 222.235 74.6338
83.31 222.214 74.6255
83.32 222.192 74.6172
83.33 222.171 74.6088
83.34 222.15 74.6003
83.35 222.129 74.5918
83.36 222.108 74.5832
83.37 222.087 74.5745
83.38 222.067 74.5658
83.39 222.046 74.557
83.4 222.026 74.5482
83.41 222.005 74.5393
83.42 221.985 74.5303
83.43 221.965 74.5213
83.44 221.945 74.5122
83.45 221.925 74.5031
83.46 221.905 74.4939
83.47 221.885 74.4846
83.48 221.865 74.4753
83.49 221.846 74.466
83.5 221.826 74.4565
83.51 221.807 74.447
83.52 221.788 74.4375
83.53 221.769 74.4279
83.54 221.75 74.4183
83.55 221.731 74.4086
83.56 221.712 74.3988
83.57 221.693 74.389
83.58 221.675 74.3791
83.59 221.656 74.3692
83.6 221.638 74.3592
83.61 221.62 74.3492
83.62 221.602 74.3391
83.63 221.584 74.329
83.64 221.566 74.3188
83.65 221.548 74.3086
83.66 221.53 74.2983
83.67 221.513 74.288
83.68 221.495 74.2776
83.69 221.478 74.2671
83.7 221.461 74.2566
83.71 221.443 74.2461
83.72 221.426 74.2355
83.73 221.41 74.2249
83.74 221.393 74.2142
83.75 221.376 74.2035
83.76 221.36 74.1927
83.77 221.343 74.1819
83.78 221.327 74.171
83.79 221.311 74.1601
83.8 221.294 74.1491
83.81 221.279 74.1381
83.82 221.263 74.127
83.83 221.247 74.1159
83.84 221.231 74.1048
83.85 221.216 74.0936
83.86 221.2 74.0823
83.87 221.185 74.0711
83.88 221.17 74.0597
83.89 221.155 74.0484
83.9 221.14 74.037
83.91 221.125 74.0255
83.92 221.111 74.014
83.93 221.096 74.0025
83.94 221.082 73.9909
83.95 221.067 73.9793
83.96 221.053 73.9676
83.97 221.039 73.9559
83.98 221.025 73.9442
83.99 221.011 73.9324
84 220.997 73.9206
84.01 220.984 73.9087
84.02 220.97 73.8968
84.03 220.957 73.8849
84.04 220.944 73.8729
84.05 220.931 73.8609
84.06 220.918 73.8489
84.07 220.905 73.8368
84.08 220.892 73.8247
84.09 220.879 73.8126
84.1 220.867 73.8004
84.11 220.855 73.7882
84.12 220.842 73.7759
84.13 220.83 73.7636
84.14 220.818 73.7513
84.15 220.806 73.7389
84.16 220.794 73.7266
84.17 220.783 73.7141
84.18 220.771 73.7017
84.19 220.76 73.6892
84.2 220.749 73.6767
84.21 220.737 73.6641
84.22 220.726 73.6516
84.23 220.715 73.639
84.24 220.705 73.6263
84.25 220.694 73.6137
84.26 220.684 73.601
84.27 220.673 73.5883
84.28 220.663 73.5755
84.29 220.653 73.5627
84.3 220.643 73.5499
84.31 220.633 73.5371
84.32 220.623 73.5242
84.33 220.613 73.5113
84.34 220.604 73.4984
84.35 220.594 73.4855
84.36 220.585 73.4725
84.37 220.576 73.4595
84.38 220.567 73.4465
84.39 220.558 73.4335
84.4 220.549 73.4204
84.41 220.54 73.4073
84.42 220.532 73.3942
84.43 220.523 73.3811
84.44 220.515 73.368
84.45 220.507 73.3548
84.46 220.499 73.3416
84.47 220.491 73.3284
84.48 220.483 73.3151
84.49 220.476 73.3019
84.5 220.468 73.2886
84.51 220.461 73.2753
84.52 220.453 73.262
84.53 220.446 73.2487
84.54 220.439 73.2353
84.55 220.432 73.2219
84.56 220.426 73.2086
84.57 220.419 73.1952
84.58 220.412 73.1817
84.59 220.406 73.1683
84.6 220.4 73.1548
84.61 220.394 73.1414
84.62 220.388 73.1279
84.63 220.382 73.1144
84.64 220.376 73.1009
84.65 220.37 73.0873
84.66 220.365 73.0738
84.67 220.359 73.0603
84.68 220.354 73.0467
84.69 220.349 73.0331
84.7 220.344 73.0195
84.71 220.339 73.0059
84.72 220.334 72.9923
84.73 220.33 72.9787
84.74 220.325 72.965
84.75 220.321 72.9514
84.76 220.316 72.9377
84.77 220.312 72.924
84.78 220.308 72.9104
84.79 220.304 72.8967
84.8 220.301 72.883
84.81 220.297 72.8693
84.82 220.293 72.8556
84.83 220.29 72.8418
84.84 220.287 72.8281
84.85 220.284 72.8144
84.86 220.281 72.8006
84.87 220.278 72.7869
84.88 220.275 72.7731
84.89 220.272 72.7594
84.9 220.27 72.7456
84.91 220.267 72.7319
84.92 220.265 72.7181
84.93 220.263 72.7043
84.94 220.261 72.6905
84.95 220.259 72.6767
84.96 220.257 72.663
84.97 220.256 72.6492
84.98 220.254 72.6354
84.99 220.253 72.6216
85 220.251 72.6078
85.01 220.25 72.594
85.02 220.249 72.5802
85.03 220.248 72.5664
85.04 220.247 72.5526
85.05 220.247 72.5388
85.06 220.246 72.5251
85.07 220.246 72.5113
85.08 220.245 72.4975
85.09 220.245 72.4837
85.1 220.245 72.4699
85.11 220.245 72.4561
85.12 220.245 72.4423
85.13 220.246 72.4286
85.14 220.246 72.4148
85.15 220.247 72.401
85.16 220.247 72.3873
85.17 220.248 72.3735
85.18 220.249 72.3597
85.19 220.25 72.346
85.2 220.251 72.3323
85.21 220.252 72.3185
85.22 220.254 72.3048
85.23 220.255 72.2911
85.24 220.257 72.2773
85.25 220.259 72.2636
85.26 220.26 72.2499
85.27 220.262 72.2362
85.28 220.265 72.2226
85.29 220.267 72.2089
85.3 220.269 72.1952
85.31 220.272 72.1816
85.32 220.274 72.1679
85.33 220.277 72.1543
85.34 220.28 72.1406
85.35 220.283 72.127
85.36 220.286 72.1134
85.37 220.289 72.0998
85.38 220.292 72.0863
85.39 220.295 72.0727
85.4 220.299 72.0591
85.41 220.302 72.0456
85.42 220.306 72.0321
85.43 220.31 72.0185
85.44 220.314 72.005
85.45 220.318 71.9915
85.46 220.322 71.9781
85.47 220.327 71.9646
85.48 220.331 71.9512
85.49 220.336 71.9377
85.5 220.34 71.9243
85.51 220.345 71.9109
85.52 220.35 71.8975
85.53 220.355 71.8842
85.54 220.36 71.8708
85.55 220.365 71.8575
85.56 220.37 71.8442
85.57 220.376 71.8309
85.58 220.381 71.8176
85.59 220.387 71.8043
85.6 220.393 71.7911
85.61 220.399 71.7779
85.62 220.405 71.7647
85.63 220.411 71.7515
85.64 220.417 71.7383
85.65 220.423 71.7252
85.66 220.43 71.7121
85.67 220.436 71.699
85.68 220.443 71.6859
85.69 220.45 71.6728
85.7 220.456 71.6598
85.71 220.463 71.6468
85.72 220.47 71.6338
85.73 220.478 71.6208
85.74 220.485 71.6079
85.75 220.492 71.595
85.76 220.5 71.5821
85.77 220.507 71.5692
85.78 220.515 71.5564
85.79 220.523 71.5435
85.8 220.531 71.5307
85.81 220.539 71.518
85.82 220.547 71.5052
85.83 220.555 71.4925
85.84 220.563 71.4798
85.85 220.572 71.4671
85.86 220.58 71.4545
85.87 220.589 71.4418
85.88 220.598 71.4293
85.89 220.607 71.4167
85.9 220.616 71.4042
85.91 220.625 71.3916
85.92 220.634 71.3792
85.93 220.643 71.3667
85.94 220.652 71.3543
85.95 220.662 71.3419
85.96 220.671 71.3295
85.97 220.681 71.3172
85.98 220.691 71.3049
85.99 220.701 71.2926
86 220.71 71.2804
86.01 220.721 71.2681
86.02 220.731 71.256
86.03 220.741 71.2438
86.04 220.751 71.2317
86.05 220.762 71.2196
86.06 220.772 71.2075
86.07 220.783 71.1955
86.08 220.793 71.1835
86.09 220.804 71.1716
86.1 220.815 71.1596
86.11 220.826 71.1477
86.12 220.837 71.1359
86.13 220.848 71.124
86.14 220.86 71.1122
86.15 220.871 71.1005
86.16 220.882 71.0888
86.17 220.894 71.0771
86.18 220.906 71.0654
86.19 220.917 71.0538
86.2 220.929 71.0422
86.21 220.941 71.0307
86.22 220.953 71.0191
86.23 220.965 71.0077
86.24 220.977 70.9962
86.25 220.99 70.9848
86.26 221.002 70.9734
86.27 221.014 70.9621
86.28 221.027 70.9508
86.29 221.039 70.9396
86.3 221.052 70.9283
86.31 221.065 70.9172
86.32 221.078 70.906
86.33 221.091 70.8949
86.34 221.104 70.8838
86.35 221.117 70.8728
86.36 221.13 70.8618
86.37 221.143 70.8509
86.38 221.157 70.84
86.39 221.17 70.8291
86.4 221.184 70.8183
86.41 221.197 70.8075
86.42 221.211 70.7967
86.43 221.225 70.786
86.44 221.239 70.7753
86.45 221.253 70.7647
86.46 221.267 70.7541
86.47 221.281 70.7436
86.48 221.295 70.7331
86.49 221.309 70.7226
86.5 221.323 70.7122
86.51 221.338 70.7018
86.52 221.352 70.6915
86.53 221.367 70.6812
86.54 221.381 70.6709
86.55 221.396 70.6607
86.56 221.411 70.6506
86.57 221.426 70.6404
86.58 221.441 70.6304
86.59 221.456 70.6203
86.6 221.471 70.6103
86.61 221.486 70.6004
86.62 221.501 70.5905
86.63 221.516 70.5806
86.64 221.532 70.5708
86.65 221.547 70.5611
86.66 221.563 70.5513
86.67 221.578 70.5417
86.68 221.594 70.532
86.69 221.61 70.5224
86.7 221.625 70.5129
86.71 221.641 70.5034
86.72 221.657 70.494
86.73 221.673 70.4846
86.74 221.689 70.4752
86.75 221.705 70.4659
86.76 221.722 70.4566
86.77 221.738 70.4474
86.78 221.754 70.4382
86.79 221.77 70.4291
86.8 221.787 70.42
86.81 221.803 70.411
86.82 221.82 70.402
86.83 221.837 70.3931
86.84 221.853 70.3842
86.85 221.87 70.3754
86.86 221.887 70.3666
86.87 221.904 70.3579
86.88 221.921 70.3492
86.89 221.938 70.3405
86.9 221.955 70.3319
86.91 221.972 70.3234
86.92 221.989 70.3149
86.93 222.006 70.3065
86.94 222.024 70.2981
86.95 222.041 70.2897
86.96 222.058 70.2814
86.97 222.076 70.2732
86.98 222.093 70.265
86.99 222.111 70.2568
87 222.128 70.2487
87.01 222.146 70.2407
87.02 222.164 70.2327
87.03 222.182 70.2248
87.04 222.199 70.2169
87.05 222.217 70.209
87.06 222.235 70.2012
87.07 222.253 70.1935
87.08 222.271 70.1858
87.09 222.289 70.1782
87.1 222.307 70.1706
87.11 222.326 70.1631
87.12 222.344 70.1556
87.13 222.362 70.1482
87.14 222.38 70.1408
87.15 222.399 70.1335
87.16 222.417 70.1262
87.17 222.436 70.119
87.18 222.454 70.1118
87.19 222.473 70.1047
87.2 222.491 70.0976
87.21 222.51 70.0906
87.22 222.528 70.0837
87.23 222.547 70.0768
87.24 222.566 70.0699
87.25 222.585 70.0631
87.26 222.604 70.0564
87.27 222.622 70.0497
87.28 222.641 70.0431
87.29 222.66 70.0365
87.3 222.679 70.0299
87.31 222.698 70.0235
87.32 222.717 70.017
87.33 222.737 70.0107
87.34 222.756 70.0044
87.35 222.775 69.9981
87.36 222.794 69.9919
87.37 222.813 69.9858
87.38 222.833 69.9797
87.39 222.852 69.9736
87.4 222.871 69.9676
87.41 222.891 69.9617
87.42 222.91 69.9558
87.43 222.93 69.95
87.44 222.949 69.9443
87.45 222.969 69.9385
87.46 222.988 69.9329
87.47 223.008 69.9273
87.48 223.027 69.9217
87.49 223.047 69.9163
87.5 223.067 69.9108
87.51 223.086 69.9054
87.52 223.106 69.9001
87.53 223.126 69.8948
87.54 223.146 69.8896
87.55 223.165 69.8845
87.56 223.185 69.8794
87.57 223.205 69.8743
87.58 223.225 69.8693
87.59 223.245 69.8644
87.6 223.265 69.8595
87.61 223.285 69.8547
87.62 223.305 69.8499
87.63 223.325 69.8452
87.64 223.345 69.8406
87.65 223.365 69.836
87.66 223.385 69.8315
87.67 223.405 69.827
87.68 223.425 69.8225
87.69 223.445 69.8182
87.7 223.465 69.8139
87.71 223.485 69.8096
87.72 223.506 69.8054
87.73 223.526 69.8013
87.74 223.546 69.7972
87.75 223.566 69.7931
87.76 223.586 69.7892
87.77 223.607 69.7852
87.78 223.627 69.7814
87.79 223.647 69.7776
87.8 223.667 69.7738
87.81 223.688 69.7701
87.82 223.708 69.7665
87.83 223.728 69.7629
87.84 223.749 69.7594
87.85 223.769 69.7559
87.86 223.789 69.7525
87.87 223.81 69.7492
87.88 223.83 69.7459
87.89 223.85 69.7427
87.9 223.871 69.7395
87.91 223.891 69.7364
87.92 223.912 69.7333
87.93 223.932 69.7303
87.94 223.952 69.7273
87.95 223.973 69.7244
87.96 223.993 69.7216
87.97 224.014 69.7188
87.98 224.034 69.7161
87.99 224.055 69.7134
88 224.075 69.7108
88.01 224.095 69.7083
88.02 224.116 69.7058
88.03 224.136 69.7034
88.04 224.157 69.701
88.05 224.177 69.6986
88.06 224.198 69.6964
88.07 224.218 69.6942
88.08 224.239 69.692
88.09 224.259 69.6899
88.1 224.279 69.6879
88.11 224.3 69.6859
88.12 224.32 69.684
88.13 224.341 69.6821
88.14 224.361 69.6803
88.15 224.381 69.6786
88.16 224.402 69.6769
88.17 224.422 69.6752
88.18 224.443 69.6736
88.19 224.463 69.6721
88.2 224.483 69.6706
88.21 224.504 69.6692
88.22 224.524 69.6679
88.23 224.545 69.6666
88.24 224.565 69.6653
88.25 224.585 69.6642
88.26 224.606 69.663
88.27 224.626 69.662
88.28 224.646 69.6609
88.29 224.666 69.66
88.3 224.687 69.6591
88.31 224.707 69.6582
88.32 224.727 69.6575
88.33 224.747 69.6567
88.34 224.768 69.656
88.35 224.788 69.6554
88.36 224.808 69.6549
88.37 224.828 69.6544
88.38 224.848 69.6539
88.39 224.868 69.6535
88.4 224.889 69.6532
88.41 224.909 69.6529
88.42 224.929 69.6527
88.43 224.949 69.6525
88.44 224.969 69.6524
88.45 224.989 69.6523
88.46 225.009 69.6523
88.47 225.029 69.6524
88.48 225.049 69.6525
88.49 225.069 69.6526
88.5 225.089 69.6529
88.51 225.109 69.6531
88.52 225.129 69.6535
88.53 225.148 69.6539
88.54 225.168 69.6543
88.55 225.188 69.6548
88.56 225.208 69.6553
88.57 225.228 69.6559
88.58 225.247 69.6566
88.59 225.267 69.6573
88.6 225.287 69.6581
88.61 225.306 69.6589
88.62 225.326 69.6598
88.63 225.345 69.6607
88.64 225.365 69.6617
88.65 225.385 69.6628
88.66 225.404 69.6639
88.67 225.423 69.665
88.68 225.443 69.6662
88.69 225.462 69.6675
88.7 225.482 69.6688
88.71 225.501 69.6702
88.72 225.52 69.6716
88.73 225.54 69.6731
88.74 225.559 69.6746
88.75 225.578 69.6762
88.76 225.597 69.6778
88.77 225.616 69.6795
88.78 225.635 69.6813
88.79 225.655 69.6831
88.8 225.674 69.6849
88.81 225.693 69.6868
88.82 225.711 69.6888
88.83 225.73 69.6908
88.84 225.749 69.6928
88.85 225.768 69.695
88.86 225.787 69.6971
88.87 225.806 69.6993
88.88 225.824 69.7016
88.89 225.843 69.7039
88.9 225.862 69.7063
88.91 225.88 69.7087
88.92 225.899 69.7112
88.93 225.917 69.7138
88.94 225.936 69.7163
88.95 225.954 69.719
88.96 225.973 69.7217
88.97 225.991 69.7244
88.98 226.009 69.7272
88.99 226.028 69.73
89 226.046 69.7329
89.01 226.064 69.7359
89.02 226.082 69.7389
89.03 226.1 69.7419
89.04 226.118 69.745
89.05 226.136 69.7481
89.06 226.154 69.7513
89.07 226.172 69.7546
89.08 226.19 69.7579
89.09 226.208 69.7612
89.1 226.225 69.7646
89.11 226.243 69.7681
89.12 226.261 69.7716
89.13 226.278 69.7751
89.14 226.296 69.7787
89.15 226.313 69.7823
89.16 226.331 69.786
89.17 226.348 69.7898
89.18 226.365 69.7935
89.19 226.383 69.7974
89.2 226.4 69.8013
89.21 226.417 69.8052
89.22 226.434 69.8092
89.23 226.451 69.8132
89.24 226.468 69.8173
89.25 226.485 69.8214
89.26 226.502 69.8256
89.27 226.519 69.8298
89.28 226.536 69.8341
89.29 226.552 69.8384
89.3 226.569 69.8427
89.31 226.586 69.8471
89.32 226.602 69.8516
89.33 226.619 69.8561
89.34 226.635 69.8606
89.35 226.652 69.8652
89.36 226.668 69.8699
89.37 226.684 69.8746
89.38 226.7 69.8793
89.39 226.716 69.8841
89.4 226.733 69.8889
89.41 226.749 69.8938
89.42 226.765 69.8987
89.43 226.78 69.9036
89.44 226.796 69.9086
89.45 226.812 69.9137
89.46 226.828 69.9188
89.47 226.843 69.9239
89.48 226.859 69.9291
89.49 226.875 69.9343
89.5 226.89 69.9396
89.51 226.905 69.9449
89.52 226.921 69.9502
89.53 226.936 69.9556
89.54 226.951 69.961
89.55 226.966 69.9665
89.56 226.981 69.9721
89.57 226.996 69.9776
89.58 227.011 69.9832
89.59 227.026 69.9889
89.6 227.041 69.9946
89.61 227.056 70.0003
89.62 227.07 70.0061
89.63 227.085 70.0119
89.64 227.099 70.0178
89.65 227.114 70.0237
89.66 227.128 70.0296
89.67 227.143 70.0356
89.68 227.157 70.0416
89.69 227.171 70.0477
89.7 227.185 70.0538
89.71 227.199 70.0599
89.72 227.213 70.0661
89.73 227.227 70.0723
89.74 227.241 70.0786
89.75 227.255 70.0849
89.76 227.268 70.0912
89.77 227.282 70.0976
89.78 227.295 70.104
89.79 227.309 70.1105
89.8 227.322 70.117
89.81 227.335 70.1235
89.82 227.349 70.1301
89.83 227.362 70.1367
89.84 227.375 70.1433
89.85 227.388 70.15
89.86 227.401 70.1567
89.87 227.414 70.1635
89.88 227.427 70.1703
89.89 227.439 70.1771
89.9 227.452 70.184
89.91 227.464 70.1909
89.92 227.477 70.1978
89.93 227.489 70.2048
89.94 227.502 70.2118
89.95 227.514 70.2188
89.96 227.526 70.2259
89.97 227.538 70.233
89.98 227.55 70.2402
89.99 227.562 70.2473
90 227.574 70.2546
90.01 227.586 70.2618
90.02 227.598 70.2691
90.03 227.609 70.2764
90.04 227.621 70.2838
90.05 227.632 70.2911
90.06 227.644 70.2986
90.07 227.655 70.306
90.08 227.666 70.3135
90.09 227.677 70.321
90.1 227.688 70.3286
90.11 227.699 70.3361
90.12 227.71 70.3437
90.13 227.721 70.3514
90.14 227.732 70.3591
90.15 227.742 70.3668
90.16 227.753 70.3745
90.17 227.763 70.3823
90.18 227.774 70.3901
90.19 227.784 70.3979
90.2 227.794 70.4057
90.21 227.805 70.4136
90.22 227.815 70.4215
90.23 227.825 70.4295
90.24 227.835 70.4374
90.25 227.844 70.4454
90.26 227.854 70.4535
90.27 227.864 70.4615
90.28 227.873 70.4696
90.29 227.883 70.4777
90.3 227.892 70.4859
90.31 227.902 70.494
90.32 227.911 70.5022
90.33 227.92 70.5105
90.34 227.929 70.5187
90.35 227.938 70.527
90.36 227.947 70.5353
90.37 227.956 70.5436
90.38 227.965 70.552
90.39 227.973 70.5603
90.4 227.982 70.5687
90.41 227.99 70.5772
90.42 227.999 70.5856
90.43 228.007 70.5941
90.44 228.015 70.6026
90.45 228.023 70.6111
90.46 228.031 70.6197
90.47 228.039 70.6283
90.48 228.047 70.6369
90.49 228.055 70.6455
90.5 228.063 70.6541
90.51 228.07 70.6628
90.52 228.078 70.6715
90.53 228.085 70.6802
90.54 228.092 70.6889
90.55 228.1 70.6977
90.56 228.107 70.7065
90.57 228.114 70.7153
90.58 228.121 70.7241
90.59 228.128 70.7329
90.6 228.135 70.7418
90.61 228.141 70.7506
90.62 228.148 70.7595
90.63 228.154 70.7685
90.64 228.161 70.7774
90.65 228.167 70.7864
90.66 228.174 70.7953
90.67 228.18 70.8043
90.68 228.186 70.8134
90.69 228.192 70.8224
90.7 228.198 70.8314
90.71 228.204 70.8405
90.72 228.209 70.8496
90.73 228.215 70.8587
90.74 228.221 70.8678
90.75 228.226 70.877
90.76 228.231 70.8861
90.77 228.237 70.8953
90.78 228.242 70.9045
90.79 228.247 70.9137
90.8 228.252 70.9229
90.81 228.257 70.9321
90.82 228.262 70.9414
90.83 228.267 70.9506
90.84 228.271 70.9599
90.85 228.276 70.9692
90.86 228.28 70.9785
90.87 228.285 70.9878
90.88 228.289 70.9972
90.89 228.293 71.0065
90.9 228.297 71.0159
90.91 228.301 71.0252
90.92 228.305 71.0346
90.93 228.309 71.044
90.94 228.313 71.0534
90.95 228.317 71.0629
90.96 228.32 71.0723
90.97 228.324 71.0817
90.98 228.327 71.0912
90.99 228.331 71.1007
91 228.334 71.1101
91.01 228.337 71.1196
91.02 228.34 71.1291
91.03 228.343 71.1386
91.04 228.346 71.1481
91.05 228.349 71.1577
91.06 228.351 71.1672
91.07 228.354 71.1768
91.08 228.356 71.1863
91.09 228.359 71.1959
91.1 228.361 71.2054
91.11 228.363 71.215
91.12 228.365 71.2246
91.13 228.367 71.2342
91.14 228.369 71.2438
91.15 228.371 71.2534
91.16 228.373 71.263
91.17 228.375 71.2726
91.18 228.376 71.2822
91.19 228.378 71.2919
91.2 228.379 71.3015
91.21 228.381 71.3111
91.22 228.382 71.3208
91.23 228.383 71.3304
91.24 228.384 71.3401
91.25 228.385 71.3498
91.26 228.386 71.3594
91.27 228.387 71.3691
91.28 228.387 71.3788
91.29 228.388 71.3884
91.3 228.389 71.3981
91.31 228.389 71.4078
91.32 228.389 71.4175
91.33 228.39 71.4272
91.34 228.39 71.4368
91.35 228.39 71.4465
91.36 228.39 71.4562
91.37 228.39 71.4659
91.38 228.39 71.4756
91.39 228.389 71.4853
91.4 228.389 71.495
91.41 228.389 71.5047
91.42 228.388 71.5144
91.43 228.387 71.5241
91.44 228.387 71.5337
91.45 228.386 71.5434
91.46 228.385 71.5531
91.47 228.384 71.5628
91.48 228.383 71.5725
91.49 228.382 71.5822
91.5 228.381 71.5919
91.51 228.379 71.6015
91.52 228.378 71.6112
91.53 228.377 71.6209
91.54 228.375 71.6306
91.55 228.373 71.6402
91.56 228.372 71.6499
91.57 228.37 71.6596
91.58 228.368 71.6692
91.59 228.366 71.6789
91.6 228.364 71.6885
91.61 228.361 71.6982
91.62 228.359 71.7078
91.63 228.357 71.7174
91.64 228.354 71.7271
91.65 228.352 71.7367
91.66 228.349 71.7463
91.67 228.347 71.7559
91.68 228.344 71.7655
91.69 228.341 71.7751
91.7 228.338 71.7847
91.71 228.335 71.7943
91.72 228.332 71.8038
91.73 228.329 71.8134
91.74 228.325 71.823
91.75 228.322 71.8325
91.76 228.319 71.8421
91.77 228.315 71.8516
91.78 228.311 71.8611
91.79 228.308 71.8706
91.8 228.304 71.8801
91.81 228.3 71.8896
91.82 228.296 71.8991
91.83 228.292 71.9086
91.84 228.288 71.918
91.85 228.284 71.9275
91.86 228.28 71.9369
91.87 228.275 71.9464
91.88 228.271 71.9558
91.89 228.266 71.9652
91.9 228.262 71.9746
91.91 228.257 71.984
91.92 228.252 71.9933
91.93 228.247 72.0027
91.94 228.243 72.0121
91.95 228.238 72.0214
91.96 228.232 72.0307
91.97 228.227 72.04
91.98 228.222 72.0493
91.99 228.217 72.0586
92 228.211 72.0679
92.01 228.206 72.0771
92.02 228.2 72.0863
92.03 228.195 72.0956
92.04 228.189 72.1048
92.05 228.183 72.114
92.06 228.177 72.1231
92.07 228.172 72.1323
92.08 228.166 72.1414
92.09 228.159 72.1506
92.1 228.153 72.1597
92.11 228.147 72.1688
92.12 228.141 72.1778
92.13 228.134 72.1869
92.14 228.128 72.1959
92.15 228.121 72.205
92.16 228.115 72.214
92.17 228.108 72.223
92.18 228.101 72.2319
92.19 228.095 72.2409
92.2 228.088 72.2498
92.21 228.081 72.2587
92.22 228.074 72.2676
92.23 228.066 72.2765
92.24 228.059 72.2853
92.25 228.052 72.2942
92.26 228.045 72.303
92.27 228.037 72.3118
92.28 228.03 72.3206
92.29 228.022 72.3293
92.3 228.015 72.3381
92.31 228.007 72.3468
92.32 227.999 72.3555
92.33 227.991 72.3641
92.34 227.983 72.3728
92.35 227.975 72.3814
92.36 227.967 72.39
92.37 227.959 72.3986
92.38 227.951 72.4071
92.39 227.943 72.4157
92.4 227.934 72.4242
92.41 227.926 72.4327
92.42 227.918 72.4411
92.43 227.909 72.4496
92.44 227.901 72.458
92.45 227.892 72.4664
92.46 227.883 72.4748
92.47 227.874 72.4831
92.48 227.866 72.4914
92.49 227.857 72.4997
92.5 227.848 72.508
92.51 227.839 72.5162
92.52 227.829 72.5245
92.53 227.82 72.5327
92.54 227.811 72.5408
92.55 227.802 72.549
92.56 227.792 72.5571
92.57 227.783 72.5652
92.58 227.773 72.5733
92.59 227.764 72.5813
92.6 227.754 72.5893
92.61 227.745 72.5973
92.62 227.735 72.6052
92.63 227.725 72.6132
92.64 227.715 72.6211
92.65 227.705 72.6289
92.66 227.695 72.6368
92.67 227.685 72.6446
92.68 227.675 72.6524
92.69 227.665 72.6602
92.7 227.655 72.6679
92.71 227.645 72.6756
92.72 227.634 72.6833
92.73 227.624 72.6909
92.74 227.613 72.6985
92.75 227.603 72.7061
92.76 227.592 72.7137
92.77 227.582 72.7212
92.78 227.571 72.7287
92.79 227.56 72.7361
92.8 227.55 72.7436
92.81 227.539 72.751
92.82 227.528 72.7584
92.83 227.517 72.7657
92.84 227.506 72.773
92.85 227.495 72.7803
92.86 227.484 72.7875
92.87 227.473 72.7947
92.88 227.461 72.8019
92.89 227.45 72.8091
92.9 227.439 72.8162
92.91 227.428 72.8233
92.92 227.416 72.8303
92.93 227.405 72.8374
92.94 227.393 72.8444
92.95 227.382 72.8513
92.96 227.37 72.8582
92.97 227.358 72.8651
92.98 227.347 72.872
92.99 227.335 72.8788
93 227.323 72.8856
93.01 227.311 72.8923
93.02 227.299 72.8991
93.03 227.287 72.9058
93.04 227.275 72.9124
93.05 227.263 72.919
93.06 227.251 72.9256
93.07 227.239 72.9322
93.08 227.227 72.9387
93.09 227.215 72.9452
93.1 227.202 72.9516
93.11 227.19 72.958
93.12 227.178 72.9644
93.13 227.165 72.9707
93.14 227.153 72.977
93.15 227.14 72.9833
93.16 227.128 72.9895
93.17 227.115 72.9957
93.18 227.103 73.0019
93.19 227.09 73.008
93.2 227.077 73.0141
93.21 227.065 73.0201
93.22 227.052 73.0261
93.23 227.039 73.0321
93.24 227.026 73.0381
93.25 227.013 73.044
93.26 227 73.0498
93.27 226.988 73.0556
93.28 226.975 73.0614
93.29 226.961 73.0672
93.3 226.948 73.0729
93.31 226.935 73.0786
93.32 226.922 73.0842
93.33 226.909 73.0898
93.34 226.896 73.0954
93.35 226.883 73.1009
93.36 226.869 73.1064
93.37 226.856 73.1118
93.38 226.843 73.1172
93.39 226.829 73.1226
93.4 226.816 73.1279
93.41 226.802 73.1332
93.42 226.789 73.1385
93.43 226.775 73.1437
93.44 226.762 73.1489
93.45 226.748 73.154
93.46 226.735 73.1591
93.47 226.721 73.1642
93.48 226.707 73.1692
93.49 226.694 73.1742
93.5 226.68 73.1791
93.51 226.666 73.184
93.52 226.653 73.1888
93.53 226.639 73.1937
93.54 226.625 73.1984
93.55 226.611 73.2032
93.56 226.597 73.2079
93.57 226.583 73.2125
93.58 226.569 73.2172
93.59 226.555 73.2217
93.6 226.541 73.2263
93.61 226.527 73.2308
93.62 226.513 73.2352
93.63 226.499 73.2396
93.64 226.485 73.244
93.65 226.471 73.2483
93.66 226.457 73.2526
93.67 226.443 73.2569
93.68 226.429 73.2611
93.69 226.415 73.2652
93.7 226.4 73.2694
93.71 226.386 73.2734
93.72 226.372 73.2775
93.73 226.358 73.2815
93.74 226.343 73.2854
93.75 226.329 73.2894
93.76 226.315 73.2932
93.77 226.3 73.2971
93.78 226.286 73.3009
93.79 226.272 73.3046
93.8 226.257 73.3083
93.81 226.243 73.312
93.82 226.228 73.3156
93.83 226.214 73.3192
93.84 226.2 73.3227
93.85 226.185 73.3262
93.86 226.171 73.3297
93.87 226.156 73.3331
93.88 226.142 73.3365
93.89 226.127 73.3398
93.9 226.113 73.3431
93.91 226.098 73.3463
93.92 226.084 73.3495
93.93 226.069 73.3527
93.94 226.054 73.3558
93.95 226.04 73.3589
93.96 226.025 73.3619
93.97 226.011 73.3649
93.98 225.996 73.3678
93.99 225.981 73.3707
94 225.967 73.3736
94.01 225.952 73.3764
94.02 225.937 73.3792
94.03 225.923 73.3819
94.04 225.908 73.3846
94.05 225.893 73.3872
94.06 225.879 73.3898
94.07 225.864 73.3924
94.08 225.849 73.3949
94.09 225.835 73.3974
94.1 225.82 73.3998
94.11 225.805 73.4022
94.12 225.791 73.4045
94.13 225.776 73.4068
94.14 225.761 73.4091
94.15 225.746 73.4113
94.16 225.732 73.4135
94.17 225.717 73.4156
94.18 225.702 73.4177
94.19 225.688 73.4197
94.2 225.673 73.4217
94.21 225.658 73.4237
94.22 225.643 73.4256
94.23 225.629 73.4275
94.24 225.614 73.4293
94.25 225.599 73.4311
94.26 225.585 73.4328
94.27 225.57 73.4345
94.28 225.555 73.4361
94.29 225.54 73.4378
94.3 225.526 73.4393
94.31 225.511 73.4408
94.32 225.496 73.4423
94.33 225.482 73.4438
94.34 225.467 73.4452
94.35 225.452 73.4465
94.36 225.438 73.4478
94.37 225.423 73.4491
94.38 225.408 73.4503
94.39 225.394 73.4515
94.4 225.379 73.4526
94.41 225.364 73.4537
94.42 225.35 73.4547
94.43 225.335 73.4558
94.44 225.32 73.4567
94.45 225.306 73.4576
94.46 225.291 73.4585
94.47 225.277 73.4593
94.48 225.262 73.4601
94.49 225.247 73.4609
94.5 225.233 73.4616
94.51 225.218 73.4623
94.52 225.204 73.4629
94.53 225.189 73.4635
94.54 225.175 73.464
94.55 225.16 73.4645
94.56 225.146 73.4649
94.57 225.131 73.4653
94.58 225.117 73.4657
94.59 225.102 73.466
94.6 225.088 73.4663
94.61 225.073 73.4665
94.62 225.059 73.4667
94.63 225.045 73.4669
94.64 225.03 73.467
94.65 225.016 73.4671
94.66 225.002 73.4671
94.67 224.987 73.4671
94.68 224.973 73.467
94.69 224.959 73.4669
94.7 224.944 73.4668
94.71 224.93 73.4666
94.72 224.916 73.4664
94.73 224.902 73.4661
94.74 224.888 73.4658
94.75 224.873 73.4654
94.76 224.859 73.465
94.77 224.845 73.4646
94.78 224.831 73.4641
94.79 224.817 73.4636
94.8 224.803 73.4631
94.81 224.789 73.4625
94.82 224.775 73.4618
94.83 224.761 73.4611
94.84 224.747 73.4604
94.85 224.733 73.4596
94.86 224.719 73.4588
94.87 224.705 73.458
94.88 224.691 73.4571
94.89 224.677 73.4562
94.9 224.663 73.4552
94.91 224.65 73.4542
94.92 224.636 73.4531
94.93 224.622 73.4521
94.94 224.608 73.4509
94.95 224.595 73.4497
94.96 224.581 73.4485
94.97 224.567 73.4473
94.98 224.554 73.446
94.99 224.54 73.4447
95 224.526 73.4433
95.01 224.513 73.4419
95.02 224.499 73.4404
95.03 224.486 73.4389
95.04 224.473 73.4374
95.05 224.459 73.4358
95.06 224.446 73.4342
95.07 224.432 73.4326
95.08 224.419 73.4309
95.09 224.406 73.4292
95.1 224.392 73.4274
95.11 224.379 73.4256
95.12 224.366 73.4238
95.13 224.353 73.4219
95.14 224.34 73.42
95.15 224.327 73.418
95.16 224.314 73.416
95.17 224.3 73.414
95.18 224.287 73.4119
95.19 224.274 73.4098
95.2 224.262 73.4076
95.21 224.249 73.4054
95.22 224.236 73.4032
95.23 224.223 73.401
95.24 224.21 73.3987
95.25 224.197 73.3963
95.26 224.185 73.3939
95.27 224.172 73.3915
95.28 224.159 73.3891
95.29 224.147 73.3866
95.3 224.134 73.3841
95.31 224.122 73.3815
95.32 224.109 73.3789
95.33 224.097 73.3763
95.34 224.084 73.3736
95.35 224.072 73.3709
95.36 224.059 73.3682
95.37 224.047 73.3654
95.38 224.035 73.3626
95.39 224.023 73.3597
95.4 224.01 73.3568
95.41 223.998 73.3539
95.42 223.986 73.351
95.43 223.974 73.348
95.44 223.962 73.3449
95.45 223.95 73.3419
95.46 223.938 73.3388
95.47 223.926 73.3356
95.48 223.914 73.3325
95.49 223.903 73.3293
95.5 223.891 73.326
95.51 223.879 73.3228
95.52 223.867 73.3195
95.53 223.856 73.3161
95.54 223.844 73.3128
95.55 223.833 73.3093
95.56 223.821 73.3059
95.57 223.81 73.3024
95.58 223.798 73.2989
95.59 223.787 73.2954
95.6 223.775 73.2918
95.61 223.764 73.2882
95.62 223.753 73.2846
95.63 223.742 73.2809
95.64 223.731 73.2772
95.65 223.719 73.2734
95.66 223.708 73.2697
95.67 223.697 73.2659
95.68 223.686 73.262
95.69 223.676 73.2582
95.7 223.665 73.2543
95.71 223.654 73.2504
95.72 223.643 73.2464
95.73 223.632 73.2424
95.74 223.622 73.2384
95.75 223.611 73.2343
95.76 223.6 73.2302
95.77 223.59 73.2261
95.78 223.579 73.222
95.79 223.569 73.2178
95.8 223.559 73.2136
95.81 223.548 73.2094
95.82 223.538 73.2051
95.83 223.528 73.2008
95.84 223.518 73.1965
95.85 223.507 73.1921
95.86 223.497 73.1877
95.87 223.487 73.1833
95.88 223.477 73.1789
95.89 223.467 73.1744
95.9 223.458 73.1699
95.91 223.448 73.1654
95.92 223.438 73.1608
95.93 223.428 73.1562
95.94 223.419 73.1516
95.95 223.409 73.147
95.96 223.399 73.1423
95.97 223.39 73.1376
95.98 223.38 73.1329
95.99 223.371 73.1281
96 223.362 73.1234
96.01 223.352 73.1186
96.02 223.343 73.1137
96.03 223.334 73.1089
96.04 223.325 73.104
96.05 223.316 73.0991
96.06 223.307 73.0941
96.07 223.298 73.0892
96.08 223.289 73.0842
96.09 223.28 73.0792
96.1 223.271 73.0741
96.11 223.262 73.0691
96.12 223.254 73.064
96.13 223.245 73.0588
96.14 223.236 73.0537
96.15 223.228 73.0485
96.16 223.219 73.0433
96.17 223.211 73.0381
96.18 223.203 73.0329
96.19 223.194 73.0276
96.2 223.186 73.0223
96.21 223.178 73.017
96.22 223.17 73.0117
96.23 223.162 73.0063
96.24 223.154 73.001
96.25 223.146 72.9956
96.26 223.138 72.9901
96.27 223.13 72.9847
96.28 223.122 72.9792
96.29 223.114 72.9737
96.3 223.107 72.9682
96.31 223.099 72.9627
96.32 223.092 72.9571
96.33 223.084 72.9515
96.34 223.077 72.9459
96.35 223.069 72.9403
96.36 223.062 72.9347
96.37 223.055 72.929
96.38 223.048 72.9233
96.39 223.04 72.9176
96.4 223.033 72.9119
96.41 223.026 72.9061
96.42 223.019 72.9004
96.43 223.012 72.8946
96.44 223.006 72.8888
96.45 222.999 72.883
96.46 222.992 72.8771
96.47 222.985 72.8713
96.48 222.979 72.8654
96.49 222.972 72.8595
96.5 222.966 72.8536
96.51 222.959 72.8476
96.52 222.953 72.8417
96.53 222.947 72.8357
96.54 222.94 72.8297
96.55 222.934 72.8237
96.56 222.928 72.8177
96.57 222.922 72.8116
96.58 222.916 72.8056
96.59 222.91 72.7995
96.6 222.904 72.7934
96.61 222.898 72.7873
96.62 222.893 72.7811
96.63 222.887 72.775
96.64 222.881 72.7688
96.65 222.876 72.7627
96.66 222.87 72.7565
96.67 222.865 72.7503
96.68 222.859 72.744
96.69 222.854 72.7378
96.7 222.849 72.7316
96.71 222.843 72.7253
96.72 222.838 72.719
96.73 222.833 72.7127
96.74 222.828 72.7064
96.75 222.823 72.7001
96.76 222.818 72.6937
96.77 222.814 72.6874
96.78 222.809 72.681
96.79 222.804 72.6747
96.8 222.799 72.6683
96.81 222.795 72.6619
96.82 222.79 72.6554
96.83 222.786 72.649
96.84 222.781 72.6426
96.85 222.777 72.6361
96.86 222.773 72.6297
96.87 222.769 72.6232
96.88 222.764 72.6167
96.89 222.76 72.6102
96.9 222.756 72.6037
96.91 222.752 72.5972
96.92 222.748 72.5906
96.93 222.745 72.5841
96.94 222.741 72.5775
96.95 222.737 72.571
96.96 222.734 72.5644
96.97 222.73 72.5578
96.98 222.726 72.5512
96.99 222.723 72.5446
97 222.72 72.538
97.01 222.716 72.5314
97.02 222.713 72.5248
97.03 222.71 72.5181
97.04 222.707 72.5115
97.05 222.703 72.5048
97.06 222.7 72.4981
97.07 222.698 72.4915
97.08 222.695 72.4848
97.09 222.692 72.4781
97.1 222.689 72.4714
97.11 222.686 72.4647
97.12 222.684 72.458
97.13 222.681 72.4513
97.14 222.679 72.4446
97.15 222.676 72.4378
97.16 222.674 72.4311
97.17 222.671 72.4243
97.18 222.669 72.4176
97.19 222.667 72.4108
97.2 222.665 72.4041
97.21 222.663 72.3973
97.22 222.661 72.3905
97.23 222.659 72.3838
97.24 222.657 72.377
97.25 222.655 72.3702
97.26 222.653 72.3634
97.27 222.652 72.3566
97.28 222.65 72.3498
97.29 222.648 72.343
97.3 222.647 72.3362
97.31 222.645 72.3294
97.32 222.644 72.3226
97.33 222.643 72.3158
97.34 222.641 72.3089
97.35 222.64 72.3021
97.36 222.639 72.2953
97.37 222.638 72.2885
97.38 222.637 72.2816
97.39 222.636 72.2748
97.4 222.635 72.268
97.41 222.634 72.2611
97.42 222.633 72.2543
97.43 222.633 72.2474
97.44 222.632 72.2406
97.45 222.631 72.2338
97.46 222.631 72.2269
97.47 222.63 72.2201
97.48 222.63 72.2132
97.49 222.63 72.2064
97.5 222.629 72.1995
97.51 222.629 72.1927
97.52 222.629 72.1858
97.53 222.629 72.179
97.54 222.629 72.1721
97.55 222.629 72.1653
97.56 222.629 72.1585
97.57 222.629 72.1516
97.58 222.629 72.1448
97.59 222.63 72.1379
97.6 222.63 72.1311
97.61 222.63 72.1243
97.62 222.631 72.1174
97.63 222.631 72.1106
97.64 222.632 72.1038
97.65 222.632 72.0969
97.66 222.633 72.0901
97.67 222.634 72.0833
97.68 222.635 72.0765
97.69 222.636 72.0696
97.7 222.637 72.0628
97.71 222.638 72.056
97.72 222.639 72.0492
97.73 222.64 72.0424
97.74 222.641 72.0356
97.75 222.642 72.0288
97.76 222.643 72.022
97.77 222.645 72.0152
97.78 222.646 72.0084
97.79 222.648 72.0017
97.8 222.649 71.9949
97.81 222.651 71.9881
97.82 222.652 71.9814
97.83 222.654 71.9746
97.84 222.656 71.9679
97.85 222.658 71.9611
97.86 222.659 71.9544
97.87 222.661 71.9476
97.88 222.663 71.9409
97.89 222.665 71.9342
97.9 222.667 71.9275
97.91 222.67 71.9208
97.92 222.672 71.9141
97.93 222.674 71.9074
97.94 222.676 71.9007
97.95 222.679 71.894
97.96 222.681 71.8873
97.97 222.684 71.8807
97.98 222.686 71.874
97.99 222.689 71.8674
98 222.692 71.8607
98.01 222.694 71.8541
98.02 222.697 71.8475
98.03 222.7 71.8409
98.04 222.703 71.8343
98.05 222.706 71.8277
98.06 222.709 71.8211
98.07 222.712 71.8145
98.08 222.715 71.8079
98.09 222.718 71.8014
98.1 222.721 71.7948
98.11 222.725 71.7883
98.12 222.728 71.7817
98.13 222.731 71.7752
98.14 222.735 71.7687
98.15 222.738 71.7622
98.16 222.742 71.7557
98.17 222.745 71.7493
98.18 222.749 71.7428
98.19 222.753 71.7363
98.2 222.757 71.7299
98.21 222.76 71.7235
98.22 222.764 71.7171
98.23 222.768 71.7106
98.24 222.772 71.7042
98.25 222.776 71.6979
98.26 222.78 71.6915
98.27 222.784 71.6851
98.28 222.789 71.6788
98.29 222.793 71.6725
98.3 222.797 71.6661
98.31 222.802 71.6598
98.32 222.806 71.6535
98.33 222.81 71.6472
98.34 222.815 71.641
98.35 222.819 71.6347
98.36 222.824 71.6285
98.37 222.829 71.6223
98.38 222.833 71.616
98.39 222.838 71.6098
98.4 222.843 71.6037
98.41 222.848 71.5975
98.42 222.853 71.5913
98.43 222.858 71.5852
98.44 222.863 71.5791
98.45 222.868 71.5729
98.46 222.873 71.5668
98.47 222.878 71.5608
98.48 222.883 71.5547
98.49 222.888 71.5486
98.5 222.894 71.5426
98.51 222.899 71.5366
98.52 222.904 71.5306
98.53 222.91 71.5246
98.54 222.915 71.5186
98.55 222.921 71.5127
98.56 222.926 71.5067
98.57 222.932 71.5008
98.58 222.938 71.4949
98.59 222.943 71.489
98.6 222.949 71.4831
98.61 222.955 71.4773
98.62 222.961 71.4714
98.63 222.967 71.4656
98.64 222.973 71.4598
98.65 222.979 71.454
98.66 222.985 71.4483
98.67 222.991 71.4425
98.68 222.997 71.4368
98.69 223.003 71.4311
98.7 223.009 71.4254
98.71 223.015 71.4197
98.72 223.022 71.414
98.73 223.028 71.4084
98.74 223.034 71.4028
98.75 223.041 71.3972
98.76 223.047 71.3916
98.77 223.054 71.386
98.78 223.06 71.3805
98.79 223.067 71.3749
98.8 223.074 71.3694
98.81 223.08 71.3639
98.82 223.087 71.3585
98.83 223.094 71.353
98.84 223.101 71.3476
98.85 223.107 71.3422
98.86 223.114 71.3368
98.87 223.121 71.3314
98.88 223.128 71.326
98.89 223.135 71.3207
98.9 223.142 71.3154
98.91 223.149 71.3101
98.92 223.156 71.3048
98.93 223.164 71.2996
98.94 223.171 71.2944
98.95 223.178 71.2892
98.96 223.185 71.284
98.97 223.193 71.2788
98.98 223.2 71.2737
98.99 223.207 71.2686
99 223.215 71.2635
99.01 223.222 71.2584
99.02 223.23 71.2533
99.03 223.237 71.2483
99.04 223.245 71.2433
99.05 223.253 71.2383
99.06 223.26 71.2333
99.07 223.268 71.2284
99.08 223.276 71.2234
99.09 223.283 71.2185
99.1 223.291 71.2137
99.11 223.299 71.2088
99.12 223.307 71.204
99.13 223.315 71.1992
99.14 223.323 71.1944
99.15 223.331 71.1896
99.16 223.339 71.1849
99.17 223.347 71.1802
99.18 223.355 71.1755
99.19 223.363 71.1708
99.2 223.371 71.1661
99.21 223.379 71.1615
99.22 223.387 71.1569
99.23 223.396 71.1523
99.24 223.404 71.1478
99.25 223.412 71.1432
99.26 223.421 71.1387
99.27 223.429 71.1343
99.28 223.437 71.1298
99.29 223.446 71.1254
99.3 223.454 71.121
99.31 223.463 71.1166
99.32 223.471 71.1122
99.33 223.48 71.1079
99.34 223.488 71.1036
99.35 223.497 71.0993
99.36 223.506 71.095
99.37 223.514 71.0908
99.38 223.523 71.0866
99.39 223.532 71.0824
99.4 223.54 71.0782
99.41 223.549 71.0741
99.42 223.558 71.07
99.43 223.567 71.0659
99.44 223.576 71.0618
99.45 223.584 71.0578
99.46 223.593 71.0538
99.47 223.602 71.0498
99.48 223.611 71.0458
99.49 223.62 71.0419
99.5 223.629 71.038
99.51 223.638 71.0341
99.52 223.647 71.0302
99.53 223.656 71.0264
99.54 223.666 71.0226
99.55 223.675 71.0188
99.56 223.684 71.0151
99.57 223.693 71.0113
99.58 223.702 71.0076
99.59 223.711 71.004
99.6 223.721 71.0003
99.61 223.73 70.9967
99.62 223.739 70.9931
99.63 223.749 70.9895
99.64 223.758 70.986
99.65 223.767 70.9825
99.66 223.777 70.979
99.67 223.786 70.9755
99.68 223.795 70.9721
99.69 223.805 70.9687
99.7 223.814 70.9653
99.71 223.824 70.962
99.72 223.833 70.9587
99.73 223.843 70.9554
99.74 223.852 70.9521
99.75 223.862 70.9488
99.76 223.872 70.9456
99.77 223.881 70.9424
99.78 223.891 70.9393
99.79 223.9 70.9361
99.8 223.91 70.933
99.81 223.92 70.93
99.82 223.929 70.9269
99.83 223.939 70.9239
99.84 223.949 70.9209
99.85 223.958 70.9179
99.86 223.968 70.915
99.87 223.978 70.9121
99.88 223.988 70.9092
99.89 223.998 70.9063
99.9 224.007 70.9035
99.91 224.017 70.9007
99.92 224.027 70.8979
99.93 224.037 70.8952
99.94 224.047 70.8924
99.95 224.057 70.8898
99.96 224.067 70.8871
99.97 224.076 70.8845
99.98 224.086 70.8819
99.99 224.096 70.8793
