Time nR nF
0 500 500
0.01 499.505 498.003
0.02 499.021 496.011
0.03 498.547 494.025
0.04 498.083 492.045
0.05 497.63 490.07
0.06 497.187 488.101
0.07 496.754 486.138
0.08 496.331 484.18
0.09 495.918 482.229
0.1 495.516 480.283
0.11 495.123 478.343
0.12 494.74 476.41
0.13 494.367 474.482
0.14 494.003 472.56
0.15 493.65 470.645
0.16 493.306 468.735
0.17 492.972 466.832
0.18 492.647 464.935
0.19 492.332 463.044
0.2 492.026 461.16
0.21 491.73 459.281
0.22 491.443 457.409
0.23 491.166 455.544
0.24 490.897 453.685
0.25 490.638 451.832
0.26 490.389 449.985
0.27 490.148 448.145
0.28 489.917 446.312
0.29 489.694 444.485
0.3 489.481 442.664
0.31 489.277 440.851
0.32 489.081 439.043
0.33 488.895 437.242
0.34 488.717 435.448
0.35 488.548 433.66
0.36 488.388 431.879
0.37 488.237 430.105
0.38 488.094 428.337
0.39 487.96 426.576
0.4 487.835 424.822
0.41 487.718 423.075
0.42 487.61 421.334
0.43 487.51 419.599
0.44 487.419 417.872
0.45 487.336 416.151
0.46 487.261 414.437
0.47 487.195 412.73
0.48 487.137 411.03
0.49 487.088 409.336
0.5 487.046 407.649
0.51 487.013 405.969
0.52 486.988 404.296
0.53 486.971 402.63
0.54 486.962 400.97
0.55 486.962 399.318
0.56 486.969 397.672
0.57 486.984 396.033
0.58 487.008 394.4
0.59 487.039 392.775
0.6 487.078 391.156
0.61 487.125 389.545
0.62 487.18 387.94
0.63 487.243 386.342
0.64 487.313 384.75
0.65 487.391 383.166
0.66 487.477 381.588
0.67 487.571 380.018
0.68 487.672 378.454
0.69 487.781 376.897
0.7 487.897 375.346
0.71 488.021 373.803
0.72 488.153 372.266
0.73 488.292 370.737
0.74 488.439 369.214
0.75 488.593 367.698
0.76 488.754 366.188
0.77 488.923 364.686
0.78 489.1 363.19
0.79 489.283 361.701
0.8 489.475 360.219
0.81 489.673 358.743
0.82 489.879 357.275
0.83 490.092 355.813
0.84 490.312 354.358
0.85 490.539 352.909
0.86 490.774 351.468
0.87 491.015 350.033
0.88 491.264 348.605
0.89 491.52 347.183
0.9 491.784 345.768
0.91 492.054 344.36
0.92 492.331 342.959
0.93 492.615 341.564
0.94 492.907 340.176
0.95 493.205 338.794
0.96 493.511 337.419
0.97 493.823 336.051
0.98 494.142 334.689
0.99 494.468 333.334
1 494.801 331.986
1.01 495.141 330.644
1.02 495.488 329.309
1.03 495.842 327.98
1.04 496.202 326.657
1.05 496.57 325.342
1.06 496.944 324.032
1.07 497.325 322.73
1.08 497.712 321.433
1.09 498.107 320.143
1.1 498.508 318.86
1.11 498.916 317.583
1.12 499.33 316.312
1.13 499.752 315.048
1.14 500.179 313.79
1.15 500.614 312.539
1.16 501.055 311.294
1.17 501.503 310.055
1.18 501.957 308.823
1.19 502.418 307.597
1.2 502.886 306.377
1.21 503.36 305.163
1.22 503.841 303.956
1.23 504.328 302.755
1.24 504.821 301.56
1.25 505.322 300.372
1.26 505.828 299.189
1.27 506.341 298.013
1.28 506.861 296.843
1.29 507.387 295.679
1.3 507.92 294.521
1.31 508.459 293.37
1.32 509.004 292.224
1.33 509.556 291.084
1.34 510.114 289.951
1.35 510.679 288.823
1.36 511.25 287.702
1.37 511.827 286.586
1.38 512.41 285.477
1.39 513 284.374
1.4 513.597 283.276
1.41 514.199 282.184
1.42 514.808 281.099
1.43 515.424 280.019
1.44 516.045 278.945
1.45 516.673 277.877
1.46 517.307 276.814
1.47 517.948 275.758
1.48 518.594 274.707
1.49 519.247 273.663
1.5 519.906 272.623
1.51 520.572 271.59
1.52 521.243 270.562
1.53 521.921 269.541
1.54 522.605 268.524
1.55 523.295 267.514
1.56 523.992 266.509
1.57 524.694 265.51
1.58 525.403 264.516
1.59 526.118 263.528
1.6 526.839 262.545
1.61 527.566 261.568
1.62 528.299 260.597
1.63 529.039 259.631
1.64 529.785 258.671
1.65 530.536 257.716
1.66 531.294 256.766
1.67 532.058 255.822
1.68 532.829 254.884
1.69 533.605 253.951
1.7 534.387 253.023
1.71 535.176 252.1
1.72 535.97 251.183
1.73 536.771 250.272
1.74 537.578 249.365
1.75 538.391 248.464
1.76 539.209 247.568
1.77 540.034 246.678
1.78 540.865 245.792
1.79 541.703 244.912
1.8 542.546 244.037
1.81 543.395 243.168
1.82 544.25 242.303
1.83 545.111 241.444
1.84 545.979 240.589
1.85 546.852 239.74
1.86 547.731 238.896
1.87 548.617 238.057
1.88 549.508 237.223
1.89 550.406 236.394
1.9 551.309 235.57
1.91 552.219 234.751
1.92 553.134 233.937
1.93 554.056 233.128
1.94 554.984 232.324
1.95 555.917 231.525
1.96 556.857 230.731
1.97 557.802 229.942
1.98 558.754 229.157
1.99 559.711 228.378
2 560.675 227.603
2.01 561.645 226.833
2.02 562.62 226.068
2.03 563.602 225.308
2.04 564.589 224.552
2.05 565.583 223.801
2.06 566.582 223.055
2.07 567.588 222.314
2.08 568.599 221.577
2.09 569.617 220.845
2.1 570.64 220.118
2.11 571.67 219.395
2.12 572.705 218.677
2.13 573.747 217.964
2.14 574.794 217.255
2.15 575.848 216.551
2.16 576.907 215.851
2.17 577.972 215.156
2.18 579.044 214.466
2.19 580.121 213.779
2.2 581.204 213.098
2.21 582.294 212.421
2.22 583.389 211.748
2.23 584.49 211.08
2.24 585.597 210.416
2.25 586.71 209.757
2.26 587.83 209.102
2.27 588.955 208.451
2.28 590.086 207.805
2.29 591.223 207.163
2.3 592.366 206.526
2.31 593.515 205.893
2.32 594.67 205.264
2.33 595.831 204.639
2.34 596.998 204.019
2.35 598.171 203.403
2.36 599.35 202.791
2.37 600.535 202.183
2.38 601.726 201.58
2.39 602.923 200.981
2.4 604.126 200.386
2.41 605.335 199.795
2.42 606.55 199.208
2.43 607.771 198.626
2.44 608.998 198.047
2.45 610.231 197.473
2.46 611.469 196.903
2.47 612.714 196.337
2.48 613.965 195.775
2.49 615.222 195.217
2.5 616.485 194.663
2.51 617.754 194.113
2.52 619.029 193.567
2.53 620.31 193.025
2.54 621.596 192.488
2.55 622.889 191.954
2.56 624.188 191.424
2.57 625.493 190.898
2.58 626.804 190.376
2.59 628.121 189.857
2.6 629.444 189.343
2.61 630.773 188.833
2.62 632.108 188.326
2.63 633.449 187.824
2.64 634.796 187.325
2.65 636.149 186.83
2.66 637.508 186.339
2.67 638.873 185.852
2.68 640.244 185.369
2.69 641.622 184.889
2.7 643.005 184.413
2.71 644.394 183.941
2.72 645.789 183.473
2.73 647.191 183.008
2.74 648.598 182.548
2.75 650.011 182.09
2.76 651.431 181.637
2.77 652.856 181.187
2.78 654.288 180.742
2.79 655.726 180.299
2.8 657.169 179.861
2.81 658.619 179.426
2.82 660.075 178.994
2.83 661.537 178.567
2.84 663.004 178.143
2.85 664.478 177.722
2.86 665.958 177.306
2.87 667.445 176.893
2.88 668.937 176.483
2.89 670.435 176.077
2.9 671.939 175.675
2.91 673.45 175.276
2.92 674.966 174.88
2.93 676.489 174.489
2.94 678.017 174.1
2.95 679.552 173.716
2.96 681.093 173.334
2.97 682.639 172.957
2.98 684.192 172.583
2.99 685.751 172.212
3 687.316 171.845
3.01 688.888 171.481
3.02 690.465 171.121
3.03 692.048 170.764
3.04 693.638 170.41
3.05 695.233 170.06
3.06 696.835 169.714
3.07 698.443 169.371
3.08 700.057 169.031
3.09 701.677 168.695
3.1 703.303 168.362
3.11 704.935 168.033
3.12 706.573 167.706
3.13 708.217 167.384
3.14 709.868 167.064
3.15 711.525 166.748
3.16 713.187 166.436
3.17 714.856 166.127
3.18 716.531 165.821
3.19 718.212 165.518
3.2 719.899 165.219
3.21 721.592 164.923
3.22 723.292 164.63
3.23 724.997 164.341
3.24 726.709 164.055
3.25 728.426 163.773
3.26 730.15 163.493
3.27 731.88 163.217
3.28 733.616 162.944
3.29 735.358 162.675
3.3 737.107 162.409
3.31 738.861 162.146
3.32 740.621 161.886
3.33 742.388 161.63
3.34 744.161 161.377
3.35 745.939 161.127
3.36 747.724 160.88
3.37 749.515 160.637
3.38 751.312 160.397
3.39 753.116 160.16
3.4 754.925 159.926
3.41 756.74 159.696
3.42 758.562 159.469
3.43 760.39 159.245
3.44 762.223 159.024
3.45 764.063 158.807
3.46 765.909 158.592
3.47 767.761 158.381
3.48 769.619 158.173
3.49 771.483 157.969
3.5 773.354 157.767
3.51 775.23 157.569
3.52 777.112 157.374
3.53 779.001 157.182
3.54 780.896 156.994
3.55 782.796 156.808
3.56 784.703 156.626
3.57 786.616 156.447
3.58 788.535 156.272
3.59 790.459 156.099
3.6 792.39 155.93
3.61 794.327 155.763
3.62 796.27 155.6
3.63 798.22 155.441
3.64 800.175 155.284
3.65 802.136 155.131
3.66 804.103 154.98
3.67 806.076 154.833
3.68 808.056 154.689
3.69 810.041 154.549
3.7 812.032 154.411
3.71 814.029 154.277
3.72 816.033 154.146
3.73 818.042 154.018
3.74 820.057 153.894
3.75 822.078 153.772
3.76 824.105 153.654
3.77 826.139 153.539
3.78 828.178 153.427
3.79 830.223 153.319
3.8 832.274 153.213
3.81 834.331 153.111
3.82 836.393 153.012
3.83 838.462 152.916
3.84 840.537 152.824
3.85 842.617 152.735
3.86 844.704 152.649
3.87 846.796 152.566
3.88 848.894 152.486
3.89 850.998 152.41
3.9 853.108 152.337
3.91 855.224 152.267
3.92 857.346 152.201
3.93 859.473 152.137
3.94 861.606 152.077
3.95 863.745 152.021
3.96 865.89 151.967
3.97 868.041 151.917
3.98 870.197 151.87
3.99 872.359 151.826
4 874.527 151.786
4.01 876.7 151.749
4.02 878.88 151.715
4.03 881.065 151.685
4.04 883.255 151.658
4.05 885.452 151.634
4.06 887.654 151.614
4.07 889.861 151.597
4.08 892.075 151.583
4.09 894.293 151.573
4.1 896.518 151.566
4.11 898.748 151.562
4.12 900.984 151.562
4.13 903.225 151.565
4.14 905.471 151.572
4.15 907.724 151.582
4.16 909.981 151.595
4.17 912.244 151.612
4.18 914.513 151.632
4.19 916.787 151.656
4.2 919.067 151.683
4.21 921.352 151.714
4.22 923.642 151.748
4.23 925.937 151.786
4.24 928.238 151.827
4.25 930.545 151.871
4.26 932.856 151.919
4.27 935.173 151.971
4.28 937.495 152.026
4.29 939.823 152.085
4.3 942.155 152.148
4.31 944.493 152.213
4.32 946.836 152.283
4.33 949.184 152.356
4.34 951.537 152.433
4.35 953.895 152.513
4.36 956.259 152.597
4.37 958.627 152.685
4.38 961 152.776
4.39 963.379 152.871
4.4 965.762 152.97
4.41 968.15 153.073
4.42 970.543 153.179
4.43 972.941 153.289
4.44 975.344 153.402
4.45 977.751 153.52
4.46 980.164 153.641
4.47 982.581 153.766
4.48 985.003 153.895
4.49 987.429 154.028
4.5 989.86 154.164
4.51 992.296 154.305
4.52 994.736 154.449
4.53 997.181 154.597
4.54 999.63 154.75
4.55 1002.08 154.906
4.56 1004.54 155.066
4.57 1007.01 155.23
4.58 1009.47 155.398
4.59 1011.94 155.57
4.6 1014.42 155.746
4.61 1016.9 155.927
4.62 1019.38 156.111
4.63 1021.87 156.299
4.64 1024.36 156.492
4.65 1026.86 156.689
4.66 1029.36 156.89
4.67 1031.87 157.095
4.68 1034.37 157.304
4.69 1036.89 157.517
4.7 1039.4 157.735
4.71 1041.92 157.957
4.72 1044.45 158.184
4.73 1046.97 158.414
4.74 1049.5 158.649
4.75 1052.04 158.889
4.76 1054.58 159.132
4.77 1057.12 159.381
4.78 1059.66 159.633
4.79 1062.21 159.89
4.8 1064.77 160.152
4.81 1067.32 160.418
4.82 1069.88 160.689
4.83 1072.44 160.964
4.84 1075.01 161.244
4.85 1077.58 161.528
4.86 1080.15 161.818
4.87 1082.72 162.111
4.88 1085.3 162.41
4.89 1087.88 162.713
4.9 1090.46 163.021
4.91 1093.05 163.334
4.92 1095.63 163.652
4.93 1098.22 163.975
4.94 1100.82 164.302
4.95 1103.41 164.635
4.96 1106.01 164.972
4.97 1108.61 165.314
4.98 1111.22 165.662
4.99 1113.82 166.014
5 1116.43 166.372
5.01 1119.04 166.734
5.02 1121.65 167.102
5.03 1124.26 167.475
5.04 1126.88 167.853
5.05 1129.49 168.237
5.06 1132.11 168.625
5.07 1134.73 169.019
5.08 1137.35 169.419
5.09 1139.98 169.824
5.1 1142.6 170.234
5.11 1145.23 170.65
5.12 1147.86 171.071
5.13 1150.48 171.498
5.14 1153.11 171.93
5.15 1155.74 172.368
5.16 1158.38 172.812
5.17 1161.01 173.261
5.18 1163.64 173.716
5.19 1166.27 174.177
5.2 1168.91 174.644
5.21 1171.54 175.116
5.22 1174.18 175.595
5.23 1176.81 176.079
5.24 1179.45 176.57
5.25 1182.08 177.066
5.26 1184.72 177.569
5.27 1187.35 178.077
5.28 1189.99 178.592
5.29 1192.62 179.113
5.3 1195.26 179.64
5.31 1197.89 180.174
5.32 1200.52 180.714
5.33 1203.15 181.26
5.34 1205.79 181.813
5.35 1208.42 182.372
5.36 1211.05 182.938
5.37 1213.67 183.51
5.38 1216.3 184.089
5.39 1218.93 184.675
5.4 1221.55 185.267
5.41 1224.17 185.866
5.42 1226.79 186.472
5.43 1229.41 187.085
5.44 1232.03 187.705
5.45 1234.64 188.331
5.46 1237.25 188.965
5.47 1239.86 189.606
5.48 1242.47 190.254
5.49 1245.08 190.909
5.5 1247.68 191.572
5.51 1250.28 192.241
5.52 1252.87 192.918
5.53 1255.47 193.603
5.54 1258.06 194.295
5.55 1260.64 194.994
5.56 1263.22 195.701
5.57 1265.8 196.416
5.58 1268.38 197.138
5.59 1270.95 197.868
5.6 1273.52 198.606
5.61 1276.08 199.352
5.62 1278.64 200.106
5.63 1281.19 200.867
5.64 1283.74 201.637
5.65 1286.28 202.415
5.66 1288.82 203.201
5.67 1291.36 203.995
5.68 1293.88 204.798
5.69 1296.41 205.608
5.7 1298.92 206.428
5.71 1301.44 207.255
5.72 1303.94 208.092
5.73 1306.44 208.937
5.74 1308.93 209.79
5.75 1311.42 210.652
5.76 1313.9 211.524
5.77 1316.37 212.403
5.78 1318.84 213.292
5.79 1321.3 214.19
5.8 1323.75 215.097
5.81 1326.19 216.013
5.82 1328.63 216.938
5.83 1331.06 217.873
5.84 1333.48 218.817
5.85 1335.89 219.77
5.86 1338.29 220.733
5.87 1340.69 221.705
5.88 1343.07 222.687
5.89 1345.45 223.678
5.9 1347.82 224.68
5.91 1350.18 225.691
5.92 1352.52 226.712
5.93 1354.86 227.742
5.94 1357.19 228.783
5.95 1359.51 229.834
5.96 1361.82 230.896
5.97 1364.12 231.967
5.98 1366.4 233.049
5.99 1368.68 234.141
6 1370.94 235.244
6.01 1373.2 236.357
6.02 1375.44 237.481
6.03 1377.67 238.615
6.04 1379.88 239.76
6.05 1382.09 240.916
6.06 1384.28 242.083
6.07 1386.46 243.261
6.08 1388.63 244.45
6.09 1390.78 245.65
6.1 1392.92 246.861
6.11 1395.05 248.084
6.12 1397.16 249.317
6.13 1399.26 250.563
6.14 1401.34 251.819
6.15 1403.41 253.088
6.16 1405.47 254.367
6.17 1407.5 255.659
6.18 1409.53 256.962
6.19 1411.54 258.278
6.2 1413.53 259.605
6.21 1415.51 260.944
6.22 1417.47 262.295
6.23 1419.41 263.659
6.24 1421.34 265.034
6.25 1423.25 266.422
6.26 1425.14 267.822
6.27 1427.01 269.235
6.28 1428.87 270.66
6.29 1430.71 272.098
6.3 1432.53 273.548
6.31 1434.33 275.011
6.32 1436.12 276.487
6.33 1437.88 277.976
6.34 1439.62 279.478
6.35 1441.35 280.992
6.36 1443.06 282.52
6.37 1444.74 284.061
6.38 1446.41 285.615
6.39 1448.05 287.182
6.4 1449.67 288.763
6.41 1451.27 290.356
6.42 1452.85 291.964
6.43 1454.41 293.585
6.44 1455.95 295.219
6.45 1457.46 296.867
6.46 1458.96 298.529
6.47 1460.43 300.205
6.48 1461.87 301.894
6.49 1463.29 303.597
6.5 1464.69 305.314
6.51 1466.07 307.045
6.52 1467.42 308.79
6.53 1468.74 310.55
6.54 1470.05 312.323
6.55 1471.32 314.11
6.56 1472.57 315.912
6.57 1473.8 317.728
6.58 1475 319.558
6.59 1476.17 321.403
6.6 1477.32 323.262
6.61 1478.44 325.135
6.62 1479.53 327.023
6.63 1480.6 328.926
6.64 1481.64 330.843
6.65 1482.65 332.775
6.66 1483.63 334.721
6.67 1484.58 336.682
6.68 1485.51 338.657
6.69 1486.41 340.647
6.7 1487.27 342.652
6.71 1488.11 344.672
6.72 1488.92 346.706
6.73 1489.7 348.756
6.74 1490.45 350.82
6.75 1491.16 352.898
6.76 1491.85 354.992
6.77 1492.51 357.1
6.78 1493.13 359.224
6.79 1493.72 361.362
6.8 1494.29 363.515
6.81 1494.82 365.682
6.82 1495.31 367.865
6.83 1495.78 370.062
6.84 1496.21 372.274
6.85 1496.61 374.501
6.86 1496.97 376.743
6.87 1497.3 378.999
6.88 1497.6 381.271
6.89 1497.86 383.556
6.9 1498.09 385.857
6.91 1498.29 388.172
6.92 1498.45 390.502
6.93 1498.57 392.846
6.94 1498.66 395.205
6.95 1498.71 397.578
6.96 1498.73 399.965
6.97 1498.72 402.367
6.98 1498.66 404.783
6.99 1498.57 407.214
7 1498.45 409.658
7.01 1498.28 412.117
7.02 1498.08 414.589
7.03 1497.85 417.076
7.04 1497.57 419.576
7.05 1497.26 422.09
7.06 1496.91 424.618
7.07 1496.52 427.16
7.08 1496.1 429.714
7.09 1495.63 432.283
7.1 1495.13 434.864
7.11 1494.59 437.459
7.12 1494.01 440.066
7.13 1493.39 442.687
7.14 1492.74 445.32
7.15 1492.04 447.966
7.16 1491.3 450.624
7.17 1490.53 453.295
7.18 1489.72 455.978
7.19 1488.86 458.673
7.2 1487.97 461.38
7.21 1487.04 464.098
7.22 1486.06 466.828
7.23 1485.05 469.57
7.24 1484 472.323
7.25 1482.9 475.087
7.26 1481.77 477.861
7.27 1480.6 480.647
7.28 1479.38 483.442
7.29 1478.13 486.248
7.3 1476.83 489.065
7.31 1475.5 491.891
7.32 1474.12 494.726
7.33 1472.7 497.571
7.34 1471.25 500.425
7.35 1469.75 503.288
7.36 1468.21 506.16
7.37 1466.63 509.04
7.38 1465.01 511.929
7.39 1463.35 514.825
7.4 1461.65 517.729
7.41 1459.91 520.641
7.42 1458.13 523.559
7.43 1456.31 526.485
7.44 1454.44 529.417
7.45 1452.54 532.355
7.46 1450.6 535.3
7.47 1448.62 538.25
7.48 1446.59 541.206
7.49 1444.53 544.166
7.5 1442.43 547.132
7.51 1440.29 550.102
7.52 1438.11 553.076
7.53 1435.88 556.054
7.54 1433.62 559.036
7.55 1431.32 562.02
7.56 1428.99 565.008
7.57 1426.61 567.998
7.58 1424.19 570.99
7.59 1421.74 573.984
7.6 1419.25 576.979
7.61 1416.71 579.976
7.62 1414.15 582.973
7.63 1411.54 585.97
7.64 1408.9 588.967
7.65 1406.21 591.964
7.66 1403.5 594.961
7.67 1400.74 597.955
7.68 1397.95 600.949
7.69 1395.12 603.94
7.7 1392.26 606.929
7.71 1389.36 609.915
7.72 1386.43 612.898
7.73 1383.46 615.878
7.74 1380.46 618.853
7.75 1377.42 621.824
7.76 1374.34 624.791
7.77 1371.24 627.752
7.78 1368.1 630.707
7.79 1364.93 633.656
7.8 1361.72 636.599
7.81 1358.48 639.535
7.82 1355.21 642.463
7.83 1351.91 645.384
7.84 1348.58 648.296
7.85 1345.21 651.2
7.86 1341.82 654.094
7.87 1338.39 656.979
7.88 1334.94 659.854
7.89 1331.46 662.719
7.9 1327.94 665.573
7.91 1324.4 668.416
7.92 1320.84 671.246
7.93 1317.24 674.065
7.94 1313.62 676.871
7.95 1309.96 679.664
7.96 1306.29 682.444
7.97 1302.59 685.209
7.98 1298.86 687.961
7.99 1295.11 690.697
8 1291.33 693.419
8.01 1287.53 696.124
8.02 1283.7 698.814
8.03 1279.86 701.487
8.04 1275.99 704.143
8.05 1272.09 706.782
8.06 1268.18 709.403
8.07 1264.25 712.005
8.08 1260.29 714.589
8.09 1256.32 717.154
8.1 1252.32 719.7
8.11 1248.31 722.226
8.12 1244.28 724.731
8.13 1240.23 727.216
8.14 1236.16 729.679
8.15 1232.08 732.121
8.16 1227.98 734.542
8.17 1223.86 736.94
8.18 1219.73 739.315
8.19 1215.59 741.667
8.2 1211.43 743.996
8.21 1207.25 746.301
8.22 1203.06 748.582
8.23 1198.86 750.838
8.24 1194.65 753.07
8.25 1190.43 755.276
8.26 1186.19 757.457
8.27 1181.95 759.611
8.28 1177.69 761.74
8.29 1173.43 763.842
8.3 1169.15 765.917
8.31 1164.87 767.965
8.32 1160.58 769.985
8.33 1156.28 771.978
8.34 1151.98 773.942
8.35 1147.67 775.878
8.36 1143.35 777.785
8.37 1139.03 779.663
8.38 1134.7 781.512
8.39 1130.37 783.332
8.4 1126.04 785.121
8.41 1121.7 786.881
8.42 1117.36 788.61
8.43 1113.02 790.309
8.44 1108.67 791.977
8.45 1104.32 793.614
8.46 1099.98 795.22
8.47 1095.63 796.795
8.48 1091.28 798.338
8.49 1086.94 799.849
8.5 1082.59 801.328
8.51 1078.25 802.775
8.52 1073.9 804.19
8.53 1069.57 805.572
8.54 1065.23 806.922
8.55 1060.9 808.238
8.56 1056.57 809.522
8.57 1052.24 810.773
8.58 1047.92 811.991
8.59 1043.61 813.176
8.6 1039.3 814.327
8.61 1035 815.444
8.62 1030.7 816.528
8.63 1026.41 817.579
8.64 1022.13 818.595
8.65 1017.85 819.578
8.66 1013.59 820.527
8.67 1009.33 821.442
8.68 1005.08 822.323
8.69 1000.84 823.17
8.7 996.609 823.983
8.71 992.388 824.762
8.72 988.178 825.507
8.73 983.979 826.218
8.74 979.79 826.895
8.75 975.614 827.538
8.76 971.448 828.146
8.77 967.295 828.721
8.78 963.154 829.262
8.79 959.026 829.769
8.8 954.911 830.241
8.81 950.81 830.68
8.82 946.722 831.086
8.83 942.647 831.457
8.84 938.587 831.795
8.85 934.542 832.099
8.86 930.511 832.37
8.87 926.496 832.607
8.88 922.495 832.811
8.89 918.51 832.982
8.9 914.541 833.119
8.91 910.588 833.224
8.92 906.652 833.296
8.93 902.731 833.335
8.94 898.828 833.341
8.95 894.941 833.315
8.96 891.072 833.257
8.97 887.22 833.167
8.98 883.386 833.044
8.99 879.569 832.89
9 875.771 832.704
9.01 871.991 832.486
9.02 868.228 832.238
9.03 864.485 831.958
9.04 860.76 831.647
9.05 857.054 831.305
9.06 853.367 830.933
9.07 849.699 830.53
9.08 846.051 830.097
9.09 842.422 829.635
9.1 838.812 829.142
9.11 835.222 828.62
9.12 831.652 828.069
9.13 828.102 827.488
9.14 824.572 826.879
9.15 821.062 826.241
9.16 817.573 825.574
9.17 814.104 824.88
9.18 810.655 824.157
9.19 807.227 823.407
9.2 803.819 822.63
9.21 800.433 821.825
9.22 797.067 820.993
9.23 793.721 820.135
9.24 790.397 819.25
9.25 787.094 818.339
9.26 783.812 817.402
9.27 780.551 816.44
9.28 777.311 815.452
9.29 774.092 814.439
9.3 770.894 813.401
9.31 767.718 812.339
9.32 764.563 811.252
9.33 761.43 810.141
9.34 758.317 809.007
9.35 755.226 807.849
9.36 752.157 806.668
9.37 749.109 805.464
9.38 746.082 804.237
9.39 743.077 802.988
9.4 740.093 801.717
9.41 737.131 800.424
9.42 734.19 799.11
9.43 731.27 797.774
9.44 728.372 796.418
9.45 725.496 795.041
9.46 722.64 793.643
9.47 719.806 792.226
9.48 716.994 790.788
9.49 714.203 789.331
9.5 711.433 787.855
9.51 708.684 786.36
9.52 705.956 784.846
9.53 703.25 783.314
9.54 700.565 781.764
9.55 697.901 780.196
9.56 695.258 778.611
9.57 692.636 777.008
9.58 690.036 775.388
9.59 687.456 773.752
9.6 684.897 772.099
9.61 682.359 770.431
9.62 679.842 768.746
9.63 677.345 767.046
9.64 674.869 765.33
9.65 672.414 763.6
9.66 669.979 761.855
9.67 667.565 760.095
9.68 665.172 758.321
9.69 662.798 756.534
9.7 660.445 754.732
9.71 658.113 752.918
9.72 655.8 751.09
9.73 653.508 749.249
9.74 651.235 747.396
9.75 648.983 745.531
9.76 646.75 743.654
9.77 644.538 741.765
9.78 642.345 739.864
9.79 640.172 737.952
9.8 638.018 736.029
9.81 635.884 734.096
9.82 633.769 732.152
9.83 631.674 730.197
9.84 629.597 728.233
9.85 627.54 726.259
9.86 625.503 724.276
9.87 623.484 722.283
9.88 621.484 720.281
9.89 619.503 718.271
9.9 617.54 716.252
9.91 615.597 714.225
9.92 613.672 712.189
9.93 611.765 710.146
9.94 609.877 708.096
9.95 608.007 706.038
9.96 606.155 703.973
9.97 604.322 701.901
9.98 602.506 699.822
9.99 600.709 697.737
10 598.929 695.645
10.01 597.167 693.548
10.02 595.423 691.445
10.03 593.697 689.336
10.04 591.988 687.222
10.05 590.296 685.103
10.06 588.622 682.979
10.07 586.965 680.85
10.08 585.325 678.716
10.09 583.702 676.578
10.1 582.096 674.436
10.11 580.507 672.29
10.12 578.935 670.14
10.13 577.379 667.987
10.14 575.84 665.83
10.15 574.317 663.67
10.16 572.811 661.507
10.17 571.322 659.342
10.18 569.848 657.173
10.19 568.391 655.002
10.2 566.949 652.829
10.21 565.524 650.654
10.22 564.114 648.477
10.23 562.72 646.298
10.24 561.342 644.117
10.25 559.98 641.935
10.26 558.633 639.752
10.27 557.301 637.567
10.28 555.985 635.382
10.29 554.683 633.196
10.3 553.398 631.009
10.31 552.127 628.822
10.32 550.871 626.634
10.33 549.63 624.446
10.34 548.403 622.258
10.35 547.192 620.07
10.36 545.995 617.883
10.37 544.813 615.696
10.38 543.645 613.509
10.39 542.491 611.323
10.4 541.352 609.138
10.41 540.227 606.954
10.42 539.116 604.771
10.43 538.019 602.589
10.44 536.936 600.408
10.45 535.867 598.229
10.46 534.811 596.052
10.47 533.77 593.876
10.48 532.742 591.702
10.49 531.727 589.53
10.5 530.726 587.36
10.51 529.738 585.192
10.52 528.764 583.026
10.53 527.803 580.863
10.54 526.855 578.702
10.55 525.92 576.544
10.56 524.998 574.389
10.57 524.089 572.236
10.58 523.192 570.087
10.59 522.309 567.94
10.6 521.438 565.797
10.61 520.58 563.657
10.62 519.734 561.52
10.63 518.901 559.386
10.64 518.08 557.256
10.65 517.271 555.129
10.66 516.475 553.007
10.67 515.691 550.888
10.68 514.919 548.773
10.69 514.159 546.661
10.7 513.411 544.554
10.71 512.674 542.451
10.72 511.95 540.352
10.73 511.237 538.257
10.74 510.536 536.167
10.75 509.847 534.081
10.76 509.169 531.999
10.77 508.503 529.923
10.78 507.848 527.85
10.79 507.204 525.783
10.8 506.572 523.72
10.81 505.951 521.662
10.82 505.341 519.609
10.83 504.742 517.56
10.84 504.154 515.517
10.85 503.577 513.479
10.86 503.011 511.446
10.87 502.456 509.418
10.88 501.911 507.396
10.89 501.378 505.379
10.9 500.855 503.367
10.91 500.342 501.36
10.92 499.84 499.359
10.93 499.349 497.364
10.94 498.868 495.374
10.95 498.397 493.39
10.96 497.937 491.411
10.97 497.487 489.438
10.98 497.047 487.471
10.99 496.617 485.51
11 496.198 483.554
11.01 495.788 481.604
11.02 495.389 479.661
11.03 494.999 477.723
11.04 494.619 475.791
11.05 494.249 473.865
11.06 493.889 471.946
11.07 493.538 470.032
11.08 493.198 468.125
11.09 492.866 466.223
11.1 492.545 464.328
11.11 492.233 462.44
11.12 491.93 460.557
11.13 491.637 458.681
11.14 491.353 456.811
11.15 491.079 454.947
11.16 490.813 453.09
11.17 490.557 451.239
11.18 490.311 449.395
11.19 490.073 447.557
11.2 489.845 445.726
11.21 489.625 443.901
11.22 489.415 442.082
11.23 489.213 440.271
11.24 489.021 438.465
11.25 488.837 436.667
11.26 488.662 434.874
11.27 488.496 433.089
11.28 488.339 431.31
11.29 488.19 429.538
11.3 488.05 427.772
11.31 487.919 426.013
11.32 487.797 424.261
11.33 487.682 422.516
11.34 487.577 420.777
11.35 487.48 419.045
11.36 487.391 417.32
11.37 487.311 415.601
11.38 487.239 413.889
11.39 487.176 412.184
11.4 487.12 410.486
11.41 487.073 408.795
11.42 487.035 407.11
11.43 487.004 405.432
11.44 486.982 403.761
11.45 486.968 402.097
11.46 486.961 400.44
11.47 486.963 398.789
11.48 486.973 397.146
11.49 486.991 395.509
11.5 487.017 393.879
11.51 487.051 392.255
11.52 487.092 390.639
11.53 487.142 389.029
11.54 487.199 387.427
11.55 487.264 385.831
11.56 487.337 384.242
11.57 487.418 382.66
11.58 487.506 381.084
11.59 487.602 379.516
11.6 487.706 377.954
11.61 487.817 376.399
11.62 487.936 374.851
11.63 488.063 373.31
11.64 488.197 371.775
11.65 488.338 370.248
11.66 488.487 368.727
11.67 488.644 367.213
11.68 488.808 365.706
11.69 488.979 364.206
11.7 489.158 362.712
11.71 489.344 361.225
11.72 489.537 359.745
11.73 489.738 358.272
11.74 489.946 356.806
11.75 490.161 355.346
11.76 490.384 353.893
11.77 490.613 352.447
11.78 490.85 351.007
11.79 491.094 349.574
11.8 491.346 348.148
11.81 491.604 346.729
11.82 491.869 345.316
11.83 492.142 343.91
11.84 492.421 342.511
11.85 492.708 341.118
11.86 493.002 339.732
11.87 493.302 338.353
11.88 493.61 336.98
11.89 493.924 335.614
11.9 494.246 334.254
11.91 494.574 332.901
11.92 494.91 331.555
11.93 495.252 330.215
11.94 495.601 328.882
11.95 495.957 327.555
11.96 496.319 326.235
11.97 496.689 324.921
11.98 497.065 323.614
11.99 497.448 322.313
12 497.838 321.019
12.01 498.235 319.731
12.02 498.638 318.45
12.03 499.048 317.175
12.04 499.465 315.907
12.05 499.888 314.644
12.06 500.318 313.389
12.07 500.755 312.139
12.08 501.198 310.896
12.09 501.648 309.66
12.1 502.104 308.429
12.11 502.567 307.205
12.12 503.037 305.987
12.13 503.513 304.776
12.14 503.996 303.571
12.15 504.485 302.371
12.16 504.981 301.179
12.17 505.483 299.992
12.18 505.992 298.812
12.19 506.507 297.637
12.2 507.029 296.469
12.21 507.557 295.307
12.22 508.092 294.151
12.23 508.633 293.002
12.24 509.18 291.858
12.25 509.734 290.72
12.26 510.294 289.589
12.27 510.861 288.463
12.28 511.434 287.344
12.29 512.013 286.23
12.3 512.599 285.123
12.31 513.191 284.021
12.32 513.789 282.925
12.33 514.394 281.836
12.34 515.005 280.752
12.35 515.622 279.674
12.36 516.246 278.602
12.37 516.876 277.536
12.38 517.512 276.475
12.39 518.154 275.421
12.4 518.803 274.372
12.41 519.458 273.329
12.42 520.119 272.292
12.43 520.786 271.26
12.44 521.46 270.234
12.45 522.139 269.214
12.46 522.825 268.2
12.47 523.518 267.191
12.48 524.216 266.188
12.49 524.921 265.19
12.5 525.631 264.199
12.51 526.348 263.212
12.52 527.071 262.232
12.53 527.8 261.256
12.54 528.536 260.287
12.55 529.277 259.323
12.56 530.025 258.364
12.57 530.779 257.411
12.58 531.539 256.463
12.59 532.305 255.521
12.6 533.077 254.584
12.61 533.855 253.653
12.62 534.639 252.727
12.63 535.43 251.806
12.64 536.226 250.891
12.65 537.029 249.981
12.66 537.838 249.076
12.67 538.652 248.176
12.68 539.473 247.282
12.69 540.3 246.393
12.7 541.133 245.51
12.71 541.972 244.631
12.72 542.817 243.758
12.73 543.668 242.89
12.74 544.525 242.027
12.75 545.389 241.169
12.76 546.258 240.317
12.77 547.133 239.469
12.78 548.015 238.627
12.79 548.902 237.789
12.8 549.795 236.957
12.81 550.695 236.13
12.82 551.6 235.307
12.83 552.512 234.49
12.84 553.429 233.678
12.85 554.353 232.87
12.86 555.282 232.068
12.87 556.218 231.27
12.88 557.159 230.478
12.89 558.107 229.69
12.9 559.06 228.907
12.91 560.02 228.129
12.92 560.985 227.356
12.93 561.957 226.587
12.94 562.934 225.824
12.95 563.918 225.065
12.96 564.907 224.311
12.97 565.903 223.562
12.98 566.904 222.817
12.99 567.912 222.077
13 568.925 221.342
13.01 569.944 220.612
13.02 570.97 219.886
13.03 572.001 219.165
13.04 573.039 218.448
13.05 574.082 217.736
13.06 575.131 217.029
13.07 576.187 216.326
13.08 577.248 215.628
13.09 578.315 214.934
13.1 579.388 214.245
13.11 580.468 213.56
13.12 581.553 212.88
13.13 582.644 212.205
13.14 583.741 211.533
13.15 584.844 210.867
13.16 585.953 210.204
13.17 587.069 209.546
13.18 588.19 208.893
13.19 589.317 208.244
13.2 590.45 207.599
13.21 591.589 206.958
13.22 592.734 206.322
13.23 593.885 205.69
13.24 595.042 205.063
13.25 596.205 204.44
13.26 597.374 203.821
13.27 598.548 203.206
13.28 599.729 202.596
13.29 600.916 201.989
13.3 602.109 201.387
13.31 603.308 200.79
13.32 604.513 200.196
13.33 605.724 199.607
13.34 606.941 199.021
13.35 608.163 198.44
13.36 609.392 197.863
13.37 610.627 197.29
13.38 611.868 196.721
13.39 613.115 196.156
13.4 614.367 195.596
13.41 615.626 195.039
13.42 616.891 194.486
13.43 618.162 193.938
13.44 619.439 193.393
13.45 620.721 192.853
13.46 622.01 192.316
13.47 623.305 191.783
13.48 624.606 191.255
13.49 625.913 190.73
13.5 627.225 190.209
13.51 628.544 189.692
13.52 629.869 189.179
13.53 631.2 188.67
13.54 632.537 188.165
13.55 633.88 187.664
13.56 635.229 187.166
13.57 636.584 186.672
13.58 637.945 186.183
13.59 639.312 185.697
13.6 640.685 185.214
13.61 642.064 184.736
13.62 643.449 184.261
13.63 644.841 183.791
13.64 646.238 183.324
13.65 647.641 182.86
13.66 649.05 182.401
13.67 650.466 181.945
13.68 651.887 181.493
13.69 653.315 181.044
13.7 654.748 180.599
13.71 656.188 180.158
13.72 657.633 179.721
13.73 659.085 179.287
13.74 660.543 178.857
13.75 662.006 178.431
13.76 663.476 178.008
13.77 664.952 177.588
13.78 666.434 177.173
13.79 667.922 176.761
13.8 669.416 176.352
13.81 670.916 175.948
13.82 672.423 175.546
13.83 673.935 175.149
13.84 675.453 174.754
13.85 676.978 174.364
13.86 678.508 173.977
13.87 680.045 173.593
13.88 681.588 173.213
13.89 683.136 172.836
13.9 684.691 172.463
13.91 686.252 172.094
13.92 687.819 171.728
13.93 689.393 171.365
13.94 690.972 171.006
13.95 692.557 170.65
13.96 694.149 170.298
13.97 695.746 169.949
13.98 697.35 169.604
13.99 698.959 169.262
14 700.575 168.923
14.01 702.197 168.588
14.02 703.825 168.256
14.03 705.459 167.928
14.04 707.099 167.603
14.05 708.746 167.281
14.06 710.398 166.963
14.07 712.057 166.648
14.08 713.721 166.336
14.09 715.392 166.028
14.1 717.069 165.723
14.11 718.752 165.422
14.12 720.441 165.124
14.13 722.136 164.829
14.14 723.838 164.537
14.15 725.545 164.249
14.16 727.259 163.964
14.17 728.978 163.683
14.18 730.704 163.404
14.19 732.436 163.129
14.2 734.174 162.858
14.21 735.918 162.589
14.22 737.668 162.324
14.23 739.424 162.062
14.24 741.187 161.804
14.25 742.955 161.548
14.26 744.73 161.296
14.27 746.511 161.048
14.28 748.298 160.802
14.29 750.091 160.56
14.3 751.89 160.321
14.31 753.695 160.085
14.32 755.506 159.852
14.33 757.324 159.623
14.34 759.147 159.397
14.35 760.977 159.174
14.36 762.812 158.954
14.37 764.654 158.738
14.38 766.502 158.524
14.39 768.356 158.314
14.4 770.216 158.108
14.41 772.082 157.904
14.42 773.954 157.704
14.43 775.833 157.506
14.44 777.717 157.312
14.45 779.607 157.122
14.46 781.504 156.934
14.47 783.407 156.75
14.48 785.315 156.569
14.49 787.23 156.391
14.5 789.151 156.216
14.51 791.078 156.044
14.52 793.011 155.876
14.53 794.95 155.711
14.54 796.895 155.549
14.55 798.846 155.39
14.56 800.803 155.234
14.57 802.766 155.082
14.58 804.735 154.933
14.59 806.71 154.787
14.6 808.691 154.644
14.61 810.678 154.504
14.62 812.672 154.368
14.63 814.671 154.235
14.64 816.676 154.105
14.65 818.687 153.978
14.66 820.704 153.854
14.67 822.727 153.734
14.68 824.756 153.617
14.69 826.791 153.503
14.7 828.832 153.392
14.71 830.879 153.284
14.72 832.932 153.18
14.73 834.991 153.079
14.74 837.056 152.981
14.75 839.126 152.886
14.76 841.203 152.795
14.77 843.285 152.707
14.78 845.374 152.622
14.79 847.468 152.54
14.8 849.568 152.461
14.81 851.674 152.386
14.82 853.786 152.314
14.83 855.903 152.245
14.84 858.027 152.18
14.85 860.156 152.118
14.86 862.291 152.059
14.87 864.432 152.003
14.88 866.579 151.951
14.89 868.731 151.901
14.9 870.889 151.856
14.91 873.053 151.813
14.92 875.223 151.774
14.93 877.398 151.738
14.94 879.579 151.705
14.95 881.766 151.676
14.96 883.959 151.65
14.97 886.157 151.627
14.98 888.361 151.608
14.99 890.57 151.592
15 892.785 151.579
15.01 895.006 151.57
15.02 897.232 151.564
15.03 899.464 151.562
15.04 901.701 151.563
15.05 903.944 151.567
15.06 906.193 151.575
15.07 908.447 151.586
15.08 910.706 151.6
15.09 912.971 151.618
15.1 915.241 151.639
15.11 917.517 151.664
15.12 919.798 151.693
15.13 922.085 151.724
15.14 924.377 151.76
15.15 926.674 151.798
15.16 928.977 151.841
15.17 931.285 151.886
15.18 933.598 151.936
15.19 935.917 151.988
15.2 938.241 152.045
15.21 940.57 152.105
15.22 942.904 152.168
15.23 945.243 152.235
15.24 947.588 152.306
15.25 949.938 152.38
15.26 952.292 152.458
15.27 954.652 152.54
15.28 957.017 152.625
15.29 959.387 152.714
15.3 961.762 152.806
15.31 964.142 152.903
15.32 966.527 153.002
15.33 968.916 153.106
15.34 971.311 153.214
15.35 973.711 153.325
15.36 976.115 153.44
15.37 978.524 153.558
15.38 980.938 153.681
15.39 983.356 153.807
15.4 985.78 153.937
15.41 988.208 154.071
15.42 990.64 154.209
15.43 993.078 154.351
15.44 995.519 154.496
15.45 997.966 154.646
15.46 1000.42 154.799
15.47 1002.87 154.957
15.48 1005.33 155.118
15.49 1007.8 155.284
15.5 1010.26 155.453
15.51 1012.74 155.626
15.52 1015.21 155.804
15.53 1017.69 155.985
15.54 1020.18 156.171
15.55 1022.67 156.361
15.56 1025.16 156.555
15.57 1027.66 156.753
15.58 1030.16 156.955
15.59 1032.67 157.161
15.6 1035.18 157.372
15.61 1037.69 157.587
15.62 1040.21 157.806
15.63 1042.73 158.029
15.64 1045.26 158.257
15.65 1047.78 158.489
15.66 1050.32 158.725
15.67 1052.85 158.966
15.68 1055.39 159.211
15.69 1057.93 159.461
15.7 1060.48 159.715
15.71 1063.03 159.974
15.72 1065.58 160.237
15.73 1068.14 160.504
15.74 1070.7 160.776
15.75 1073.26 161.053
15.76 1075.83 161.335
15.77 1078.4 161.621
15.78 1080.97 161.911
15.79 1083.55 162.207
15.8 1086.12 162.507
15.81 1088.71 162.812
15.82 1091.29 163.121
15.83 1093.88 163.436
15.84 1096.46 163.755
15.85 1099.06 164.079
15.86 1101.65 164.408
15.87 1104.25 164.742
15.88 1106.85 165.081
15.89 1109.45 165.425
15.9 1112.05 165.774
15.91 1114.66 166.128
15.92 1117.26 166.487
15.93 1119.87 166.852
15.94 1122.49 167.221
15.95 1125.1 167.596
15.96 1127.72 167.976
15.97 1130.33 168.361
15.98 1132.95 168.751
15.99 1135.57 169.147
16 1138.2 169.548
16.01 1140.82 169.955
16.02 1143.44 170.367
16.03 1146.07 170.784
16.04 1148.7 171.207
16.05 1151.33 171.636
16.06 1153.96 172.07
16.07 1156.59 172.51
16.08 1159.22 172.955
16.09 1161.85 173.406
16.1 1164.48 173.863
16.11 1167.12 174.326
16.12 1169.75 174.795
16.13 1172.39 175.269
16.14 1175.02 175.75
16.15 1177.66 176.236
16.16 1180.29 176.728
16.17 1182.93 177.227
16.18 1185.56 177.731
16.19 1188.2 178.242
16.2 1190.83 178.758
16.21 1193.47 179.281
16.22 1196.1 179.811
16.23 1198.73 180.346
16.24 1201.37 180.888
16.25 1204 181.437
16.26 1206.63 181.991
16.27 1209.26 182.553
16.28 1211.89 183.121
16.29 1214.52 183.695
16.3 1217.14 184.276
16.31 1219.77 184.864
16.32 1222.39 185.458
16.33 1225.01 186.06
16.34 1227.63 186.668
16.35 1230.25 187.283
16.36 1232.87 187.905
16.37 1235.48 188.534
16.38 1238.09 189.17
16.39 1240.7 189.813
16.4 1243.31 190.463
16.41 1245.91 191.121
16.42 1248.51 191.785
16.43 1251.11 192.457
16.44 1253.7 193.137
16.45 1256.3 193.824
16.46 1258.88 194.518
16.47 1261.47 195.22
16.48 1264.05 195.929
16.49 1266.63 196.647
16.5 1269.2 197.371
16.51 1271.77 198.104
16.52 1274.34 198.844
16.53 1276.9 199.593
16.54 1279.46 200.349
16.55 1282.01 201.113
16.56 1284.56 201.886
16.57 1287.1 202.666
16.58 1289.64 203.455
16.59 1292.17 204.251
16.6 1294.69 205.057
16.61 1297.22 205.87
16.62 1299.73 206.692
16.63 1302.24 207.523
16.64 1304.74 208.362
16.65 1307.24 209.209
16.66 1309.73 210.066
16.67 1312.22 210.931
16.68 1314.69 211.805
16.69 1317.16 212.687
16.7 1319.63 213.579
16.71 1322.08 214.48
16.72 1324.53 215.39
16.73 1326.97 216.309
16.74 1329.41 217.237
16.75 1331.83 218.174
16.76 1334.25 219.121
16.77 1336.66 220.078
16.78 1339.06 221.043
16.79 1341.45 222.019
16.8 1343.84 223.003
16.81 1346.21 223.998
16.82 1348.57 225.003
16.83 1350.93 226.017
16.84 1353.28 227.041
16.85 1355.61 228.075
16.86 1357.94 229.119
16.87 1360.25 230.173
16.88 1362.56 231.238
16.89 1364.85 232.313
16.9 1367.13 233.398
16.91 1369.41 234.493
16.92 1371.67 235.599
16.93 1373.92 236.716
16.94 1376.15 237.843
16.95 1378.38 238.981
16.96 1380.59 240.129
16.97 1382.79 241.289
16.98 1384.98 242.459
16.99 1387.16 243.641
17 1389.32 244.833
17.01 1391.47 246.037
17.02 1393.6 247.252
17.03 1395.73 248.478
17.04 1397.83 249.715
17.05 1399.93 250.964
17.06 1402.01 252.224
17.07 1404.07 253.496
17.08 1406.12 254.78
17.09 1408.15 256.075
17.1 1410.17 257.383
17.11 1412.18 258.702
17.12 1414.16 260.033
17.13 1416.14 261.376
17.14 1418.09 262.731
17.15 1420.03 264.098
17.16 1421.95 265.478
17.17 1423.85 266.869
17.18 1425.74 268.274
17.19 1427.61 269.69
17.2 1429.46 271.12
17.21 1431.3 272.561
17.22 1433.11 274.016
17.23 1434.91 275.483
17.24 1436.68 276.963
17.25 1438.44 278.456
17.26 1440.18 279.962
17.27 1441.9 281.48
17.28 1443.6 283.012
17.29 1445.28 284.557
17.3 1446.93 286.116
17.31 1448.57 287.687
17.32 1450.19 289.272
17.33 1451.78 290.87
17.34 1453.36 292.482
17.35 1454.91 294.107
17.36 1456.44 295.746
17.37 1457.95 297.398
17.38 1459.43 299.065
17.39 1460.89 300.745
17.4 1462.33 302.438
17.41 1463.74 304.146
17.42 1465.14 305.868
17.43 1466.5 307.603
17.44 1467.85 309.353
17.45 1469.16 311.116
17.46 1470.46 312.894
17.47 1471.73 314.686
17.48 1472.97 316.493
17.49 1474.19 318.313
17.5 1475.38 320.148
17.51 1476.54 321.997
17.52 1477.68 323.861
17.53 1478.79 325.739
17.54 1479.88 327.632
17.55 1480.93 329.539
17.56 1481.96 331.46
17.57 1482.96 333.397
17.58 1483.94 335.348
17.59 1484.88 337.313
17.6 1485.8 339.293
17.61 1486.69 341.288
17.62 1487.55 343.298
17.63 1488.37 345.322
17.64 1489.17 347.362
17.65 1489.94 349.416
17.66 1490.68 351.484
17.67 1491.39 353.568
17.68 1492.07 355.666
17.69 1492.71 357.779
17.7 1493.33 359.907
17.71 1493.91 362.05
17.72 1494.46 364.208
17.73 1494.98 366.38
17.74 1495.46 368.568
17.75 1495.92 370.77
17.76 1496.34 372.987
17.77 1496.73 375.218
17.78 1497.08 377.465
17.79 1497.4 379.726
17.8 1497.69 382.002
17.81 1497.94 384.292
17.82 1498.16 386.597
17.83 1498.34 388.917
17.84 1498.49 391.251
17.85 1498.6 393.6
17.86 1498.68 395.964
17.87 1498.72 398.341
17.88 1498.73 400.733
17.89 1498.7 403.14
17.9 1498.64 405.561
17.91 1498.54 407.996
17.92 1498.4 410.445
17.93 1498.22 412.908
17.94 1498.01 415.385
17.95 1497.76 417.876
17.96 1497.48 420.381
17.97 1497.15 422.899
17.98 1496.79 425.431
17.99 1496.39 427.977
18 1495.95 430.536
18.01 1495.48 433.109
18.02 1494.96 435.694
18.03 1494.41 438.293
18.04 1493.82 440.905
18.05 1493.19 443.529
18.06 1492.52 446.167
18.07 1491.81 448.816
18.08 1491.06 451.479
18.09 1490.27 454.153
18.1 1489.45 456.84
18.11 1488.58 459.539
18.12 1487.67 462.25
18.13 1486.73 464.972
18.14 1485.74 467.706
18.15 1484.72 470.451
18.16 1483.65 473.207
18.17 1482.54 475.975
18.18 1481.4 478.753
18.19 1480.21 481.542
18.2 1478.98 484.341
18.21 1477.72 487.15
18.22 1476.41 489.969
18.23 1475.06 492.798
18.24 1473.67 495.637
18.25 1472.24 498.485
18.26 1470.77 501.342
18.27 1469.26 504.208
18.28 1467.71 507.082
18.29 1466.12 509.965
18.3 1464.48 512.856
18.31 1462.81 515.755
18.32 1461.1 518.662
18.33 1459.34 521.575
18.34 1457.55 524.496
18.35 1455.71 527.424
18.36 1453.84 530.358
18.37 1451.92 533.299
18.38 1449.97 536.245
18.39 1447.97 539.197
18.4 1445.94 542.154
18.41 1443.86 545.116
18.42 1441.75 548.083
18.43 1439.59 551.055
18.44 1437.4 554.03
18.45 1435.16 557.009
18.46 1432.89 559.992
18.47 1430.58 562.977
18.48 1428.23 565.966
18.49 1425.84 568.957
18.5 1423.41 571.949
18.51 1420.94 574.944
18.52 1418.44 577.939
18.53 1415.9 580.936
18.54 1413.31 583.933
18.55 1410.7 586.931
18.56 1408.04 589.928
18.57 1405.35 592.925
18.58 1402.62 595.921
18.59 1399.85 598.915
18.6 1397.05 601.908
18.61 1394.21 604.899
18.62 1391.34 607.887
18.63 1388.43 610.872
18.64 1385.48 613.854
18.65 1382.5 616.832
18.66 1379.49 619.806
18.67 1376.44 622.776
18.68 1373.35 625.74
18.69 1370.24 628.699
18.7 1367.09 631.653
18.71 1363.9 634.6
18.72 1360.69 637.541
18.73 1357.44 640.474
18.74 1354.16 643.4
18.75 1350.85 646.318
18.76 1347.5 649.228
18.77 1344.13 652.128
18.78 1340.72 655.02
18.79 1337.29 657.902
18.8 1333.83 660.774
18.81 1330.33 663.635
18.82 1326.81 666.485
18.83 1323.26 669.324
18.84 1319.69 672.151
18.85 1316.08 674.966
18.86 1312.45 677.768
18.87 1308.79 680.557
18.88 1305.1 683.332
18.89 1301.39 686.093
18.9 1297.66 688.839
18.91 1293.9 691.571
18.92 1290.11 694.288
18.93 1286.3 696.988
18.94 1282.47 699.672
18.95 1278.62 702.34
18.96 1274.74 704.991
18.97 1270.84 707.624
18.98 1266.92 710.239
18.99 1262.98 712.836
19 1259.02 715.414
19.01 1255.04 717.972
19.02 1251.04 720.512
19.03 1247.02 723.031
19.04 1242.98 725.53
19.05 1238.93 728.008
19.06 1234.86 730.464
19.07 1230.77 732.899
19.08 1226.66 735.313
19.09 1222.54 737.703
19.1 1218.4 740.071
19.11 1214.25 742.416
19.12 1210.09 744.737
19.13 1205.91 747.035
19.14 1201.72 749.308
19.15 1197.52 751.556
19.16 1193.3 753.78
19.17 1189.07 755.978
19.18 1184.83 758.15
19.19 1180.59 760.296
19.2 1176.33 762.417
19.21 1172.06 764.51
19.22 1167.78 766.576
19.23 1163.5 768.615
19.24 1159.21 770.627
19.25 1154.91 772.61
19.26 1150.6 774.566
19.27 1146.29 776.492
19.28 1141.97 778.39
19.29 1137.64 780.259
19.3 1133.32 782.099
19.31 1128.98 783.909
19.32 1124.65 785.689
19.33 1120.31 787.438
19.34 1115.97 789.158
19.35 1111.62 790.847
19.36 1107.28 792.505
19.37 1102.93 794.132
19.38 1098.58 795.728
19.39 1094.24 797.293
19.4 1089.89 798.825
19.41 1085.54 800.326
19.42 1081.2 801.795
19.43 1076.85 803.232
19.44 1072.51 804.636
19.45 1068.18 806.008
19.46 1063.84 807.347
19.47 1059.51 808.654
19.48 1055.18 809.927
19.49 1050.86 811.167
19.5 1046.54 812.374
19.51 1042.23 813.548
19.52 1037.92 814.688
19.53 1033.62 815.795
19.54 1029.32 816.869
19.55 1025.04 817.908
19.56 1020.76 818.914
19.57 1016.48 819.886
19.58 1012.22 820.824
19.59 1007.97 821.728
19.6 1003.72 822.598
19.61 999.482 823.435
19.62 995.255 824.237
19.63 991.038 825.005
19.64 986.831 825.739
19.65 982.635 826.439
19.66 978.45 827.105
19.67 974.277 827.736
19.68 970.116 828.334
19.69 965.967 828.898
19.7 961.83 829.428
19.71 957.706 829.924
19.72 953.595 830.386
19.73 949.498 830.814
19.74 945.414 831.208
19.75 941.345 831.569
19.76 937.289 831.896
19.77 933.248 832.189
19.78 929.223 832.449
19.79 925.212 832.676
19.8 921.216 832.869
19.81 917.236 833.029
19.82 913.273 833.156
19.83 909.325 833.251
19.84 905.393 833.312
19.85 901.478 833.34
19.86 897.58 833.337
19.87 893.699 833.3
19.88 889.836 833.232
19.89 885.989 833.131
19.9 882.161 832.998
19.91 878.35 832.834
19.92 874.557 832.638
19.93 870.783 832.41
19.94 867.027 832.151
19.95 863.289 831.861
19.96 859.57 831.541
19.97 855.87 831.189
19.98 852.189 830.807
19.99 848.528 830.395
20 844.885 829.952
20.01 841.263 829.48
20.02 837.659 828.978
20.03 834.076 828.446
20.04 830.512 827.886
20.05 826.969 827.296
20.06 823.445 826.677
20.07 819.942 826.03
20.08 816.459 825.355
20.09 812.996 824.651
20.1 809.554 823.92
20.11 806.132 823.161
20.12 802.732 822.375
20.13 799.351 821.561
20.14 795.992 820.721
20.15 792.654 819.854
20.16 789.336 818.961
20.17 786.04 818.042
20.18 782.764 817.097
20.19 779.51 816.126
20.2 776.277 815.13
20.21 773.065 814.109
20.22 769.874 813.063
20.23 766.705 811.993
20.24 763.557 810.899
20.25 760.43 809.78
20.26 757.324 808.638
20.27 754.24 807.473
20.28 751.178 806.284
20.29 748.137 805.073
20.3 745.117 803.839
20.31 742.118 802.583
20.32 739.141 801.305
20.33 736.186 800.005
20.34 733.252 798.684
20.35 730.339 797.342
20.36 727.448 795.979
20.37 724.578 794.595
20.38 721.73 793.191
20.39 718.903 791.767
20.4 716.097 790.323
20.41 713.312 788.86
20.42 710.549 787.378
20.43 707.807 785.877
20.44 705.087 784.357
20.45 702.387 782.819
20.46 699.709 781.264
20.47 697.052 779.69
20.48 694.416 778.099
20.49 691.801 776.491
20.5 689.206 774.866
20.51 686.633 773.224
20.52 684.081 771.566
20.53 681.55 769.892
20.54 679.039 768.203
20.55 676.549 766.498
20.56 674.08 764.777
20.57 671.631 763.042
20.58 669.203 761.292
20.59 666.796 759.528
20.6 664.409 757.75
20.61 662.042 755.958
20.62 659.696 754.152
20.63 657.369 752.333
20.64 655.063 750.501
20.65 652.777 748.657
20.66 650.511 746.8
20.67 648.265 744.931
20.68 646.039 743.049
20.69 643.833 741.157
20.7 641.646 739.252
20.71 639.479 737.337
20.72 637.332 735.411
20.73 635.204 733.474
20.74 633.095 731.526
20.75 631.006 729.569
20.76 628.936 727.601
20.77 626.885 725.624
20.78 624.853 723.638
20.79 622.841 721.642
20.8 620.847 719.638
20.81 618.872 717.625
20.82 616.915 715.603
20.83 614.978 713.573
20.84 613.058 711.535
20.85 611.158 709.49
20.86 609.276 707.437
20.87 607.412 705.376
20.88 605.566 703.309
20.89 603.738 701.235
20.9 601.928 699.154
20.91 600.137 697.067
20.92 598.363 694.974
20.93 596.607 692.875
20.94 594.868 690.77
20.95 593.147 688.659
20.96 591.444 686.543
20.97 589.758 684.422
20.98 588.089 682.297
20.99 586.437 680.166
21 584.803 678.031
21.01 583.185 675.892
21.02 581.585 673.749
21.03 580.001 671.601
21.04 578.434 669.451
21.05 576.884 667.296
21.06 575.35 665.138
21.07 573.833 662.977
21.08 572.332 660.814
21.09 570.848 658.647
21.1 569.379 656.478
21.11 567.927 654.306
21.12 566.491 652.132
21.13 565.07 649.956
21.14 563.666 647.778
21.15 562.277 645.599
21.16 560.904 643.418
21.17 559.546 641.235
21.18 558.204 639.052
21.19 556.877 636.867
21.2 555.566 634.681
21.21 554.27 632.495
21.22 552.989 630.308
21.23 551.723 628.12
21.24 550.471 625.933
21.25 549.235 623.745
21.26 548.014 621.557
21.27 546.807 619.369
21.28 545.614 617.182
21.29 544.437 614.995
21.3 543.273 612.809
21.31 542.124 610.623
21.32 540.99 608.438
21.33 539.869 606.254
21.34 538.763 604.071
21.35 537.67 601.89
21.36 536.592 599.71
21.37 535.527 597.531
21.38 534.476 595.354
21.39 533.439 593.179
21.4 532.415 591.006
21.41 531.405 588.834
21.42 530.408 586.665
21.43 529.425 584.498
21.44 528.454 582.333
21.45 527.497 580.17
21.46 526.554 578.011
21.47 525.623 575.853
21.48 524.705 573.699
21.49 523.8 571.547
21.5 522.908 569.399
21.51 522.028 567.253
21.52 521.162 565.11
21.53 520.307 562.971
21.54 519.466 560.835
21.55 518.636 558.703
21.56 517.819 556.574
21.57 517.015 554.449
21.58 516.222 552.327
21.59 515.442 550.209
21.6 514.674 548.095
21.61 513.918 545.985
21.62 513.173 543.88
21.63 512.441 541.778
21.64 511.72 539.68
21.65 511.011 537.587
21.66 510.314 535.498
21.67 509.628 533.413
21.68 508.954 531.333
21.69 508.291 529.258
21.7 507.64 527.187
21.71 507 525.121
21.72 506.371 523.06
21.73 505.754 521.003
21.74 505.147 518.952
21.75 504.552 516.905
21.76 503.968 514.863
21.77 503.394 512.827
21.78 502.832 510.796
21.79 502.28 508.769
21.8 501.739 506.749
21.81 501.209 504.733
21.82 500.689 502.723
21.83 500.18 500.718
21.84 499.682 498.719
21.85 499.194 496.725
21.86 498.716 494.737
21.87 498.249 492.755
21.88 497.792 490.778
21.89 497.345 488.807
21.9 496.908 486.842
21.91 496.482 484.882
21.92 496.065 482.928
21.93 495.659 480.981
21.94 495.263 479.039
21.95 494.876 477.103
21.96 494.499 475.173
21.97 494.133 473.249
21.98 493.776 471.332
21.99 493.428 469.42
22 493.09 467.515
22.01 492.762 465.615
22.02 492.444 463.722
22.03 492.135 461.835
22.04 491.835 459.955
22.05 491.545 458.081
22.06 491.264 456.213
22.07 490.993 454.351
22.08 490.73 452.496
22.09 490.477 450.647
22.1 490.234 448.805
22.11 489.999 446.969
22.12 489.773 445.14
22.13 489.557 443.317
22.14 489.349 441.501
22.15 489.15 439.691
22.16 488.961 437.888
22.17 488.78 436.091
22.18 488.608 434.301
22.19 488.445 432.518
22.2 488.29 430.741
22.21 488.144 428.971
22.22 488.007 427.208
22.23 487.879 425.451
22.24 487.759 423.701
22.25 487.648 421.958
22.26 487.545 420.221
22.27 487.451 418.491
22.28 487.365 416.768
22.29 487.287 415.052
22.3 487.218 413.342
22.31 487.157 411.639
22.32 487.104 409.943
22.33 487.06 408.254
22.34 487.024 406.572
22.35 486.996 404.896
22.36 486.976 403.227
22.37 486.965 401.565
22.38 486.961 399.91
22.39 486.966 398.262
22.4 486.978 396.62
22.41 486.998 394.985
22.42 487.027 393.358
22.43 487.063 391.737
22.44 487.107 390.122
22.45 487.159 388.515
22.46 487.219 386.914
22.47 487.287 385.321
22.48 487.362 383.734
22.49 487.445 382.154
22.5 487.536 380.581
22.51 487.635 379.014
22.52 487.741 377.455
22.53 487.855 375.902
22.54 487.976 374.356
22.55 488.105 372.817
22.56 488.241 371.285
22.57 488.385 369.76
22.58 488.537 368.241
22.59 488.696 366.729
22.6 488.862 365.224
22.61 489.036 363.726
22.62 489.217 362.235
22.63 489.405 360.75
22.64 489.601 359.272
22.65 489.804 357.801
22.66 490.014 356.337
22.67 490.232 354.879
22.68 490.457 353.429
22.69 490.689 351.985
22.7 490.928 350.547
22.71 491.174 349.117
22.72 491.428 347.693
22.73 491.688 346.275
22.74 491.956 344.865
22.75 492.231 343.461
22.76 492.513 342.064
22.77 492.801 340.673
22.78 493.097 339.289
22.79 493.4 337.912
22.8 493.71 336.541
22.81 494.027 335.177
22.82 494.35 333.82
22.83 494.681 332.469
22.84 495.019 331.125
22.85 495.363 329.787
22.86 495.714 328.456
22.87 496.072 327.131
22.88 496.437 325.813
22.89 496.809 324.502
22.9 497.187 323.196
22.91 497.573 321.898
22.92 497.965 320.606
22.93 498.363 319.32
22.94 498.769 318.041
22.95 499.181 316.768
22.96 499.6 315.501
22.97 500.025 314.241
22.98 500.457 312.988
22.99 500.896 311.74
23 501.341 310.499
23.01 501.793 309.265
23.02 502.252 308.036
23.03 502.717 306.814
23.04 503.189 305.598
23.05 503.667 304.389
23.06 504.152 303.186
23.07 504.643 301.988
23.08 505.141 300.798
23.09 505.646 299.613
23.1 506.156 298.435
23.11 506.674 297.262
23.12 507.198 296.096
23.13 507.728 294.936
23.14 508.264 293.782
23.15 508.808 292.634
23.16 509.357 291.493
23.17 509.913 290.357
23.18 510.475 289.227
23.19 511.044 288.104
23.2 511.619 286.986
23.21 512.2 285.875
23.22 512.788 284.769
23.23 513.382 283.669
23.24 513.982 282.576
23.25 514.589 281.488
23.26 515.202 280.406
23.27 515.821 279.33
23.28 516.447 278.259
23.29 517.079 277.195
23.3 517.717 276.137
23.31 518.361 275.084
23.32 519.012 274.037
23.33 519.669 272.996
23.34 520.332 271.96
23.35 521.001 270.931
23.36 521.677 269.907
23.37 522.359 268.888
23.38 523.047 267.876
23.39 523.741 266.869
23.4 524.441 265.868
23.41 525.148 264.872
23.42 525.86 263.882
23.43 526.579 262.897
23.44 527.304 261.918
23.45 528.035 260.945
23.46 528.773 259.977
23.47 529.516 259.015
23.48 530.266 258.058
23.49 531.022 257.107
23.5 531.783 256.161
23.51 532.551 255.22
23.52 533.326 254.285
23.53 534.106 253.355
23.54 534.892 252.431
23.55 535.684 251.512
23.56 536.483 250.598
23.57 537.287 249.69
23.58 538.098 248.787
23.59 538.915 247.889
23.6 539.738 246.997
23.61 540.566 246.11
23.62 541.401 245.228
23.63 542.242 244.351
23.64 543.089 243.479
23.65 543.942 242.613
23.66 544.801 241.752
23.67 545.667 240.895
23.68 546.538 240.044
23.69 547.415 239.198
23.7 548.298 238.358
23.71 549.188 237.522
23.72 550.083 236.691
23.73 550.984 235.865
23.74 551.892 235.045
23.75 552.805 234.229
23.76 553.724 233.418
23.77 554.65 232.612
23.78 555.581 231.812
23.79 556.519 231.016
23.8 557.462 230.225
23.81 558.412 229.438
23.82 559.367 228.657
23.83 560.328 227.881
23.84 561.296 227.109
23.85 562.269 226.342
23.86 563.249 225.58
23.87 564.234 224.823
23.88 565.226 224.07
23.89 566.223 223.323
23.9 567.226 222.58
23.91 568.236 221.841
23.92 569.251 221.108
23.93 570.272 220.379
23.94 571.3 219.654
23.95 572.333 218.935
23.96 573.372 218.22
23.97 574.418 217.509
23.98 575.469 216.803
23.99 576.526 216.102
24 577.589 215.405
24.01 578.658 214.713
24.02 579.734 214.025
24.03 580.815 213.342
24.04 581.902 212.663
24.05 582.995 211.989
24.06 584.094 211.319
24.07 585.199 210.654
24.08 586.31 209.993
24.09 587.427 209.336
24.1 588.55 208.684
24.11 589.679 208.037
24.12 590.814 207.393
24.13 591.955 206.754
24.14 593.102 206.119
24.15 594.255 205.489
24.16 595.414 204.863
24.17 596.579 204.241
24.18 597.75 203.623
24.19 598.926 203.01
24.2 600.109 202.401
24.21 601.298 201.796
24.22 602.493 201.195
24.23 603.694 200.599
24.24 604.9 200.007
24.25 606.113 199.418
24.26 607.332 198.834
24.27 608.557 198.255
24.28 609.787 197.679
24.29 611.024 197.107
24.3 612.267 196.54
24.31 613.515 195.976
24.32 614.77 195.417
24.33 616.031 194.861
24.34 617.298 194.31
24.35 618.57 193.763
24.36 619.849 193.219
24.37 621.134 192.68
24.38 622.424 192.145
24.39 623.721 191.613
24.4 625.024 191.086
24.41 626.333 190.563
24.42 627.648 190.043
24.43 628.968 189.527
24.44 630.295 189.016
24.45 631.628 188.508
24.46 632.967 188.004
24.47 634.312 187.504
24.48 635.663 187.008
24.49 637.02 186.515
24.5 638.383 186.026
24.51 639.751 185.542
24.52 641.127 185.061
24.53 642.508 184.584
24.54 643.895 184.11
24.55 645.288 183.641
24.56 646.687 183.175
24.57 648.092 182.713
24.58 649.503 182.254
24.59 650.921 181.799
24.6 652.344 181.348
24.61 653.773 180.901
24.62 655.209 180.458
24.63 656.65 180.018
24.64 658.098 179.581
24.65 659.551 179.149
24.66 661.011 178.72
24.67 662.477 178.295
24.68 663.949 177.873
24.69 665.426 177.455
24.7 666.91 177.04
24.71 668.4 176.63
24.72 669.896 176.222
24.73 671.398 175.819
24.74 672.907 175.418
24.75 674.421 175.022
24.76 675.941 174.629
24.77 677.468 174.239
24.78 679 173.853
24.79 680.539 173.471
24.8 682.083 173.092
24.81 683.634 172.716
24.82 685.191 172.345
24.83 686.754 171.976
24.84 688.323 171.611
24.85 689.898 171.25
24.86 691.479 170.891
24.87 693.066 170.537
24.88 694.66 170.186
24.89 696.259 169.838
24.9 697.865 169.494
24.91 699.477 169.153
24.92 701.094 168.815
24.93 702.718 168.481
24.94 704.348 168.15
24.95 705.984 167.823
24.96 707.626 167.499
24.97 709.275 167.179
24.98 710.929 166.862
24.99 712.59 166.548
25 714.256 166.237
25.01 715.929 165.93
25.02 717.608 165.626
25.03 719.293 165.326
25.04 720.984 165.029
25.05 722.681 164.735
25.06 724.384 164.445
25.07 726.094 164.158
25.08 727.809 163.874
25.09 729.531 163.593
25.1 731.258 163.316
25.11 732.992 163.042
25.12 734.732 162.771
25.13 736.478 162.504
25.14 738.23 162.24
25.15 739.989 161.979
25.16 741.753 161.722
25.17 743.524 161.467
25.18 745.3 161.216
25.19 747.083 160.968
25.2 748.872 160.724
25.21 750.667 160.483
25.22 752.468 160.245
25.23 754.275 160.01
25.24 756.088 159.778
25.25 757.907 159.55
25.26 759.733 159.325
25.27 761.564 159.103
25.28 763.402 158.884
25.29 765.246 158.669
25.3 767.096 158.457
25.31 768.951 158.248
25.32 770.813 158.042
25.33 772.682 157.839
25.34 774.556 157.64
25.35 776.436 157.444
25.36 778.322 157.251
25.37 780.215 157.061
25.38 782.113 156.875
25.39 784.018 156.691
25.4 785.928 156.511
25.41 787.845 156.334
25.42 789.768 156.161
25.43 791.697 155.99
25.44 793.631 155.823
25.45 795.572 155.658
25.46 797.519 155.498
25.47 799.472 155.34
25.48 801.431 155.185
25.49 803.396 155.034
25.5 805.367 154.886
25.51 807.344 154.741
25.52 809.327 154.599
25.53 811.317 154.46
25.54 813.312 154.325
25.55 815.313 154.193
25.56 817.32 154.064
25.57 819.333 153.938
25.58 821.352 153.815
25.59 823.377 153.696
25.6 825.408 153.58
25.61 827.445 153.467
25.62 829.488 153.357
25.63 831.537 153.251
25.64 833.591 153.147
25.65 835.652 153.047
25.66 837.719 152.95
25.67 839.791 152.857
25.68 841.87 152.766
25.69 843.954 152.679
25.7 846.044 152.595
25.71 848.14 152.514
25.72 850.242 152.437
25.73 852.35 152.363
25.74 854.464 152.292
25.75 856.583 152.224
25.76 858.709 152.16
25.77 860.84 152.098
25.78 862.977 152.041
25.79 865.119 151.986
25.8 867.268 151.934
25.81 869.422 151.886
25.82 871.582 151.842
25.83 873.748 151.8
25.84 875.92 151.762
25.85 878.097 151.727
25.86 880.28 151.695
25.87 882.468 151.667
25.88 884.663 151.642
25.89 886.863 151.621
25.9 889.068 151.602
25.91 891.279 151.588
25.92 893.496 151.576
25.93 895.719 151.568
25.94 897.947 151.563
25.95 900.18 151.562
25.96 902.42 151.564
25.97 904.664 151.569
25.98 906.914 151.578
25.99 909.17 151.59
26 911.431 151.606
26.01 913.698 151.625
26.02 915.97 151.647
26.03 918.248 151.673
26.04 920.531 151.702
26.05 922.819 151.735
26.06 925.113 151.772
26.07 927.412 151.812
26.08 929.716 151.855
26.09 932.026 151.902
26.1 934.341 151.952
26.11 936.661 152.006
26.12 938.987 152.064
26.13 941.317 152.125
26.14 943.653 152.189
26.15 945.994 152.258
26.16 948.34 152.329
26.17 950.692 152.405
26.18 953.048 152.484
26.19 955.41 152.567
26.2 957.776 152.653
26.21 960.148 152.743
26.22 962.524 152.837
26.23 964.906 152.934
26.24 967.292 153.035
26.25 969.683 153.14
26.26 972.08 153.249
26.27 974.481 153.361
26.28 976.886 153.477
26.29 979.297 153.597
26.3 981.713 153.721
26.31 984.133 153.848
26.32 986.557 153.98
26.33 988.987 154.115
26.34 991.421 154.254
26.35 993.86 154.397
26.36 996.303 154.544
26.37 998.751 154.695
26.38 1001.2 154.849
26.39 1003.66 155.008
26.4 1006.12 155.171
26.41 1008.59 155.337
26.42 1011.06 155.508
26.43 1013.53 155.683
26.44 1016.01 155.862
26.45 1018.49 156.044
26.46 1020.98 156.231
26.47 1023.47 156.422
26.48 1025.96 156.618
26.49 1028.46 156.817
26.5 1030.97 157.021
26.51 1033.47 157.228
26.52 1035.98 157.44
26.53 1038.5 157.656
26.54 1041.02 157.877
26.55 1043.54 158.102
26.56 1046.07 158.331
26.57 1048.6 158.564
26.58 1051.13 158.802
26.59 1053.67 159.044
26.6 1056.21 159.291
26.61 1058.75 159.542
26.62 1061.3 159.797
26.63 1063.85 160.057
26.64 1066.4 160.322
26.65 1068.96 160.591
26.66 1071.52 160.865
26.67 1074.09 161.143
26.68 1076.65 161.426
26.69 1079.22 161.713
26.7 1081.8 162.005
26.71 1084.37 162.302
26.72 1086.95 162.604
26.73 1089.53 162.91
26.74 1092.12 163.221
26.75 1094.7 163.537
26.76 1097.29 163.858
26.77 1099.89 164.184
26.78 1102.48 164.515
26.79 1105.08 164.85
26.8 1107.68 165.191
26.81 1110.28 165.536
26.82 1112.89 165.887
26.83 1115.49 166.243
26.84 1118.1 166.603
26.85 1120.71 166.969
26.86 1123.32 167.341
26.87 1125.94 167.717
26.88 1128.55 168.098
26.89 1131.17 168.485
26.9 1133.79 168.877
26.91 1136.41 169.275
26.92 1139.04 169.678
26.93 1141.66 170.086
26.94 1144.29 170.5
26.95 1146.91 170.919
26.96 1149.54 171.344
26.97 1152.17 171.774
26.98 1154.8 172.21
26.99 1157.43 172.652
27 1160.06 173.099
27.01 1162.69 173.552
27.02 1165.33 174.011
27.03 1167.96 174.476
27.04 1170.6 174.946
27.05 1173.23 175.422
27.06 1175.87 175.905
27.07 1178.5 176.393
27.08 1181.14 176.887
27.09 1183.77 177.388
27.1 1186.41 177.894
27.11 1189.04 178.407
27.12 1191.68 178.925
27.13 1194.31 179.45
27.14 1196.94 179.982
27.15 1199.58 180.519
27.16 1202.21 181.063
27.17 1204.84 181.614
27.18 1207.47 182.171
27.19 1210.1 182.734
27.2 1212.73 183.304
27.21 1215.36 183.88
27.22 1217.98 184.464
27.23 1220.61 185.054
27.24 1223.23 185.65
27.25 1225.85 186.254
27.26 1228.47 186.864
27.27 1231.09 187.481
27.28 1233.7 188.106
27.29 1236.32 188.737
27.3 1238.93 189.375
27.31 1241.54 190.021
27.32 1244.14 190.673
27.33 1246.74 191.333
27.34 1249.34 192
27.35 1251.94 192.674
27.36 1254.54 193.356
27.37 1257.13 194.045
27.38 1259.71 194.742
27.39 1262.3 195.447
27.4 1264.88 196.158
27.41 1267.45 196.878
27.42 1270.03 197.605
27.43 1272.6 198.34
27.44 1275.16 199.083
27.45 1277.72 199.834
27.46 1280.27 200.593
27.47 1282.83 201.36
27.48 1285.37 202.135
27.49 1287.91 202.918
27.5 1290.45 203.709
27.51 1292.98 204.509
27.52 1295.5 205.316
27.53 1298.02 206.133
27.54 1300.54 206.957
27.55 1303.04 207.791
27.56 1305.54 208.632
27.57 1308.04 209.483
27.58 1310.53 210.342
27.59 1313.01 211.21
27.6 1315.49 212.087
27.61 1317.95 212.972
27.62 1320.42 213.867
27.63 1322.87 214.771
27.64 1325.32 215.683
27.65 1327.76 216.605
27.66 1330.19 217.536
27.67 1332.61 218.477
27.68 1335.02 219.427
27.69 1337.43 220.386
27.7 1339.83 221.355
27.71 1342.22 222.333
27.72 1344.6 223.321
27.73 1346.97 224.319
27.74 1349.33 225.327
27.75 1351.68 226.344
27.76 1354.03 227.371
27.77 1356.36 228.409
27.78 1358.68 229.456
27.79 1360.99 230.514
27.8 1363.29 231.581
27.81 1365.58 232.659
27.82 1367.86 233.748
27.83 1370.13 234.847
27.84 1372.39 235.956
27.85 1374.63 237.076
27.86 1376.87 238.207
27.87 1379.09 239.348
27.88 1381.3 240.5
27.89 1383.5 241.663
27.9 1385.68 242.837
27.91 1387.85 244.022
27.92 1390.01 245.218
27.93 1392.15 246.425
27.94 1394.29 247.643
27.95 1396.4 248.873
27.96 1398.51 250.114
27.97 1400.6 251.367
27.98 1402.67 252.631
27.99 1404.73 253.907
28 1406.77 255.194
28.01 1408.8 256.493
28.02 1410.82 257.804
28.03 1412.82 259.127
28.04 1414.8 260.462
28.05 1416.76 261.809
28.06 1418.71 263.168
28.07 1420.65 264.539
28.08 1422.56 265.922
28.09 1424.46 267.318
28.1 1426.34 268.726
28.11 1428.21 270.147
28.12 1430.05 271.58
28.13 1431.88 273.026
28.14 1433.69 274.485
28.15 1435.48 275.956
28.16 1437.25 277.44
28.17 1439 278.937
28.18 1440.73 280.447
28.19 1442.45 281.97
28.2 1444.14 283.506
28.21 1445.81 285.055
28.22 1447.46 286.618
28.23 1449.09 288.194
28.24 1450.7 289.783
28.25 1452.29 291.385
28.26 1453.86 293.001
28.27 1455.4 294.631
28.28 1456.92 296.274
28.29 1458.42 297.931
28.3 1459.9 299.602
28.31 1461.35 301.286
28.32 1462.79 302.984
28.33 1464.19 304.696
28.34 1465.58 306.422
28.35 1466.94 308.162
28.36 1468.27 309.916
28.37 1469.58 311.685
28.38 1470.87 313.467
28.39 1472.13 315.264
28.4 1473.36 317.075
28.41 1474.57 318.9
28.42 1475.75 320.739
28.43 1476.91 322.593
28.44 1478.04 324.461
28.45 1479.14 326.344
28.46 1480.22 328.241
28.47 1481.27 330.153
28.48 1482.29 332.079
28.49 1483.28 334.02
28.5 1484.24 335.976
28.51 1485.18 337.946
28.52 1486.09 339.931
28.53 1486.97 341.931
28.54 1487.81 343.945
28.55 1488.63 345.974
28.56 1489.42 348.018
28.57 1490.18 350.077
28.58 1490.91 352.15
28.59 1491.61 354.239
28.6 1492.28 356.342
28.61 1492.91 358.46
28.62 1493.52 360.593
28.63 1494.09 362.74
28.64 1494.63 364.903
28.65 1495.14 367.08
28.66 1495.61 369.272
28.67 1496.06 371.479
28.68 1496.47 373.7
28.69 1496.84 375.937
28.7 1497.19 378.188
28.71 1497.5 380.454
28.72 1497.77 382.734
28.73 1498.01 385.029
28.74 1498.22 387.339
28.75 1498.39 389.664
28.76 1498.53 392.003
28.77 1498.63 394.356
28.78 1498.7 396.724
28.79 1498.73 399.106
28.8 1498.73 401.503
28.81 1498.69 403.914
28.82 1498.61 406.34
28.83 1498.5 408.779
28.84 1498.35 411.233
28.85 1498.16 413.7
28.86 1497.94 416.182
28.87 1497.67 418.677
28.88 1497.38 421.186
28.89 1497.04 423.709
28.9 1496.67 426.246
28.91 1496.25 428.796
28.92 1495.8 431.359
28.93 1495.32 433.936
28.94 1494.79 436.526
28.95 1494.22 439.129
28.96 1493.62 441.744
28.97 1492.98 444.373
28.98 1492.29 447.014
28.99 1491.57 449.668
29 1490.81 452.335
29.01 1490.01 455.013
29.02 1489.17 457.704
29.03 1488.29 460.406
29.04 1487.38 463.121
29.05 1486.42 465.847
29.06 1485.42 468.584
29.07 1484.38 471.333
29.08 1483.3 474.093
29.09 1482.18 476.864
29.1 1481.02 479.645
29.11 1479.82 482.438
29.12 1478.58 485.24
29.13 1477.3 488.053
29.14 1475.98 490.875
29.15 1474.62 493.707
29.16 1473.22 496.549
29.17 1471.77 499.4
29.18 1470.29 502.26
29.19 1468.77 505.128
29.2 1467.2 508.005
29.21 1465.6 510.891
29.22 1463.95 513.785
29.23 1462.27 516.686
29.24 1460.54 519.595
29.25 1458.77 522.511
29.26 1456.97 525.434
29.27 1455.12 528.364
29.28 1453.23 531.3
29.29 1451.3 534.242
29.3 1449.33 537.19
29.31 1447.32 540.144
29.32 1445.28 543.103
29.33 1443.19 546.067
29.34 1441.06 549.035
29.35 1438.89 552.008
29.36 1436.69 554.985
29.37 1434.44 557.965
29.38 1432.15 560.948
29.39 1429.83 563.935
29.4 1427.47 566.924
29.41 1425.06 569.916
29.42 1422.62 572.909
29.43 1420.14 575.904
29.44 1417.63 578.9
29.45 1415.07 581.897
29.46 1412.48 584.894
29.47 1409.85 587.891
29.48 1407.18 590.889
29.49 1404.48 593.885
29.5 1401.74 596.881
29.51 1398.96 599.875
29.52 1396.14 602.867
29.53 1393.29 605.857
29.54 1390.41 608.844
29.55 1387.49 611.828
29.56 1384.53 614.809
29.57 1381.54 617.786
29.58 1378.51 620.758
29.59 1375.45 623.726
29.6 1372.36 626.689
29.61 1369.23 629.647
29.62 1366.07 632.598
29.63 1362.87 635.543
29.64 1359.65 638.482
29.65 1356.39 641.413
29.66 1353.1 644.336
29.67 1349.78 647.251
29.68 1346.42 650.158
29.69 1343.04 653.056
29.7 1339.63 655.945
29.71 1336.18 658.824
29.72 1332.71 661.692
29.73 1329.21 664.55
29.74 1325.68 667.396
29.75 1322.12 670.232
29.76 1318.53 673.055
29.77 1314.92 675.865
29.78 1311.28 678.663
29.79 1307.61 681.448
29.8 1303.92 684.218
29.81 1300.2 686.975
29.82 1296.46 689.717
29.83 1292.69 692.443
29.84 1288.89 695.155
29.85 1285.08 697.85
29.86 1281.24 700.529
29.87 1277.38 703.191
29.88 1273.49 705.836
29.89 1269.59 708.464
29.9 1265.66 711.073
29.91 1261.71 713.664
29.92 1257.75 716.236
29.93 1253.76 718.788
29.94 1249.75 721.321
29.95 1245.73 723.834
29.96 1241.69 726.326
29.97 1237.62 728.797
29.98 1233.55 731.247
29.99 1229.45 733.675
30 1225.34 736.081
30.01 1221.22 738.465
30.02 1217.08 740.825
30.03 1212.92 743.163
30.04 1208.75 745.476
30.05 1204.57 747.766
30.06 1200.37 750.031
30.07 1196.17 752.271
30.08 1191.95 754.487
30.09 1187.72 756.677
30.1 1183.47 758.841
30.11 1179.22 760.979
30.12 1174.96 763.09
30.13 1170.69 765.175
30.14 1166.41 767.233
30.15 1162.12 769.263
30.16 1157.83 771.266
30.17 1153.53 773.24
30.18 1149.22 775.186
30.19 1144.9 777.104
30.2 1140.58 778.992
30.21 1136.26 780.852
30.22 1131.93 782.682
30.23 1127.59 784.482
30.24 1123.26 786.253
30.25 1118.92 787.993
30.26 1114.57 789.703
30.27 1110.23 791.382
30.28 1105.88 793.03
30.29 1101.54 794.647
30.3 1097.19 796.233
30.31 1092.84 797.787
30.32 1088.5 799.31
30.33 1084.15 800.801
30.34 1079.81 802.259
30.35 1075.46 803.686
30.36 1071.12 805.08
30.37 1066.79 806.441
30.38 1062.45 807.77
30.39 1058.12 809.065
30.4 1053.79 810.328
30.41 1049.47 811.558
30.42 1045.16 812.754
30.43 1040.85 813.917
30.44 1036.54 815.047
30.45 1032.24 816.143
30.46 1027.95 817.205
30.47 1023.66 818.234
30.48 1019.39 819.229
30.49 1015.12 820.19
30.5 1010.86 821.117
30.51 1006.6 822.011
30.52 1002.36 822.87
30.53 998.126 823.695
30.54 993.902 824.487
30.55 989.688 825.244
30.56 985.485 825.967
30.57 981.293 826.656
30.58 977.112 827.311
30.59 972.942 827.932
30.6 968.785 828.519
30.61 964.639 829.072
30.62 960.507 829.591
30.63 956.387 830.076
30.64 952.281 830.527
30.65 948.188 830.944
30.66 944.108 831.327
30.67 940.043 831.677
30.68 935.993 831.994
30.69 931.956 832.276
30.7 927.935 832.526
30.71 923.929 832.741
30.72 919.939 832.924
30.73 915.964 833.074
30.74 912.005 833.19
30.75 908.063 833.274
30.76 904.137 833.325
30.77 900.227 833.343
30.78 896.335 833.328
30.79 892.459 833.282
30.8 888.601 833.203
30.81 884.76 833.092
30.82 880.937 832.949
30.83 877.132 832.774
30.84 873.346 832.568
30.85 869.577 832.331
30.86 865.827 832.062
30.87 862.095 831.762
30.88 858.382 831.431
30.89 854.688 831.07
30.9 851.014 830.678
30.91 847.358 830.256
30.92 843.722 829.804
30.93 840.106 829.322
30.94 836.509 828.811
30.95 832.932 828.27
30.96 829.374 827.7
30.97 825.837 827.101
30.98 822.32 826.473
30.99 818.823 825.817
31 815.347 825.132
31.01 811.891 824.42
31.02 808.455 823.68
31.03 805.04 822.912
31.04 801.646 822.117
31.05 798.272 821.295
31.06 794.92 820.446
31.07 791.588 819.571
31.08 788.277 818.669
31.09 784.988 817.741
31.1 781.719 816.788
31.11 778.471 815.809
31.12 775.245 814.805
31.13 772.04 813.776
31.14 768.856 812.723
31.15 765.693 811.645
31.16 762.552 810.543
31.17 759.432 809.417
31.18 756.334 808.267
31.19 753.256 807.094
31.2 750.201 805.899
31.21 747.166 804.68
31.22 744.153 803.439
31.23 741.162 802.176
31.24 738.192 800.891
31.25 735.243 799.584
31.26 732.316 798.256
31.27 729.41 796.907
31.28 726.526 795.537
31.29 723.663 794.147
31.3 720.821 792.737
31.31 718.001 791.306
31.32 715.202 789.857
31.33 712.424 788.387
31.34 709.668 786.899
31.35 706.933 785.392
31.36 704.219 783.866
31.37 701.527 782.323
31.38 698.855 780.761
31.39 696.205 779.182
31.4 693.575 777.585
31.41 690.967 775.972
31.42 688.38 774.341
31.43 685.813 772.694
31.44 683.268 771.031
31.45 680.743 769.352
31.46 678.239 767.658
31.47 675.756 765.948
31.48 673.293 764.223
31.49 670.851 762.483
31.5 668.43 760.728
31.51 666.029 758.96
31.52 663.648 757.177
31.53 661.288 755.381
31.54 658.948 753.571
31.55 656.628 751.748
31.56 654.328 749.912
31.57 652.049 748.063
31.58 649.789 746.202
31.59 647.55 744.329
31.6 645.33 742.444
31.61 643.13 740.548
31.62 640.949 738.64
31.63 638.789 736.721
31.64 636.648 734.791
31.65 634.526 732.851
31.66 632.424 730.9
31.67 630.34 728.939
31.68 628.277 726.969
31.69 626.232 724.989
31.7 624.206 722.999
31.71 622.2 721.001
31.72 620.212 718.993
31.73 618.243 716.978
31.74 616.292 714.953
31.75 614.361 712.921
31.76 612.447 710.881
31.77 610.553 708.833
31.78 608.676 706.777
31.79 606.818 704.715
31.8 604.978 702.645
31.81 603.156 700.569
31.82 601.352 698.486
31.83 599.566 696.397
31.84 597.798 694.302
31.85 596.047 692.201
31.86 594.315 690.094
31.87 592.599 687.982
31.88 590.901 685.864
31.89 589.221 683.742
31.9 587.558 681.614
31.91 585.912 679.482
31.92 584.283 677.346
31.93 582.671 675.205
31.94 581.075 673.061
31.95 579.497 670.912
31.96 577.936 668.76
31.97 576.391 666.605
31.98 574.862 664.446
31.99 573.35 662.284
32 571.855 660.119
32.01 570.375 657.952
32.02 568.912 655.782
32.03 567.465 653.61
32.04 566.034 651.435
32.05 564.618 649.258
32.06 563.219 647.08
32.07 561.835 644.9
32.08 560.467 642.718
32.09 559.114 640.536
32.1 557.777 638.352
32.11 556.455 636.166
32.12 555.149 633.981
32.13 553.857 631.794
32.14 552.581 629.607
32.15 551.32 627.419
32.16 550.074 625.231
32.17 548.842 623.044
32.18 547.625 620.856
32.19 546.423 618.668
32.2 545.235 616.481
32.21 544.062 614.294
32.22 542.904 612.108
32.23 541.759 609.923
32.24 540.629 607.738
32.25 539.513 605.554
32.26 538.411 603.372
32.27 537.323 601.191
32.28 536.249 599.011
32.29 535.189 596.833
32.3 534.142 594.657
32.31 533.109 592.482
32.32 532.09 590.309
32.33 531.084 588.139
32.34 530.091 585.97
32.35 529.112 583.803
32.36 528.146 581.639
32.37 527.194 579.478
32.38 526.254 577.319
32.39 525.327 575.162
32.4 524.413 573.009
32.41 523.513 570.858
32.42 522.625 568.71
32.43 521.749 566.566
32.44 520.886 564.424
32.45 520.036 562.286
32.46 519.198 560.152
32.47 518.373 558.02
32.48 517.56 555.892
32.49 516.759 553.768
32.5 515.971 551.648
32.51 515.195 549.531
32.52 514.43 547.419
32.53 513.678 545.31
32.54 512.937 543.205
32.55 512.209 541.105
32.56 511.492 539.009
32.57 510.787 536.917
32.58 510.093 534.829
32.59 509.411 532.746
32.6 508.741 530.668
32.61 508.081 528.594
32.62 507.434 526.524
32.63 506.797 524.46
32.64 506.172 522.4
32.65 505.558 520.345
32.66 504.955 518.295
32.67 504.364 516.25
32.68 503.783 514.21
32.69 503.213 512.175
32.7 502.654 510.146
32.71 502.105 508.121
32.72 501.568 506.102
32.73 501.041 504.088
32.74 500.525 502.08
32.75 500.019 500.077
32.76 499.524 498.079
32.77 499.039 496.088
32.78 498.565 494.101
32.79 498.101 492.121
32.8 497.647 490.146
32.81 497.204 488.176
32.82 496.77 486.213
32.83 496.347 484.255
32.84 495.934 482.304
32.85 495.531 480.358
32.86 495.138 478.418
32.87 494.754 476.484
32.88 494.381 474.556
32.89 494.017 472.634
32.9 493.663 470.718
32.91 493.319 468.809
32.92 492.984 466.905
32.93 492.659 465.008
32.94 492.344 463.117
32.95 492.038 461.232
32.96 491.741 459.354
32.97 491.454 457.481
32.98 491.176 455.616
32.99 490.908 453.756
33 490.648 451.903
33.01 490.398 450.056
33.02 490.157 448.216
33.03 489.926 446.382
33.04 489.703 444.555
33.05 489.489 442.734
33.06 489.284 440.92
33.07 489.089 439.113
33.08 488.902 437.311
33.09 488.724 435.517
33.1 488.555 433.729
33.11 488.394 431.948
33.12 488.243 430.173
33.13 488.1 428.405
33.14 487.965 426.644
33.15 487.84 424.889
33.16 487.722 423.142
33.17 487.614 421.4
33.18 487.514 419.666
33.19 487.422 417.938
33.2 487.339 416.217
33.21 487.264 414.503
33.22 487.197 412.796
33.23 487.139 411.095
33.24 487.089 409.401
33.25 487.048 407.714
33.26 487.014 406.034
33.27 486.989 404.36
33.28 486.972 402.694
33.29 486.963 401.034
33.3 486.962 399.381
33.31 486.969 397.735
33.32 486.984 396.095
33.33 487.007 394.463
33.34 487.038 392.837
33.35 487.076 391.218
33.36 487.123 389.606
33.37 487.178 388.001
33.38 487.24 386.403
33.39 487.31 384.811
33.4 487.388 383.227
33.41 487.474 381.649
33.42 487.567 380.078
33.43 487.668 378.514
33.44 487.777 376.956
33.45 487.893 375.406
33.46 488.017 373.862
33.47 488.148 372.325
33.48 488.287 370.795
33.49 488.433 369.272
33.5 488.587 367.756
33.51 488.748 366.246
33.52 488.917 364.743
33.53 489.093 363.247
33.54 489.276 361.758
33.55 489.467 360.276
33.56 489.665 358.8
33.57 489.871 357.331
33.58 490.083 355.869
33.59 490.303 354.414
33.6 490.53 352.965
33.61 490.765 351.523
33.62 491.006 350.088
33.63 491.255 348.659
33.64 491.51 347.238
33.65 491.773 345.823
33.66 492.043 344.414
33.67 492.32 343.012
33.68 492.604 341.617
33.69 492.896 340.229
33.7 493.194 338.847
33.71 493.499 337.472
33.72 493.811 336.104
33.73 494.13 334.742
33.74 494.456 333.386
33.75 494.788 332.038
33.76 495.128 330.695
33.77 495.475 329.36
33.78 495.828 328.031
33.79 496.188 326.708
33.8 496.556 325.392
33.81 496.929 324.083
33.82 497.31 322.78
33.83 497.697 321.483
33.84 498.092 320.193
33.85 498.492 318.909
33.86 498.9 317.632
33.87 499.314 316.361
33.88 499.735 315.097
33.89 500.163 313.839
33.9 500.597 312.587
33.91 501.038 311.342
33.92 501.486 310.103
33.93 501.94 308.87
33.94 502.4 307.644
33.95 502.868 306.424
33.96 503.342 305.21
33.97 503.822 304.002
33.98 504.309 302.801
33.99 504.802 301.606
34 505.302 300.417
34.01 505.809 299.235
34.02 506.322 298.058
34.03 506.841 296.888
34.04 507.367 295.724
34.05 507.899 294.566
34.06 508.438 293.414
34.07 508.983 292.268
34.08 509.534 291.128
34.09 510.092 289.994
34.1 510.657 288.867
34.11 511.227 287.745
34.12 511.804 286.629
34.13 512.388 285.52
34.14 512.978 284.416
34.15 513.574 283.318
34.16 514.176 282.226
34.17 514.785 281.14
34.18 515.4 280.06
34.19 516.021 278.986
34.2 516.649 277.918
34.21 517.283 276.855
34.22 517.923 275.799
34.23 518.569 274.748
34.24 519.222 273.703
34.25 519.881 272.663
34.26 520.546 271.63
34.27 521.217 270.602
34.28 521.895 269.58
34.29 522.578 268.563
34.3 523.268 267.552
34.31 523.965 266.547
34.32 524.667 265.548
34.33 525.375 264.554
34.34 526.09 263.566
34.35 526.811 262.583
34.36 527.538 261.606
34.37 528.271 260.634
34.38 529.01 259.668
34.39 529.756 258.708
34.4 530.507 257.752
34.41 531.265 256.803
34.42 532.029 255.859
34.43 532.799 254.92
34.44 533.575 253.986
34.45 534.357 253.058
34.46 535.145 252.136
34.47 535.94 251.219
34.48 536.74 250.307
34.49 537.547 249.4
34.5 538.359 248.499
34.51 539.178 247.603
34.52 540.003 246.712
34.53 540.833 245.826
34.54 541.67 244.946
34.55 542.513 244.071
34.56 543.362 243.201
34.57 544.217 242.336
34.58 545.078 241.477
34.59 545.945 240.622
34.6 546.818 239.773
34.61 547.698 238.928
34.62 548.583 238.089
34.63 549.474 237.255
34.64 550.371 236.426
34.65 551.274 235.602
34.66 552.184 234.783
34.67 553.099 233.969
34.68 554.02 233.159
34.69 554.948 232.355
34.7 555.881 231.556
34.71 556.82 230.762
34.72 557.766 229.972
34.73 558.717 229.187
34.74 559.675 228.408
34.75 560.638 227.633
34.76 561.607 226.863
34.77 562.583 226.097
34.78 563.564 225.337
34.79 564.551 224.581
34.8 565.545 223.83
34.81 566.544 223.084
34.82 567.549 222.342
34.83 568.56 221.606
34.84 569.578 220.873
34.85 570.601 220.146
34.86 571.63 219.423
34.87 572.665 218.705
34.88 573.707 217.991
34.89 574.754 217.282
34.9 575.807 216.578
34.91 576.866 215.878
34.92 577.931 215.183
34.93 579.002 214.492
34.94 580.079 213.806
34.95 581.163 213.124
34.96 582.252 212.447
34.97 583.347 211.774
34.98 584.448 211.105
34.99 585.555 210.442
35 586.668 209.782
35.01 587.786 209.127
35.02 588.911 208.476
35.03 590.042 207.83
35.04 591.179 207.188
35.05 592.322 206.55
35.06 593.471 205.917
35.07 594.626 205.288
35.08 595.786 204.663
35.09 596.953 204.043
35.1 598.126 203.426
35.11 599.305 202.814
35.12 600.49 202.207
35.13 601.68 201.603
35.14 602.877 201.004
35.15 604.08 200.409
35.16 605.288 199.818
35.17 606.503 199.231
35.18 607.724 198.648
35.19 608.95 198.07
35.2 610.183 197.495
35.21 611.422 196.925
35.22 612.666 196.359
35.23 613.917 195.796
35.24 615.174 195.238
35.25 616.436 194.684
35.26 617.705 194.134
35.27 618.979 193.588
35.28 620.26 193.046
35.29 621.547 192.508
35.3 622.839 191.974
35.31 624.138 191.444
35.32 625.443 190.918
35.33 626.754 190.396
35.34 628.07 189.877
35.35 629.393 189.363
35.36 630.722 188.852
35.37 632.056 188.346
35.38 633.397 187.843
35.39 634.744 187.344
35.4 636.097 186.849
35.41 637.456 186.358
35.42 638.821 185.871
35.43 640.192 185.387
35.44 641.568 184.907
35.45 642.951 184.431
35.46 644.34 183.959
35.47 645.736 183.491
35.48 647.137 183.026
35.49 648.544 182.565
35.5 649.957 182.108
35.51 651.376 181.654
35.52 652.801 181.205
35.53 654.233 180.759
35.54 655.67 180.316
35.55 657.114 179.877
35.56 658.563 179.442
35.57 660.019 179.011
35.58 661.48 178.583
35.59 662.948 178.159
35.6 664.422 177.739
35.61 665.901 177.322
35.62 667.387 176.908
35.63 668.879 176.499
35.64 670.377 176.092
35.65 671.881 175.69
35.66 673.391 175.291
35.67 674.908 174.895
35.68 676.43 174.504
35.69 677.958 174.115
35.7 679.493 173.73
35.71 681.033 173.349
35.72 682.58 172.971
35.73 684.132 172.597
35.74 685.691 172.226
35.75 687.256 171.859
35.76 688.827 171.495
35.77 690.404 171.134
35.78 691.987 170.777
35.79 693.577 170.424
35.8 695.172 170.074
35.81 696.773 169.727
35.82 698.381 169.384
35.83 699.994 169.044
35.84 701.614 168.708
35.85 703.24 168.375
35.86 704.872 168.045
35.87 706.51 167.719
35.88 708.154 167.396
35.89 709.804 167.077
35.9 711.461 166.761
35.91 713.123 166.448
35.92 714.792 166.138
35.93 716.466 165.832
35.94 718.147 165.53
35.95 719.834 165.23
35.96 721.527 164.934
35.97 723.226 164.642
35.98 724.931 164.352
35.99 726.643 164.066
36 728.36 163.783
36.01 730.084 163.504
36.02 731.813 163.228
36.03 733.549 162.955
36.04 735.291 162.685
36.05 737.039 162.419
36.06 738.793 162.156
36.07 740.554 161.896
36.08 742.32 161.64
36.09 744.092 161.386
36.1 745.871 161.136
36.11 747.656 160.89
36.12 749.446 160.646
36.13 751.243 160.406
36.14 753.046 160.169
36.15 754.855 159.935
36.16 756.67 159.705
36.17 758.492 159.477
36.18 760.319 159.253
36.19 762.153 159.033
36.2 763.992 158.815
36.21 765.838 158.601
36.22 767.69 158.389
36.23 769.548 158.181
36.24 771.412 157.977
36.25 773.282 157.775
36.26 775.158 157.577
36.27 777.04 157.382
36.28 778.928 157.19
36.29 780.823 157.001
36.3 782.723 156.816
36.31 784.629 156.633
36.32 786.542 156.454
36.33 788.461 156.278
36.34 790.385 156.106
36.35 792.316 155.936
36.36 794.253 155.77
36.37 796.196 155.607
36.38 798.145 155.447
36.39 800.099 155.29
36.4 802.06 155.136
36.41 804.027 154.986
36.42 806 154.839
36.43 807.979 154.695
36.44 809.964 154.554
36.45 811.955 154.417
36.46 813.952 154.282
36.47 815.955 154.151
36.48 817.964 154.023
36.49 819.979 153.898
36.5 822 153.777
36.51 824.027 153.658
36.52 826.06 153.543
36.53 828.099 153.431
36.54 830.144 153.323
36.55 832.195 153.217
36.56 834.251 153.115
36.57 836.314 153.016
36.58 838.382 152.92
36.59 840.457 152.827
36.6 842.537 152.738
36.61 844.623 152.652
36.62 846.716 152.569
36.63 848.813 152.489
36.64 850.917 152.413
36.65 853.027 152.34
36.66 855.143 152.27
36.67 857.264 152.203
36.68 859.391 152.14
36.69 861.524 152.08
36.7 863.663 152.023
36.71 865.807 151.969
36.72 867.958 151.919
36.73 870.114 151.872
36.74 872.276 151.828
36.75 874.443 151.788
36.76 876.617 151.75
36.77 878.796 151.717
36.78 880.981 151.686
36.79 883.171 151.659
36.8 885.367 151.635
36.81 887.569 151.614
36.82 889.776 151.597
36.83 891.989 151.583
36.84 894.208 151.573
36.85 896.432 151.566
36.86 898.662 151.562
36.87 900.897 151.562
36.88 903.138 151.565
36.89 905.385 151.571
36.9 907.637 151.581
36.91 909.894 151.595
36.92 912.157 151.611
36.93 914.426 151.631
36.94 916.7 151.655
36.95 918.979 151.682
36.96 921.264 151.713
36.97 923.554 151.747
36.98 925.849 151.784
36.99 928.15 151.825
37 930.456 151.87
37.01 932.767 151.918
37.02 935.084 151.969
37.03 937.406 152.024
37.04 939.733 152.083
37.05 942.065 152.145
37.06 944.403 152.211
37.07 946.746 152.28
37.08 949.093 152.353
37.09 951.446 152.43
37.1 953.804 152.51
37.11 956.168 152.594
37.12 958.536 152.681
37.13 960.909 152.773
37.14 963.287 152.868
37.15 965.67 152.966
37.16 968.058 153.069
37.17 970.451 153.175
37.18 972.849 153.284
37.19 975.251 153.398
37.2 977.659 153.515
37.21 980.071 153.636
37.22 982.488 153.761
37.23 984.909 153.89
37.24 987.336 154.023
37.25 989.767 154.159
37.26 992.202 154.299
37.27 994.642 154.444
37.28 997.087 154.592
37.29 999.536 154.744
37.3 1001.99 154.9
37.31 1004.45 155.06
37.32 1006.91 155.224
37.33 1009.38 155.392
37.34 1011.85 155.564
37.35 1014.32 155.74
37.36 1016.8 155.92
37.37 1019.29 156.104
37.38 1021.78 156.292
37.39 1024.27 156.485
37.4 1026.76 156.681
37.41 1029.26 156.882
37.42 1031.77 157.087
37.43 1034.28 157.296
37.44 1036.79 157.509
37.45 1039.31 157.727
37.46 1041.82 157.949
37.47 1044.35 158.175
37.48 1046.88 158.405
37.49 1049.41 158.64
37.5 1051.94 158.879
37.51 1054.48 159.123
37.52 1057.02 159.371
37.53 1059.57 159.623
37.54 1062.12 159.88
37.55 1064.67 160.142
37.56 1067.22 160.408
37.57 1069.78 160.678
37.58 1072.34 160.953
37.59 1074.91 161.233
37.6 1077.48 161.517
37.61 1080.05 161.806
37.62 1082.62 162.1
37.63 1085.2 162.398
37.64 1087.78 162.702
37.65 1090.36 163.009
37.66 1092.95 163.322
37.67 1095.53 163.64
37.68 1098.13 163.962
37.69 1100.72 164.289
37.7 1103.31 164.622
37.71 1105.91 164.959
37.72 1108.51 165.301
37.73 1111.12 165.648
37.74 1113.72 166
37.75 1116.33 166.358
37.76 1118.94 166.72
37.77 1121.55 167.088
37.78 1124.16 167.461
37.79 1126.78 167.839
37.8 1129.39 168.222
37.81 1132.01 168.61
37.82 1134.63 169.004
37.83 1137.25 169.403
37.84 1139.88 169.808
37.85 1142.5 170.218
37.86 1145.13 170.634
37.87 1147.75 171.055
37.88 1150.38 171.481
37.89 1153.01 171.913
37.9 1155.64 172.351
37.91 1158.27 172.795
37.92 1160.91 173.244
37.93 1163.54 173.699
37.94 1166.17 174.159
37.95 1168.81 174.626
37.96 1171.44 175.098
37.97 1174.08 175.576
37.98 1176.71 176.061
37.99 1179.35 176.551
38 1181.98 177.047
38.01 1184.62 177.549
38.02 1187.25 178.058
38.03 1189.89 178.572
38.04 1192.52 179.093
38.05 1195.15 179.62
38.06 1197.79 180.153
38.07 1200.42 180.693
38.08 1203.05 181.239
38.09 1205.68 181.791
38.1 1208.32 182.35
38.11 1210.94 182.916
38.12 1213.57 183.488
38.13 1216.2 184.067
38.14 1218.83 184.652
38.15 1221.45 185.244
38.16 1224.07 185.843
38.17 1226.69 186.449
38.18 1229.31 187.061
38.19 1231.93 187.681
38.2 1234.54 188.307
38.21 1237.15 188.941
38.22 1239.76 189.581
38.23 1242.37 190.229
38.24 1244.98 190.884
38.25 1247.58 191.546
38.26 1250.18 192.215
38.27 1252.77 192.892
38.28 1255.37 193.576
38.29 1257.96 194.268
38.3 1260.54 194.967
38.31 1263.13 195.674
38.32 1265.7 196.388
38.33 1268.28 197.11
38.34 1270.85 197.84
38.35 1273.42 198.578
38.36 1275.98 199.323
38.37 1278.54 200.077
38.38 1281.09 200.838
38.39 1283.64 201.607
38.4 1286.19 202.385
38.41 1288.72 203.171
38.42 1291.26 203.964
38.43 1293.79 204.767
38.44 1296.31 205.577
38.45 1298.83 206.396
38.46 1301.34 207.223
38.47 1303.85 208.059
38.48 1306.34 208.904
38.49 1308.84 209.757
38.5 1311.32 210.619
38.51 1313.8 211.49
38.52 1316.28 212.369
38.53 1318.74 213.258
38.54 1321.2 214.156
38.55 1323.65 215.062
38.56 1326.1 215.978
38.57 1328.54 216.903
38.58 1330.96 217.837
38.59 1333.38 218.78
38.6 1335.8 219.733
38.61 1338.2 220.695
38.62 1340.6 221.667
38.63 1342.98 222.649
38.64 1345.36 223.64
38.65 1347.73 224.641
38.66 1350.09 225.652
38.67 1352.43 226.672
38.68 1354.77 227.703
38.69 1357.1 228.743
38.7 1359.42 229.794
38.71 1361.73 230.855
38.72 1364.03 231.926
38.73 1366.32 233.007
38.74 1368.59 234.099
38.75 1370.86 235.201
38.76 1373.11 236.314
38.77 1375.35 237.437
38.78 1377.58 238.571
38.79 1379.8 239.716
38.8 1382 240.871
38.81 1384.2 242.038
38.82 1386.38 243.215
38.83 1388.54 244.404
38.84 1390.7 245.603
38.85 1392.84 246.814
38.86 1394.97 248.036
38.87 1397.08 249.27
38.88 1399.18 250.514
38.89 1401.26 251.771
38.9 1403.33 253.039
38.91 1405.39 254.318
38.92 1407.43 255.609
38.93 1409.45 256.912
38.94 1411.46 258.227
38.95 1413.45 259.554
38.96 1415.43 260.892
38.97 1417.39 262.243
38.98 1419.33 263.606
38.99 1421.26 264.981
39 1423.17 266.368
39.01 1425.07 267.768
39.02 1426.94 269.18
39.03 1428.8 270.605
39.04 1430.64 272.042
39.05 1432.46 273.492
39.06 1434.26 274.955
39.07 1436.05 276.43
39.08 1437.81 277.918
39.09 1439.56 279.42
39.1 1441.28 280.934
39.11 1442.99 282.461
39.12 1444.68 284.001
39.13 1446.34 285.555
39.14 1447.99 287.121
39.15 1449.61 288.701
39.16 1451.21 290.295
39.17 1452.79 291.902
39.18 1454.35 293.522
39.19 1455.89 295.156
39.2 1457.41 296.804
39.21 1458.9 298.465
39.22 1460.37 300.14
39.23 1461.82 301.829
39.24 1463.24 303.531
39.25 1464.64 305.248
39.26 1466.01 306.978
39.27 1467.37 308.723
39.28 1468.69 310.482
39.29 1470 312.254
39.3 1471.27 314.041
39.31 1472.52 315.843
39.32 1473.75 317.658
39.33 1474.95 319.488
39.34 1476.13 321.332
39.35 1477.27 323.19
39.36 1478.4 325.063
39.37 1479.49 326.951
39.38 1480.56 328.852
39.39 1481.6 330.769
39.4 1482.61 332.7
39.41 1483.59 334.646
39.42 1484.55 336.606
39.43 1485.47 338.581
39.44 1486.37 340.571
39.45 1487.24 342.575
39.46 1488.08 344.594
39.47 1488.89 346.628
39.48 1489.67 348.677
39.49 1490.42 350.74
39.5 1491.14 352.818
39.51 1491.83 354.911
39.52 1492.48 357.019
39.53 1493.11 359.142
39.54 1493.7 361.279
39.55 1494.27 363.432
39.56 1494.8 365.599
39.57 1495.29 367.781
39.58 1495.76 369.978
39.59 1496.19 372.189
39.6 1496.59 374.415
39.61 1496.96 376.657
39.62 1497.29 378.912
39.63 1497.59 381.183
39.64 1497.85 383.468
39.65 1498.08 385.768
39.66 1498.28 388.083
39.67 1498.44 390.412
39.68 1498.57 392.755
39.69 1498.66 395.114
39.7 1498.71 397.486
39.71 1498.73 399.873
39.72 1498.72 402.274
39.73 1498.66 404.69
39.74 1498.58 407.12
39.75 1498.45 409.564
39.76 1498.29 412.022
39.77 1498.09 414.494
39.78 1497.86 416.98
39.79 1497.58 419.48
39.8 1497.27 421.993
39.81 1496.92 424.521
39.82 1496.54 427.062
39.83 1496.11 429.616
39.84 1495.65 432.184
39.85 1495.15 434.764
39.86 1494.61 437.359
39.87 1494.03 439.966
39.88 1493.42 442.586
39.89 1492.76 445.218
39.9 1492.07 447.864
39.91 1491.33 450.522
39.92 1490.56 453.192
39.93 1489.75 455.874
39.94 1488.9 458.569
39.95 1488 461.275
39.96 1487.07 463.993
39.97 1486.1 466.723
39.98 1485.09 469.464
39.99 1484.04 472.217
40 1482.95 474.98
40.01 1481.81 477.754
40.02 1480.64 480.539
40.03 1479.43 483.335
40.04 1478.18 486.14
40.05 1476.88 488.956
40.06 1475.55 491.782
40.07 1474.17 494.617
40.08 1472.76 497.462
40.09 1471.3 500.315
40.1 1469.81 503.178
40.11 1468.27 506.05
40.12 1466.69 508.929
40.13 1465.07 511.818
40.14 1463.42 514.714
40.15 1461.72 517.617
40.16 1459.98 520.529
40.17 1458.2 523.447
40.18 1456.38 526.372
40.19 1454.52 529.304
40.2 1452.62 532.242
40.21 1450.67 535.187
40.22 1448.69 538.137
40.23 1446.67 541.092
40.24 1444.61 544.052
40.25 1442.51 547.018
40.26 1440.37 549.988
40.27 1438.19 552.962
40.28 1435.97 555.939
40.29 1433.71 558.921
40.3 1431.41 561.905
40.31 1429.08 564.893
40.32 1426.7 567.883
40.33 1424.29 570.875
40.34 1421.83 573.869
40.35 1419.34 576.864
40.36 1416.81 579.86
40.37 1414.25 582.857
40.38 1411.64 585.855
40.39 1409 588.852
40.4 1406.32 591.849
40.41 1403.6 594.845
40.42 1400.85 597.84
40.43 1398.06 600.834
40.44 1395.23 603.825
40.45 1392.37 606.814
40.46 1389.47 609.801
40.47 1386.54 612.784
40.48 1383.57 615.763
40.49 1380.57 618.739
40.5 1377.53 621.71
40.51 1374.46 624.677
40.52 1371.36 627.638
40.53 1368.22 630.593
40.54 1365.05 633.543
40.55 1361.84 636.486
40.56 1358.61 639.422
40.57 1355.34 642.35
40.58 1352.04 645.271
40.59 1348.71 648.184
40.6 1345.34 651.088
40.61 1341.95 653.983
40.62 1338.53 656.869
40.63 1335.07 659.744
40.64 1331.59 662.609
40.65 1328.08 665.463
40.66 1324.54 668.306
40.67 1320.97 671.138
40.68 1317.38 673.957
40.69 1313.75 676.763
40.7 1310.11 679.557
40.71 1306.43 682.337
40.72 1302.73 685.103
40.73 1299 687.855
40.74 1295.25 690.592
40.75 1291.47 693.314
40.76 1287.67 696.02
40.77 1283.85 698.711
40.78 1280 701.384
40.79 1276.14 704.041
40.8 1272.24 706.68
40.81 1268.33 709.302
40.82 1264.4 711.906
40.83 1260.45 714.49
40.84 1256.47 717.056
40.85 1252.48 719.602
40.86 1248.47 722.129
40.87 1244.43 724.635
40.88 1240.39 727.12
40.89 1236.32 729.585
40.9 1232.24 732.028
40.91 1228.14 734.449
40.92 1224.02 736.848
40.93 1219.89 739.224
40.94 1215.75 741.577
40.95 1211.59 743.907
40.96 1207.41 746.213
40.97 1203.23 748.494
40.98 1199.03 750.752
40.99 1194.81 752.984
41 1190.59 755.192
41.01 1186.36 757.373
41.02 1182.11 759.529
41.03 1177.86 761.659
41.04 1173.59 763.762
41.05 1169.32 765.838
41.06 1165.04 767.887
41.07 1160.75 769.908
41.08 1156.45 771.901
41.09 1152.15 773.867
41.1 1147.84 775.804
41.11 1143.52 777.712
41.12 1139.2 779.592
41.13 1134.87 781.442
41.14 1130.54 783.262
41.15 1126.2 785.053
41.16 1121.87 786.814
41.17 1117.53 788.544
41.18 1113.18 790.244
41.19 1108.84 791.914
41.2 1104.49 793.552
41.21 1100.14 795.159
41.22 1095.8 796.735
41.23 1091.45 798.279
41.24 1087.1 799.791
41.25 1082.76 801.272
41.26 1078.41 802.72
41.27 1074.07 804.136
41.28 1069.73 805.519
41.29 1065.4 806.87
41.3 1061.06 808.188
41.31 1056.73 809.474
41.32 1052.41 810.726
41.33 1048.09 811.945
41.34 1043.77 813.131
41.35 1039.46 814.283
41.36 1035.16 815.402
41.37 1030.86 816.487
41.38 1026.57 817.539
41.39 1022.29 818.557
41.4 1018.02 819.541
41.41 1013.75 820.491
41.42 1009.49 821.407
41.43 1005.24 822.29
41.44 1001 823.138
41.45 996.771 823.953
41.46 992.55 824.733
41.47 988.34 825.479
41.48 984.14 826.191
41.49 979.951 826.87
41.5 975.774 827.514
41.51 971.608 828.124
41.52 967.455 828.7
41.53 963.314 829.242
41.54 959.185 829.75
41.55 955.069 830.224
41.56 950.967 830.664
41.57 946.879 831.071
41.58 942.804 831.443
41.59 938.743 831.782
41.6 934.697 832.088
41.61 930.666 832.36
41.62 926.65 832.598
41.63 922.649 832.804
41.64 918.663 832.976
41.65 914.694 833.115
41.66 910.74 833.221
41.67 906.803 833.294
41.68 902.882 833.334
41.69 898.978 833.342
41.7 895.091 833.317
41.71 891.221 833.26
41.72 887.368 833.171
41.73 883.533 833.049
41.74 879.716 832.896
41.75 875.917 832.712
41.76 872.136 832.495
41.77 868.373 832.248
41.78 864.629 831.969
41.79 860.903 831.659
41.8 857.196 831.319
41.81 853.509 830.948
41.82 849.84 830.546
41.83 846.191 830.115
41.84 842.561 829.653
41.85 838.951 829.161
41.86 835.36 828.641
41.87 831.789 828.09
41.88 828.238 827.511
41.89 824.708 826.903
41.9 821.197 826.266
41.91 817.707 825.601
41.92 814.237 824.907
41.93 810.787 824.186
41.94 807.358 823.437
41.95 803.95 822.66
41.96 800.562 821.856
41.97 797.196 821.026
41.98 793.85 820.168
41.99 790.525 819.285
42 787.221 818.375
42.01 783.938 817.439
42.02 780.676 816.477
42.03 777.435 815.49
42.04 774.215 814.478
42.05 771.017 813.441
42.06 767.84 812.38
42.07 764.684 811.294
42.08 761.55 810.184
42.09 758.437 809.051
42.1 755.345 807.894
42.11 752.275 806.714
42.12 749.226 805.511
42.13 746.198 804.285
42.14 743.192 803.037
42.15 740.208 801.766
42.16 737.244 800.474
42.17 734.303 799.161
42.18 731.382 797.826
42.19 728.483 796.47
42.2 725.606 795.094
42.21 722.75 793.697
42.22 719.915 792.281
42.23 717.102 790.844
42.24 714.309 789.388
42.25 711.539 787.912
42.26 708.789 786.418
42.27 706.061 784.905
42.28 703.354 783.374
42.29 700.668 781.824
42.3 698.003 780.257
42.31 695.36 778.672
42.32 692.737 777.07
42.33 690.135 775.451
42.34 687.555 773.815
42.35 684.995 772.163
42.36 682.456 770.495
42.37 679.938 768.811
42.38 677.441 767.111
42.39 674.964 765.397
42.4 672.508 763.667
42.41 670.073 761.922
42.42 667.658 760.163
42.43 665.263 758.39
42.44 662.889 756.603
42.45 660.536 754.802
42.46 658.202 752.988
42.47 655.889 751.161
42.48 653.596 749.321
42.49 651.322 747.468
42.5 649.069 745.603
42.51 646.836 743.726
42.52 644.623 741.837
42.53 642.429 739.937
42.54 640.255 738.026
42.55 638.1 736.103
42.56 635.965 734.17
42.57 633.85 732.227
42.58 631.754 730.273
42.59 629.677 728.309
42.6 627.619 726.335
42.61 625.581 724.352
42.62 623.561 722.36
42.63 621.56 720.358
42.64 619.579 718.348
42.65 617.615 716.33
42.66 615.671 714.303
42.67 613.745 712.268
42.68 611.838 710.225
42.69 609.949 708.175
42.7 608.079 706.117
42.71 606.226 704.052
42.72 604.392 701.98
42.73 602.576 699.902
42.74 600.778 697.817
42.75 598.997 695.726
42.76 597.235 693.629
42.77 595.49 691.526
42.78 593.763 689.417
42.79 592.053 687.303
42.8 590.361 685.184
42.81 588.686 683.06
42.82 587.028 680.932
42.83 585.388 678.798
42.84 583.764 676.66
42.85 582.157 674.519
42.86 580.568 672.373
42.87 578.995 670.223
42.88 577.439 668.07
42.89 575.899 665.913
42.9 574.376 663.753
42.91 572.869 661.591
42.92 571.379 659.425
42.93 569.904 657.257
42.94 568.446 655.086
42.95 567.004 652.913
42.96 565.578 650.738
42.97 564.168 648.56
42.98 562.774 646.382
42.99 561.395 644.201
43 560.032 642.019
43.01 558.684 639.836
43.02 557.352 637.651
43.03 556.035 635.466
43.04 554.733 633.28
43.05 553.447 631.093
43.06 552.175 628.906
43.07 550.919 626.718
43.08 549.677 624.53
43.09 548.45 622.342
43.1 547.238 620.155
43.11 546.041 617.967
43.12 544.858 615.78
43.13 543.689 613.593
43.14 542.535 611.407
43.15 541.395 609.222
43.16 540.27 607.038
43.17 539.158 604.855
43.18 538.061 602.673
43.19 536.977 600.492
43.2 535.908 598.313
43.21 534.852 596.136
43.22 533.809 593.96
43.23 532.781 591.786
43.24 531.766 589.613
43.25 530.764 587.443
43.26 529.776 585.275
43.27 528.801 583.11
43.28 527.839 580.946
43.29 526.891 578.786
43.3 525.955 576.627
43.31 525.033 574.472
43.32 524.123 572.319
43.33 523.227 570.17
43.34 522.343 568.023
43.35 521.471 565.879
43.36 520.613 563.739
43.37 519.766 561.602
43.38 518.933 559.468
43.39 518.111 557.338
43.4 517.302 555.211
43.41 516.505 553.088
43.42 515.721 550.969
43.43 514.948 548.854
43.44 514.188 546.742
43.45 513.439 544.635
43.46 512.702 542.532
43.47 511.978 540.433
43.48 511.264 538.338
43.49 510.563 536.247
43.5 509.873 534.161
43.51 509.195 532.079
43.52 508.528 530.002
43.53 507.873 527.93
43.54 507.229 525.862
43.55 506.596 523.799
43.56 505.974 521.741
43.57 505.364 519.687
43.58 504.765 517.639
43.59 504.176 515.596
43.6 503.599 513.557
43.61 503.032 511.524
43.62 502.477 509.496
43.63 501.932 507.473
43.64 501.398 505.456
43.65 500.875 503.444
43.66 500.362 501.437
43.67 499.859 499.436
43.68 499.368 497.44
43.69 498.886 495.45
43.7 498.415 493.466
43.71 497.954 491.487
43.72 497.504 489.514
43.73 497.064 487.546
43.74 496.634 485.585
43.75 496.214 483.629
43.76 495.804 481.679
43.77 495.404 479.735
43.78 495.014 477.797
43.79 494.634 475.865
43.8 494.263 473.939
43.81 493.903 472.019
43.82 493.552 470.106
43.83 493.211 468.198
43.84 492.879 466.296
43.85 492.557 464.401
43.86 492.245 462.512
43.87 491.942 460.629
43.88 491.648 458.753
43.89 491.364 456.883
43.9 491.089 455.019
43.91 490.823 453.161
43.92 490.567 451.31
43.93 490.32 449.466
43.94 490.082 447.628
43.95 489.853 445.796
43.96 489.633 443.971
43.97 489.423 442.152
43.98 489.221 440.34
43.99 489.028 438.535
44 488.844 436.736
44.01 488.669 434.943
44.02 488.502 433.157
44.03 488.345 431.378
44.04 488.196 429.606
44.05 488.056 427.84
44.06 487.924 426.081
44.07 487.801 424.329
44.08 487.687 422.583
44.09 487.581 420.844
44.1 487.483 419.112
44.11 487.394 417.386
44.12 487.314 415.667
44.13 487.242 413.955
44.14 487.178 412.25
44.15 487.122 410.551
44.16 487.075 408.86
44.17 487.036 407.175
44.18 487.005 405.497
44.19 486.983 403.826
44.2 486.968 402.161
44.21 486.961 400.503
44.22 486.963 398.853
44.23 486.973 397.209
44.24 486.99 395.571
44.25 487.016 393.941
44.26 487.049 392.318
44.27 487.091 390.701
44.28 487.14 389.091
44.29 487.197 387.488
44.3 487.262 385.892
44.31 487.334 384.303
44.32 487.415 382.72
44.33 487.503 381.145
44.34 487.599 379.576
44.35 487.702 378.014
44.36 487.813 376.459
44.37 487.932 374.91
44.38 488.058 373.369
44.39 488.192 371.834
44.4 488.333 370.306
44.41 488.482 368.785
44.42 488.638 367.271
44.43 488.801 365.764
44.44 488.972 364.263
44.45 489.151 362.769
44.46 489.337 361.282
44.47 489.53 359.802
44.48 489.73 358.329
44.49 489.938 356.862
44.5 490.153 355.402
44.51 490.375 353.949
44.52 490.605 352.502
44.53 490.841 351.062
44.54 491.085 349.629
44.55 491.336 348.203
44.56 491.594 346.783
44.57 491.859 345.37
44.58 492.131 343.964
44.59 492.411 342.565
44.6 492.697 341.172
44.61 492.99 339.785
44.62 493.291 338.406
44.63 493.598 337.033
44.64 493.912 335.666
44.65 494.233 334.307
44.66 494.562 332.953
44.67 494.897 331.607
44.68 495.239 330.267
44.69 495.587 328.933
44.7 495.943 327.606
44.71 496.305 326.286
44.72 496.675 324.972
44.73 497.051 323.664
44.74 497.433 322.363
44.75 497.823 321.069
44.76 498.219 319.781
44.77 498.622 318.499
44.78 499.032 317.224
44.79 499.449 315.955
44.8 499.872 314.693
44.81 500.301 313.437
44.82 500.738 312.187
44.83 501.181 310.944
44.84 501.63 309.707
44.85 502.087 308.476
44.86 502.549 307.252
44.87 503.019 306.034
44.88 503.495 304.822
44.89 503.977 303.617
44.9 504.466 302.417
44.91 504.962 301.224
44.92 505.464 300.038
44.93 505.972 298.857
44.94 506.487 297.682
44.95 507.009 296.514
44.96 507.537 295.352
44.97 508.071 294.196
44.98 508.612 293.046
44.99 509.159 291.902
45 509.713 290.764
45.01 510.273 289.632
45.02 510.839 288.506
45.03 511.412 287.387
45.04 511.991 286.273
45.05 512.576 285.165
45.06 513.168 284.063
45.07 513.766 282.967
45.08 514.371 281.878
45.09 514.981 280.793
45.1 515.598 279.715
45.11 516.222 278.643
45.12 516.851 277.577
45.13 517.487 276.516
45.14 518.129 275.461
45.15 518.778 274.412
45.16 519.432 273.369
45.17 520.093 272.331
45.18 520.76 271.3
45.19 521.434 270.274
45.2 522.113 269.253
45.21 522.799 268.239
45.22 523.491 267.23
45.23 524.189 266.226
45.24 524.893 265.229
45.25 525.604 264.237
45.26 526.321 263.25
45.27 527.043 262.269
45.28 527.772 261.294
45.29 528.507 260.324
45.3 529.249 259.36
45.31 529.996 258.401
45.32 530.75 257.447
45.33 531.509 256.5
45.34 532.275 255.557
45.35 533.047 254.62
45.36 533.825 253.688
45.37 534.609 252.762
45.38 535.399 251.841
45.39 536.196 250.926
45.4 536.998 250.015
45.41 537.806 249.111
45.42 538.621 248.211
45.43 539.441 247.317
45.44 540.268 246.428
45.45 541.101 245.544
45.46 541.94 244.665
45.47 542.785 243.792
45.48 543.635 242.923
45.49 544.492 242.06
45.5 545.355 241.202
45.51 546.224 240.349
45.52 547.099 239.502
45.53 547.981 238.659
45.54 548.868 237.821
45.55 549.761 236.989
45.56 550.66 236.161
45.57 551.565 235.339
45.58 552.476 234.521
45.59 553.394 233.709
45.6 554.317 232.901
45.61 555.246 232.099
45.62 556.182 231.301
45.63 557.123 230.508
45.64 558.07 229.72
45.65 559.023 228.937
45.66 559.983 228.159
45.67 560.948 227.385
45.68 561.919 226.617
45.69 562.896 225.853
45.7 563.88 225.094
45.71 564.869 224.34
45.72 565.864 223.591
45.73 566.865 222.846
45.74 567.873 222.106
45.75 568.886 221.37
45.76 569.905 220.64
45.77 570.93 219.914
45.78 571.961 219.192
45.79 572.999 218.476
45.8 574.042 217.764
45.81 575.091 217.056
45.82 576.146 216.353
45.83 577.207 215.655
45.84 578.274 214.961
45.85 579.347 214.272
45.86 580.426 213.587
45.87 581.511 212.906
45.88 582.602 212.231
45.89 583.699 211.559
45.9 584.802 210.892
45.91 585.911 210.23
45.92 587.026 209.572
45.93 588.146 208.918
45.94 589.273 208.269
45.95 590.406 207.624
45.96 591.545 206.983
45.97 592.69 206.347
45.98 593.84 205.715
45.99 594.997 205.087
46 596.16 204.464
46.01 597.329 203.845
46.02 598.503 203.23
46.03 599.684 202.619
46.04 600.871 202.013
46.05 602.063 201.411
46.06 603.262 200.813
46.07 604.466 200.219
46.08 605.677 199.629
46.09 606.894 199.044
46.1 608.116 198.462
46.11 609.345 197.885
46.12 610.579 197.312
46.13 611.82 196.743
46.14 613.066 196.178
46.15 614.319 195.617
46.16 615.578 195.06
46.17 616.842 194.508
46.18 618.113 193.959
46.19 619.389 193.414
46.2 620.672 192.873
46.21 621.96 192.337
46.22 623.255 191.804
46.23 624.556 191.275
46.24 625.862 190.75
46.25 627.175 190.229
46.26 628.494 189.712
46.27 629.818 189.199
46.28 631.149 188.69
46.29 632.486 188.184
46.3 633.828 187.683
46.31 635.177 187.185
46.32 636.532 186.691
46.33 637.893 186.201
46.34 639.259 185.715
46.35 640.632 185.233
46.36 642.011 184.754
46.37 643.396 184.28
46.38 644.787 183.809
46.39 646.184 183.341
46.4 647.587 182.878
46.41 648.996 182.418
46.42 650.411 181.962
46.43 651.832 181.51
46.44 653.26 181.061
46.45 654.693 180.616
46.46 656.132 180.175
46.47 657.578 179.738
46.48 659.029 179.304
46.49 660.486 178.873
46.5 661.95 178.447
46.51 663.42 178.024
46.52 664.895 177.605
46.53 666.377 177.189
46.54 667.865 176.777
46.55 669.359 176.368
46.56 670.859 175.963
46.57 672.365 175.562
46.58 673.877 175.164
46.59 675.395 174.769
46.6 676.919 174.379
46.61 678.449 173.991
46.62 679.986 173.608
46.63 681.528 173.228
46.64 683.077 172.851
46.65 684.631 172.478
46.66 686.192 172.108
46.67 687.759 171.742
46.68 689.332 171.379
46.69 690.911 171.02
46.7 692.496 170.664
46.71 694.087 170.311
46.72 695.684 169.962
46.73 697.288 169.617
46.74 698.897 169.275
46.75 700.513 168.936
46.76 702.135 168.601
46.77 703.762 168.269
46.78 705.396 167.94
46.79 707.036 167.615
46.8 708.682 167.293
46.81 710.335 166.975
46.82 711.993 166.66
46.83 713.657 166.348
46.84 715.328 166.04
46.85 717.004 165.735
46.86 718.687 165.433
46.87 720.376 165.135
46.88 722.071 164.84
46.89 723.772 164.549
46.9 725.479 164.26
46.91 727.193 163.975
46.92 728.912 163.694
46.93 730.638 163.415
46.94 732.369 163.14
46.95 734.107 162.868
46.96 735.851 162.6
46.97 737.601 162.334
46.98 739.357 162.072
46.99 741.119 161.814
47 742.887 161.558
47.01 744.662 161.306
47.02 746.442 161.057
47.03 748.229 160.811
47.04 750.022 160.569
47.05 751.82 160.33
47.06 753.625 160.094
47.07 755.436 159.861
47.08 757.254 159.632
47.09 759.077 159.405
47.1 760.906 159.182
47.11 762.742 158.962
47.12 764.583 158.746
47.13 766.431 158.533
47.14 768.285 158.322
47.15 770.144 158.115
47.16 772.01 157.912
47.17 773.882 157.711
47.18 775.76 157.514
47.19 777.644 157.32
47.2 779.535 157.129
47.21 781.431 156.941
47.22 783.333 156.757
47.23 785.242 156.575
47.24 787.156 156.397
47.25 789.077 156.223
47.26 791.003 156.051
47.27 792.936 155.882
47.28 794.875 155.717
47.29 796.82 155.555
47.3 798.77 155.396
47.31 800.727 155.24
47.32 802.69 155.088
47.33 804.659 154.938
47.34 806.634 154.792
47.35 808.615 154.649
47.36 810.602 154.51
47.37 812.595 154.373
47.38 814.594 154.24
47.39 816.599 154.11
47.4 818.61 153.983
47.41 820.627 153.859
47.42 822.649 153.739
47.43 824.678 153.621
47.44 826.713 153.507
47.45 828.754 153.396
47.46 830.801 153.289
47.47 832.853 153.184
47.48 834.912 153.083
47.49 836.976 152.985
47.5 839.047 152.89
47.51 841.123 152.798
47.52 843.205 152.71
47.53 845.293 152.625
47.54 847.387 152.543
47.55 849.487 152.464
47.56 851.593 152.389
47.57 853.704 152.317
47.58 855.822 152.248
47.59 857.945 152.182
47.6 860.074 152.12
47.61 862.209 152.061
47.62 864.35 152.005
47.63 866.496 151.953
47.64 868.648 151.903
47.65 870.806 151.857
47.66 872.97 151.815
47.67 875.139 151.775
47.68 877.315 151.739
47.69 879.495 151.706
47.7 881.682 151.677
47.71 883.874 151.651
47.72 886.072 151.628
47.73 888.276 151.609
47.74 890.485 151.592
47.75 892.7 151.58
47.76 894.92 151.57
47.77 897.146 151.564
47.78 899.378 151.562
47.79 901.615 151.562
47.8 903.858 151.567
47.81 906.106 151.574
47.82 908.36 151.585
47.83 910.619 151.6
47.84 912.884 151.617
47.85 915.154 151.639
47.86 917.43 151.663
47.87 919.711 151.691
47.88 921.997 151.723
47.89 924.289 151.758
47.9 926.586 151.797
47.91 928.888 151.839
47.92 931.196 151.885
47.93 933.509 151.934
47.94 935.828 151.986
47.95 938.151 152.043
47.96 940.48 152.102
47.97 942.814 152.166
47.98 945.153 152.233
47.99 947.498 152.303
48 949.847 152.377
48.01 952.202 152.455
48.02 954.561 152.537
48.03 956.926 152.622
48.04 959.296 152.71
48.05 961.671 152.803
48.06 964.05 152.899
48.07 966.435 152.999
48.08 968.824 153.102
48.09 971.219 153.209
48.1 973.618 153.32
48.11 976.022 153.435
48.12 978.431 153.554
48.13 980.845 153.676
48.14 983.263 153.802
48.15 985.686 153.932
48.16 988.114 154.066
48.17 990.547 154.204
48.18 992.984 154.345
48.19 995.425 154.491
48.2 997.871 154.64
48.21 1000.32 154.793
48.22 1002.78 154.951
48.23 1005.24 155.112
48.24 1007.7 155.277
48.25 1010.17 155.446
48.26 1012.64 155.62
48.27 1015.12 155.797
48.28 1017.6 155.978
48.29 1020.08 156.164
48.3 1022.57 156.353
48.31 1025.07 156.547
48.32 1027.56 156.745
48.33 1030.07 156.947
48.34 1032.57 157.153
48.35 1035.08 157.364
48.36 1037.6 157.578
48.37 1040.11 157.797
48.38 1042.63 158.021
48.39 1045.16 158.248
48.4 1047.69 158.48
48.41 1050.22 158.716
48.42 1052.75 158.957
48.43 1055.29 159.202
48.44 1057.84 159.451
48.45 1060.38 159.705
48.46 1062.93 159.964
48.47 1065.49 160.227
48.48 1068.04 160.494
48.49 1070.6 160.766
48.5 1073.17 161.042
48.51 1075.73 161.324
48.52 1078.3 161.609
48.53 1080.87 161.9
48.54 1083.45 162.195
48.55 1086.03 162.495
48.56 1088.61 162.8
48.57 1091.19 163.109
48.58 1093.78 163.423
48.59 1096.36 163.743
48.6 1098.96 164.067
48.61 1101.55 164.395
48.62 1104.15 164.729
48.63 1106.75 165.068
48.64 1109.35 165.412
48.65 1111.95 165.761
48.66 1114.56 166.114
48.67 1117.16 166.473
48.68 1119.77 166.837
48.69 1122.39 167.207
48.7 1125 167.581
48.71 1127.62 167.961
48.72 1130.23 168.346
48.73 1132.85 168.736
48.74 1135.47 169.132
48.75 1138.09 169.533
48.76 1140.72 169.939
48.77 1143.34 170.351
48.78 1145.97 170.768
48.79 1148.6 171.191
48.8 1151.23 171.619
48.81 1153.86 172.053
48.82 1156.49 172.493
48.83 1159.12 172.938
48.84 1161.75 173.389
48.85 1164.38 173.846
48.86 1167.02 174.308
48.87 1169.65 174.777
48.88 1172.28 175.251
48.89 1174.92 175.731
48.9 1177.55 176.217
48.91 1180.19 176.709
48.92 1182.83 177.207
48.93 1185.46 177.712
48.94 1188.1 178.222
48.95 1190.73 178.738
48.96 1193.36 179.261
48.97 1196 179.79
48.98 1198.63 180.326
48.99 1201.26 180.867
49 1203.9 181.415
49.01 1206.53 181.97
49.02 1209.16 182.531
49.03 1211.79 183.099
49.04 1214.41 183.673
49.05 1217.04 184.254
49.06 1219.67 184.841
49.07 1222.29 185.435
49.08 1224.91 186.036
49.09 1227.53 186.644
49.1 1230.15 187.259
49.11 1232.77 187.881
49.12 1235.38 188.509
49.13 1237.99 189.145
49.14 1240.6 189.788
49.15 1243.21 190.438
49.16 1245.81 191.095
49.17 1248.41 191.76
49.18 1251.01 192.431
49.19 1253.6 193.111
49.2 1256.2 193.797
49.21 1258.79 194.491
49.22 1261.37 195.193
49.23 1263.95 195.902
49.24 1266.53 196.619
49.25 1269.1 197.343
49.26 1271.67 198.076
49.27 1274.24 198.816
49.28 1276.8 199.564
49.29 1279.36 200.32
49.3 1281.91 201.084
49.31 1284.46 201.856
49.32 1287 202.636
49.33 1289.54 203.424
49.34 1292.07 204.221
49.35 1294.6 205.025
49.36 1297.12 205.839
49.37 1299.63 206.66
49.38 1302.14 207.49
49.39 1304.65 208.329
49.4 1307.14 209.176
49.41 1309.64 210.033
49.42 1312.12 210.897
49.43 1314.6 211.771
49.44 1317.07 212.653
49.45 1319.53 213.545
49.46 1321.99 214.445
49.47 1324.44 215.355
49.48 1326.88 216.273
49.49 1329.31 217.201
49.5 1331.74 218.138
49.51 1334.16 219.085
49.52 1336.57 220.041
49.53 1338.97 221.006
49.54 1341.36 221.981
49.55 1343.74 222.965
49.56 1346.12 223.96
49.57 1348.48 224.964
49.58 1350.84 225.978
49.59 1353.19 227.001
49.6 1355.52 228.035
49.61 1357.85 229.079
49.62 1360.16 230.133
49.63 1362.47 231.197
49.64 1364.76 232.271
49.65 1367.05 233.356
49.66 1369.32 234.451
49.67 1371.58 235.557
49.68 1373.83 236.673
49.69 1376.07 237.799
49.7 1378.29 238.937
49.71 1380.51 240.085
49.72 1382.71 241.244
49.73 1384.9 242.414
49.74 1387.07 243.595
49.75 1389.24 244.787
49.76 1391.39 245.99
49.77 1393.52 247.205
49.78 1395.64 248.43
49.79 1397.75 249.667
49.8 1399.85 250.916
49.81 1401.93 252.176
49.82 1403.99 253.447
49.83 1406.04 254.731
49.84 1408.08 256.025
49.85 1410.1 257.332
49.86 1412.1 258.651
49.87 1414.09 259.981
49.88 1416.06 261.324
49.89 1418.02 262.678
49.9 1419.95 264.045
49.91 1421.88 265.424
49.92 1423.78 266.816
49.93 1425.67 268.219
49.94 1427.54 269.636
49.95 1429.39 271.064
49.96 1431.22 272.506
49.97 1433.04 273.96
49.98 1434.84 275.426
49.99 1436.62 276.906
50 1438.37 278.398
50.01 1440.11 279.903
50.02 1441.83 281.422
50.03 1443.53 282.953
50.04 1445.21 284.498
50.05 1446.87 286.055
50.06 1448.51 287.626
50.07 1450.13 289.211
50.08 1451.72 290.808
50.09 1453.3 292.42
50.1 1454.85 294.044
50.11 1456.38 295.683
50.12 1457.89 297.335
50.13 1459.37 299
50.14 1460.84 300.68
50.15 1462.27 302.373
50.16 1463.69 304.08
50.17 1465.08 305.801
50.18 1466.45 307.536
50.19 1467.79 309.285
50.2 1469.11 311.048
50.21 1470.41 312.826
50.22 1471.68 314.617
50.23 1472.92 316.423
50.24 1474.14 318.243
50.25 1475.33 320.077
50.26 1476.5 321.926
50.27 1477.64 323.789
50.28 1478.75 325.667
50.29 1479.83 327.559
50.3 1480.89 329.465
50.31 1481.92 331.386
50.32 1482.93 333.322
50.33 1483.9 335.272
50.34 1484.85 337.237
50.35 1485.77 339.217
50.36 1486.65 341.211
50.37 1487.51 343.22
50.38 1488.34 345.244
50.39 1489.14 347.283
50.4 1489.91 349.336
50.41 1490.65 351.404
50.42 1491.36 353.487
50.43 1492.04 355.585
50.44 1492.69 357.698
50.45 1493.3 359.825
50.46 1493.89 361.968
50.47 1494.44 364.125
50.48 1494.96 366.297
50.49 1495.45 368.483
50.5 1495.9 370.685
50.51 1496.32 372.901
50.52 1496.71 375.132
50.53 1497.07 377.378
50.54 1497.39 379.639
50.55 1497.68 381.914
50.56 1497.93 384.204
50.57 1498.15 386.508
50.58 1498.34 388.828
50.59 1498.49 391.161
50.6 1498.6 393.51
50.61 1498.68 395.872
50.62 1498.72 398.25
50.63 1498.73 400.641
50.64 1498.7 403.047
50.65 1498.64 405.467
50.66 1498.54 407.902
50.67 1498.4 410.35
50.68 1498.23 412.813
50.69 1498.02 415.289
50.7 1497.77 417.78
50.71 1497.49 420.284
50.72 1497.16 422.802
50.73 1496.8 425.334
50.74 1496.41 427.879
50.75 1495.97 430.437
50.76 1495.5 433.009
50.77 1494.98 435.594
50.78 1494.43 438.193
50.79 1493.84 440.804
50.8 1493.21 443.428
50.81 1492.54 446.065
50.82 1491.84 448.714
50.83 1491.09 451.376
50.84 1490.3 454.05
50.85 1489.48 456.737
50.86 1488.61 459.435
50.87 1487.71 462.145
50.88 1486.77 464.867
50.89 1485.78 467.6
50.9 1484.76 470.345
50.91 1483.69 473.101
50.92 1482.59 475.868
50.93 1481.44 478.646
50.94 1480.26 481.434
50.95 1479.03 484.233
50.96 1477.77 487.042
50.97 1476.46 489.861
50.98 1475.11 492.689
50.99 1473.72 495.528
51 1472.3 498.375
51.01 1470.83 501.232
51.02 1469.32 504.097
51.03 1467.77 506.972
51.04 1466.18 509.854
51.05 1464.55 512.745
51.06 1462.88 515.644
51.07 1461.16 518.55
51.08 1459.41 521.463
51.09 1457.62 524.384
51.1 1455.79 527.311
51.11 1453.91 530.245
51.12 1452 533.185
51.13 1450.04 536.131
51.14 1448.05 539.083
51.15 1446.02 542.04
51.16 1443.94 545.002
51.17 1441.83 547.969
51.18 1439.68 550.94
51.19 1437.48 553.916
51.2 1435.25 556.895
51.21 1432.98 559.877
51.22 1430.67 562.863
51.23 1428.32 565.851
51.24 1425.93 568.841
51.25 1423.5 571.834
51.26 1421.04 574.828
51.27 1418.54 577.824
51.28 1415.99 580.821
51.29 1413.41 583.818
51.3 1410.8 586.815
51.31 1408.14 589.813
51.32 1405.45 592.81
51.33 1402.72 595.805
51.34 1399.96 598.8
51.35 1397.16 601.793
51.36 1394.32 604.784
51.37 1391.45 607.772
51.38 1388.54 610.757
51.39 1385.59 613.739
51.4 1382.62 616.718
51.41 1379.6 619.692
51.42 1376.55 622.662
51.43 1373.47 625.626
51.44 1370.36 628.586
51.45 1367.21 631.539
51.46 1364.02 634.487
51.47 1360.81 637.428
51.48 1357.56 640.361
51.49 1354.28 643.288
51.5 1350.97 646.206
51.51 1347.63 649.116
51.52 1344.26 652.017
51.53 1340.86 654.909
51.54 1337.42 657.791
51.55 1333.96 660.663
51.56 1330.47 663.525
51.57 1326.95 666.376
51.58 1323.4 669.215
51.59 1319.82 672.043
51.6 1316.22 674.858
51.61 1312.59 677.66
51.62 1308.93 680.45
51.63 1305.25 683.225
51.64 1301.54 685.987
51.65 1297.8 688.734
51.66 1294.04 691.466
51.67 1290.26 694.183
51.68 1286.45 696.884
51.69 1282.62 699.569
51.7 1278.77 702.238
51.71 1274.89 704.889
51.72 1270.99 707.523
51.73 1267.07 710.139
51.74 1263.13 712.736
51.75 1259.17 715.315
51.76 1255.19 717.874
51.77 1251.19 720.414
51.78 1247.18 722.934
51.79 1243.14 725.434
51.8 1239.08 727.913
51.81 1235.01 730.37
51.82 1230.92 732.806
51.83 1226.82 735.22
51.84 1222.7 737.612
51.85 1218.56 739.981
51.86 1214.41 742.326
51.87 1210.25 744.648
51.88 1206.07 746.947
51.89 1201.88 749.221
51.9 1197.68 751.47
51.91 1193.46 753.694
51.92 1189.24 755.894
51.93 1185 758.067
51.94 1180.75 760.214
51.95 1176.49 762.335
51.96 1172.22 764.43
51.97 1167.95 766.497
51.98 1163.66 768.537
51.99 1159.37 770.55
52 1155.07 772.534
52.01 1150.76 774.491
52.02 1146.45 776.419
52.03 1142.13 778.318
52.04 1137.81 780.188
52.05 1133.48 782.028
52.06 1129.15 783.839
52.07 1124.81 785.621
52.08 1120.48 787.372
52.09 1116.13 789.092
52.1 1111.79 790.783
52.11 1107.44 792.442
52.12 1103.1 794.07
52.13 1098.75 795.667
52.14 1094.4 797.233
52.15 1090.06 798.767
52.16 1085.71 800.269
52.17 1081.37 801.739
52.18 1077.02 803.177
52.19 1072.68 804.583
52.2 1068.34 805.956
52.21 1064.01 807.296
52.22 1059.67 808.604
52.23 1055.35 809.879
52.24 1051.02 811.12
52.25 1046.71 812.329
52.26 1042.39 813.504
52.27 1038.08 814.645
52.28 1033.78 815.753
52.29 1029.49 816.828
52.3 1025.2 817.869
52.31 1020.92 818.876
52.32 1016.65 819.849
52.33 1012.38 820.789
52.34 1008.13 821.694
52.35 1003.88 822.565
52.36 999.645 823.403
52.37 995.417 824.206
52.38 991.2 824.976
52.39 986.993 825.711
52.4 982.796 826.412
52.41 978.611 827.08
52.42 974.438 827.713
52.43 970.276 828.312
52.44 966.126 828.877
52.45 961.989 829.408
52.46 957.864 829.905
52.47 953.753 830.369
52.48 949.655 830.798
52.49 945.571 831.194
52.5 941.501 831.556
52.51 937.445 831.884
52.52 933.404 832.179
52.53 929.377 832.44
52.54 925.366 832.668
52.55 921.37 832.862
52.56 917.389 833.024
52.57 913.425 833.152
52.58 909.476 833.248
52.59 905.544 833.31
52.6 901.629 833.34
52.61 897.73 833.337
52.62 893.848 833.302
52.63 889.984 833.235
52.64 886.137 833.135
52.65 882.308 833.004
52.66 878.496 832.841
52.67 874.703 832.646
52.68 870.928 832.419
52.69 867.171 832.162
52.7 863.432 831.873
52.71 859.713 831.553
52.72 856.012 831.203
52.73 852.331 830.822
52.74 848.668 830.411
52.75 845.025 829.97
52.76 841.402 829.499
52.77 837.798 828.998
52.78 834.213 828.467
52.79 830.649 827.908
52.8 827.105 827.319
52.81 823.58 826.702
52.82 820.076 826.056
52.83 816.592 825.381
52.84 813.129 824.679
52.85 809.686 823.949
52.86 806.264 823.191
52.87 802.862 822.405
52.88 799.481 821.593
52.89 796.121 820.754
52.9 792.782 819.888
52.91 789.463 818.996
52.92 786.166 818.077
52.93 782.89 817.133
52.94 779.635 816.164
52.95 776.401 815.169
52.96 773.188 814.149
52.97 769.996 813.104
52.98 766.826 812.035
52.99 763.677 810.941
53 760.55 809.824
53.01 757.443 808.683
53.02 754.359 807.518
53.03 751.295 806.331
53.04 748.253 805.12
53.05 745.232 803.887
53.06 742.233 802.632
53.07 739.256 801.355
53.08 736.299 800.056
53.09 733.364 798.735
53.1 730.451 797.394
53.11 727.559 796.032
53.12 724.688 794.649
53.13 721.839 793.245
53.14 719.011 791.822
53.15 716.204 790.379
53.16 713.419 788.917
53.17 710.655 787.435
53.18 707.912 785.935
53.19 705.191 784.416
53.2 702.491 782.879
53.21 699.812 781.324
53.22 697.154 779.751
53.23 694.517 778.16
53.24 691.901 776.553
53.25 689.306 774.929
53.26 686.732 773.288
53.27 684.179 771.63
53.28 681.647 769.957
53.29 679.135 768.268
53.3 676.645 766.563
53.31 674.175 764.844
53.32 671.725 763.109
53.33 669.296 761.36
53.34 666.888 759.596
53.35 664.5 757.818
53.36 662.133 756.027
53.37 659.785 754.222
53.38 657.458 752.404
53.39 655.152 750.572
53.4 652.865 748.728
53.41 650.598 746.872
53.42 648.351 745.003
53.43 646.124 743.122
53.44 643.917 741.23
53.45 641.73 739.326
53.46 639.562 737.411
53.47 637.414 735.485
53.48 635.285 733.548
53.49 633.176 731.601
53.5 631.086 729.644
53.51 629.015 727.677
53.52 626.964 725.701
53.53 624.931 723.714
53.54 622.918 721.719
53.55 620.923 719.715
53.56 618.947 717.702
53.57 616.99 715.681
53.58 615.052 713.651
53.59 613.132 711.614
53.6 611.231 709.569
53.61 609.348 707.516
53.62 607.483 705.456
53.63 605.636 703.389
53.64 603.808 701.315
53.65 601.998 699.234
53.66 600.205 697.148
53.67 598.431 695.054
53.68 596.674 692.955
53.69 594.935 690.851
53.7 593.213 688.74
53.71 591.509 686.625
53.72 589.822 684.504
53.73 588.153 682.379
53.74 586.5 680.248
53.75 584.865 678.113
53.76 583.247 675.974
53.77 581.646 673.831
53.78 580.062 671.684
53.79 578.494 669.533
53.8 576.943 667.379
53.81 575.409 665.221
53.82 573.891 663.061
53.83 572.39 660.897
53.84 570.904 658.73
53.85 569.435 656.561
53.86 567.982 654.39
53.87 566.545 652.216
53.88 565.125 650.04
53.89 563.719 647.862
53.9 562.33 645.683
53.91 560.956 643.502
53.92 559.598 641.319
53.93 558.255 639.136
53.94 556.928 636.951
53.95 555.616 634.765
53.96 554.319 632.579
53.97 553.038 630.392
53.98 551.771 628.205
53.99 550.519 626.017
54 549.282 623.829
54.01 548.06 621.641
54.02 546.853 619.453
54.03 545.66 617.266
54.04 544.482 615.079
54.05 543.318 612.893
54.06 542.168 610.707
54.07 541.033 608.522
54.08 539.912 606.338
54.09 538.805 604.155
54.1 537.712 601.974
54.11 536.633 599.794
54.12 535.568 597.615
54.13 534.516 595.438
54.14 533.478 593.263
54.15 532.454 591.089
54.16 531.443 588.918
54.17 530.446 586.748
54.18 529.462 584.581
54.19 528.491 582.416
54.2 527.534 580.254
54.21 526.59 578.094
54.22 525.658 575.936
54.23 524.74 573.782
54.24 523.835 571.63
54.25 522.942 569.481
54.26 522.062 567.335
54.27 521.195 565.193
54.28 520.34 563.053
54.29 519.498 560.917
54.3 518.668 558.785
54.31 517.851 556.656
54.32 517.045 554.53
54.33 516.253 552.409
54.34 515.472 550.291
54.35 514.703 548.177
54.36 513.946 546.067
54.37 513.202 543.96
54.38 512.469 541.858
54.39 511.748 539.761
54.4 511.038 537.667
54.41 510.341 535.578
54.42 509.655 533.493
54.43 508.98 531.413
54.44 508.317 529.338
54.45 507.665 527.267
54.46 507.025 525.2
54.47 506.395 523.139
54.48 505.777 521.082
54.49 505.171 519.03
54.5 504.575 516.984
54.51 503.99 514.942
54.52 503.416 512.905
54.53 502.853 510.874
54.54 502.301 508.847
54.55 501.76 506.826
54.56 501.229 504.811
54.57 500.709 502.8
54.58 500.2 500.795
54.59 499.701 498.796
54.6 499.212 496.802
54.61 498.734 494.814
54.62 498.266 492.831
54.63 497.809 490.854
54.64 497.362 488.883
54.65 496.925 486.917
54.66 496.498 484.957
54.67 496.081 483.003
54.68 495.674 481.056
54.69 495.278 479.113
54.7 494.891 477.177
54.71 494.514 475.247
54.72 494.147 473.323
54.73 493.789 471.405
54.74 493.441 469.493
54.75 493.103 467.588
54.76 492.775 465.688
54.77 492.456 463.795
54.78 492.146 461.908
54.79 491.846 460.027
54.8 491.556 458.153
54.81 491.275 456.285
54.82 491.003 454.423
54.83 490.74 452.567
54.84 490.487 450.718
54.85 490.243 448.876
54.86 490.008 447.04
54.87 489.782 445.21
54.88 489.565 443.387
54.89 489.357 441.571
54.9 489.158 439.761
54.91 488.968 437.957
54.92 488.787 436.16
54.93 488.614 434.37
54.94 488.451 432.587
54.95 488.296 430.81
54.96 488.15 429.039
54.97 488.013 427.276
54.98 487.884 425.519
54.99 487.763 423.768
55 487.652 422.025
55.01 487.549 420.288
55.02 487.454 418.558
55.03 487.368 416.834
55.04 487.29 415.118
55.05 487.22 413.408
55.06 487.159 411.705
55.07 487.106 410.009
55.08 487.062 408.319
55.09 487.025 406.636
55.1 486.997 404.96
55.11 486.977 403.291
55.12 486.965 401.629
55.13 486.961 399.974
55.14 486.965 398.325
55.15 486.977 396.683
55.16 486.998 395.048
55.17 487.026 393.42
55.18 487.062 391.799
55.19 487.105 390.184
55.2 487.157 388.577
55.21 487.217 386.976
55.22 487.284 385.382
55.23 487.359 383.795
55.24 487.442 382.215
55.25 487.533 380.641
55.26 487.631 379.074
55.27 487.737 377.515
55.28 487.85 375.962
55.29 487.971 374.416
55.3 488.1 372.876
55.31 488.236 371.344
55.32 488.38 369.818
55.33 488.531 368.299
55.34 488.689 366.787
55.35 488.855 365.282
55.36 489.029 363.784
55.37 489.21 362.292
55.38 489.398 360.807
55.39 489.593 359.329
55.4 489.796 357.858
55.41 490.006 356.393
55.42 490.223 354.935
55.43 490.448 353.484
55.44 490.68 352.04
55.45 490.918 350.602
55.46 491.165 349.171
55.47 491.418 347.747
55.48 491.678 346.33
55.49 491.946 344.919
55.5 492.22 343.515
55.51 492.502 342.117
55.52 492.79 340.727
55.53 493.086 339.342
55.54 493.388 337.965
55.55 493.698 336.594
55.56 494.014 335.23
55.57 494.338 333.872
55.58 494.668 332.521
55.59 495.005 331.176
55.6 495.35 329.838
55.61 495.701 328.507
55.62 496.058 327.182
55.63 496.423 325.864
55.64 496.794 324.552
55.65 497.173 323.247
55.66 497.558 321.948
55.67 497.949 320.655
55.68 498.348 319.369
55.69 498.753 318.09
55.7 499.165 316.817
55.71 499.583 315.55
55.72 500.009 314.29
55.73 500.441 313.036
55.74 500.879 311.788
55.75 501.324 310.547
55.76 501.776 309.312
55.77 502.234 308.083
55.78 502.699 306.861
55.79 503.171 305.645
55.8 503.649 304.435
55.81 504.133 303.232
55.82 504.624 302.034
55.83 505.122 300.843
55.84 505.626 299.658
55.85 506.137 298.48
55.86 506.654 297.307
55.87 507.177 296.141
55.88 507.707 294.981
55.89 508.244 293.827
55.9 508.787 292.678
55.91 509.336 291.537
55.92 509.891 290.401
55.93 510.453 289.271
55.94 511.022 288.147
55.95 511.597 287.029
55.96 512.178 285.917
55.97 512.765 284.811
55.98 513.359 283.711
55.99 513.959 282.617
56 514.566 281.529
56.01 515.178 280.447
56.02 515.797 279.371
56.03 516.423 278.301
56.04 517.054 277.236
56.05 517.692 276.177
56.06 518.336 275.124
56.07 518.987 274.077
56.08 519.643 273.036
56.09 520.306 272
56.1 520.975 270.97
56.11 521.651 269.946
56.12 522.332 268.928
56.13 523.02 267.915
56.14 523.714 266.908
56.15 524.414 265.906
56.16 525.12 264.91
56.17 525.833 263.92
56.18 526.552 262.935
56.19 527.276 261.956
56.2 528.007 260.982
56.21 528.744 260.014
56.22 529.488 259.052
56.23 530.237 258.095
56.24 530.992 257.143
56.25 531.754 256.197
56.26 532.522 255.256
56.27 533.296 254.321
56.28 534.076 253.391
56.29 534.862 252.466
56.3 535.654 251.547
56.31 536.452 250.633
56.32 537.256 249.725
56.33 538.067 248.822
56.34 538.883 247.924
56.35 539.706 247.031
56.36 540.534 246.144
56.37 541.369 245.261
56.38 542.21 244.384
56.39 543.057 243.513
56.4 543.909 242.646
56.41 544.768 241.785
56.42 545.633 240.928
56.43 546.504 240.077
56.44 547.381 239.231
56.45 548.264 238.39
56.46 549.153 237.554
56.47 550.048 236.723
56.48 550.95 235.897
56.49 551.857 235.076
56.5 552.77 234.26
56.51 553.689 233.449
56.52 554.614 232.643
56.53 555.545 231.842
56.54 556.483 231.046
56.55 557.426 230.255
56.56 558.375 229.469
56.57 559.33 228.687
56.58 560.291 227.91
56.59 561.259 227.139
56.6 562.232 226.372
56.61 563.211 225.609
56.62 564.196 224.852
56.63 565.187 224.099
56.64 566.184 223.351
56.65 567.188 222.608
56.66 568.197 221.87
56.67 569.212 221.136
56.68 570.233 220.407
56.69 571.26 219.682
56.7 572.293 218.962
56.71 573.332 218.247
56.72 574.377 217.536
56.73 575.428 216.83
56.74 576.485 216.129
56.75 577.548 215.432
56.76 578.617 214.739
56.77 579.692 214.052
56.78 580.773 213.368
56.79 581.86 212.689
56.8 582.953 212.015
56.81 584.052 211.345
56.82 585.157 210.679
56.83 586.267 210.018
56.84 587.384 209.362
56.85 588.507 208.709
56.86 589.636 208.061
56.87 590.77 207.418
56.88 591.911 206.779
56.89 593.058 206.144
56.9 594.21 205.513
56.91 595.369 204.887
56.92 596.534 204.265
56.93 597.704 203.647
56.94 598.881 203.034
56.95 600.064 202.424
56.96 601.252 201.819
56.97 602.447 201.218
56.98 603.647 200.622
56.99 604.854 200.029
57 606.066 199.441
57.01 607.285 198.857
57.02 608.509 198.277
57.03 609.74 197.701
57.04 610.976 197.129
57.05 612.219 196.561
57.06 613.467 195.998
57.07 614.722 195.438
57.08 615.982 194.883
57.09 617.249 194.331
57.1 618.521 193.784
57.11 619.8 193.24
57.12 621.084 192.701
57.13 622.375 192.165
57.14 623.671 191.634
57.15 624.974 191.106
57.16 626.282 190.583
57.17 627.597 190.063
57.18 628.917 189.547
57.19 630.244 189.035
57.2 631.577 188.527
57.21 632.915 188.023
57.22 634.26 187.523
57.23 635.611 187.027
57.24 636.967 186.534
57.25 638.33 186.045
57.26 639.699 185.56
57.27 641.074 185.079
57.28 642.454 184.602
57.29 643.841 184.128
57.3 645.234 183.659
57.31 646.633 183.193
57.32 648.038 182.73
57.33 649.449 182.272
57.34 650.866 181.817
57.35 652.289 181.366
57.36 653.718 180.918
57.37 655.153 180.475
57.38 656.595 180.035
57.39 658.042 179.598
57.4 659.495 179.165
57.41 660.955 178.736
57.42 662.42 178.311
57.43 663.892 177.889
57.44 665.369 177.471
57.45 666.853 177.056
57.46 668.343 176.645
57.47 669.839 176.238
57.48 671.341 175.834
57.49 672.849 175.434
57.5 674.363 175.037
57.51 675.883 174.644
57.52 677.409 174.254
57.53 678.941 173.868
57.54 680.479 173.486
57.55 682.024 173.106
57.56 683.574 172.731
57.57 685.131 172.359
57.58 686.694 171.99
57.59 688.262 171.625
57.6 689.837 171.263
57.61 691.418 170.905
57.62 693.005 170.55
57.63 694.598 170.199
57.64 696.198 169.851
57.65 697.803 169.507
57.66 699.414 169.166
57.67 701.032 168.828
57.68 702.656 168.494
57.69 704.285 168.163
57.7 705.921 167.836
57.71 707.563 167.512
57.72 709.211 167.191
57.73 710.865 166.874
57.74 712.526 166.56
57.75 714.192 166.249
57.76 715.865 165.942
57.77 717.543 165.638
57.78 719.228 165.337
57.79 720.919 165.04
57.8 722.616 164.746
57.81 724.319 164.456
57.82 726.028 164.169
57.83 727.743 163.885
57.84 729.464 163.604
57.85 731.192 163.327
57.86 732.925 163.052
57.87 734.665 162.782
57.88 736.411 162.514
57.89 738.163 162.25
57.9 739.921 161.989
57.91 741.685 161.731
57.92 743.455 161.477
57.93 745.232 161.226
57.94 747.014 160.978
57.95 748.803 160.733
57.96 750.597 160.492
57.97 752.398 160.254
57.98 754.205 160.019
57.99 756.018 159.787
58 757.837 159.559
58.01 759.662 159.333
58.02 761.494 159.111
58.03 763.331 158.893
58.04 765.175 158.677
58.05 767.024 158.465
58.06 768.88 158.256
58.07 770.742 158.05
58.08 772.61 157.847
58.09 774.483 157.648
58.1 776.364 157.451
58.11 778.25 157.258
58.12 780.142 157.068
58.13 782.04 156.882
58.14 783.944 156.698
58.15 785.855 156.518
58.16 787.771 156.341
58.17 789.694 156.167
58.18 791.622 155.996
58.19 793.557 155.829
58.2 795.498 155.665
58.21 797.444 155.504
58.22 799.397 155.346
58.23 801.356 155.191
58.24 803.321 155.04
58.25 805.291 154.891
58.26 807.268 154.746
58.27 809.251 154.604
58.28 811.24 154.466
58.29 813.235 154.33
58.3 815.236 154.198
58.31 817.243 154.069
58.32 819.255 153.943
58.33 821.274 153.82
58.34 823.299 153.701
58.35 825.33 153.584
58.36 827.366 153.471
58.37 829.409 153.361
58.38 831.458 153.255
58.39 833.512 153.151
58.4 835.573 153.051
58.41 837.639 152.954
58.42 839.712 152.86
58.43 841.79 152.77
58.44 843.874 152.682
58.45 845.964 152.598
58.46 848.06 152.518
58.47 850.161 152.44
58.48 852.269 152.366
58.49 854.382 152.294
58.5 856.502 152.227
58.51 858.627 152.162
58.52 860.758 152.101
58.53 862.894 152.043
58.54 865.037 151.988
58.55 867.185 151.936
58.56 869.339 151.888
58.57 871.499 151.843
58.58 873.665 151.802
58.59 875.836 151.763
58.6 878.013 151.728
58.61 880.196 151.697
58.62 882.384 151.668
58.63 884.578 151.643
58.64 886.778 151.621
58.65 888.983 151.603
58.66 891.194 151.588
58.67 893.411 151.576
58.68 895.633 151.568
58.69 897.861 151.563
58.7 900.094 151.562
58.71 902.333 151.563
58.72 904.578 151.569
58.73 906.828 151.577
58.74 909.083 151.589
58.75 911.344 151.605
58.76 913.611 151.624
58.77 915.883 151.646
58.78 918.16 151.672
58.79 920.443 151.701
58.8 922.731 151.734
58.81 925.024 151.77
58.82 927.323 151.81
58.83 929.627 151.853
58.84 931.937 151.9
58.85 934.252 151.95
58.86 936.572 152.004
58.87 938.897 152.061
58.88 941.228 152.122
58.89 943.563 152.187
58.9 945.904 152.255
58.91 948.25 152.327
58.92 950.601 152.402
58.93 952.957 152.481
58.94 955.319 152.563
58.95 957.685 152.65
58.96 960.056 152.74
58.97 962.433 152.833
58.98 964.814 152.93
58.99 967.2 153.031
59 969.591 153.136
59.01 971.987 153.244
59.02 974.388 153.357
59.03 976.794 153.473
59.04 979.204 153.592
59.05 981.62 153.716
59.06 984.039 153.843
59.07 986.464 153.975
59.08 988.893 154.11
59.09 991.327 154.249
59.1 993.766 154.391
59.11 996.209 154.538
59.12 998.656 154.689
59.13 1001.11 154.843
59.14 1003.56 155.002
59.15 1006.03 155.164
59.16 1008.49 155.331
59.17 1010.96 155.501
59.18 1013.43 155.676
59.19 1015.91 155.855
59.2 1018.4 156.037
59.21 1020.88 156.224
59.22 1023.37 156.415
59.23 1025.87 156.61
59.24 1028.37 156.809
59.25 1030.87 157.013
59.26 1033.38 157.22
59.27 1035.89 157.432
59.28 1038.4 157.648
59.29 1040.92 157.868
59.3 1043.44 158.093
59.31 1045.97 158.322
59.32 1048.5 158.555
59.33 1051.03 158.793
59.34 1053.57 159.035
59.35 1056.11 159.281
59.36 1058.65 159.532
59.37 1061.2 159.788
59.38 1063.75 160.047
59.39 1066.31 160.312
59.4 1068.86 160.581
59.41 1071.42 160.854
59.42 1073.99 161.132
59.43 1076.55 161.415
59.44 1079.12 161.702
59.45 1081.7 161.994
59.46 1084.27 162.291
59.47 1086.85 162.592
59.48 1089.43 162.898
59.49 1092.02 163.209
59.5 1094.61 163.525
59.51 1097.19 163.846
59.52 1099.79 164.171
59.53 1102.38 164.502
59.54 1104.98 164.837
59.55 1107.58 165.178
59.56 1110.18 165.523
59.57 1112.79 165.873
59.58 1115.39 166.229
59.59 1118 166.59
59.6 1120.61 166.955
59.61 1123.22 167.326
59.62 1125.84 167.702
59.63 1128.45 168.084
59.64 1131.07 168.47
59.65 1133.69 168.862
59.66 1136.31 169.26
59.67 1138.94 169.662
59.68 1141.56 170.07
59.69 1144.18 170.484
59.7 1146.81 170.903
59.71 1149.44 171.327
59.72 1152.07 171.758
59.73 1154.7 172.193
59.74 1157.33 172.635
59.75 1159.96 173.082
59.76 1162.59 173.535
59.77 1165.23 173.993
59.78 1167.86 174.458
59.79 1170.49 174.928
59.8 1173.13 175.404
59.81 1175.76 175.886
59.82 1178.4 176.374
59.83 1181.03 176.868
59.84 1183.67 177.368
59.85 1186.31 177.874
59.86 1188.94 178.387
59.87 1191.57 178.905
59.88 1194.21 179.43
59.89 1196.84 179.961
59.9 1199.48 180.498
59.91 1202.11 181.042
59.92 1204.74 181.592
59.93 1207.37 182.149
59.94 1210 182.712
59.95 1212.63 183.282
59.96 1215.26 183.858
59.97 1217.88 184.441
59.98 1220.51 185.031
59.99 1223.13 185.627
60 1225.75 186.23
60.01 1228.37 186.841
60.02 1230.99 187.458
60.03 1233.6 188.081
60.04 1236.22 188.712
60.05 1238.83 189.35
60.06 1241.44 189.996
60.07 1244.04 190.648
60.08 1246.64 191.307
60.09 1249.24 191.974
60.1 1251.84 192.648
60.11 1254.44 193.33
60.12 1257.03 194.019
60.13 1259.61 194.715
60.14 1262.2 195.419
60.15 1264.78 196.131
60.16 1267.36 196.85
60.17 1269.93 197.577
60.18 1272.5 198.312
60.19 1275.06 199.055
60.2 1277.62 199.805
60.21 1280.18 200.564
60.22 1282.73 201.33
60.23 1285.27 202.105
60.24 1287.81 202.888
60.25 1290.35 203.678
60.26 1292.88 204.478
60.27 1295.41 205.285
60.28 1297.93 206.101
60.29 1300.44 206.925
60.3 1302.95 207.758
60.31 1305.45 208.6
60.32 1307.94 209.45
60.33 1310.43 210.309
60.34 1312.92 211.176
60.35 1315.39 212.053
60.36 1317.86 212.938
60.37 1320.32 213.832
60.38 1322.78 214.736
60.39 1325.22 215.648
60.4 1327.66 216.57
60.41 1330.09 217.5
60.42 1332.52 218.441
60.43 1334.93 219.39
60.44 1337.34 220.349
60.45 1339.74 221.317
60.46 1342.13 222.295
60.47 1344.51 223.283
60.48 1346.88 224.28
60.49 1349.24 225.288
60.5 1351.59 226.305
60.51 1353.94 227.332
60.52 1356.27 228.369
60.53 1358.59 229.416
60.54 1360.9 230.473
60.55 1363.21 231.54
60.56 1365.5 232.618
60.57 1367.78 233.706
60.58 1370.05 234.804
60.59 1372.3 235.913
60.6 1374.55 237.033
60.61 1376.78 238.163
60.62 1379 239.304
60.63 1381.21 240.455
60.64 1383.41 241.618
60.65 1385.6 242.791
60.66 1387.77 243.976
60.67 1389.93 245.172
60.68 1392.07 246.378
60.69 1394.2 247.596
60.7 1396.32 248.826
60.71 1398.43 250.066
60.72 1400.52 251.318
60.73 1402.59 252.582
60.74 1404.65 253.857
60.75 1406.7 255.144
60.76 1408.73 256.443
60.77 1410.74 257.753
60.78 1412.74 259.076
60.79 1414.72 260.41
60.8 1416.69 261.757
60.81 1418.64 263.115
60.82 1420.57 264.486
60.83 1422.49 265.869
60.84 1424.39 267.264
60.85 1426.27 268.672
60.86 1428.13 270.092
60.87 1429.98 271.525
60.88 1431.81 272.97
60.89 1433.62 274.428
60.9 1435.41 275.899
60.91 1437.18 277.383
60.92 1438.93 278.879
60.93 1440.67 280.389
60.94 1442.38 281.911
60.95 1444.07 283.447
60.96 1445.75 284.995
60.97 1447.4 286.557
60.98 1449.03 288.133
60.99 1450.64 289.721
61 1452.23 291.323
61.01 1453.8 292.939
61.02 1455.34 294.568
61.03 1456.87 296.211
61.04 1458.37 297.867
61.05 1459.84 299.537
61.06 1461.3 301.221
61.07 1462.73 302.919
61.08 1464.14 304.63
61.09 1465.52 306.356
61.1 1466.88 308.095
61.11 1468.22 309.849
61.12 1469.53 311.616
61.13 1470.82 313.398
61.14 1472.08 315.194
61.15 1473.31 317.005
61.16 1474.52 318.829
61.17 1475.71 320.668
61.18 1476.87 322.521
61.19 1478 324.389
61.2 1479.1 326.271
61.21 1480.18 328.168
61.22 1481.23 330.079
61.23 1482.25 332.005
61.24 1483.24 333.945
61.25 1484.21 335.901
61.26 1485.14 337.87
61.27 1486.05 339.855
61.28 1486.93 341.854
61.29 1487.78 343.867
61.3 1488.6 345.896
61.31 1489.39 347.939
61.32 1490.15 349.998
61.33 1490.88 352.07
61.34 1491.58 354.158
61.35 1492.25 356.261
61.36 1492.89 358.378
61.37 1493.49 360.51
61.38 1494.07 362.657
61.39 1494.61 364.819
61.4 1495.12 366.996
61.41 1495.6 369.187
61.42 1496.04 371.394
61.43 1496.45 373.615
61.44 1496.83 375.85
61.45 1497.17 378.101
61.46 1497.49 380.366
61.47 1497.76 382.646
61.48 1498.01 384.941
61.49 1498.21 387.25
61.5 1498.39 389.574
61.51 1498.53 391.912
61.52 1498.63 394.265
61.53 1498.7 396.633
61.54 1498.73 399.015
61.55 1498.73 401.411
61.56 1498.69 403.821
61.57 1498.61 406.246
61.58 1498.5 408.685
61.59 1498.35 411.138
61.6 1498.17 413.605
61.61 1497.94 416.086
61.62 1497.68 418.581
61.63 1497.39 421.09
61.64 1497.05 423.612
61.65 1496.68 426.148
61.66 1496.27 428.697
61.67 1495.82 431.26
61.68 1495.34 433.836
61.69 1494.81 436.426
61.7 1494.25 439.028
61.71 1493.64 441.644
61.72 1493 444.272
61.73 1492.32 446.913
61.74 1491.6 449.566
61.75 1490.84 452.232
61.76 1490.04 454.91
61.77 1489.21 457.6
61.78 1488.33 460.302
61.79 1487.41 463.016
61.8 1486.45 465.742
61.81 1485.46 468.479
61.82 1484.42 471.227
61.83 1483.34 473.987
61.84 1482.22 476.757
61.85 1481.07 479.538
61.86 1479.87 482.33
61.87 1478.63 485.132
61.88 1477.35 487.944
61.89 1476.03 490.766
61.9 1474.67 493.598
61.91 1473.27 496.439
61.92 1471.83 499.29
61.93 1470.35 502.149
61.94 1468.83 505.018
61.95 1467.26 507.895
61.96 1465.66 510.78
61.97 1464.02 513.673
61.98 1462.33 516.574
61.99 1460.61 519.483
62 1458.84 522.399
62.01 1457.04 525.321
62.02 1455.19 528.251
62.03 1453.3 531.187
62.04 1451.38 534.129
62.05 1449.41 537.077
62.06 1447.4 540.03
62.07 1445.36 542.989
62.08 1443.27 545.953
62.09 1441.14 548.921
62.1 1438.98 551.894
62.11 1436.77 554.87
62.12 1434.53 557.85
62.13 1432.24 560.834
62.14 1429.92 563.82
62.15 1427.56 566.809
62.16 1425.16 569.8
62.17 1422.72 572.794
62.18 1420.24 575.788
62.19 1417.72 578.785
62.2 1415.17 581.781
62.21 1412.58 584.779
62.22 1409.95 587.776
62.23 1407.28 590.773
62.24 1404.58 593.77
62.25 1401.84 596.765
62.26 1399.07 599.759
62.27 1396.25 602.752
62.28 1393.4 605.742
62.29 1390.52 608.729
62.3 1387.6 611.713
62.31 1384.64 614.694
62.32 1381.65 617.671
62.33 1378.63 620.644
62.34 1375.57 623.612
62.35 1372.48 626.575
62.36 1369.35 629.533
62.37 1366.19 632.485
62.38 1363 635.43
62.39 1359.77 638.369
62.4 1356.52 641.3
62.41 1353.23 644.224
62.42 1349.91 647.139
62.43 1346.55 650.047
62.44 1343.17 652.945
62.45 1339.76 655.834
62.46 1336.32 658.713
62.47 1332.85 661.582
62.48 1329.34 664.44
62.49 1325.81 667.287
62.5 1322.26 670.123
62.51 1318.67 672.946
62.52 1315.06 675.757
62.53 1311.42 678.556
62.54 1307.75 681.341
62.55 1304.06 684.112
62.56 1300.34 686.869
62.57 1296.6 689.611
62.58 1292.83 692.339
62.59 1289.04 695.051
62.6 1285.23 697.747
62.61 1281.39 700.426
62.62 1277.53 703.089
62.63 1273.64 705.735
62.64 1269.74 708.363
62.65 1265.81 710.973
62.66 1261.87 713.565
62.67 1257.9 716.137
62.68 1253.91 718.691
62.69 1249.91 721.224
62.7 1245.88 723.738
62.71 1241.84 726.231
62.72 1237.78 728.703
62.73 1233.7 731.153
62.74 1229.61 733.582
62.75 1225.5 735.989
62.76 1221.38 738.373
62.77 1217.24 740.735
62.78 1213.08 743.073
62.79 1208.91 745.388
62.8 1204.73 747.678
62.81 1200.54 749.944
62.82 1196.33 752.186
62.83 1192.11 754.402
62.84 1187.88 756.593
62.85 1183.64 758.758
62.86 1179.39 760.897
62.87 1175.12 763.01
62.88 1170.85 765.095
62.89 1166.58 767.154
62.9 1162.29 769.185
62.91 1157.99 771.189
62.92 1153.69 773.165
62.93 1149.38 775.112
62.94 1145.07 777.03
62.95 1140.75 778.92
62.96 1136.42 780.781
62.97 1132.09 782.612
62.98 1127.76 784.414
62.99 1123.42 786.185
63 1119.08 787.927
63.01 1114.74 789.638
63.02 1110.4 791.318
63.03 1106.05 792.967
63.04 1101.7 794.586
63.05 1097.36 796.173
63.06 1093.01 797.728
63.07 1088.66 799.252
63.08 1084.32 800.744
63.09 1079.97 802.204
63.1 1075.63 803.631
63.11 1071.29 805.027
63.12 1066.95 806.389
63.13 1062.62 807.719
63.14 1058.29 809.016
63.15 1053.96 810.28
63.16 1049.64 811.511
63.17 1045.32 812.709
63.18 1041.01 813.873
63.19 1036.71 815.004
63.2 1032.41 816.101
63.21 1028.11 817.165
63.22 1023.83 818.195
63.23 1019.55 819.191
63.24 1015.28 820.154
63.25 1011.02 821.082
63.26 1006.77 821.977
63.27 1002.52 822.838
63.28 998.289 823.664
63.29 994.064 824.457
63.3 989.85 825.215
63.31 985.647 825.94
63.32 981.454 826.63
63.33 977.272 827.286
63.34 973.102 827.909
63.35 968.944 828.497
63.36 964.799 829.051
63.37 960.666 829.571
63.38 956.545 830.057
63.39 952.438 830.51
63.4 948.345 830.929
63.41 944.265 831.313
63.42 940.199 831.665
63.43 936.148 831.982
63.44 932.111 832.266
63.45 928.09 832.517
63.46 924.083 832.734
63.47 920.092 832.918
63.48 916.117 833.069
63.49 912.157 833.186
63.5 908.214 833.271
63.51 904.287 833.323
63.52 900.377 833.343
63.53 896.484 833.33
63.54 892.608 833.284
63.55 888.749 833.206
63.56 884.908 833.097
63.57 881.084 832.955
63.58 877.278 832.782
63.59 873.491 832.577
63.6 869.721 832.34
63.61 865.971 832.073
63.62 862.238 831.774
63.63 858.525 831.445
63.64 854.83 831.084
63.65 851.155 830.694
63.66 847.499 830.273
63.67 843.862 829.822
63.68 840.244 829.341
63.69 836.647 828.831
63.7 833.069 828.291
63.71 829.511 827.722
63.72 825.973 827.124
63.73 822.455 826.498
63.74 818.957 825.843
63.75 815.48 825.159
63.76 812.023 824.448
63.77 808.587 823.709
63.78 805.171 822.942
63.79 801.776 822.148
63.8 798.402 821.327
63.81 795.048 820.479
63.82 791.716 819.605
63.83 788.404 818.704
63.84 785.114 817.778
63.85 781.844 816.825
63.86 778.596 815.847
63.87 775.369 814.844
63.88 772.163 813.816
63.89 768.978 812.764
63.9 765.815 811.687
63.91 762.672 810.586
63.92 759.552 809.461
63.93 756.452 808.312
63.94 753.374 807.14
63.95 750.318 805.945
63.96 747.283 804.727
63.97 744.269 803.487
63.98 741.277 802.225
63.99 738.306 800.941
64 735.356 799.635
64.01 732.428 798.308
64.02 729.522 796.959
64.03 726.636 795.591
64.04 723.773 794.201
64.05 720.93 792.791
64.06 718.109 791.362
64.07 715.309 789.913
64.08 712.531 788.444
64.09 709.774 786.957
64.1 707.038 785.45
64.11 704.323 783.925
64.12 701.63 782.382
64.13 698.957 780.822
64.14 696.306 779.243
64.15 693.676 777.647
64.16 691.067 776.034
64.17 688.479 774.404
64.18 685.911 772.758
64.19 683.365 771.096
64.2 680.84 769.417
64.21 678.335 767.723
64.22 675.851 766.014
64.23 673.387 764.289
64.24 670.945 762.55
64.25 668.522 760.796
64.26 666.121 759.028
64.27 663.739 757.246
64.28 661.378 755.45
64.29 659.037 753.641
64.3 656.717 751.818
64.31 654.416 749.983
64.32 652.136 748.134
64.33 649.876 746.274
64.34 647.635 744.401
64.35 645.415 742.517
64.36 643.214 740.621
64.37 641.033 738.713
64.38 638.872 736.795
64.39 636.73 734.865
64.4 634.607 732.925
64.41 632.504 730.975
64.42 630.42 729.015
64.43 628.356 727.045
64.44 626.31 725.065
64.45 624.284 723.076
64.46 622.276 721.078
64.47 620.288 719.071
64.48 618.318 717.055
64.49 616.367 715.031
64.5 614.434 712.999
64.51 612.521 710.959
64.52 610.625 708.912
64.53 608.748 706.856
64.54 606.889 704.794
64.55 605.048 702.725
64.56 603.226 700.649
64.57 601.421 698.566
64.58 599.634 696.477
64.59 597.866 694.382
64.6 596.114 692.281
64.61 594.381 690.175
64.62 592.665 688.063
64.63 590.966 685.946
64.64 589.285 683.823
64.65 587.621 681.696
64.66 585.975 679.565
64.67 584.345 677.428
64.68 582.732 675.288
64.69 581.136 673.143
64.7 579.558 670.995
64.71 577.995 668.843
64.72 576.45 666.688
64.73 574.921 664.529
64.74 573.408 662.367
64.75 571.912 660.203
64.76 570.432 658.035
64.77 568.968 655.865
64.78 567.52 653.693
64.79 566.088 651.519
64.8 564.672 649.342
64.81 563.272 647.164
64.82 561.888 644.984
64.83 560.519 642.802
64.84 559.166 640.62
64.85 557.828 638.436
64.86 556.506 636.251
64.87 555.199 634.065
64.88 553.907 631.878
64.89 552.63 629.691
64.9 551.368 627.503
64.91 550.121 625.316
64.92 548.889 623.128
64.93 547.672 620.94
64.94 546.469 618.752
64.95 545.281 616.565
64.96 544.107 614.378
64.97 542.948 612.192
64.98 541.803 610.007
64.99 540.672 607.822
65 539.556 605.638
65.01 538.453 603.456
65.02 537.365 601.275
65.03 536.29 599.095
65.04 535.229 596.917
65.05 534.182 594.741
65.06 533.149 592.566
65.07 532.129 590.393
65.08 531.122 588.222
65.09 530.129 586.053
65.1 529.15 583.887
65.11 528.183 581.723
65.12 527.23 579.561
65.13 526.29 577.402
65.14 525.363 575.245
65.15 524.448 573.092
65.16 523.547 570.941
65.17 522.658 568.793
65.18 521.783 566.648
65.19 520.919 564.507
65.2 520.069 562.368
65.21 519.23 560.234
65.22 518.405 558.102
65.23 517.591 555.974
65.24 516.79 553.85
65.25 516.001 551.729
65.26 515.224 549.613
65.27 514.459 547.5
65.28 513.706 545.391
65.29 512.966 543.286
65.3 512.236 541.186
65.31 511.519 539.089
65.32 510.813 536.997
65.33 510.119 534.909
65.34 509.437 532.826
65.35 508.766 530.747
65.36 508.107 528.673
65.37 507.459 526.604
65.38 506.822 524.539
65.39 506.196 522.479
65.4 505.582 520.424
65.41 504.978 518.374
65.42 504.386 516.329
65.43 503.805 514.288
65.44 503.235 512.253
65.45 502.675 510.224
65.46 502.126 508.199
65.47 501.588 506.18
65.48 501.061 504.166
65.49 500.545 502.157
65.5 500.038 500.154
65.51 499.543 498.156
65.52 499.058 496.164
65.53 498.583 494.178
65.54 498.119 492.197
65.55 497.665 490.221
65.56 497.221 488.252
65.57 496.787 486.288
65.58 496.363 484.33
65.59 495.95 482.378
65.6 495.546 480.432
65.61 495.153 478.492
65.62 494.769 476.558
65.63 494.395 474.63
65.64 494.031 472.708
65.65 493.677 470.792
65.66 493.332 468.882
65.67 492.997 466.978
65.68 492.672 465.081
65.69 492.356 463.189
65.7 492.049 461.304
65.71 491.752 459.426
65.72 491.465 457.553
65.73 491.187 455.687
65.74 490.918 453.827
65.75 490.658 451.974
65.76 490.408 450.127
65.77 490.166 448.287
65.78 489.934 446.453
65.79 489.711 444.625
65.8 489.497 442.804
65.81 489.292 440.99
65.82 489.096 439.182
65.83 488.909 437.381
65.84 488.731 435.586
65.85 488.561 433.798
65.86 488.4 432.016
65.87 488.248 430.241
65.88 488.105 428.473
65.89 487.97 426.712
65.9 487.844 424.957
65.91 487.727 423.209
65.92 487.618 421.467
65.93 487.517 419.733
65.94 487.425 418.005
65.95 487.342 416.283
65.96 487.267 414.569
65.97 487.2 412.861
65.98 487.141 411.16
65.99 487.091 409.466
66 487.049 407.779
66.01 487.015 406.098
66.02 486.99 404.425
66.03 486.972 402.758
66.04 486.963 401.098
66.05 486.962 399.444
66.06 486.968 397.798
66.07 486.983 396.158
66.08 487.006 394.526
66.09 487.036 392.9
66.1 487.075 391.281
66.11 487.121 389.668
66.12 487.175 388.063
66.13 487.238 386.464
66.14 487.307 384.872
66.15 487.385 383.288
66.16 487.47 381.709
66.17 487.563 380.138
66.18 487.664 378.574
66.19 487.772 377.016
66.2 487.888 375.465
66.21 488.012 373.922
66.22 488.143 372.384
66.23 488.281 370.854
66.24 488.427 369.331
66.25 488.581 367.814
66.26 488.742 366.304
66.27 488.91 364.801
66.28 489.086 363.305
66.29 489.269 361.815
66.3 489.46 360.333
66.31 489.657 358.857
66.32 489.863 357.388
66.33 490.075 355.925
66.34 490.294 354.47
66.35 490.521 353.021
66.36 490.755 351.578
66.37 490.997 350.143
66.38 491.245 348.714
66.39 491.5 347.292
66.4 491.763 345.877
66.41 492.033 344.468
66.42 492.31 343.066
66.43 492.593 341.671
66.44 492.884 340.282
66.45 493.182 338.9
66.46 493.487 337.525
66.47 493.799 336.156
66.48 494.117 334.794
66.49 494.443 333.438
66.5 494.776 332.089
66.51 495.115 330.747
66.52 495.461 329.411
66.53 495.814 328.082
66.54 496.174 326.759
66.55 496.541 325.443
66.56 496.915 324.133
66.57 497.295 322.83
66.58 497.682 321.533
66.59 498.076 320.242
66.6 498.477 318.958
66.61 498.884 317.681
66.62 499.298 316.41
66.63 499.719 315.145
66.64 500.146 313.887
66.65 500.58 312.635
66.66 501.021 311.39
66.67 501.468 310.15
66.68 501.922 308.917
66.69 502.383 307.691
66.7 502.85 306.471
66.71 503.323 305.257
66.72 503.803 304.049
66.73 504.29 302.847
66.74 504.783 301.652
66.75 505.283 300.463
66.76 505.789 299.28
66.77 506.302 298.103
66.78 506.821 296.933
66.79 507.346 295.768
66.8 507.879 294.61
66.81 508.417 293.458
66.82 508.962 292.312
66.83 509.513 291.172
66.84 510.071 290.038
66.85 510.635 288.91
66.86 511.205 287.788
66.87 511.782 286.672
66.88 512.365 285.562
66.89 512.955 284.458
66.9 513.551 283.36
66.91 514.153 282.268
66.92 514.761 281.182
66.93 515.376 280.102
66.94 515.997 279.027
66.95 516.625 277.959
66.96 517.258 276.896
66.97 517.898 275.839
66.98 518.544 274.788
66.99 519.197 273.743
67 519.855 272.703
67.01 520.52 271.669
67.02 521.191 270.641
67.03 521.869 269.619
67.04 522.552 268.602
67.05 523.242 267.591
67.06 523.938 266.586
67.07 524.64 265.586
67.08 525.348 264.592
67.09 526.063 263.604
67.1 526.783 262.621
67.11 527.51 261.643
67.12 528.243 260.671
67.13 528.982 259.705
67.14 529.727 258.744
67.15 530.478 257.789
67.16 531.236 256.839
67.17 531.999 255.895
67.18 532.769 254.956
67.19 533.545 254.022
67.2 534.327 253.094
67.21 535.115 252.171
67.22 535.909 251.254
67.23 536.709 250.342
67.24 537.515 249.435
67.25 538.328 248.533
67.26 539.146 247.637
67.27 539.971 246.746
67.28 540.801 245.86
67.29 541.638 244.98
67.3 542.481 244.104
67.31 543.329 243.234
67.32 544.184 242.369
67.33 545.045 241.51
67.34 545.912 240.655
67.35 546.785 239.805
67.36 547.664 238.961
67.37 548.549 238.121
67.38 549.44 237.287
67.39 550.337 236.458
67.4 551.24 235.633
67.41 552.149 234.814
67.42 553.064 234
67.43 553.985 233.19
67.44 554.912 232.386
67.45 555.845 231.587
67.46 556.784 230.792
67.47 557.729 230.002
67.48 558.68 229.218
67.49 559.638 228.438
67.5 560.601 227.663
67.51 561.57 226.892
67.52 562.545 226.127
67.53 563.526 225.366
67.54 564.513 224.61
67.55 565.506 223.859
67.56 566.505 223.113
67.57 567.51 222.371
67.58 568.521 221.634
67.59 569.539 220.902
67.6 570.562 220.174
67.61 571.591 219.451
67.62 572.626 218.732
67.63 573.667 218.019
67.64 574.713 217.31
67.65 575.766 216.605
67.66 576.825 215.905
67.67 577.89 215.209
67.68 578.961 214.518
67.69 580.038 213.832
67.7 581.121 213.15
67.71 582.21 212.473
67.72 583.304 211.8
67.73 584.405 211.131
67.74 585.512 210.467
67.75 586.625 209.807
67.76 587.743 209.152
67.77 588.868 208.501
67.78 589.999 207.855
67.79 591.135 207.212
67.8 592.278 206.575
67.81 593.427 205.941
67.82 594.581 205.312
67.83 595.742 204.687
67.84 596.908 204.066
67.85 598.081 203.45
67.86 599.259 202.838
67.87 600.444 202.23
67.88 601.634 201.626
67.89 602.831 201.027
67.9 604.033 200.431
67.91 605.242 199.84
67.92 606.456 199.253
67.93 607.677 198.671
67.94 608.903 198.092
67.95 610.135 197.517
67.96 611.374 196.947
67.97 612.618 196.38
67.98 613.869 195.818
67.99 615.125 195.26
68 616.388 194.706
68.01 617.656 194.155
68.02 618.93 193.609
68.03 620.211 193.067
68.04 621.497 192.529
68.05 622.79 191.995
68.06 624.088 191.464
68.07 625.393 190.938
68.08 626.703 190.416
68.09 628.019 189.897
68.1 629.342 189.383
68.11 630.67 188.872
68.12 632.005 188.365
68.13 633.346 187.862
68.14 634.692 187.363
68.15 636.045 186.868
68.16 637.403 186.377
68.17 638.768 185.889
68.18 640.139 185.406
68.19 641.515 184.926
68.2 642.898 184.45
68.21 644.287 183.977
68.22 645.682 183.509
68.23 647.083 183.044
68.24 648.49 182.583
68.25 649.902 182.126
68.26 651.321 181.672
68.27 652.747 181.222
68.28 654.178 180.776
68.29 655.615 180.333
68.3 657.058 179.894
68.31 658.507 179.459
68.32 659.963 179.028
68.33 661.424 178.6
68.34 662.891 178.175
68.35 664.365 177.755
68.36 665.844 177.338
68.37 667.33 176.924
68.38 668.822 176.514
68.39 670.319 176.108
68.4 671.823 175.705
68.41 673.333 175.306
68.42 674.849 174.911
68.43 676.371 174.519
68.44 677.899 174.13
68.45 679.434 173.745
68.46 680.974 173.364
68.47 682.52 172.986
68.48 684.073 172.611
68.49 685.631 172.24
68.5 687.196 171.873
68.51 688.767 171.509
68.52 690.343 171.148
68.53 691.926 170.791
68.54 693.515 170.437
68.55 695.11 170.087
68.56 696.712 169.74
68.57 698.319 169.397
68.58 699.932 169.057
68.59 701.552 168.721
68.6 703.177 168.388
68.61 704.809 168.058
68.62 706.447 167.731
68.63 708.091 167.408
68.64 709.741 167.089
68.65 711.397 166.773
68.66 713.059 166.46
68.67 714.727 166.15
68.68 716.402 165.844
68.69 718.082 165.541
68.7 719.769 165.242
68.71 721.462 164.946
68.72 723.161 164.653
68.73 724.866 164.363
68.74 726.577 164.077
68.75 728.294 163.794
68.76 730.017 163.515
68.77 731.747 163.238
68.78 733.482 162.965
68.79 735.224 162.696
68.8 736.972 162.429
68.81 738.726 162.166
68.82 740.486 161.906
68.83 742.252 161.649
68.84 744.024 161.396
68.85 745.802 161.146
68.86 747.587 160.899
68.87 749.377 160.656
68.88 751.174 160.415
68.89 752.977 160.178
68.9 754.786 159.944
68.91 756.601 159.714
68.92 758.422 159.486
68.93 760.249 159.262
68.94 762.082 159.041
68.95 763.921 158.823
68.96 765.767 158.609
68.97 767.618 158.397
68.98 769.476 158.189
68.99 771.34 157.984
69 773.21 157.783
69.01 775.085 157.584
69.02 776.967 157.389
69.03 778.855 157.197
69.04 780.75 157.008
69.05 782.65 156.823
69.06 784.556 156.64
69.07 786.468 156.461
69.08 788.387 156.285
69.09 790.311 156.112
69.1 792.242 155.942
69.11 794.178 155.776
69.12 796.121 155.613
69.13 798.069 155.453
69.14 800.024 155.296
69.15 801.985 155.142
69.16 803.952 154.992
69.17 805.924 154.844
69.18 807.903 154.7
69.19 809.888 154.56
69.2 811.879 154.422
69.21 813.875 154.287
69.22 815.878 154.156
69.23 817.887 154.028
69.24 819.902 153.903
69.25 821.923 153.781
69.26 823.949 153.663
69.27 825.982 153.548
69.28 828.021 153.436
69.29 830.065 153.327
69.3 832.116 153.221
69.31 834.172 153.119
69.32 836.234 153.02
69.33 838.303 152.924
69.34 840.377 152.831
69.35 842.457 152.741
69.36 844.543 152.655
69.37 846.635 152.572
69.38 848.733 152.492
69.39 850.836 152.416
69.4 852.946 152.342
69.41 855.061 152.272
69.42 857.182 152.206
69.43 859.309 152.142
69.44 861.442 152.082
69.45 863.58 152.025
69.46 865.725 151.971
69.47 867.875 151.921
69.48 870.031 151.873
69.49 872.193 151.83
69.5 874.36 151.789
69.51 876.533 151.752
69.52 878.712 151.718
69.53 880.896 151.687
69.54 883.087 151.66
69.55 885.283 151.636
69.56 887.484 151.615
69.57 889.691 151.598
69.58 891.904 151.584
69.59 894.123 151.573
69.6 896.347 151.566
69.61 898.576 151.562
69.62 900.811 151.562
69.63 903.052 151.565
69.64 905.298 151.571
69.65 907.55 151.581
69.66 909.807 151.594
69.67 912.07 151.611
69.68 914.338 151.631
69.69 916.612 151.654
69.7 918.891 151.681
69.71 921.176 151.711
69.72 923.465 151.745
69.73 925.761 151.783
69.74 928.061 151.823
69.75 930.367 151.868
69.76 932.678 151.916
69.77 934.995 151.967
69.78 937.316 152.022
69.79 939.643 152.081
69.8 941.976 152.143
69.81 944.313 152.208
69.82 946.655 152.277
69.83 949.003 152.35
69.84 951.356 152.427
69.85 953.714 152.507
69.86 956.077 152.591
69.87 958.445 152.678
69.88 960.817 152.769
69.89 963.195 152.864
69.9 965.578 152.962
69.91 967.966 153.065
69.92 970.359 153.17
69.93 972.756 153.28
69.94 975.159 153.393
69.95 977.566 153.511
69.96 979.978 153.632
69.97 982.395 153.756
69.98 984.816 153.885
69.99 987.242 154.017
70 989.673 154.154
70.01 992.108 154.294
70.02 994.548 154.438
70.03 996.993 154.586
70.04 999.442 154.738
70.05 1001.9 154.894
70.06 1004.35 155.054
70.07 1006.82 155.217
70.08 1009.28 155.385
70.09 1011.75 155.557
70.1 1014.23 155.733
70.11 1016.71 155.913
70.12 1019.19 156.097
70.13 1021.68 156.285
70.14 1024.17 156.477
70.15 1026.67 156.673
70.16 1029.17 156.874
70.17 1031.67 157.079
70.18 1034.18 157.288
70.19 1036.69 157.501
70.2 1039.21 157.718
70.21 1041.73 157.94
70.22 1044.25 158.166
70.23 1046.78 158.396
70.24 1049.31 158.631
70.25 1051.84 158.87
70.26 1054.38 159.113
70.27 1056.92 159.361
70.28 1059.47 159.614
70.29 1062.02 159.87
70.3 1064.57 160.132
70.31 1067.12 160.397
70.32 1069.68 160.668
70.33 1072.24 160.943
70.34 1074.81 161.222
70.35 1077.38 161.506
70.36 1079.95 161.795
70.37 1082.52 162.089
70.38 1085.1 162.387
70.39 1087.68 162.69
70.4 1090.26 162.998
70.41 1092.85 163.31
70.42 1095.43 163.627
70.43 1098.03 163.95
70.44 1100.62 164.277
70.45 1103.21 164.609
70.46 1105.81 164.946
70.47 1108.41 165.288
70.48 1111.02 165.635
70.49 1113.62 165.987
70.5 1116.23 166.344
70.51 1118.84 166.706
70.52 1121.45 167.074
70.53 1124.06 167.446
70.54 1126.68 167.824
70.55 1129.29 168.207
70.56 1131.91 168.595
70.57 1134.53 168.989
70.58 1137.15 169.388
70.59 1139.78 169.792
70.6 1142.4 170.202
70.61 1145.03 170.618
70.62 1147.65 171.038
70.63 1150.28 171.465
70.64 1152.91 171.897
70.65 1155.54 172.334
70.66 1158.17 172.777
70.67 1160.8 173.226
70.68 1163.44 173.681
70.69 1166.07 174.141
70.7 1168.7 174.608
70.71 1171.34 175.08
70.72 1173.97 175.558
70.73 1176.61 176.042
70.74 1179.24 176.532
70.75 1181.88 177.028
70.76 1184.51 177.53
70.77 1187.15 178.038
70.78 1189.78 178.552
70.79 1192.42 179.073
70.8 1195.05 179.6
70.81 1197.69 180.133
70.82 1200.32 180.672
70.83 1202.95 181.218
70.84 1205.58 181.77
70.85 1208.21 182.329
70.86 1210.84 182.894
70.87 1213.47 183.466
70.88 1216.1 184.044
70.89 1218.72 184.629
70.9 1221.35 185.221
70.91 1223.97 185.82
70.92 1226.59 186.425
70.93 1229.21 187.038
70.94 1231.83 187.657
70.95 1234.44 188.283
70.96 1237.05 188.916
70.97 1239.66 189.556
70.98 1242.27 190.204
70.99 1244.88 190.858
71 1247.48 191.52
71.01 1250.08 192.189
71.02 1252.67 192.866
71.03 1255.27 193.55
71.04 1257.86 194.241
71.05 1260.44 194.94
71.06 1263.03 195.647
71.07 1265.61 196.361
71.08 1268.18 197.082
71.09 1270.75 197.812
71.1 1273.32 198.549
71.11 1275.88 199.294
71.12 1278.44 200.047
71.13 1280.99 200.808
71.14 1283.54 201.578
71.15 1286.09 202.355
71.16 1288.63 203.14
71.17 1291.16 203.934
71.18 1293.69 204.736
71.19 1296.21 205.546
71.2 1298.73 206.364
71.21 1301.24 207.191
71.22 1303.75 208.027
71.23 1306.25 208.871
71.24 1308.74 209.724
71.25 1311.23 210.586
71.26 1313.71 211.456
71.27 1316.18 212.335
71.28 1318.65 213.224
71.29 1321.11 214.121
71.3 1323.56 215.027
71.31 1326.01 215.942
71.32 1328.44 216.867
71.33 1330.87 217.801
71.34 1333.29 218.744
71.35 1335.7 219.696
71.36 1338.11 220.658
71.37 1340.5 221.63
71.38 1342.89 222.611
71.39 1345.27 223.602
71.4 1347.64 224.602
71.41 1350 225.612
71.42 1352.34 226.633
71.43 1354.68 227.663
71.44 1357.01 228.703
71.45 1359.33 229.753
71.46 1361.64 230.814
71.47 1363.94 231.884
71.48 1366.23 232.965
71.49 1368.5 234.057
71.5 1370.77 235.158
71.51 1373.02 236.271
71.52 1375.27 237.394
71.53 1377.5 238.527
71.54 1379.71 239.672
71.55 1381.92 240.827
71.56 1384.11 241.993
71.57 1386.29 243.17
71.58 1388.46 244.358
71.59 1390.62 245.557
71.6 1392.76 246.767
71.61 1394.88 247.989
71.62 1397 249.222
71.63 1399.1 250.466
71.64 1401.18 251.722
71.65 1403.25 252.99
71.66 1405.31 254.269
71.67 1407.35 255.559
71.68 1409.37 256.862
71.69 1411.38 258.176
71.7 1413.38 259.502
71.71 1415.35 260.841
71.72 1417.32 262.191
71.73 1419.26 263.553
71.74 1421.19 264.928
71.75 1423.1 266.315
71.76 1424.99 267.714
71.77 1426.87 269.126
71.78 1428.73 270.55
71.79 1430.57 271.987
71.8 1432.39 273.436
71.81 1434.19 274.898
71.82 1435.98 276.373
71.83 1437.74 277.861
71.84 1439.49 279.362
71.85 1441.22 280.875
71.86 1442.92 282.402
71.87 1444.61 283.942
71.88 1446.28 285.495
71.89 1447.92 287.061
71.9 1449.55 288.64
71.91 1451.15 290.233
71.92 1452.73 291.84
71.93 1454.29 293.46
71.94 1455.83 295.093
71.95 1457.35 296.74
71.96 1458.84 298.401
71.97 1460.31 300.075
71.98 1461.76 301.763
71.99 1463.18 303.466
72 1464.59 305.182
72.01 1465.96 306.912
72.02 1467.31 308.656
72.03 1468.64 310.414
72.04 1469.95 312.186
72.05 1471.22 313.972
72.06 1472.48 315.773
72.07 1473.7 317.588
72.08 1474.91 319.417
72.09 1476.08 321.261
72.1 1477.23 323.118
72.11 1478.35 324.991
72.12 1479.45 326.878
72.13 1480.52 328.779
72.14 1481.56 330.695
72.15 1482.57 332.625
72.16 1483.55 334.57
72.17 1484.51 336.53
72.18 1485.44 338.505
72.19 1486.34 340.494
72.2 1487.21 342.498
72.21 1488.05 344.516
72.22 1488.86 346.549
72.23 1489.64 348.597
72.24 1490.39 350.66
72.25 1491.11 352.738
72.26 1491.8 354.83
72.27 1492.46 356.938
72.28 1493.09 359.06
72.29 1493.68 361.197
72.3 1494.24 363.349
72.31 1494.78 365.515
72.32 1495.27 367.697
72.33 1495.74 369.893
72.34 1496.18 372.104
72.35 1496.58 374.33
72.36 1496.94 376.57
72.37 1497.28 378.825
72.38 1497.58 381.095
72.39 1497.84 383.38
72.4 1498.08 385.679
72.41 1498.27 387.993
72.42 1498.44 390.322
72.43 1498.56 392.665
72.44 1498.66 395.023
72.45 1498.71 397.395
72.46 1498.73 399.781
72.47 1498.72 402.182
72.48 1498.67 404.597
72.49 1498.58 407.026
72.5 1498.46 409.47
72.51 1498.3 411.927
72.52 1498.1 414.399
72.53 1497.87 416.884
72.54 1497.59 419.383
72.55 1497.28 421.897
72.56 1496.94 424.423
72.57 1496.55 426.964
72.58 1496.13 429.517
72.59 1495.67 432.085
72.6 1495.17 434.665
72.61 1494.63 437.258
72.62 1494.06 439.865
72.63 1493.44 442.485
72.64 1492.79 445.117
72.65 1492.1 447.762
72.66 1491.36 450.419
72.67 1490.59 453.089
72.68 1489.78 455.771
72.69 1488.93 458.465
72.7 1488.04 461.171
72.71 1487.11 463.889
72.72 1486.14 466.618
72.73 1485.13 469.359
72.74 1484.08 472.111
72.75 1482.99 474.874
72.76 1481.86 477.647
72.77 1480.69 480.432
72.78 1479.48 483.227
72.79 1478.22 486.032
72.8 1476.93 488.848
72.81 1475.6 491.673
72.82 1474.23 494.508
72.83 1472.81 497.352
72.84 1471.36 500.205
72.85 1469.86 503.068
72.86 1468.33 505.939
72.87 1466.75 508.818
72.88 1465.14 511.706
72.89 1463.48 514.602
72.9 1461.78 517.506
72.91 1460.05 520.417
72.92 1458.27 523.335
72.93 1456.45 526.26
72.94 1454.59 529.191
72.95 1452.69 532.129
72.96 1450.75 535.073
72.97 1448.77 538.023
72.98 1446.75 540.978
72.99 1444.69 543.938
73 1442.59 546.904
73.01 1440.45 549.873
73.02 1438.27 552.847
73.03 1436.06 555.825
73.04 1433.8 558.806
73.05 1431.5 561.79
73.06 1429.17 564.778
73.07 1426.79 567.768
73.08 1424.38 570.76
73.09 1421.93 573.753
73.1 1419.44 576.749
73.11 1416.91 579.745
73.12 1414.34 582.742
73.13 1411.74 585.739
73.14 1409.1 588.737
73.15 1406.42 591.734
73.16 1403.71 594.73
73.17 1400.96 597.725
73.18 1398.17 600.719
73.19 1395.34 603.71
73.2 1392.48 606.699
73.21 1389.59 609.686
73.22 1386.66 612.669
73.23 1383.69 615.649
73.24 1380.69 618.625
73.25 1377.65 621.596
73.26 1374.58 624.563
73.27 1371.48 627.524
73.28 1368.34 630.48
73.29 1365.17 633.429
73.3 1361.97 636.373
73.31 1358.73 639.309
73.32 1355.46 642.238
73.33 1352.17 645.159
73.34 1348.84 648.072
73.35 1345.47 650.977
73.36 1342.08 653.872
73.37 1338.66 656.758
73.38 1335.21 659.634
73.39 1331.73 662.499
73.4 1328.22 665.354
73.41 1324.68 668.197
73.42 1321.11 671.029
73.43 1317.52 673.849
73.44 1313.89 676.656
73.45 1310.25 679.45
73.46 1306.57 682.23
73.47 1302.87 684.997
73.48 1299.15 687.75
73.49 1295.4 690.487
73.5 1291.62 693.21
73.51 1287.82 695.917
73.52 1284 698.607
73.53 1280.15 701.282
73.54 1276.28 703.939
73.55 1272.39 706.579
73.56 1268.48 709.202
73.57 1264.55 711.806
73.58 1260.6 714.391
73.59 1256.62 716.958
73.6 1252.63 719.505
73.61 1248.62 722.032
73.62 1244.59 724.539
73.63 1240.54 727.025
73.64 1236.48 729.49
73.65 1232.39 731.934
73.66 1228.3 734.356
73.67 1224.18 736.756
73.68 1220.05 739.133
73.69 1215.91 741.487
73.7 1211.75 743.818
73.71 1207.57 746.124
73.72 1203.39 748.407
73.73 1199.19 750.665
73.74 1194.98 752.899
73.75 1190.75 755.107
73.76 1186.52 757.29
73.77 1182.28 759.447
73.78 1178.02 761.577
73.79 1173.76 763.681
73.8 1169.48 765.758
73.81 1165.2 767.808
73.82 1160.91 769.831
73.83 1156.62 771.825
73.84 1152.31 773.792
73.85 1148 775.73
73.86 1143.68 777.639
73.87 1139.36 779.52
73.88 1135.04 781.371
73.89 1130.71 783.193
73.9 1126.37 784.985
73.91 1122.03 786.747
73.92 1117.69 788.478
73.93 1113.35 790.179
73.94 1109 791.85
73.95 1104.66 793.489
73.96 1100.31 795.098
73.97 1095.96 796.675
73.98 1091.62 798.22
73.99 1087.27 799.734
74 1082.92 801.215
74.01 1078.58 802.665
74.02 1074.24 804.082
74.03 1069.9 805.467
74.04 1065.56 806.819
74.05 1061.23 808.138
74.06 1056.9 809.425
74.07 1052.58 810.678
74.08 1048.26 811.899
74.09 1043.94 813.086
74.1 1039.63 814.239
74.11 1035.33 815.359
74.12 1031.03 816.446
74.13 1026.74 817.499
74.14 1022.46 818.518
74.15 1018.18 819.504
74.16 1013.91 820.455
74.17 1009.66 821.373
74.18 1005.41 822.257
74.19 1001.16 823.106
74.2 996.934 823.922
74.21 992.713 824.704
74.22 988.502 825.451
74.23 984.301 826.165
74.24 980.112 826.844
74.25 975.934 827.489
74.26 971.768 828.101
74.27 967.614 828.678
74.28 963.473 829.221
74.29 959.344 829.731
74.3 955.228 830.206
74.31 951.125 830.648
74.32 947.036 831.056
74.33 942.96 831.43
74.34 938.899 831.77
74.35 934.853 832.077
74.36 930.821 832.35
74.37 926.804 832.59
74.38 922.802 832.796
74.39 918.816 832.97
74.4 914.846 833.11
74.41 910.892 833.217
74.42 906.954 833.291
74.43 903.032 833.333
74.44 899.128 833.342
74.45 895.24 833.318
74.46 891.369 833.263
74.47 887.516 833.175
74.48 883.68 833.055
74.49 879.862 832.903
74.5 876.063 832.719
74.51 872.281 832.504
74.52 868.517 832.258
74.53 864.772 831.98
74.54 861.046 831.672
74.55 857.339 831.332
74.56 853.65 830.962
74.57 849.981 830.562
74.58 846.331 830.132
74.59 842.7 829.671
74.6 839.089 829.181
74.61 835.498 828.661
74.62 831.926 828.112
74.63 828.375 827.534
74.64 824.843 826.927
74.65 821.332 826.291
74.66 817.841 825.627
74.67 814.37 824.934
74.68 810.92 824.214
74.69 807.49 823.466
74.7 804.081 822.69
74.71 800.692 821.888
74.72 797.325 821.058
74.73 793.978 820.202
74.74 790.652 819.319
74.75 787.347 818.41
74.76 784.063 817.475
74.77 780.801 816.515
74.78 777.559 815.529
74.79 774.339 814.518
74.8 771.14 813.482
74.81 767.962 812.421
74.82 764.805 811.336
74.83 761.67 810.228
74.84 758.556 809.095
74.85 755.464 807.939
74.86 752.392 806.76
74.87 749.343 805.557
74.88 746.314 804.332
74.89 743.307 803.085
74.9 740.322 801.816
74.91 737.358 800.525
74.92 734.415 799.212
74.93 731.494 797.878
74.94 728.595 796.523
74.95 725.716 795.147
74.96 722.859 793.751
74.97 720.024 792.335
74.98 717.209 790.899
74.99 714.416 789.444
75 711.645 787.969
75.01 708.895 786.476
75.02 706.165 784.964
75.03 703.458 783.433
75.04 700.771 781.884
75.05 698.105 780.317
75.06 695.461 778.733
75.07 692.837 777.132
75.08 690.235 775.514
75.09 687.654 773.879
75.1 685.093 772.227
75.11 682.553 770.559
75.12 680.034 768.876
75.13 677.536 767.177
75.14 675.059 765.463
75.15 672.602 763.733
75.16 670.166 761.989
75.17 667.75 760.231
75.18 665.355 758.458
75.19 662.98 756.672
75.2 660.626 754.871
75.21 658.291 753.058
75.22 655.977 751.231
75.23 653.683 749.392
75.24 651.41 747.539
75.25 649.156 745.675
75.26 646.922 743.799
75.27 644.707 741.91
75.28 642.513 740.011
75.29 640.338 738.1
75.3 638.183 736.177
75.31 636.047 734.245
75.32 633.931 732.301
75.33 631.834 730.348
75.34 629.756 728.384
75.35 627.698 726.411
75.36 625.659 724.428
75.37 623.638 722.436
75.38 621.637 720.435
75.39 619.654 718.426
75.4 617.691 716.407
75.41 615.746 714.381
75.42 613.819 712.346
75.43 611.911 710.304
75.44 610.021 708.254
75.45 608.15 706.196
75.46 606.297 704.132
75.47 604.462 702.06
75.48 602.645 699.982
75.49 600.847 697.897
75.5 599.066 695.807
75.51 597.302 693.71
75.52 595.557 691.607
75.53 593.829 689.499
75.54 592.119 687.385
75.55 590.426 685.266
75.56 588.75 683.142
75.57 587.092 681.014
75.58 585.45 678.88
75.59 583.826 676.743
75.6 582.219 674.601
75.61 580.629 672.455
75.62 579.055 670.306
75.63 577.498 668.153
75.64 575.958 665.996
75.65 574.434 663.837
75.66 572.927 661.674
75.67 571.436 659.508
75.68 569.961 657.34
75.69 568.502 655.169
75.7 567.059 652.996
75.71 565.633 650.821
75.72 564.222 648.644
75.73 562.827 646.465
75.74 561.448 644.285
75.75 560.084 642.103
75.76 558.736 639.92
75.77 557.403 637.735
75.78 556.085 635.55
75.79 554.783 633.364
75.8 553.496 631.177
75.81 552.224 628.99
75.82 550.967 626.802
75.83 549.725 624.614
75.84 548.497 622.427
75.85 547.285 620.239
75.86 546.087 618.051
75.87 544.903 615.864
75.88 543.734 613.677
75.89 542.579 611.491
75.9 541.439 609.306
75.91 540.313 607.122
75.92 539.201 604.939
75.93 538.103 602.757
75.94 537.019 600.576
75.95 535.948 598.397
75.96 534.892 596.219
75.97 533.849 594.043
75.98 532.82 591.869
75.99 531.805 589.697
76 530.803 587.527
76.01 529.814 585.359
76.02 528.838 583.193
76.03 527.876 581.03
76.04 526.927 578.869
76.05 525.991 576.71
76.06 525.068 574.555
76.07 524.158 572.402
76.08 523.261 570.252
76.09 522.376 568.105
76.1 521.505 565.962
76.11 520.645 563.821
76.12 519.799 561.684
76.13 518.964 559.55
76.14 518.143 557.42
76.15 517.333 555.293
76.16 516.536 553.17
76.17 515.751 551.051
76.18 514.978 548.935
76.19 514.217 546.824
76.2 513.468 544.716
76.21 512.731 542.613
76.22 512.005 540.513
76.23 511.292 538.418
76.24 510.59 536.328
76.25 509.899 534.241
76.26 509.221 532.159
76.27 508.554 530.082
76.28 507.898 528.009
76.29 507.253 525.942
76.3 506.62 523.878
76.31 505.998 521.82
76.32 505.387 519.766
76.33 504.787 517.718
76.34 504.199 515.674
76.35 503.621 513.636
76.36 503.054 511.602
76.37 502.498 509.574
76.38 501.953 507.551
76.39 501.418 505.534
76.4 500.894 503.521
76.41 500.381 501.514
76.42 499.879 499.513
76.43 499.386 497.517
76.44 498.905 495.527
76.45 498.433 493.542
76.46 497.972 491.563
76.47 497.521 489.59
76.48 497.081 487.622
76.49 496.65 485.66
76.5 496.23 483.704
76.51 495.819 481.754
76.52 495.419 479.81
76.53 495.029 477.872
76.54 494.648 475.939
76.55 494.277 474.013
76.56 493.916 472.093
76.57 493.565 470.179
76.58 493.223 468.271
76.59 492.892 466.369
76.6 492.569 464.474
76.61 492.256 462.585
76.62 491.953 460.702
76.63 491.659 458.825
76.64 491.375 456.954
76.65 491.099 455.09
76.66 490.833 453.233
76.67 490.577 451.381
76.68 490.329 449.537
76.69 490.091 447.698
76.7 489.862 445.866
76.71 489.642 444.041
76.72 489.43 442.222
76.73 489.228 440.41
76.74 489.035 438.604
76.75 488.851 436.805
76.76 488.675 435.012
76.77 488.509 433.226
76.78 488.351 431.447
76.79 488.201 429.674
76.8 488.061 427.908
76.81 487.929 426.149
76.82 487.806 424.396
76.83 487.691 422.65
76.84 487.585 420.911
76.85 487.487 419.178
76.86 487.398 417.452
76.87 487.317 415.733
76.88 487.244 414.021
76.89 487.18 412.315
76.9 487.124 410.617
76.91 487.077 408.925
76.92 487.037 407.24
76.93 487.006 405.561
76.94 486.983 403.89
76.95 486.968 402.225
76.96 486.962 400.567
76.97 486.963 398.916
76.98 486.972 397.272
76.99 486.989 395.634
77 487.015 394.004
77.01 487.048 392.38
77.02 487.089 390.763
77.03 487.138 389.153
77.04 487.195 387.55
77.05 487.259 385.953
77.06 487.331 384.364
77.07 487.411 382.781
77.08 487.499 381.205
77.09 487.595 379.636
77.1 487.698 378.074
77.11 487.809 376.518
77.12 487.927 374.97
77.13 488.053 373.428
77.14 488.186 371.893
77.15 488.327 370.365
77.16 488.476 368.844
77.17 488.632 367.329
77.18 488.795 365.822
77.19 488.966 364.321
77.2 489.144 362.827
77.21 489.329 361.339
77.22 489.522 359.859
77.23 489.722 358.385
77.24 489.93 356.918
77.25 490.144 355.458
77.26 490.366 354.004
77.27 490.596 352.558
77.28 490.832 351.118
77.29 491.075 349.684
77.3 491.326 348.258
77.31 491.584 346.838
77.32 491.849 345.425
77.33 492.121 344.018
77.34 492.4 342.618
77.35 492.686 341.225
77.36 492.979 339.839
77.37 493.279 338.459
77.38 493.586 337.085
77.39 493.9 335.719
77.4 494.221 334.359
77.41 494.549 333.005
77.42 494.884 331.658
77.43 495.225 330.318
77.44 495.574 328.984
77.45 495.929 327.657
77.46 496.291 326.336
77.47 496.66 325.022
77.48 497.036 323.714
77.49 497.419 322.413
77.5 497.808 321.118
77.51 498.204 319.83
77.52 498.607 318.548
77.53 499.016 317.273
77.54 499.432 316.004
77.55 499.855 314.741
77.56 500.285 313.485
77.57 500.721 312.235
77.58 501.164 310.992
77.59 501.613 309.754
77.6 502.069 308.524
77.61 502.532 307.299
77.62 503.001 306.081
77.63 503.476 304.869
77.64 503.959 303.663
77.65 504.447 302.464
77.66 504.943 301.27
77.67 505.444 300.083
77.68 505.953 298.902
77.69 506.467 297.727
77.7 506.989 296.559
77.71 507.516 295.396
77.72 508.05 294.24
77.73 508.591 293.09
77.74 509.138 291.946
77.75 509.691 290.808
77.76 510.251 289.676
77.77 510.817 288.55
77.78 511.39 287.43
77.79 511.968 286.316
77.8 512.554 285.208
77.81 513.145 284.106
77.82 513.743 283.01
77.83 514.347 281.919
77.84 514.958 280.835
77.85 515.574 279.757
77.86 516.198 278.684
77.87 516.827 277.617
77.88 517.463 276.557
77.89 518.104 275.502
77.9 518.753 274.452
77.91 519.407 273.409
77.92 520.068 272.371
77.93 520.735 271.339
77.94 521.408 270.313
77.95 522.087 269.292
77.96 522.772 268.278
77.97 523.464 267.268
77.98 524.162 266.265
77.99 524.866 265.267
78 525.576 264.275
78.01 526.293 263.288
78.02 527.015 262.307
78.03 527.744 261.331
78.04 528.479 260.361
78.05 529.22 259.397
78.06 529.967 258.438
78.07 530.721 257.484
78.08 531.48 256.536
78.09 532.245 255.593
78.1 533.017 254.656
78.11 533.795 253.724
78.12 534.579 252.798
78.13 535.369 251.877
78.14 536.165 250.961
78.15 536.967 250.05
78.16 537.775 249.145
78.17 538.589 248.245
78.18 539.41 247.351
78.19 540.236 246.462
78.2 541.069 245.578
78.21 541.907 244.699
78.22 542.752 243.825
78.23 543.603 242.957
78.24 544.459 242.093
78.25 545.322 241.235
78.26 546.191 240.382
78.27 547.066 239.534
78.28 547.947 238.691
78.29 548.833 237.853
78.3 549.726 237.021
78.31 550.625 236.193
78.32 551.53 235.37
78.33 552.441 234.553
78.34 553.358 233.74
78.35 554.281 232.932
78.36 555.21 232.129
78.37 556.145 231.331
78.38 557.086 230.538
78.39 558.034 229.75
78.4 558.987 228.967
78.41 559.946 228.189
78.42 560.911 227.415
78.43 561.882 226.646
78.44 562.859 225.882
78.45 563.842 225.123
78.46 564.831 224.369
78.47 565.826 223.619
78.48 566.827 222.874
78.49 567.834 222.134
78.5 568.847 221.399
78.51 569.866 220.668
78.52 570.891 219.942
78.53 571.922 219.22
78.54 572.959 218.503
78.55 574.001 217.791
78.56 575.05 217.083
78.57 576.105 216.38
78.58 577.166 215.681
78.59 578.233 214.987
78.6 579.306 214.298
78.61 580.384 213.613
78.62 581.469 212.932
78.63 582.56 212.256
78.64 583.657 211.585
78.65 584.759 210.918
78.66 585.868 210.255
78.67 586.983 209.597
78.68 588.103 208.943
78.69 589.23 208.293
78.7 590.362 207.648
78.71 591.501 207.008
78.72 592.645 206.371
78.73 593.796 205.739
78.74 594.952 205.111
78.75 596.115 204.488
78.76 597.283 203.868
78.77 598.458 203.253
78.78 599.638 202.642
78.79 600.825 202.036
78.8 602.017 201.434
78.81 603.216 200.835
78.82 604.42 200.242
78.83 605.63 199.652
78.84 606.847 199.066
78.85 608.069 198.485
78.86 609.297 197.907
78.87 610.532 197.334
78.88 611.772 196.765
78.89 613.018 196.2
78.9 614.271 195.639
78.91 615.529 195.082
78.92 616.793 194.529
78.93 618.064 193.98
78.94 619.34 193.435
78.95 620.622 192.894
78.96 621.911 192.357
78.97 623.205 191.824
78.98 624.506 191.295
78.99 625.812 190.77
79 627.124 190.249
79.01 628.443 189.732
79.02 629.767 189.219
79.03 631.098 188.709
79.04 632.434 188.204
79.05 633.776 187.702
79.06 635.125 187.204
79.07 636.48 186.71
79.08 637.84 186.22
79.09 639.207 185.734
79.1 640.579 185.251
79.11 641.958 184.773
79.12 643.343 184.298
79.13 644.733 183.827
79.14 646.13 183.359
79.15 647.533 182.896
79.16 648.942 182.436
79.17 650.357 181.98
79.18 651.778 181.527
79.19 653.205 181.079
79.2 654.638 180.633
79.21 656.077 180.192
79.22 657.522 179.754
79.23 658.973 179.32
79.24 660.43 178.89
79.25 661.894 178.463
79.26 663.363 178.04
79.27 664.838 177.621
79.28 666.32 177.205
79.29 667.807 176.792
79.3 669.301 176.384
79.31 670.801 175.979
79.32 672.307 175.577
79.33 673.818 175.179
79.34 675.336 174.785
79.35 676.86 174.394
79.36 678.39 174.006
79.37 679.927 173.622
79.38 681.469 173.242
79.39 683.017 172.865
79.4 684.572 172.492
79.41 686.132 172.122
79.42 687.699 171.756
79.43 689.271 171.393
79.44 690.85 171.033
79.45 692.435 170.677
79.46 694.026 170.325
79.47 695.623 169.976
79.48 697.226 169.63
79.49 698.835 169.288
79.5 700.451 168.949
79.51 702.072 168.613
79.52 703.7 168.281
79.53 705.333 167.953
79.54 706.973 167.628
79.55 708.619 167.306
79.56 710.271 166.987
79.57 711.929 166.672
79.58 713.593 166.36
79.59 715.263 166.052
79.6 716.94 165.747
79.61 718.622 165.445
79.62 720.311 165.147
79.63 722.006 164.851
79.64 723.707 164.56
79.65 725.414 164.271
79.66 727.127 163.986
79.67 728.846 163.704
79.68 730.571 163.426
79.69 732.302 163.15
79.7 734.04 162.879
79.71 735.784 162.61
79.72 737.533 162.344
79.73 739.289 162.082
79.74 741.051 161.824
79.75 742.819 161.568
79.76 744.593 161.316
79.77 746.374 161.067
79.78 748.16 160.821
79.79 749.953 160.578
79.8 751.751 160.339
79.81 753.556 160.103
79.82 755.367 159.87
79.83 757.184 159.64
79.84 759.007 159.414
79.85 760.836 159.191
79.86 762.671 158.971
79.87 764.512 158.754
79.88 766.36 158.541
79.89 768.213 158.33
79.9 770.073 158.123
79.91 771.938 157.919
79.92 773.81 157.719
79.93 775.688 157.521
79.94 777.572 157.327
79.95 779.462 157.136
79.96 781.358 156.948
79.97 783.26 156.764
79.98 785.168 156.582
79.99 787.083 156.404
80 789.003 156.229
80.01 790.929 156.057
80.02 792.862 155.889
80.03 794.8 155.723
80.04 796.745 155.561
80.05 798.695 155.402
80.06 800.652 155.246
80.07 802.615 155.094
80.08 804.583 154.944
80.09 806.558 154.798
80.1 808.539 154.655
80.11 810.525 154.515
80.12 812.518 154.378
80.13 814.517 154.245
80.14 816.521 154.115
80.15 818.532 153.988
80.16 820.549 153.864
80.17 822.571 153.743
80.18 824.6 153.626
80.19 826.635 153.511
80.2 828.675 153.4
80.21 830.722 153.293
80.22 832.774 153.188
80.23 834.832 153.087
80.24 836.897 152.989
80.25 838.967 152.894
80.26 841.043 152.802
80.27 843.125 152.713
80.28 845.213 152.628
80.29 847.307 152.546
80.3 849.406 152.467
80.31 851.512 152.392
80.32 853.623 152.32
80.33 855.74 152.251
80.34 857.863 152.185
80.35 859.992 152.122
80.36 862.127 152.063
80.37 864.267 152.007
80.38 866.413 151.955
80.39 868.565 151.905
80.4 870.723 151.859
80.41 872.887 151.816
80.42 875.056 151.777
80.43 877.231 151.74
80.44 879.411 151.708
80.45 881.598 151.678
80.46 883.79 151.652
80.47 885.988 151.629
80.48 888.191 151.609
80.49 890.4 151.593
80.5 892.615 151.58
80.51 894.835 151.571
80.52 897.061 151.565
80.53 899.292 151.562
80.54 901.529 151.562
80.55 903.771 151.566
80.56 906.019 151.574
80.57 908.273 151.585
80.58 910.532 151.599
80.59 912.797 151.617
80.6 915.067 151.638
80.61 917.342 151.662
80.62 919.623 151.69
80.63 921.909 151.722
80.64 924.2 151.757
80.65 926.497 151.795
80.66 928.8 151.837
80.67 931.107 151.883
80.68 933.42 151.932
80.69 935.738 151.984
80.7 938.062 152.04
80.71 940.39 152.1
80.72 942.724 152.163
80.73 945.063 152.23
80.74 947.407 152.3
80.75 949.757 152.374
80.76 952.111 152.452
80.77 954.47 152.533
80.78 956.835 152.618
80.79 959.205 152.707
80.8 961.579 152.799
80.81 963.959 152.895
80.82 966.343 152.995
80.83 968.732 153.098
80.84 971.127 153.205
80.85 973.526 153.316
80.86 975.93 153.431
80.87 978.338 153.549
80.88 980.752 153.671
80.89 983.17 153.797
80.9 985.593 153.927
80.91 988.021 154.061
80.92 990.453 154.198
80.93 992.89 154.34
80.94 995.331 154.485
80.95 997.777 154.634
80.96 1000.23 154.787
80.97 1002.68 154.944
80.98 1005.14 155.106
80.99 1007.61 155.271
81 1010.07 155.44
81.01 1012.55 155.613
81.02 1015.02 155.79
81.03 1017.5 155.971
81.04 1019.99 156.157
81.05 1022.48 156.346
81.06 1024.97 156.54
81.07 1027.47 156.737
81.08 1029.97 156.939
81.09 1032.48 157.145
81.1 1034.99 157.356
81.11 1037.5 157.57
81.12 1040.02 157.789
81.13 1042.54 158.012
81.14 1045.06 158.239
81.15 1047.59 158.471
81.16 1050.12 158.707
81.17 1052.66 158.948
81.18 1055.2 159.192
81.19 1057.74 159.442
81.2 1060.29 159.695
81.21 1062.83 159.954
81.22 1065.39 160.216
81.23 1067.94 160.484
81.24 1070.5 160.755
81.25 1073.07 161.032
81.26 1075.63 161.313
81.27 1078.2 161.598
81.28 1080.77 161.889
81.29 1083.35 162.184
81.3 1085.93 162.483
81.31 1088.51 162.788
81.32 1091.09 163.097
81.33 1093.68 163.411
81.34 1096.27 163.73
81.35 1098.86 164.054
81.36 1101.45 164.383
81.37 1104.05 164.716
81.38 1106.65 165.055
81.39 1109.25 165.398
81.4 1111.85 165.747
81.41 1114.46 166.101
81.42 1117.06 166.459
81.43 1119.67 166.823
81.44 1122.29 167.192
81.45 1124.9 167.567
81.46 1127.51 167.946
81.47 1130.13 168.331
81.48 1132.75 168.721
81.49 1135.37 169.116
81.5 1137.99 169.517
81.51 1140.62 169.923
81.52 1143.24 170.335
81.53 1145.87 170.752
81.54 1148.5 171.174
81.55 1151.12 171.603
81.56 1153.75 172.036
81.57 1156.38 172.476
81.58 1159.02 172.921
81.59 1161.65 173.371
81.6 1164.28 173.828
81.61 1166.91 174.29
81.62 1169.55 174.758
81.63 1172.18 175.232
81.64 1174.82 175.712
81.65 1177.45 176.198
81.66 1180.09 176.69
81.67 1182.72 177.188
81.68 1185.36 177.692
81.69 1187.99 178.202
81.7 1190.63 178.718
81.71 1193.26 179.241
81.72 1195.9 179.77
81.73 1198.53 180.305
81.74 1201.16 180.846
81.75 1203.8 181.394
81.76 1206.43 181.948
81.77 1209.06 182.509
81.78 1211.69 183.077
81.79 1214.31 183.651
81.8 1216.94 184.231
81.81 1219.57 184.818
81.82 1222.19 185.412
81.83 1224.81 186.013
81.84 1227.43 186.621
81.85 1230.05 187.235
81.86 1232.66 187.857
81.87 1235.28 188.485
81.88 1237.89 189.121
81.89 1240.5 189.763
81.9 1243.11 190.413
81.91 1245.71 191.07
81.92 1248.31 191.734
81.93 1250.91 192.406
81.94 1253.51 193.084
81.95 1256.1 193.771
81.96 1258.69 194.464
81.97 1261.27 195.166
81.98 1263.85 195.875
81.99 1266.43 196.591
82 1269 197.315
82.01 1271.57 198.047
82.02 1274.14 198.787
82.03 1276.7 199.535
82.04 1279.26 200.29
82.05 1281.81 201.054
82.06 1284.36 201.826
82.07 1286.9 202.606
82.08 1289.44 203.394
82.09 1291.97 204.19
82.1 1294.5 204.994
82.11 1297.02 205.807
82.12 1299.54 206.629
82.13 1302.05 207.458
82.14 1304.55 208.297
82.15 1307.05 209.144
82.16 1309.54 209.999
82.17 1312.02 210.864
82.18 1314.5 211.737
82.19 1316.97 212.619
82.2 1319.44 213.51
82.21 1321.9 214.41
82.22 1324.35 215.319
82.23 1326.79 216.238
82.24 1329.22 217.165
82.25 1331.65 218.102
82.26 1334.07 219.048
82.27 1336.48 220.004
82.28 1338.88 220.969
82.29 1341.27 221.943
82.3 1343.65 222.927
82.31 1346.03 223.921
82.32 1348.39 224.925
82.33 1350.75 225.938
82.34 1353.1 226.962
82.35 1355.43 227.995
82.36 1357.76 229.039
82.37 1360.07 230.092
82.38 1362.38 231.156
82.39 1364.67 232.23
82.4 1366.96 233.314
82.41 1369.23 234.409
82.42 1371.49 235.514
82.43 1373.74 236.63
82.44 1375.98 237.756
82.45 1378.21 238.893
82.46 1380.42 240.041
82.47 1382.62 241.199
82.48 1384.81 242.369
82.49 1386.99 243.549
82.5 1389.15 244.741
82.51 1391.3 245.944
82.52 1393.44 247.158
82.53 1395.56 248.383
82.54 1397.67 249.62
82.55 1399.77 250.868
82.56 1401.85 252.127
82.57 1403.91 253.398
82.58 1405.96 254.681
82.59 1408 255.975
82.6 1410.02 257.282
82.61 1412.02 258.6
82.62 1414.01 259.93
82.63 1415.98 261.272
82.64 1417.94 262.626
82.65 1419.88 263.992
82.66 1421.8 265.371
82.67 1423.71 266.762
82.68 1425.6 268.165
82.69 1427.47 269.581
82.7 1429.32 271.009
82.71 1431.15 272.45
82.72 1432.97 273.903
82.73 1434.77 275.37
82.74 1436.55 276.849
82.75 1438.31 278.34
82.76 1440.05 279.845
82.77 1441.77 281.363
82.78 1443.47 282.894
82.79 1445.15 284.438
82.8 1446.81 285.995
82.81 1448.45 287.566
82.82 1450.06 289.15
82.83 1451.66 290.747
82.84 1453.24 292.357
82.85 1454.79 293.982
82.86 1456.32 295.619
82.87 1457.83 297.271
82.88 1459.32 298.936
82.89 1460.78 300.615
82.9 1462.22 302.308
82.91 1463.64 304.014
82.92 1465.03 305.735
82.93 1466.4 307.469
82.94 1467.74 309.218
82.95 1469.06 310.98
82.96 1470.36 312.757
82.97 1471.63 314.548
82.98 1472.87 316.353
82.99 1474.09 318.173
83 1475.29 320.006
83.01 1476.45 321.854
83.02 1477.59 323.717
83.03 1478.71 325.594
83.04 1479.79 327.486
83.05 1480.85 329.392
83.06 1481.88 331.312
83.07 1482.89 333.247
83.08 1483.86 335.197
83.09 1484.81 337.161
83.1 1485.73 339.141
83.11 1486.62 341.134
83.12 1487.48 343.143
83.13 1488.31 345.166
83.14 1489.11 347.204
83.15 1489.88 349.257
83.16 1490.62 351.325
83.17 1491.33 353.407
83.18 1492.01 355.504
83.19 1492.66 357.616
83.2 1493.28 359.743
83.21 1493.86 361.885
83.22 1494.42 364.041
83.23 1494.94 366.213
83.24 1495.43 368.399
83.25 1495.88 370.6
83.26 1496.31 372.816
83.27 1496.7 375.046
83.28 1497.05 377.291
83.29 1497.38 379.551
83.3 1497.67 381.826
83.31 1497.92 384.115
83.32 1498.14 386.419
83.33 1498.33 388.738
83.34 1498.48 391.071
83.35 1498.6 393.419
83.36 1498.68 395.781
83.37 1498.72 398.158
83.38 1498.73 400.549
83.39 1498.71 402.954
83.4 1498.64 405.374
83.41 1498.54 407.808
83.42 1498.41 410.256
83.43 1498.24 412.718
83.44 1498.03 415.194
83.45 1497.78 417.684
83.46 1497.5 420.187
83.47 1497.18 422.705
83.48 1496.82 425.236
83.49 1496.42 427.781
83.5 1495.99 430.339
83.51 1495.51 432.91
83.52 1495 435.495
83.53 1494.45 438.093
83.54 1493.86 440.703
83.55 1493.24 443.327
83.56 1492.57 445.963
83.57 1491.86 448.612
83.58 1491.12 451.273
83.59 1490.34 453.947
83.6 1489.51 456.633
83.61 1488.65 459.331
83.62 1487.75 462.041
83.63 1486.8 464.762
83.64 1485.82 467.495
83.65 1484.8 470.239
83.66 1483.73 472.995
83.67 1482.63 475.761
83.68 1481.49 478.539
83.69 1480.3 481.327
83.7 1479.08 484.125
83.71 1477.81 486.933
83.72 1476.51 489.752
83.73 1475.16 492.58
83.74 1473.78 495.418
83.75 1472.35 498.265
83.76 1470.88 501.122
83.77 1469.38 503.987
83.78 1467.83 506.861
83.79 1466.24 509.743
83.8 1464.61 512.634
83.81 1462.94 515.532
83.82 1461.23 518.438
83.83 1459.48 521.351
83.84 1457.69 524.271
83.85 1455.86 527.199
83.86 1453.98 530.132
83.87 1452.07 533.072
83.88 1450.12 536.018
83.89 1448.13 538.97
83.9 1446.1 541.926
83.91 1444.02 544.888
83.92 1441.91 547.855
83.93 1439.76 550.826
83.94 1437.57 553.801
83.95 1435.34 556.78
83.96 1433.07 559.762
83.97 1430.76 562.748
83.98 1428.41 565.736
83.99 1426.02 568.726
84 1423.6 571.719
84.01 1421.13 574.713
84.02 1418.63 577.709
84.03 1416.09 580.706
84.04 1413.51 583.703
84.05 1410.9 586.7
84.06 1408.25 589.697
84.07 1405.56 592.694
84.08 1402.83 595.69
84.09 1400.07 598.685
84.1 1397.27 601.678
84.11 1394.43 604.669
84.12 1391.56 607.657
84.13 1388.65 610.642
84.14 1385.71 613.625
84.15 1382.73 616.603
84.16 1379.72 619.577
84.17 1376.67 622.547
84.18 1373.59 625.512
84.19 1370.48 628.472
84.2 1367.33 631.426
84.21 1364.15 634.373
84.22 1360.93 637.315
84.23 1357.69 640.249
84.24 1354.41 643.175
84.25 1351.1 646.094
84.26 1347.76 649.004
84.27 1344.39 651.906
84.28 1340.99 654.798
84.29 1337.56 657.681
84.3 1334.09 660.553
84.31 1330.6 663.415
84.32 1327.08 666.266
84.33 1323.54 669.106
84.34 1319.96 671.934
84.35 1316.36 674.75
84.36 1312.73 677.553
84.37 1309.07 680.343
84.38 1305.39 683.119
84.39 1301.68 685.881
84.4 1297.95 688.629
84.41 1294.19 691.362
84.42 1290.41 694.079
84.43 1286.6 696.781
84.44 1282.77 699.466
84.45 1278.92 702.135
84.46 1275.04 704.787
84.47 1271.14 707.422
84.48 1267.23 710.038
84.49 1263.29 712.636
84.5 1259.33 715.216
84.51 1255.35 717.776
84.52 1251.35 720.317
84.53 1247.33 722.838
84.54 1243.29 725.338
84.55 1239.24 727.818
84.56 1235.17 730.276
84.57 1231.08 732.713
84.58 1226.98 735.128
84.59 1222.86 737.52
84.6 1218.72 739.89
84.61 1214.57 742.236
84.62 1210.41 744.56
84.63 1206.23 746.859
84.64 1202.04 749.134
84.65 1197.84 751.384
84.66 1193.62 753.609
84.67 1189.4 755.809
84.68 1185.16 757.984
84.69 1180.91 760.132
84.7 1176.66 762.254
84.71 1172.39 764.35
84.72 1168.11 766.418
84.73 1163.83 768.459
84.74 1159.54 770.473
84.75 1155.24 772.459
84.76 1150.93 774.416
84.77 1146.62 776.345
84.78 1142.3 778.245
84.79 1137.98 780.116
84.8 1133.65 781.958
84.81 1129.32 783.77
84.82 1124.98 785.553
84.83 1120.64 787.305
84.84 1116.3 789.027
84.85 1111.96 790.718
84.86 1107.61 792.379
84.87 1103.27 794.008
84.88 1098.92 795.607
84.89 1094.57 797.173
84.9 1090.22 798.709
84.91 1085.88 800.212
84.92 1081.53 801.683
84.93 1077.19 803.123
84.94 1072.85 804.529
84.95 1068.51 805.904
84.96 1064.17 807.245
84.97 1059.84 808.554
84.98 1055.51 809.83
84.99 1051.19 811.073
85 1046.87 812.283
85.01 1042.56 813.459
85.02 1038.25 814.602
85.03 1033.95 815.711
85.04 1029.65 816.787
85.05 1025.37 817.829
85.06 1021.09 818.838
85.07 1016.81 819.812
85.08 1012.55 820.753
85.09 1008.29 821.66
85.1 1004.05 822.533
85.11 999.808 823.371
85.12 995.58 824.176
85.13 991.362 824.947
85.14 987.154 825.684
85.15 982.958 826.386
85.16 978.772 827.055
85.17 974.598 827.689
85.18 970.436 828.29
85.19 966.285 828.856
85.2 962.148 829.388
85.21 958.023 829.887
85.22 953.911 830.351
85.23 949.813 830.782
85.24 945.728 831.179
85.25 941.657 831.542
85.26 937.601 831.872
85.27 933.559 832.168
85.28 929.532 832.43
85.29 925.52 832.66
85.3 921.523 832.855
85.31 917.542 833.018
85.32 913.577 833.148
85.33 909.628 833.244
85.34 905.695 833.308
85.35 901.779 833.339
85.36 897.88 833.338
85.37 893.997 833.304
85.38 890.132 833.238
85.39 886.285 833.14
85.4 882.455 833.01
85.41 878.643 832.847
85.42 874.848 832.654
85.43 871.072 832.429
85.44 867.315 832.172
85.45 863.576 831.885
85.46 859.856 831.566
85.47 856.154 831.217
85.48 852.472 830.837
85.49 848.809 830.427
85.5 845.165 829.987
85.51 841.541 829.517
85.52 837.936 829.018
85.53 834.351 828.488
85.54 830.786 827.93
85.55 827.241 827.342
85.56 823.716 826.726
85.57 820.211 826.081
85.58 816.726 825.408
85.59 813.262 824.706
85.6 809.818 823.977
85.61 806.395 823.22
85.62 802.992 822.436
85.63 799.611 821.625
85.64 796.25 820.787
85.65 792.91 819.922
85.66 789.591 819.031
85.67 786.292 818.113
85.68 783.015 817.17
85.69 779.759 816.201
85.7 776.525 815.207
85.71 773.311 814.188
85.72 770.119 813.145
85.73 766.948 812.076
85.74 763.798 810.984
85.75 760.67 809.867
85.76 757.563 808.727
85.77 754.477 807.563
85.78 751.413 806.377
85.79 748.37 805.167
85.8 745.348 803.935
85.81 742.348 802.681
85.82 739.37 801.404
85.83 736.413 800.106
85.84 733.477 798.787
85.85 730.563 797.446
85.86 727.67 796.084
85.87 724.798 794.702
85.88 721.948 793.3
85.89 719.119 791.877
85.9 716.312 790.435
85.91 713.526 788.974
85.92 710.761 787.493
85.93 708.018 785.993
85.94 705.295 784.475
85.95 702.594 782.938
85.96 699.914 781.384
85.97 697.255 779.812
85.98 694.618 778.222
85.99 692.001 776.615
86 689.405 774.991
86.01 686.831 773.351
86.02 684.277 771.694
86.03 681.744 770.022
86.04 679.232 768.333
86.05 676.74 766.629
86.06 674.269 764.91
86.07 671.819 763.176
86.08 669.389 761.427
86.09 666.98 759.664
86.1 664.592 757.887
86.11 662.223 756.096
86.12 659.875 754.292
86.13 657.548 752.474
86.14 655.24 750.643
86.15 652.952 748.799
86.16 650.685 746.943
86.17 648.437 745.075
86.18 646.21 743.195
86.19 644.002 741.303
86.2 641.814 739.399
86.21 639.645 737.485
86.22 637.496 735.559
86.23 635.367 733.623
86.24 633.257 731.676
86.25 631.166 729.72
86.26 629.095 727.753
86.27 627.042 725.777
86.28 625.009 723.791
86.29 622.995 721.796
86.3 620.999 719.792
86.31 619.023 717.78
86.32 617.065 715.759
86.33 615.126 713.73
86.34 613.205 711.692
86.35 611.303 709.647
86.36 609.42 707.595
86.37 607.554 705.535
86.38 605.707 703.468
86.39 603.878 701.395
86.4 602.067 699.315
86.41 600.274 697.228
86.42 598.499 695.135
86.43 596.741 693.036
86.44 595.001 690.932
86.45 593.279 688.822
86.46 591.574 686.706
86.47 589.887 684.586
86.48 588.217 682.46
86.49 586.564 680.33
86.5 584.928 678.196
86.51 583.309 676.057
86.52 581.707 673.914
86.53 580.122 671.767
86.54 578.554 669.616
86.55 577.003 667.462
86.56 575.468 665.304
86.57 573.949 663.144
86.58 572.447 660.98
86.59 570.961 658.814
86.6 569.492 656.645
86.61 568.038 654.473
86.62 566.6 652.3
86.63 565.179 650.124
86.64 563.773 647.946
86.65 562.383 645.767
86.66 561.009 643.586
86.67 559.65 641.403
86.68 558.307 639.22
86.69 556.979 637.035
86.7 555.666 634.849
86.71 554.369 632.663
86.72 553.087 630.476
86.73 551.819 628.289
86.74 550.567 626.101
86.75 549.33 623.913
86.76 548.107 621.725
86.77 546.899 619.538
86.78 545.706 617.35
86.79 544.527 615.163
86.8 543.362 612.977
86.81 542.212 610.791
86.82 541.077 608.606
86.83 539.955 606.422
86.84 538.847 604.239
86.85 537.754 602.058
86.86 536.674 599.878
86.87 535.608 597.699
86.88 534.556 595.522
86.89 533.518 593.346
86.9 532.493 591.173
86.91 531.482 589.001
86.92 530.484 586.832
86.93 529.5 584.664
86.94 528.529 582.499
86.95 527.571 580.337
86.96 526.626 578.177
86.97 525.694 576.019
86.98 524.775 573.864
86.99 523.869 571.713
87 522.976 569.564
87.01 522.096 567.418
87.02 521.228 565.275
87.03 520.373 563.136
87.04 519.53 561
87.05 518.7 558.867
87.06 517.882 556.738
87.07 517.076 554.612
87.08 516.283 552.49
87.09 515.502 550.372
87.1 514.732 548.258
87.11 513.975 546.148
87.12 513.23 544.041
87.13 512.497 541.939
87.14 511.775 539.841
87.15 511.065 537.748
87.16 510.367 535.658
87.17 509.681 533.574
87.18 509.006 531.493
87.19 508.342 529.417
87.2 507.69 527.346
87.21 507.049 525.28
87.22 506.419 523.218
87.23 505.801 521.161
87.24 505.194 519.109
87.25 504.597 517.062
87.26 504.012 515.02
87.27 503.438 512.983
87.28 502.875 510.952
87.29 502.322 508.925
87.3 501.78 506.904
87.31 501.249 504.888
87.32 500.729 502.877
87.33 500.219 500.872
87.34 499.72 498.873
87.35 499.231 496.879
87.36 498.752 494.89
87.37 498.284 492.907
87.38 497.826 490.93
87.39 497.379 488.958
87.4 496.941 486.993
87.41 496.514 485.033
87.42 496.097 483.079
87.43 495.69 481.13
87.44 495.293 479.188
87.45 494.905 477.252
87.46 494.528 475.321
87.47 494.16 473.397
87.48 493.803 471.479
87.49 493.455 469.567
87.5 493.116 467.661
87.51 492.787 465.761
87.52 492.468 463.868
87.53 492.158 461.98
87.54 491.858 460.099
87.55 491.567 458.225
87.56 491.285 456.356
87.57 491.013 454.494
87.58 490.75 452.639
87.59 490.497 450.789
87.6 490.252 448.947
87.61 490.017 447.11
87.62 489.79 445.281
87.63 489.573 443.457
87.64 489.365 441.64
87.65 489.165 439.83
87.66 488.975 438.026
87.67 488.794 436.229
87.68 488.621 434.439
87.69 488.457 432.655
87.7 488.302 430.878
87.71 488.155 429.107
87.72 488.018 427.343
87.73 487.889 425.586
87.74 487.768 423.835
87.75 487.656 422.092
87.76 487.552 420.355
87.77 487.457 418.624
87.78 487.371 416.901
87.79 487.293 415.184
87.8 487.223 413.474
87.81 487.161 411.77
87.82 487.108 410.074
87.83 487.063 408.384
87.84 487.027 406.701
87.85 486.998 405.025
87.86 486.978 403.355
87.87 486.965 401.693
87.88 486.961 400.037
87.89 486.965 398.388
87.9 486.977 396.746
87.91 486.997 395.111
87.92 487.024 393.483
87.93 487.06 391.861
87.94 487.104 390.246
87.95 487.155 388.638
87.96 487.214 387.037
87.97 487.281 385.443
87.98 487.356 383.856
87.99 487.439 382.275
88 487.529 380.701
88.01 487.627 379.135
88.02 487.732 377.575
88.03 487.846 376.021
88.04 487.966 374.475
88.05 488.095 372.935
88.06 488.231 371.403
88.07 488.374 369.877
88.08 488.525 368.358
88.09 488.683 366.845
88.1 488.849 365.34
88.11 489.022 363.841
88.12 489.203 362.349
88.13 489.39 360.864
88.14 489.586 359.386
88.15 489.788 357.914
88.16 489.998 356.449
88.17 490.215 354.991
88.18 490.439 353.54
88.19 490.671 352.095
88.2 490.909 350.658
88.21 491.155 349.226
88.22 491.408 347.802
88.23 491.668 346.384
88.24 491.935 344.973
88.25 492.209 343.569
88.26 492.491 342.171
88.27 492.779 340.78
88.28 493.074 339.396
88.29 493.377 338.018
88.3 493.686 336.647
88.31 494.002 335.282
88.32 494.325 333.924
88.33 494.655 332.573
88.34 494.992 331.228
88.35 495.336 329.89
88.36 495.687 328.558
88.37 496.044 327.233
88.38 496.409 325.914
88.39 496.78 324.602
88.4 497.158 323.297
88.41 497.543 321.998
88.42 497.934 320.705
88.43 498.332 319.419
88.44 498.737 318.139
88.45 499.149 316.865
88.46 499.567 315.599
88.47 499.992 314.338
88.48 500.424 313.084
88.49 500.862 311.836
88.5 501.307 310.594
88.51 501.758 309.359
88.52 502.217 308.13
88.53 502.681 306.908
88.54 503.152 305.692
88.55 503.63 304.482
88.56 504.115 303.278
88.57 504.605 302.08
88.58 505.103 300.889
88.59 505.607 299.704
88.6 506.117 298.525
88.61 506.634 297.352
88.62 507.157 296.186
88.63 507.687 295.025
88.64 508.223 293.871
88.65 508.766 292.723
88.66 509.315 291.58
88.67 509.87 290.444
88.68 510.432 289.314
88.69 511 288.19
88.7 511.574 287.072
88.71 512.155 285.96
88.72 512.743 284.854
88.73 513.336 283.754
88.74 513.936 282.659
88.75 514.542 281.571
88.76 515.155 280.489
88.77 515.774 279.412
88.78 516.399 278.342
88.79 517.03 277.277
88.8 517.668 276.218
88.81 518.312 275.165
88.82 518.962 274.117
88.83 519.618 273.076
88.84 520.281 272.04
88.85 520.95 271.01
88.86 521.625 269.985
88.87 522.306 268.967
88.88 522.993 267.954
88.89 523.687 266.946
88.9 524.387 265.944
88.91 525.093 264.948
88.92 525.805 263.958
88.93 526.524 262.973
88.94 527.248 261.994
88.95 527.979 261.02
88.96 528.716 260.051
88.97 529.459 259.089
88.98 530.208 258.131
88.99 530.963 257.18
89 531.725 256.233
89.01 532.492 255.292
89.02 533.266 254.357
89.03 534.045 253.427
89.04 534.831 252.502
89.05 535.623 251.582
89.06 536.421 250.668
89.07 537.225 249.76
89.08 538.035 248.856
89.09 538.852 247.958
89.1 539.674 247.065
89.11 540.502 246.178
89.12 541.337 245.295
89.13 542.177 244.418
89.14 543.024 243.546
89.15 543.877 242.679
89.16 544.735 241.818
89.17 545.6 240.961
89.18 546.471 240.11
89.19 547.347 239.263
89.2 548.23 238.422
89.21 549.119 237.586
89.22 550.014 236.755
89.23 550.915 235.929
89.24 551.822 235.108
89.25 552.735 234.292
89.26 553.654 233.48
89.27 554.578 232.674
89.28 555.509 231.873
89.29 556.446 231.077
89.3 557.389 230.285
89.31 558.338 229.499
89.32 559.293 228.717
89.33 560.254 227.94
89.34 561.221 227.168
89.35 562.194 226.401
89.36 563.173 225.639
89.37 564.158 224.881
89.38 565.149 224.128
89.39 566.146 223.38
89.4 567.149 222.637
89.41 568.158 221.898
89.42 569.173 221.164
89.43 570.194 220.435
89.44 571.22 219.71
89.45 572.253 218.99
89.46 573.292 218.274
89.47 574.337 217.564
89.48 575.388 216.857
89.49 576.445 216.156
89.5 577.507 215.459
89.51 578.576 214.766
89.52 579.651 214.078
89.53 580.731 213.394
89.54 581.818 212.715
89.55 582.911 212.041
89.56 584.009 211.371
89.57 585.114 210.705
89.58 586.225 210.044
89.59 587.341 209.387
89.6 588.464 208.734
89.61 589.592 208.086
89.62 590.727 207.442
89.63 591.867 206.803
89.64 593.014 206.168
89.65 594.166 205.537
89.66 595.324 204.911
89.67 596.489 204.289
89.68 597.659 203.671
89.69 598.836 203.057
89.7 600.018 202.448
89.71 601.206 201.842
89.72 602.401 201.241
89.73 603.601 200.645
89.74 604.807 200.052
89.75 606.02 199.464
89.76 607.238 198.879
89.77 608.462 198.299
89.78 609.692 197.723
89.79 610.929 197.151
89.8 612.171 196.583
89.81 613.419 196.019
89.82 614.673 195.46
89.83 615.934 194.904
89.84 617.2 194.352
89.85 618.472 193.805
89.86 619.75 193.261
89.87 621.035 192.722
89.88 622.325 192.186
89.89 623.621 191.654
89.9 624.924 191.126
89.91 626.232 190.603
89.92 627.546 190.083
89.93 628.867 189.567
89.94 630.193 189.055
89.95 631.525 188.547
89.96 632.864 188.042
89.97 634.208 187.542
89.98 635.558 187.046
89.99 636.915 186.553
90 638.277 186.064
90.01 639.646 185.579
90.02 641.021 185.098
90.03 642.401 184.62
90.04 643.788 184.146
90.05 645.18 183.677
90.06 646.579 183.21
90.07 647.984 182.748
90.08 649.395 182.289
90.09 650.811 181.834
90.1 652.234 181.383
90.11 653.663 180.935
90.12 655.098 180.492
90.13 656.539 180.051
90.14 657.986 179.615
90.15 659.439 179.182
90.16 660.899 178.753
90.17 662.364 178.327
90.18 663.835 177.905
90.19 665.313 177.487
90.2 666.796 177.072
90.21 668.285 176.661
90.22 669.781 176.253
90.23 671.283 175.849
90.24 672.79 175.449
90.25 674.304 175.052
90.26 675.824 174.659
90.27 677.35 174.269
90.28 678.882 173.883
90.29 680.42 173.5
90.3 681.964 173.121
90.31 683.515 172.745
90.32 685.071 172.373
90.33 686.633 172.004
90.34 688.202 171.639
90.35 689.777 171.277
90.36 691.357 170.919
90.37 692.944 170.564
90.38 694.537 170.213
90.39 696.136 169.865
90.4 697.741 169.52
90.41 699.352 169.179
90.42 700.97 168.841
90.43 702.593 168.507
90.44 704.223 168.176
90.45 705.858 167.848
90.46 707.5 167.524
90.47 709.148 167.203
90.48 710.802 166.886
90.49 712.462 166.572
90.5 714.128 166.261
90.51 715.8 165.954
90.52 717.478 165.65
90.53 719.163 165.349
90.54 720.854 165.052
90.55 722.55 164.758
90.56 724.253 164.467
90.57 725.962 164.18
90.58 727.677 163.895
90.59 729.398 163.615
90.6 731.125 163.337
90.61 732.859 163.063
90.62 734.598 162.792
90.63 736.344 162.524
90.64 738.095 162.26
90.65 739.853 161.999
90.66 741.617 161.741
90.67 743.387 161.487
90.68 745.163 161.235
90.69 746.946 160.987
90.7 748.734 160.743
90.71 750.528 160.501
90.72 752.329 160.263
90.73 754.136 160.028
90.74 755.948 159.796
90.75 757.767 159.567
90.76 759.592 159.342
90.77 761.423 159.12
90.78 763.26 158.901
90.79 765.104 158.685
90.8 766.953 158.473
90.81 768.808 158.264
90.82 770.67 158.058
90.83 772.538 157.855
90.84 774.411 157.655
90.85 776.291 157.459
90.86 778.177 157.266
90.87 780.069 157.076
90.88 781.967 156.889
90.89 783.871 156.705
90.9 785.781 156.525
90.91 787.697 156.348
90.92 789.62 156.174
90.93 791.548 156.003
90.94 793.482 155.835
90.95 795.423 155.671
90.96 797.369 155.51
90.97 799.322 155.352
90.98 801.28 155.197
90.99 803.245 155.045
91 805.215 154.897
91.01 807.192 154.752
91.02 809.175 154.61
91.03 811.163 154.471
91.04 813.158 154.335
91.05 815.159 154.203
91.06 817.165 154.074
91.07 819.178 153.948
91.08 821.196 153.825
91.09 823.221 153.705
91.1 825.252 153.589
91.11 827.288 153.476
91.12 829.33 153.366
91.13 831.379 153.259
91.14 833.433 153.155
91.15 835.493 153.055
91.16 837.56 152.958
91.17 839.632 152.864
91.18 841.71 152.773
91.19 843.794 152.686
91.2 845.883 152.602
91.21 847.979 152.521
91.22 850.08 152.443
91.23 852.188 152.368
91.24 854.301 152.297
91.25 856.42 152.229
91.26 858.545 152.164
91.27 860.676 152.103
91.28 862.812 152.045
91.29 864.954 151.99
91.3 867.102 151.938
91.31 869.256 151.89
91.32 871.416 151.845
91.33 873.581 151.803
91.34 875.752 151.765
91.35 877.929 151.73
91.36 880.112 151.698
91.37 882.3 151.669
91.38 884.494 151.644
91.39 886.693 151.622
91.4 888.898 151.604
91.41 891.109 151.589
91.42 893.326 151.577
91.43 895.548 151.568
91.44 897.775 151.563
91.45 900.008 151.562
91.46 902.247 151.563
91.47 904.491 151.568
91.48 906.741 151.577
91.49 908.996 151.589
91.5 911.257 151.604
91.51 913.523 151.623
91.52 915.795 151.645
91.53 918.072 151.671
91.54 920.355 151.7
91.55 922.643 151.733
91.56 924.936 151.769
91.57 927.235 151.808
91.58 929.539 151.851
91.59 931.848 151.898
91.6 934.163 151.948
91.61 936.482 152.002
91.62 938.808 152.059
91.63 941.138 152.12
91.64 943.473 152.184
91.65 945.814 152.252
91.66 948.16 152.324
91.67 950.511 152.399
91.68 952.867 152.478
91.69 955.228 152.56
91.7 957.594 152.646
91.71 959.965 152.736
91.72 962.341 152.829
91.73 964.722 152.927
91.74 967.108 153.027
91.75 969.499 153.132
91.76 971.895 153.24
91.77 974.296 153.352
91.78 976.701 153.468
91.79 979.112 153.588
91.8 981.527 153.711
91.81 983.946 153.838
91.82 986.371 153.969
91.83 988.8 154.104
91.84 991.234 154.243
91.85 993.672 154.386
91.86 996.115 154.532
91.87 998.562 154.683
91.88 1001.01 154.837
91.89 1003.47 154.996
91.9 1005.93 155.158
91.91 1008.4 155.324
91.92 1010.87 155.495
91.93 1013.34 155.669
91.94 1015.82 155.848
91.95 1018.3 156.03
91.96 1020.79 156.217
91.97 1023.28 156.408
91.98 1025.77 156.602
91.99 1028.27 156.802
92 1030.77 157.005
92.01 1033.28 157.212
92.02 1035.79 157.424
92.03 1038.3 157.64
92.04 1040.82 157.86
92.05 1043.35 158.084
92.06 1045.87 158.313
92.07 1048.4 158.546
92.08 1050.93 158.784
92.09 1053.47 159.026
92.1 1056.01 159.272
92.11 1058.55 159.522
92.12 1061.1 159.778
92.13 1063.65 160.037
92.14 1066.21 160.301
92.15 1068.76 160.57
92.16 1071.32 160.843
92.17 1073.89 161.121
92.18 1076.46 161.404
92.19 1079.03 161.691
92.2 1081.6 161.983
92.21 1084.17 162.279
92.22 1086.75 162.581
92.23 1089.33 162.887
92.24 1091.92 163.197
92.25 1094.51 163.513
92.26 1097.1 163.833
92.27 1099.69 164.159
92.28 1102.28 164.489
92.29 1104.88 164.824
92.3 1107.48 165.164
92.31 1110.08 165.51
92.32 1112.69 165.86
92.33 1115.29 166.215
92.34 1117.9 166.576
92.35 1120.51 166.941
92.36 1123.12 167.312
92.37 1125.74 167.688
92.38 1128.35 168.069
92.39 1130.97 168.455
92.4 1133.59 168.847
92.41 1136.21 169.244
92.42 1138.83 169.647
92.43 1141.46 170.055
92.44 1144.08 170.468
92.45 1146.71 170.887
92.46 1149.34 171.311
92.47 1151.97 171.741
92.48 1154.6 172.177
92.49 1157.23 172.618
92.5 1159.86 173.065
92.51 1162.49 173.517
92.52 1165.13 173.976
92.53 1167.76 174.44
92.54 1170.39 174.91
92.55 1173.03 175.386
92.56 1175.66 175.867
92.57 1178.3 176.355
92.58 1180.93 176.849
92.59 1183.57 177.349
92.6 1186.2 177.855
92.61 1188.84 178.367
92.62 1191.47 178.885
92.63 1194.11 179.41
92.64 1196.74 179.941
92.65 1199.37 180.478
92.66 1202.01 181.021
92.67 1204.64 181.571
92.68 1207.27 182.127
92.69 1209.9 182.69
92.7 1212.53 183.26
92.71 1215.16 183.836
92.72 1217.78 184.419
92.73 1220.41 185.008
92.74 1223.03 185.604
92.75 1225.65 186.207
92.76 1228.27 186.817
92.77 1230.89 187.434
92.78 1233.5 188.057
92.79 1236.12 188.688
92.8 1238.73 189.326
92.81 1241.34 189.971
92.82 1243.94 190.623
92.83 1246.54 191.282
92.84 1249.14 191.948
92.85 1251.74 192.622
92.86 1254.34 193.304
92.87 1256.93 193.992
92.88 1259.51 194.688
92.89 1262.1 195.392
92.9 1264.68 196.103
92.91 1267.26 196.822
92.92 1269.83 197.549
92.93 1272.4 198.284
92.94 1274.96 199.026
92.95 1277.52 199.776
92.96 1280.08 200.534
92.97 1282.63 201.301
92.98 1285.18 202.075
92.99 1287.72 202.857
93 1290.25 203.648
93.01 1292.78 204.447
93.02 1295.31 205.254
93.03 1297.83 206.07
93.04 1300.34 206.894
93.05 1302.85 207.726
93.06 1305.35 208.567
93.07 1307.85 209.417
93.08 1310.34 210.276
93.09 1312.82 211.143
93.1 1315.3 212.019
93.11 1317.76 212.904
93.12 1320.23 213.798
93.13 1322.68 214.701
93.14 1325.13 215.613
93.15 1327.57 216.534
93.16 1330 217.464
93.17 1332.42 218.404
93.18 1334.84 219.353
93.19 1337.25 220.312
93.2 1339.64 221.28
93.21 1342.03 222.258
93.22 1344.42 223.245
93.23 1346.79 224.242
93.24 1349.15 225.249
93.25 1351.5 226.265
93.26 1353.85 227.292
93.27 1356.18 228.328
93.28 1358.5 229.375
93.29 1360.81 230.432
93.3 1363.12 231.499
93.31 1365.41 232.576
93.32 1367.69 233.664
93.33 1369.96 234.762
93.34 1372.22 235.87
93.35 1374.46 236.989
93.36 1376.7 238.119
93.37 1378.92 239.26
93.38 1381.13 240.411
93.39 1383.33 241.573
93.4 1385.51 242.746
93.41 1387.69 243.93
93.42 1389.84 245.125
93.43 1391.99 246.332
93.44 1394.12 247.549
93.45 1396.24 248.778
93.46 1398.35 250.018
93.47 1400.44 251.27
93.48 1402.51 252.533
93.49 1404.57 253.808
93.5 1406.62 255.095
93.51 1408.65 256.393
93.52 1410.66 257.703
93.53 1412.66 259.025
93.54 1414.65 260.359
93.55 1416.61 261.705
93.56 1418.56 263.063
93.57 1420.5 264.433
93.58 1422.42 265.816
93.59 1424.32 267.21
93.6 1426.2 268.618
93.61 1428.06 270.037
93.62 1429.91 271.47
93.63 1431.74 272.914
93.64 1433.55 274.372
93.65 1435.34 275.842
93.66 1437.11 277.325
93.67 1438.87 278.821
93.68 1440.6 280.33
93.69 1442.31 281.852
93.7 1444.01 283.387
93.71 1445.68 284.936
93.72 1447.34 286.497
93.73 1448.97 288.072
93.74 1450.58 289.66
93.75 1452.17 291.262
93.76 1453.74 292.877
93.77 1455.28 294.505
93.78 1456.81 296.147
93.79 1458.31 297.803
93.8 1459.79 299.473
93.81 1461.24 301.156
93.82 1462.68 302.853
93.83 1464.09 304.564
93.84 1465.47 306.289
93.85 1466.83 308.028
93.86 1468.17 309.781
93.87 1469.48 311.548
93.88 1470.77 313.329
93.89 1472.03 315.125
93.9 1473.27 316.935
93.91 1474.48 318.759
93.92 1475.66 320.597
93.93 1476.82 322.45
93.94 1477.95 324.317
93.95 1479.06 326.199
93.96 1480.14 328.095
93.97 1481.19 330.005
93.98 1482.21 331.931
93.99 1483.2 333.871
94 1484.17 335.825
94.01 1485.11 337.794
94.02 1486.02 339.778
94.03 1486.9 341.776
94.04 1487.75 343.79
94.05 1488.57 345.818
94.06 1489.36 347.861
94.07 1490.12 349.918
94.08 1490.86 351.99
94.09 1491.56 354.078
94.1 1492.23 356.18
94.11 1492.86 358.296
94.12 1493.47 360.428
94.13 1494.05 362.574
94.14 1494.59 364.736
94.15 1495.1 366.912
94.16 1495.58 369.103
94.17 1496.02 371.308
94.18 1496.44 373.529
94.19 1496.82 375.764
94.2 1497.16 378.014
94.21 1497.47 380.279
94.22 1497.75 382.558
94.23 1498 384.852
94.24 1498.21 387.161
94.25 1498.38 389.484
94.26 1498.52 391.822
94.27 1498.63 394.175
94.28 1498.7 396.541
94.29 1498.73 398.923
94.3 1498.73 401.318
94.31 1498.69 403.728
94.32 1498.62 406.152
94.33 1498.51 408.591
94.34 1498.36 411.043
94.35 1498.17 413.51
94.36 1497.95 415.99
94.37 1497.7 418.485
94.38 1497.4 420.993
94.39 1497.07 423.515
94.4 1496.7 426.05
94.41 1496.29 428.599
94.42 1495.84 431.161
94.43 1495.35 433.737
94.44 1494.83 436.326
94.45 1494.27 438.928
94.46 1493.67 441.543
94.47 1493.03 444.17
94.48 1492.35 446.811
94.49 1491.63 449.464
94.5 1490.87 452.129
94.51 1490.08 454.807
94.52 1489.24 457.496
94.53 1488.36 460.198
94.54 1487.45 462.912
94.55 1486.49 465.637
94.56 1485.5 468.373
94.57 1484.46 471.121
94.58 1483.38 473.88
94.59 1482.27 476.65
94.6 1481.11 479.431
94.61 1479.92 482.222
94.62 1478.68 485.024
94.63 1477.4 487.836
94.64 1476.08 490.657
94.65 1474.72 493.489
94.66 1473.33 496.33
94.67 1471.89 499.18
94.68 1470.41 502.039
94.69 1468.89 504.907
94.7 1467.32 507.784
94.71 1465.72 510.669
94.72 1464.08 513.562
94.73 1462.4 516.462
94.74 1460.67 519.371
94.75 1458.91 522.286
94.76 1457.11 525.209
94.77 1455.26 528.138
94.78 1453.38 531.074
94.79 1451.45 534.016
94.8 1449.49 536.963
94.81 1447.48 539.917
94.82 1445.44 542.875
94.83 1443.35 545.839
94.84 1441.23 548.807
94.85 1439.06 551.779
94.86 1436.86 554.755
94.87 1434.61 557.735
94.88 1432.33 560.719
94.89 1430.01 563.705
94.9 1427.65 566.694
94.91 1425.25 569.685
94.92 1422.81 572.678
94.93 1420.34 575.673
94.94 1417.82 578.669
94.95 1415.27 581.666
94.96 1412.68 584.663
94.97 1410.05 587.661
94.98 1407.39 590.658
94.99 1404.69 593.655
95 1401.95 596.65
95.01 1399.17 599.644
95.02 1396.36 602.637
95.03 1393.51 605.627
95.04 1390.63 608.614
95.05 1387.71 611.599
95.06 1384.76 614.58
95.07 1381.77 617.557
95.08 1378.75 620.53
95.09 1375.69 623.498
95.1 1372.6 626.462
95.11 1369.47 629.419
95.12 1366.31 632.371
95.13 1363.12 635.317
95.14 1359.9 638.256
95.15 1356.64 641.187
95.16 1353.35 644.111
95.17 1350.03 647.027
95.18 1346.68 649.935
95.19 1343.3 652.834
95.2 1339.89 655.723
95.21 1336.45 658.602
95.22 1332.98 661.472
95.23 1329.48 664.33
95.24 1325.95 667.178
95.25 1322.39 670.014
95.26 1318.81 672.838
95.27 1315.2 675.65
95.28 1311.56 678.448
95.29 1307.89 681.234
95.3 1304.2 684.006
95.31 1300.49 686.763
95.32 1296.74 689.506
95.33 1292.98 692.234
95.34 1289.19 694.947
95.35 1285.37 697.643
95.36 1281.54 700.324
95.37 1277.68 702.987
95.38 1273.79 705.634
95.39 1269.89 708.262
95.4 1265.96 710.873
95.41 1262.02 713.465
95.42 1258.05 716.039
95.43 1254.07 718.593
95.44 1250.06 721.127
95.45 1246.04 723.641
95.46 1242 726.135
95.47 1237.94 728.608
95.48 1233.86 731.059
95.49 1229.77 733.489
95.5 1225.66 735.897
95.51 1221.53 738.282
95.52 1217.4 740.645
95.53 1213.24 742.984
95.54 1209.07 745.299
95.55 1204.89 747.591
95.56 1200.7 749.858
95.57 1196.49 752.1
95.58 1192.27 754.317
95.59 1188.04 756.509
95.6 1183.8 758.675
95.61 1179.55 760.815
95.62 1175.29 762.929
95.63 1171.02 765.016
95.64 1166.74 767.075
95.65 1162.45 769.108
95.66 1158.16 771.112
95.67 1153.86 773.089
95.68 1149.55 775.037
95.69 1145.23 776.957
95.7 1140.92 778.848
95.71 1136.59 780.71
95.72 1132.26 782.542
95.73 1127.93 784.345
95.74 1123.59 786.118
95.75 1119.25 787.86
95.76 1114.91 789.572
95.77 1110.56 791.254
95.78 1106.22 792.904
95.79 1101.87 794.524
95.8 1097.52 796.112
95.81 1093.18 797.669
95.82 1088.83 799.194
95.83 1084.48 800.687
95.84 1080.14 802.148
95.85 1075.8 803.577
95.86 1071.46 804.973
95.87 1067.12 806.337
95.88 1062.78 807.669
95.89 1058.45 808.967
95.9 1054.13 810.232
95.91 1049.81 811.464
95.92 1045.49 812.663
95.93 1041.18 813.829
95.94 1036.87 814.961
95.95 1032.57 816.06
95.96 1028.28 817.125
95.97 1023.99 818.156
95.98 1019.72 819.154
95.99 1015.45 820.117
96 1011.18 821.047
96.01 1006.93 821.943
96.02 1002.69 822.805
96.03 998.451 823.633
96.04 994.227 824.427
96.05 990.012 825.187
96.06 985.808 825.912
96.07 981.615 826.604
96.08 977.433 827.262
96.09 973.263 827.885
96.1 969.104 828.475
96.11 964.958 829.03
96.12 960.824 829.552
96.13 956.704 830.039
96.14 952.596 830.493
96.15 948.502 830.913
96.16 944.422 831.299
96.17 940.355 831.652
96.18 936.304 831.97
96.19 932.266 832.256
96.2 928.244 832.508
96.21 924.237 832.726
96.22 920.245 832.911
96.23 916.269 833.063
96.24 912.309 833.182
96.25 908.366 833.268
96.26 904.438 833.322
96.27 900.527 833.342
96.28 896.634 833.331
96.29 892.757 833.286
96.3 888.897 833.21
96.31 885.055 833.101
96.32 881.231 832.961
96.33 877.425 832.789
96.34 873.636 832.585
96.35 869.866 832.35
96.36 866.115 832.083
96.37 862.382 831.786
96.38 858.667 831.458
96.39 854.972 831.099
96.4 851.296 830.709
96.41 847.639 830.29
96.42 844.001 829.84
96.43 840.383 829.36
96.44 836.785 828.851
96.45 833.206 828.312
96.46 829.647 827.745
96.47 826.109 827.148
96.48 822.59 826.522
96.49 819.092 825.868
96.5 815.613 825.186
96.51 812.156 824.476
96.52 808.719 823.738
96.53 805.302 822.972
96.54 801.906 822.179
96.55 798.531 821.359
96.56 795.177 820.512
96.57 791.844 819.639
96.58 788.531 818.739
96.59 785.24 817.814
96.6 781.97 816.862
96.61 778.72 815.886
96.62 775.492 814.884
96.63 772.286 813.856
96.64 769.1 812.805
96.65 765.936 811.729
96.66 762.793 810.628
96.67 759.671 809.504
96.68 756.571 808.357
96.69 753.492 807.186
96.7 750.435 805.991
96.71 747.399 804.775
96.72 744.384 803.535
96.73 741.391 802.274
96.74 738.42 800.991
96.75 735.469 799.686
96.76 732.54 798.359
96.77 729.633 797.012
96.78 726.747 795.644
96.79 723.882 794.255
96.8 721.039 792.846
96.81 718.217 791.417
96.82 715.417 789.969
96.83 712.637 788.501
96.84 709.879 787.014
96.85 707.143 785.509
96.86 704.427 783.984
96.87 701.733 782.442
96.88 699.06 780.882
96.89 696.408 779.304
96.9 693.777 777.709
96.91 691.167 776.096
96.92 688.578 774.467
96.93 686.01 772.822
96.94 683.463 771.16
96.95 680.936 769.482
96.96 678.431 767.789
96.97 675.946 766.08
96.98 673.482 764.356
96.99 671.038 762.617
97 668.615 760.864
97.01 666.213 759.096
97.02 663.83 757.315
97.03 661.469 755.519
97.04 659.127 753.71
97.05 656.806 751.888
97.06 654.505 750.053
97.07 652.223 748.206
97.08 649.962 746.346
97.09 647.721 744.474
97.1 645.5 742.589
97.11 643.298 740.694
97.12 641.117 738.787
97.13 638.954 736.869
97.14 636.812 734.94
97.15 634.688 733
97.16 632.585 731.05
97.17 630.5 729.09
97.18 628.435 727.121
97.19 626.389 725.141
97.2 624.361 723.153
97.21 622.353 721.155
97.22 620.364 719.148
97.23 618.393 717.133
97.24 616.442 715.109
97.25 614.508 713.077
97.26 612.594 711.038
97.27 610.698 708.99
97.28 608.82 706.936
97.29 606.96 704.874
97.3 605.119 702.805
97.31 603.296 700.729
97.32 601.49 698.646
97.33 599.703 696.558
97.34 597.933 694.463
97.35 596.181 692.362
97.36 594.447 690.256
97.37 592.731 688.144
97.38 591.031 686.027
97.39 589.35 683.905
97.4 587.685 681.778
97.41 586.038 679.647
97.42 584.407 677.511
97.43 582.794 675.37
97.44 581.198 673.226
97.45 579.618 671.078
97.46 578.055 668.926
97.47 576.509 666.771
97.48 574.979 664.612
97.49 573.466 662.451
97.5 571.969 660.286
97.51 570.488 658.119
97.52 569.024 655.949
97.53 567.575 653.777
97.54 566.143 651.602
97.55 564.727 649.426
97.56 563.326 647.248
97.57 561.941 645.068
97.58 560.572 642.886
97.59 559.218 640.704
97.6 557.879 638.52
97.61 556.556 636.335
97.62 555.249 634.149
97.63 553.956 631.962
97.64 552.679 629.775
97.65 551.416 627.588
97.66 550.169 625.4
97.67 548.936 623.212
97.68 547.718 621.024
97.69 546.515 618.836
97.7 545.326 616.649
97.71 544.152 614.462
97.72 542.992 612.276
97.73 541.847 610.091
97.74 540.715 607.906
97.75 539.598 605.722
97.76 538.495 603.54
97.77 537.406 601.359
97.78 536.331 599.179
97.79 535.27 597.001
97.8 534.222 594.824
97.81 533.188 592.649
97.82 532.168 590.476
97.83 531.161 588.305
97.84 530.167 586.137
97.85 529.187 583.97
97.86 528.22 581.806
97.87 527.266 579.644
97.88 526.326 577.485
97.89 525.398 575.328
97.9 524.483 573.174
97.91 523.581 571.024
97.92 522.692 568.876
97.93 521.816 566.731
97.94 520.952 564.589
97.95 520.101 562.451
97.96 519.262 560.316
97.97 518.436 558.184
97.98 517.622 556.056
97.99 516.821 553.932
98 516.031 551.811
98.01 515.254 549.694
98.02 514.489 547.581
98.03 513.735 545.472
98.04 512.994 543.367
98.05 512.264 541.266
98.06 511.546 539.17
98.07 510.84 537.078
98.08 510.146 534.99
98.09 509.463 532.906
98.1 508.792 530.827
98.11 508.132 528.753
98.12 507.483 526.683
98.13 506.846 524.618
98.14 506.22 522.558
98.15 505.605 520.503
98.16 505.001 518.453
98.17 504.409 516.407
98.18 503.827 514.367
98.19 503.256 512.332
98.2 502.696 510.302
98.21 502.147 508.277
98.22 501.609 506.257
98.23 501.081 504.243
98.24 500.564 502.234
98.25 500.058 500.231
98.26 499.562 498.233
98.27 499.076 496.241
98.28 498.601 494.254
98.29 498.136 492.273
98.3 497.682 490.297
98.31 497.238 488.328
98.32 496.803 486.364
98.33 496.379 484.406
98.34 495.965 482.453
98.35 495.562 480.507
98.36 495.168 478.567
98.37 494.783 476.632
98.38 494.409 474.704
98.39 494.045 472.782
98.4 493.69 470.865
98.41 493.345 468.955
98.42 493.01 467.051
98.43 492.684 465.154
98.44 492.368 463.262
98.45 492.061 461.377
98.46 491.764 459.498
98.47 491.476 457.625
98.48 491.197 455.759
98.49 490.928 453.899
98.5 490.668 452.045
98.51 490.417 450.198
98.52 490.176 448.357
98.53 489.943 446.523
98.54 489.72 444.695
98.55 489.505 442.874
98.56 489.3 441.06
98.57 489.103 439.251
98.58 488.916 437.45
98.59 488.737 435.655
98.6 488.567 433.866
98.61 488.406 432.085
98.62 488.254 430.31
98.63 488.11 428.541
98.64 487.975 426.779
98.65 487.849 425.024
98.66 487.731 423.276
98.67 487.622 421.534
98.68 487.521 419.799
98.69 487.429 418.071
98.7 487.345 416.35
98.71 487.269 414.635
98.72 487.202 412.927
98.73 487.143 411.226
98.74 487.093 409.531
98.75 487.051 407.844
98.76 487.017 406.163
98.77 486.991 404.489
98.78 486.973 402.822
98.79 486.963 401.161
98.8 486.961 399.508
98.81 486.968 397.861
98.82 486.982 396.221
98.83 487.005 394.588
98.84 487.035 392.962
98.85 487.073 391.343
98.86 487.119 389.73
98.87 487.173 388.124
98.88 487.235 386.526
98.89 487.305 384.934
98.9 487.382 383.348
98.91 487.467 381.77
98.92 487.56 380.199
98.93 487.66 378.634
98.94 487.768 377.076
98.95 487.884 375.525
98.96 488.007 373.981
98.97 488.137 372.443
98.98 488.276 370.913
98.99 488.422 369.389
99 488.575 367.872
99.01 488.735 366.362
99.02 488.904 364.859
99.03 489.079 363.362
99.04 489.262 361.873
99.05 489.452 360.39
99.06 489.65 358.913
99.07 489.854 357.444
99.08 490.067 355.981
99.09 490.286 354.525
99.1 490.512 353.076
99.11 490.746 351.634
99.12 490.987 350.198
99.13 491.235 348.769
99.14 491.49 347.347
99.15 491.753 345.931
99.16 492.022 344.522
99.17 492.299 343.12
99.18 492.582 341.724
99.19 492.873 340.336
99.2 493.17 338.953
99.21 493.475 337.578
99.22 493.786 336.209
99.23 494.105 334.846
99.24 494.43 333.49
99.25 494.763 332.141
99.26 495.102 330.798
99.27 495.448 329.462
99.28 495.801 328.133
99.29 496.161 326.81
99.3 496.527 325.493
99.31 496.9 324.183
99.32 497.281 322.88
99.33 497.667 321.583
99.34 498.061 320.292
99.35 498.461 319.008
99.36 498.868 317.73
99.37 499.282 316.459
99.38 499.703 315.194
99.39 500.13 313.935
99.4 500.564 312.683
99.41 501.004 311.437
99.42 501.451 310.198
99.43 501.905 308.965
99.44 502.365 307.738
99.45 502.832 306.517
99.46 503.305 305.303
99.47 503.785 304.095
99.48 504.271 302.893
99.49 504.764 301.698
99.5 505.264 300.509
99.51 505.769 299.325
99.52 506.282 298.148
99.53 506.801 296.978
99.54 507.326 295.813
99.55 507.858 294.655
99.56 508.396 293.502
99.57 508.941 292.356
99.58 509.492 291.216
99.59 510.049 290.081
99.6 510.613 288.953
99.61 511.183 287.831
99.62 511.76 286.715
99.63 512.343 285.605
99.64 512.932 284.501
99.65 513.528 283.402
99.66 514.13 282.31
99.67 514.738 281.224
99.68 515.352 280.143
99.69 515.973 279.068
99.7 516.6 278
99.71 517.234 276.937
99.72 517.873 275.88
99.73 518.519 274.828
99.74 519.171 273.783
99.75 519.83 272.743
99.76 520.494 271.709
99.77 521.165 270.681
99.78 521.842 269.658
99.79 522.526 268.641
99.8 523.215 267.63
99.81 523.911 266.624
99.82 524.613 265.625
99.83 525.321 264.63
99.84 526.035 263.642
99.85 526.755 262.658
99.86 527.482 261.681
99.87 528.215 260.709
99.88 528.953 259.742
99.89 529.698 258.781
99.9 530.449 257.826
99.91 531.207 256.876
99.92 531.97 255.931
99.93 532.739 254.992
99.94 533.515 254.058
99.95 534.297 253.13
99.96 535.084 252.207
99.97 535.878 251.289
99.98 536.678 250.377
99.99 537.484 249.47
