Time nR nF
0 500 500
0.01 493.666 503.804
0.02 487.334 507.547
0.03 481.006 511.227
0.04 474.685 514.842
0.05 468.374 518.39
0.06 462.074 521.869
0.07 455.789 525.278
0.08 449.521 528.614
0.09 443.273 531.875
0.1 437.048 535.06
0.11 430.847 538.167
0.12 424.673 541.195
0.13 418.528 544.142
0.14 412.415 547.006
0.15 406.336 549.787
0.16 400.294 552.483
0.17 394.289 555.093
0.18 388.324 557.615
0.19 382.402 560.049
0.2 376.524 562.394
0.21 370.692 564.649
0.22 364.908 566.813
0.23 359.173 568.885
0.24 353.489 570.865
0.25 347.857 572.753
0.26 342.28 574.548
0.27 336.758 576.249
0.28 331.293 577.857
0.29 325.886 579.371
0.3 320.538 580.791
0.31 315.25 582.117
0.32 310.023 583.35
0.33 304.858 584.489
0.34 299.757 585.535
0.35 294.719 586.487
0.36 289.745 587.348
0.37 284.836 588.116
0.38 279.993 588.792
0.39 275.216 589.378
0.4 270.505 589.873
0.41 265.861 590.279
0.42 261.284 590.596
0.43 256.775 590.826
0.44 252.332 590.968
0.45 247.958 591.025
0.46 243.65 590.996
0.47 239.41 590.884
0.48 235.237 590.689
0.49 231.132 590.412
0.5 227.093 590.055
0.51 223.121 589.618
0.52 219.216 589.104
0.53 215.376 588.513
0.54 211.603 587.847
0.55 207.894 587.107
0.56 204.251 586.295
0.57 200.672 585.411
0.58 197.156 584.457
0.59 193.704 583.436
0.6 190.315 582.347
0.61 186.987 581.193
0.62 183.722 579.975
0.63 180.516 578.695
0.64 177.371 577.353
0.65 174.285 575.953
0.66 171.258 574.494
0.67 168.289 572.979
0.68 165.377 571.408
0.69 162.521 569.784
0.7 159.721 568.109
0.71 156.975 566.382
0.72 154.284 564.607
0.73 151.645 562.783
0.74 149.06 560.914
0.75 146.525 559
0.76 144.042 557.042
0.77 141.608 555.043
0.78 139.223 553.003
0.79 136.887 550.924
0.8 134.598 548.807
0.81 132.356 546.653
0.82 130.16 544.464
0.83 128.008 542.242
0.84 125.901 539.987
0.85 123.837 537.701
0.86 121.816 535.384
0.87 119.836 533.039
0.88 117.898 530.667
0.89 116 528.267
0.9 114.141 525.843
0.91 112.32 523.395
0.92 110.538 520.923
0.93 108.793 518.43
0.94 107.084 515.916
0.95 105.411 513.382
0.96 103.773 510.829
0.97 102.169 508.259
0.98 100.599 505.672
0.99 99.0618 503.069
1 97.5566 500.452
1.01 96.0829 497.821
1.02 94.6401 495.176
1.03 93.2275 492.52
1.04 91.8445 489.853
1.05 90.4904 487.175
1.06 89.1646 484.487
1.07 87.8666 481.791
1.08 86.5957 479.087
1.09 85.3513 476.376
1.1 84.1329 473.658
1.11 82.94 470.934
1.12 81.7719 468.206
1.13 80.6281 465.473
1.14 79.5081 462.736
1.15 78.4114 459.996
1.16 77.3375 457.254
1.17 76.2858 454.51
1.18 75.2559 451.765
1.19 74.2473 449.019
1.2 73.2596 446.273
1.21 72.2922 443.527
1.22 71.3448 440.782
1.23 70.4168 438.039
1.24 69.5079 435.298
1.25 68.6177 432.559
1.26 67.7457 429.823
1.27 66.8915 427.09
1.28 66.0548 424.362
1.29 65.2351 421.637
1.3 64.432 418.917
1.31 63.6453 416.202
1.32 62.8745 413.492
1.33 62.1194 410.788
1.34 61.3794 408.09
1.35 60.6544 405.398
1.36 59.944 402.713
1.37 59.2479 400.035
1.38 58.5657 397.365
1.39 57.8972 394.702
1.4 57.242 392.047
1.41 56.5999 389.4
1.42 55.9705 386.762
1.43 55.3537 384.133
1.44 54.7491 381.512
1.45 54.1564 378.901
1.46 53.5755 376.299
1.47 53.0059 373.706
1.48 52.4476 371.124
1.49 51.9003 368.551
1.5 51.3636 365.989
1.51 50.8375 363.437
1.52 50.3216 360.896
1.53 49.8158 358.365
1.54 49.3198 355.846
1.55 48.8334 353.337
1.56 48.3565 350.839
1.57 47.8887 348.353
1.58 47.43 345.879
1.59 46.9802 343.416
1.6 46.5389 340.964
1.61 46.1062 338.524
1.62 45.6817 336.097
1.63 45.2653 333.681
1.64 44.8569 331.277
1.65 44.4563 328.886
1.66 44.0633 326.507
1.67 43.6777 324.14
1.68 43.2995 321.785
1.69 42.9284 319.443
1.7 42.5643 317.114
1.71 42.2071 314.797
1.72 41.8566 312.493
1.73 41.5127 310.201
1.74 41.1753 307.923
1.75 40.8442 305.657
1.76 40.5194 303.403
1.77 40.2005 301.163
1.78 39.8877 298.936
1.79 39.5807 296.721
1.8 39.2794 294.52
1.81 38.9837 292.331
1.82 38.6935 290.155
1.83 38.4087 287.993
1.84 38.1292 285.843
1.85 37.8549 283.706
1.86 37.5857 281.583
1.87 37.3214 279.472
1.88 37.0621 277.374
1.89 36.8075 275.29
1.9 36.5576 273.218
1.91 36.3124 271.159
1.92 36.0717 269.114
1.93 35.8354 267.081
1.94 35.6035 265.061
1.95 35.3758 263.054
1.96 35.1524 261.06
1.97 34.9331 259.079
1.98 34.7178 257.111
1.99 34.5064 255.155
2 34.299 253.213
2.01 34.0954 251.283
2.02 33.8956 249.366
2.03 33.6994 247.461
2.04 33.5069 245.57
2.05 33.3179 243.691
2.06 33.1324 241.824
2.07 32.9503 239.97
2.08 32.7716 238.129
2.09 32.5963 236.3
2.1 32.4241 234.484
2.11 32.2552 232.68
2.12 32.0894 230.889
2.13 31.9267 229.109
2.14 31.767 227.342
2.15 31.6103 225.588
2.16 31.4565 223.845
2.17 31.3056 222.115
2.18 31.1575 220.396
2.19 31.0123 218.69
2.2 30.8697 216.996
2.21 30.7298 215.314
2.22 30.5926 213.643
2.23 30.458 211.985
2.24 30.326 210.338
2.25 30.1964 208.703
2.26 30.0694 207.079
2.27 29.9448 205.467
2.28 29.8225 203.867
2.29 29.7027 202.278
2.3 29.5851 200.701
2.31 29.4699 199.135
2.32 29.3569 197.581
2.33 29.2461 196.037
2.34 29.1375 194.505
2.35 29.031 192.984
2.36 28.9266 191.475
2.37 28.8244 189.976
2.38 28.7241 188.488
2.39 28.6259 187.011
2.4 28.5297 185.545
2.41 28.4355 184.09
2.42 28.3431 182.646
2.43 28.2527 181.212
2.44 28.1641 179.789
2.45 28.0774 178.376
2.46 27.9925 176.974
2.47 27.9094 175.583
2.48 27.8281 174.202
2.49 27.7485 172.831
2.5 27.6706 171.47
2.51 27.5944 170.12
2.52 27.5199 168.779
2.53 27.4471 167.449
2.54 27.3758 166.129
2.55 27.3062 164.819
2.56 27.2381 163.518
2.57 27.1716 162.228
2.58 27.1066 160.947
2.59 27.0432 159.676
2.6 26.9812 158.415
2.61 26.9207 157.163
2.62 26.8617 155.92
2.63 26.8041 154.688
2.64 26.7479 153.464
2.65 26.6932 152.25
2.66 26.6398 151.045
2.67 26.5878 149.85
2.68 26.5371 148.664
2.69 26.4878 147.486
2.7 26.4397 146.318
2.71 26.393 145.159
2.72 26.3476 144.008
2.73 26.3034 142.867
2.74 26.2605 141.734
2.75 26.2188 140.61
2.76 26.1784 139.495
2.77 26.1391 138.389
2.78 26.1011 137.291
2.79 26.0642 136.201
2.8 26.0285 135.12
2.81 25.994 134.047
2.82 25.9606 132.983
2.83 25.9283 131.927
2.84 25.8972 130.879
2.85 25.8671 129.839
2.86 25.8382 128.808
2.87 25.8103 127.784
2.88 25.7835 126.769
2.89 25.7578 125.761
2.9 25.7331 124.762
2.91 25.7094 123.77
2.92 25.6868 122.786
2.93 25.6651 121.809
2.94 25.6445 120.841
2.95 25.6249 119.88
2.96 25.6063 118.926
2.97 25.5886 117.98
2.98 25.5719 117.042
2.99 25.5562 116.11
3 25.5414 115.187
3.01 25.5275 114.27
3.02 25.5146 113.361
3.03 25.5026 112.459
3.04 25.4915 111.564
3.05 25.4813 110.676
3.06 25.472 109.795
3.07 25.4636 108.921
3.08 25.456 108.054
3.09 25.4494 107.194
3.1 25.4436 106.34
3.11 25.4387 105.494
3.12 25.4346 104.654
3.13 25.4313 103.821
3.14 25.4289 102.994
3.15 25.4273 102.174
3.16 25.4266 101.361
3.17 25.4266 100.554
3.18 25.4275 99.7533
3.19 25.4292 98.9592
3.2 25.4317 98.1713
3.21 25.4349 97.3898
3.22 25.439 96.6145
3.23 25.4438 95.8453
3.24 25.4494 95.0824
3.25 25.4558 94.3255
3.26 25.4629 93.5746
3.27 25.4708 92.8298
3.28 25.4794 92.0909
3.29 25.4888 91.358
3.3 25.4989 90.6309
3.31 25.5098 89.9096
3.32 25.5213 89.1941
3.33 25.5337 88.4844
3.34 25.5467 87.7803
3.35 25.5604 87.0819
3.36 25.5749 86.3891
3.37 25.5901 85.7018
3.38 25.606 85.0201
3.39 25.6225 84.3439
3.4 25.6398 83.673
3.41 25.6578 83.0076
3.42 25.6764 82.3476
3.43 25.6957 81.6928
3.44 25.7157 81.0433
3.45 25.7364 80.399
3.46 25.7578 79.7599
3.47 25.7798 79.126
3.48 25.8025 78.4972
3.49 25.8259 77.8734
3.5 25.8499 77.2547
3.51 25.8745 76.641
3.52 25.8998 76.0322
3.53 25.9258 75.4283
3.54 25.9524 74.8293
3.55 25.9797 74.2351
3.56 26.0075 73.6457
3.57 26.0361 73.0611
3.58 26.0652 72.4812
3.59 26.095 71.906
3.6 26.1254 71.3355
3.61 26.1565 70.7695
3.62 26.1881 70.2082
3.63 26.2204 69.6513
3.64 26.2533 69.099
3.65 26.2868 68.5512
3.66 26.3209 68.0077
3.67 26.3557 67.4687
3.68 26.391 66.9341
3.69 26.4269 66.4037
3.7 26.4635 65.8777
3.71 26.5006 65.3559
3.72 26.5384 64.8384
3.73 26.5767 64.325
3.74 26.6157 63.8159
3.75 26.6552 63.3108
3.76 26.6953 62.8098
3.77 26.7361 62.3129
3.78 26.7774 61.8201
3.79 26.8192 61.3312
3.8 26.8617 60.8463
3.81 26.9048 60.3653
3.82 26.9484 59.8882
3.83 26.9926 59.415
3.84 27.0374 58.9457
3.85 27.0828 58.4801
3.86 27.1287 58.0184
3.87 27.1753 57.5604
3.88 27.2223 57.1061
3.89 27.27 56.6555
3.9 27.3182 56.2085
3.91 27.367 55.7652
3.92 27.4164 55.3255
3.93 27.4663 54.8894
3.94 27.5168 54.4568
3.95 27.5679 54.0277
3.96 27.6195 53.6021
3.97 27.6717 53.18
3.98 27.7245 52.7613
3.99 27.7778 52.346
4 27.8316 51.9341
4.01 27.8861 51.5256
4.02 27.941 51.1203
4.03 27.9966 50.7184
4.04 28.0527 50.3197
4.05 28.1093 49.9243
4.06 28.1665 49.5321
4.07 28.2243 49.1431
4.08 28.2826 48.7573
4.09 28.3415 48.3746
4.1 28.4009 47.995
4.11 28.4609 47.6185
4.12 28.5214 47.245
4.13 28.5824 46.8746
4.14 28.6441 46.5072
4.15 28.7062 46.1428
4.16 28.769 45.7814
4.17 28.8322 45.4229
4.18 28.896 45.0674
4.19 28.9604 44.7147
4.2 29.0253 44.3649
4.21 29.0908 44.018
4.22 29.1568 43.6738
4.23 29.2233 43.3325
4.24 29.2904 42.994
4.25 29.3581 42.6582
4.26 29.4263 42.3252
4.27 29.495 41.9948
4.28 29.5643 41.6672
4.29 29.6341 41.3422
4.3 29.7045 41.0199
4.31 29.7754 40.7002
4.32 29.8469 40.3831
4.33 29.9189 40.0686
4.34 29.9915 39.7566
4.35 30.0646 39.4472
4.36 30.1382 39.1403
4.37 30.2124 38.8359
4.38 30.2872 38.534
4.39 30.3625 38.2345
4.4 30.4383 37.9375
4.41 30.5147 37.6429
4.42 30.5917 37.3507
4.43 30.6692 37.0609
4.44 30.7472 36.7735
4.45 30.8258 36.4883
4.46 30.9049 36.2055
4.47 30.9846 35.9251
4.48 31.0648 35.6468
4.49 31.1456 35.3709
4.5 31.2269 35.0972
4.51 31.3088 34.8257
4.52 31.3913 34.5565
4.53 31.4743 34.2894
4.54 31.5578 34.0245
4.55 31.6419 33.7618
4.56 31.7265 33.5012
4.57 31.8117 33.2427
4.58 31.8975 32.9864
4.59 31.9838 32.7321
4.6 32.0707 32.4799
4.61 32.1581 32.2297
4.62 32.2461 31.9816
4.63 32.3346 31.7355
4.64 32.4237 31.4914
4.65 32.5134 31.2493
4.66 32.6036 31.0092
4.67 32.6943 30.771
4.68 32.7857 30.5347
4.69 32.8776 30.3004
4.7 32.97 30.068
4.71 33.0631 29.8374
4.72 33.1567 29.6088
4.73 33.2508 29.382
4.74 33.3455 29.157
4.75 33.4408 28.9339
4.76 33.5367 28.7126
4.77 33.6331 28.4931
4.78 33.7301 28.2754
4.79 33.8277 28.0594
4.8 33.9258 27.8452
4.81 34.0245 27.6328
4.82 34.1238 27.422
4.83 34.2236 27.213
4.84 34.3241 27.0057
4.85 34.4251 26.8
4.86 34.5267 26.5961
4.87 34.6288 26.3938
4.88 34.7316 26.1931
4.89 34.8349 25.9941
4.9 34.9388 25.7967
4.91 35.0433 25.6008
4.92 35.1484 25.4066
4.93 35.254 25.214
4.94 35.3603 25.0229
4.95 35.4671 24.8334
4.96 35.5746 24.6454
4.97 35.6826 24.4589
4.98 35.7912 24.2739
4.99 35.9004 24.0905
5 36.0102 23.9085
5.01 36.1206 23.728
5.02 36.2315 23.549
5.03 36.3431 23.3714
5.04 36.4553 23.1953
5.05 36.5681 23.0206
5.06 36.6815 22.8473
5.07 36.7955 22.6754
5.08 36.9101 22.5049
5.09 37.0253 22.3358
5.1 37.1411 22.168
5.11 37.2575 22.0017
5.12 37.3745 21.8366
5.13 37.4922 21.6729
5.14 37.6104 21.5106
5.15 37.7293 21.3495
5.16 37.8488 21.1897
5.17 37.9689 21.0313
5.18 38.0896 20.8741
5.19 38.2109 20.7182
5.2 38.3329 20.5635
5.21 38.4555 20.4102
5.22 38.5787 20.258
5.23 38.7026 20.1071
5.24 38.827 19.9574
5.25 38.9521 19.8089
5.26 39.0779 19.6616
5.27 39.2042 19.5155
5.28 39.3312 19.3706
5.29 39.4589 19.2268
5.3 39.5872 19.0842
5.31 39.7161 18.9428
5.32 39.8456 18.8025
5.33 39.9758 18.6634
5.34 40.1067 18.5253
5.35 40.2382 18.3884
5.36 40.3703 18.2526
5.37 40.5031 18.1179
5.38 40.6366 17.9842
5.39 40.7707 17.8517
5.4 40.9055 17.7202
5.41 41.0409 17.5898
5.42 41.177 17.4604
5.43 41.3137 17.3321
5.44 41.4511 17.2048
5.45 41.5892 17.0785
5.46 41.728 16.9532
5.47 41.8674 16.829
5.48 42.0075 16.7057
5.49 42.1482 16.5835
5.5 42.2897 16.4622
5.51 42.4318 16.3419
5.52 42.5746 16.2226
5.53 42.718 16.1043
5.54 42.8622 15.9869
5.55 43.007 15.8704
5.56 43.1526 15.7549
5.57 43.2988 15.6403
5.58 43.4457 15.5266
5.59 43.5933 15.4138
5.6 43.7416 15.302
5.61 43.8906 15.191
5.62 44.0403 15.0809
5.63 44.1907 14.9718
5.64 44.3419 14.8635
5.65 44.4937 14.756
5.66 44.6462 14.6495
5.67 44.7994 14.5437
5.68 44.9534 14.4389
5.69 45.1081 14.3348
5.7 45.2634 14.2317
5.71 45.4195 14.1293
5.72 45.5764 14.0278
5.73 45.7339 13.927
5.74 45.8922 13.8271
5.75 46.0512 13.728
5.76 46.211 13.6297
5.77 46.3714 13.5321
5.78 46.5326 13.4354
5.79 46.6946 13.3394
5.8 46.8573 13.2442
5.81 47.0207 13.1497
5.82 47.1849 13.056
5.83 47.3498 12.9631
5.84 47.5155 12.8709
5.85 47.6819 12.7794
5.86 47.8491 12.6887
5.87 48.0171 12.5987
5.88 48.1858 12.5094
5.89 48.3553 12.4208
5.9 48.5255 12.3329
5.91 48.6965 12.2458
5.92 48.8683 12.1593
5.93 49.0408 12.0735
5.94 49.2141 11.9884
5.95 49.3882 11.904
5.96 49.5631 11.8203
5.97 49.7388 11.7372
5.98 49.9152 11.6548
5.99 50.0925 11.5731
6 50.2705 11.492
6.01 50.4493 11.4115
6.02 50.629 11.3317
6.03 50.8094 11.2525
6.04 50.9906 11.174
6.05 51.1726 11.0961
6.06 51.3555 11.0188
6.07 51.5391 10.9421
6.08 51.7236 10.866
6.09 51.9089 10.7905
6.1 52.095 10.7157
6.11 52.2819 10.6414
6.12 52.4696 10.5677
6.13 52.6582 10.4946
6.14 52.8476 10.4221
6.15 53.0378 10.3502
6.16 53.2289 10.2788
6.17 53.4208 10.208
6.18 53.6135 10.1378
6.19 53.8071 10.0681
6.2 54.0016 9.99899
6.21 54.1969 9.93041
6.22 54.393 9.86238
6.23 54.59 9.79489
6.24 54.7879 9.72793
6.25 54.9866 9.66151
6.26 55.1862 9.59561
6.27 55.3866 9.53023
6.28 55.588 9.46538
6.29 55.7902 9.40103
6.3 55.9932 9.3372
6.31 56.1972 9.27387
6.32 56.402 9.21104
6.33 56.6078 9.14872
6.34 56.8144 9.08688
6.35 57.0219 9.02553
6.36 57.2303 8.96467
6.37 57.4396 8.90429
6.38 57.6498 8.84439
6.39 57.861 8.78496
6.4 58.073 8.72601
6.41 58.2859 8.66751
6.42 58.4998 8.60948
6.43 58.7145 8.55191
6.44 58.9302 8.4948
6.45 59.1469 8.43813
6.46 59.3644 8.38191
6.47 59.5829 8.32614
6.48 59.8023 8.27081
6.49 60.0227 8.21591
6.5 60.244 8.16144
6.51 60.4662 8.10741
6.52 60.6894 8.0538
6.53 60.9136 8.00062
6.54 61.1387 7.94785
6.55 61.3647 7.8955
6.56 61.5917 7.84356
6.57 61.8197 7.79203
6.58 62.0487 7.74091
6.59 62.2786 7.69019
6.6 62.5095 7.63987
6.61 62.7414 7.58994
6.62 62.9743 7.54041
6.63 63.2082 7.49127
6.64 63.443 7.44251
6.65 63.6789 7.39414
6.66 63.9157 7.34615
6.67 64.1536 7.29854
6.68 64.3924 7.2513
6.69 64.6323 7.20443
6.7 64.8732 7.15793
6.71 65.1151 7.11179
6.72 65.358 7.06602
6.73 65.6019 7.02061
6.74 65.8469 6.97555
6.75 66.0929 6.93085
6.76 66.34 6.8865
6.77 66.588 6.8425
6.78 66.8372 6.79884
6.79 67.0873 6.75552
6.8 67.3386 6.71255
6.81 67.5908 6.66991
6.82 67.8442 6.62761
6.83 68.0986 6.58563
6.84 68.354 6.54399
6.85 68.6106 6.50267
6.86 68.8682 6.46168
6.87 69.1269 6.42101
6.88 69.3866 6.38065
6.89 69.6475 6.34062
6.9 69.9094 6.30089
6.91 70.1725 6.26148
6.92 70.4366 6.22238
6.93 70.7019 6.18358
6.94 70.9682 6.14508
6.95 71.2357 6.10689
6.96 71.5043 6.069
6.97 71.774 6.0314
6.98 72.0448 5.9941
6.99 72.3168 5.95709
7 72.5899 5.92036
7.01 72.8641 5.88393
7.02 73.1394 5.84778
7.03 73.416 5.81191
7.04 73.6936 5.77633
7.05 73.9724 5.74102
7.06 74.2524 5.70598
7.07 74.5335 5.67123
7.08 74.8158 5.63674
7.09 75.0993 5.60252
7.1 75.3839 5.56857
7.11 75.6698 5.53488
7.12 75.9568 5.50146
7.13 76.245 5.4683
7.14 76.5344 5.4354
7.15 76.825 5.40275
7.16 77.1168 5.37036
7.17 77.4098 5.33823
7.18 77.704 5.30634
7.19 77.9994 5.2747
7.2 78.2961 5.24331
7.21 78.5939 5.21217
7.22 78.893 5.18127
7.23 79.1934 5.15061
7.24 79.495 5.12019
7.25 79.7978 5.09
7.26 80.1019 5.06005
7.27 80.4072 5.03034
7.28 80.7138 5.00086
7.29 81.0216 4.9716
7.3 81.3307 4.94258
7.31 81.6411 4.91378
7.32 81.9528 4.88521
7.33 82.2657 4.85686
7.34 82.58 4.82873
7.35 82.8955 4.80082
7.36 83.2123 4.77313
7.37 83.5304 4.74566
7.38 83.8499 4.7184
7.39 84.1706 4.69135
7.4 84.4927 4.66451
7.41 84.8161 4.63789
7.42 85.1408 4.61147
7.43 85.4668 4.58525
7.44 85.7942 4.55925
7.45 86.1229 4.53344
7.46 86.453 4.50784
7.47 86.7844 4.48244
7.48 87.1172 4.45723
7.49 87.4513 4.43222
7.5 87.7868 4.40741
7.51 88.1237 4.38279
7.52 88.462 4.35837
7.53 88.8016 4.33413
7.54 89.1427 4.31009
7.55 89.4851 4.28623
7.56 89.8289 4.26256
7.57 90.1741 4.23907
7.58 90.5208 4.21577
7.59 90.8689 4.19265
7.6 91.2183 4.16971
7.61 91.5692 4.14695
7.62 91.9216 4.12437
7.63 92.2754 4.10197
7.64 92.6306 4.07974
7.65 92.9873 4.05768
7.66 93.3454 4.0358
7.67 93.705 4.01409
7.68 94.066 3.99255
7.69 94.4285 3.97118
7.7 94.7925 3.94998
7.71 95.158 3.92894
7.72 95.525 3.90807
7.73 95.8935 3.88736
7.74 96.2634 3.86682
7.75 96.6349 3.84643
7.76 97.0079 3.82621
7.77 97.3824 3.80614
7.78 97.7584 3.78624
7.79 98.1359 3.76649
7.8 98.515 3.74689
7.81 98.8957 3.72745
7.82 99.2778 3.70817
7.83 99.6616 3.68903
7.84 100.047 3.67005
7.85 100.434 3.65122
7.86 100.822 3.63253
7.87 101.212 3.61399
7.88 101.604 3.5956
7.89 101.997 3.57736
7.9 102.392 3.55926
7.91 102.788 3.5413
7.92 103.186 3.52348
7.93 103.586 3.50581
7.94 103.987 3.48827
7.95 104.39 3.47088
7.96 104.794 3.45362
7.97 105.2 3.4365
7.98 105.608 3.41952
7.99 106.017 3.40267
8 106.428 3.38595
8.01 106.841 3.36937
8.02 107.255 3.35292
8.03 107.672 3.33661
8.04 108.089 3.32042
8.05 108.509 3.30436
8.06 108.93 3.28843
8.07 109.353 3.27263
8.08 109.777 3.25695
8.09 110.204 3.2414
8.1 110.632 3.22598
8.11 111.061 3.21068
8.12 111.493 3.1955
8.13 111.926 3.18044
8.14 112.361 3.16551
8.15 112.798 3.15069
8.16 113.236 3.136
8.17 113.676 3.12142
8.18 114.118 3.10697
8.19 114.562 3.09262
8.2 115.008 3.0784
8.21 115.455 3.06429
8.22 115.904 3.0503
8.23 116.355 3.03641
8.24 116.808 3.02265
8.25 117.263 3.00899
8.26 117.719 2.99545
8.27 118.178 2.98201
8.28 118.638 2.96869
8.29 119.1 2.95548
8.3 119.564 2.94237
8.31 120.029 2.92937
8.32 120.497 2.91648
8.33 120.967 2.9037
8.34 121.438 2.89102
8.35 121.911 2.87845
8.36 122.387 2.86597
8.37 122.864 2.85361
8.38 123.343 2.84134
8.39 123.824 2.82918
8.4 124.307 2.81712
8.41 124.791 2.80516
8.42 125.278 2.7933
8.43 125.767 2.78154
8.44 126.258 2.76988
8.45 126.75 2.75832
8.46 127.245 2.74685
8.47 127.742 2.73548
8.48 128.24 2.72421
8.49 128.741 2.71303
8.5 129.244 2.70195
8.51 129.749 2.69096
8.52 130.255 2.68006
8.53 130.764 2.66926
8.54 131.275 2.65855
8.55 131.788 2.64793
8.56 132.303 2.63741
8.57 132.82 2.62697
8.58 133.339 2.61663
8.59 133.86 2.60637
8.6 134.383 2.5962
8.61 134.908 2.58613
8.62 135.436 2.57614
8.63 135.965 2.56623
8.64 136.497 2.55642
8.65 137.031 2.54669
8.66 137.567 2.53704
8.67 138.105 2.52749
8.68 138.645 2.51801
8.69 139.188 2.50862
8.7 139.732 2.49932
8.71 140.279 2.49009
8.72 140.828 2.48095
8.73 141.379 2.4719
8.74 141.933 2.46292
8.75 142.488 2.45403
8.76 143.046 2.44521
8.77 143.606 2.43648
8.78 144.168 2.42783
8.79 144.733 2.41925
8.8 145.3 2.41076
8.81 145.869 2.40234
8.82 146.44 2.39401
8.83 147.014 2.38575
8.84 147.59 2.37756
8.85 148.168 2.36946
8.86 148.749 2.36143
8.87 149.332 2.35347
8.88 149.917 2.3456
8.89 150.504 2.33779
8.9 151.094 2.33007
8.91 151.687 2.32241
8.92 152.281 2.31483
8.93 152.878 2.30733
8.94 153.478 2.29989
8.95 154.08 2.29253
8.96 154.684 2.28525
8.97 155.29 2.27803
8.98 155.899 2.27089
8.99 156.511 2.26381
9 157.125 2.25681
9.01 157.741 2.24988
9.02 158.36 2.24302
9.03 158.981 2.23623
9.04 159.605 2.22951
9.05 160.232 2.22286
9.06 160.86 2.21628
9.07 161.492 2.20976
9.08 162.125 2.20332
9.09 162.762 2.19694
9.1 163.401 2.19063
9.11 164.042 2.18439
9.12 164.686 2.17821
9.13 165.333 2.1721
9.14 165.982 2.16606
9.15 166.634 2.16009
9.16 167.288 2.15418
9.17 167.945 2.14833
9.18 168.604 2.14255
9.19 169.267 2.13684
9.2 169.931 2.13119
9.21 170.599 2.12561
9.22 171.269 2.12009
9.23 171.942 2.11463
9.24 172.617 2.10924
9.25 173.296 2.10391
9.26 173.976 2.09865
9.27 174.66 2.09344
9.28 175.346 2.0883
9.29 176.036 2.08323
9.3 176.727 2.07821
9.31 177.422 2.07326
9.32 178.119 2.06837
9.33 178.819 2.06354
9.34 179.522 2.05878
9.35 180.228 2.05407
9.36 180.936 2.04943
9.37 181.648 2.04485
9.38 182.362 2.04032
9.39 183.079 2.03586
9.4 183.799 2.03146
9.41 184.521 2.02712
9.42 185.247 2.02284
9.43 185.976 2.01862
9.44 186.707 2.01446
9.45 187.441 2.01036
9.46 188.178 2.00632
9.47 188.919 2.00233
9.48 189.662 1.99841
9.49 190.408 1.99455
9.5 191.157 1.99074
9.51 191.909 1.98699
9.52 192.664 1.98331
9.53 193.422 1.97968
9.54 194.183 1.9761
9.55 194.947 1.97259
9.56 195.714 1.96914
9.57 196.484 1.96574
9.58 197.257 1.9624
9.59 198.033 1.95912
9.6 198.812 1.9559
9.61 199.595 1.95273
9.62 200.38 1.94962
9.63 201.169 1.94657
9.64 201.961 1.94358
9.65 202.755 1.94064
9.66 203.554 1.93776
9.67 204.355 1.93494
9.68 205.159 1.93218
9.69 205.967 1.92947
9.7 206.777 1.92682
9.71 207.591 1.92422
9.72 208.409 1.92169
9.73 209.229 1.91921
9.74 210.053 1.91679
9.75 210.88 1.91442
9.76 211.71 1.91211
9.77 212.544 1.90986
9.78 213.381 1.90766
9.79 214.221 1.90552
9.8 215.064 1.90344
9.81 215.911 1.90142
9.82 216.761 1.89945
9.83 217.615 1.89754
9.84 218.472 1.89568
9.85 219.332 1.89388
9.86 220.196 1.89214
9.87 221.063 1.89046
9.88 221.934 1.88883
9.89 222.808 1.88726
9.9 223.685 1.88575
9.91 224.566 1.88429
9.92 225.451 1.88289
9.93 226.339 1.88155
9.94 227.23 1.88027
9.95 228.125 1.87904
9.96 229.024 1.87787
9.97 229.926 1.87676
9.98 230.832 1.8757
9.99 231.741 1.8747
10 232.654 1.87376
10.01 233.57 1.87288
10.02 234.49 1.87206
10.03 235.414 1.87129
10.04 236.341 1.87058
10.05 237.273 1.86993
10.06 238.207 1.86934
10.07 239.146 1.86881
10.08 240.088 1.86834
10.09 241.034 1.86792
10.1 241.983 1.86756
10.11 242.937 1.86727
10.12 243.894 1.86703
10.13 244.854 1.86685
10.14 245.819 1.86673
10.15 246.788 1.86667
10.16 247.76 1.86668
10.17 248.736 1.86674
10.18 249.716 1.86686
10.19 250.7 1.86704
10.2 251.688 1.86728
10.21 252.679 1.86759
10.22 253.675 1.86795
10.23 254.674 1.86838
10.24 255.678 1.86887
10.25 256.685 1.86942
10.26 257.696 1.87004
10.27 258.712 1.87071
10.28 259.731 1.87145
10.29 260.754 1.87225
10.3 261.782 1.87312
10.31 262.813 1.87404
10.32 263.848 1.87504
10.33 264.888 1.87609
10.34 265.932 1.87721
10.35 266.979 1.8784
10.36 268.031 1.87965
10.37 269.087 1.88097
10.38 270.147 1.88235
10.39 271.212 1.8838
10.4 272.28 1.88532
10.41 273.353 1.8869
10.42 274.43 1.88855
10.43 275.511 1.89027
10.44 276.596 1.89205
10.45 277.686 1.8939
10.46 278.78 1.89583
10.47 279.878 1.89782
10.48 280.981 1.89988
10.49 282.088 1.90201
10.5 283.199 1.90422
10.51 284.314 1.90649
10.52 285.434 1.90883
10.53 286.559 1.91125
10.54 287.688 1.91374
10.55 288.821 1.9163
10.56 289.959 1.91894
10.57 291.101 1.92165
10.58 292.247 1.92443
10.59 293.398 1.92729
10.6 294.554 1.93023
10.61 295.714 1.93324
10.62 296.879 1.93633
10.63 298.048 1.93949
10.64 299.222 1.94274
10.65 300.4 1.94606
10.66 301.583 1.94946
10.67 302.771 1.95294
10.68 303.963 1.9565
10.69 305.16 1.96014
10.7 306.362 1.96386
10.71 307.568 1.96767
10.72 308.779 1.97156
10.73 309.995 1.97553
10.74 311.216 1.97959
10.75 312.441 1.98373
10.76 313.671 1.98795
10.77 314.906 1.99227
10.78 316.146 1.99667
10.79 317.39 2.00116
10.8 318.64 2.00574
10.81 319.894 2.0104
10.82 321.153 2.01516
10.83 322.418 2.02001
10.84 323.687 2.02495
10.85 324.961 2.02999
10.86 326.24 2.03512
10.87 327.524 2.04034
10.88 328.813 2.04566
10.89 330.107 2.05107
10.9 331.406 2.05659
10.91 332.71 2.0622
10.92 334.019 2.06791
10.93 335.333 2.07372
10.94 336.652 2.07964
10.95 337.977 2.08565
10.96 339.307 2.09177
10.97 340.641 2.09799
10.98 341.981 2.10432
10.99 343.327 2.11076
11 344.677 2.11731
11.01 346.033 2.12396
11.02 347.394 2.13072
11.03 348.76 2.1376
11.04 350.131 2.14459
11.05 351.508 2.15169
11.06 352.89 2.1589
11.07 354.278 2.16624
11.08 355.671 2.17369
11.09 357.069 2.18126
11.1 358.473 2.18895
11.11 359.882 2.19676
11.12 361.297 2.20469
11.13 362.717 2.21275
11.14 364.142 2.22094
11.15 365.573 2.22925
11.16 367.01 2.23769
11.17 368.452 2.24626
11.18 369.9 2.25496
11.19 371.353 2.2638
11.2 372.812 2.27277
11.21 374.277 2.28188
11.22 375.747 2.29113
11.23 377.223 2.30051
11.24 378.705 2.31004
11.25 380.192 2.31971
11.26 381.685 2.32953
11.27 383.184 2.33949
11.28 384.688 2.3496
11.29 386.198 2.35986
11.3 387.715 2.37028
11.31 389.236 2.38085
11.32 390.764 2.39157
11.33 392.298 2.40246
11.34 393.838 2.4135
11.35 395.383 2.42471
11.36 396.934 2.43608
11.37 398.492 2.44762
11.38 400.055 2.45932
11.39 401.624 2.4712
11.4 403.2 2.48325
11.41 404.781 2.49548
11.42 406.368 2.50788
11.43 407.962 2.52047
11.44 409.561 2.53324
11.45 411.167 2.54619
11.46 412.779 2.55933
11.47 414.397 2.57266
11.48 416.021 2.58618
11.49 417.651 2.5999
11.5 419.287 2.61382
11.51 420.93 2.62794
11.52 422.579 2.64226
11.53 424.234 2.65679
11.54 425.896 2.67152
11.55 427.564 2.68647
11.56 429.238 2.70164
11.57 430.919 2.71702
11.58 432.605 2.73263
11.59 434.299 2.74846
11.6 435.999 2.76452
11.61 437.705 2.7808
11.62 439.417 2.79733
11.63 441.136 2.81409
11.64 442.862 2.83109
11.65 444.594 2.84834
11.66 446.333 2.86583
11.67 448.078 2.88358
11.68 449.83 2.90159
11.69 451.588 2.91985
11.7 453.353 2.93838
11.71 455.125 2.95717
11.72 456.903 2.97624
11.73 458.688 2.99558
11.74 460.48 3.0152
11.75 462.278 3.0351
11.76 464.083 3.0553
11.77 465.895 3.07578
11.78 467.714 3.09657
11.79 469.539 3.11765
11.8 471.371 3.13904
11.81 473.21 3.16074
11.82 475.056 3.18276
11.83 476.909 3.2051
11.84 478.769 3.22776
11.85 480.636 3.25076
11.86 482.509 3.27409
11.87 484.39 3.29776
11.88 486.277 3.32178
11.89 488.172 3.34616
11.9 490.073 3.37089
11.91 491.982 3.39598
11.92 493.898 3.42144
11.93 495.82 3.44728
11.94 497.75 3.4735
11.95 499.687 3.50011
11.96 501.631 3.52711
11.97 503.582 3.55451
11.98 505.54 3.58232
11.99 507.506 3.61055
12 509.479 3.63919
12.01 511.459 3.66826
12.02 513.446 3.69776
12.03 515.44 3.72771
12.04 517.442 3.75811
12.05 519.451 3.78896
12.06 521.467 3.82027
12.07 523.491 3.85206
12.08 525.522 3.88433
12.09 527.56 3.91708
12.1 529.606 3.95034
12.11 531.659 3.98409
12.12 533.719 4.01836
12.13 535.787 4.05315
12.14 537.862 4.08848
12.15 539.945 4.12434
12.16 542.035 4.16075
12.17 544.133 4.19772
12.18 546.238 4.23526
12.19 548.351 4.27338
12.2 550.471 4.31209
12.21 552.599 4.3514
12.22 554.735 4.39131
12.23 556.878 4.43185
12.24 559.028 4.47301
12.25 561.186 4.51482
12.26 563.352 4.55728
12.27 565.526 4.60041
12.28 567.707 4.64422
12.29 569.895 4.68871
12.3 572.092 4.73391
12.31 574.296 4.77982
12.32 576.507 4.82645
12.33 578.727 4.87383
12.34 580.954 4.92196
12.35 583.189 4.97086
12.36 585.432 5.02054
12.37 587.682 5.07102
12.38 589.94 5.1223
12.39 592.206 5.17441
12.4 594.479 5.22736
12.41 596.761 5.28117
12.42 599.05 5.33585
12.43 601.347 5.39142
12.44 603.652 5.44789
12.45 605.964 5.50528
12.46 608.285 5.56361
12.47 610.613 5.6229
12.48 612.949 5.68316
12.49 615.293 5.74441
12.5 617.644 5.80668
12.51 620.004 5.86997
12.52 622.371 5.93432
12.53 624.746 5.99974
12.54 627.129 6.06624
12.55 629.52 6.13386
12.56 631.918 6.20261
12.57 634.325 6.27252
12.58 636.739 6.3436
12.59 639.161 6.41588
12.6 641.591 6.48939
12.61 644.029 6.56414
12.62 646.474 6.64017
12.63 648.928 6.71749
12.64 651.389 6.79613
12.65 653.858 6.87611
12.66 656.335 6.95748
12.67 658.819 7.04024
12.68 661.311 7.12443
12.69 663.812 7.21008
12.7 666.319 7.29721
12.71 668.835 7.38586
12.72 671.358 7.47606
12.73 673.889 7.56783
12.74 676.428 7.66121
12.75 678.974 7.75624
12.76 681.529 7.85293
12.77 684.09 7.95134
12.78 686.66 8.05148
12.79 689.237 8.15341
12.8 691.821 8.25715
12.81 694.413 8.36274
12.82 697.013 8.47022
12.83 699.62 8.57962
12.84 702.234 8.69099
12.85 704.857 8.80438
12.86 707.486 8.91981
12.87 710.123 9.03733
12.88 712.767 9.15698
12.89 715.419 9.27882
12.9 718.078 9.40288
12.91 720.744 9.52921
12.92 723.417 9.65786
12.93 726.098 9.78888
12.94 728.785 9.92232
12.95 731.48 10.0582
12.96 734.182 10.1966
12.97 736.89 10.3376
12.98 739.606 10.4813
12.99 742.329 10.6276
13 745.058 10.7766
13.01 747.794 10.9285
13.02 750.537 11.0832
13.03 753.287 11.2408
13.04 756.043 11.4014
13.05 758.806 11.5651
13.06 761.575 11.7319
13.07 764.35 11.9018
13.08 767.132 12.075
13.09 769.92 12.2515
13.1 772.714 12.4314
13.11 775.515 12.6148
13.12 778.321 12.8017
13.13 781.134 12.9923
13.14 783.952 13.1865
13.15 786.776 13.3845
13.16 789.605 13.5864
13.17 792.44 13.7922
13.18 795.281 14.0021
13.19 798.126 14.2161
13.2 800.978 14.4343
13.21 803.834 14.6568
13.22 806.695 14.8837
13.23 809.561 15.1151
13.24 812.432 15.3511
13.25 815.307 15.5919
13.26 818.187 15.8374
13.27 821.072 16.0878
13.28 823.96 16.3433
13.29 826.853 16.604
13.3 829.75 16.8698
13.31 832.65 17.1411
13.32 835.555 17.4179
13.33 838.462 17.7003
13.34 841.373 17.9884
13.35 844.287 18.2824
13.36 847.204 18.5825
13.37 850.124 18.8887
13.38 853.046 19.2011
13.39 855.971 19.5201
13.4 858.898 19.8456
13.41 861.828 20.1778
13.42 864.758 20.517
13.43 867.691 20.8632
13.44 870.625 21.2166
13.45 873.56 21.5774
13.46 876.496 21.9457
13.47 879.432 22.3218
13.48 882.369 22.7058
13.49 885.307 23.0978
13.5 888.244 23.4981
13.51 891.18 23.9069
13.52 894.116 24.3244
13.53 897.052 24.7507
13.54 899.986 25.1861
13.55 902.918 25.6308
13.56 905.849 26.085
13.57 908.777 26.5489
13.58 911.703 27.0228
13.59 914.626 27.5068
13.6 917.546 28.0013
13.61 920.463 28.5065
13.62 923.376 29.0225
13.63 926.284 29.5498
13.64 929.188 30.0885
13.65 932.087 30.6388
13.66 934.981 31.2012
13.67 937.868 31.7759
13.68 940.75 32.3631
13.69 943.624 32.9631
13.7 946.492 33.5764
13.71 949.352 34.2031
13.72 952.204 34.8435
13.73 955.047 35.4981
13.74 957.882 36.1672
13.75 960.706 36.851
13.76 963.521 37.55
13.77 966.325 38.2644
13.78 969.118 38.9948
13.79 971.899 39.7413
13.8 974.668 40.5045
13.81 977.424 41.2847
13.82 980.166 42.0824
13.83 982.895 42.8978
13.84 985.608 43.7316
13.85 988.306 44.584
13.86 990.988 45.4555
13.87 993.653 46.3466
13.88 996.301 47.2578
13.89 998.93 48.1894
13.9 1001.54 49.1421
13.91 1004.13 50.1163
13.92 1006.7 51.1124
13.93 1009.25 52.1311
13.94 1011.78 53.1728
13.95 1014.28 54.2381
13.96 1016.76 55.3275
13.97 1019.21 56.4416
13.98 1021.64 57.581
13.99 1024.05 58.7462
14 1026.42 59.9379
14.01 1028.77 61.1567
14.02 1031.09 62.4032
14.03 1033.37 63.6781
14.04 1035.63 64.9819
14.05 1037.85 66.3154
14.06 1040.04 67.6793
14.07 1042.19 69.0742
14.08 1044.31 70.5008
14.09 1046.39 71.9599
14.1 1048.44 73.4522
14.11 1050.44 74.9785
14.12 1052.4 76.5395
14.13 1054.32 78.1361
14.14 1056.2 79.7689
14.15 1058.03 81.4388
14.16 1059.82 83.1467
14.17 1061.56 84.8933
14.18 1063.25 86.6795
14.19 1064.89 88.5063
14.2 1066.48 90.3744
14.21 1068.02 92.2848
14.22 1069.5 94.2383
14.23 1070.93 96.236
14.24 1072.3 98.2786
14.25 1073.61 100.367
14.26 1074.85 102.503
14.27 1076.04 104.687
14.28 1077.16 106.919
14.29 1078.22 109.201
14.3 1079.21 111.535
14.31 1080.12 113.92
14.32 1080.97 116.359
14.33 1081.75 118.851
14.34 1082.45 121.399
14.35 1083.07 124.002
14.36 1083.61 126.663
14.37 1084.08 129.383
14.38 1084.46 132.162
14.39 1084.76 135.001
14.4 1084.97 137.903
14.41 1085.09 140.867
14.42 1085.12 143.894
14.43 1085.06 146.987
14.44 1084.9 150.147
14.45 1084.65 153.373
14.46 1084.3 156.668
14.47 1083.84 160.032
14.48 1083.29 163.467
14.49 1082.63 166.974
14.5 1081.86 170.553
14.51 1080.98 174.207
14.52 1079.99 177.935
14.53 1078.88 181.74
14.54 1077.66 185.622
14.55 1076.32 189.582
14.56 1074.86 193.621
14.57 1073.27 197.74
14.58 1071.56 201.941
14.59 1069.73 206.223
14.6 1067.76 210.589
14.61 1065.66 215.038
14.62 1063.43 219.572
14.63 1061.06 224.191
14.64 1058.56 228.897
14.65 1055.91 233.689
14.66 1053.13 238.569
14.67 1050.2 243.537
14.68 1047.12 248.594
14.69 1043.9 253.74
14.7 1040.52 258.975
14.71 1037 264.3
14.72 1033.32 269.716
14.73 1029.49 275.221
14.74 1025.5 280.817
14.75 1021.35 286.503
14.76 1017.05 292.28
14.77 1012.59 298.146
14.78 1007.96 304.103
14.79 1003.17 310.148
14.8 998.224 316.283
14.81 993.109 322.505
14.82 987.83 328.815
14.83 982.386 335.212
14.84 976.777 341.694
14.85 971.001 348.26
14.86 965.06 354.91
14.87 958.952 361.641
14.88 952.679 368.452
14.89 946.241 375.341
14.9 939.638 382.306
14.91 932.871 389.346
14.92 925.94 396.458
14.93 918.848 403.639
14.94 911.595 410.888
14.95 904.183 418.201
14.96 896.614 425.575
14.97 888.889 433.007
14.98 881.01 440.495
14.99 872.981 448.034
15 864.803 455.621
15.01 856.48 463.252
15.02 848.015 470.923
15.03 839.41 478.629
15.04 830.669 486.368
15.05 821.796 494.133
15.06 812.795 501.921
15.07 803.671 509.726
15.08 794.426 517.544
15.09 785.067 525.369
15.1 775.598 533.196
15.11 766.024 541.02
15.12 756.349 548.835
15.13 746.581 556.635
15.14 736.723 564.414
15.15 726.783 572.167
15.16 716.765 579.887
15.17 706.677 587.569
15.18 696.524 595.206
15.19 686.312 602.792
15.2 676.049 610.321
15.21 665.74 617.787
15.22 655.393 625.183
15.23 645.015 632.502
15.24 634.612 639.74
15.25 624.191 646.888
15.26 613.759 653.942
15.27 603.323 660.895
15.28 592.89 667.741
15.29 582.468 674.475
15.3 572.063 681.089
15.31 561.681 687.579
15.32 551.33 693.939
15.33 541.017 700.163
15.34 530.748 706.247
15.35 520.529 712.185
15.36 510.368 717.972
15.37 500.27 723.604
15.38 490.241 729.077
15.39 480.288 734.385
15.4 470.415 739.526
15.41 460.63 744.496
15.42 450.936 749.291
15.43 441.339 753.908
15.44 431.844 758.344
15.45 422.455 762.597
15.46 413.177 766.664
15.47 404.015 770.543
15.48 394.971 774.234
15.49 386.049 777.733
15.5 377.254 781.041
15.51 368.587 784.156
15.52 360.052 787.077
15.53 351.651 789.805
15.54 343.387 792.34
15.55 335.261 794.681
15.56 327.276 796.829
15.57 319.432 798.786
15.58 311.732 800.551
15.59 304.175 802.127
15.6 296.764 803.515
15.61 289.497 804.717
15.62 282.377 805.734
15.63 275.402 806.569
15.64 268.573 807.224
15.65 261.889 807.701
15.66 255.35 808.004
15.67 248.955 808.134
15.68 242.704 808.096
15.69 236.595 807.891
15.7 230.627 807.524
15.71 224.799 806.998
15.72 219.109 806.315
15.73 213.556 805.48
15.74 208.139 804.496
15.75 202.855 803.366
15.76 197.702 802.095
15.77 192.679 800.686
15.78 187.784 799.143
15.79 183.014 797.469
15.8 178.368 795.669
15.81 173.843 793.746
15.82 169.437 791.704
15.83 165.147 789.547
15.84 160.972 787.279
15.85 156.909 784.903
15.86 152.956 782.423
15.87 149.11 779.842
15.88 145.369 777.166
15.89 141.731 774.396
15.9 138.193 771.537
15.91 134.753 768.592
15.92 131.408 765.565
15.93 128.157 762.459
15.94 124.997 759.278
15.95 121.925 756.025
15.96 118.94 752.702
15.97 116.039 749.314
15.98 113.22 745.863
15.99 110.481 742.352
16 107.82 738.785
16.01 105.234 735.164
16.02 102.722 731.492
16.03 100.281 727.772
16.04 97.9099 724.007
16.05 95.6064 720.198
16.06 93.3685 716.349
16.07 91.1946 712.463
16.08 89.0826 708.541
16.09 87.0309 704.586
16.1 85.0377 700.6
16.11 83.1012 696.585
16.12 81.2199 692.544
16.13 79.3922 688.478
16.14 77.6164 684.39
16.15 75.891 680.281
16.16 74.2145 676.154
16.17 72.5855 672.01
16.18 71.0026 667.851
16.19 69.4643 663.678
16.2 67.9694 659.493
16.21 66.5165 655.299
16.22 65.1044 651.095
16.23 63.7319 646.884
16.24 62.3977 642.668
16.25 61.1007 638.447
16.26 59.8399 634.223
16.27 58.6139 629.996
16.28 57.422 625.769
16.29 56.2629 621.543
16.3 55.1357 617.318
16.31 54.0395 613.096
16.32 52.9733 608.877
16.33 51.9362 604.663
16.34 50.9273 600.455
16.35 49.9458 596.253
16.36 48.9909 592.058
16.37 48.0616 587.872
16.38 47.1574 583.694
16.39 46.2774 579.527
16.4 45.4209 575.37
16.41 44.5871 571.224
16.42 43.7755 567.09
16.43 42.9853 562.968
16.44 42.2159 558.86
16.45 41.4668 554.765
16.46 40.7372 550.684
16.47 40.0266 546.619
16.48 39.3344 542.568
16.49 38.6602 538.533
16.5 38.0033 534.515
16.51 37.3633 530.513
16.52 36.7397 526.528
16.53 36.1319 522.561
16.54 35.5396 518.611
16.55 34.9623 514.68
16.56 34.3995 510.767
16.57 33.8508 506.873
16.58 33.3158 502.998
16.59 32.7942 499.142
16.6 32.2855 495.306
16.61 31.7894 491.489
16.62 31.3055 487.693
16.63 30.8334 483.917
16.64 30.3729 480.162
16.65 29.9236 476.427
16.66 29.4852 472.713
16.67 29.0573 469.02
16.68 28.6398 465.349
16.69 28.2322 461.698
16.7 27.8344 458.069
16.71 27.446 454.462
16.72 27.0669 450.876
16.73 26.6966 447.312
16.74 26.3351 443.77
16.75 25.9821 440.249
16.76 25.6372 436.751
16.77 25.3004 433.274
16.78 24.9714 429.82
16.79 24.6499 426.388
16.8 24.3359 422.978
16.81 24.029 419.59
16.82 23.7292 416.224
16.83 23.4361 412.88
16.84 23.1497 409.559
16.85 22.8697 406.26
16.86 22.596 402.983
16.87 22.3285 399.728
16.88 22.0669 396.496
16.89 21.8111 393.285
16.9 21.561 390.097
16.91 21.3165 386.93
16.92 21.0773 383.786
16.93 20.8433 380.664
16.94 20.6145 377.564
16.95 20.3906 374.485
16.96 20.1716 371.429
16.97 19.9574 368.394
16.98 19.7477 365.381
16.99 19.5426 362.39
17 19.3419 359.42
17.01 19.1454 356.472
17.02 18.9531 353.546
17.03 18.765 350.641
17.04 18.5808 347.757
17.05 18.4005 344.894
17.06 18.224 342.053
17.07 18.0512 339.232
17.08 17.882 336.433
17.09 17.7163 333.654
17.1 17.5541 330.896
17.11 17.3953 328.159
17.12 17.2397 325.443
17.13 17.0874 322.747
17.14 16.9382 320.072
17.15 16.7921 317.417
17.16 16.649 314.782
17.17 16.5088 312.167
17.18 16.3714 309.572
17.19 16.2369 306.998
17.2 16.1051 304.443
17.21 15.976 301.907
17.22 15.8495 299.392
17.23 15.7255 296.895
17.24 15.6041 294.419
17.25 15.4851 291.961
17.26 15.3685 289.523
17.27 15.2542 287.103
17.28 15.1423 284.703
17.29 15.0326 282.322
17.3 14.925 279.959
17.31 14.8197 277.615
17.32 14.7164 275.289
17.33 14.6152 272.982
17.34 14.516 270.692
17.35 14.4187 268.422
17.36 14.3235 266.169
17.37 14.2301 263.934
17.38 14.1385 261.717
17.39 14.0488 259.517
17.4 13.9609 257.335
17.41 13.8747 255.171
17.42 13.7902 253.024
17.43 13.7074 250.894
17.44 13.6262 248.781
17.45 13.5466 246.686
17.46 13.4687 244.607
17.47 13.3922 242.545
17.48 13.3173 240.499
17.49 13.2439 238.471
17.5 13.1719 236.458
17.51 13.1014 234.462
17.52 13.0323 232.482
17.53 12.9645 230.519
17.54 12.8981 228.571
17.55 12.8331 226.639
17.56 12.7693 224.723
17.57 12.7068 222.822
17.58 12.6456 220.937
17.59 12.5856 219.068
17.6 12.5268 217.214
17.61 12.4692 215.375
17.62 12.4128 213.551
17.63 12.3575 211.742
17.64 12.3033 209.947
17.65 12.2503 208.168
17.66 12.1983 206.403
17.67 12.1474 204.653
17.68 12.0975 202.918
17.69 12.0487 201.196
17.7 12.0009 199.489
17.71 11.9541 197.796
17.72 11.9083 196.117
17.73 11.8634 194.452
17.74 11.8195 192.8
17.75 11.7765 191.163
17.76 11.7345 189.539
17.77 11.6933 187.928
17.78 11.653 186.331
17.79 11.6136 184.747
17.8 11.5751 183.176
17.81 11.5374 181.619
17.82 11.5005 180.074
17.83 11.4645 178.542
17.84 11.4292 177.023
17.85 11.3948 175.517
17.86 11.3611 174.023
17.87 11.3282 172.542
17.88 11.2961 171.073
17.89 11.2647 169.616
17.9 11.234 168.172
17.91 11.2041 166.74
17.92 11.1749 165.319
17.93 11.1463 163.911
17.94 11.1185 162.515
17.95 11.0914 161.13
17.96 11.0649 159.757
17.97 11.0391 158.395
17.98 11.0139 157.045
17.99 10.9894 155.706
18 10.9656 154.378
18.01 10.9423 153.062
18.02 10.9197 151.756
18.03 10.8977 150.462
18.04 10.8763 149.179
18.05 10.8554 147.906
18.06 10.8352 146.644
18.07 10.8156 145.393
18.08 10.7965 144.152
18.09 10.778 142.922
18.1 10.76 141.703
18.11 10.7426 140.493
18.12 10.7257 139.294
18.13 10.7094 138.105
18.14 10.6936 136.926
18.15 10.6783 135.757
18.16 10.6635 134.598
18.17 10.6493 133.448
18.18 10.6355 132.309
18.19 10.6222 131.179
18.2 10.6095 130.058
18.21 10.5972 128.948
18.22 10.5854 127.846
18.23 10.5741 126.754
18.24 10.5632 125.671
18.25 10.5528 124.598
18.26 10.5429 123.533
18.27 10.5334 122.478
18.28 10.5244 121.432
18.29 10.5158 120.394
18.3 10.5076 119.365
18.31 10.4999 118.345
18.32 10.4926 117.334
18.33 10.4858 116.331
18.34 10.4793 115.337
18.35 10.4733 114.352
18.36 10.4677 113.374
18.37 10.4625 112.405
18.38 10.4577 111.445
18.39 10.4533 110.492
18.4 10.4493 109.548
18.41 10.4457 108.611
18.42 10.4425 107.683
18.43 10.4397 106.763
18.44 10.4372 105.85
18.45 10.4352 104.945
18.46 10.4335 104.048
18.47 10.4322 103.159
18.48 10.4312 102.277
18.49 10.4306 101.403
18.5 10.4304 100.536
18.51 10.4305 99.6769
18.52 10.431 98.8248
18.53 10.4318 97.9801
18.54 10.433 97.1426
18.55 10.4345 96.3123
18.56 10.4364 95.489
18.57 10.4386 94.6728
18.58 10.4412 93.8636
18.59 10.4441 93.0614
18.6 10.4473 92.2659
18.61 10.4509 91.4773
18.62 10.4548 90.6955
18.63 10.459 89.9203
18.64 10.4635 89.1518
18.65 10.4684 88.3899
18.66 10.4735 87.6345
18.67 10.479 86.8856
18.68 10.4848 86.1431
18.69 10.491 85.407
18.7 10.4974 84.6771
18.71 10.5041 83.9536
18.72 10.5112 83.2362
18.73 10.5185 82.525
18.74 10.5262 81.8199
18.75 10.5341 81.1208
18.76 10.5424 80.4278
18.77 10.5509 79.7407
18.78 10.5597 79.0594
18.79 10.5689 78.3841
18.8 10.5783 77.7145
18.81 10.588 77.0507
18.82 10.598 76.3926
18.83 10.6083 75.7401
18.84 10.6189 75.0932
18.85 10.6297 74.4519
18.86 10.6409 73.8161
18.87 10.6523 73.1858
18.88 10.664 72.5609
18.89 10.676 71.9413
18.9 10.6882 71.3271
18.91 10.7007 70.7182
18.92 10.7135 70.1144
18.93 10.7266 69.5159
18.94 10.7399 68.9225
18.95 10.7536 68.3343
18.96 10.7674 67.751
18.97 10.7816 67.1728
18.98 10.796 66.5996
18.99 10.8107 66.0313
19 10.8256 65.4679
19.01 10.8408 64.9093
19.02 10.8563 64.3556
19.03 10.872 63.8066
19.04 10.888 63.2623
19.05 10.9043 62.7227
19.06 10.9208 62.1877
19.07 10.9375 61.6574
19.08 10.9546 61.1316
19.09 10.9718 60.6103
19.1 10.9894 60.0936
19.11 11.0071 59.5813
19.12 11.0252 59.0733
19.13 11.0435 58.5698
19.14 11.062 58.0706
19.15 11.0808 57.5757
19.16 11.0998 57.085
19.17 11.1191 56.5986
19.18 11.1387 56.1164
19.19 11.1585 55.6383
19.2 11.1785 55.1643
19.21 11.1988 54.6944
19.22 11.2193 54.2286
19.23 11.2401 53.7667
19.24 11.2611 53.3089
19.25 11.2824 52.855
19.26 11.3039 52.405
19.27 11.3256 51.9589
19.28 11.3476 51.5166
19.29 11.3698 51.0781
19.3 11.3923 50.6434
19.31 11.415 50.2125
19.32 11.438 49.7852
19.33 11.4612 49.3617
19.34 11.4846 48.9418
19.35 11.5083 48.5255
19.36 11.5322 48.1128
19.37 11.5564 47.7036
19.38 11.5808 47.298
19.39 11.6054 46.8959
19.4 11.6303 46.4972
19.41 11.6554 46.102
19.42 11.6807 45.7101
19.43 11.7063 45.3217
19.44 11.7321 44.9366
19.45 11.7582 44.5548
19.46 11.7845 44.1763
19.47 11.811 43.8011
19.48 11.8378 43.4291
19.49 11.8648 43.0603
19.5 11.892 42.6946
19.51 11.9195 42.3322
19.52 11.9472 41.9728
19.53 11.9751 41.6166
19.54 12.0033 41.2634
19.55 12.0317 40.9133
19.56 12.0604 40.5661
19.57 12.0893 40.222
19.58 12.1184 39.8809
19.59 12.1477 39.5426
19.6 12.1773 39.2073
19.61 12.2071 38.8749
19.62 12.2372 38.5453
19.63 12.2675 38.2186
19.64 12.298 37.8947
19.65 12.3288 37.5736
19.66 12.3598 37.2553
19.67 12.391 36.9397
19.68 12.4225 36.6268
19.69 12.4542 36.3166
19.7 12.4861 36.0091
19.71 12.5183 35.7042
19.72 12.5507 35.402
19.73 12.5833 35.1023
19.74 12.6162 34.8053
19.75 12.6493 34.5108
19.76 12.6826 34.2188
19.77 12.7162 33.9294
19.78 12.75 33.6424
19.79 12.784 33.358
19.8 12.8183 33.0759
19.81 12.8528 32.7963
19.82 12.8876 32.5191
19.83 12.9226 32.2443
19.84 12.9578 31.9719
19.85 12.9933 31.7018
19.86 13.029 31.434
19.87 13.0649 31.1686
19.88 13.1011 30.9054
19.89 13.1375 30.6445
19.9 13.1742 30.3858
19.91 13.211 30.1294
19.92 13.2482 29.8752
19.93 13.2855 29.6231
19.94 13.3231 29.3733
19.95 13.361 29.1256
19.96 13.3991 28.88
19.97 13.4374 28.6365
19.98 13.4759 28.3951
19.99 13.5147 28.1558
20 13.5538 27.9186
20.01 13.5931 27.6834
20.02 13.6326 27.4502
20.03 13.6723 27.2191
20.04 13.7123 26.9899
20.05 13.7526 26.7627
20.06 13.7931 26.5374
20.07 13.8338 26.3141
20.08 13.8748 26.0927
20.09 13.916 25.8733
20.1 13.9575 25.6557
20.11 13.9992 25.4399
20.12 14.0411 25.2261
20.13 14.0833 25.014
20.14 14.1258 24.8038
20.15 14.1685 24.5954
20.16 14.2114 24.3888
20.17 14.2546 24.184
20.18 14.298 23.9809
20.19 14.3417 23.7796
20.2 14.3856 23.58
20.21 14.4298 23.3822
20.22 14.4742 23.186
20.23 14.5189 22.9915
20.24 14.5638 22.7987
20.25 14.609 22.6075
20.26 14.6544 22.418
20.27 14.7001 22.2301
20.28 14.746 22.0439
20.29 14.7922 21.8592
20.3 14.8387 21.6761
20.31 14.8854 21.4946
20.32 14.9323 21.3146
20.33 14.9795 21.1362
20.34 15.027 20.9594
20.35 15.0747 20.784
20.36 15.1226 20.6102
20.37 15.1709 20.4378
20.38 15.2194 20.2669
20.39 15.2681 20.0975
20.4 15.3171 19.9296
20.41 15.3664 19.7631
20.42 15.4159 19.598
20.43 15.4657 19.4343
20.44 15.5157 19.2721
20.45 15.566 19.1112
20.46 15.6166 18.9517
20.47 15.6674 18.7936
20.48 15.7185 18.6368
20.49 15.7699 18.4814
20.5 15.8215 18.3273
20.51 15.8734 18.1746
20.52 15.9256 18.0231
20.53 15.978 17.873
20.54 16.0307 17.7241
20.55 16.0837 17.5765
20.56 16.1369 17.4302
20.57 16.1904 17.2851
20.58 16.2442 17.1413
20.59 16.2982 16.9987
20.6 16.3525 16.8573
20.61 16.4071 16.7172
20.62 16.462 16.5782
20.63 16.5171 16.4405
20.64 16.5725 16.3039
20.65 16.6282 16.1685
20.66 16.6842 16.0342
20.67 16.7405 15.9011
20.68 16.797 15.7691
20.69 16.8538 15.6383
20.7 16.9109 15.5086
20.71 16.9682 15.38
20.72 17.0259 15.2525
20.73 17.0838 15.1261
20.74 17.142 15.0007
20.75 17.2005 14.8765
20.76 17.2593 14.7533
20.77 17.3184 14.6311
20.78 17.3777 14.5101
20.79 17.4373 14.39
20.8 17.4973 14.271
20.81 17.5575 14.153
20.82 17.618 14.0359
20.83 17.6788 13.9199
20.84 17.7399 13.8049
20.85 17.8012 13.6909
20.86 17.8629 13.5779
20.87 17.9249 13.4658
20.88 17.9871 13.3546
20.89 18.0497 13.2445
20.9 18.1126 13.1352
20.91 18.1757 13.0269
20.92 18.2392 12.9195
20.93 18.3029 12.8131
20.94 18.367 12.7075
20.95 18.4313 12.6029
20.96 18.496 12.4991
20.97 18.5609 12.3963
20.98 18.6262 12.2943
20.99 18.6917 12.1931
21 18.7576 12.0929
21.01 18.8238 11.9935
21.02 18.8903 11.8949
21.03 18.9571 11.7972
21.04 19.0242 11.7003
21.05 19.0916 11.6043
21.06 19.1593 11.509
21.07 19.2274 11.4146
21.08 19.2957 11.321
21.09 19.3644 11.2282
21.1 19.4334 11.1361
21.11 19.5027 11.0449
21.12 19.5723 10.9544
21.13 19.6422 10.8647
21.14 19.7125 10.7758
21.15 19.7831 10.6876
21.16 19.854 10.6002
21.17 19.9252 10.5135
21.18 19.9968 10.4276
21.19 20.0686 10.3424
21.2 20.1408 10.2579
21.21 20.2134 10.1741
21.22 20.2862 10.0911
21.23 20.3594 10.0087
21.24 20.4329 9.92709
21.25 20.5068 9.84614
21.26 20.581 9.76588
21.27 20.6555 9.6863
21.28 20.7303 9.6074
21.29 20.8055 9.52917
21.3 20.881 9.4516
21.31 20.9569 9.37469
21.32 21.0331 9.29844
21.33 21.1097 9.22283
21.34 21.1865 9.14787
21.35 21.2638 9.07355
21.36 21.3413 8.99985
21.37 21.4193 8.92678
21.38 21.4975 8.85433
21.39 21.5761 8.7825
21.4 21.6551 8.71128
21.41 21.7344 8.64066
21.42 21.8141 8.57064
21.43 21.8941 8.50121
21.44 21.9745 8.43238
21.45 22.0552 8.36412
21.46 22.1363 8.29645
21.47 22.2177 8.22935
21.48 22.2995 8.16282
21.49 22.3817 8.09685
21.5 22.4642 8.03144
21.51 22.5471 7.96659
21.52 22.6304 7.90228
21.53 22.714 7.83852
21.54 22.798 7.7753
21.55 22.8823 7.71262
21.56 22.967 7.65046
21.57 23.0521 7.58884
21.58 23.1376 7.52773
21.59 23.2234 7.46714
21.6 23.3096 7.40707
21.61 23.3962 7.3475
21.62 23.4832 7.28843
21.63 23.5705 7.22987
21.64 23.6582 7.1718
21.65 23.7463 7.11422
21.66 23.8348 7.05713
21.67 23.9237 7.00052
21.68 24.0129 6.94439
21.69 24.1026 6.88874
21.7 24.1926 6.83355
21.71 24.283 6.77883
21.72 24.3738 6.72457
21.73 24.465 6.67077
21.74 24.5566 6.61743
21.75 24.6486 6.56453
21.76 24.741 6.51208
21.77 24.8338 6.46007
21.78 24.9269 6.40851
21.79 25.0205 6.35737
21.8 25.1145 6.30667
21.81 25.2089 6.2564
21.82 25.3037 6.20655
21.83 25.3989 6.15712
21.84 25.4945 6.1081
21.85 25.5905 6.0595
21.86 25.6869 6.01131
21.87 25.7838 5.96352
21.88 25.881 5.91614
21.89 25.9787 5.86916
21.9 26.0768 5.82257
21.91 26.1753 5.77637
21.92 26.2742 5.73056
21.93 26.3736 5.68514
21.94 26.4733 5.6401
21.95 26.5735 5.59544
21.96 26.6742 5.55115
21.97 26.7752 5.50723
21.98 26.8767 5.46369
21.99 26.9786 5.42051
22 27.081 5.37769
22.01 27.1837 5.33524
22.02 27.2869 5.29314
22.03 27.3906 5.25139
22.04 27.4947 5.20999
22.05 27.5992 5.16894
22.06 27.7042 5.12824
22.07 27.8096 5.08787
22.08 27.9155 5.04785
22.09 28.0218 5.00816
22.1 28.1285 4.9688
22.11 28.2358 4.92978
22.12 28.3434 4.89108
22.13 28.4515 4.8527
22.14 28.5601 4.81465
22.15 28.6691 4.77692
22.16 28.7786 4.7395
22.17 28.8886 4.70239
22.18 28.999 4.6656
22.19 29.1099 4.62911
22.2 29.2212 4.59293
22.21 29.333 4.55705
22.22 29.4453 4.52147
22.23 29.5581 4.48619
22.24 29.6713 4.4512
22.25 29.785 4.41651
22.26 29.8992 4.3821
22.27 30.0138 4.34799
22.28 30.129 4.31416
22.29 30.2446 4.28061
22.3 30.3607 4.24734
22.31 30.4773 4.21435
22.32 30.5944 4.18163
22.33 30.7119 4.14919
22.34 30.83 4.11701
22.35 30.9485 4.08511
22.36 31.0676 4.05347
22.37 31.1871 4.0221
22.38 31.3072 3.99098
22.39 31.4277 3.96013
22.4 31.5488 3.92953
22.41 31.6703 3.89919
22.42 31.7924 3.8691
22.43 31.9149 3.83927
22.44 32.038 3.80968
22.45 32.1616 3.78033
22.46 32.2857 3.75123
22.47 32.4103 3.72237
22.48 32.5355 3.69376
22.49 32.6611 3.66538
22.5 32.7873 3.63723
22.51 32.914 3.60932
22.52 33.0412 3.58164
22.53 33.169 3.5542
22.54 33.2973 3.52698
22.55 33.4261 3.49998
22.56 33.5554 3.47321
22.57 33.6853 3.44666
22.58 33.8158 3.42034
22.59 33.9467 3.39423
22.6 34.0782 3.36833
22.61 34.2103 3.34265
22.62 34.3429 3.31719
22.63 34.4761 3.29193
22.64 34.6098 3.26689
22.65 34.744 3.24205
22.66 34.8788 3.21742
22.67 35.0142 3.19299
22.68 35.1501 3.16877
22.69 35.2866 3.14474
22.7 35.4237 3.12091
22.71 35.5613 3.09728
22.72 35.6995 3.07385
22.73 35.8382 3.05061
22.74 35.9775 3.02756
22.75 36.1174 3.0047
22.76 36.2579 2.98203
22.77 36.399 2.95955
22.78 36.5406 2.93726
22.79 36.6828 2.91514
22.8 36.8257 2.89321
22.81 36.9691 2.87147
22.82 37.113 2.8499
22.83 37.2576 2.8285
22.84 37.4028 2.80729
22.85 37.5486 2.78625
22.86 37.6949 2.76538
22.87 37.8419 2.74469
22.88 37.9895 2.72416
22.89 38.1377 2.70381
22.9 38.2865 2.68362
22.91 38.4359 2.6636
22.92 38.5859 2.64374
22.93 38.7365 2.62405
22.94 38.8878 2.60451
22.95 39.0396 2.58514
22.96 39.1921 2.56593
22.97 39.3453 2.54688
22.98 39.499 2.52798
22.99 39.6534 2.50924
23 39.8084 2.49065
23.01 39.9641 2.47221
23.02 40.1203 2.45393
23.03 40.2773 2.43579
23.04 40.4348 2.41781
23.05 40.593 2.39997
23.06 40.7519 2.38228
23.07 40.9114 2.36473
23.08 41.0716 2.34733
23.09 41.2324 2.33006
23.1 41.3939 2.31295
23.11 41.556 2.29597
23.12 41.7188 2.27913
23.13 41.8823 2.26242
23.14 42.0464 2.24586
23.15 42.2112 2.22943
23.16 42.3767 2.21313
23.17 42.5429 2.19697
23.18 42.7097 2.18094
23.19 42.8772 2.16504
23.2 43.0454 2.14927
23.21 43.2143 2.13363
23.22 43.3839 2.11811
23.23 43.5542 2.10273
23.24 43.7251 2.08746
23.25 43.8968 2.07233
23.26 44.0691 2.05731
23.27 44.2422 2.04242
23.28 44.416 2.02765
23.29 44.5905 2.013
23.3 44.7657 1.99847
23.31 44.9416 1.98406
23.32 45.1182 1.96977
23.33 45.2955 1.95559
23.34 45.4736 1.94153
23.35 45.6524 1.92758
23.36 45.8319 1.91374
23.37 46.0121 1.90002
23.38 46.1931 1.88641
23.39 46.3748 1.87291
23.4 46.5573 1.85952
23.41 46.7405 1.84624
23.42 46.9244 1.83306
23.43 47.1091 1.82
23.44 47.2946 1.80704
23.45 47.4808 1.79418
23.46 47.6677 1.78143
23.47 47.8555 1.76878
23.48 48.0439 1.75623
23.49 48.2332 1.74379
23.5 48.4232 1.73145
23.51 48.614 1.7192
23.52 48.8056 1.70706
23.53 48.9979 1.69501
23.54 49.191 1.68307
23.55 49.3849 1.67121
23.56 49.5796 1.65946
23.57 49.7751 1.6478
23.58 49.9714 1.63623
23.59 50.1685 1.62476
23.6 50.3664 1.61338
23.61 50.565 1.60209
23.62 50.7645 1.59089
23.63 50.9648 1.57979
23.64 51.1659 1.56877
23.65 51.3679 1.55784
23.66 51.5706 1.547
23.67 51.7742 1.53625
23.68 51.9786 1.52558
23.69 52.1838 1.515
23.7 52.3899 1.50451
23.71 52.5967 1.4941
23.72 52.8045 1.48377
23.73 53.013 1.47353
23.74 53.2225 1.46337
23.75 53.4327 1.45329
23.76 53.6438 1.44329
23.77 53.8558 1.43337
23.78 54.0686 1.42353
23.79 54.2823 1.41377
23.8 54.4969 1.40409
23.81 54.7123 1.39449
23.82 54.9286 1.38497
23.83 55.1458 1.37552
23.84 55.3638 1.36614
23.85 55.5828 1.35685
23.86 55.8026 1.34762
23.87 56.0233 1.33847
23.88 56.2449 1.3294
23.89 56.4674 1.32039
23.9 56.6908 1.31146
23.91 56.9151 1.3026
23.92 57.1404 1.29381
23.93 57.3665 1.2851
23.94 57.5935 1.27645
23.95 57.8215 1.26787
23.96 58.0504 1.25936
23.97 58.2802 1.25092
23.98 58.5109 1.24254
23.99 58.7426 1.23423
24 58.9752 1.22599
24.01 59.2087 1.21782
24.02 59.4432 1.20971
24.03 59.6787 1.20166
24.04 59.915 1.19368
24.05 60.1524 1.18576
24.06 60.3907 1.17791
24.07 60.63 1.17012
24.08 60.8702 1.16239
24.09 61.1114 1.15472
24.1 61.3536 1.14711
24.11 61.5967 1.13957
24.12 61.8409 1.13208
24.13 62.086 1.12465
24.14 62.3321 1.11729
24.15 62.5792 1.10998
24.16 62.8273 1.10273
24.17 63.0764 1.09554
24.18 63.3265 1.0884
24.19 63.5777 1.08132
24.2 63.8298 1.0743
24.21 64.083 1.06733
24.22 64.3371 1.06042
24.23 64.5923 1.05357
24.24 64.8486 1.04677
24.25 65.1058 1.04002
24.26 65.3641 1.03332
24.27 65.6235 1.02668
24.28 65.8839 1.0201
24.29 66.1453 1.01356
24.3 66.4078 1.00708
24.31 66.6714 1.00064
24.32 66.936 0.994264
24.33 67.2017 0.987933
24.34 67.4684 0.981653
24.35 67.7363 0.975423
24.36 68.0052 0.969242
24.37 68.2752 0.96311
24.38 68.5463 0.957026
24.39 68.8184 0.950991
24.4 69.0917 0.945004
24.41 69.3661 0.939064
24.42 69.6416 0.933171
24.43 69.9182 0.927325
24.44 70.1959 0.921525
24.45 70.4747 0.915771
24.46 70.7546 0.910062
24.47 71.0357 0.904399
24.48 71.3179 0.898781
24.49 71.6013 0.893207
24.5 71.8858 0.887677
24.51 72.1714 0.88219
24.52 72.4582 0.876748
24.53 72.7461 0.871348
24.54 73.0352 0.865991
24.55 73.3255 0.860676
24.56 73.6169 0.855403
24.57 73.9095 0.850172
24.58 74.2033 0.844983
24.59 74.4983 0.839834
24.6 74.7945 0.834726
24.61 75.0918 0.829658
24.62 75.3904 0.824631
24.63 75.6901 0.819643
24.64 75.9911 0.814694
24.65 76.2932 0.809785
24.66 76.5966 0.804914
24.67 76.9012 0.800082
24.68 77.2071 0.795288
24.69 77.5141 0.790532
24.7 77.8224 0.785813
24.71 78.132 0.781132
24.72 78.4427 0.776487
24.73 78.7548 0.771879
24.74 79.0681 0.767308
24.75 79.3826 0.762773
24.76 79.6984 0.758273
24.77 80.0155 0.753809
24.78 80.3339 0.74938
24.79 80.6535 0.744986
24.8 80.9745 0.740627
24.81 81.2967 0.736302
24.82 81.6202 0.732011
24.83 81.945 0.727754
24.84 82.2711 0.723531
24.85 82.5986 0.719341
24.86 82.9273 0.715184
24.87 83.2574 0.71106
24.88 83.5888 0.706968
24.89 83.9215 0.702909
24.9 84.2556 0.698882
24.91 84.591 0.694886
24.92 84.9278 0.690922
24.93 85.2659 0.68699
24.94 85.6054 0.683088
24.95 85.9462 0.679217
24.96 86.2884 0.675377
24.97 86.632 0.671567
24.98 86.977 0.667787
24.99 87.3234 0.664037
25 87.6711 0.660317
25.01 88.0203 0.656625
25.02 88.3708 0.652964
25.03 88.7228 0.649331
25.04 89.0761 0.645726
25.05 89.4309 0.642151
25.06 89.7872 0.638603
25.07 90.1448 0.635084
25.08 90.5039 0.631592
25.09 90.8644 0.628128
25.1 91.2264 0.624692
25.11 91.5898 0.621282
25.12 91.9547 0.6179
25.13 92.3211 0.614544
25.14 92.6889 0.611215
25.15 93.0582 0.607913
25.16 93.429 0.604636
25.17 93.8013 0.601385
25.18 94.1751 0.598161
25.19 94.5504 0.594961
25.2 94.9272 0.591788
25.21 95.3055 0.588639
25.22 95.6853 0.585515
25.23 96.0666 0.582416
25.24 96.4495 0.579342
25.25 96.8339 0.576292
25.26 97.2199 0.573267
25.27 97.6074 0.570265
25.28 97.9965 0.567288
25.29 98.3871 0.564334
25.3 98.7793 0.561403
25.31 99.1731 0.558496
25.32 99.5684 0.555612
25.33 99.9653 0.552751
25.34 100.364 0.549913
25.35 100.764 0.547098
25.36 101.166 0.544305
25.37 101.569 0.541534
25.38 101.974 0.538785
25.39 102.381 0.536059
25.4 102.789 0.533354
25.41 103.199 0.530671
25.42 103.61 0.528009
25.43 104.023 0.525369
25.44 104.438 0.52275
25.45 104.855 0.520152
25.46 105.273 0.517575
25.47 105.693 0.515019
25.48 106.114 0.512483
25.49 106.538 0.509967
25.5 106.962 0.507472
25.51 107.389 0.504997
25.52 107.817 0.502542
25.53 108.247 0.500107
25.54 108.679 0.497691
25.55 109.113 0.495295
25.56 109.548 0.492918
25.57 109.985 0.490561
25.58 110.424 0.488223
25.59 110.864 0.485903
25.6 111.307 0.483603
25.61 111.751 0.481321
25.62 112.196 0.479058
25.63 112.644 0.476813
25.64 113.093 0.474587
25.65 113.545 0.472379
25.66 113.998 0.470188
25.67 114.453 0.468016
25.68 114.909 0.465862
25.69 115.368 0.463725
25.7 115.828 0.461606
25.71 116.29 0.459504
25.72 116.754 0.457419
25.73 117.22 0.455352
25.74 117.688 0.453302
25.75 118.158 0.451269
25.76 118.629 0.449252
25.77 119.103 0.447252
25.78 119.578 0.445269
25.79 120.055 0.443303
25.8 120.534 0.441352
25.81 121.015 0.439418
25.82 121.498 0.437501
25.83 121.983 0.435599
25.84 122.47 0.433713
25.85 122.959 0.431843
25.86 123.45 0.429988
25.87 123.943 0.42815
25.88 124.437 0.426326
25.89 124.934 0.424519
25.9 125.433 0.422726
25.91 125.934 0.420949
25.92 126.436 0.419187
25.93 126.941 0.417439
25.94 127.448 0.415707
25.95 127.957 0.413989
25.96 128.467 0.412287
25.97 128.98 0.410598
25.98 129.495 0.408925
25.99 130.012 0.407265
26 130.531 0.40562
26.01 131.052 0.40399
26.02 131.576 0.402373
26.03 132.101 0.400771
26.04 132.628 0.399182
26.05 133.158 0.397607
26.06 133.69 0.396046
26.07 134.223 0.394499
26.08 134.759 0.392966
26.09 135.298 0.391446
26.1 135.838 0.389939
26.11 136.38 0.388446
26.12 136.925 0.386966
26.13 137.472 0.385499
26.14 138.021 0.384045
26.15 138.572 0.382605
26.16 139.125 0.381177
26.17 139.681 0.379762
26.18 140.239 0.378361
26.19 140.799 0.376971
26.2 141.361 0.375595
26.21 141.925 0.374231
26.22 142.492 0.372879
26.23 143.061 0.37154
26.24 143.633 0.370214
26.25 144.206 0.368899
26.26 144.782 0.367597
26.27 145.361 0.366307
26.28 145.941 0.365029
26.29 146.524 0.363763
26.3 147.109 0.36251
26.31 147.697 0.361267
26.32 148.287 0.360037
26.33 148.879 0.358819
26.34 149.474 0.357612
26.35 150.071 0.356417
26.36 150.671 0.355233
26.37 151.272 0.354061
26.38 151.877 0.3529
26.39 152.483 0.351751
26.4 153.093 0.350613
26.41 153.704 0.349486
26.42 154.318 0.348371
26.43 154.935 0.347266
26.44 155.554 0.346173
26.45 156.175 0.345091
26.46 156.799 0.344019
26.47 157.425 0.342959
26.48 158.054 0.341909
26.49 158.686 0.340871
26.5 159.32 0.339843
26.51 159.956 0.338826
26.52 160.595 0.337819
26.53 161.237 0.336823
26.54 161.881 0.335838
26.55 162.528 0.334863
26.56 163.177 0.333898
26.57 163.829 0.332944
26.58 164.484 0.332001
26.59 165.141 0.331067
26.6 165.801 0.330144
26.61 166.463 0.329231
26.62 167.128 0.328329
26.63 167.796 0.327436
26.64 168.467 0.326554
26.65 169.14 0.325681
26.66 169.816 0.324819
26.67 170.494 0.323967
26.68 171.175 0.323124
26.69 171.859 0.322292
26.7 172.546 0.321469
26.71 173.236 0.320656
26.72 173.928 0.319853
26.73 174.623 0.31906
26.74 175.321 0.318276
26.75 176.021 0.317502
26.76 176.725 0.316738
26.77 177.431 0.315983
26.78 178.14 0.315238
26.79 178.852 0.314503
26.8 179.567 0.313777
26.81 180.284 0.31306
26.82 181.005 0.312353
26.83 181.728 0.311656
26.84 182.454 0.310967
26.85 183.183 0.310288
26.86 183.915 0.309619
26.87 184.65 0.308959
26.88 185.388 0.308308
26.89 186.129 0.307666
26.9 186.873 0.307033
26.91 187.62 0.30641
26.92 188.37 0.305796
26.93 189.123 0.305191
26.94 189.879 0.304595
26.95 190.637 0.304009
26.96 191.399 0.303431
26.97 192.164 0.302863
26.98 192.932 0.302303
26.99 193.703 0.301753
27 194.478 0.301211
27.01 195.255 0.300679
27.02 196.035 0.300156
27.03 196.819 0.299641
27.04 197.606 0.299136
27.05 198.395 0.298639
27.06 199.188 0.298152
27.07 199.984 0.297673
27.08 200.784 0.297203
27.09 201.586 0.296742
27.1 202.392 0.29629
27.11 203.201 0.295847
27.12 204.013 0.295413
27.13 204.829 0.294987
27.14 205.647 0.294571
27.15 206.469 0.294163
27.16 207.295 0.293764
27.17 208.123 0.293374
27.18 208.955 0.292993
27.19 209.79 0.29262
27.2 210.629 0.292256
27.21 211.471 0.291901
27.22 212.316 0.291555
27.23 213.165 0.291218
27.24 214.017 0.290889
27.25 214.872 0.29057
27.26 215.731 0.290259
27.27 216.594 0.289956
27.28 217.459 0.289663
27.29 218.329 0.289378
27.3 219.201 0.289103
27.31 220.078 0.288836
27.32 220.957 0.288577
27.33 221.841 0.288328
27.34 222.727 0.288087
27.35 223.618 0.287856
27.36 224.512 0.287633
27.37 225.409 0.287419
27.38 226.31 0.287214
27.39 227.215 0.287017
27.4 228.123 0.28683
27.41 229.035 0.286651
27.42 229.951 0.286482
27.43 230.87 0.286321
27.44 231.793 0.286169
27.45 232.719 0.286026
27.46 233.65 0.285892
27.47 234.584 0.285767
27.48 235.521 0.285651
27.49 236.463 0.285544
27.5 237.408 0.285446
27.51 238.357 0.285357
27.52 239.31 0.285277
27.53 240.267 0.285207
27.54 241.227 0.285145
27.55 242.191 0.285093
27.56 243.16 0.285049
27.57 244.132 0.285015
27.58 245.108 0.28499
27.59 246.087 0.284975
27.6 247.071 0.284968
27.61 248.059 0.284971
27.62 249.051 0.284984
27.63 250.046 0.285005
27.64 251.046 0.285036
27.65 252.049 0.285077
27.66 253.057 0.285127
27.67 254.068 0.285186
27.68 255.084 0.285255
27.69 256.104 0.285334
27.7 257.128 0.285422
27.71 258.156 0.28552
27.72 259.188 0.285627
27.73 260.224 0.285745
27.74 261.264 0.285872
27.75 262.308 0.286009
27.76 263.357 0.286156
27.77 264.41 0.286312
27.78 265.467 0.286479
27.79 266.528 0.286656
27.8 267.594 0.286843
27.81 268.663 0.287039
27.82 269.737 0.287247
27.83 270.816 0.287464
27.84 271.898 0.287691
27.85 272.985 0.287929
27.86 274.076 0.288178
27.87 275.172 0.288437
27.88 276.272 0.288706
27.89 277.377 0.288986
27.9 278.485 0.289276
27.91 279.599 0.289578
27.92 280.716 0.28989
27.93 281.838 0.290213
27.94 282.965 0.290546
27.95 284.096 0.290891
27.96 285.232 0.291247
27.97 286.372 0.291614
27.98 287.517 0.291992
27.99 288.666 0.292382
28 289.82 0.292782
28.01 290.979 0.293195
28.02 292.142 0.293619
28.03 293.31 0.294054
28.04 294.482 0.294501
28.05 295.659 0.29496
28.06 296.841 0.295431
28.07 298.028 0.295913
28.08 299.219 0.296408
28.09 300.415 0.296915
28.1 301.616 0.297434
28.11 302.822 0.297965
28.12 304.032 0.298509
28.13 305.248 0.299065
28.14 306.468 0.299634
28.15 307.693 0.300216
28.16 308.923 0.30081
28.17 310.158 0.301418
28.18 311.397 0.302039
28.19 312.642 0.302672
28.2 313.892 0.303319
28.21 315.147 0.30398
28.22 316.406 0.304654
28.23 317.671 0.305341
28.24 318.941 0.306042
28.25 320.216 0.306758
28.26 321.495 0.307487
28.27 322.78 0.30823
28.28 324.071 0.308988
28.29 325.366 0.30976
28.3 326.666 0.310547
28.31 327.972 0.311348
28.32 329.283 0.312164
28.33 330.599 0.312995
28.34 331.92 0.313841
28.35 333.247 0.314703
28.36 334.579 0.31558
28.37 335.916 0.316472
28.38 337.259 0.317381
28.39 338.607 0.318305
28.4 339.96 0.319245
28.41 341.319 0.320202
28.42 342.683 0.321175
28.43 344.053 0.322164
28.44 345.428 0.32317
28.45 346.808 0.324193
28.46 348.194 0.325234
28.47 349.586 0.326291
28.48 350.983 0.327366
28.49 352.386 0.328459
28.5 353.794 0.32957
28.51 355.208 0.330699
28.52 356.627 0.331846
28.53 358.053 0.333011
28.54 359.483 0.334195
28.55 360.92 0.335398
28.56 362.362 0.336621
28.57 363.81 0.337862
28.58 365.264 0.339123
28.59 366.724 0.340404
28.6 368.189 0.341705
28.61 369.661 0.343027
28.62 371.138 0.344368
28.63 372.621 0.345731
28.64 374.11 0.347115
28.65 375.605 0.34852
28.66 377.106 0.349946
28.67 378.612 0.351394
28.68 380.125 0.352864
28.69 381.644 0.354357
28.7 383.169 0.355872
28.71 384.7 0.35741
28.72 386.237 0.358972
28.73 387.78 0.360557
28.74 389.33 0.362165
28.75 390.885 0.363798
28.76 392.447 0.365455
28.77 394.015 0.367137
28.78 395.589 0.368844
28.79 397.169 0.370576
28.8 398.756 0.372334
28.81 400.349 0.374118
28.82 401.949 0.375928
28.83 403.554 0.377765
28.84 405.167 0.379629
28.85 406.785 0.381521
28.86 408.41 0.38344
28.87 410.042 0.385388
28.88 411.68 0.387364
28.89 413.324 0.389369
28.9 414.975 0.391404
28.91 416.633 0.393468
28.92 418.297 0.395563
28.93 419.968 0.397688
28.94 421.645 0.399844
28.95 423.33 0.402032
28.96 425.02 0.404251
28.97 426.718 0.406503
28.98 428.422 0.408788
28.99 430.133 0.411106
29 431.851 0.413458
29.01 433.576 0.415844
29.02 435.308 0.418265
29.03 437.046 0.420721
29.04 438.791 0.423213
29.05 440.544 0.425742
29.06 442.303 0.428307
29.07 444.069 0.43091
29.08 445.843 0.43355
29.09 447.623 0.436229
29.1 449.41 0.438947
29.11 451.205 0.441705
29.12 453.007 0.444503
29.13 454.815 0.447342
29.14 456.631 0.450222
29.15 458.454 0.453145
29.16 460.285 0.45611
29.17 462.123 0.459119
29.18 463.968 0.462172
29.19 465.82 0.465269
29.2 467.679 0.468412
29.21 469.547 0.471602
29.22 471.421 0.474838
29.23 473.303 0.478122
29.24 475.192 0.481454
29.25 477.089 0.484835
29.26 478.993 0.488266
29.27 480.905 0.491748
29.28 482.825 0.495282
29.29 484.752 0.498868
29.3 486.687 0.502507
29.31 488.629 0.5062
29.32 490.579 0.509948
29.33 492.537 0.513751
29.34 494.502 0.517612
29.35 496.476 0.52153
29.36 498.457 0.525507
29.37 500.446 0.529543
29.38 502.443 0.53364
29.39 504.448 0.537798
29.4 506.46 0.542019
29.41 508.481 0.546304
29.42 510.51 0.550653
29.43 512.546 0.555068
29.44 514.591 0.55955
29.45 516.644 0.564099
29.46 518.705 0.568718
29.47 520.774 0.573407
29.48 522.852 0.578168
29.49 524.937 0.583002
29.5 527.031 0.587909
29.51 529.133 0.592892
29.52 531.243 0.597951
29.53 533.362 0.603088
29.54 535.489 0.608304
29.55 537.624 0.613601
29.56 539.768 0.61898
29.57 541.92 0.624442
29.58 544.081 0.629989
29.59 546.251 0.635623
29.6 548.428 0.641344
29.61 550.615 0.647155
29.62 552.81 0.653057
29.63 555.014 0.659052
29.64 557.226 0.665142
29.65 559.447 0.671327
29.66 561.677 0.67761
29.67 563.916 0.683992
29.68 566.163 0.690476
29.69 568.42 0.697064
29.7 570.685 0.703756
29.71 572.959 0.710555
29.72 575.242 0.717463
29.73 577.534 0.724483
29.74 579.835 0.731615
29.75 582.145 0.738862
29.76 584.464 0.746227
29.77 586.793 0.753711
29.78 589.13 0.761317
29.79 591.477 0.769046
29.8 593.833 0.776902
29.81 596.198 0.784887
29.82 598.572 0.793002
29.83 600.956 0.801251
29.84 603.349 0.809637
29.85 605.751 0.81816
29.86 608.163 0.826826
29.87 610.584 0.835635
29.88 613.015 0.844591
29.89 615.455 0.853697
29.9 617.904 0.862955
29.91 620.364 0.872368
29.92 622.833 0.88194
29.93 625.311 0.891674
29.94 627.799 0.901573
29.95 630.297 0.911639
29.96 632.805 0.921877
29.97 635.323 0.932289
29.98 637.85 0.942879
29.99 640.387 0.953651
30 642.934 0.964608
30.01 645.491 0.975754
30.02 648.058 0.987093
30.03 650.635 0.998629
30.04 653.222 1.01036
30.05 655.819 1.0223
30.06 658.426 1.03445
30.07 661.043 1.04682
30.08 663.671 1.0594
30.09 666.308 1.0722
30.1 668.956 1.08522
30.11 671.614 1.09848
30.12 674.282 1.11197
30.13 676.961 1.12571
30.14 679.65 1.13969
30.15 682.349 1.15392
30.16 685.059 1.1684
30.17 687.78 1.18315
30.18 690.511 1.19816
30.19 693.252 1.21345
30.2 696.004 1.22901
30.21 698.766 1.24486
30.22 701.54 1.26099
30.23 704.323 1.27742
30.24 707.118 1.29416
30.25 709.923 1.3112
30.26 712.739 1.32856
30.27 715.566 1.34623
30.28 718.404 1.36424
30.29 721.253 1.38258
30.3 724.112 1.40127
30.31 726.983 1.42031
30.32 729.864 1.4397
30.33 732.756 1.45946
30.34 735.66 1.4796
30.35 738.574 1.50011
30.36 741.5 1.52102
30.37 744.437 1.54232
30.38 747.385 1.56404
30.39 750.344 1.58617
30.4 753.314 1.60872
30.41 756.296 1.63171
30.42 759.289 1.65515
30.43 762.293 1.67904
30.44 765.309 1.7034
30.45 768.336 1.72823
30.46 771.374 1.75355
30.47 774.424 1.77937
30.48 777.486 1.80569
30.49 780.558 1.83254
30.5 783.643 1.85992
30.51 786.739 1.88784
30.52 789.846 1.91632
30.53 792.966 1.94536
30.54 796.096 1.975
30.55 799.239 2.00522
30.56 802.393 2.03606
30.57 805.559 2.06752
30.58 808.737 2.09962
30.59 811.926 2.13237
30.6 815.128 2.16579
30.61 818.341 2.1999
30.62 821.566 2.2347
30.63 824.803 2.27023
30.64 828.052 2.30648
30.65 831.312 2.34349
30.66 834.585 2.38127
30.67 837.87 2.41983
30.68 841.167 2.4592
30.69 844.475 2.4994
30.7 847.796 2.54044
30.71 851.129 2.58234
30.72 854.474 2.62514
30.73 857.831 2.66884
30.74 861.2 2.71347
30.75 864.582 2.75905
30.76 867.975 2.80561
30.77 871.381 2.85317
30.78 874.799 2.90175
30.79 878.229 2.95138
30.8 881.671 3.00208
30.81 885.126 3.05389
30.82 888.593 3.10683
30.83 892.072 3.16092
30.84 895.563 3.2162
30.85 899.066 3.27269
30.86 902.582 3.33043
30.87 906.11 3.38944
30.88 909.651 3.44976
30.89 913.204 3.51143
30.9 916.769 3.57446
30.91 920.346 3.63891
30.92 923.935 3.70481
30.93 927.537 3.77218
30.94 931.152 3.84108
30.95 934.778 3.91154
30.96 938.417 3.98359
30.97 942.068 4.05729
30.98 945.731 4.13267
30.99 949.407 4.20977
31 953.095 4.28864
31.01 956.795 4.36933
31.02 960.507 4.45189
31.03 964.232 4.53635
31.04 967.969 4.62278
31.05 971.718 4.71122
31.06 975.479 4.80172
31.07 979.252 4.89435
31.08 983.037 4.98915
31.09 986.834 5.08619
31.1 990.644 5.18551
31.11 994.465 5.2872
31.12 998.299 5.3913
31.13 1002.14 5.49788
31.14 1006 5.607
31.15 1009.87 5.71874
31.16 1013.75 5.83317
31.17 1017.64 5.95036
31.18 1021.55 6.07037
31.19 1025.46 6.1933
31.2 1029.39 6.31921
31.21 1033.33 6.4482
31.22 1037.28 6.58033
31.23 1041.24 6.71571
31.24 1045.22 6.85441
31.25 1049.2 6.99653
31.26 1053.2 7.14216
31.27 1057.2 7.2914
31.28 1061.22 7.44435
31.29 1065.25 7.60111
31.3 1069.29 7.76179
31.31 1073.34 7.92649
31.32 1077.4 8.09533
31.33 1081.47 8.26842
31.34 1085.55 8.44589
31.35 1089.64 8.62785
31.36 1093.74 8.81443
31.37 1097.86 9.00576
31.38 1101.98 9.20198
31.39 1106.11 9.40322
31.4 1110.25 9.60962
31.41 1114.4 9.82134
31.42 1118.56 10.0385
31.43 1122.73 10.2613
31.44 1126.9 10.4899
31.45 1131.09 10.7244
31.46 1135.28 10.965
31.47 1139.49 11.212
31.48 1143.7 11.4654
31.49 1147.92 11.7254
31.5 1152.14 11.9923
31.51 1156.38 12.2663
31.52 1160.62 12.5475
31.53 1164.87 12.8361
31.54 1169.12 13.1325
31.55 1173.38 13.4367
31.56 1177.65 13.7491
31.57 1181.92 14.0699
31.58 1186.2 14.3992
31.59 1190.49 14.7375
31.6 1194.77 15.0848
31.61 1199.07 15.4416
31.62 1203.37 15.8081
31.63 1207.67 16.1845
31.64 1211.97 16.5712
31.65 1216.28 16.9684
31.66 1220.59 17.3766
31.67 1224.91 17.7959
31.68 1229.22 18.2268
31.69 1233.54 18.6695
31.7 1237.86 19.1245
31.71 1242.17 19.5921
31.72 1246.49 20.0726
31.73 1250.81 20.5666
31.74 1255.13 21.0743
31.75 1259.44 21.5962
31.76 1263.76 22.1327
31.77 1268.07 22.6842
31.78 1272.37 23.2513
31.79 1276.68 23.8343
31.8 1280.97 24.4338
31.81 1285.27 25.0503
31.82 1289.56 25.6842
31.83 1293.84 26.3362
31.84 1298.11 27.0067
31.85 1302.37 27.6963
31.86 1306.63 28.4056
31.87 1310.88 29.1353
31.88 1315.11 29.8858
31.89 1319.34 30.6579
31.9 1323.55 31.4523
31.91 1327.75 32.2695
31.92 1331.93 33.1104
31.93 1336.1 33.9755
31.94 1340.25 34.8658
31.95 1344.39 35.7818
31.96 1348.51 36.7246
31.97 1352.6 37.6947
31.98 1356.68 38.6932
31.99 1360.73 39.7208
32 1364.77 40.7785
32.01 1368.77 41.8671
32.02 1372.75 42.9877
32.03 1376.71 44.1412
32.04 1380.63 45.3286
32.05 1384.52 46.551
32.06 1388.39 47.8094
32.07 1392.22 49.1049
32.08 1396.01 50.4388
32.09 1399.77 51.8121
32.1 1403.49 53.226
32.11 1407.17 54.6819
32.12 1410.81 56.1809
32.13 1414.4 57.7245
32.14 1417.95 59.3139
32.15 1421.45 60.9506
32.16 1424.9 62.6359
32.17 1428.3 64.3715
32.18 1431.65 66.1588
32.19 1434.94 67.9993
32.2 1438.17 69.8947
32.21 1441.34 71.8467
32.22 1444.44 73.8569
32.23 1447.48 75.9271
32.24 1450.45 78.0591
32.25 1453.35 80.2547
32.26 1456.18 82.5159
32.27 1458.93 84.8445
32.28 1461.6 87.2427
32.29 1464.18 89.7123
32.3 1466.68 92.2556
32.31 1469.09 94.8748
32.32 1471.41 97.5719
32.33 1473.63 100.349
32.34 1475.75 103.209
32.35 1477.77 106.154
32.36 1479.69 109.187
32.37 1481.49 112.309
32.38 1483.18 115.524
32.39 1484.75 118.834
32.4 1486.2 122.242
32.41 1487.52 125.75
32.42 1488.72 129.361
32.43 1489.78 133.079
32.44 1490.7 136.905
32.45 1491.47 140.843
32.46 1492.1 144.896
32.47 1492.58 149.068
32.48 1492.89 153.36
32.49 1493.05 157.776
32.5 1493.04 162.32
32.51 1492.85 166.994
32.52 1492.49 171.802
32.53 1491.95 176.747
32.54 1491.21 181.833
32.55 1490.29 187.063
32.56 1489.16 192.44
32.57 1487.83 197.968
32.58 1486.29 203.65
32.59 1484.53 209.489
32.6 1482.55 215.49
32.61 1480.35 221.656
32.62 1477.91 227.989
32.63 1475.23 234.494
32.64 1472.3 241.174
32.65 1469.13 248.032
32.66 1465.69 255.071
32.67 1462 262.296
32.68 1458.03 269.709
32.69 1453.79 277.313
32.7 1449.26 285.111
32.71 1444.45 293.107
32.72 1439.35 301.304
32.73 1433.95 309.703
32.74 1428.24 318.307
32.75 1422.23 327.12
32.76 1415.9 336.143
32.77 1409.24 345.379
32.78 1402.27 354.828
32.79 1394.96 364.493
32.8 1387.32 374.376
32.81 1379.34 384.477
32.82 1371.01 394.796
32.83 1362.34 405.336
32.84 1353.31 416.095
32.85 1343.94 427.073
32.86 1334.2 438.27
32.87 1324.11 449.685
32.88 1313.65 461.316
32.89 1302.83 473.162
32.9 1291.65 485.219
32.91 1280.11 497.485
32.92 1268.2 509.957
32.93 1255.93 522.63
32.94 1243.3 535.5
32.95 1230.3 548.561
32.96 1216.96 561.808
32.97 1203.25 575.234
32.98 1189.2 588.832
32.99 1174.81 602.594
33 1160.07 616.512
33.01 1145.01 630.575
33.02 1129.62 644.774
33.03 1113.92 659.099
33.04 1097.9 673.537
33.05 1081.6 688.077
33.06 1065 702.706
33.07 1048.13 717.409
33.08 1031.01 732.173
33.09 1013.63 746.982
33.1 996.022 761.82
33.11 978.195 776.672
33.12 960.167 791.52
33.13 941.954 806.347
33.14 923.574 821.134
33.15 905.046 835.863
33.16 886.387 850.516
33.17 867.619 865.072
33.18 848.76 879.513
33.19 829.833 893.818
33.2 810.856 907.967
33.21 791.853 921.941
33.22 772.844 935.72
33.23 753.851 949.284
33.24 734.896 962.612
33.25 716.001 975.687
33.26 697.186 988.489
33.27 678.475 1001
33.28 659.887 1013.2
33.29 641.443 1025.07
33.3 623.163 1036.6
33.31 605.068 1047.78
33.32 587.175 1058.57
33.33 569.503 1068.98
33.34 552.07 1079
33.35 534.891 1088.59
33.36 517.982 1097.77
33.37 501.357 1106.51
33.38 485.03 1114.82
33.39 469.012 1122.67
33.4 453.316 1130.08
33.41 437.95 1137.02
33.42 422.923 1143.51
33.43 408.244 1149.53
33.44 393.918 1155.09
33.45 379.951 1160.19
33.46 366.347 1164.82
33.47 353.108 1168.99
33.48 340.236 1172.71
33.49 327.733 1175.98
33.5 315.599 1178.81
33.51 303.831 1181.19
33.52 292.429 1183.15
33.53 281.389 1184.68
33.54 270.708 1185.8
33.55 260.382 1186.51
33.56 250.405 1186.83
33.57 240.773 1186.76
33.58 231.478 1186.32
33.59 222.516 1185.52
33.6 213.877 1184.36
33.61 205.556 1182.87
33.62 197.545 1181.05
33.63 189.836 1178.91
33.64 182.421 1176.47
33.65 175.291 1173.74
33.66 168.439 1170.73
33.67 161.856 1167.45
33.68 155.534 1163.92
33.69 149.463 1160.14
33.7 143.637 1156.13
33.71 138.047 1151.9
33.72 132.683 1147.46
33.73 127.539 1142.81
33.74 122.607 1137.98
33.75 117.877 1132.97
33.76 113.344 1127.8
33.77 108.999 1122.46
33.78 104.835 1116.97
33.79 100.844 1111.35
33.8 97.0211 1105.59
33.81 93.3578 1099.71
33.82 89.8481 1093.72
33.83 86.4858 1087.61
33.84 83.2646 1081.41
33.85 80.1787 1075.12
33.86 77.2223 1068.75
33.87 74.39 1062.29
33.88 71.6764 1055.77
33.89 69.0766 1049.18
33.9 66.5855 1042.53
33.91 64.1984 1035.82
33.92 61.9109 1029.07
33.93 59.7186 1022.27
33.94 57.6174 1015.44
33.95 55.6031 1008.57
33.96 53.6722 1001.68
33.97 51.8208 994.754
33.98 50.0454 987.811
33.99 48.3428 980.852
34 46.7097 973.879
34.01 45.1431 966.896
34.02 43.6399 959.906
34.03 42.1975 952.912
34.04 40.8132 945.918
34.05 39.4844 938.925
34.06 38.2086 931.937
34.07 36.9835 924.957
34.08 35.807 917.986
34.09 34.6768 911.026
34.1 33.591 904.081
34.11 32.5476 897.151
34.12 31.5448 890.239
34.13 30.5808 883.346
34.14 29.6539 876.474
34.15 28.7626 869.625
34.16 27.9053 862.799
34.17 27.0805 855.999
34.18 26.2869 849.226
34.19 25.523 842.481
34.2 24.7878 835.765
34.21 24.0799 829.079
34.22 23.3982 822.424
34.23 22.7415 815.801
34.24 22.1089 809.21
34.25 21.4994 802.654
34.26 20.9119 796.132
34.27 20.3455 789.644
34.28 19.7995 783.193
34.29 19.2728 776.778
34.3 18.7649 770.4
34.31 18.2748 764.059
34.32 17.8019 757.756
34.33 17.3455 751.491
34.34 16.9048 745.265
34.35 16.4794 739.077
34.36 16.0685 732.929
34.37 15.6716 726.821
34.38 15.2881 720.752
34.39 14.9176 714.724
34.4 14.5594 708.735
34.41 14.2132 702.787
34.42 13.8784 696.88
34.43 13.5546 691.013
34.44 13.2414 685.187
34.45 12.9384 679.401
34.46 12.6452 673.657
34.47 12.3614 667.954
34.48 12.0867 662.291
34.49 11.8207 656.67
34.5 11.5631 651.089
34.51 11.3135 645.55
34.52 11.0718 640.051
34.53 10.8376 634.593
34.54 10.6106 629.176
34.55 10.3906 623.8
34.56 10.1773 618.464
34.57 9.97042 613.169
34.58 9.76982 607.914
34.59 9.57522 602.7
34.6 9.38643 597.525
34.61 9.20323 592.391
34.62 9.02544 587.297
34.63 8.85285 582.242
34.64 8.6853 577.227
34.65 8.5226 572.252
34.66 8.36458 567.316
34.67 8.2111 562.418
34.68 8.06198 557.56
34.69 7.9171 552.741
34.7 7.77629 547.96
34.71 7.63943 543.217
34.72 7.50639 538.513
34.73 7.37703 533.846
34.74 7.25123 529.218
34.75 7.12889 524.626
34.76 7.00988 520.073
34.77 6.8941 515.556
34.78 6.78144 511.076
34.79 6.6718 506.633
34.8 6.56509 502.226
34.81 6.46121 497.856
34.82 6.36007 493.522
34.83 6.26159 489.223
34.84 6.16568 484.96
34.85 6.07227 480.732
34.86 5.98127 476.54
34.87 5.89261 472.382
34.88 5.80623 468.259
34.89 5.72204 464.17
34.9 5.63999 460.116
34.91 5.56 456.095
34.92 5.48202 452.108
34.93 5.40599 448.155
34.94 5.33185 444.235
34.95 5.25955 440.348
34.96 5.18902 436.493
34.97 5.12022 432.672
34.98 5.0531 428.882
34.99 4.9876 425.125
35 4.92369 421.399
35.01 4.86132 417.705
35.02 4.80044 414.042
35.03 4.741 410.411
35.04 4.68298 406.81
35.05 4.62633 403.24
35.06 4.57102 399.701
35.07 4.51699 396.192
35.08 4.46423 392.712
35.09 4.41269 389.263
35.1 4.36235 385.843
35.11 4.31316 382.452
35.12 4.2651 379.09
35.13 4.21814 375.757
35.14 4.17225 372.453
35.15 4.1274 369.177
35.16 4.08356 365.929
35.17 4.04071 362.71
35.18 3.99882 359.518
35.19 3.95787 356.353
35.2 3.91782 353.216
35.21 3.87867 350.106
35.22 3.84038 347.022
35.23 3.80293 343.966
35.24 3.76631 340.935
35.25 3.73049 337.931
35.26 3.69544 334.953
35.27 3.66116 332.001
35.28 3.62763 329.074
35.29 3.59482 326.173
35.3 3.56271 323.297
35.31 3.5313 320.446
35.32 3.50056 317.619
35.33 3.47048 314.817
35.34 3.44103 312.04
35.35 3.41222 309.286
35.36 3.38401 306.557
35.37 3.35641 303.851
35.38 3.32938 301.169
35.39 3.30293 298.51
35.4 3.27703 295.874
35.41 3.25167 293.262
35.42 3.22685 290.672
35.43 3.20254 288.104
35.44 3.17875 285.56
35.45 3.15544 283.037
35.46 3.13263 280.536
35.47 3.11029 278.057
35.48 3.08841 275.6
35.49 3.06698 273.164
35.5 3.046 270.75
35.51 3.02545 268.357
35.52 3.00532 265.984
35.53 2.98562 263.633
35.54 2.96631 261.302
35.55 2.94741 258.991
35.56 2.92889 256.701
35.57 2.91076 254.431
35.58 2.893 252.18
35.59 2.8756 249.95
35.6 2.85857 247.739
35.61 2.84188 245.547
35.62 2.82554 243.375
35.63 2.80953 241.221
35.64 2.79385 239.087
35.65 2.7785 236.971
35.66 2.76347 234.874
35.67 2.74874 232.795
35.68 2.73432 230.735
35.69 2.72019 228.692
35.7 2.70636 226.668
35.71 2.69282 224.661
35.72 2.67956 222.672
35.73 2.66657 220.701
35.74 2.65386 218.746
35.75 2.64141 216.81
35.76 2.62922 214.89
35.77 2.61729 212.987
35.78 2.60561 211.1
35.79 2.59418 209.231
35.8 2.58298 207.378
35.81 2.57203 205.541
35.82 2.56131 203.72
35.83 2.55082 201.915
35.84 2.54055 200.127
35.85 2.53051 198.354
35.86 2.52068 196.596
35.87 2.51107 194.855
35.88 2.50167 193.128
35.89 2.49247 191.417
35.9 2.48347 189.721
35.91 2.47468 188.039
35.92 2.46608 186.373
35.93 2.45767 184.721
35.94 2.44946 183.084
35.95 2.44143 181.462
35.96 2.43358 179.853
35.97 2.42591 178.259
35.98 2.41843 176.679
35.99 2.41111 175.113
36 2.40397 173.561
36.01 2.39699 172.022
36.02 2.39019 170.497
36.03 2.38354 168.986
36.04 2.37706 167.488
36.05 2.37074 166.003
36.06 2.36457 164.531
36.07 2.35856 163.072
36.08 2.3527 161.627
36.09 2.34699 160.194
36.1 2.34143 158.773
36.11 2.33601 157.365
36.12 2.33073 155.97
36.13 2.3256 154.587
36.14 2.3206 153.216
36.15 2.31575 151.857
36.16 2.31102 150.511
36.17 2.30643 149.176
36.18 2.30197 147.853
36.19 2.29764 146.542
36.2 2.29344 145.242
36.21 2.28937 143.954
36.22 2.28542 142.677
36.23 2.28159 141.412
36.24 2.27788 140.158
36.25 2.27429 138.914
36.26 2.27082 137.682
36.27 2.26747 136.461
36.28 2.26423 135.251
36.29 2.26111 134.051
36.3 2.25809 132.862
36.31 2.25519 131.683
36.32 2.2524 130.515
36.33 2.24971 129.358
36.34 2.24713 128.21
36.35 2.24466 127.073
36.36 2.24229 125.946
36.37 2.24003 124.828
36.38 2.23786 123.721
36.39 2.2358 122.624
36.4 2.23384 121.536
36.41 2.23197 120.458
36.42 2.2302 119.389
36.43 2.22853 118.33
36.44 2.22695 117.28
36.45 2.22547 116.24
36.46 2.22408 115.208
36.47 2.22278 114.186
36.48 2.22157 113.173
36.49 2.22046 112.169
36.5 2.21943 111.174
36.51 2.21849 110.188
36.52 2.21764 109.21
36.53 2.21687 108.241
36.54 2.21619 107.281
36.55 2.2156 106.329
36.56 2.21509 105.386
36.57 2.21466 104.451
36.58 2.21432 103.524
36.59 2.21405 102.606
36.6 2.21387 101.696
36.61 2.21377 100.793
36.62 2.21375 99.8991
36.63 2.2138 99.0128
36.64 2.21394 98.1343
36.65 2.21415 97.2637
36.66 2.21443 96.4008
36.67 2.2148 95.5455
36.68 2.21524 94.6978
36.69 2.21575 93.8577
36.7 2.21634 93.025
36.71 2.217 92.1997
36.72 2.21774 91.3817
36.73 2.21855 90.571
36.74 2.21943 89.7675
36.75 2.22038 88.9711
36.76 2.2214 88.1818
36.77 2.22249 87.3995
36.78 2.22365 86.6241
36.79 2.22489 85.8556
36.8 2.22619 85.0939
36.81 2.22755 84.339
36.82 2.22899 83.5908
36.83 2.23049 82.8493
36.84 2.23206 82.1143
36.85 2.2337 81.3858
36.86 2.2354 80.6639
36.87 2.23717 79.9483
36.88 2.239 79.2391
36.89 2.2409 78.5361
36.9 2.24286 77.8395
36.91 2.24489 77.149
36.92 2.24698 76.4646
36.93 2.24913 75.7863
36.94 2.25135 75.1141
36.95 2.25363 74.4478
36.96 2.25597 73.7874
36.97 2.25837 73.1329
36.98 2.26083 72.4842
36.99 2.26336 71.8412
37 2.26594 71.204
37.01 2.26859 70.5725
37.02 2.2713 69.9465
37.03 2.27406 69.3261
37.04 2.27689 68.7112
37.05 2.27977 68.1018
37.06 2.28272 67.4978
37.07 2.28572 66.8991
37.08 2.28878 66.3058
37.09 2.2919 65.7177
37.1 2.29508 65.1349
37.11 2.29831 64.5572
37.12 2.3016 63.9847
37.13 2.30495 63.4173
37.14 2.30836 62.8549
37.15 2.31182 62.2975
37.16 2.31534 61.745
37.17 2.31892 61.1975
37.18 2.32255 60.6548
37.19 2.32624 60.1169
37.2 2.32999 59.5838
37.21 2.33379 59.0555
37.22 2.33764 58.5318
37.23 2.34155 58.0128
37.24 2.34552 57.4985
37.25 2.34954 56.9886
37.26 2.35361 56.4834
37.27 2.35774 55.9826
37.28 2.36192 55.4862
37.29 2.36616 54.9943
37.3 2.37045 54.5067
37.31 2.3748 54.0235
37.32 2.3792 53.5445
37.33 2.38365 53.0698
37.34 2.38816 52.5994
37.35 2.39271 52.1331
37.36 2.39733 51.6709
37.37 2.40199 51.2129
37.38 2.40671 50.7589
37.39 2.41148 50.309
37.4 2.41631 49.863
37.41 2.42118 49.421
37.42 2.42611 48.983
37.43 2.4311 48.5488
37.44 2.43613 48.1185
37.45 2.44122 47.6921
37.46 2.44635 47.2694
37.47 2.45154 46.8504
37.48 2.45679 46.4352
37.49 2.46208 46.0237
37.5 2.46743 45.6159
37.51 2.47283 45.2116
37.52 2.47827 44.811
37.53 2.48378 44.4139
37.54 2.48933 44.0203
37.55 2.49493 43.6303
37.56 2.50059 43.2437
37.57 2.5063 42.8605
37.58 2.51205 42.4808
37.59 2.51786 42.1044
37.6 2.52372 41.7313
37.61 2.52964 41.3616
37.62 2.5356 40.9952
37.63 2.54161 40.632
37.64 2.54768 40.2721
37.65 2.55379 39.9153
37.66 2.55996 39.5617
37.67 2.56618 39.2113
37.68 2.57245 38.8639
37.69 2.57877 38.5197
37.7 2.58514 38.1785
37.71 2.59156 37.8404
37.72 2.59804 37.5052
37.73 2.60456 37.173
37.74 2.61114 36.8438
37.75 2.61776 36.5175
37.76 2.62444 36.1941
37.77 2.63117 35.8736
37.78 2.63794 35.556
37.79 2.64477 35.2411
37.8 2.65165 34.9291
37.81 2.65859 34.6198
37.82 2.66557 34.3132
37.83 2.6726 34.0094
37.84 2.67969 33.7083
37.85 2.68682 33.4099
37.86 2.69401 33.1141
37.87 2.70124 32.821
37.88 2.70853 32.5304
37.89 2.71587 32.2425
37.9 2.72326 31.957
37.91 2.7307 31.6742
37.92 2.73819 31.3938
37.93 2.74574 31.1159
37.94 2.75333 30.8405
37.95 2.76098 30.5676
37.96 2.76868 30.2971
37.97 2.77642 30.0289
37.98 2.78423 29.7632
37.99 2.79208 29.4998
38 2.79998 29.2388
38.01 2.80793 28.9801
38.02 2.81594 28.7236
38.03 2.824 28.4695
38.04 2.83211 28.2176
38.05 2.84027 27.968
38.06 2.84848 27.7205
38.07 2.85675 27.4753
38.08 2.86506 27.2322
38.09 2.87343 26.9913
38.1 2.88185 26.7526
38.11 2.89033 26.5159
38.12 2.89885 26.2814
38.13 2.90743 26.049
38.14 2.91606 25.8186
38.15 2.92474 25.5902
38.16 2.93348 25.3639
38.17 2.94227 25.1396
38.18 2.95111 24.9173
38.19 2.96 24.697
38.2 2.96894 24.4786
38.21 2.97794 24.2622
38.22 2.98699 24.0477
38.23 2.9961 23.835
38.24 3.00526 23.6243
38.25 3.01447 23.4155
38.26 3.02373 23.2085
38.27 3.03305 23.0033
38.28 3.04242 22.8
38.29 3.05185 22.5985
38.3 3.06133 22.3987
38.31 3.07086 22.2008
38.32 3.08045 22.0046
38.33 3.09009 21.8101
38.34 3.09978 21.6173
38.35 3.10953 21.4263
38.36 3.11934 21.237
38.37 3.12919 21.0493
38.38 3.13911 20.8634
38.39 3.14907 20.679
38.4 3.1591 20.4963
38.41 3.16917 20.3153
38.42 3.17931 20.1358
38.43 3.18949 19.9579
38.44 3.19974 19.7816
38.45 3.21003 19.6069
38.46 3.22039 19.4337
38.47 3.2308 19.2621
38.48 3.24126 19.092
38.49 3.25178 18.9234
38.5 3.26236 18.7563
38.51 3.27299 18.5907
38.52 3.28368 18.4265
38.53 3.29443 18.2638
38.54 3.30523 18.1026
38.55 3.31609 17.9427
38.56 3.327 17.7843
38.57 3.33798 17.6273
38.58 3.34901 17.4717
38.59 3.3601 17.3175
38.6 3.37124 17.1647
38.61 3.38244 17.0132
38.62 3.3937 16.863
38.63 3.40502 16.7142
38.64 3.4164 16.5667
38.65 3.42783 16.4205
38.66 3.43932 16.2756
38.67 3.45087 16.132
38.68 3.46248 15.9897
38.69 3.47415 15.8486
38.7 3.48588 15.7088
38.71 3.49766 15.5703
38.72 3.50951 15.4329
38.73 3.52141 15.2968
38.74 3.53337 15.1619
38.75 3.5454 15.0281
38.76 3.55748 14.8956
38.77 3.56962 14.7643
38.78 3.58183 14.6341
38.79 3.59409 14.505
38.8 3.60642 14.3771
38.81 3.6188 14.2504
38.82 3.63125 14.1247
38.83 3.64375 14.0002
38.84 3.65632 13.8768
38.85 3.66895 13.7545
38.86 3.68164 13.6333
38.87 3.69439 13.5131
38.88 3.70721 13.394
38.89 3.72009 13.276
38.9 3.73303 13.159
38.91 3.74603 13.043
38.92 3.75909 12.9281
38.93 3.77222 12.8142
38.94 3.78541 12.7013
38.95 3.79866 12.5894
38.96 3.81198 12.4785
38.97 3.82536 12.3686
38.98 3.8388 12.2597
38.99 3.85231 12.1517
39 3.86588 12.0447
39.01 3.87952 11.9386
39.02 3.89322 11.8335
39.03 3.90698 11.7293
39.04 3.92081 11.626
39.05 3.93471 11.5236
39.06 3.94867 11.4222
39.07 3.96269 11.3216
39.08 3.97679 11.222
39.09 3.99094 11.1232
39.1 4.00517 11.0253
39.11 4.01946 10.9283
39.12 4.03381 10.8321
39.13 4.04824 10.7368
39.14 4.06273 10.6423
39.15 4.07729 10.5487
39.16 4.09191 10.4559
39.17 4.10661 10.3639
39.18 4.12137 10.2727
39.19 4.13619 10.1824
39.2 4.15109 10.0928
39.21 4.16606 10.004
39.22 4.18109 9.91605
39.23 4.1962 9.82885
39.24 4.21137 9.74242
39.25 4.22661 9.65676
39.26 4.24192 9.57186
39.27 4.2573 9.48771
39.28 4.27275 9.4043
39.29 4.28828 9.32164
39.3 4.30387 9.2397
39.31 4.31953 9.1585
39.32 4.33526 9.07801
39.33 4.35107 8.99823
39.34 4.36695 8.91916
39.35 4.38289 8.8408
39.36 4.39891 8.76312
39.37 4.41501 8.68614
39.38 4.43117 8.60983
39.39 4.44741 8.5342
39.4 4.46372 8.45924
39.41 4.4801 8.38495
39.42 4.49656 8.31131
39.43 4.51309 8.23833
39.44 4.5297 8.16599
39.45 4.54638 8.09429
39.46 4.56313 8.02323
39.47 4.57996 7.9528
39.48 4.59686 7.88299
39.49 4.61384 7.81379
39.5 4.63089 7.74522
39.51 4.64802 7.67724
39.52 4.66523 7.60987
39.53 4.68251 7.5431
39.54 4.69987 7.47692
39.55 4.7173 7.41132
39.56 4.73481 7.3463
39.57 4.7524 7.28186
39.58 4.77007 7.21799
39.59 4.78782 7.15468
39.6 4.80564 7.09194
39.61 4.82354 7.02975
39.62 4.84152 6.96811
39.63 4.85958 6.90702
39.64 4.87772 6.84646
39.65 4.89593 6.78644
39.66 4.91423 6.72696
39.67 4.93261 6.668
39.68 4.95107 6.60956
39.69 4.9696 6.55164
39.7 4.98822 6.49423
39.71 5.00692 6.43732
39.72 5.02571 6.38093
39.73 5.04457 6.32503
39.74 5.06351 6.26962
39.75 5.08254 6.21471
39.76 5.10165 6.16028
39.77 5.12085 6.10633
39.78 5.14012 6.05286
39.79 5.15948 5.99986
39.8 5.17893 5.94733
39.81 5.19846 5.89527
39.82 5.21807 5.84366
39.83 5.23777 5.79251
39.84 5.25755 5.74182
39.85 5.27742 5.69157
39.86 5.29737 5.64177
39.87 5.31741 5.5924
39.88 5.33754 5.54347
39.89 5.35775 5.49498
39.9 5.37805 5.44691
39.91 5.39843 5.39927
39.92 5.41891 5.35205
39.93 5.43947 5.30525
39.94 5.46012 5.25886
39.95 5.48086 5.21288
39.96 5.50169 5.16731
39.97 5.5226 5.12214
39.98 5.54361 5.07737
39.99 5.56471 5.03299
40 5.58589 4.98901
40.01 5.60717 4.94541
40.02 5.62854 4.9022
40.03 5.65 4.85937
40.04 5.67155 4.81692
40.05 5.69319 4.77485
40.06 5.71492 4.73314
40.07 5.73675 4.69181
40.08 5.75867 4.65084
40.09 5.78068 4.61023
40.1 5.80279 4.56998
40.11 5.82499 4.53009
40.12 5.84728 4.49054
40.13 5.86967 4.45135
40.14 5.89215 4.4125
40.15 5.91473 4.374
40.16 5.9374 4.33584
40.17 5.96017 4.29801
40.18 5.98304 4.26052
40.19 6.006 4.22335
40.2 6.02907 4.18652
40.21 6.05222 4.15001
40.22 6.07548 4.11382
40.23 6.09883 4.07795
40.24 6.12228 4.0424
40.25 6.14584 4.00717
40.26 6.16949 3.97224
40.27 6.19324 3.93762
40.28 6.21709 3.90331
40.29 6.24104 3.8693
40.3 6.26509 3.83559
40.31 6.28924 3.80217
40.32 6.31349 3.76905
40.33 6.33785 3.73623
40.34 6.36231 3.70369
40.35 6.38687 3.67144
40.36 6.41153 3.63947
40.37 6.4363 3.60779
40.38 6.46117 3.57639
40.39 6.48614 3.54526
40.4 6.51122 3.51441
40.41 6.53641 3.48382
40.42 6.5617 3.45351
40.43 6.58709 3.42347
40.44 6.61259 3.39369
40.45 6.6382 3.36417
40.46 6.66392 3.33492
40.47 6.68974 3.30592
40.48 6.71567 3.27717
40.49 6.74171 3.24868
40.5 6.76786 3.22044
40.51 6.79411 3.19245
40.52 6.82048 3.16471
40.53 6.84696 3.13721
40.54 6.87354 3.10995
40.55 6.90024 3.08293
40.56 6.92705 3.05616
40.57 6.95397 3.02961
40.58 6.981 3.0033
40.59 7.00814 2.97722
40.6 7.0354 2.95138
40.61 7.06277 2.92576
40.62 7.09025 2.90036
40.63 7.11785 2.87519
40.64 7.14556 2.85024
40.65 7.17339 2.82551
40.66 7.20133 2.801
40.67 7.22939 2.7767
40.68 7.25757 2.75262
40.69 7.28586 2.72874
40.7 7.31427 2.70508
40.71 7.3428 2.68163
40.72 7.37144 2.65838
40.73 7.40021 2.63534
40.74 7.42909 2.6125
40.75 7.45809 2.58986
40.76 7.48721 2.56743
40.77 7.51645 2.54518
40.78 7.54582 2.52314
40.79 7.5753 2.50129
40.8 7.60491 2.47963
40.81 7.63464 2.45816
40.82 7.66449 2.43687
40.83 7.69446 2.41578
40.84 7.72456 2.39487
40.85 7.75479 2.37415
40.86 7.78513 2.35361
40.87 7.81561 2.33324
40.88 7.8462 2.31306
40.89 7.87693 2.29306
40.9 7.90778 2.27323
40.91 7.93876 2.25357
40.92 7.96986 2.23409
40.93 8.0011 2.21478
40.94 8.03246 2.19563
40.95 8.06395 2.17666
40.96 8.09557 2.15785
40.97 8.12732 2.13921
40.98 8.1592 2.12073
40.99 8.19122 2.10242
41 8.22336 2.08426
41.01 8.25564 2.06627
41.02 8.28804 2.04843
41.03 8.32059 2.03075
41.04 8.35326 2.01322
41.05 8.38607 1.99585
41.06 8.41902 1.97863
41.07 8.4521 1.96156
41.08 8.48531 1.94465
41.09 8.51866 1.92788
41.1 8.55215 1.91125
41.11 8.58578 1.89478
41.12 8.61954 1.87844
41.13 8.65344 1.86225
41.14 8.68748 1.84621
41.15 8.72166 1.8303
41.16 8.75598 1.81453
41.17 8.79045 1.79891
41.18 8.82505 1.78341
41.19 8.85979 1.76806
41.2 8.89468 1.75284
41.21 8.92971 1.73775
41.22 8.96488 1.72279
41.23 9.00019 1.70797
41.24 9.03565 1.69328
41.25 9.07126 1.67871
41.26 9.10701 1.66427
41.27 9.14291 1.64996
41.28 9.17895 1.63578
41.29 9.21514 1.62171
41.3 9.25148 1.60777
41.31 9.28797 1.59396
41.32 9.32461 1.58026
41.33 9.36139 1.56669
41.34 9.39833 1.55323
41.35 9.43542 1.53989
41.36 9.47265 1.52667
41.37 9.51004 1.51357
41.38 9.54759 1.50057
41.39 9.58528 1.4877
41.4 9.62313 1.47493
41.41 9.66114 1.46228
41.42 9.6993 1.44974
41.43 9.73761 1.4373
41.44 9.77608 1.42498
41.45 9.81471 1.41276
41.46 9.8535 1.40065
41.47 9.89244 1.38865
41.48 9.93154 1.37675
41.49 9.9708 1.36496
41.5 10.0102 1.35327
41.51 10.0498 1.34168
41.52 10.0895 1.33019
41.53 10.1295 1.3188
41.54 10.1695 1.30752
41.55 10.2097 1.29633
41.56 10.2501 1.28524
41.57 10.2907 1.27424
41.58 10.3314 1.26335
41.59 10.3723 1.25254
41.6 10.4134 1.24183
41.61 10.4546 1.23122
41.62 10.496 1.2207
41.63 10.5375 1.21027
41.64 10.5793 1.19993
41.65 10.6212 1.18968
41.66 10.6632 1.17952
41.67 10.7055 1.16945
41.68 10.7479 1.15947
41.69 10.7905 1.14957
41.7 10.8332 1.13976
41.71 10.8761 1.13004
41.72 10.9192 1.1204
41.73 10.9625 1.11085
41.74 11.006 1.10138
41.75 11.0496 1.09199
41.76 11.0934 1.08268
41.77 11.1374 1.07346
41.78 11.1816 1.06431
41.79 11.2259 1.05525
41.8 11.2704 1.04626
41.81 11.3151 1.03735
41.82 11.36 1.02852
41.83 11.4051 1.01977
41.84 11.4503 1.01109
41.85 11.4957 1.00249
41.86 11.5414 0.993964
41.87 11.5872 0.985513
41.88 11.6332 0.977134
41.89 11.6793 0.968829
41.9 11.7257 0.960596
41.91 11.7722 0.952435
41.92 11.819 0.944345
41.93 11.8659 0.936325
41.94 11.913 0.928375
41.95 11.9603 0.920495
41.96 12.0078 0.912683
41.97 12.0555 0.904939
41.98 12.1034 0.897262
41.99 12.1515 0.889653
42 12.1998 0.882109
42.01 12.2482 0.874631
42.02 12.2969 0.867218
42.03 12.3457 0.85987
42.04 12.3948 0.852586
42.05 12.4441 0.845365
42.06 12.4935 0.838206
42.07 12.5432 0.83111
42.08 12.593 0.824076
42.09 12.6431 0.817103
42.1 12.6934 0.81019
42.11 12.7438 0.803338
42.12 12.7945 0.796545
42.13 12.8454 0.789811
42.14 12.8965 0.783136
42.15 12.9477 0.776518
42.16 12.9992 0.769958
42.17 13.0509 0.763455
42.18 13.1028 0.757009
42.19 13.155 0.750618
42.2 13.2073 0.744283
42.21 13.2598 0.738003
42.22 13.3126 0.731778
42.23 13.3656 0.725606
42.24 13.4188 0.719489
42.25 13.4722 0.713424
42.26 13.5258 0.707412
42.27 13.5796 0.701451
42.28 13.6336 0.695543
42.29 13.6879 0.689686
42.3 13.7424 0.68388
42.31 13.7971 0.678124
42.32 13.852 0.672418
42.33 13.9072 0.666761
42.34 13.9626 0.661154
42.35 14.0181 0.655595
42.36 14.074 0.650084
42.37 14.13 0.644621
42.38 14.1863 0.639205
42.39 14.2428 0.633836
42.4 14.2995 0.628514
42.41 14.3565 0.623238
42.42 14.4136 0.618007
42.43 14.4711 0.612822
42.44 14.5287 0.607682
42.45 14.5866 0.602586
42.46 14.6447 0.597534
42.47 14.7031 0.592526
42.48 14.7616 0.587562
42.49 14.8205 0.58264
42.5 14.8795 0.577761
42.51 14.9388 0.572924
42.52 14.9983 0.568129
42.53 15.0581 0.563375
42.54 15.1181 0.558662
42.55 15.1784 0.55399
42.56 15.2389 0.549359
42.57 15.2996 0.544768
42.58 15.3606 0.540216
42.59 15.4219 0.535703
42.6 15.4833 0.53123
42.61 15.5451 0.526795
42.62 15.6071 0.522398
42.63 15.6693 0.51804
42.64 15.7318 0.513719
42.65 15.7945 0.509435
42.66 15.8575 0.505189
42.67 15.9207 0.500979
42.68 15.9842 0.496805
42.69 16.048 0.492667
42.7 16.112 0.488565
42.71 16.1762 0.484499
42.72 16.2408 0.480467
42.73 16.3055 0.47647
42.74 16.3706 0.472508
42.75 16.4359 0.46858
42.76 16.5015 0.464686
42.77 16.5673 0.460825
42.78 16.6334 0.456998
42.79 16.6998 0.453203
42.8 16.7664 0.449441
42.81 16.8333 0.445712
42.82 16.9005 0.442015
42.83 16.9679 0.438349
42.84 17.0356 0.434715
42.85 17.1036 0.431113
42.86 17.1719 0.427541
42.87 17.2404 0.424
42.88 17.3092 0.42049
42.89 17.3783 0.417009
42.9 17.4476 0.413559
42.91 17.5173 0.410139
42.92 17.5872 0.406747
42.93 17.6574 0.403385
42.94 17.7279 0.400052
42.95 17.7987 0.396748
42.96 17.8697 0.393472
42.97 17.9411 0.390224
42.98 18.0127 0.387004
42.99 18.0846 0.383811
43 18.1568 0.380646
43.01 18.2293 0.377508
43.02 18.3021 0.374397
43.03 18.3752 0.371313
43.04 18.4486 0.368256
43.05 18.5223 0.365224
43.06 18.5962 0.362219
43.07 18.6705 0.359239
43.08 18.7451 0.356285
43.09 18.8199 0.353356
43.1 18.8951 0.350452
43.11 18.9706 0.347574
43.12 19.0463 0.34472
43.13 19.1224 0.34189
43.14 19.1988 0.339085
43.15 19.2755 0.336303
43.16 19.3525 0.333546
43.17 19.4298 0.330812
43.18 19.5074 0.328101
43.19 19.5853 0.325414
43.2 19.6636 0.32275
43.21 19.7421 0.320108
43.22 19.821 0.317489
43.23 19.9002 0.314893
43.24 19.9797 0.312318
43.25 20.0596 0.309766
43.26 20.1397 0.307236
43.27 20.2202 0.304727
43.28 20.301 0.30224
43.29 20.3821 0.299773
43.3 20.4636 0.297328
43.31 20.5453 0.294904
43.32 20.6274 0.292501
43.33 20.7099 0.290118
43.34 20.7926 0.287755
43.35 20.8757 0.285413
43.36 20.9592 0.283091
43.37 21.0429 0.280788
43.38 21.1271 0.278505
43.39 21.2115 0.276242
43.4 21.2963 0.273997
43.41 21.3814 0.271772
43.42 21.4669 0.269566
43.43 21.5527 0.267379
43.44 21.6388 0.265211
43.45 21.7253 0.263061
43.46 21.8122 0.260929
43.47 21.8994 0.258815
43.48 21.9869 0.25672
43.49 22.0748 0.254642
43.5 22.1631 0.252582
43.51 22.2517 0.250539
43.52 22.3407 0.248514
43.53 22.43 0.246506
43.54 22.5197 0.244515
43.55 22.6097 0.242541
43.56 22.7001 0.240584
43.57 22.7909 0.238644
43.58 22.882 0.23672
43.59 22.9735 0.234812
43.6 23.0654 0.232921
43.61 23.1576 0.231045
43.62 23.2502 0.229186
43.63 23.3432 0.227342
43.64 23.4365 0.225514
43.65 23.5302 0.223702
43.66 23.6243 0.221905
43.67 23.7188 0.220123
43.68 23.8137 0.218356
43.69 23.9089 0.216605
43.7 24.0045 0.214868
43.71 24.1006 0.213146
43.72 24.1969 0.211438
43.73 24.2937 0.209745
43.74 24.3909 0.208066
43.75 24.4884 0.206402
43.76 24.5864 0.204752
43.77 24.6847 0.203115
43.78 24.7835 0.201493
43.79 24.8826 0.199884
43.8 24.9821 0.198289
43.81 25.0821 0.196707
43.82 25.1824 0.195139
43.83 25.2831 0.193584
43.84 25.3843 0.192042
43.85 25.4858 0.190513
43.86 25.5878 0.188997
43.87 25.6902 0.187494
43.88 25.7929 0.186004
43.89 25.8961 0.184526
43.9 25.9997 0.18306
43.91 26.1037 0.181607
43.92 26.2082 0.180167
43.93 26.313 0.178738
43.94 26.4183 0.177322
43.95 26.524 0.175917
43.96 26.6301 0.174525
43.97 26.7367 0.173144
43.98 26.8437 0.171774
43.99 26.9511 0.170417
44 27.0589 0.16907
44.01 27.1672 0.167735
44.02 27.2759 0.166412
44.03 27.385 0.165099
44.04 27.4946 0.163798
44.05 27.6046 0.162507
44.06 27.7151 0.161228
44.07 27.826 0.159959
44.08 27.9373 0.1587
44.09 28.0491 0.157453
44.1 28.1614 0.156216
44.11 28.2741 0.154989
44.12 28.3872 0.153772
44.13 28.5008 0.152566
44.14 28.6149 0.15137
44.15 28.7294 0.150184
44.16 28.8444 0.149008
44.17 28.9598 0.147842
44.18 29.0757 0.146685
44.19 29.1921 0.145539
44.2 29.3089 0.144402
44.21 29.4262 0.143274
44.22 29.544 0.142156
44.23 29.6623 0.141047
44.24 29.781 0.139948
44.25 29.9002 0.138858
44.26 30.0199 0.137777
44.27 30.14 0.136705
44.28 30.2607 0.135642
44.29 30.3818 0.134588
44.3 30.5034 0.133542
44.31 30.6255 0.132506
44.32 30.7481 0.131478
44.33 30.8711 0.130459
44.34 30.9947 0.129448
44.35 31.1188 0.128446
44.36 31.2434 0.127452
44.37 31.3684 0.126466
44.38 31.494 0.125489
44.39 31.6201 0.124519
44.4 31.7466 0.123558
44.41 31.8737 0.122605
44.42 32.0013 0.12166
44.43 32.1294 0.120723
44.44 32.2581 0.119793
44.45 32.3872 0.118872
44.46 32.5168 0.117958
44.47 32.647 0.117051
44.48 32.7777 0.116153
44.49 32.9089 0.115261
44.5 33.0407 0.114377
44.51 33.173 0.113501
44.52 33.3058 0.112632
44.53 33.4391 0.11177
44.54 33.573 0.110915
44.55 33.7074 0.110067
44.56 33.8424 0.109226
44.57 33.9779 0.108393
44.58 34.1139 0.107566
44.59 34.2505 0.106746
44.6 34.3876 0.105933
44.61 34.5253 0.105127
44.62 34.6635 0.104327
44.63 34.8023 0.103534
44.64 34.9417 0.102748
44.65 35.0816 0.101968
44.66 35.222 0.101195
44.67 35.3631 0.100428
44.68 35.5047 0.0996671
44.69 35.6468 0.0989128
44.7 35.7896 0.0981648
44.71 35.9329 0.0974229
44.72 36.0767 0.0966872
44.73 36.2212 0.0959576
44.74 36.3662 0.0952341
44.75 36.5119 0.0945165
44.76 36.6581 0.0938049
44.77 36.8049 0.0930991
44.78 36.9522 0.0923992
44.79 37.1002 0.0917051
44.8 37.2488 0.0910167
44.81 37.3979 0.090334
44.82 37.5477 0.0896569
44.83 37.698 0.0889855
44.84 37.849 0.0883196
44.85 38.0006 0.0876592
44.86 38.1528 0.0870042
44.87 38.3055 0.0863546
44.88 38.4589 0.0857104
44.89 38.613 0.0850715
44.9 38.7676 0.0844379
44.91 38.9228 0.0838095
44.92 39.0787 0.0831863
44.93 39.2352 0.0825682
44.94 39.3923 0.0819552
44.95 39.5501 0.0813473
44.96 39.7085 0.0807443
44.97 39.8675 0.0801463
44.98 40.0272 0.0795533
44.99 40.1875 0.0789651
45 40.3484 0.0783818
45.01 40.51 0.0778032
45.02 40.6723 0.0772294
45.03 40.8352 0.0766603
45.04 40.9987 0.0760959
45.05 41.1629 0.0755361
45.06 41.3278 0.074981
45.07 41.4933 0.0744303
45.08 41.6595 0.0738842
45.09 41.8263 0.0733426
45.1 41.9938 0.0728054
45.11 42.162 0.0722727
45.12 42.3309 0.0717443
45.13 42.5004 0.0712202
45.14 42.6707 0.0707004
45.15 42.8416 0.0701848
45.16 43.0131 0.0696735
45.17 43.1854 0.0691664
45.18 43.3584 0.0686634
45.19 43.5321 0.0681646
45.2 43.7064 0.0676698
45.21 43.8815 0.067179
45.22 44.0572 0.0666923
45.23 44.2337 0.0662096
45.24 44.4109 0.0657307
45.25 44.5888 0.0652558
45.26 44.7674 0.0647848
45.27 44.9467 0.0643176
45.28 45.1267 0.0638543
45.29 45.3075 0.0633947
45.3 45.4889 0.0629389
45.31 45.6712 0.0624867
45.32 45.8541 0.0620383
45.33 46.0378 0.0615935
45.34 46.2222 0.0611524
45.35 46.4073 0.0607148
45.36 46.5932 0.0602808
45.37 46.7798 0.0598503
45.38 46.9672 0.0594233
45.39 47.1554 0.0589998
45.4 47.3443 0.0585798
45.41 47.5339 0.0581631
45.42 47.7243 0.0577499
45.43 47.9155 0.05734
45.44 48.1074 0.0569334
45.45 48.3001 0.0565301
45.46 48.4936 0.0561302
45.47 48.6879 0.0557334
45.48 48.8829 0.0553399
45.49 49.0787 0.0549495
45.5 49.2753 0.0545624
45.51 49.4727 0.0541783
45.52 49.6709 0.0537974
45.53 49.8699 0.0534196
45.54 50.0696 0.0530448
45.55 50.2702 0.0526731
45.56 50.4716 0.0523043
45.57 50.6738 0.0519386
45.58 50.8768 0.0515758
45.59 51.0806 0.051216
45.6 51.2852 0.050859
45.61 51.4907 0.050505
45.62 51.6969 0.0501538
45.63 51.904 0.0498054
45.64 52.112 0.0494599
45.65 52.3207 0.0491171
45.66 52.5303 0.0487771
45.67 52.7408 0.0484399
45.68 52.9521 0.0481054
45.69 53.1642 0.0477735
45.7 53.3772 0.0474444
45.71 53.591 0.0471179
45.72 53.8057 0.046794
45.73 54.0213 0.0464728
45.74 54.2377 0.0461541
45.75 54.455 0.045838
45.76 54.6731 0.0455244
45.77 54.8922 0.0452134
45.78 55.1121 0.0449049
45.79 55.3329 0.0445988
45.8 55.5546 0.0442952
45.81 55.7771 0.0439941
45.82 56.0006 0.0436954
45.83 56.2249 0.043399
45.84 56.4502 0.0431051
45.85 56.6763 0.0428135
45.86 56.9034 0.0425243
45.87 57.1314 0.0422373
45.88 57.3603 0.0419527
45.89 57.5901 0.0416704
45.9 57.8208 0.0413903
45.91 58.0525 0.0411125
45.92 58.285 0.0408369
45.93 58.5186 0.0405635
45.94 58.753 0.0402923
45.95 58.9884 0.0400232
45.96 59.2247 0.0397564
45.97 59.462 0.0394916
45.98 59.7002 0.039229
45.99 59.9394 0.0389685
46 60.1796 0.0387101
46.01 60.4207 0.0384537
46.02 60.6628 0.0381994
46.03 60.9058 0.0379471
46.04 61.1498 0.0376968
46.05 61.3948 0.0374485
46.06 61.6408 0.0372023
46.07 61.8878 0.0369579
46.08 62.1357 0.0367156
46.09 62.3847 0.0364751
46.1 62.6346 0.0362366
46.11 62.8856 0.036
46.12 63.1375 0.0357653
46.13 63.3905 0.0355324
46.14 63.6445 0.0353014
46.15 63.8995 0.0350723
46.16 64.1555 0.0348449
46.17 64.4126 0.0346194
46.18 64.6706 0.0343957
46.19 64.9298 0.0341738
46.2 65.1899 0.0339536
46.21 65.4511 0.0337352
46.22 65.7134 0.0335185
46.23 65.9766 0.0333035
46.24 66.241 0.0330903
46.25 66.5064 0.0328787
46.26 66.7729 0.0326689
46.27 67.0404 0.0324606
46.28 67.309 0.0322541
46.29 67.5787 0.0320492
46.3 67.8495 0.0318459
46.31 68.1214 0.0316443
46.32 68.3943 0.0314442
46.33 68.6683 0.0312457
46.34 68.9435 0.0310488
46.35 69.2197 0.0308535
46.36 69.4971 0.0306597
46.37 69.7755 0.0304675
46.38 70.0551 0.0302767
46.39 70.3358 0.0300875
46.4 70.6176 0.0298998
46.41 70.9006 0.0297136
46.42 71.1847 0.0295289
46.43 71.4699 0.0293456
46.44 71.7563 0.0291638
46.45 72.0438 0.0289834
46.46 72.3325 0.0288044
46.47 72.6223 0.0286269
46.48 72.9133 0.0284508
46.49 73.2054 0.028276
46.5 73.4988 0.0281027
46.51 73.7933 0.0279307
46.52 74.089 0.0277601
46.53 74.3858 0.0275908
46.54 74.6839 0.0274229
46.55 74.9831 0.0272563
46.56 75.2836 0.027091
46.57 75.5853 0.026927
46.58 75.8881 0.0267644
46.59 76.1922 0.026603
46.6 76.4975 0.0264429
46.61 76.804 0.026284
46.62 77.1118 0.0261264
46.63 77.4208 0.0259701
46.64 77.731 0.025815
46.65 78.0425 0.0256611
46.66 78.3552 0.0255084
46.67 78.6691 0.025357
46.68 78.9844 0.0252067
46.69 79.3009 0.0250577
46.7 79.6186 0.0249098
46.71 79.9377 0.0247631
46.72 80.258 0.0246175
46.73 80.5796 0.0244731
46.74 80.9025 0.0243298
46.75 81.2266 0.0241877
46.76 81.5521 0.0240467
46.77 81.8789 0.0239068
46.78 82.207 0.023768
46.79 82.5364 0.0236303
46.8 82.8672 0.0234937
46.81 83.1992 0.0233581
46.82 83.5326 0.0232237
46.83 83.8673 0.0230903
46.84 84.2034 0.0229579
46.85 84.5408 0.0228266
46.86 84.8796 0.0226964
46.87 85.2197 0.0225672
46.88 85.5612 0.022439
46.89 85.904 0.0223118
46.9 86.2483 0.0221856
46.91 86.5939 0.0220604
46.92 86.9409 0.0219362
46.93 87.2893 0.021813
46.94 87.639 0.0216907
46.95 87.9902 0.0215695
46.96 88.3428 0.0214492
46.97 88.6968 0.0213298
46.98 89.0522 0.0212114
46.99 89.4091 0.0210939
47 89.7674 0.0209774
47.01 90.1271 0.0208617
47.02 90.4882 0.020747
47.03 90.8509 0.0206332
47.04 91.2149 0.0205203
47.05 91.5804 0.0204083
47.06 91.9474 0.0202972
47.07 92.3159 0.020187
47.08 92.6858 0.0200776
47.09 93.0572 0.0199691
47.1 93.4301 0.0198615
47.11 93.8045 0.0197547
47.12 94.1804 0.0196488
47.13 94.5578 0.0195437
47.14 94.9367 0.0194395
47.15 95.3172 0.0193361
47.16 95.6991 0.0192335
47.17 96.0826 0.0191317
47.18 96.4676 0.0190307
47.19 96.8542 0.0189305
47.2 97.2423 0.0188312
47.21 97.632 0.0187326
47.22 98.0233 0.0186348
47.23 98.4161 0.0185378
47.24 98.8105 0.0184415
47.25 99.2064 0.018346
47.26 99.604 0.0182513
47.27 100.003 0.0181574
47.28 100.404 0.0180642
47.29 100.806 0.0179717
47.3 101.21 0.01788
47.31 101.616 0.017789
47.32 102.023 0.0176988
47.33 102.432 0.0176092
47.34 102.842 0.0175204
47.35 103.254 0.0174323
47.36 103.668 0.0173449
47.37 104.084 0.0172582
47.38 104.501 0.0171722
47.39 104.919 0.0170869
47.4 105.34 0.0170023
47.41 105.762 0.0169184
47.42 106.186 0.0168351
47.43 106.611 0.0167525
47.44 107.039 0.0166706
47.45 107.468 0.0165893
47.46 107.898 0.0165087
47.47 108.331 0.0164288
47.48 108.765 0.0163495
47.49 109.201 0.0162708
47.5 109.638 0.0161928
47.51 110.078 0.0161154
47.52 110.519 0.0160386
47.53 110.962 0.0159625
47.54 111.406 0.015887
47.55 111.853 0.0158121
47.56 112.301 0.0157378
47.57 112.751 0.0156641
47.58 113.203 0.015591
47.59 113.656 0.0155186
47.6 114.112 0.0154467
47.61 114.569 0.0153754
47.62 115.028 0.0153047
47.63 115.489 0.0152345
47.64 115.952 0.015165
47.65 116.417 0.015096
47.66 116.883 0.0150276
47.67 117.352 0.0149597
47.68 117.822 0.0148925
47.69 118.294 0.0148257
47.7 118.768 0.0147596
47.71 119.244 0.0146939
47.72 119.722 0.0146289
47.73 120.202 0.0145643
47.74 120.684 0.0145003
47.75 121.167 0.0144369
47.76 121.653 0.0143739
47.77 122.14 0.0143115
47.78 122.63 0.0142497
47.79 123.121 0.0141883
47.8 123.615 0.0141275
47.81 124.11 0.0140671
47.82 124.607 0.0140073
47.83 125.107 0.013948
47.84 125.608 0.0138892
47.85 126.111 0.0138309
47.86 126.617 0.0137731
47.87 127.124 0.0137158
47.88 127.634 0.0136589
47.89 128.145 0.0136026
47.9 128.659 0.0135467
47.91 129.174 0.0134914
47.92 129.692 0.0134365
47.93 130.212 0.013382
47.94 130.734 0.0133281
47.95 131.257 0.0132746
47.96 131.784 0.0132216
47.97 132.312 0.013169
47.98 132.842 0.0131169
47.99 133.374 0.0130653
48 133.909 0.0130141
48.01 134.445 0.0129633
48.02 134.984 0.0129131
48.03 135.525 0.0128632
48.04 136.068 0.0128138
48.05 136.614 0.0127648
48.06 137.161 0.0127163
48.07 137.711 0.0126682
48.08 138.263 0.0126206
48.09 138.817 0.0125733
48.1 139.373 0.0125265
48.11 139.932 0.0124802
48.12 140.492 0.0124342
48.13 141.055 0.0123887
48.14 141.621 0.0123435
48.15 142.188 0.0122988
48.16 142.758 0.0122545
48.17 143.33 0.0122106
48.18 143.904 0.0121671
48.19 144.481 0.0121241
48.2 145.06 0.0120814
48.21 145.642 0.0120391
48.22 146.225 0.0119972
48.23 146.811 0.0119558
48.24 147.4 0.0119147
48.25 147.99 0.011874
48.26 148.583 0.0118337
48.27 149.179 0.0117937
48.28 149.777 0.0117542
48.29 150.377 0.011715
48.3 150.98 0.0116763
48.31 151.585 0.0116379
48.32 152.192 0.0115998
48.33 152.802 0.0115622
48.34 153.414 0.0115249
48.35 154.029 0.011488
48.36 154.646 0.0114515
48.37 155.266 0.0114153
48.38 155.888 0.0113795
48.39 156.513 0.0113441
48.4 157.14 0.011309
48.41 157.77 0.0112743
48.42 158.403 0.0112399
48.43 159.037 0.0112059
48.44 159.675 0.0111722
48.45 160.315 0.0111389
48.46 160.957 0.011106
48.47 161.602 0.0110734
48.48 162.25 0.0110411
48.49 162.9 0.0110092
48.5 163.553 0.0109777
48.51 164.208 0.0109464
48.52 164.866 0.0109156
48.53 165.527 0.010885
48.54 166.19 0.0108548
48.55 166.856 0.0108249
48.56 167.525 0.0107954
48.57 168.197 0.0107662
48.58 168.871 0.0107374
48.59 169.547 0.0107088
48.6 170.227 0.0106806
48.61 170.909 0.0106528
48.62 171.594 0.0106252
48.63 172.282 0.010598
48.64 172.972 0.0105711
48.65 173.665 0.0105445
48.66 174.361 0.0105183
48.67 175.06 0.0104923
48.68 175.762 0.0104667
48.69 176.466 0.0104415
48.7 177.173 0.0104165
48.71 177.883 0.0103918
48.72 178.596 0.0103675
48.73 179.312 0.0103435
48.74 180.031 0.0103198
48.75 180.752 0.0102964
48.76 181.476 0.0102733
48.77 182.204 0.0102505
48.78 182.934 0.010228
48.79 183.667 0.0102059
48.8 184.403 0.010184
48.81 185.142 0.0101625
48.82 185.884 0.0101412
48.83 186.629 0.0101203
48.84 187.377 0.0100997
48.85 188.128 0.0100793
48.86 188.882 0.0100593
48.87 189.639 0.0100396
48.88 190.399 0.0100202
48.89 191.162 0.0100011
48.9 191.928 0.00998224
48.91 192.697 0.00996372
48.92 193.469 0.0099455
48.93 194.245 0.00992757
48.94 195.023 0.00990995
48.95 195.805 0.00989262
48.96 196.59 0.00987559
48.97 197.377 0.00985885
48.98 198.168 0.00984241
48.99 198.963 0.00982626
49 199.76 0.00981041
49.01 200.561 0.00979485
49.02 201.364 0.00977959
49.03 202.171 0.00976462
49.04 202.982 0.00974994
49.05 203.795 0.00973556
49.06 204.612 0.00972146
49.07 205.432 0.00970766
49.08 206.255 0.00969415
49.09 207.082 0.00968093
49.1 207.912 0.009668
49.11 208.745 0.00965537
49.12 209.581 0.00964302
49.13 210.421 0.00963097
49.14 211.265 0.0096192
49.15 212.111 0.00960773
49.16 212.961 0.00959655
49.17 213.815 0.00958565
49.18 214.672 0.00957505
49.19 215.532 0.00956474
49.2 216.396 0.00955472
49.21 217.263 0.00954498
49.22 218.134 0.00953554
49.23 219.008 0.00952639
49.24 219.886 0.00951753
49.25 220.767 0.00950896
49.26 221.652 0.00950069
49.27 222.54 0.0094927
49.28 223.432 0.009485
49.29 224.327 0.0094776
49.3 225.226 0.00947049
49.31 226.129 0.00946367
49.32 227.035 0.00945714
49.33 227.945 0.00945091
49.34 228.859 0.00944497
49.35 229.776 0.00943932
49.36 230.697 0.00943397
49.37 231.621 0.00942891
49.38 232.55 0.00942415
49.39 233.481 0.00941968
49.4 234.417 0.00941551
49.41 235.357 0.00941164
49.42 236.3 0.00940806
49.43 237.247 0.00940479
49.44 238.198 0.00940181
49.45 239.152 0.00939913
49.46 240.111 0.00939675
49.47 241.073 0.00939467
49.48 242.039 0.00939289
49.49 243.009 0.00939142
49.5 243.983 0.00939025
49.51 244.961 0.00938938
49.52 245.943 0.00938882
49.53 246.928 0.00938857
49.54 247.918 0.00938862
49.55 248.911 0.00938898
49.56 249.909 0.00938965
49.57 250.911 0.00939063
49.58 251.916 0.00939193
49.59 252.926 0.00939353
49.6 253.939 0.00939545
49.61 254.957 0.00939768
49.62 255.979 0.00940023
49.63 257.005 0.0094031
49.64 258.035 0.00940629
49.65 259.069 0.00940979
49.66 260.107 0.00941362
49.67 261.15 0.00941777
49.68 262.196 0.00942225
49.69 263.247 0.00942705
49.7 264.302 0.00943218
49.71 265.361 0.00943764
49.72 266.425 0.00944343
49.73 267.492 0.00944955
49.74 268.564 0.00945601
49.75 269.641 0.0094628
49.76 270.721 0.00946993
49.77 271.806 0.0094774
49.78 272.896 0.00948521
49.79 273.989 0.00949336
49.8 275.087 0.00950186
49.81 276.19 0.00951071
49.82 277.297 0.00951991
49.83 278.408 0.00952945
49.84 279.524 0.00953936
49.85 280.644 0.00954961
49.86 281.769 0.00956023
49.87 282.898 0.0095712
49.88 284.032 0.00958254
49.89 285.17 0.00959424
49.9 286.313 0.00960631
49.91 287.46 0.00961875
49.92 288.612 0.00963157
49.93 289.769 0.00964475
49.94 290.93 0.00965832
49.95 292.096 0.00967226
49.96 293.267 0.00968659
49.97 294.442 0.00970131
49.98 295.622 0.00971641
49.99 296.807 0.0097319
50 297.997 0.00974779
50.01 299.191 0.00976408
50.02 300.39 0.00978077
50.03 301.594 0.00979786
50.04 302.802 0.00981536
50.05 304.016 0.00983326
50.06 305.234 0.00985159
50.07 306.458 0.00987032
50.08 307.686 0.00988948
50.09 308.919 0.00990907
50.1 310.157 0.00992908
50.11 311.4 0.00994952
50.12 312.648 0.00997039
50.13 313.901 0.00999171
50.14 315.159 0.0100135
50.15 316.422 0.0100357
50.16 317.69 0.0100583
50.17 318.963 0.0100814
50.18 320.242 0.010105
50.19 321.525 0.010129
50.2 322.813 0.0101535
50.21 324.107 0.0101785
50.22 325.406 0.0102039
50.23 326.71 0.0102299
50.24 328.02 0.0102563
50.25 329.334 0.0102832
50.26 330.654 0.0103106
50.27 331.979 0.0103385
50.28 333.31 0.0103669
50.29 334.645 0.0103958
50.3 335.987 0.0104252
50.31 337.333 0.0104552
50.32 338.685 0.0104856
50.33 340.042 0.0105166
50.34 341.405 0.0105482
50.35 342.773 0.0105802
50.36 344.147 0.0106129
50.37 345.526 0.010646
50.38 346.911 0.0106798
50.39 348.301 0.0107141
50.4 349.697 0.010749
50.41 351.099 0.0107844
50.42 352.506 0.0108205
50.43 353.918 0.0108571
50.44 355.337 0.0108943
50.45 356.761 0.0109321
50.46 358.191 0.0109706
50.47 359.626 0.0110096
50.48 361.067 0.0110493
50.49 362.514 0.0110896
50.5 363.967 0.0111306
50.51 365.426 0.0111722
50.52 366.89 0.0112145
50.53 368.361 0.0112574
50.54 369.837 0.011301
50.55 371.319 0.0113452
50.56 372.807 0.0113902
50.57 374.301 0.0114358
50.58 375.801 0.0114822
50.59 377.307 0.0115292
50.6 378.819 0.011577
50.61 380.338 0.0116255
50.62 381.862 0.0116748
50.63 383.392 0.0117248
50.64 384.929 0.0117756
50.65 386.471 0.0118271
50.66 388.02 0.0118794
50.67 389.575 0.0119325
50.68 391.136 0.0119863
50.69 392.704 0.012041
50.7 394.278 0.0120965
50.71 395.858 0.0121529
50.72 397.444 0.01221
50.73 399.037 0.0122681
50.74 400.636 0.012327
50.75 402.242 0.0123867
50.76 403.854 0.0124473
50.77 405.472 0.0125089
50.78 407.097 0.0125713
50.79 408.729 0.0126347
50.8 410.367 0.012699
50.81 412.011 0.0127642
50.82 413.662 0.0128304
50.83 415.32 0.0128976
50.84 416.985 0.0129658
50.85 418.656 0.0130349
50.86 420.334 0.0131051
50.87 422.018 0.0131763
50.88 423.709 0.0132485
50.89 425.407 0.0133218
50.9 427.112 0.0133962
50.91 428.824 0.0134716
50.92 430.542 0.0135482
50.93 432.268 0.0136259
50.94 434 0.0137047
50.95 435.739 0.0137846
50.96 437.486 0.0138657
50.97 439.239 0.013948
50.98 440.999 0.0140316
50.99 442.766 0.0141163
51 444.541 0.0142023
51.01 446.322 0.0142895
51.02 448.111 0.014378
51.03 449.907 0.0144678
51.04 451.71 0.0145589
51.05 453.52 0.0146513
51.06 455.338 0.0147451
51.07 457.162 0.0148403
51.08 458.994 0.0149368
51.09 460.834 0.0150348
51.1 462.681 0.0151342
51.11 464.535 0.0152351
51.12 466.396 0.0153375
51.13 468.265 0.0154413
51.14 470.142 0.0155467
51.15 472.026 0.0156537
51.16 473.918 0.0157622
51.17 475.817 0.0158723
51.18 477.724 0.0159841
51.19 479.638 0.0160975
51.2 481.56 0.0162126
51.21 483.49 0.0163294
51.22 485.428 0.0164479
51.23 487.373 0.0165682
51.24 489.326 0.0166903
51.25 491.287 0.0168142
51.26 493.256 0.01694
51.27 495.233 0.0170676
51.28 497.217 0.0171972
51.29 499.21 0.0173287
51.3 501.21 0.0174621
51.31 503.219 0.0175976
51.32 505.236 0.0177351
51.33 507.26 0.0178747
51.34 509.293 0.0180164
51.35 511.334 0.0181602
51.36 513.383 0.0183062
51.37 515.44 0.0184545
51.38 517.506 0.018605
51.39 519.58 0.0187578
51.4 521.662 0.0189129
51.41 523.753 0.0190704
51.42 525.851 0.0192303
51.43 527.959 0.0193926
51.44 530.074 0.0195575
51.45 532.199 0.0197249
51.46 534.331 0.0198949
51.47 536.473 0.0200675
51.48 538.622 0.0202427
51.49 540.781 0.0204208
51.5 542.948 0.0206015
51.51 545.124 0.0207851
51.52 547.308 0.0209716
51.53 549.501 0.021161
51.54 551.703 0.0213533
51.55 553.914 0.0215487
51.56 556.134 0.0217472
51.57 558.363 0.0219487
51.58 560.6 0.0221535
51.59 562.847 0.0223616
51.6 565.102 0.0225729
51.61 567.367 0.0227876
51.62 569.64 0.0230057
51.63 571.923 0.0232274
51.64 574.215 0.0234526
51.65 576.516 0.0236814
51.66 578.826 0.0239139
51.67 581.145 0.0241501
51.68 583.474 0.0243902
51.69 585.812 0.0246342
51.7 588.16 0.0248821
51.71 590.517 0.0251341
51.72 592.883 0.0253902
51.73 595.259 0.0256505
51.74 597.644 0.0259151
51.75 600.039 0.0261841
51.76 602.443 0.0264575
51.77 604.857 0.0267354
51.78 607.281 0.0270179
51.79 609.715 0.0273052
51.8 612.158 0.0275972
51.81 614.611 0.0278941
51.82 617.074 0.028196
51.83 619.546 0.028503
51.84 622.029 0.0288151
51.85 624.521 0.0291326
51.86 627.024 0.0294554
51.87 629.536 0.0297837
51.88 632.059 0.0301175
51.89 634.592 0.0304571
51.9 637.135 0.0308026
51.91 639.688 0.0311539
51.92 642.251 0.0315113
51.93 644.824 0.0318749
51.94 647.408 0.0322447
51.95 650.002 0.032621
51.96 652.607 0.0330039
51.97 655.222 0.0333934
51.98 657.847 0.0337897
51.99 660.483 0.0341931
52 663.13 0.0346035
52.01 665.787 0.0350211
52.02 668.454 0.0354462
52.03 671.133 0.0358788
52.04 673.822 0.0363191
52.05 676.522 0.0367672
52.06 679.233 0.0372234
52.07 681.954 0.0376878
52.08 684.687 0.0381605
52.09 687.43 0.0386418
52.1 690.184 0.0391318
52.11 692.95 0.0396307
52.12 695.726 0.0401387
52.13 698.514 0.040656
52.14 701.313 0.0411827
52.15 704.123 0.0417191
52.16 706.944 0.0422654
52.17 709.776 0.0428218
52.18 712.62 0.0433885
52.19 715.475 0.0439658
52.2 718.342 0.0445538
52.21 721.22 0.0451528
52.22 724.11 0.045763
52.23 727.011 0.0463848
52.24 729.924 0.0470182
52.25 732.848 0.0476636
52.26 735.784 0.0483213
52.27 738.732 0.0489915
52.28 741.692 0.0496745
52.29 744.664 0.0503705
52.3 747.647 0.0510799
52.31 750.642 0.051803
52.32 753.65 0.0525401
52.33 756.669 0.0532914
52.34 759.701 0.0540573
52.35 762.744 0.0548382
52.36 765.8 0.0556343
52.37 768.868 0.056446
52.38 771.948 0.0572737
52.39 775.041 0.0581177
52.4 778.146 0.0589784
52.41 781.263 0.0598562
52.42 784.393 0.0607515
52.43 787.536 0.0616646
52.44 790.691 0.062596
52.45 793.858 0.0635462
52.46 797.038 0.0645154
52.47 800.231 0.0655043
52.48 803.437 0.0665132
52.49 806.656 0.0675426
52.5 809.887 0.068593
52.51 813.131 0.0696648
52.52 816.389 0.0707587
52.53 819.659 0.0718751
52.54 822.942 0.0730145
52.55 826.239 0.0741775
52.56 829.549 0.0753646
52.57 832.872 0.0765765
52.58 836.208 0.0778137
52.59 839.557 0.0790768
52.6 842.92 0.0803664
52.61 846.297 0.0816833
52.62 849.687 0.083028
52.63 853.09 0.0844012
52.64 856.507 0.0858036
52.65 859.938 0.087236
52.66 863.382 0.0886991
52.67 866.84 0.0901935
52.68 870.312 0.0917202
52.69 873.798 0.0932798
52.7 877.298 0.0948732
52.71 880.811 0.0965013
52.72 884.339 0.0981648
52.73 887.881 0.0998647
52.74 891.437 0.101602
52.75 895.007 0.103377
52.76 898.592 0.105192
52.77 902.19 0.107047
52.78 905.803 0.108943
52.79 909.431 0.110881
52.8 913.073 0.112863
52.81 916.73 0.114889
52.82 920.401 0.11696
52.83 924.086 0.119078
52.84 927.787 0.121244
52.85 931.502 0.12346
52.86 935.232 0.125725
52.87 938.977 0.128043
52.88 942.737 0.130413
52.89 946.512 0.132838
52.9 950.302 0.135319
52.91 954.107 0.137857
52.92 957.927 0.140454
52.93 961.763 0.143111
52.94 965.613 0.14583
52.95 969.479 0.148613
52.96 973.361 0.151461
52.97 977.258 0.154376
52.98 981.17 0.15736
52.99 985.098 0.160415
53 989.042 0.163542
53.01 993.001 0.166744
53.02 996.977 0.170022
53.03 1000.97 0.173379
53.04 1004.97 0.176816
53.05 1009 0.180336
53.06 1013.04 0.183942
53.07 1017.09 0.187635
53.08 1021.16 0.191417
53.09 1025.25 0.195292
53.1 1029.35 0.199262
53.11 1033.47 0.20333
53.12 1037.61 0.207497
53.13 1041.76 0.211768
53.14 1045.93 0.216144
53.15 1050.12 0.220629
53.16 1054.32 0.225226
53.17 1058.54 0.229938
53.18 1062.77 0.234768
53.19 1067.03 0.23972
53.2 1071.29 0.244796
53.21 1075.58 0.250001
53.22 1079.88 0.255338
53.23 1084.2 0.260811
53.24 1088.54 0.266423
53.25 1092.9 0.27218
53.26 1097.27 0.278084
53.27 1101.66 0.28414
53.28 1106.06 0.290353
53.29 1110.49 0.296727
53.3 1114.93 0.303267
53.31 1119.39 0.309977
53.32 1123.87 0.316863
53.33 1128.36 0.323929
53.34 1132.87 0.331181
53.35 1137.4 0.338625
53.36 1141.95 0.346265
53.37 1146.52 0.354108
53.38 1151.1 0.36216
53.39 1155.7 0.370428
53.4 1160.32 0.378916
53.41 1164.96 0.387633
53.42 1169.62 0.396584
53.43 1174.29 0.405777
53.44 1178.99 0.415219
53.45 1183.7 0.424918
53.46 1188.43 0.434882
53.47 1193.18 0.445117
53.48 1197.95 0.455634
53.49 1202.73 0.466439
53.5 1207.54 0.477543
53.51 1212.36 0.488954
53.52 1217.2 0.500681
53.53 1222.07 0.512734
53.54 1226.95 0.525124
53.55 1231.85 0.537861
53.56 1236.77 0.550955
53.57 1241.7 0.564418
53.58 1246.66 0.57826
53.59 1251.64 0.592495
53.6 1256.64 0.607134
53.61 1261.65 0.622189
53.62 1266.69 0.637675
53.63 1271.74 0.653604
53.64 1276.82 0.669991
53.65 1281.91 0.68685
53.66 1287.03 0.704195
53.67 1292.16 0.722044
53.68 1297.31 0.740411
53.69 1302.49 0.759313
53.7 1307.68 0.778767
53.71 1312.9 0.798792
53.72 1318.13 0.819405
53.73 1323.38 0.840625
53.74 1328.66 0.862473
53.75 1333.95 0.884969
53.76 1339.27 0.908133
53.77 1344.6 0.931987
53.78 1349.96 0.956555
53.79 1355.34 0.981859
53.8 1360.73 1.00792
53.81 1366.15 1.03477
53.82 1371.59 1.06244
53.83 1377.05 1.09094
53.84 1382.53 1.1203
53.85 1388.03 1.15057
53.86 1393.55 1.18176
53.87 1399.09 1.2139
53.88 1404.66 1.24703
53.89 1410.24 1.28119
53.9 1415.85 1.31639
53.91 1421.47 1.3527
53.92 1427.12 1.39013
53.93 1432.79 1.42872
53.94 1438.48 1.46852
53.95 1444.19 1.50957
53.96 1449.92 1.55191
53.97 1455.67 1.59559
53.98 1461.45 1.64064
53.99 1467.25 1.68713
54 1473.06 1.73508
54.01 1478.9 1.78457
54.02 1484.76 1.83564
54.03 1490.64 1.88834
54.04 1496.55 1.94274
54.05 1502.47 1.99889
54.06 1508.41 2.05685
54.07 1514.38 2.11669
54.08 1520.37 2.17848
54.09 1526.38 2.24227
54.1 1532.41 2.30815
54.11 1538.46 2.37618
54.12 1544.54 2.44644
54.13 1550.63 2.51902
54.14 1556.75 2.59399
54.15 1562.89 2.67144
54.16 1569.05 2.75146
54.17 1575.23 2.83414
54.18 1581.43 2.91958
54.19 1587.65 3.00787
54.2 1593.9 3.09913
54.21 1600.16 3.19344
54.22 1606.45 3.29094
54.23 1612.76 3.39173
54.24 1619.09 3.49593
54.25 1625.44 3.60368
54.26 1631.81 3.71508
54.27 1638.2 3.8303
54.28 1644.61 3.94945
54.29 1651.04 4.07269
54.3 1657.49 4.20017
54.31 1663.96 4.33204
54.32 1670.46 4.46847
54.33 1676.97 4.60963
54.34 1683.5 4.75569
54.35 1690.06 4.90684
54.36 1696.63 5.06327
54.37 1703.22 5.22517
54.38 1709.83 5.39275
54.39 1716.46 5.56623
54.4 1723.11 5.74582
54.41 1729.78 5.93176
54.42 1736.46 6.12429
54.43 1743.16 6.32366
54.44 1749.89 6.53013
54.45 1756.63 6.74396
54.46 1763.38 6.96545
54.47 1770.16 7.19488
54.48 1776.95 7.43256
54.49 1783.75 7.67881
54.5 1790.58 7.93395
54.51 1797.42 8.19833
54.52 1804.27 8.4723
54.53 1811.14 8.75624
54.54 1818.02 9.05053
54.55 1824.92 9.35558
54.56 1831.83 9.6718
54.57 1838.76 9.99963
54.58 1845.7 10.3395
54.59 1852.65 10.692
54.6 1859.61 11.0574
54.61 1866.58 11.4364
54.62 1873.56 11.8295
54.63 1880.55 12.2372
54.64 1887.56 12.6601
54.65 1894.56 13.0988
54.66 1901.58 13.5539
54.67 1908.61 14.0262
54.68 1915.64 14.5162
54.69 1922.67 15.0246
54.7 1929.71 15.5523
54.71 1936.75 16.1
54.72 1943.8 16.6684
54.73 1950.85 17.2584
54.74 1957.89 17.8709
54.75 1964.94 18.5068
54.76 1971.98 19.167
54.77 1979.02 19.8525
54.78 1986.06 20.5644
54.79 1993.09 21.3036
54.8 2000.11 22.0713
54.81 2007.13 22.8686
54.82 2014.13 23.6969
54.83 2021.13 24.5572
54.84 2028.11 25.4509
54.85 2035.07 26.3794
54.86 2042.02 27.344
54.87 2048.95 28.3464
54.88 2055.86 29.3879
54.89 2062.74 30.4702
54.9 2069.6 31.595
54.91 2076.44 32.764
54.92 2083.24 33.979
54.93 2090.01 35.242
54.94 2096.75 36.5548
54.95 2103.45 37.9195
54.96 2110.11 39.3382
54.97 2116.73 40.8133
54.98 2123.3 42.3469
54.99 2129.82 43.9415
55 2136.3 45.5996
55.01 2142.71 47.3238
55.02 2149.07 49.1169
55.03 2155.36 50.9816
55.04 2161.59 52.921
55.05 2167.75 54.938
55.06 2173.83 57.0359
55.07 2179.83 59.218
55.08 2185.75 61.4878
55.09 2191.58 63.8489
55.1 2197.31 66.305
55.11 2202.95 68.86
55.12 2208.48 71.5179
55.13 2213.91 74.2831
55.14 2219.22 77.1598
55.15 2224.4 80.1527
55.16 2229.46 83.2664
55.17 2234.39 86.5059
55.18 2239.17 89.8763
55.19 2243.8 93.3829
55.2 2248.28 97.0312
55.21 2252.6 100.827
55.22 2256.74 104.776
55.23 2260.71 108.885
55.24 2264.48 113.16
55.25 2268.06 117.607
55.26 2271.44 122.234
55.27 2274.59 127.047
55.28 2277.53 132.054
55.29 2280.22 137.263
55.3 2282.67 142.681
55.31 2284.86 148.317
55.32 2286.78 154.179
55.33 2288.42 160.276
55.34 2289.76 166.617
55.35 2290.8 173.211
55.36 2291.52 180.067
55.37 2291.9 187.196
55.38 2291.94 194.608
55.39 2291.62 202.312
55.4 2290.92 210.321
55.41 2289.83 218.644
55.42 2288.33 227.294
55.43 2286.4 236.282
55.44 2284.04 245.619
55.45 2281.22 255.318
55.46 2277.92 265.391
55.47 2274.13 275.85
55.48 2269.83 286.71
55.49 2264.99 297.981
55.5 2259.61 309.679
55.51 2253.66 321.816
55.52 2247.12 334.405
55.53 2239.97 347.46
55.54 2232.19 360.995
55.55 2223.77 375.023
55.56 2214.67 389.558
55.57 2204.88 404.614
55.58 2194.38 420.203
55.59 2183.14 436.339
55.6 2171.15 453.035
55.61 2158.39 470.303
55.62 2144.83 488.155
55.63 2130.46 506.602
55.64 2115.25 525.656
55.65 2099.19 545.327
55.66 2082.26 565.624
55.67 2064.44 586.554
55.68 2045.71 608.126
55.69 2026.06 630.345
55.7 2005.48 653.215
55.71 1983.95 676.74
55.72 1961.46 700.919
55.73 1938.01 725.754
55.74 1913.58 751.24
55.75 1888.17 777.372
55.76 1861.79 804.142
55.77 1834.42 831.541
55.78 1806.08 859.555
55.79 1776.77 888.167
55.8 1746.5 917.358
55.81 1715.29 947.105
55.82 1683.15 977.38
55.83 1650.11 1008.15
55.84 1616.19 1039.39
55.85 1581.43 1071.05
55.86 1545.85 1103.1
55.87 1509.51 1135.48
55.88 1472.45 1168.14
55.89 1434.71 1201.03
55.9 1396.36 1234.08
55.91 1357.45 1267.24
55.92 1318.05 1300.44
55.93 1278.23 1333.6
55.94 1238.07 1366.64
55.95 1197.64 1399.5
55.96 1157.02 1432.08
55.97 1116.3 1464.31
55.98 1075.58 1496.1
55.99 1034.93 1527.36
56 994.454 1558.01
56.01 954.241 1587.97
56.02 914.383 1617.14
56.03 874.971 1645.45
56.04 836.095 1672.81
56.05 797.84 1699.16
56.06 760.289 1724.42
56.07 723.522 1748.53
56.08 687.609 1771.42
56.09 652.62 1793.05
56.1 618.614 1813.37
56.11 585.645 1832.34
56.12 553.759 1849.93
56.13 522.995 1866.12
56.14 493.382 1880.91
56.15 464.944 1894.27
56.16 437.696 1906.22
56.17 411.644 1916.77
56.18 386.79 1925.92
56.19 363.126 1933.72
56.2 340.64 1940.18
56.21 319.312 1945.34
56.22 299.12 1949.24
56.23 280.035 1951.93
56.24 262.025 1953.45
56.25 245.056 1953.85
56.26 229.088 1953.18
56.27 214.084 1951.5
56.28 200.001 1948.86
56.29 186.797 1945.31
56.3 174.432 1940.91
56.31 162.861 1935.71
56.32 152.043 1929.76
56.33 141.937 1923.12
56.34 132.502 1915.82
56.35 123.698 1907.93
56.36 115.488 1899.49
56.37 107.835 1890.53
56.38 100.705 1881.1
56.39 94.0621 1871.25
56.4 87.8762 1861
56.41 82.1165 1850.4
56.42 76.7546 1839.48
56.43 71.7632 1828.26
56.44 67.1172 1816.78
56.45 62.7925 1805.07
56.46 58.7669 1793.14
56.47 55.0193 1781.04
56.48 51.5302 1768.76
56.49 48.2814 1756.35
56.5 45.2556 1743.81
56.51 42.4372 1731.17
56.52 39.8112 1718.43
56.53 37.364 1705.63
56.54 35.0828 1692.76
56.55 32.9557 1679.85
56.56 30.9717 1666.9
56.57 29.1206 1653.93
56.58 27.3929 1640.94
56.59 25.7799 1627.95
56.6 24.2733 1614.96
56.61 22.8658 1601.99
56.62 21.5501 1589.03
56.63 20.32 1576.1
56.64 19.1693 1563.21
56.65 18.0925 1550.35
56.66 17.0845 1537.53
56.67 16.1405 1524.76
56.68 15.256 1512.04
56.69 14.427 1499.38
56.7 13.6496 1486.77
56.71 12.9204 1474.23
56.72 12.236 1461.75
56.73 11.5934 1449.35
56.74 10.9898 1437.01
56.75 10.4226 1424.74
56.76 9.88938 1412.54
56.77 9.38787 1400.43
56.78 8.91598 1388.38
56.79 8.47179 1376.42
56.8 8.05347 1364.54
56.81 7.65936 1352.74
56.82 7.28789 1341.02
56.83 6.93761 1329.38
56.84 6.60718 1317.82
56.85 6.29533 1306.35
56.86 6.0009 1294.97
56.87 5.7228 1283.66
56.88 5.46001 1272.45
56.89 5.21158 1261.31
56.9 4.97664 1250.27
56.91 4.75435 1239.31
56.92 4.54395 1228.43
56.93 4.34473 1217.64
56.94 4.156 1206.94
56.95 3.97716 1196.32
56.96 3.8076 1185.78
56.97 3.64679 1175.33
56.98 3.49422 1164.97
56.99 3.34939 1154.69
57 3.21188 1144.49
57.01 3.08125 1134.38
57.02 2.95712 1124.35
57.03 2.83912 1114.41
57.04 2.7269 1104.55
57.05 2.62013 1094.77
57.06 2.51852 1085.07
57.07 2.42179 1075.45
57.08 2.32965 1065.92
57.09 2.24187 1056.47
57.1 2.1582 1047.09
57.11 2.07843 1037.8
57.12 2.00235 1028.58
57.13 1.92975 1019.45
57.14 1.86047 1010.39
57.15 1.79431 1001.41
57.16 1.73112 992.509
57.17 1.67075 983.683
57.18 1.61305 974.934
57.19 1.55788 966.26
57.2 1.50512 957.661
57.21 1.45464 949.137
57.22 1.40633 940.687
57.23 1.36008 932.31
57.24 1.31579 924.007
57.25 1.27337 915.775
57.26 1.23271 907.616
57.27 1.19374 899.527
57.28 1.15637 891.51
57.29 1.12053 883.563
57.3 1.08614 875.685
57.31 1.05314 867.876
57.32 1.02146 860.136
57.33 0.991033 852.464
57.34 0.961808 844.859
57.35 0.933727 837.321
57.36 0.906737 829.85
57.37 0.88079 822.444
57.38 0.855837 815.103
57.39 0.831833 807.828
57.4 0.808737 800.616
57.41 0.786508 793.468
57.42 0.765107 786.383
57.43 0.744498 779.361
57.44 0.724647 772.401
57.45 0.70552 765.502
57.46 0.687087 758.665
57.47 0.669317 751.888
57.48 0.652183 745.171
57.49 0.635657 738.514
57.5 0.619714 731.915
57.51 0.60433 725.375
57.52 0.58948 718.893
57.53 0.575144 712.469
57.54 0.561301 706.102
57.55 0.547929 699.791
57.56 0.53501 693.536
57.57 0.522525 687.336
57.58 0.510458 681.192
57.59 0.498792 675.103
57.6 0.48751 669.067
57.61 0.476598 663.085
57.62 0.466041 657.157
57.63 0.455825 651.281
57.64 0.445938 645.457
57.65 0.436366 639.686
57.66 0.427098 633.965
57.67 0.418121 628.296
57.68 0.409426 622.677
57.69 0.401002 617.108
57.7 0.392837 611.588
57.71 0.384924 606.118
57.72 0.377252 600.697
57.73 0.369812 595.324
57.74 0.362597 589.998
57.75 0.355599 584.721
57.76 0.348808 579.49
57.77 0.342218 574.306
57.78 0.335823 569.168
57.79 0.329614 564.076
57.8 0.323585 559.029
57.81 0.317731 554.028
57.82 0.312044 549.071
57.83 0.30652 544.158
57.84 0.301153 539.289
57.85 0.295936 534.464
57.86 0.290867 529.681
57.87 0.285938 524.942
57.88 0.281146 520.244
57.89 0.276486 515.589
57.9 0.271953 510.975
57.91 0.267544 506.402
57.92 0.263255 501.871
57.93 0.259081 497.379
57.94 0.255018 492.928
57.95 0.251064 488.516
57.96 0.247215 484.144
57.97 0.243467 479.811
57.98 0.239817 475.517
57.99 0.236262 471.261
58 0.2328 467.043
58.01 0.229426 462.863
58.02 0.226139 458.72
58.03 0.222936 454.614
58.04 0.219815 450.545
58.05 0.216772 446.512
58.06 0.213806 442.515
58.07 0.210913 438.554
58.08 0.208093 434.629
58.09 0.205342 430.738
58.1 0.20266 426.882
58.11 0.200043 423.061
58.12 0.19749 419.274
58.13 0.194998 415.521
58.14 0.192567 411.801
58.15 0.190195 408.114
58.16 0.187879 404.461
58.17 0.185619 400.84
58.18 0.183412 397.252
58.19 0.181257 393.695
58.2 0.179153 390.171
58.21 0.177098 386.678
58.22 0.175091 383.216
58.23 0.173131 379.785
58.24 0.171216 376.385
58.25 0.169345 373.015
58.26 0.167517 369.676
58.27 0.165731 366.366
58.28 0.163986 363.086
58.29 0.16228 359.835
58.3 0.160612 356.613
58.31 0.158983 353.42
58.32 0.157389 350.256
58.33 0.155831 347.12
58.34 0.154308 344.012
58.35 0.152819 340.932
58.36 0.151363 337.88
58.37 0.149939 334.854
58.38 0.148546 331.856
58.39 0.147183 328.885
58.4 0.145851 325.94
58.41 0.144547 323.022
58.42 0.143272 320.129
58.43 0.142024 317.263
58.44 0.140803 314.422
58.45 0.139609 311.607
58.46 0.13844 308.817
58.47 0.137296 306.051
58.48 0.136177 303.311
58.49 0.135081 300.595
58.5 0.134009 297.903
58.51 0.132959 295.236
58.52 0.131932 292.592
58.53 0.130927 289.972
58.54 0.129942 287.376
58.55 0.128979 284.802
58.56 0.128036 282.252
58.57 0.127112 279.725
58.58 0.126208 277.22
58.59 0.125323 274.737
58.6 0.124456 272.277
58.61 0.123607 269.839
58.62 0.122777 267.423
58.63 0.121963 265.028
58.64 0.121166 262.655
58.65 0.120386 260.303
58.66 0.119623 257.972
58.67 0.118875 255.662
58.68 0.118142 253.372
58.69 0.117425 251.103
58.7 0.116723 248.855
58.71 0.116035 246.626
58.72 0.115362 244.418
58.73 0.114702 242.229
58.74 0.114057 240.06
58.75 0.113424 237.91
58.76 0.112805 235.779
58.77 0.112199 233.668
58.78 0.111605 231.575
58.79 0.111024 229.502
58.8 0.110455 227.446
58.81 0.109898 225.41
58.82 0.109353 223.391
58.83 0.108819 221.39
58.84 0.108296 219.408
58.85 0.107784 217.443
58.86 0.107283 215.496
58.87 0.106793 213.566
58.88 0.106313 211.653
58.89 0.105843 209.758
58.9 0.105384 207.879
58.91 0.104934 206.018
58.92 0.104494 204.173
58.93 0.104063 202.344
58.94 0.103642 200.532
58.95 0.103229 198.736
58.96 0.102826 196.956
58.97 0.102432 195.193
58.98 0.102046 193.445
58.99 0.101669 191.712
59 0.1013 189.995
59.01 0.10094 188.294
59.02 0.100587 186.607
59.03 0.100243 184.936
59.04 0.0999061 183.28
59.05 0.0995772 181.639
59.06 0.0992558 180.012
59.07 0.0989419 178.4
59.08 0.0986353 176.802
59.09 0.0983359 175.219
59.1 0.0980435 173.649
59.11 0.0977582 172.094
59.12 0.0974797 170.553
59.13 0.097208 169.026
59.14 0.096943 167.512
59.15 0.0966845 166.012
59.16 0.0964324 164.525
59.17 0.0961867 163.051
59.18 0.0959472 161.591
59.19 0.0957139 160.144
59.2 0.0954867 158.71
59.21 0.0952655 157.288
59.22 0.0950501 155.88
59.23 0.0948406 154.484
59.24 0.0946368 153.1
59.25 0.0944386 151.729
59.26 0.094246 150.37
59.27 0.0940588 149.023
59.28 0.0938771 147.689
59.29 0.0937007 146.366
59.3 0.0935295 145.055
59.31 0.0933636 143.756
59.32 0.0932027 142.469
59.33 0.093047 141.193
59.34 0.0928961 139.928
59.35 0.0927502 138.675
59.36 0.0926092 137.433
59.37 0.0924729 136.202
59.38 0.0923414 134.982
59.39 0.0922145 133.774
59.4 0.0920922 132.575
59.41 0.0919745 131.388
59.42 0.0918613 130.211
59.43 0.0917525 129.045
59.44 0.0916481 127.89
59.45 0.0915481 126.744
59.46 0.0914523 125.609
59.47 0.0913607 124.484
59.48 0.0912733 123.369
59.49 0.0911901 122.264
59.5 0.0911109 121.169
59.51 0.0910358 120.084
59.52 0.0909647 119.009
59.53 0.0908975 117.943
59.54 0.0908342 116.887
59.55 0.0907748 115.84
59.56 0.0907192 114.802
59.57 0.0906674 113.774
59.58 0.0906193 112.755
59.59 0.0905749 111.745
59.6 0.0905342 110.744
59.61 0.0904971 109.753
59.62 0.0904636 108.77
59.63 0.0904337 107.796
59.64 0.0904073 106.83
59.65 0.0903843 105.873
59.66 0.0903648 104.925
59.67 0.0903487 103.985
59.68 0.090336 103.054
59.69 0.0903267 102.131
59.7 0.0903206 101.216
59.71 0.0903179 100.31
59.72 0.0903184 99.4116
59.73 0.0903222 98.5212
59.74 0.0903291 97.6389
59.75 0.0903392 96.7644
59.76 0.0903525 95.8978
59.77 0.0903689 95.0389
59.78 0.0903884 94.1878
59.79 0.090411 93.3442
59.8 0.0904366 92.5082
59.81 0.0904652 91.6797
59.82 0.0904968 90.8586
59.83 0.0905314 90.0449
59.84 0.0905689 89.2384
59.85 0.0906094 88.4392
59.86 0.0906527 87.6472
59.87 0.090699 86.8622
59.88 0.0907481 86.0842
59.89 0.0908 85.3133
59.9 0.0908548 84.5492
59.91 0.0909123 83.792
59.92 0.0909727 83.0415
59.93 0.0910358 82.2978
59.94 0.0911016 81.5608
59.95 0.0911702 80.8303
59.96 0.0912414 80.1064
59.97 0.0913154 79.389
59.98 0.091392 78.6779
59.99 0.0914713 77.9733
60 0.0915532 77.275
60.01 0.0916378 76.5829
60.02 0.0917249 75.897
60.03 0.0918146 75.2173
60.04 0.0919069 74.5436
60.05 0.0920018 73.876
60.06 0.0920992 73.2144
60.07 0.0921992 72.5587
60.08 0.0923017 71.9089
60.09 0.0924066 71.2649
60.1 0.0925141 70.6266
60.11 0.092624 69.9941
60.12 0.0927365 69.3672
60.13 0.0928513 68.746
60.14 0.0929686 68.1303
60.15 0.0930884 67.5201
60.16 0.0932105 66.9154
60.17 0.0933351 66.3161
60.18 0.093462 65.7222
60.19 0.0935914 65.1336
60.2 0.0937231 64.5503
60.21 0.0938572 63.9722
60.22 0.0939937 63.3992
60.23 0.0941324 62.8314
60.24 0.0942736 62.2687
60.25 0.094417 61.7111
60.26 0.0945628 61.1584
60.27 0.0947109 60.6106
60.28 0.0948613 60.0678
60.29 0.0950139 59.5299
60.3 0.0951689 58.9967
60.31 0.0953261 58.4684
60.32 0.0954856 57.9447
60.33 0.0956474 57.4258
60.34 0.0958114 56.9115
60.35 0.0959777 56.4018
60.36 0.0961462 55.8967
60.37 0.0963169 55.3961
60.38 0.0964899 54.9
60.39 0.0966651 54.4083
60.4 0.0968425 53.921
60.41 0.0970221 53.4381
60.42 0.0972039 52.9595
60.43 0.0973879 52.4852
60.44 0.0975741 52.0152
60.45 0.0977625 51.5494
60.46 0.097953 51.0877
60.47 0.0981458 50.6302
60.48 0.0983407 50.1767
60.49 0.0985378 49.7274
60.5 0.098737 49.282
60.51 0.0989384 48.8407
60.52 0.0991419 48.4033
60.53 0.0993476 47.9698
60.54 0.0995555 47.5402
60.55 0.0997655 47.1144
60.56 0.0999776 46.6925
60.57 0.100192 46.2743
60.58 0.100408 45.8599
60.59 0.100627 45.4492
60.6 0.100847 45.0422
60.61 0.10107 44.6388
60.62 0.101295 44.239
60.63 0.101522 43.8428
60.64 0.101751 43.4502
60.65 0.101982 43.0611
60.66 0.102216 42.6754
60.67 0.102451 42.2933
60.68 0.102689 41.9145
60.69 0.102928 41.5391
60.7 0.10317 41.1671
60.71 0.103414 40.7985
60.72 0.10366 40.4331
60.73 0.103908 40.071
60.74 0.104158 39.7121
60.75 0.10441 39.3565
60.76 0.104665 39.004
60.77 0.104921 38.6547
60.78 0.10518 38.3086
60.79 0.10544 37.9655
60.8 0.105703 37.6255
60.81 0.105968 37.2885
60.82 0.106234 36.9546
60.83 0.106503 36.6237
60.84 0.106774 36.2957
60.85 0.107048 35.9706
60.86 0.107323 35.6485
60.87 0.1076 35.3293
60.88 0.10788 35.0129
60.89 0.108161 34.6993
60.9 0.108445 34.3886
60.91 0.10873 34.0806
60.92 0.109018 33.7754
60.93 0.109308 33.473
60.94 0.1096 33.1732
60.95 0.109894 32.8761
60.96 0.11019 32.5817
60.97 0.110488 32.2899
60.98 0.110788 32.0008
60.99 0.111091 31.7142
61 0.111395 31.4302
61.01 0.111702 31.1487
61.02 0.112011 30.8698
61.03 0.112321 30.5933
61.04 0.112634 30.3194
61.05 0.112949 30.0479
61.06 0.113266 29.7788
61.07 0.113586 29.5121
61.08 0.113907 29.2478
61.09 0.11423 28.9859
61.1 0.114556 28.7263
61.11 0.114883 28.4691
61.12 0.115213 28.2141
61.13 0.115545 27.9615
61.14 0.115879 27.7111
61.15 0.116215 27.4629
61.16 0.116554 27.217
61.17 0.116894 26.9733
61.18 0.117236 26.7317
61.19 0.117581 26.4923
61.2 0.117928 26.2551
61.21 0.118277 26.02
61.22 0.118628 25.787
61.23 0.118981 25.5561
61.24 0.119337 25.3272
61.25 0.119694 25.1004
61.26 0.120054 24.8756
61.27 0.120416 24.6529
61.28 0.12078 24.4321
61.29 0.121146 24.2133
61.3 0.121514 23.9965
61.31 0.121885 23.7816
61.32 0.122257 23.5687
61.33 0.122632 23.3576
61.34 0.123009 23.1485
61.35 0.123389 22.9412
61.36 0.12377 22.7357
61.37 0.124154 22.5321
61.38 0.124539 22.3304
61.39 0.124927 22.1304
61.4 0.125318 21.9322
61.41 0.12571 21.7358
61.42 0.126105 21.5412
61.43 0.126502 21.3483
61.44 0.126901 21.1571
61.45 0.127302 20.9677
61.46 0.127706 20.7799
61.47 0.128111 20.5939
61.48 0.128519 20.4095
61.49 0.12893 20.2267
61.5 0.129342 20.0456
61.51 0.129757 19.8661
61.52 0.130174 19.6882
61.53 0.130593 19.5119
61.54 0.131015 19.3372
61.55 0.131439 19.164
61.56 0.131865 18.9924
61.57 0.132293 18.8224
61.58 0.132724 18.6538
61.59 0.133157 18.4868
61.6 0.133593 18.3212
61.61 0.13403 18.1572
61.62 0.13447 17.9946
61.63 0.134912 17.8335
61.64 0.135357 17.6738
61.65 0.135804 17.5155
61.66 0.136253 17.3587
61.67 0.136705 17.2033
61.68 0.137159 17.0492
61.69 0.137615 16.8966
61.7 0.138073 16.7453
61.71 0.138534 16.5953
61.72 0.138998 16.4467
61.73 0.139464 16.2995
61.74 0.139932 16.1535
61.75 0.140402 16.0089
61.76 0.140875 15.8655
61.77 0.14135 15.7235
61.78 0.141828 15.5827
61.79 0.142308 15.4432
61.8 0.142791 15.3049
61.81 0.143276 15.1678
61.82 0.143763 15.032
61.83 0.144253 14.8974
61.84 0.144745 14.764
61.85 0.14524 14.6318
61.86 0.145737 14.5008
61.87 0.146237 14.371
61.88 0.146739 14.2423
61.89 0.147244 14.1148
61.9 0.147751 13.9884
61.91 0.14826 13.8632
61.92 0.148772 13.739
61.93 0.149287 13.616
61.94 0.149804 13.4941
61.95 0.150324 13.3733
61.96 0.150846 13.2536
61.97 0.151371 13.1349
61.98 0.151898 13.0173
61.99 0.152428 12.9007
62 0.15296 12.7852
62.01 0.153495 12.6707
62.02 0.154032 12.5573
62.03 0.154572 12.4449
62.04 0.155115 12.3334
62.05 0.15566 12.223
62.06 0.156208 12.1136
62.07 0.156758 12.0051
62.08 0.157312 11.8976
62.09 0.157867 11.7911
62.1 0.158426 11.6855
62.11 0.158987 11.5809
62.12 0.15955 11.4772
62.13 0.160116 11.3745
62.14 0.160685 11.2726
62.15 0.161257 11.1717
62.16 0.161831 11.0717
62.17 0.162408 10.9726
62.18 0.162988 10.8743
62.19 0.163571 10.777
62.2 0.164156 10.6805
62.21 0.164744 10.5848
62.22 0.165334 10.4901
62.23 0.165927 10.3962
62.24 0.166524 10.3031
62.25 0.167122 10.2108
62.26 0.167724 10.1194
62.27 0.168328 10.0288
62.28 0.168936 9.93903
62.29 0.169546 9.85005
62.3 0.170158 9.76187
62.31 0.170774 9.67447
62.32 0.171392 9.58785
62.33 0.172014 9.50202
62.34 0.172638 9.41695
62.35 0.173265 9.33264
62.36 0.173895 9.24909
62.37 0.174527 9.16628
62.38 0.175163 9.08422
62.39 0.175801 9.00289
62.4 0.176443 8.92229
62.41 0.177087 8.84241
62.42 0.177734 8.76325
62.43 0.178384 8.6848
62.44 0.179037 8.60705
62.45 0.179693 8.52999
62.46 0.180352 8.45363
62.47 0.181014 8.37795
62.48 0.181679 8.30294
62.49 0.182347 8.22861
62.5 0.183018 8.15495
62.51 0.183692 8.08194
62.52 0.184368 8.00959
62.53 0.185048 7.93788
62.54 0.185731 7.86682
62.55 0.186417 7.7964
62.56 0.187106 7.7266
62.57 0.187799 7.65743
62.58 0.188494 7.58888
62.59 0.189192 7.52094
62.6 0.189893 7.45362
62.61 0.190598 7.38689
62.62 0.191306 7.32076
62.63 0.192016 7.25523
62.64 0.19273 7.19028
62.65 0.193447 7.12591
62.66 0.194168 7.06212
62.67 0.194891 6.9989
62.68 0.195618 6.93625
62.69 0.196347 6.87416
62.7 0.19708 6.81262
62.71 0.197817 6.75163
62.72 0.198556 6.69119
62.73 0.199299 6.6313
62.74 0.200045 6.57194
62.75 0.200794 6.51311
62.76 0.201547 6.4548
62.77 0.202302 6.39702
62.78 0.203062 6.33976
62.79 0.203824 6.28301
62.8 0.20459 6.22676
62.81 0.205359 6.17103
62.82 0.206131 6.11579
62.83 0.206907 6.06104
62.84 0.207686 6.00679
62.85 0.208469 5.95302
62.86 0.209255 5.89973
62.87 0.210044 5.84692
62.88 0.210837 5.79458
62.89 0.211633 5.74271
62.9 0.212433 5.69131
62.91 0.213236 5.64037
62.92 0.214042 5.58988
62.93 0.214852 5.53984
62.94 0.215666 5.49025
62.95 0.216483 5.44111
62.96 0.217303 5.39241
62.97 0.218128 5.34414
62.98 0.218955 5.2963
62.99 0.219786 5.2489
63 0.220621 5.20192
63.01 0.22146 5.15535
63.02 0.222302 5.10921
63.03 0.223147 5.06348
63.04 0.223996 5.01816
63.05 0.224849 4.97324
63.06 0.225706 4.92873
63.07 0.226566 4.88461
63.08 0.22743 4.84089
63.09 0.228297 4.79756
63.1 0.229169 4.75462
63.11 0.230044 4.71206
63.12 0.230922 4.66989
63.13 0.231805 4.62809
63.14 0.232691 4.58667
63.15 0.233581 4.54562
63.16 0.234475 4.50493
63.17 0.235372 4.46461
63.18 0.236273 4.42465
63.19 0.237179 4.38505
63.2 0.238088 4.3458
63.21 0.239001 4.30691
63.22 0.239917 4.26836
63.23 0.240838 4.23016
63.24 0.241763 4.1923
63.25 0.242691 4.15478
63.26 0.243623 4.11759
63.27 0.24456 4.08074
63.28 0.2455 4.04422
63.29 0.246444 4.00802
63.3 0.247393 3.97215
63.31 0.248345 3.9366
63.32 0.249301 3.90137
63.33 0.250262 3.86645
63.34 0.251226 3.83185
63.35 0.252194 3.79755
63.36 0.253167 3.76357
63.37 0.254143 3.72989
63.38 0.255124 3.6965
63.39 0.256109 3.66342
63.4 0.257098 3.63064
63.41 0.258091 3.59815
63.42 0.259088 3.56594
63.43 0.26009 3.53403
63.44 0.261096 3.5024
63.45 0.262106 3.47106
63.46 0.26312 3.44
63.47 0.264138 3.40921
63.48 0.265161 3.3787
63.49 0.266188 3.34847
63.5 0.267219 3.3185
63.51 0.268255 3.2888
63.52 0.269294 3.25937
63.53 0.270339 3.2302
63.54 0.271387 3.2013
63.55 0.27244 3.17265
63.56 0.273498 3.14426
63.57 0.27456 3.11612
63.58 0.275626 3.08824
63.59 0.276696 3.0606
63.6 0.277772 3.03321
63.61 0.278851 3.00607
63.62 0.279935 2.97917
63.63 0.281024 2.95251
63.64 0.282117 2.92609
63.65 0.283215 2.89991
63.66 0.284317 2.87396
63.67 0.285424 2.84824
63.68 0.286536 2.82275
63.69 0.287652 2.79749
63.7 0.288772 2.77246
63.71 0.289898 2.74765
63.72 0.291028 2.72307
63.73 0.292163 2.6987
63.74 0.293302 2.67455
63.75 0.294446 2.65062
63.76 0.295595 2.6269
63.77 0.296749 2.6034
63.78 0.297908 2.5801
63.79 0.299071 2.55702
63.8 0.300239 2.53414
63.81 0.301412 2.51146
63.82 0.30259 2.48899
63.83 0.303772 2.46672
63.84 0.30496 2.44465
63.85 0.306152 2.42278
63.86 0.30735 2.4011
63.87 0.308552 2.37961
63.88 0.30976 2.35832
63.89 0.310972 2.33722
63.9 0.312189 2.31631
63.91 0.313412 2.29559
63.92 0.314639 2.27505
63.93 0.315871 2.25469
63.94 0.317109 2.23452
63.95 0.318352 2.21453
63.96 0.319599 2.19471
63.97 0.320852 2.17508
63.98 0.32211 2.15562
63.99 0.323374 2.13633
64 0.324642 2.11722
64.01 0.325916 2.09828
64.02 0.327195 2.0795
64.03 0.328479 2.0609
64.04 0.329768 2.04246
64.05 0.331063 2.02419
64.06 0.332363 2.00608
64.07 0.333669 1.98813
64.08 0.33498 1.97034
64.09 0.336296 1.95272
64.1 0.337617 1.93525
64.11 0.338944 1.91793
64.12 0.340277 1.90078
64.13 0.341615 1.88377
64.14 0.342958 1.86692
64.15 0.344307 1.85022
64.16 0.345662 1.83367
64.17 0.347022 1.81726
64.18 0.348388 1.80101
64.19 0.349759 1.78489
64.2 0.351136 1.76893
64.21 0.352518 1.7531
64.22 0.353907 1.73742
64.23 0.3553 1.72188
64.24 0.3567 1.70647
64.25 0.358105 1.69121
64.26 0.359516 1.67608
64.27 0.360933 1.66109
64.28 0.362356 1.64623
64.29 0.363784 1.6315
64.3 0.365219 1.61691
64.31 0.366659 1.60245
64.32 0.368105 1.58811
64.33 0.369557 1.57391
64.34 0.371015 1.55983
64.35 0.372479 1.54587
64.36 0.373949 1.53205
64.37 0.375425 1.51834
64.38 0.376907 1.50476
64.39 0.378395 1.4913
64.4 0.379889 1.47796
64.41 0.381389 1.46474
64.42 0.382895 1.45164
64.43 0.384407 1.43866
64.44 0.385926 1.42579
64.45 0.387451 1.41304
64.46 0.388982 1.4004
64.47 0.390519 1.38787
64.48 0.392063 1.37546
64.49 0.393613 1.36316
64.5 0.395169 1.35097
64.51 0.396731 1.33888
64.52 0.3983 1.32691
64.53 0.399875 1.31504
64.54 0.401457 1.30328
64.55 0.403045 1.29162
64.56 0.40464 1.28007
64.57 0.406241 1.26862
64.58 0.407848 1.25728
64.59 0.409463 1.24603
64.6 0.411083 1.23489
64.61 0.412711 1.22385
64.62 0.414345 1.2129
64.63 0.415985 1.20205
64.64 0.417633 1.1913
64.65 0.419287 1.18065
64.66 0.420947 1.17009
64.67 0.422615 1.15963
64.68 0.424289 1.14926
64.69 0.42597 1.13898
64.7 0.427658 1.12879
64.71 0.429353 1.1187
64.72 0.431054 1.10869
64.73 0.432763 1.09878
64.74 0.434478 1.08895
64.75 0.436201 1.07922
64.76 0.43793 1.06957
64.77 0.439667 1.06
64.78 0.44141 1.05052
64.79 0.443161 1.04113
64.8 0.444919 1.03182
64.81 0.446684 1.02259
64.82 0.448456 1.01345
64.83 0.450235 1.00439
64.84 0.452022 0.995406
64.85 0.453815 0.986505
64.86 0.455616 0.977684
64.87 0.457425 0.968942
64.88 0.45924 0.960279
64.89 0.461063 0.951692
64.9 0.462894 0.943183
64.91 0.464731 0.93475
64.92 0.466577 0.926392
64.93 0.46843 0.918109
64.94 0.47029 0.9099
64.95 0.472158 0.901765
64.96 0.474033 0.893702
64.97 0.475916 0.885712
64.98 0.477807 0.877793
64.99 0.479705 0.869945
65 0.481611 0.862167
65.01 0.483525 0.854459
65.02 0.485446 0.84682
65.03 0.487375 0.839249
65.04 0.489312 0.831746
65.05 0.491257 0.82431
65.06 0.49321 0.81694
65.07 0.495171 0.809637
65.08 0.497139 0.802399
65.09 0.499116 0.795225
65.1 0.501101 0.788116
65.11 0.503093 0.781071
65.12 0.505094 0.774088
65.13 0.507103 0.767168
65.14 0.50912 0.76031
65.15 0.511145 0.753513
65.16 0.513178 0.746778
65.17 0.515219 0.740102
65.18 0.517269 0.733486
65.19 0.519327 0.726929
65.2 0.521394 0.720431
65.21 0.523468 0.713991
65.22 0.525552 0.707609
65.23 0.527643 0.701284
65.24 0.529743 0.695015
65.25 0.531852 0.688803
65.26 0.533969 0.682646
65.27 0.536094 0.676544
65.28 0.538228 0.670497
65.29 0.540371 0.664504
65.3 0.542523 0.658565
65.31 0.544683 0.652678
65.32 0.546852 0.646845
65.33 0.549029 0.641063
65.34 0.551216 0.635334
65.35 0.553411 0.629655
65.36 0.555615 0.624028
65.37 0.557828 0.61845
65.38 0.56005 0.612923
65.39 0.562281 0.607445
65.4 0.564521 0.602016
65.41 0.56677 0.596636
65.42 0.569028 0.591304
65.43 0.571296 0.586019
65.44 0.573572 0.580782
65.45 0.575857 0.575591
65.46 0.578152 0.570448
65.47 0.580456 0.56535
65.48 0.58277 0.560297
65.49 0.585092 0.55529
65.5 0.587424 0.550328
65.51 0.589766 0.54541
65.52 0.592117 0.540536
65.53 0.594477 0.535706
65.54 0.596847 0.530919
65.55 0.599227 0.526175
65.56 0.601616 0.521473
65.57 0.604015 0.516813
65.58 0.606423 0.512195
65.59 0.608841 0.507618
65.6 0.611269 0.503082
65.61 0.613707 0.498587
65.62 0.616154 0.494132
65.63 0.618612 0.489717
65.64 0.621079 0.485341
65.65 0.623556 0.481005
65.66 0.626043 0.476707
65.67 0.628541 0.472448
65.68 0.631048 0.468227
65.69 0.633565 0.464043
65.7 0.636093 0.459897
65.71 0.638631 0.455789
65.72 0.641179 0.451716
65.73 0.643737 0.447681
65.74 0.646306 0.443681
65.75 0.648885 0.439717
65.76 0.651474 0.435789
65.77 0.654074 0.431896
65.78 0.656684 0.428037
65.79 0.659305 0.424213
65.8 0.661936 0.420424
65.81 0.664578 0.416668
65.82 0.66723 0.412946
65.83 0.669894 0.409257
65.84 0.672568 0.405601
65.85 0.675252 0.401978
65.86 0.677948 0.398387
65.87 0.680654 0.394828
65.88 0.683372 0.391301
65.89 0.6861 0.387806
65.9 0.688839 0.384342
65.91 0.69159 0.380909
65.92 0.694351 0.377507
65.93 0.697123 0.374135
65.94 0.699907 0.370793
65.95 0.702702 0.367481
65.96 0.705508 0.364199
65.97 0.708325 0.360946
65.98 0.711154 0.357722
65.99 0.713994 0.354527
66 0.716846 0.351361
66.01 0.719709 0.348223
66.02 0.722584 0.345113
66.03 0.72547 0.342031
66.04 0.728368 0.338976
66.05 0.731277 0.335949
66.06 0.734198 0.332949
66.07 0.737131 0.329975
66.08 0.740076 0.327028
66.09 0.743032 0.324108
66.1 0.746001 0.321214
66.11 0.748981 0.318345
66.12 0.751974 0.315502
66.13 0.754978 0.312685
66.14 0.757995 0.309893
66.15 0.761023 0.307126
66.16 0.764064 0.304383
66.17 0.767117 0.301665
66.18 0.770182 0.298972
66.19 0.77326 0.296302
66.2 0.77635 0.293657
66.21 0.779453 0.291035
66.22 0.782568 0.288436
66.23 0.785695 0.285861
66.24 0.788835 0.283308
66.25 0.791988 0.280779
66.26 0.795153 0.278272
66.27 0.798332 0.275788
66.28 0.801523 0.273325
66.29 0.804726 0.270885
66.3 0.807943 0.268467
66.31 0.811173 0.26607
66.32 0.814415 0.263695
66.33 0.817671 0.261341
66.34 0.820939 0.259008
66.35 0.824221 0.256696
66.36 0.827516 0.254404
66.37 0.830825 0.252133
66.38 0.834146 0.249882
66.39 0.837481 0.247652
66.4 0.840829 0.245441
66.41 0.844191 0.24325
66.42 0.847567 0.241079
66.43 0.850955 0.238927
66.44 0.854358 0.236794
66.45 0.857774 0.234681
66.46 0.861204 0.232586
66.47 0.864648 0.23051
66.48 0.868105 0.228453
66.49 0.871577 0.226414
66.5 0.875062 0.224393
66.51 0.878562 0.222391
66.52 0.882075 0.220406
66.53 0.885603 0.218439
66.54 0.889144 0.216489
66.55 0.8927 0.214557
66.56 0.896271 0.212643
66.57 0.899855 0.210745
66.58 0.903454 0.208864
66.59 0.907068 0.207
66.6 0.910696 0.205153
66.61 0.914339 0.203323
66.62 0.917996 0.201508
66.63 0.921668 0.19971
66.64 0.925354 0.197928
66.65 0.929056 0.196162
66.66 0.932772 0.194412
66.67 0.936504 0.192677
66.68 0.94025 0.190958
66.69 0.944011 0.189254
66.7 0.947788 0.187566
66.71 0.951579 0.185892
66.72 0.955386 0.184234
66.73 0.959208 0.18259
66.74 0.963046 0.180961
66.75 0.966899 0.179347
66.76 0.970767 0.177747
66.77 0.974651 0.176161
66.78 0.978551 0.174589
66.79 0.982466 0.173032
66.8 0.986397 0.171488
66.81 0.990344 0.169959
66.82 0.994306 0.168442
66.83 0.998285 0.16694
66.84 1.00228 0.165451
66.85 1.00629 0.163975
66.86 1.01032 0.162512
66.87 1.01436 0.161063
66.88 1.01842 0.159626
66.89 1.02249 0.158203
66.9 1.02659 0.156792
66.91 1.03069 0.155393
66.92 1.03482 0.154007
66.93 1.03896 0.152634
66.94 1.04312 0.151273
66.95 1.04729 0.149923
66.96 1.05148 0.148586
66.97 1.05569 0.147261
66.98 1.05992 0.145948
66.99 1.06416 0.144647
67 1.06842 0.143357
67.01 1.07269 0.142078
67.02 1.07699 0.140812
67.03 1.0813 0.139556
67.04 1.08562 0.138312
67.05 1.08997 0.137078
67.06 1.09433 0.135856
67.07 1.09871 0.134645
67.08 1.10311 0.133444
67.09 1.10753 0.132254
67.1 1.11196 0.131075
67.11 1.11641 0.129907
67.12 1.12088 0.128749
67.13 1.12537 0.127601
67.14 1.12987 0.126463
67.15 1.13439 0.125336
67.16 1.13893 0.124219
67.17 1.14349 0.123111
67.18 1.14807 0.122014
67.19 1.15267 0.120926
67.2 1.15728 0.119848
67.21 1.16191 0.11878
67.22 1.16657 0.117721
67.23 1.17124 0.116672
67.24 1.17592 0.115632
67.25 1.18063 0.114601
67.26 1.18536 0.11358
67.27 1.1901 0.112568
67.28 1.19487 0.111564
67.29 1.19965 0.11057
67.3 1.20446 0.109585
67.31 1.20928 0.108608
67.32 1.21412 0.10764
67.33 1.21898 0.106681
67.34 1.22386 0.10573
67.35 1.22876 0.104788
67.36 1.23368 0.103854
67.37 1.23862 0.102929
67.38 1.24358 0.102012
67.39 1.24856 0.101103
67.4 1.25356 0.100202
67.41 1.25858 0.0993093
67.42 1.26362 0.0984245
67.43 1.26868 0.0975476
67.44 1.27376 0.0966785
67.45 1.27886 0.0958172
67.46 1.28398 0.0949636
67.47 1.28912 0.0941176
67.48 1.29428 0.0932791
67.49 1.29946 0.0924482
67.5 1.30467 0.0916247
67.51 1.30989 0.0908085
67.52 1.31514 0.0899996
67.53 1.3204 0.0891979
67.54 1.32569 0.0884034
67.55 1.331 0.087616
67.56 1.33633 0.0868356
67.57 1.34168 0.0860622
67.58 1.34705 0.0852957
67.59 1.35245 0.0845361
67.6 1.35786 0.0837832
67.61 1.3633 0.0830371
67.62 1.36876 0.0822976
67.63 1.37424 0.0815647
67.64 1.37975 0.0808384
67.65 1.38527 0.0801185
67.66 1.39082 0.0794051
67.67 1.39639 0.078698
67.68 1.40198 0.0779973
67.69 1.4076 0.0773028
67.7 1.41323 0.0766145
67.71 1.41889 0.0759324
67.72 1.42458 0.0752563
67.73 1.43028 0.0745863
67.74 1.43601 0.0739223
67.75 1.44176 0.0732642
67.76 1.44753 0.072612
67.77 1.45333 0.0719655
67.78 1.45915 0.0713249
67.79 1.465 0.07069
67.8 1.47086 0.0700608
67.81 1.47676 0.0694371
67.82 1.48267 0.0688191
67.83 1.48861 0.0682065
67.84 1.49457 0.0675995
67.85 1.50056 0.0669978
67.86 1.50657 0.0664015
67.87 1.5126 0.0658106
67.88 1.51866 0.0652249
67.89 1.52474 0.0646444
67.9 1.53085 0.0640691
67.91 1.53698 0.063499
67.92 1.54314 0.0629339
67.93 1.54932 0.0623739
67.94 1.55553 0.0618189
67.95 1.56176 0.0612689
67.96 1.56801 0.0607237
67.97 1.57429 0.0601834
67.98 1.5806 0.059648
67.99 1.58693 0.0591173
68 1.59329 0.0585914
68.01 1.59967 0.0580701
68.02 1.60608 0.0575535
68.03 1.61251 0.0570415
68.04 1.61897 0.0565341
68.05 1.62546 0.0560312
68.06 1.63197 0.0555328
68.07 1.6385 0.0550388
68.08 1.64507 0.0545493
68.09 1.65166 0.0540641
68.1 1.65827 0.0535833
68.11 1.66492 0.0531067
68.12 1.67159 0.0526344
68.13 1.67828 0.0521663
68.14 1.68501 0.0517024
68.15 1.69176 0.0512426
68.16 1.69853 0.050787
68.17 1.70534 0.0503353
68.18 1.71217 0.0498878
68.19 1.71903 0.0494442
68.2 1.72591 0.0490046
68.21 1.73283 0.0485688
68.22 1.73977 0.048137
68.23 1.74674 0.0477091
68.24 1.75374 0.0472849
68.25 1.76076 0.0468646
68.26 1.76782 0.0464479
68.27 1.7749 0.046035
68.28 1.78201 0.0456258
68.29 1.78915 0.0452203
68.3 1.79632 0.0448183
68.31 1.80351 0.04442
68.32 1.81074 0.0440252
68.33 1.81799 0.0436339
68.34 1.82528 0.0432461
68.35 1.83259 0.0428617
68.36 1.83993 0.0424808
68.37 1.8473 0.0421033
68.38 1.8547 0.0417292
68.39 1.86213 0.0413584
68.4 1.86959 0.0409909
68.41 1.87708 0.0406267
68.42 1.8846 0.0402657
68.43 1.89215 0.0399079
68.44 1.89973 0.0395534
68.45 1.90735 0.039202
68.46 1.91499 0.0388537
68.47 1.92266 0.0385085
68.48 1.93036 0.0381665
68.49 1.9381 0.0378274
68.5 1.94586 0.0374914
68.51 1.95366 0.0371584
68.52 1.96149 0.0368284
68.53 1.96934 0.0365013
68.54 1.97723 0.0361771
68.55 1.98516 0.0358558
68.56 1.99311 0.0355374
68.57 2.0011 0.0352218
68.58 2.00911 0.034909
68.59 2.01716 0.034599
68.6 2.02524 0.0342918
68.61 2.03336 0.0339873
68.62 2.04151 0.0336855
68.63 2.04969 0.0333864
68.64 2.0579 0.03309
68.65 2.06614 0.0327963
68.66 2.07442 0.0325051
68.67 2.08273 0.0322165
68.68 2.09108 0.0319306
68.69 2.09946 0.0316471
68.7 2.10787 0.0313662
68.71 2.11631 0.0310878
68.72 2.12479 0.0308119
68.73 2.13331 0.0305384
68.74 2.14186 0.0302674
68.75 2.15044 0.0299988
68.76 2.15905 0.0297326
68.77 2.1677 0.0294687
68.78 2.17639 0.0292072
68.79 2.18511 0.0289481
68.8 2.19387 0.0286912
68.81 2.20266 0.0284366
68.82 2.21148 0.0281844
68.83 2.22034 0.0279343
68.84 2.22924 0.0276865
68.85 2.23817 0.0274409
68.86 2.24714 0.0271975
68.87 2.25615 0.0269562
68.88 2.26519 0.0267171
68.89 2.27426 0.0264801
68.9 2.28337 0.0262453
68.91 2.29252 0.0260125
68.92 2.30171 0.0257818
68.93 2.31093 0.0255532
68.94 2.32019 0.0253266
68.95 2.32949 0.025102
68.96 2.33882 0.0248794
68.97 2.3482 0.0246588
68.98 2.35761 0.0244401
68.99 2.36705 0.0242235
69 2.37654 0.0240087
69.01 2.38606 0.0237959
69.02 2.39562 0.0235849
69.03 2.40522 0.0233758
69.04 2.41486 0.0231686
69.05 2.42454 0.0229633
69.06 2.43425 0.0227597
69.07 2.444 0.022558
69.08 2.4538 0.0223581
69.09 2.46363 0.02216
69.1 2.4735 0.0219636
69.11 2.48341 0.0217689
69.12 2.49337 0.021576
69.13 2.50336 0.0213849
69.14 2.51339 0.0211954
69.15 2.52346 0.0210076
69.16 2.53357 0.0208215
69.17 2.54372 0.020637
69.18 2.55392 0.0204542
69.19 2.56415 0.020273
69.2 2.57443 0.0200934
69.21 2.58474 0.0199155
69.22 2.5951 0.0197391
69.23 2.6055 0.0195643
69.24 2.61594 0.019391
69.25 2.62642 0.0192193
69.26 2.63695 0.0190491
69.27 2.64751 0.0188804
69.28 2.65812 0.0187132
69.29 2.66878 0.0185475
69.3 2.67947 0.0183833
69.31 2.69021 0.0182206
69.32 2.70099 0.0180593
69.33 2.71181 0.0178994
69.34 2.72268 0.0177409
69.35 2.73359 0.0175839
69.36 2.74454 0.0174283
69.37 2.75554 0.017274
69.38 2.76658 0.0171211
69.39 2.77767 0.0169696
69.4 2.7888 0.0168194
69.41 2.79998 0.0166706
69.42 2.8112 0.0165231
69.43 2.82246 0.0163769
69.44 2.83377 0.016232
69.45 2.84513 0.0160884
69.46 2.85653 0.0159461
69.47 2.86798 0.015805
69.48 2.87947 0.0156652
69.49 2.89101 0.0155266
69.5 2.9026 0.0153893
69.51 2.91423 0.0152532
69.52 2.92591 0.0151183
69.53 2.93763 0.0149846
69.54 2.9494 0.0148521
69.55 2.96122 0.0147208
69.56 2.97309 0.0145906
69.57 2.98501 0.0144616
69.58 2.99697 0.0143337
69.59 3.00898 0.014207
69.6 3.02104 0.0140814
69.61 3.03314 0.0139569
69.62 3.0453 0.0138336
69.63 3.0575 0.0137113
69.64 3.06975 0.0135901
69.65 3.08206 0.01347
69.66 3.09441 0.013351
69.67 3.10681 0.013233
69.68 3.11926 0.0131161
69.69 3.13176 0.0130002
69.7 3.14431 0.0128853
69.71 3.15691 0.0127715
69.72 3.16956 0.0126586
69.73 3.18226 0.0125468
69.74 3.19502 0.012436
69.75 3.20782 0.0123261
69.76 3.22068 0.0122173
69.77 3.23358 0.0121094
69.78 3.24654 0.0120024
69.79 3.25955 0.0118964
69.8 3.27262 0.0117914
69.81 3.28573 0.0116873
69.82 3.2989 0.0115841
69.83 3.31212 0.0114818
69.84 3.32539 0.0113804
69.85 3.33872 0.01128
69.86 3.3521 0.0111804
69.87 3.36553 0.0110817
69.88 3.37902 0.0109839
69.89 3.39256 0.010887
69.9 3.40616 0.0107909
69.91 3.41981 0.0106957
69.92 3.43351 0.0106013
69.93 3.44727 0.0105077
69.94 3.46109 0.010415
69.95 3.47496 0.0103232
69.96 3.48889 0.0102321
69.97 3.50287 0.0101418
69.98 3.51691 0.0100524
69.99 3.531 0.00996371
70 3.54515 0.00987583
70.01 3.55936 0.00978874
70.02 3.57362 0.00970241
70.03 3.58795 0.00961686
70.04 3.60232 0.00953207
70.05 3.61676 0.00944802
70.06 3.63126 0.00936473
70.07 3.64581 0.00928217
70.08 3.66042 0.00920035
70.09 3.67509 0.00911925
70.1 3.68982 0.00903888
70.11 3.70461 0.00895922
70.12 3.71945 0.00888026
70.13 3.73436 0.00880201
70.14 3.74932 0.00872445
70.15 3.76435 0.00864758
70.16 3.77944 0.00857139
70.17 3.79458 0.00849588
70.18 3.80979 0.00842104
70.19 3.82506 0.00834686
70.2 3.84039 0.00827334
70.21 3.85578 0.00820048
70.22 3.87123 0.00812826
70.23 3.88675 0.00805668
70.24 3.90232 0.00798574
70.25 3.91796 0.00791542
70.26 3.93367 0.00784574
70.27 3.94943 0.00777666
70.28 3.96526 0.00770821
70.29 3.98115 0.00764036
70.3 3.99711 0.00757311
70.31 4.01312 0.00750646
70.32 4.02921 0.0074404
70.33 4.04536 0.00737492
70.34 4.06157 0.00731003
70.35 4.07785 0.00724571
70.36 4.09419 0.00718196
70.37 4.1106 0.00711878
70.38 4.12707 0.00705616
70.39 4.14361 0.0069941
70.4 4.16022 0.00693258
70.41 4.17689 0.00687161
70.42 4.19363 0.00681118
70.43 4.21044 0.00675129
70.44 4.22731 0.00669193
70.45 4.24425 0.00663309
70.46 4.26126 0.00657478
70.47 4.27834 0.00651698
70.48 4.29549 0.0064597
70.49 4.3127 0.00640292
70.5 4.32999 0.00634665
70.51 4.34734 0.00629088
70.52 4.36477 0.0062356
70.53 4.38226 0.00618081
70.54 4.39982 0.0061265
70.55 4.41746 0.00607268
70.56 4.43516 0.00601934
70.57 4.45293 0.00596646
70.58 4.47078 0.00591406
70.59 4.4887 0.00586212
70.6 4.50669 0.00581064
70.61 4.52475 0.00575962
70.62 4.54288 0.00570905
70.63 4.56109 0.00565893
70.64 4.57937 0.00560925
70.65 4.59772 0.00556001
70.66 4.61615 0.00551121
70.67 4.63465 0.00546284
70.68 4.65323 0.0054149
70.69 4.67188 0.00536738
70.7 4.6906 0.00532029
70.71 4.7094 0.00527361
70.72 4.72827 0.00522734
70.73 4.74722 0.00518149
70.74 4.76625 0.00513604
70.75 4.78535 0.00509099
70.76 4.80453 0.00504634
70.77 4.82379 0.00500209
70.78 4.84312 0.00495823
70.79 4.86253 0.00491476
70.8 4.88202 0.00487167
70.81 4.90158 0.00482897
70.82 4.92123 0.00478664
70.83 4.94095 0.00474469
70.84 4.96075 0.00470311
70.85 4.98063 0.00466189
70.86 5.0006 0.00462105
70.87 5.02064 0.00458056
70.88 5.04076 0.00454043
70.89 5.06096 0.00450066
70.9 5.08125 0.00446124
70.91 5.10161 0.00442216
70.92 5.12206 0.00438344
70.93 5.14259 0.00434505
70.94 5.1632 0.00430701
70.95 5.18389 0.0042693
70.96 5.20467 0.00423193
70.97 5.22552 0.00419488
70.98 5.24647 0.00415817
70.99 5.26749 0.00412178
71 5.28861 0.00408571
71.01 5.3098 0.00404996
71.02 5.33108 0.00401453
71.03 5.35245 0.00397941
71.04 5.3739 0.0039446
71.05 5.39544 0.00391009
71.06 5.41706 0.0038759
71.07 5.43877 0.003842
71.08 5.46057 0.00380841
71.09 5.48246 0.00377511
71.1 5.50443 0.00374211
71.11 5.52649 0.0037094
71.12 5.54864 0.00367697
71.13 5.57088 0.00364484
71.14 5.59321 0.00361299
71.15 5.61562 0.00358142
71.16 5.63813 0.00355013
71.17 5.66073 0.00351911
71.18 5.68341 0.00348837
71.19 5.70619 0.0034579
71.2 5.72906 0.0034277
71.21 5.75202 0.00339777
71.22 5.77508 0.0033681
71.23 5.79822 0.0033387
71.24 5.82146 0.00330955
71.25 5.84479 0.00328066
71.26 5.86822 0.00325203
71.27 5.89174 0.00322365
71.28 5.91535 0.00319552
71.29 5.93906 0.00316764
71.3 5.96286 0.00314
71.31 5.98676 0.00311261
71.32 6.01075 0.00308546
71.33 6.03484 0.00305855
71.34 6.05903 0.00303188
71.35 6.08332 0.00300544
71.36 6.1077 0.00297924
71.37 6.13218 0.00295327
71.38 6.15675 0.00292752
71.39 6.18143 0.00290201
71.4 6.2062 0.00287672
71.41 6.23108 0.00285165
71.42 6.25605 0.00282681
71.43 6.28112 0.00280218
71.44 6.3063 0.00277777
71.45 6.33157 0.00275358
71.46 6.35695 0.0027296
71.47 6.38243 0.00270583
71.48 6.40801 0.00268227
71.49 6.43369 0.00265892
71.5 6.45948 0.00263577
71.51 6.48536 0.00261283
71.52 6.51136 0.00259009
71.53 6.53745 0.00256756
71.54 6.56366 0.00254522
71.55 6.58996 0.00252308
71.56 6.61637 0.00250113
71.57 6.64289 0.00247937
71.58 6.66952 0.00245781
71.59 6.69625 0.00243644
71.6 6.72308 0.00241526
71.61 6.75003 0.00239426
71.62 6.77708 0.00237345
71.63 6.80425 0.00235282
71.64 6.83152 0.00233238
71.65 6.8589 0.00231211
71.66 6.88639 0.00229202
71.67 6.91399 0.00227211
71.68 6.9417 0.00225238
71.69 6.96952 0.00223282
71.7 6.99745 0.00221343
71.71 7.0255 0.00219421
71.72 7.05366 0.00217516
71.73 7.08193 0.00215628
71.74 7.11031 0.00213757
71.75 7.13881 0.00211902
71.76 7.16742 0.00210063
71.77 7.19615 0.00208241
71.78 7.22499 0.00206434
71.79 7.25394 0.00204644
71.8 7.28302 0.00202869
71.81 7.31221 0.0020111
71.82 7.34151 0.00199366
71.83 7.37094 0.00197638
71.84 7.40048 0.00195925
71.85 7.43014 0.00194227
71.86 7.45992 0.00192544
71.87 7.48982 0.00190876
71.88 7.51984 0.00189222
71.89 7.54998 0.00187583
71.9 7.58024 0.00185959
71.91 7.61062 0.00184348
71.92 7.64112 0.00182752
71.93 7.67175 0.0018117
71.94 7.70249 0.00179602
71.95 7.73337 0.00178047
71.96 7.76436 0.00176507
71.97 7.79548 0.0017498
71.98 7.82672 0.00173466
71.99 7.85809 0.00171965
72 7.88959 0.00170478
72.01 7.92121 0.00169004
72.02 7.95296 0.00167543
72.03 7.98483 0.00166095
72.04 8.01683 0.00164659
72.05 8.04897 0.00163236
72.06 8.08123 0.00161825
72.07 8.11361 0.00160427
72.08 8.14613 0.00159041
72.09 8.17878 0.00157668
72.1 8.21156 0.00156306
72.11 8.24447 0.00154957
72.12 8.27752 0.00153619
72.13 8.31069 0.00152293
72.14 8.344 0.00150978
72.15 8.37744 0.00149676
72.16 8.41102 0.00148384
72.17 8.44473 0.00147104
72.18 8.47858 0.00145835
72.19 8.51256 0.00144578
72.2 8.54668 0.00143331
72.21 8.58093 0.00142095
72.22 8.61532 0.00140871
72.23 8.64985 0.00139656
72.24 8.68452 0.00138453
72.25 8.71933 0.0013726
72.26 8.75428 0.00136078
72.27 8.78936 0.00134906
72.28 8.82459 0.00133744
72.29 8.85996 0.00132592
72.3 8.89547 0.00131451
72.31 8.93112 0.00130319
72.32 8.96692 0.00129198
72.33 9.00286 0.00128086
72.34 9.03894 0.00126984
72.35 9.07517 0.00125892
72.36 9.11154 0.00124809
72.37 9.14806 0.00123736
72.38 9.18472 0.00122672
72.39 9.22154 0.00121618
72.4 9.2585 0.00120572
72.41 9.2956 0.00119536
72.42 9.33286 0.00118509
72.43 9.37027 0.00117491
72.44 9.40782 0.00116482
72.45 9.44553 0.00115482
72.46 9.48338 0.0011449
72.47 9.52139 0.00113508
72.48 9.55956 0.00112533
72.49 9.59787 0.00111568
72.5 9.63634 0.0011061
72.51 9.67496 0.00109662
72.52 9.71374 0.00108721
72.53 9.75267 0.00107789
72.54 9.79176 0.00106865
72.55 9.831 0.00105949
72.56 9.8704 0.00105041
72.57 9.90996 0.0010414
72.58 9.94968 0.00103248
72.59 9.98956 0.00102364
72.6 10.0296 0.00101487
72.61 10.0698 0.00100618
72.62 10.1102 0.000997567
72.63 10.1507 0.000989028
72.64 10.1914 0.000980564
72.65 10.2322 0.000972174
72.66 10.2732 0.000963857
72.67 10.3144 0.000955613
72.68 10.3557 0.000947441
72.69 10.3972 0.000939341
72.7 10.4389 0.000931311
72.71 10.4808 0.000923351
72.72 10.5228 0.000915461
72.73 10.5649 0.00090764
72.74 10.6073 0.000899888
72.75 10.6498 0.000892203
72.76 10.6925 0.000884585
72.77 10.7353 0.000877033
72.78 10.7784 0.000869548
72.79 10.8216 0.000862128
72.8 10.8649 0.000854773
72.81 10.9085 0.000847481
72.82 10.9522 0.000840254
72.83 10.9961 0.00083309
72.84 11.0402 0.000825988
72.85 11.0844 0.000818948
72.86 11.1288 0.00081197
72.87 11.1734 0.000805052
72.88 11.2182 0.000798195
72.89 11.2632 0.000791398
72.9 11.3083 0.000784659
72.91 11.3537 0.00077798
72.92 11.3992 0.000771359
72.93 11.4448 0.000764796
72.94 11.4907 0.00075829
72.95 11.5368 0.00075184
72.96 11.583 0.000745447
72.97 11.6294 0.00073911
72.98 11.676 0.000732827
72.99 11.7228 0.0007266
73 11.7698 0.000720427
73.01 11.817 0.000714307
73.02 11.8644 0.000708241
73.03 11.9119 0.000702228
73.04 11.9597 0.000696267
73.05 12.0076 0.000690358
73.06 12.0557 0.0006845
73.07 12.104 0.000678694
73.08 12.1526 0.000672938
73.09 12.2013 0.000667232
73.1 12.2502 0.000661575
73.11 12.2993 0.000655968
73.12 12.3486 0.00065041
73.13 12.398 0.0006449
73.14 12.4477 0.000639438
73.15 12.4976 0.000634024
73.16 12.5477 0.000628656
73.17 12.598 0.000623336
73.18 12.6485 0.000618061
73.19 12.6992 0.000612833
73.2 12.7501 0.00060765
73.21 12.8012 0.000602512
73.22 12.8525 0.000597418
73.23 12.904 0.000592369
73.24 12.9557 0.000587364
73.25 13.0077 0.000582402
73.26 13.0598 0.000577483
73.27 13.1121 0.000572607
73.28 13.1647 0.000567774
73.29 13.2175 0.000562982
73.3 13.2704 0.000558232
73.31 13.3236 0.000553523
73.32 13.377 0.000548856
73.33 13.4306 0.000544228
73.34 13.4845 0.000539641
73.35 13.5385 0.000535094
73.36 13.5928 0.000530586
73.37 13.6473 0.000526117
73.38 13.702 0.000521687
73.39 13.7569 0.000517295
73.4 13.812 0.000512941
73.41 13.8674 0.000508626
73.42 13.9229 0.000504347
73.43 13.9787 0.000500106
73.44 14.0348 0.000495901
73.45 14.091 0.000491733
73.46 14.1475 0.000487601
73.47 14.2042 0.000483505
73.48 14.2611 0.000479444
73.49 14.3183 0.000475419
73.5 14.3757 0.000471428
73.51 14.4333 0.000467472
73.52 14.4911 0.00046355
73.53 14.5492 0.000459662
73.54 14.6075 0.000455808
73.55 14.6661 0.000451987
73.56 14.7249 0.0004482
73.57 14.7839 0.000444445
73.58 14.8431 0.000440722
73.59 14.9026 0.000437032
73.6 14.9624 0.000433373
73.61 15.0223 0.000429747
73.62 15.0825 0.000426151
73.63 15.143 0.000422587
73.64 15.2037 0.000419053
73.65 15.2646 0.00041555
73.66 15.3258 0.000412078
73.67 15.3872 0.000408635
73.68 15.4489 0.000405222
73.69 15.5108 0.000401839
73.7 15.573 0.000398485
73.71 15.6354 0.000395159
73.72 15.6981 0.000391863
73.73 15.761 0.000388595
73.74 15.8242 0.000385355
73.75 15.8876 0.000382143
73.76 15.9513 0.000378959
73.77 16.0152 0.000375802
73.78 16.0794 0.000372673
73.79 16.1438 0.00036957
73.8 16.2085 0.000366495
73.81 16.2735 0.000363446
73.82 16.3387 0.000360423
73.83 16.4042 0.000357426
73.84 16.47 0.000354455
73.85 16.536 0.00035151
73.86 16.6022 0.00034859
73.87 16.6688 0.000345695
73.88 16.7356 0.000342825
73.89 16.8027 0.00033998
73.9 16.87 0.000337159
73.91 16.9376 0.000334363
73.92 17.0055 0.000331591
73.93 17.0737 0.000328842
73.94 17.1421 0.000326118
73.95 17.2108 0.000323416
73.96 17.2798 0.000320738
73.97 17.349 0.000318083
73.98 17.4186 0.000315451
73.99 17.4884 0.000312842
74 17.5585 0.000310255
74.01 17.6289 0.00030769
74.02 17.6995 0.000305147
74.03 17.7705 0.000302626
74.04 17.8417 0.000300127
74.05 17.9132 0.000297649
74.06 17.985 0.000295193
74.07 18.0571 0.000292757
74.08 18.1294 0.000290343
74.09 18.2021 0.000287949
74.1 18.2751 0.000285576
74.11 18.3483 0.000283223
74.12 18.4218 0.00028089
74.13 18.4957 0.000278578
74.14 18.5698 0.000276285
74.15 18.6442 0.000274012
74.16 18.719 0.000271759
74.17 18.794 0.000269524
74.18 18.8693 0.000267309
74.19 18.9449 0.000265113
74.2 19.0209 0.000262936
74.21 19.0971 0.000260777
74.22 19.1737 0.000258637
74.23 19.2505 0.000256516
74.24 19.3277 0.000254412
74.25 19.4051 0.000252326
74.26 19.4829 0.000250259
74.27 19.561 0.000248209
74.28 19.6394 0.000246176
74.29 19.7181 0.000244161
74.3 19.7971 0.000242164
74.31 19.8765 0.000240183
74.32 19.9561 0.000238219
74.33 20.0361 0.000236272
74.34 20.1164 0.000234342
74.35 20.1971 0.000232428
74.36 20.278 0.000230531
74.37 20.3593 0.000228649
74.38 20.4409 0.000226784
74.39 20.5228 0.000224935
74.4 20.6051 0.000223102
74.41 20.6877 0.000221284
74.42 20.7706 0.000219482
74.43 20.8538 0.000217695
74.44 20.9374 0.000215923
74.45 21.0213 0.000214167
74.46 21.1056 0.000212426
74.47 21.1902 0.000210699
74.48 21.2751 0.000208987
74.49 21.3604 0.00020729
74.5 21.446 0.000205607
74.51 21.5319 0.000203939
74.52 21.6182 0.000202284
74.53 21.7049 0.000200644
74.54 21.7919 0.000199018
74.55 21.8792 0.000197406
74.56 21.9669 0.000195807
74.57 22.0549 0.000194222
74.58 22.1433 0.000192651
74.59 22.2321 0.000191093
74.6 22.3212 0.000189548
74.61 22.4107 0.000188017
74.62 22.5005 0.000186498
74.63 22.5907 0.000184992
74.64 22.6812 0.000183499
74.65 22.7721 0.000182019
74.66 22.8634 0.000180552
74.67 22.955 0.000179096
74.68 23.047 0.000177654
74.69 23.1394 0.000176223
74.7 23.2321 0.000174805
74.71 23.3253 0.000173399
74.72 23.4187 0.000172004
74.73 23.5126 0.000170622
74.74 23.6068 0.000169251
74.75 23.7015 0.000167892
74.76 23.7965 0.000166544
74.77 23.8918 0.000165208
74.78 23.9876 0.000163883
74.79 24.0837 0.00016257
74.8 24.1803 0.000161267
74.81 24.2772 0.000159976
74.82 24.3745 0.000158695
74.83 24.4722 0.000157426
74.84 24.5703 0.000156167
74.85 24.6687 0.000154919
74.86 24.7676 0.000153681
74.87 24.8669 0.000152454
74.88 24.9665 0.000151237
74.89 25.0666 0.000150031
74.9 25.1671 0.000148834
74.91 25.2679 0.000147648
74.92 25.3692 0.000146472
74.93 25.4709 0.000145306
74.94 25.573 0.00014415
74.95 25.6755 0.000143003
74.96 25.7784 0.000141866
74.97 25.8817 0.000140739
74.98 25.9854 0.000139622
74.99 26.0896 0.000138513
75 26.1942 0.000137414
75.01 26.2991 0.000136325
75.02 26.4046 0.000135244
75.03 26.5104 0.000134173
75.04 26.6166 0.000133111
75.05 26.7233 0.000132057
75.06 26.8304 0.000131013
75.07 26.938 0.000129977
75.08 27.0459 0.000128951
75.09 27.1543 0.000127932
75.1 27.2632 0.000126923
75.11 27.3724 0.000125922
75.12 27.4821 0.000124929
75.13 27.5923 0.000123944
75.14 27.7029 0.000122968
75.15 27.8139 0.000122001
75.16 27.9254 0.000121041
75.17 28.0373 0.000120089
75.18 28.1497 0.000119146
75.19 28.2625 0.00011821
75.2 28.3758 0.000117282
75.21 28.4895 0.000116362
75.22 28.6037 0.00011545
75.23 28.7184 0.000114545
75.24 28.8335 0.000113648
75.25 28.949 0.000112759
75.26 29.065 0.000111877
75.27 29.1815 0.000111002
75.28 29.2985 0.000110135
75.29 29.4159 0.000109275
75.3 29.5338 0.000108422
75.31 29.6522 0.000107576
75.32 29.771 0.000106738
75.33 29.8904 0.000105906
75.34 30.0102 0.000105082
75.35 30.1305 0.000104264
75.36 30.2512 0.000103453
75.37 30.3725 0.000102649
75.38 30.4942 0.000101852
75.39 30.6164 0.000101061
75.4 30.7391 0.000100277
75.41 30.8623 9.94998e-05
75.42 30.986 9.87289e-05
75.43 31.1102 9.79644e-05
75.44 31.2349 9.72063e-05
75.45 31.3601 9.64546e-05
75.46 31.4858 9.57091e-05
75.47 31.612 9.49699e-05
75.48 31.7387 9.42368e-05
75.49 31.8659 9.35099e-05
75.5 31.9936 9.2789e-05
75.51 32.1218 9.20742e-05
75.52 32.2506 9.13653e-05
75.53 32.3798 9.06623e-05
75.54 32.5096 8.99652e-05
75.55 32.6399 8.92739e-05
75.56 32.7707 8.85883e-05
75.57 32.9021 8.79085e-05
75.58 33.034 8.72344e-05
75.59 33.1664 8.65658e-05
75.6 33.2993 8.59028e-05
75.61 33.4328 8.52454e-05
75.62 33.5668 8.45934e-05
75.63 33.7013 8.39468e-05
75.64 33.8364 8.33057e-05
75.65 33.972 8.26698e-05
75.66 34.1081 8.20392e-05
75.67 34.2449 8.14139e-05
75.68 34.3821 8.07938e-05
75.69 34.5199 8.01788e-05
75.7 34.6583 7.9569e-05
75.71 34.7972 7.89642e-05
75.72 34.9366 7.83644e-05
75.73 35.0767 7.77696e-05
75.74 35.2173 7.71798e-05
75.75 35.3584 7.65948e-05
75.76 35.5001 7.60147e-05
75.77 35.6424 7.54394e-05
75.78 35.7853 7.48688e-05
75.79 35.9287 7.4303e-05
75.8 36.0727 7.37419e-05
75.81 36.2173 7.31854e-05
75.82 36.3624 7.26336e-05
75.83 36.5082 7.20863e-05
75.84 36.6545 7.15435e-05
75.85 36.8014 7.10053e-05
75.86 36.9489 7.04714e-05
75.87 37.097 6.9942e-05
75.88 37.2457 6.9417e-05
75.89 37.395 6.88963e-05
75.9 37.5448 6.83799e-05
75.91 37.6953 6.78678e-05
75.92 37.8464 6.73599e-05
75.93 37.9981 6.68562e-05
75.94 38.1504 6.63567e-05
75.95 38.3033 6.58613e-05
75.96 38.4568 6.53699e-05
75.97 38.611 6.48827e-05
75.98 38.7657 6.43994e-05
75.99 38.9211 6.39201e-05
76 39.0771 6.34448e-05
76.01 39.2337 6.29734e-05
76.02 39.391 6.25059e-05
76.03 39.5488 6.20422e-05
76.04 39.7073 6.15823e-05
76.05 39.8665 6.11263e-05
76.06 40.0263 6.0674e-05
76.07 40.1867 6.02254e-05
76.08 40.3478 5.97804e-05
76.09 40.5095 5.93392e-05
76.1 40.6718 5.89016e-05
76.11 40.8349 5.84675e-05
76.12 40.9985 5.80371e-05
76.13 41.1628 5.76101e-05
76.14 41.3278 5.71867e-05
76.15 41.4935 5.67668e-05
76.16 41.6598 5.63503e-05
76.17 41.8268 5.59372e-05
76.18 41.9944 5.55275e-05
76.19 42.1627 5.51211e-05
76.2 42.3317 5.47181e-05
76.21 42.5014 5.43184e-05
76.22 42.6717 5.3922e-05
76.23 42.8427 5.35288e-05
76.24 43.0144 5.31388e-05
76.25 43.1869 5.27521e-05
76.26 43.3599 5.23685e-05
76.27 43.5337 5.1988e-05
76.28 43.7082 5.16106e-05
76.29 43.8834 5.12363e-05
76.3 44.0593 5.08651e-05
76.31 44.2359 5.04969e-05
76.32 44.4132 5.01318e-05
76.33 44.5912 4.97696e-05
76.34 44.7699 4.94103e-05
76.35 44.9493 4.9054e-05
76.36 45.1295 4.87006e-05
76.37 45.3104 4.83501e-05
76.38 45.492 4.80025e-05
76.39 45.6743 4.76576e-05
76.4 45.8574 4.73156e-05
76.41 46.0412 4.69764e-05
76.42 46.2257 4.664e-05
76.43 46.411 4.63062e-05
76.44 46.597 4.59752e-05
76.45 46.7838 4.56469e-05
76.46 46.9713 4.53213e-05
76.47 47.1595 4.49983e-05
76.48 47.3485 4.46779e-05
76.49 47.5383 4.43602e-05
76.5 47.7288 4.4045e-05
76.51 47.9201 4.37324e-05
76.52 48.1122 4.34223e-05
76.53 48.305 4.31147e-05
76.54 48.4987 4.28097e-05
76.55 48.693 4.25071e-05
76.56 48.8882 4.2207e-05
76.57 49.0841 4.19093e-05
76.58 49.2809 4.1614e-05
76.59 49.4784 4.13211e-05
76.6 49.6767 4.10306e-05
76.61 49.8758 4.07424e-05
76.62 50.0757 4.04566e-05
76.63 50.2764 4.01731e-05
76.64 50.4779 3.98919e-05
76.65 50.6802 3.96129e-05
76.66 50.8834 3.93363e-05
76.67 51.0873 3.90618e-05
76.68 51.2921 3.87896e-05
76.69 51.4976 3.85196e-05
76.7 51.704 3.82517e-05
76.71 51.9113 3.7986e-05
76.72 52.1193 3.77225e-05
76.73 52.3282 3.74611e-05
76.74 52.538 3.72018e-05
76.75 52.7485 3.69446e-05
76.76 52.96 3.66895e-05
76.77 53.1722 3.64364e-05
76.78 53.3853 3.61854e-05
76.79 53.5993 3.59364e-05
76.8 53.8141 3.56894e-05
76.81 54.0298 3.54444e-05
76.82 54.2464 3.52013e-05
76.83 54.4638 3.49603e-05
76.84 54.6821 3.47211e-05
76.85 54.9012 3.44839e-05
76.86 55.1213 3.42486e-05
76.87 55.3422 3.40152e-05
76.88 55.564 3.37837e-05
76.89 55.7867 3.3554e-05
76.9 56.0103 3.33262e-05
76.91 56.2348 3.31002e-05
76.92 56.4602 3.2876e-05
76.93 56.6865 3.26536e-05
76.94 56.9137 3.2433e-05
76.95 57.1418 3.22142e-05
76.96 57.3708 3.19971e-05
76.97 57.6008 3.17818e-05
76.98 57.8316 3.15682e-05
76.99 58.0634 3.13563e-05
77 58.2961 3.11461e-05
77.01 58.5298 3.09376e-05
77.02 58.7644 3.07308e-05
77.03 58.9999 3.05256e-05
77.04 59.2364 3.03221e-05
77.05 59.4738 3.01202e-05
77.06 59.7122 2.99199e-05
77.07 59.9515 2.97212e-05
77.08 60.1918 2.95241e-05
77.09 60.433 2.93286e-05
77.1 60.6753 2.91347e-05
77.11 60.9184 2.89423e-05
77.12 61.1626 2.87514e-05
77.13 61.4077 2.85621e-05
77.14 61.6539 2.83742e-05
77.15 61.901 2.81879e-05
77.16 62.1491 2.80031e-05
77.17 62.3982 2.78197e-05
77.18 62.6483 2.76378e-05
77.19 62.8994 2.74573e-05
77.2 63.1515 2.72783e-05
77.21 63.4046 2.71007e-05
77.22 63.6587 2.69246e-05
77.23 63.9138 2.67498e-05
77.24 64.17 2.65764e-05
77.25 64.4272 2.64044e-05
77.26 64.6854 2.62338e-05
77.27 64.9447 2.60646e-05
77.28 65.205 2.58967e-05
77.29 65.4663 2.57301e-05
77.3 65.7287 2.55648e-05
77.31 65.9922 2.54009e-05
77.32 66.2567 2.52383e-05
77.33 66.5222 2.50769e-05
77.34 66.7888 2.49169e-05
77.35 67.0565 2.47581e-05
77.36 67.3253 2.46006e-05
77.37 67.5951 2.44443e-05
77.38 67.866 2.42893e-05
77.39 68.1381 2.41355e-05
77.4 68.4112 2.39829e-05
77.41 68.6853 2.38315e-05
77.42 68.9606 2.36814e-05
77.43 69.237 2.35324e-05
77.44 69.5145 2.33846e-05
77.45 69.7932 2.3238e-05
77.46 70.0729 2.30926e-05
77.47 70.3537 2.29483e-05
77.48 70.6357 2.28051e-05
77.49 70.9188 2.26631e-05
77.5 71.2031 2.25222e-05
77.51 71.4884 2.23824e-05
77.52 71.775 2.22438e-05
77.53 72.0626 2.21062e-05
77.54 72.3515 2.19697e-05
77.55 72.6415 2.18343e-05
77.56 72.9326 2.17e-05
77.57 73.2249 2.15667e-05
77.58 73.5184 2.14345e-05
77.59 73.8131 2.13034e-05
77.6 74.1089 2.11733e-05
77.61 74.4059 2.10442e-05
77.62 74.7042 2.09161e-05
77.63 75.0036 2.07891e-05
77.64 75.3042 2.0663e-05
77.65 75.606 2.0538e-05
77.66 75.909 2.04139e-05
77.67 76.2133 2.02908e-05
77.68 76.5188 2.01687e-05
77.69 76.8254 2.00476e-05
77.7 77.1334 1.99274e-05
77.71 77.4425 1.98082e-05
77.72 77.7529 1.96899e-05
77.73 78.0645 1.95725e-05
77.74 78.3774 1.94561e-05
77.75 78.6916 1.93406e-05
77.76 79.007 1.9226e-05
77.77 79.3236 1.91123e-05
77.78 79.6415 1.89996e-05
77.79 79.9607 1.88877e-05
77.8 80.2812 1.87766e-05
77.81 80.603 1.86665e-05
77.82 80.9261 1.85573e-05
77.83 81.2504 1.84489e-05
77.84 81.5761 1.83413e-05
77.85 81.903 1.82346e-05
77.86 82.2313 1.81288e-05
77.87 82.5609 1.80238e-05
77.88 82.8918 1.79196e-05
77.89 83.224 1.78162e-05
77.9 83.5576 1.77137e-05
77.91 83.8925 1.7612e-05
77.92 84.2287 1.7511e-05
77.93 84.5663 1.74109e-05
77.94 84.9052 1.73116e-05
77.95 85.2455 1.7213e-05
77.96 85.5872 1.71153e-05
77.97 85.9302 1.70183e-05
77.98 86.2747 1.6922e-05
77.99 86.6204 1.68266e-05
78 86.9676 1.67318e-05
78.01 87.3162 1.66379e-05
78.02 87.6661 1.65447e-05
78.03 88.0175 1.64522e-05
78.04 88.3703 1.63604e-05
78.05 88.7245 1.62694e-05
78.06 89.0801 1.61791e-05
78.07 89.4371 1.60895e-05
78.08 89.7956 1.60006e-05
78.09 90.1555 1.59124e-05
78.1 90.5168 1.5825e-05
78.11 90.8796 1.57382e-05
78.12 91.2439 1.56521e-05
78.13 91.6096 1.55667e-05
78.14 91.9767 1.54819e-05
78.15 92.3454 1.53979e-05
78.16 92.7155 1.53145e-05
78.17 93.0871 1.52317e-05
78.18 93.4602 1.51497e-05
78.19 93.8348 1.50682e-05
78.2 94.2109 1.49875e-05
78.21 94.5885 1.49073e-05
78.22 94.9676 1.48278e-05
78.23 95.3482 1.47489e-05
78.24 95.7304 1.46707e-05
78.25 96.1141 1.45931e-05
78.26 96.4993 1.45161e-05
78.27 96.8861 1.44397e-05
78.28 97.2744 1.43639e-05
78.29 97.6643 1.42887e-05
78.3 98.0557 1.42142e-05
78.31 98.4487 1.41402e-05
78.32 98.8433 1.40668e-05
78.33 99.2395 1.3994e-05
78.34 99.6372 1.39217e-05
78.35 100.037 1.38501e-05
78.36 100.438 1.3779e-05
78.37 100.84 1.37085e-05
78.38 101.244 1.36386e-05
78.39 101.65 1.35692e-05
78.4 102.057 1.35003e-05
78.41 102.466 1.34321e-05
78.42 102.877 1.33643e-05
78.43 103.29 1.32972e-05
78.44 103.703 1.32305e-05
78.45 104.119 1.31644e-05
78.46 104.536 1.30988e-05
78.47 104.955 1.30338e-05
78.48 105.376 1.29692e-05
78.49 105.798 1.29052e-05
78.5 106.222 1.28417e-05
78.51 106.648 1.27788e-05
78.52 107.076 1.27163e-05
78.53 107.505 1.26543e-05
78.54 107.936 1.25928e-05
78.55 108.368 1.25319e-05
78.56 108.803 1.24714e-05
78.57 109.239 1.24114e-05
78.58 109.677 1.23519e-05
78.59 110.116 1.22929e-05
78.6 110.558 1.22344e-05
78.61 111.001 1.21763e-05
78.62 111.446 1.21187e-05
78.63 111.892 1.20616e-05
78.64 112.341 1.2005e-05
78.65 112.791 1.19488e-05
78.66 113.243 1.1893e-05
78.67 113.697 1.18378e-05
78.68 114.153 1.17829e-05
78.69 114.61 1.17286e-05
78.7 115.069 1.16747e-05
78.71 115.531 1.16212e-05
78.72 115.994 1.15681e-05
78.73 116.459 1.15155e-05
78.74 116.925 1.14634e-05
78.75 117.394 1.14116e-05
78.76 117.865 1.13603e-05
78.77 118.337 1.13094e-05
78.78 118.811 1.1259e-05
78.79 119.287 1.12089e-05
78.8 119.766 1.11593e-05
78.81 120.246 1.11101e-05
78.82 120.727 1.10613e-05
78.83 121.211 1.10129e-05
78.84 121.697 1.09649e-05
78.85 122.185 1.09173e-05
78.86 122.675 1.08702e-05
78.87 123.166 1.08234e-05
78.88 123.66 1.0777e-05
78.89 124.156 1.0731e-05
78.9 124.653 1.06854e-05
78.91 125.153 1.06401e-05
78.92 125.654 1.05953e-05
78.93 126.158 1.05508e-05
78.94 126.664 1.05067e-05
78.95 127.171 1.0463e-05
78.96 127.681 1.04197e-05
78.97 128.193 1.03767e-05
78.98 128.707 1.03341e-05
78.99 129.223 1.02919e-05
79 129.74 1.02501e-05
79.01 130.26 1.02086e-05
79.02 130.783 1.01674e-05
79.03 131.307 1.01266e-05
79.04 131.833 1.00862e-05
79.05 132.361 1.00461e-05
79.06 132.892 1.00064e-05
79.07 133.424 9.96702e-06
79.08 133.959 9.92798e-06
79.09 134.496 9.8893e-06
79.1 135.035 9.85095e-06
79.11 135.576 9.81294e-06
79.12 136.12 9.77527e-06
79.13 136.665 9.73794e-06
79.14 137.213 9.70094e-06
79.15 137.763 9.66427e-06
79.16 138.315 9.62793e-06
79.17 138.87 9.59192e-06
79.18 139.426 9.55623e-06
79.19 139.985 9.52086e-06
79.2 140.546 9.48582e-06
79.21 141.109 9.4511e-06
79.22 141.675 9.41669e-06
79.23 142.243 9.3826e-06
79.24 142.813 9.34882e-06
79.25 143.385 9.31536e-06
79.26 143.96 9.28221e-06
79.27 144.537 9.24936e-06
79.28 145.116 9.21682e-06
79.29 145.698 9.18459e-06
79.3 146.282 9.15266e-06
79.31 146.868 9.12103e-06
79.32 147.457 9.0897e-06
79.33 148.048 9.05867e-06
79.34 148.641 9.02793e-06
79.35 149.237 8.99749e-06
79.36 149.835 8.96735e-06
79.37 150.436 8.93749e-06
79.38 151.039 8.90793e-06
79.39 151.644 8.87865e-06
79.4 152.252 8.84966e-06
79.41 152.862 8.82096e-06
79.42 153.475 8.79254e-06
79.43 154.09 8.76441e-06
79.44 154.707 8.73655e-06
79.45 155.327 8.70897e-06
79.46 155.95 8.68168e-06
79.47 156.575 8.65466e-06
79.48 157.203 8.62791e-06
79.49 157.833 8.60144e-06
79.5 158.465 8.57524e-06
79.51 159.1 8.54932e-06
79.52 159.738 8.52366e-06
79.53 160.378 8.49827e-06
79.54 161.021 8.47315e-06
79.55 161.667 8.4483e-06
79.56 162.314 8.42371e-06
79.57 162.965 8.39939e-06
79.58 163.618 8.37532e-06
79.59 164.274 8.35152e-06
79.6 164.932 8.32798e-06
79.61 165.593 8.3047e-06
79.62 166.257 8.28168e-06
79.63 166.924 8.25892e-06
79.64 167.593 8.23641e-06
79.65 168.264 8.21415e-06
79.66 168.939 8.19215e-06
79.67 169.616 8.1704e-06
79.68 170.296 8.1489e-06
79.69 170.978 8.12766e-06
79.7 171.663 8.10666e-06
79.71 172.351 8.08591e-06
79.72 173.042 8.06541e-06
79.73 173.736 8.04516e-06
79.74 174.432 8.02515e-06
79.75 175.131 8.00539e-06
79.76 175.833 7.98587e-06
79.77 176.538 7.9666e-06
79.78 177.245 7.94757e-06
79.79 177.956 7.92877e-06
79.8 178.669 7.91022e-06
79.81 179.385 7.89191e-06
79.82 180.104 7.87384e-06
79.83 180.826 7.85601e-06
79.84 181.551 7.83841e-06
79.85 182.278 7.82106e-06
79.86 183.009 7.80393e-06
79.87 183.743 7.78705e-06
79.88 184.479 7.77039e-06
79.89 185.218 7.75398e-06
79.9 185.961 7.73779e-06
79.91 186.706 7.72184e-06
79.92 187.454 7.70612e-06
79.93 188.206 7.69063e-06
79.94 188.96 7.67538e-06
79.95 189.717 7.66035e-06
79.96 190.478 7.64555e-06
79.97 191.241 7.63099e-06
79.98 192.008 7.61665e-06
79.99 192.777 7.60254e-06
80 193.55 7.58866e-06
80.01 194.326 7.575e-06
80.02 195.105 7.56157e-06
80.03 195.887 7.54837e-06
80.04 196.672 7.5354e-06
80.05 197.46 7.52265e-06
80.06 198.251 7.51012e-06
80.07 199.046 7.49783e-06
80.08 199.844 7.48575e-06
80.09 200.645 7.4739e-06
80.1 201.449 7.46228e-06
80.11 202.256 7.45087e-06
80.12 203.067 7.4397e-06
80.13 203.881 7.42874e-06
80.14 204.698 7.41801e-06
80.15 205.518 7.4075e-06
80.16 206.342 7.39721e-06
80.17 207.169 7.38715e-06
80.18 207.999 7.37731e-06
80.19 208.833 7.36769e-06
80.2 209.67 7.35829e-06
80.21 210.511 7.34911e-06
80.22 211.354 7.34016e-06
80.23 212.201 7.33142e-06
80.24 213.052 7.32291e-06
80.25 213.906 7.31462e-06
80.26 214.763 7.30655e-06
80.27 215.624 7.29871e-06
80.28 216.488 7.29108e-06
80.29 217.356 7.28368e-06
80.3 218.227 7.2765e-06
80.31 219.102 7.26954e-06
80.32 219.98 7.2628e-06
80.33 220.861 7.25628e-06
80.34 221.747 7.24999e-06
80.35 222.635 7.24392e-06
80.36 223.528 7.23807e-06
80.37 224.424 7.23244e-06
80.38 225.323 7.22704e-06
80.39 226.226 7.22186e-06
80.4 227.133 7.2169e-06
80.41 228.043 7.21217e-06
80.42 228.957 7.20766e-06
80.43 229.875 7.20337e-06
80.44 230.796 7.19931e-06
80.45 231.721 7.19548e-06
80.46 232.65 7.19187e-06
80.47 233.583 7.18848e-06
80.48 234.519 7.18533e-06
80.49 235.459 7.1824e-06
80.5 236.402 7.17969e-06
80.51 237.35 7.17721e-06
80.52 238.301 7.17497e-06
80.53 239.256 7.17295e-06
80.54 240.215 7.17115e-06
80.55 241.178 7.16959e-06
80.56 242.145 7.16826e-06
80.57 243.115 7.16716e-06
80.58 244.09 7.1663e-06
80.59 245.068 7.16566e-06
80.6 246.05 7.16526e-06
80.61 247.036 7.16509e-06
80.62 248.026 7.16516e-06
80.63 249.021 7.16546e-06
80.64 250.019 7.16599e-06
80.65 251.021 7.16677e-06
80.66 252.027 7.16778e-06
80.67 253.037 7.16903e-06
80.68 254.051 7.17052e-06
80.69 255.069 7.17225e-06
80.7 256.092 7.17423e-06
80.71 257.118 7.17644e-06
80.72 258.149 7.1789e-06
80.73 259.183 7.1816e-06
80.74 260.222 7.18455e-06
80.75 261.265 7.18775e-06
80.76 262.312 7.19119e-06
80.77 263.364 7.19488e-06
80.78 264.419 7.19883e-06
80.79 265.479 7.20302e-06
80.8 266.543 7.20747e-06
80.81 267.611 7.21217e-06
80.82 268.684 7.21712e-06
80.83 269.761 7.22233e-06
80.84 270.842 7.2278e-06
80.85 271.928 7.23353e-06
80.86 273.017 7.23952e-06
80.87 274.112 7.24578e-06
80.88 275.21 7.25229e-06
80.89 276.313 7.25907e-06
80.9 277.421 7.26612e-06
80.91 278.533 7.27344e-06
80.92 279.649 7.28103e-06
80.93 280.77 7.28888e-06
80.94 281.895 7.29702e-06
80.95 283.025 7.30542e-06
80.96 284.159 7.31411e-06
80.97 285.298 7.32307e-06
80.98 286.442 7.33231e-06
80.99 287.59 7.34184e-06
81 288.743 7.35165e-06
81.01 289.9 7.36174e-06
81.02 291.062 7.37213e-06
81.03 292.228 7.38281e-06
81.04 293.4 7.39377e-06
81.05 294.576 7.40504e-06
81.06 295.756 7.4166e-06
81.07 296.942 7.42846e-06
81.08 298.132 7.44062e-06
81.09 299.327 7.45308e-06
81.1 300.526 7.46585e-06
81.11 301.731 7.47893e-06
81.12 302.94 7.49232e-06
81.13 304.154 7.50602e-06
81.14 305.373 7.52004e-06
81.15 306.597 7.53438e-06
81.16 307.826 7.54904e-06
81.17 309.06 7.56402e-06
81.18 310.299 7.57933e-06
81.19 311.542 7.59496e-06
81.2 312.791 7.61093e-06
81.21 314.045 7.62724e-06
81.22 315.303 7.64388e-06
81.23 316.567 7.66087e-06
81.24 317.836 7.6782e-06
81.25 319.11 7.69587e-06
81.26 320.389 7.7139e-06
81.27 321.673 7.73228e-06
81.28 322.962 7.75102e-06
81.29 324.257 7.77012e-06
81.3 325.556 7.78958e-06
81.31 326.861 7.8094e-06
81.32 328.171 7.8296e-06
81.33 329.487 7.85018e-06
81.34 330.807 7.87113e-06
81.35 332.133 7.89246e-06
81.36 333.464 7.91418e-06
81.37 334.801 7.93629e-06
81.38 336.143 7.95879e-06
81.39 337.49 7.98169e-06
81.4 338.843 8.00499e-06
81.41 340.201 8.02869e-06
81.42 341.564 8.05281e-06
81.43 342.933 8.07734e-06
81.44 344.308 8.10229e-06
81.45 345.688 8.12766e-06
81.46 347.073 8.15346e-06
81.47 348.464 8.17969e-06
81.48 349.861 8.20635e-06
81.49 351.263 8.23346e-06
81.5 352.671 8.26102e-06
81.51 354.084 8.28903e-06
81.52 355.504 8.31749e-06
81.53 356.928 8.34641e-06
81.54 358.359 8.37581e-06
81.55 359.795 8.40567e-06
81.56 361.237 8.43601e-06
81.57 362.685 8.46684e-06
81.58 364.139 8.49815e-06
81.59 365.598 8.52996e-06
81.6 367.064 8.56227e-06
81.61 368.535 8.59508e-06
81.62 370.012 8.62841e-06
81.63 371.495 8.66225e-06
81.64 372.984 8.69662e-06
81.65 374.479 8.73152e-06
81.66 375.98 8.76696e-06
81.67 377.487 8.80294e-06
81.68 379 8.83948e-06
81.69 380.519 8.87657e-06
81.7 382.044 8.91422e-06
81.71 383.575 8.95245e-06
81.72 385.112 8.99125e-06
81.73 386.656 9.03064e-06
81.74 388.206 9.07062e-06
81.75 389.762 9.11121e-06
81.76 391.324 9.1524e-06
81.77 392.892 9.19421e-06
81.78 394.467 9.23665e-06
81.79 396.048 9.27972e-06
81.8 397.635 9.32343e-06
81.81 399.229 9.36778e-06
81.82 400.829 9.4128e-06
81.83 402.436 9.45848e-06
81.84 404.049 9.50484e-06
81.85 405.668 9.55189e-06
81.86 407.294 9.59963e-06
81.87 408.926 9.64807e-06
81.88 410.565 9.69722e-06
81.89 412.211 9.7471e-06
81.9 413.863 9.79771e-06
81.91 415.522 9.84906e-06
81.92 417.187 9.90117e-06
81.93 418.859 9.95404e-06
81.94 420.538 1.00077e-05
81.95 422.224 1.00621e-05
81.96 423.916 1.01173e-05
81.97 425.615 1.01734e-05
81.98 427.321 1.02302e-05
81.99 429.034 1.02879e-05
82 430.753 1.03464e-05
82.01 432.48 1.04058e-05
82.02 434.213 1.04661e-05
82.03 435.953 1.05272e-05
82.04 437.701 1.05892e-05
82.05 439.455 1.06521e-05
82.06 441.216 1.0716e-05
82.07 442.985 1.07808e-05
82.08 444.76 1.08465e-05
82.09 446.543 1.09132e-05
82.1 448.333 1.09808e-05
82.11 450.13 1.10495e-05
82.12 451.934 1.11191e-05
82.13 453.745 1.11898e-05
82.14 455.564 1.12615e-05
82.15 457.389 1.13342e-05
82.16 459.223 1.14081e-05
82.17 461.063 1.1483e-05
82.18 462.911 1.1559e-05
82.19 464.767 1.16361e-05
82.2 466.629 1.17144e-05
82.21 468.5 1.17938e-05
82.22 470.377 1.18743e-05
82.23 472.263 1.19561e-05
82.24 474.155 1.20391e-05
82.25 476.056 1.21233e-05
82.26 477.964 1.22087e-05
82.27 479.88 1.22954e-05
82.28 481.803 1.23834e-05
82.29 483.734 1.24727e-05
82.3 485.673 1.25633e-05
82.31 487.619 1.26553e-05
82.32 489.574 1.27487e-05
82.33 491.536 1.28434e-05
82.34 493.506 1.29395e-05
82.35 495.484 1.30371e-05
82.36 497.47 1.31362e-05
82.37 499.464 1.32367e-05
82.38 501.466 1.33388e-05
82.39 503.476 1.34423e-05
82.4 505.494 1.35475e-05
82.41 507.52 1.36542e-05
82.42 509.554 1.37625e-05
82.43 511.596 1.38725e-05
82.44 513.646 1.39842e-05
82.45 515.705 1.40975e-05
82.46 517.772 1.42126e-05
82.47 519.847 1.43294e-05
82.48 521.931 1.4448e-05
82.49 524.023 1.45684e-05
82.5 526.123 1.46907e-05
82.51 528.232 1.48148e-05
82.52 530.349 1.49409e-05
82.53 532.475 1.50689e-05
82.54 534.609 1.51988e-05
82.55 536.751 1.53308e-05
82.56 538.903 1.54648e-05
82.57 541.063 1.56009e-05
82.58 543.231 1.57392e-05
82.59 545.409 1.58796e-05
82.6 547.595 1.60221e-05
82.61 549.789 1.61669e-05
82.62 551.993 1.6314e-05
82.63 554.205 1.64634e-05
82.64 556.427 1.66152e-05
82.65 558.657 1.67693e-05
82.66 560.896 1.69259e-05
82.67 563.144 1.7085e-05
82.68 565.401 1.72466e-05
82.69 567.667 1.74108e-05
82.7 569.942 1.75776e-05
82.71 572.227 1.77471e-05
82.72 574.52 1.79193e-05
82.73 576.823 1.80942e-05
82.74 579.135 1.8272e-05
82.75 581.456 1.84527e-05
82.76 583.786 1.86363e-05
82.77 586.126 1.88229e-05
82.78 588.475 1.90125e-05
82.79 590.834 1.92052e-05
82.8 593.202 1.9401e-05
82.81 595.58 1.96001e-05
82.82 597.967 1.98025e-05
82.83 600.363 2.00081e-05
82.84 602.77 2.02172e-05
82.85 605.186 2.04298e-05
82.86 607.611 2.06458e-05
82.87 610.046 2.08655e-05
82.88 612.492 2.10889e-05
82.89 614.946 2.13159e-05
82.9 617.411 2.15468e-05
82.91 619.886 2.17816e-05
82.92 622.37 2.20203e-05
82.93 624.865 2.22631e-05
82.94 627.369 2.251e-05
82.95 629.884 2.27611e-05
82.96 632.408 2.30164e-05
82.97 634.943 2.32762e-05
82.98 637.488 2.35404e-05
82.99 640.043 2.38091e-05
83 642.608 2.40824e-05
83.01 645.184 2.43605e-05
83.02 647.77 2.46434e-05
83.03 650.366 2.49312e-05
83.04 652.973 2.52241e-05
83.05 655.59 2.5522e-05
83.06 658.217 2.58252e-05
83.07 660.855 2.61336e-05
83.08 663.504 2.64476e-05
83.09 666.163 2.6767e-05
83.1 668.833 2.70922e-05
83.11 671.514 2.74231e-05
83.12 674.206 2.77599e-05
83.13 676.908 2.81027e-05
83.14 679.621 2.84516e-05
83.15 682.345 2.88068e-05
83.16 685.08 2.91685e-05
83.17 687.825 2.95366e-05
83.18 690.582 2.99115e-05
83.19 693.35 3.02931e-05
83.2 696.129 3.06817e-05
83.21 698.919 3.10774e-05
83.22 701.72 3.14804e-05
83.23 704.533 3.18907e-05
83.24 707.357 3.23086e-05
83.25 710.192 3.27343e-05
83.26 713.038 3.31678e-05
83.27 715.896 3.36095e-05
83.28 718.765 3.40593e-05
83.29 721.646 3.45176e-05
83.3 724.539 3.49844e-05
83.31 727.443 3.54601e-05
83.32 730.358 3.59447e-05
83.33 733.285 3.64385e-05
83.34 736.224 3.69417e-05
83.35 739.175 3.74544e-05
83.36 742.138 3.7977e-05
83.37 745.112 3.85095e-05
83.38 748.099 3.90523e-05
83.39 751.097 3.96056e-05
83.4 754.108 4.01695e-05
83.41 757.13 4.07444e-05
83.42 760.165 4.13304e-05
83.43 763.211 4.19279e-05
83.44 766.27 4.25371e-05
83.45 769.341 4.31582e-05
83.46 772.425 4.37915e-05
83.47 775.521 4.44373e-05
83.48 778.629 4.50959e-05
83.49 781.75 4.57676e-05
83.5 784.883 4.64527e-05
83.51 788.029 4.71514e-05
83.52 791.187 4.78642e-05
83.53 794.359 4.85913e-05
83.54 797.542 4.9333e-05
83.55 800.739 5.00897e-05
83.56 803.948 5.08618e-05
83.57 807.17 5.16496e-05
83.58 810.406 5.24534e-05
83.59 813.654 5.32737e-05
83.6 816.915 5.41108e-05
83.61 820.189 5.49652e-05
83.62 823.476 5.58372e-05
83.63 826.777 5.67273e-05
83.64 830.091 5.76359e-05
83.65 833.418 5.85634e-05
83.66 836.758 5.95103e-05
83.67 840.112 6.0477e-05
83.68 843.479 6.14641e-05
83.69 846.859 6.2472e-05
83.7 850.254 6.35013e-05
83.71 853.662 6.45524e-05
83.72 857.083 6.56258e-05
83.73 860.518 6.67222e-05
83.74 863.967 6.78421e-05
83.75 867.43 6.8986e-05
83.76 870.907 7.01546e-05
83.77 874.397 7.13485e-05
83.78 877.902 7.25682e-05
83.79 881.42 7.38145e-05
83.8 884.953 7.50879e-05
83.81 888.5 7.63893e-05
83.82 892.061 7.77192e-05
83.83 895.637 7.90784e-05
83.84 899.226 8.04676e-05
83.85 902.83 8.18876e-05
83.86 906.449 8.33391e-05
83.87 910.082 8.4823e-05
83.88 913.73 8.63401e-05
83.89 917.392 8.78912e-05
83.9 921.069 8.94772e-05
83.91 924.76 9.1099e-05
83.92 928.467 9.27575e-05
83.93 932.188 9.44536e-05
83.94 935.924 9.61884e-05
83.95 939.676 9.79628e-05
83.96 943.442 9.97778e-05
83.97 947.223 0.000101635
83.98 951.02 0.000103534
83.99 954.831 0.000105478
84 958.658 0.000107466
84.01 962.501 0.000109501
84.02 966.358 0.000111583
84.03 970.231 0.000113715
84.04 974.12 0.000115896
84.05 978.024 0.000118128
84.06 981.944 0.000120413
84.07 985.88 0.000122753
84.08 989.831 0.000125148
84.09 993.799 0.0001276
84.1 997.782 0.00013011
84.11 1001.78 0.000132681
84.12 1005.8 0.000135314
84.13 1009.83 0.000138011
84.14 1013.87 0.000140772
84.15 1017.94 0.000143601
84.16 1022.02 0.000146498
84.17 1026.11 0.000149467
84.18 1030.23 0.000152508
84.19 1034.36 0.000155623
84.2 1038.5 0.000158816
84.21 1042.66 0.000162088
84.22 1046.84 0.00016544
84.23 1051.04 0.000168876
84.24 1055.25 0.000172398
84.25 1059.48 0.000176008
84.26 1063.73 0.000179708
84.27 1067.99 0.000183502
84.28 1072.27 0.000187392
84.29 1076.57 0.00019138
84.3 1080.88 0.000195469
84.31 1085.22 0.000199663
84.32 1089.57 0.000203963
84.33 1093.93 0.000208374
84.34 1098.32 0.000212899
84.35 1102.72 0.00021754
84.36 1107.14 0.000222301
84.37 1111.58 0.000227186
84.38 1116.03 0.000232198
84.39 1120.5 0.00023734
84.4 1125 0.000242618
84.41 1129.5 0.000248034
84.42 1134.03 0.000253592
84.43 1138.58 0.000259298
84.44 1143.14 0.000265154
84.45 1147.72 0.000271166
84.46 1152.32 0.000277339
84.47 1156.94 0.000283676
84.48 1161.58 0.000290183
84.49 1166.23 0.000296866
84.5 1170.91 0.000303728
84.51 1175.6 0.000310776
84.52 1180.31 0.000318016
84.53 1185.04 0.000325452
84.54 1189.79 0.000333092
84.55 1194.56 0.00034094
84.56 1199.35 0.000349004
84.57 1204.16 0.00035729
84.58 1208.98 0.000365805
84.59 1213.83 0.000374556
84.6 1218.69 0.000383549
84.61 1223.58 0.000392794
84.62 1228.48 0.000402296
84.63 1233.41 0.000412065
84.64 1238.35 0.000422109
84.65 1243.31 0.000432435
84.66 1248.3 0.000443054
84.67 1253.3 0.000453973
84.68 1258.32 0.000465204
84.69 1263.36 0.000476754
84.7 1268.43 0.000488635
84.71 1273.51 0.000500856
84.72 1278.62 0.00051343
84.73 1283.74 0.000526366
84.74 1288.89 0.000539676
84.75 1294.05 0.000553372
84.76 1299.24 0.000567467
84.77 1304.45 0.000581974
84.78 1309.67 0.000596905
84.79 1314.92 0.000612275
84.8 1320.19 0.000628097
84.81 1325.48 0.000644386
84.82 1330.8 0.000661157
84.83 1336.13 0.000678427
84.84 1341.49 0.000696211
84.85 1346.86 0.000714525
84.86 1352.26 0.000733389
84.87 1357.68 0.000752819
84.88 1363.12 0.000772834
84.89 1368.59 0.000793454
84.9 1374.07 0.000814699
84.91 1379.58 0.000836589
84.92 1385.11 0.000859146
84.93 1390.66 0.000882392
84.94 1396.23 0.00090635
84.95 1401.83 0.000931045
84.96 1407.45 0.0009565
84.97 1413.09 0.000982742
84.98 1418.75 0.0010098
84.99 1424.44 0.00103769
85 1430.15 0.00106646
85.01 1435.88 0.00109612
85.02 1441.63 0.00112671
85.03 1447.41 0.00115827
85.04 1453.21 0.00119082
85.05 1459.04 0.0012244
85.06 1464.89 0.00125904
85.07 1470.76 0.00129478
85.08 1476.65 0.00133166
85.09 1482.57 0.00136972
85.1 1488.51 0.001409
85.11 1494.48 0.00144954
85.12 1500.47 0.00149139
85.13 1506.48 0.00153459
85.14 1512.52 0.00157919
85.15 1518.58 0.00162523
85.16 1524.67 0.00167278
85.17 1530.78 0.00172188
85.18 1536.91 0.00177259
85.19 1543.07 0.00182496
85.2 1549.26 0.00187906
85.21 1555.47 0.00193495
85.22 1561.7 0.00199269
85.23 1567.96 0.00205234
85.24 1574.25 0.00211398
85.25 1580.56 0.00217768
85.26 1586.89 0.00224351
85.27 1593.25 0.00231154
85.28 1599.64 0.00238187
85.29 1606.05 0.00245458
85.3 1612.48 0.00252974
85.31 1618.95 0.00260745
85.32 1625.44 0.00268781
85.33 1631.95 0.0027709
85.34 1638.49 0.00285684
85.35 1645.06 0.00294573
85.36 1651.65 0.00303767
85.37 1658.27 0.00313279
85.38 1664.92 0.00323119
85.39 1671.59 0.003333
85.4 1678.29 0.00343835
85.41 1685.02 0.00354737
85.42 1691.77 0.0036602
85.43 1698.55 0.00377698
85.44 1705.36 0.00389786
85.45 1712.19 0.004023
85.46 1719.06 0.00415256
85.47 1725.95 0.00428671
85.48 1732.86 0.00442561
85.49 1739.81 0.00456946
85.5 1746.78 0.00471845
85.51 1753.78 0.00487276
85.52 1760.81 0.0050326
85.53 1767.87 0.00519819
85.54 1774.95 0.00536976
85.55 1782.07 0.00554752
85.56 1789.21 0.00573172
85.57 1796.38 0.00592262
85.58 1803.58 0.00612047
85.59 1810.81 0.00632555
85.6 1818.07 0.00653813
85.61 1825.35 0.00675852
85.62 1832.67 0.00698702
85.63 1840.01 0.00722395
85.64 1847.39 0.00746964
85.65 1854.79 0.00772445
85.66 1862.23 0.00798873
85.67 1869.69 0.00826285
85.68 1877.18 0.00854723
85.69 1884.71 0.00884225
85.7 1892.26 0.00914835
85.71 1899.84 0.00946598
85.72 1907.46 0.0097956
85.73 1915.1 0.0101377
85.74 1922.78 0.0104928
85.75 1930.48 0.0108613
85.76 1938.22 0.011244
85.77 1945.99 0.0116412
85.78 1953.79 0.0120537
85.79 1961.62 0.012482
85.8 1969.48 0.0129268
85.81 1977.37 0.0133888
85.82 1985.3 0.0138686
85.83 1993.25 0.0143671
85.84 2001.24 0.014885
85.85 2009.26 0.015423
85.86 2017.31 0.0159821
85.87 2025.4 0.0165631
85.88 2033.52 0.0171669
85.89 2041.67 0.0177945
85.9 2049.85 0.0184468
85.91 2058.06 0.0191249
85.92 2066.31 0.01983
85.93 2074.59 0.020563
85.94 2082.9 0.0213253
85.95 2091.25 0.0221181
85.96 2099.63 0.0229425
85.97 2108.05 0.0238001
85.98 2116.5 0.0246922
85.99 2124.98 0.0256203
86 2133.49 0.0265858
86.01 2142.04 0.0275905
86.02 2150.63 0.0286361
86.03 2159.24 0.0297242
86.04 2167.9 0.0308567
86.05 2176.59 0.0320355
86.06 2185.31 0.0332627
86.07 2194.06 0.0345404
86.08 2202.86 0.0358707
86.09 2211.68 0.0372559
86.1 2220.55 0.0386985
86.11 2229.44 0.040201
86.12 2238.38 0.0417659
86.13 2247.35 0.0433961
86.14 2256.35 0.0450944
86.15 2265.39 0.0468639
86.16 2274.47 0.0487076
86.17 2283.59 0.050629
86.18 2292.74 0.0526313
86.19 2301.92 0.0547184
86.2 2311.15 0.0568938
86.21 2320.41 0.0591617
86.22 2329.7 0.0615261
86.23 2339.04 0.0639913
86.24 2348.41 0.0665621
86.25 2357.82 0.0692429
86.26 2367.27 0.072039
86.27 2376.75 0.0749555
86.28 2386.27 0.0779978
86.29 2395.83 0.0811717
86.3 2405.43 0.0844832
86.31 2415.07 0.0879386
86.32 2424.74 0.0915445
86.33 2434.46 0.0953077
86.34 2444.21 0.0992356
86.35 2454 0.103336
86.36 2463.83 0.107616
86.37 2473.7 0.112085
86.38 2483.61 0.11675
86.39 2493.56 0.121623
86.4 2503.55 0.126711
86.41 2513.57 0.132026
86.42 2523.64 0.137577
86.43 2533.75 0.143375
86.44 2543.9 0.149433
86.45 2554.08 0.155763
86.46 2564.31 0.162377
86.47 2574.58 0.169289
86.48 2584.89 0.176512
86.49 2595.24 0.184063
86.5 2605.64 0.191955
86.51 2616.07 0.200206
86.52 2626.54 0.208832
86.53 2637.06 0.217851
86.54 2647.62 0.227283
86.55 2658.22 0.237147
86.56 2668.86 0.247464
86.57 2679.54 0.258255
86.58 2690.27 0.269544
86.59 2701.04 0.281354
86.6 2711.85 0.293711
86.61 2722.7 0.306641
86.62 2733.6 0.320173
86.63 2744.54 0.334334
86.64 2755.52 0.349157
86.65 2766.54 0.364674
86.66 2777.61 0.380918
86.67 2788.73 0.397925
86.68 2799.88 0.415733
86.69 2811.08 0.434381
86.7 2822.32 0.453911
86.71 2833.61 0.474366
86.72 2844.94 0.495791
86.73 2856.32 0.518237
86.74 2867.74 0.541752
86.75 2879.2 0.56639
86.76 2890.71 0.592207
86.77 2902.26 0.619263
86.78 2913.86 0.647619
86.79 2925.5 0.677341
86.8 2937.19 0.708497
86.81 2948.93 0.741159
86.82 2960.7 0.775404
86.83 2972.53 0.811312
86.84 2984.4 0.848966
86.85 2996.31 0.888456
86.86 3008.27 0.929874
86.87 3020.27 0.973319
86.88 3032.32 1.01889
86.89 3044.42 1.06671
86.9 3056.56 1.11688
86.91 3068.75 1.16952
86.92 3080.98 1.22477
86.93 3093.26 1.28275
86.94 3105.59 1.34361
86.95 3117.96 1.40749
86.96 3130.38 1.47456
86.97 3142.84 1.54497
86.98 3155.35 1.6189
86.99 3167.9 1.69654
87 3180.5 1.77808
87.01 3193.14 1.86372
87.02 3205.84 1.95367
87.03 3218.57 2.04816
87.04 3231.35 2.14743
87.05 3244.18 2.25174
87.06 3257.05 2.36134
87.07 3269.97 2.47652
87.08 3282.93 2.59756
87.09 3295.94 2.72479
87.1 3308.99 2.85853
87.11 3322.08 2.99912
87.12 3335.22 3.14693
87.13 3348.41 3.30234
87.14 3361.63 3.46576
87.15 3374.9 3.63762
87.16 3388.21 3.81838
87.17 3401.57 4.00849
87.18 3414.96 4.20848
87.19 3428.4 4.41887
87.2 3441.88 4.64022
87.21 3455.4 4.87312
87.22 3468.96 5.11821
87.23 3482.55 5.37613
87.24 3496.19 5.64758
87.25 3509.86 5.93331
87.26 3523.58 6.23408
87.27 3537.32 6.55072
87.28 3551.11 6.88409
87.29 3564.92 7.23511
87.3 3578.78 7.60474
87.31 3592.66 7.99401
87.32 3606.57 8.40398
87.33 3620.52 8.83581
87.34 3634.49 9.29069
87.35 3648.49 9.7699
87.36 3662.52 10.2748
87.37 3676.57 10.8067
87.38 3690.64 11.3673
87.39 3704.74 11.958
87.4 3718.85 12.5806
87.41 3732.99 13.2368
87.42 3747.13 13.9285
87.43 3761.29 14.6577
87.44 3775.46 15.4264
87.45 3789.64 16.237
87.46 3803.82 17.0916
87.47 3818 17.9928
87.48 3832.19 18.9433
87.49 3846.37 19.9457
87.5 3860.54 21.0029
87.51 3874.7 22.1182
87.52 3888.85 23.2947
87.53 3902.97 24.536
87.54 3917.08 25.8456
87.55 3931.15 27.2274
87.56 3945.2 28.6855
87.57 3959.2 30.2243
87.58 3973.16 31.8483
87.59 3987.07 33.5623
87.6 4000.93 35.3715
87.61 4014.73 37.2813
87.62 4028.45 39.2973
87.63 4042.1 41.4258
87.64 4055.67 43.6729
87.65 4069.14 46.0456
87.66 4082.51 48.551
87.67 4095.77 51.1966
87.68 4108.92 53.9905
87.69 4121.93 56.9411
87.7 4134.8 60.0574
87.71 4147.52 63.3489
87.72 4160.07 66.8255
87.73 4172.45 70.4979
87.74 4184.63 74.3772
87.75 4196.61 78.4753
87.76 4208.36 82.8046
87.77 4219.88 87.3785
87.78 4231.14 92.2108
87.79 4242.13 97.3163
87.8 4252.82 102.711
87.81 4263.21 108.41
87.82 4273.25 114.433
87.83 4282.94 120.796
87.84 4292.25 127.52
87.85 4301.16 134.624
87.86 4309.63 142.132
87.87 4317.63 150.064
87.88 4325.15 158.446
87.89 4332.14 167.302
87.9 4338.58 176.66
87.91 4344.42 186.548
87.92 4349.64 196.994
87.93 4354.19 208.031
87.94 4358.03 219.692
87.95 4361.12 232.01
87.96 4363.41 245.022
87.97 4364.85 258.767
87.98 4365.4 273.285
87.99 4365 288.616
88 4363.6 304.807
88.01 4361.14 321.902
88.02 4357.55 339.951
88.03 4352.77 359.004
88.04 4346.74 379.114
88.05 4339.38 400.336
88.06 4330.63 422.728
88.07 4320.4 446.349
88.08 4308.62 471.263
88.09 4295.2 497.533
88.1 4280.05 525.227
88.11 4263.09 554.415
88.12 4244.23 585.167
88.13 4223.36 617.557
88.14 4200.4 651.662
88.15 4175.23 687.557
88.16 4147.75 725.323
88.17 4117.86 765.039
88.18 4085.45 806.786
88.19 4050.41 850.646
88.2 4012.62 896.7
88.21 3971.98 945.029
88.22 3928.36 995.712
88.23 3881.67 1048.83
88.24 3831.79 1104.45
88.25 3778.61 1162.64
88.26 3722.04 1223.48
88.27 3661.98 1287.02
88.28 3598.34 1353.3
88.29 3531.04 1422.37
88.3 3460.01 1494.26
88.31 3385.21 1568.97
88.32 3306.59 1646.51
88.33 3224.14 1726.85
88.34 3137.86 1809.94
88.35 3047.78 1895.71
88.36 2953.98 1984.07
88.37 2856.53 2074.87
88.38 2755.58 2167.95
88.39 2651.31 2263.11
88.4 2543.92 2360.08
88.41 2433.69 2458.58
88.42 2320.95 2558.26
88.43 2206.07 2658.72
88.44 2089.49 2759.51
88.45 1971.69 2860.14
88.46 1853.23 2960.06
88.47 1734.7 3058.68
88.48 1616.73 3155.38
88.49 1500.02 3249.5
88.5 1385.26 3340.38
88.51 1273.14 3427.36
88.52 1164.37 3509.77
88.53 1059.62 3587.04
88.54 959.489 3658.59
88.55 864.52 3723.98
88.56 775.16 3782.83
88.57 691.753 3834.89
88.58 614.522 3880.01
88.59 543.572 3918.17
88.6 478.893 3949.49
88.61 420.361 3974.15
88.62 367.76 3992.48
88.63 320.795 4004.82
88.64 279.111 4011.63
88.65 242.313 4013.35
88.66 209.984 4010.47
88.67 181.702 4003.47
88.68 157.049 3992.81
88.69 135.628 3978.94
88.7 117.063 3962.28
88.71 101.007 3943.19
88.72 87.1455 3922.03
88.73 75.1933 3899.11
88.74 64.8976 3874.71
88.75 56.0349 3849.05
88.76 48.4086 3822.37
88.77 41.8474 3794.83
88.78 36.2022 3766.6
88.79 31.3441 3737.83
88.8 27.1619 3708.62
88.81 23.5598 3679.07
88.82 20.4555 3649.29
88.83 17.7784 3619.33
88.84 15.4678 3589.27
88.85 13.472 3559.16
88.86 11.7466 3529.04
88.87 10.2535 3498.95
88.88 8.9602 3468.92
88.89 7.83889 3438.99
88.9 6.86569 3409.18
88.91 6.02015 3379.5
88.92 5.28475 3349.98
88.93 4.64448 3320.62
88.94 4.08642 3291.44
88.95 3.59949 3262.45
88.96 3.17417 3233.66
88.97 2.80226 3205.07
88.98 2.4767 3176.68
88.99 2.19141 3148.52
89 1.94112 3120.56
89.01 1.72132 3092.83
89.02 1.52807 3065.32
89.03 1.358 3038.03
89.04 1.20816 3010.96
89.05 1.076 2984.12
89.06 0.959316 2957.51
89.07 0.85619 2931.12
89.08 0.764949 2904.95
89.09 0.684141 2879
89.1 0.6125 2853.28
89.11 0.548922 2827.78
89.12 0.492441 2802.51
89.13 0.442215 2777.45
89.14 0.397508 2752.61
89.15 0.357673 2727.99
89.16 0.322146 2703.58
89.17 0.290429 2679.39
89.18 0.262087 2655.42
89.19 0.236736 2631.65
89.2 0.214039 2608.1
89.21 0.1937 2584.75
89.22 0.175457 2561.61
89.23 0.159078 2538.68
89.24 0.14436 2515.95
89.25 0.131122 2493.42
89.26 0.119205 2471.09
89.27 0.108467 2448.96
89.28 0.0987838 2427.03
89.29 0.0900434 2405.29
89.3 0.0821474 2383.75
89.31 0.0750081 2362.4
89.32 0.0685475 2341.24
89.33 0.0626961 2320.27
89.34 0.0573921 2299.49
89.35 0.0525803 2278.89
89.36 0.0482115 2258.48
89.37 0.0442416 2238.25
89.38 0.0406313 2218.2
89.39 0.0373454 2198.32
89.4 0.0343524 2178.63
89.41 0.0316241 2159.11
89.42 0.0291351 2139.77
89.43 0.0268627 2120.6
89.44 0.0247864 2101.61
89.45 0.0228879 2082.78
89.46 0.0211507 2064.12
89.47 0.0195598 2045.63
89.48 0.018102 2027.3
89.49 0.016765 2009.14
89.5 0.015538 1991.14
89.51 0.0144111 1973.3
89.52 0.0133755 1955.62
89.53 0.012423 1938.1
89.54 0.0115464 1920.74
89.55 0.0107391 1903.53
89.56 0.00999506 1886.47
89.57 0.0093089 1869.57
89.58 0.00867568 1852.82
89.59 0.00809093 1836.22
89.6 0.00755058 1819.77
89.61 0.00705094 1803.47
89.62 0.00658863 1787.31
89.63 0.0061606 1771.3
89.64 0.00576405 1755.43
89.65 0.00539643 1739.7
89.66 0.00505543 1724.11
89.67 0.00473891 1708.67
89.68 0.00444495 1693.36
89.69 0.00417176 1678.18
89.7 0.00391773 1663.15
89.71 0.00368137 1648.25
89.72 0.00346132 1633.48
89.73 0.00325634 1618.85
89.74 0.00306529 1604.34
89.75 0.00288711 1589.97
89.76 0.00272084 1575.72
89.77 0.00256561 1561.6
89.78 0.00242059 1547.61
89.79 0.00228504 1533.75
89.8 0.00215828 1520.01
89.81 0.00203966 1506.39
89.82 0.00192861 1492.89
89.83 0.00182458 1479.52
89.84 0.00172709 1466.26
89.85 0.00163566 1453.12
89.86 0.00154989 1440.1
89.87 0.00146938 1427.2
89.88 0.00139376 1414.41
89.89 0.00132271 1401.74
89.9 0.00125592 1389.18
89.91 0.00119309 1376.74
89.92 0.00113397 1364.4
89.93 0.00107831 1352.18
89.94 0.00102588 1340.06
89.95 0.00097647 1328.05
89.96 0.000929884 1316.16
89.97 0.000885941 1304.36
89.98 0.00084447 1292.68
89.99 0.000805316 1281.09
90 0.000768331 1269.62
90.01 0.00073338 1258.24
90.02 0.000700336 1246.97
90.03 0.000669081 1235.8
90.04 0.000639505 1224.72
90.05 0.000611507 1213.75
90.06 0.000584989 1202.88
90.07 0.000559864 1192.1
90.08 0.000536048 1181.42
90.09 0.000513464 1170.83
90.1 0.000492038 1160.34
90.11 0.000471704 1149.95
90.12 0.000452397 1139.64
90.13 0.000434058 1129.43
90.14 0.000416632 1119.31
90.15 0.000400067 1109.28
90.16 0.000384314 1099.35
90.17 0.000369327 1089.5
90.18 0.000355064 1079.73
90.19 0.000341485 1070.06
90.2 0.000328551 1060.47
90.21 0.000316228 1050.97
90.22 0.000304483 1041.56
90.23 0.000293283 1032.22
90.24 0.000282601 1022.98
90.25 0.000272408 1013.81
90.26 0.000262678 1004.73
90.27 0.000253388 995.725
90.28 0.000244513 986.804
90.29 0.000236034 977.962
90.3 0.000227928 969.2
90.31 0.000220178 960.516
90.32 0.000212765 951.911
90.33 0.000205672 943.382
90.34 0.000198883 934.929
90.35 0.000192383 926.553
90.36 0.000186157 918.251
90.37 0.000180193 910.024
90.38 0.000174476 901.871
90.39 0.000168996 893.79
90.4 0.000163741 885.782
90.41 0.0001587 877.846
90.42 0.000153862 869.981
90.43 0.000149219 862.186
90.44 0.000144761 854.461
90.45 0.000140479 846.806
90.46 0.000136365 839.219
90.47 0.000132412 831.699
90.48 0.000128612 824.248
90.49 0.000124958 816.863
90.5 0.000121444 809.544
90.51 0.000118062 802.291
90.52 0.000114808 795.103
90.53 0.000111676 787.979
90.54 0.00010866 780.919
90.55 0.000105755 773.922
90.56 0.000102957 766.988
90.57 0.00010026 760.116
90.58 9.76609e-05 753.306
90.59 9.51547e-05 746.556
90.6 9.27378e-05 739.868
90.61 9.04063e-05 733.239
90.62 8.81567e-05 726.669
90.63 8.59856e-05 720.158
90.64 8.38897e-05 713.706
90.65 8.18659e-05 707.312
90.66 7.99113e-05 700.974
90.67 7.8023e-05 694.694
90.68 7.61984e-05 688.47
90.69 7.44349e-05 682.301
90.7 7.27301e-05 676.188
90.71 7.10817e-05 670.13
90.72 6.94874e-05 664.126
90.73 6.7945e-05 658.175
90.74 6.64527e-05 652.278
90.75 6.50084e-05 646.434
90.76 6.36102e-05 640.642
90.77 6.22566e-05 634.902
90.78 6.09456e-05 629.214
90.79 5.96758e-05 623.576
90.8 5.84455e-05 617.989
90.81 5.72534e-05 612.452
90.82 5.60979e-05 606.965
90.83 5.49777e-05 601.527
90.84 5.38916e-05 596.137
90.85 5.28383e-05 590.796
90.86 5.18166e-05 585.503
90.87 5.08254e-05 580.257
90.88 4.98635e-05 575.058
90.89 4.893e-05 569.906
90.9 4.80238e-05 564.8
90.91 4.7144e-05 559.739
90.92 4.62896e-05 554.724
90.93 4.54598e-05 549.754
90.94 4.46536e-05 544.829
90.95 4.38704e-05 539.947
90.96 4.31093e-05 535.109
90.97 4.23696e-05 530.315
90.98 4.16505e-05 525.564
90.99 4.09514e-05 520.855
91 4.02715e-05 516.188
91.01 3.96103e-05 511.563
91.02 3.89672e-05 506.98
91.03 3.83414e-05 502.438
91.04 3.77326e-05 497.936
91.05 3.714e-05 493.475
91.06 3.65633e-05 489.053
91.07 3.60019e-05 484.671
91.08 3.54552e-05 480.329
91.09 3.49229e-05 476.025
91.1 3.44045e-05 471.76
91.11 3.38996e-05 467.534
91.12 3.34077e-05 463.345
91.13 3.29284e-05 459.193
91.14 3.24613e-05 455.079
91.15 3.20061e-05 451.002
91.16 3.15625e-05 446.961
91.17 3.113e-05 442.956
91.18 3.07083e-05 438.988
91.19 3.02971e-05 435.054
91.2 2.98961e-05 431.157
91.21 2.95049e-05 427.294
91.22 2.91234e-05 423.465
91.23 2.87512e-05 419.671
91.24 2.83881e-05 415.911
91.25 2.80337e-05 412.185
91.26 2.76878e-05 408.492
91.27 2.73503e-05 404.832
91.28 2.70208e-05 401.205
91.29 2.66991e-05 397.61
91.3 2.6385e-05 394.047
91.31 2.60784e-05 390.517
91.32 2.57789e-05 387.018
91.33 2.54864e-05 383.551
91.34 2.52007e-05 380.114
91.35 2.49216e-05 376.708
91.36 2.46489e-05 373.333
91.37 2.43826e-05 369.988
91.38 2.41222e-05 366.673
91.39 2.38679e-05 363.388
91.4 2.36193e-05 360.132
91.41 2.33763e-05 356.906
91.42 2.31388e-05 353.708
91.43 2.29066e-05 350.539
91.44 2.26796e-05 347.398
91.45 2.24577e-05 344.286
91.46 2.22407e-05 341.201
91.47 2.20285e-05 338.144
91.48 2.1821e-05 335.114
91.49 2.1618e-05 332.112
91.5 2.14195e-05 329.136
91.51 2.12253e-05 326.187
91.52 2.10354e-05 323.265
91.53 2.08496e-05 320.368
91.54 2.06678e-05 317.498
91.55 2.04899e-05 314.653
91.56 2.03159e-05 311.834
91.57 2.01456e-05 309.04
91.58 1.9979e-05 306.271
91.59 1.98159e-05 303.527
91.6 1.96563e-05 300.808
91.61 1.95001e-05 298.113
91.62 1.93472e-05 295.442
91.63 1.91976e-05 292.795
91.64 1.90511e-05 290.171
91.65 1.89077e-05 287.571
91.66 1.87674e-05 284.995
91.67 1.863e-05 282.441
91.68 1.84954e-05 279.911
91.69 1.83637e-05 277.403
91.7 1.82348e-05 274.918
91.71 1.81085e-05 272.454
91.72 1.79849e-05 270.013
91.73 1.78639e-05 267.594
91.74 1.77454e-05 265.197
91.75 1.76294e-05 262.821
91.76 1.75158e-05 260.466
91.77 1.74045e-05 258.132
91.78 1.72956e-05 255.819
91.79 1.71889e-05 253.527
91.8 1.70844e-05 251.256
91.81 1.69821e-05 249.005
91.82 1.6882e-05 246.774
91.83 1.67839e-05 244.563
91.84 1.66879e-05 242.371
91.85 1.65938e-05 240.2
91.86 1.65017e-05 238.048
91.87 1.64116e-05 235.915
91.88 1.63233e-05 233.801
91.89 1.62368e-05 231.706
91.9 1.61522e-05 229.63
91.91 1.60693e-05 227.573
91.92 1.59882e-05 225.534
91.93 1.59087e-05 223.513
91.94 1.5831e-05 221.511
91.95 1.57548e-05 219.526
91.96 1.56803e-05 217.559
91.97 1.56074e-05 215.61
91.98 1.55359e-05 213.678
91.99 1.54661e-05 211.764
92 1.53977e-05 209.866
92.01 1.53307e-05 207.986
92.02 1.52652e-05 206.123
92.03 1.52011e-05 204.276
92.04 1.51384e-05 202.446
92.05 1.5077e-05 200.632
92.06 1.5017e-05 198.834
92.07 1.49583e-05 197.053
92.08 1.49009e-05 195.287
92.09 1.48447e-05 193.538
92.1 1.47898e-05 191.803
92.11 1.47361e-05 190.085
92.12 1.46836e-05 188.382
92.13 1.46322e-05 186.694
92.14 1.45821e-05 185.021
92.15 1.4533e-05 183.364
92.16 1.44851e-05 181.721
92.17 1.44383e-05 180.093
92.18 1.43926e-05 178.479
92.19 1.4348e-05 176.88
92.2 1.43044e-05 175.295
92.21 1.42618e-05 173.725
92.22 1.42202e-05 172.168
92.23 1.41797e-05 170.626
92.24 1.41401e-05 169.097
92.25 1.41015e-05 167.582
92.26 1.40639e-05 166.08
92.27 1.40272e-05 164.592
92.28 1.39914e-05 163.118
92.29 1.39565e-05 161.656
92.3 1.39225e-05 160.208
92.31 1.38895e-05 158.772
92.32 1.38572e-05 157.35
92.33 1.38259e-05 155.94
92.34 1.37954e-05 154.543
92.35 1.37657e-05 153.158
92.36 1.37368e-05 151.786
92.37 1.37088e-05 150.426
92.38 1.36815e-05 149.078
92.39 1.3655e-05 147.743
92.4 1.36294e-05 146.419
92.41 1.36044e-05 145.107
92.42 1.35803e-05 143.807
92.43 1.35568e-05 142.518
92.44 1.35341e-05 141.242
92.45 1.35122e-05 139.976
92.46 1.34909e-05 138.722
92.47 1.34704e-05 137.479
92.48 1.34505e-05 136.247
92.49 1.34314e-05 135.027
92.5 1.34129e-05 133.817
92.51 1.33951e-05 132.618
92.52 1.33779e-05 131.43
92.53 1.33614e-05 130.252
92.54 1.33456e-05 129.085
92.55 1.33304e-05 127.928
92.56 1.33158e-05 126.782
92.57 1.33019e-05 125.646
92.58 1.32885e-05 124.521
92.59 1.32758e-05 123.405
92.6 1.32637e-05 122.299
92.61 1.32521e-05 121.204
92.62 1.32412e-05 120.118
92.63 1.32308e-05 119.041
92.64 1.3221e-05 117.975
92.65 1.32118e-05 116.918
92.66 1.32031e-05 115.87
92.67 1.3195e-05 114.832
92.68 1.31875e-05 113.803
92.69 1.31805e-05 112.784
92.7 1.3174e-05 111.773
92.71 1.31681e-05 110.772
92.72 1.31626e-05 109.779
92.73 1.31578e-05 108.796
92.74 1.31534e-05 107.821
92.75 1.31495e-05 106.855
92.76 1.31462e-05 105.897
92.77 1.31433e-05 104.949
92.78 1.3141e-05 104.008
92.79 1.31391e-05 103.076
92.8 1.31377e-05 102.153
92.81 1.31368e-05 101.238
92.82 1.31364e-05 100.331
92.83 1.31365e-05 99.4317
92.84 1.3137e-05 98.5409
92.85 1.3138e-05 97.658
92.86 1.31395e-05 96.783
92.87 1.31414e-05 95.9159
92.88 1.31438e-05 95.0565
92.89 1.31466e-05 94.2048
92.9 1.31499e-05 93.3608
92.91 1.31536e-05 92.5243
92.92 1.31577e-05 91.6953
92.93 1.31623e-05 90.8738
92.94 1.31673e-05 90.0596
92.95 1.31728e-05 89.2527
92.96 1.31787e-05 88.453
92.97 1.3185e-05 87.6605
92.98 1.31917e-05 86.8751
92.99 1.31988e-05 86.0967
93 1.32064e-05 85.3253
93.01 1.32143e-05 84.5609
93.02 1.32227e-05 83.8032
93.03 1.32315e-05 83.0524
93.04 1.32406e-05 82.3083
93.05 1.32502e-05 81.5708
93.06 1.32602e-05 80.84
93.07 1.32705e-05 80.1157
93.08 1.32813e-05 79.3979
93.09 1.32924e-05 78.6865
93.1 1.33039e-05 77.9815
93.11 1.33158e-05 77.2828
93.12 1.33281e-05 76.5904
93.13 1.33408e-05 75.9042
93.14 1.33538e-05 75.2241
93.15 1.33673e-05 74.5501
93.16 1.33811e-05 73.8822
93.17 1.33952e-05 73.2202
93.18 1.34098e-05 72.5642
93.19 1.34247e-05 71.914
93.2 1.34399e-05 71.2697
93.21 1.34555e-05 70.6312
93.22 1.34715e-05 69.9983
93.23 1.34879e-05 69.3712
93.24 1.35046e-05 68.7496
93.25 1.35216e-05 68.1337
93.26 1.35391e-05 67.5232
93.27 1.35568e-05 66.9182
93.28 1.35749e-05 66.3187
93.29 1.35934e-05 65.7245
93.3 1.36122e-05 65.1356
93.31 1.36314e-05 64.552
93.32 1.36509e-05 63.9737
93.33 1.36707e-05 63.4005
93.34 1.36909e-05 62.8324
93.35 1.37114e-05 62.2695
93.36 1.37323e-05 61.7116
93.37 1.37535e-05 61.1587
93.38 1.3775e-05 60.6107
93.39 1.37969e-05 60.0677
93.4 1.38191e-05 59.5295
93.41 1.38416e-05 58.9961
93.42 1.38645e-05 58.4675
93.43 1.38877e-05 57.9437
93.44 1.39112e-05 57.4245
93.45 1.39351e-05 56.91
93.46 1.39593e-05 56.4001
93.47 1.39838e-05 55.8948
93.48 1.40086e-05 55.394
93.49 1.40337e-05 54.8977
93.5 1.40592e-05 54.4058
93.51 1.4085e-05 53.9184
93.52 1.41112e-05 53.4353
93.53 1.41376e-05 52.9565
93.54 1.41644e-05 52.4821
93.55 1.41914e-05 52.0118
93.56 1.42188e-05 51.5458
93.57 1.42466e-05 51.084
93.58 1.42746e-05 50.6263
93.59 1.43029e-05 50.1727
93.6 1.43316e-05 49.7232
93.61 1.43606e-05 49.2777
93.62 1.43899e-05 48.8362
93.63 1.44195e-05 48.3986
93.64 1.44494e-05 47.965
93.65 1.44796e-05 47.5352
93.66 1.45102e-05 47.1093
93.67 1.4541e-05 46.6873
93.68 1.45722e-05 46.269
93.69 1.46037e-05 45.8544
93.7 1.46355e-05 45.4436
93.71 1.46675e-05 45.0364
93.72 1.46999e-05 44.6329
93.73 1.47327e-05 44.233
93.74 1.47657e-05 43.8367
93.75 1.4799e-05 43.4439
93.76 1.48326e-05 43.0547
93.77 1.48666e-05 42.6689
93.78 1.49008e-05 42.2867
93.79 1.49354e-05 41.9078
93.8 1.49702e-05 41.5323
93.81 1.50054e-05 41.1602
93.82 1.50409e-05 40.7914
93.83 1.50766e-05 40.4259
93.84 1.51127e-05 40.0637
93.85 1.51491e-05 39.7048
93.86 1.51858e-05 39.349
93.87 1.52228e-05 38.9965
93.88 1.52601e-05 38.6471
93.89 1.52977e-05 38.3008
93.9 1.53356e-05 37.9577
93.91 1.53738e-05 37.6176
93.92 1.54123e-05 37.2805
93.93 1.54511e-05 36.9465
93.94 1.54903e-05 36.6155
93.95 1.55297e-05 36.2874
93.96 1.55694e-05 35.9623
93.97 1.56094e-05 35.6401
93.98 1.56498e-05 35.3208
93.99 1.56904e-05 35.0043
94 1.57314e-05 34.6907
94.01 1.57726e-05 34.3799
94.02 1.58142e-05 34.0718
94.03 1.5856e-05 33.7666
94.04 1.58982e-05 33.464
94.05 1.59406e-05 33.1642
94.06 1.59834e-05 32.8671
94.07 1.60265e-05 32.5726
94.08 1.60699e-05 32.2808
94.09 1.61135e-05 31.9915
94.1 1.61575e-05 31.7049
94.11 1.62018e-05 31.4208
94.12 1.62464e-05 31.1393
94.13 1.62913e-05 30.8603
94.14 1.63365e-05 30.5838
94.15 1.6382e-05 30.3098
94.16 1.64279e-05 30.0382
94.17 1.6474e-05 29.7691
94.18 1.65204e-05 29.5024
94.19 1.65672e-05 29.2381
94.2 1.66142e-05 28.9761
94.21 1.66616e-05 28.7165
94.22 1.67092e-05 28.4592
94.23 1.67572e-05 28.2042
94.24 1.68055e-05 27.9515
94.25 1.68541e-05 27.7011
94.26 1.69029e-05 27.4529
94.27 1.69522e-05 27.2069
94.28 1.70017e-05 26.9632
94.29 1.70515e-05 26.7216
94.3 1.71016e-05 26.4822
94.31 1.71521e-05 26.2449
94.32 1.72028e-05 26.0098
94.33 1.72539e-05 25.7767
94.34 1.73053e-05 25.5458
94.35 1.7357e-05 25.3169
94.36 1.7409e-05 25.0901
94.37 1.74613e-05 24.8653
94.38 1.75139e-05 24.6425
94.39 1.75669e-05 24.4217
94.4 1.76202e-05 24.2029
94.41 1.76737e-05 23.986
94.42 1.77276e-05 23.7711
94.43 1.77818e-05 23.5581
94.44 1.78364e-05 23.3471
94.45 1.78912e-05 23.1379
94.46 1.79464e-05 22.9306
94.47 1.80019e-05 22.7251
94.48 1.80577e-05 22.5215
94.49 1.81138e-05 22.3197
94.5 1.81702e-05 22.1198
94.51 1.8227e-05 21.9216
94.52 1.82841e-05 21.7252
94.53 1.83415e-05 21.5305
94.54 1.83992e-05 21.3376
94.55 1.84573e-05 21.1464
94.56 1.85157e-05 20.957
94.57 1.85744e-05 20.7692
94.58 1.86334e-05 20.5831
94.59 1.86928e-05 20.3987
94.6 1.87524e-05 20.2159
94.61 1.88125e-05 20.0348
94.62 1.88728e-05 19.8553
94.63 1.89335e-05 19.6774
94.64 1.89945e-05 19.5011
94.65 1.90558e-05 19.3264
94.66 1.91174e-05 19.1532
94.67 1.91794e-05 18.9816
94.68 1.92417e-05 18.8116
94.69 1.93044e-05 18.643
94.7 1.93674e-05 18.476
94.71 1.94307e-05 18.3104
94.72 1.94944e-05 18.1464
94.73 1.95584e-05 17.9838
94.74 1.96227e-05 17.8227
94.75 1.96874e-05 17.663
94.76 1.97524e-05 17.5047
94.77 1.98177e-05 17.3479
94.78 1.98834e-05 17.1925
94.79 1.99495e-05 17.0384
94.8 2.00158e-05 16.8858
94.81 2.00825e-05 16.7345
94.82 2.01496e-05 16.5846
94.83 2.0217e-05 16.436
94.84 2.02848e-05 16.2887
94.85 2.03528e-05 16.1428
94.86 2.04213e-05 15.9981
94.87 2.04901e-05 15.8548
94.88 2.05592e-05 15.7127
94.89 2.06287e-05 15.572
94.9 2.06986e-05 15.4324
94.91 2.07687e-05 15.2942
94.92 2.08393e-05 15.1571
94.93 2.09102e-05 15.0213
94.94 2.09814e-05 14.8867
94.95 2.10531e-05 14.7534
94.96 2.1125e-05 14.6212
94.97 2.11973e-05 14.4902
94.98 2.127e-05 14.3604
94.99 2.13431e-05 14.2317
95 2.14165e-05 14.1042
95.01 2.14902e-05 13.9778
95.02 2.15644e-05 13.8526
95.03 2.16389e-05 13.7285
95.04 2.17137e-05 13.6055
95.05 2.17889e-05 13.4836
95.06 2.18645e-05 13.3628
95.07 2.19405e-05 13.243
95.08 2.20168e-05 13.1244
95.09 2.20935e-05 13.0068
95.1 2.21706e-05 12.8903
95.11 2.2248e-05 12.7748
95.12 2.23258e-05 12.6603
95.13 2.2404e-05 12.5469
95.14 2.24826e-05 12.4345
95.15 2.25615e-05 12.3231
95.16 2.26408e-05 12.2126
95.17 2.27205e-05 12.1032
95.18 2.28006e-05 11.9948
95.19 2.2881e-05 11.8873
95.2 2.29619e-05 11.7808
95.21 2.30431e-05 11.6753
95.22 2.31247e-05 11.5706
95.23 2.32067e-05 11.467
95.24 2.3289e-05 11.3642
95.25 2.33718e-05 11.2624
95.26 2.3455e-05 11.1615
95.27 2.35385e-05 11.0615
95.28 2.36224e-05 10.9624
95.29 2.37068e-05 10.8642
95.3 2.37915e-05 10.7668
95.31 2.38766e-05 10.6704
95.32 2.39621e-05 10.5748
95.33 2.4048e-05 10.48
95.34 2.41343e-05 10.3861
95.35 2.42211e-05 10.2931
95.36 2.43082e-05 10.2009
95.37 2.43957e-05 10.1095
95.38 2.44836e-05 10.0189
95.39 2.45719e-05 9.92912
95.4 2.46607e-05 9.84016
95.41 2.47498e-05 9.75199
95.42 2.48394e-05 9.66462
95.43 2.49293e-05 9.57803
95.44 2.50197e-05 9.49221
95.45 2.51105e-05 9.40716
95.46 2.52017e-05 9.32288
95.47 2.52933e-05 9.23935
95.48 2.53853e-05 9.15657
95.49 2.54778e-05 9.07453
95.5 2.55706e-05 8.99323
95.51 2.56639e-05 8.91265
95.52 2.57577e-05 8.8328
95.53 2.58518e-05 8.75366
95.54 2.59464e-05 8.67523
95.55 2.60414e-05 8.5975
95.56 2.61368e-05 8.52047
95.57 2.62326e-05 8.44413
95.58 2.63289e-05 8.36847
95.59 2.64257e-05 8.2935
95.6 2.65228e-05 8.21919
95.61 2.66204e-05 8.14555
95.62 2.67184e-05 8.07257
95.63 2.68169e-05 8.00024
95.64 2.69158e-05 7.92856
95.65 2.70151e-05 7.85752
95.66 2.71149e-05 7.78712
95.67 2.72152e-05 7.71735
95.68 2.73159e-05 7.64821
95.69 2.7417e-05 7.57968
95.7 2.75186e-05 7.51177
95.71 2.76206e-05 7.44447
95.72 2.77231e-05 7.37777
95.73 2.7826e-05 7.31167
95.74 2.79294e-05 7.24616
95.75 2.80333e-05 7.18124
95.76 2.81376e-05 7.1169
95.77 2.82423e-05 7.05313
95.78 2.83476e-05 6.98994
95.79 2.84533e-05 6.92731
95.8 2.85594e-05 6.86524
95.81 2.86661e-05 6.80373
95.82 2.87732e-05 6.74278
95.83 2.88807e-05 6.68236
95.84 2.89888e-05 6.62249
95.85 2.90973e-05 6.56316
95.86 2.92063e-05 6.50435
95.87 2.93157e-05 6.44608
95.88 2.94257e-05 6.38832
95.89 2.95361e-05 6.33109
95.9 2.9647e-05 6.27436
95.91 2.97584e-05 6.21815
95.92 2.98703e-05 6.16243
95.93 2.99826e-05 6.10722
95.94 3.00955e-05 6.0525
95.95 3.02088e-05 5.99827
95.96 3.03227e-05 5.94453
95.97 3.0437e-05 5.89127
95.98 3.05518e-05 5.83849
95.99 3.06671e-05 5.78618
96 3.0783e-05 5.73433
96.01 3.08993e-05 5.68296
96.02 3.10161e-05 5.63204
96.03 3.11334e-05 5.58158
96.04 3.12513e-05 5.53157
96.05 3.13696e-05 5.48201
96.06 3.14885e-05 5.43289
96.07 3.16078e-05 5.38422
96.08 3.17277e-05 5.33598
96.09 3.18481e-05 5.28817
96.1 3.1969e-05 5.24079
96.11 3.20905e-05 5.19383
96.12 3.22124e-05 5.1473
96.13 3.23349e-05 5.10118
96.14 3.24579e-05 5.05547
96.15 3.25814e-05 5.01018
96.16 3.27055e-05 4.96529
96.17 3.28301e-05 4.9208
96.18 3.29552e-05 4.87671
96.19 3.30809e-05 4.83302
96.2 3.32071e-05 4.78972
96.21 3.33338e-05 4.7468
96.22 3.34611e-05 4.70428
96.23 3.35889e-05 4.66213
96.24 3.37173e-05 4.62036
96.25 3.38462e-05 4.57896
96.26 3.39756e-05 4.53793
96.27 3.41057e-05 4.49728
96.28 3.42362e-05 4.45698
96.29 3.43673e-05 4.41705
96.3 3.4499e-05 4.37747
96.31 3.46312e-05 4.33825
96.32 3.4764e-05 4.29938
96.33 3.48974e-05 4.26086
96.34 3.50313e-05 4.22269
96.35 3.51658e-05 4.18485
96.36 3.53009e-05 4.14736
96.37 3.54365e-05 4.1102
96.38 3.55727e-05 4.07337
96.39 3.57095e-05 4.03688
96.4 3.58469e-05 4.00071
96.41 3.59848e-05 3.96486
96.42 3.61233e-05 3.92934
96.43 3.62624e-05 3.89414
96.44 3.64021e-05 3.85925
96.45 3.65424e-05 3.82467
96.46 3.66833e-05 3.7904
96.47 3.68248e-05 3.75644
96.48 3.69668e-05 3.72278
96.49 3.71095e-05 3.68943
96.5 3.72528e-05 3.65637
96.51 3.73966e-05 3.62361
96.52 3.75411e-05 3.59115
96.53 3.76862e-05 3.55897
96.54 3.78318e-05 3.52708
96.55 3.79781e-05 3.49548
96.56 3.81251e-05 3.46417
96.57 3.82726e-05 3.43313
96.58 3.84207e-05 3.40237
96.59 3.85695e-05 3.37188
96.6 3.87189e-05 3.34167
96.61 3.88689e-05 3.31173
96.62 3.90195e-05 3.28206
96.63 3.91708e-05 3.25266
96.64 3.93227e-05 3.22351
96.65 3.94752e-05 3.19463
96.66 3.96284e-05 3.16601
96.67 3.97822e-05 3.13764
96.68 3.99367e-05 3.10953
96.69 4.00918e-05 3.08167
96.7 4.02475e-05 3.05406
96.71 4.04039e-05 3.0267
96.72 4.0561e-05 2.99958
96.73 4.07187e-05 2.9727
96.74 4.08771e-05 2.94607
96.75 4.10361e-05 2.91967
96.76 4.11958e-05 2.89351
96.77 4.13561e-05 2.86759
96.78 4.15171e-05 2.8419
96.79 4.16788e-05 2.81643
96.8 4.18412e-05 2.7912
96.81 4.20042e-05 2.76619
96.82 4.21679e-05 2.74141
96.83 4.23323e-05 2.71685
96.84 4.24974e-05 2.6925
96.85 4.26631e-05 2.66838
96.86 4.28296e-05 2.64447
96.87 4.29967e-05 2.62078
96.88 4.31645e-05 2.5973
96.89 4.3333e-05 2.57403
96.9 4.35023e-05 2.55097
96.91 4.36722e-05 2.52811
96.92 4.38428e-05 2.50546
96.93 4.40141e-05 2.48301
96.94 4.41862e-05 2.46076
96.95 4.43589e-05 2.43872
96.96 4.45324e-05 2.41687
96.97 4.47066e-05 2.39521
96.98 4.48815e-05 2.37375
96.99 4.50571e-05 2.35248
97 4.52335e-05 2.33141
97.01 4.54105e-05 2.31052
97.02 4.55884e-05 2.28982
97.03 4.57669e-05 2.2693
97.04 4.59462e-05 2.24897
97.05 4.61262e-05 2.22882
97.06 4.6307e-05 2.20885
97.07 4.64885e-05 2.18906
97.08 4.66707e-05 2.16945
97.09 4.68537e-05 2.15001
97.1 4.70375e-05 2.13075
97.11 4.7222e-05 2.11165
97.12 4.74073e-05 2.09274
97.13 4.75933e-05 2.07398
97.14 4.77802e-05 2.0554
97.15 4.79677e-05 2.03699
97.16 4.81561e-05 2.01874
97.17 4.83452e-05 2.00065
97.18 4.85351e-05 1.98272
97.19 4.87258e-05 1.96496
97.2 4.89173e-05 1.94735
97.21 4.91095e-05 1.92991
97.22 4.93025e-05 1.91262
97.23 4.94964e-05 1.89548
97.24 4.9691e-05 1.8785
97.25 4.98864e-05 1.86167
97.26 5.00827e-05 1.84499
97.27 5.02797e-05 1.82846
97.28 5.04776e-05 1.81207
97.29 5.06762e-05 1.79584
97.3 5.08757e-05 1.77975
97.31 5.1076e-05 1.7638
97.32 5.12771e-05 1.748
97.33 5.1479e-05 1.73234
97.34 5.16818e-05 1.71682
97.35 5.18854e-05 1.70143
97.36 5.20898e-05 1.68619
97.37 5.22951e-05 1.67108
97.38 5.25012e-05 1.65611
97.39 5.27081e-05 1.64127
97.4 5.29159e-05 1.62657
97.41 5.31246e-05 1.61199
97.42 5.33341e-05 1.59755
97.43 5.35444e-05 1.58324
97.44 5.37557e-05 1.56905
97.45 5.39677e-05 1.55499
97.46 5.41807e-05 1.54106
97.47 5.43945e-05 1.52725
97.48 5.46092e-05 1.51357
97.49 5.48248e-05 1.50001
97.5 5.50412e-05 1.48657
97.51 5.52585e-05 1.47325
97.52 5.54768e-05 1.46005
97.53 5.56959e-05 1.44697
97.54 5.59159e-05 1.43401
97.55 5.61368e-05 1.42116
97.56 5.63586e-05 1.40842
97.57 5.65813e-05 1.39581
97.58 5.68049e-05 1.3833
97.59 5.70295e-05 1.37091
97.6 5.72549e-05 1.35862
97.61 5.74813e-05 1.34645
97.62 5.77086e-05 1.33439
97.63 5.79368e-05 1.32243
97.64 5.81659e-05 1.31058
97.65 5.8396e-05 1.29884
97.66 5.8627e-05 1.2872
97.67 5.8859e-05 1.27567
97.68 5.90919e-05 1.26424
97.69 5.93258e-05 1.25291
97.7 5.95606e-05 1.24169
97.71 5.97963e-05 1.23056
97.72 6.00331e-05 1.21954
97.73 6.02707e-05 1.20861
97.74 6.05094e-05 1.19778
97.75 6.0749e-05 1.18705
97.76 6.09896e-05 1.17642
97.77 6.12312e-05 1.16588
97.78 6.14738e-05 1.15543
97.79 6.17173e-05 1.14508
97.8 6.19619e-05 1.13482
97.81 6.22074e-05 1.12465
97.82 6.24539e-05 1.11457
97.83 6.27014e-05 1.10459
97.84 6.295e-05 1.09469
97.85 6.31995e-05 1.08488
97.86 6.34501e-05 1.07516
97.87 6.37017e-05 1.06553
97.88 6.39543e-05 1.05598
97.89 6.42079e-05 1.04652
97.9 6.44626e-05 1.03715
97.91 6.47183e-05 1.02785
97.92 6.4975e-05 1.01864
97.93 6.52328e-05 1.00952
97.94 6.54916e-05 1.00047
97.95 6.57515e-05 0.991508
97.96 6.60124e-05 0.982625
97.97 6.62744e-05 0.973821
97.98 6.65374e-05 0.965096
97.99 6.68015e-05 0.956449
98 6.70667e-05 0.947879
98.01 6.7333e-05 0.939387
98.02 6.76003e-05 0.93097
98.03 6.78688e-05 0.922629
98.04 6.81383e-05 0.914363
98.05 6.84089e-05 0.90617
98.06 6.86806e-05 0.898051
98.07 6.89534e-05 0.890005
98.08 6.92273e-05 0.882031
98.09 6.95023e-05 0.874128
98.1 6.97785e-05 0.866297
98.11 7.00557e-05 0.858535
98.12 7.03341e-05 0.850843
98.13 7.06136e-05 0.84322
98.14 7.08943e-05 0.835665
98.15 7.1176e-05 0.828177
98.16 7.14589e-05 0.820757
98.17 7.1743e-05 0.813404
98.18 7.20282e-05 0.806116
98.19 7.23146e-05 0.798893
98.2 7.26021e-05 0.791735
98.21 7.28908e-05 0.784642
98.22 7.31807e-05 0.777612
98.23 7.34717e-05 0.770645
98.24 7.37639e-05 0.76374
98.25 7.40573e-05 0.756897
98.26 7.43519e-05 0.750116
98.27 7.46477e-05 0.743395
98.28 7.49446e-05 0.736734
98.29 7.52428e-05 0.730133
98.3 7.55422e-05 0.723592
98.31 7.58428e-05 0.717109
98.32 7.61446e-05 0.710684
98.33 7.64476e-05 0.704316
98.34 7.67519e-05 0.698006
98.35 7.70573e-05 0.691752
98.36 7.7364e-05 0.685554
98.37 7.7672e-05 0.679412
98.38 7.79812e-05 0.673325
98.39 7.82917e-05 0.667292
98.4 7.86034e-05 0.661313
98.41 7.89163e-05 0.655388
98.42 7.92306e-05 0.649516
98.43 7.95461e-05 0.643697
98.44 7.98628e-05 0.637929
98.45 8.01809e-05 0.632214
98.46 8.05002e-05 0.626549
98.47 8.08209e-05 0.620936
98.48 8.11428e-05 0.615372
98.49 8.1466e-05 0.609859
98.5 8.17905e-05 0.604395
98.51 8.21164e-05 0.59898
98.52 8.24435e-05 0.593613
98.53 8.2772e-05 0.588294
98.54 8.31018e-05 0.583023
98.55 8.34329e-05 0.5778
98.56 8.37654e-05 0.572623
98.57 8.40992e-05 0.567492
98.58 8.44344e-05 0.562408
98.59 8.47709e-05 0.557369
98.6 8.51088e-05 0.552375
98.61 8.5448e-05 0.547426
98.62 8.57886e-05 0.542521
98.63 8.61306e-05 0.537661
98.64 8.6474e-05 0.532843
98.65 8.68187e-05 0.528069
98.66 8.71649e-05 0.523338
98.67 8.75124e-05 0.518649
98.68 8.78613e-05 0.514002
98.69 8.82117e-05 0.509397
98.7 8.85634e-05 0.504833
98.71 8.89166e-05 0.50031
98.72 8.92712e-05 0.495827
98.73 8.96272e-05 0.491385
98.74 8.99847e-05 0.486982
98.75 9.03436e-05 0.482619
98.76 9.0704e-05 0.478295
98.77 9.10658e-05 0.47401
98.78 9.1429e-05 0.469763
98.79 9.17938e-05 0.465554
98.8 9.216e-05 0.461383
98.81 9.25276e-05 0.457249
98.82 9.28968e-05 0.453152
98.83 9.32675e-05 0.449092
98.84 9.36396e-05 0.445068
98.85 9.40132e-05 0.441081
98.86 9.43884e-05 0.437129
98.87 9.47651e-05 0.433212
98.88 9.51432e-05 0.429331
98.89 9.55229e-05 0.425484
98.9 9.59042e-05 0.421672
98.91 9.62869e-05 0.417894
98.92 9.66712e-05 0.41415
98.93 9.70571e-05 0.410439
98.94 9.74445e-05 0.406762
98.95 9.78335e-05 0.403117
98.96 9.8224e-05 0.399506
98.97 9.86161e-05 0.395926
98.98 9.90098e-05 0.392379
98.99 9.94051e-05 0.388863
99 9.9802e-05 0.385379
99.01 0.0001002 0.381926
99.02 0.000100601 0.378504
99.03 0.000101002 0.375113
99.04 0.000101406 0.371752
99.05 0.00010181 0.368421
99.06 0.000102217 0.365121
99.07 0.000102625 0.361849
99.08 0.000103035 0.358607
99.09 0.000103447 0.355394
99.1 0.00010386 0.35221
99.11 0.000104274 0.349054
99.12 0.000104691 0.345927
99.13 0.000105109 0.342828
99.14 0.000105529 0.339756
99.15 0.00010595 0.336712
99.16 0.000106374 0.333695
99.17 0.000106799 0.330705
99.18 0.000107225 0.327742
99.19 0.000107654 0.324806
99.2 0.000108084 0.321896
99.21 0.000108516 0.319012
99.22 0.000108949 0.316153
99.23 0.000109384 0.313321
99.24 0.000109821 0.310514
99.25 0.00011026 0.307732
99.26 0.000110701 0.304974
99.27 0.000111143 0.302242
99.28 0.000111587 0.299534
99.29 0.000112033 0.29685
99.3 0.000112481 0.294191
99.31 0.00011293 0.291555
99.32 0.000113382 0.288943
99.33 0.000113835 0.286354
99.34 0.00011429 0.283788
99.35 0.000114746 0.281245
99.36 0.000115205 0.278726
99.37 0.000115666 0.276228
99.38 0.000116128 0.273753
99.39 0.000116592 0.271301
99.4 0.000117058 0.26887
99.41 0.000117526 0.266461
99.42 0.000117996 0.264074
99.43 0.000118467 0.261708
99.44 0.000118941 0.259363
99.45 0.000119417 0.257039
99.46 0.000119894 0.254736
99.47 0.000120373 0.252454
99.48 0.000120854 0.250192
99.49 0.000121338 0.24795
99.5 0.000121823 0.245729
99.51 0.00012231 0.243527
99.52 0.000122799 0.241345
99.53 0.00012329 0.239183
99.54 0.000123783 0.23704
99.55 0.000124278 0.234916
99.56 0.000124775 0.232811
99.57 0.000125274 0.230725
99.58 0.000125775 0.228658
99.59 0.000126278 0.226609
99.6 0.000126783 0.224579
99.61 0.00012729 0.222567
99.62 0.000127799 0.220573
99.63 0.00012831 0.218597
99.64 0.000128823 0.216638
99.65 0.000129338 0.214697
99.66 0.000129855 0.212773
99.67 0.000130375 0.210867
99.68 0.000130896 0.208978
99.69 0.00013142 0.207105
99.7 0.000131945 0.20525
99.71 0.000132473 0.203411
99.72 0.000133003 0.201588
99.73 0.000133535 0.199782
99.74 0.000134069 0.197992
99.75 0.000134605 0.196218
99.76 0.000135144 0.19446
99.77 0.000135684 0.192718
99.78 0.000136227 0.190991
99.79 0.000136772 0.18928
99.8 0.000137319 0.187584
99.81 0.000137869 0.185904
99.82 0.00013842 0.184238
99.83 0.000138974 0.182587
99.84 0.00013953 0.180951
99.85 0.000140088 0.17933
99.86 0.000140649 0.177723
99.87 0.000141211 0.176131
99.88 0.000141776 0.174553
99.89 0.000142344 0.172989
99.9 0.000142913 0.171439
99.91 0.000143485 0.169903
99.92 0.000144059 0.168381
99.93 0.000144636 0.166872
99.94 0.000145214 0.165377
99.95 0.000145795 0.163895
99.96 0.000146379 0.162427
99.97 0.000146964 0.160972
99.98 0.000147553 0.159529
99.99 0.000148143 0.1581
